c[?7l[2J[0mSeaBIOS (version rel-1.16.3-0-ga6ed6b701f0a-prebuilt.qemu.org)


iPXE (http://ipxe.org) 00:03.0 CA00 PCI2.10 PnP PMM+7EFD0D60+7EF30D60 CA00
Press Ctrl-B to configure iPXE (PCI 00:03.0)...                                                                               


Booting from ROM...
c[?7l[2J[    0.000000] Linux version 7.1.0-rc1-0c7a5ba011d3+ (root@gnr-800442) (gcc (GCC) 11.5.0 20240719 (Red Hat 11.5.0-14), GNU ld version 2.35.2-66.el9) #1 SMP PREEMPT_DYNAMIC Wed May  6 10:55:39 CST 2026
[    0.000000] Command line: console=ttyS0 root=/dev/sda earlyprintk=serial net.ifnames=0 thunderbolt.dyndbg
[    0.000000] KERNEL supported cpus:
[    0.000000]   Intel GenuineIntel
[    0.000000]   AMD AuthenticAMD
[    0.000000]   Hygon HygonGenuine
[    0.000000]   Centaur CentaurHauls
[    0.000000]   zhaoxin   Shanghai  
[    0.000000] x86/CPU: Model not found in latest microcode list
[    0.000000] x86/split lock detection: #DB: warning on user-space bus_locks
[    0.000000] BIOS-provided physical RAM map:
[    0.000000] BIOS-e820: [mem 0x0000000000000000-0x000000000009fbff]  System RAM
[    0.000000] BIOS-e820: [mem 0x000000000009fc00-0x000000000009ffff]  device reserved
[    0.000000] BIOS-e820: [gap 0x00000000000a0000-0x00000000000effff]
[    0.000000] BIOS-e820: [mem 0x00000000000f0000-0x00000000000fffff]  device reserved
[    0.000000] BIOS-e820: [mem 0x0000000000100000-0x000000007ffdffff]  System RAM
[    0.000000] BIOS-e820: [mem 0x000000007ffe0000-0x000000007fffffff]  device reserved
[    0.000000] BIOS-e820: [gap 0x0000000080000000-0x00000000feffbfff]
[    0.000000] BIOS-e820: [mem 0x00000000feffc000-0x00000000feffffff]  device reserved
[    0.000000] BIOS-e820: [gap 0x00000000ff000000-0x00000000fffbffff]
[    0.000000] BIOS-e820: [mem 0x00000000fffc0000-0x00000000ffffffff]  device reserved
[    0.000000] printk: legacy bootconsole [earlyser0] enabled
[    0.000000] NX (Execute Disable) protection: active
[    0.000000] APIC: Static calls initialized
[    0.000000] DMI: SMBIOS 3.0.0 present.
[    0.000000] DMI: QEMU Standard PC (i440FX + PIIX, 1996), BIOS rel-1.16.3-0-ga6ed6b701f0a-prebuilt.qemu.org 04/01/2014
[    0.000000] DMI: Memory slots populated: 1/1
[    0.000000] Hypervisor detected: KVM
[    0.000000] last_pfn = 0x7ffe0 max_arch_pfn = 0x10000000000
[    0.000000] kvm-clock: Using msrs 4b564d01 and 4b564d00
[    0.000003] kvm-clock: using sched offset of 737083369 cycles
[    0.000523] clocksource: kvm-clock: mask: 0xffffffffffffffff max_cycles: 0x1cd42e4dffb, max_idle_ns: 881590591483 ns
[    0.002143] tsc: Detected 2500.000 MHz processor
[    0.010072] last_pfn = 0x7ffe0 max_arch_pfn = 0x10000000000
[    0.010626] MTRR map: 4 entries (3 fixed + 1 variable; max 19), built from 8 variable MTRRs
[    0.011471] x86/PAT: Configuration [0-7]: WB  WC  UC- UC  WB  WP  UC- WT  
[    0.016959] found SMP MP-table at [mem 0x000f5480-0x000f548f]
[    0.017506] Using GB pages for direct mapping
[    0.020010] ACPI: Early table checksum verification disabled
[    0.020581] ACPI: RSDP 0x00000000000F52A0 000014 (v00 BOCHS )
[    0.021183] ACPI: RSDT 0x000000007FFE1C9B 000034 (v01 BOCHS  BXPC     00000001 BXPC 00000001)
[    0.022062] ACPI: FACP 0x000000007FFE1B47 000074 (v01 BOCHS  BXPC     00000001 BXPC 00000001)
[    0.022919] ACPI: DSDT 0x000000007FFE0040 001B07 (v01 BOCHS  BXPC     00000001 BXPC 00000001)
[    0.023771] ACPI: FACS 0x000000007FFE0000 000040
[    0.024241] ACPI: APIC 0x000000007FFE1BBB 000080 (v03 BOCHS  BXPC     00000001 BXPC 00000001)
[    0.025109] ACPI: HPET 0x000000007FFE1C3B 000038 (v01 BOCHS  BXPC     00000001 BXPC 00000001)
[    0.025961] ACPI: WAET 0x000000007FFE1C73 000028 (v01 BOCHS  BXPC     00000001 BXPC 00000001)
[    0.026833] ACPI: Reserving FACP table memory at [mem 0x7ffe1b47-0x7ffe1bba]
[    0.027526] ACPI: Reserving DSDT table memory at [mem 0x7ffe0040-0x7ffe1b46]
[    0.028236] ACPI: Reserving FACS table memory at [mem 0x7ffe0000-0x7ffe003f]
[    0.028937] ACPI: Reserving APIC table memory at [mem 0x7ffe1bbb-0x7ffe1c3a]
[    0.029627] ACPI: Reserving HPET table memory at [mem 0x7ffe1c3b-0x7ffe1c72]
[    0.030326] ACPI: Reserving WAET table memory at [mem 0x7ffe1c73-0x7ffe1c9a]
[    0.031570] No NUMA configuration found
[    0.031963] Faking a node at [mem 0x0000000000000000-0x000000007ffdffff]
[    0.032642] NODE_DATA(0) allocated [mem 0x7ffb4bc0-0x7ffdfcbf]
[    0.106645] KernelAddressSanitizer initialized (generic)
[    0.107510] ACPI: PM-Timer IO Port: 0x608
[    0.107956] ACPI: LAPIC_NMI (acpi_id[0xff] dfl dfl lint[0x1])
[    0.108599] IOAPIC[0]: apic_id 0, version 17, address 0xfec00000, GSI 0-23
[    0.109311] ACPI: INT_SRC_OVR (bus 0 bus_irq 0 global_irq 2 dfl dfl)
[    0.109955] ACPI: INT_SRC_OVR (bus 0 bus_irq 5 global_irq 5 high level)
[    0.110603] ACPI: INT_SRC_OVR (bus 0 bus_irq 9 global_irq 9 high level)
[    0.111259] ACPI: INT_SRC_OVR (bus 0 bus_irq 10 global_irq 10 high level)
[    0.111924] ACPI: INT_SRC_OVR (bus 0 bus_irq 11 global_irq 11 high level)
[    0.112611] ACPI: Using ACPI (MADT) for SMP configuration information
[    0.113252] ACPI: HPET id: 0x8086a201 base: 0xfed00000
[    0.113788] TSC deadline timer available
[    0.114185] CPU topo: Max. logical packages:   1
[    0.114642] CPU topo: Max. logical nodes:      1
[    0.115094] CPU topo: Num. nodes per package:  1
[    0.115553] CPU topo: Max. logical dies:       1
[    0.116009] CPU topo: Max. dies per package:   1
[    0.116469] CPU topo: Max. threads per core:   1
[    0.116928] CPU topo: Num. cores per package:     2
[    0.117401] CPU topo: Num. threads per package:   2
[    0.117888] CPU topo: Allowing 2 present CPUs plus 0 hotplug CPUs
[    0.118542] kvm-guest: APIC: eoi() replaced with kvm_guest_apic_eoi_write()
[    0.119268] kvm-guest: KVM setup pv remote TLB flush
[    0.119756] kvm-guest: setup PV sched yield
[    0.120211] PM: hibernation: Registered nosave memory: [mem 0x00000000-0x00000fff]
[    0.120949] PM: hibernation: Registered nosave memory: [mem 0x0009f000-0x000fffff]
[    0.121688] [gap 0x80000000-0xfeffbfff] available for PCI devices
[    0.122294] Booting paravirtualized kernel on KVM
[    0.122761] clocksource: refined-jiffies: mask: 0xffffffff max_cycles: 0xffffffff, max_idle_ns: 7645519600211568 ns
[    0.124418] Zone ranges:
[    0.124719]   DMA      [mem 0x0000000000001000-0x0000000000ffffff]
[    0.125335]   DMA32    [mem 0x0000000001000000-0x000000007ffdffff]
[    0.125948]   Normal   empty
[    0.126235]   Device   empty
[    0.126522] Movable zone start for each node
[    0.126952] Early memory node ranges
[    0.127297]   node   0: [mem 0x0000000000001000-0x000000000009efff]
[    0.127908]   node   0: [mem 0x0000000000100000-0x000000007ffdffff]
[    0.128515] Initmem setup node 0 [mem 0x0000000000001000-0x000000007ffdffff]
[    0.129538] On node 0, zone DMA: 1 pages in unavailable ranges
[    0.130355] On node 0, zone DMA: 97 pages in unavailable ranges
[    0.159331] On node 0, zone DMA32: 32 pages in unavailable ranges
[    0.159983] setup_percpu: NR_CPUS:8192 nr_cpumask_bits:2 nr_cpu_ids:2 nr_node_ids:1
[    0.161374] percpu: Embedded 81 pages/cpu s294912 r8192 d28672 u1048576
[    0.162283] kvm-guest: PV spinlocks enabled
[    0.162715] PV qspinlock hash table entries: 256 (order: 0, 4096 bytes, linear)
[    0.163465] Kernel command line: net.ifnames=0 console=ttyS0 root=/dev/sda earlyprintk=serial net.ifnames=0 thunderbolt.dyndbg
[    0.164898] random: crng init done
[    0.165250] printk: log buffer data + meta data: 262144 + 1114112 = 1376256 bytes
[    0.166519] Dentry cache hash table entries: 262144 (order: 9, 2097152 bytes, linear)
[    0.167817] Inode-cache hash table entries: 131072 (order: 8, 1048576 bytes, linear)
[    0.168920] Fallback order for Node 0: 0 
[    0.168934] Built 1 zonelists, mobility grouping on.  Total pages: 524158
[    0.169957] Policy zone: DMA32
[    0.170251] mem auto-init: stack:off, heap alloc:off, heap free:off
[    0.170838] stackdepot: allocating hash table via alloc_large_system_hash
[    0.171474] stackdepot hash table entries: 1048576 (order: 12, 16777216 bytes, linear)
[    0.176373] stackdepot: allocating space for 8192 stack pools via memblock
[    0.226503] SLUB: HWalign=64, Order=0-3, MinObjects=0, CPUs=2, Nodes=1
[    0.227154] kmemleak: Kernel memory leak detector disabled
[    0.266777] ftrace: allocating 76248 entries in 300 pages
[    0.267306] ftrace: allocated 300 pages with 4 groups
[    0.270758] Dynamic Preempt: lazy
[    0.271691] Running RCU self tests
[    0.271997] Running RCU synchronous self tests
[    0.272392] rcu: Preemptible hierarchical RCU implementation.
[    0.272905] rcu: 	RCU lockdep checking is enabled.
[    0.273331] rcu: 	RCU restricting CPUs from NR_CPUS=8192 to nr_cpu_ids=2.
[    0.273941] 	Trampoline variant of Tasks RCU enabled.
[    0.274391] 	Rude variant of Tasks RCU enabled.
[    0.274799] 	Tracing variant of Tasks RCU enabled.
[    0.275224] rcu: RCU calculated value of scheduler-enlistment delay is 25 jiffies.
[    0.275900] rcu: Adjusting geometry for rcu_fanout_leaf=16, nr_cpu_ids=2
[    0.276574] Running RCU synchronous self tests
[    0.276979] RCU Tasks: Setting shift to 1 and lim to 1 rcu_task_cb_adjust=1 rcu_task_cpu_ids=2.
[    0.277761] RCU Tasks Rude: Setting shift to 1 and lim to 1 rcu_task_cb_adjust=1 rcu_task_cpu_ids=2.
[    0.350828] NR_IRQS: 524544, nr_irqs: 440, preallocated irqs: 16
[    0.352095] rcu: srcu_init: Setting srcu_struct sizes based on contention.
[    0.361168] Console: colour VGA+ 80x25
[    0.361571] printk: legacy console [ttyS0] enabled
[    0.361571] printk: legacy console [ttyS0] enabled
[    0.362465] printk: legacy bootconsole [earlyser0] disabled
[    0.362465] printk: legacy bootconsole [earlyser0] disabled
[    0.363583] Lock dependency validator: Copyright (c) 2006 Red Hat, Inc., Ingo Molnar
[    0.364335] ... MAX_LOCKDEP_SUBCLASSES:  8
[    0.364739] ... MAX_LOCK_DEPTH:          48
[    0.365157] ... MAX_LOCKDEP_KEYS:        8192
[    0.365587] ... CLASSHASH_SIZE:          4096
[    0.366029] ... MAX_LOCKDEP_ENTRIES:     32768
[    0.366473] ... MAX_LOCKDEP_CHAINS:      65536
[    0.366919] ... CHAINHASH_SIZE:          32768
[    0.367355]  memory used by lock dependency info: 6429 kB
[    0.367889]  memory used for stack traces: 16896 kB
[    0.368364]  per task-struct memory footprint: 1920 bytes
[    0.369009] ACPI: Core revision 20251212
[    0.369921] clocksource: hpet: mask: 0xffffffff max_cycles: 0xffffffff, max_idle_ns: 19112604467 ns
[    0.371017] APIC: Switch to symmetric I/O mode setup
[    0.371964] x2apic enabled
[    0.372651] APIC: Switched APIC routing to: physical x2apic
[    0.373204] kvm-guest: APIC: send_IPI_mask() replaced with kvm_send_ipi_mask()
[    0.373917] kvm-guest: APIC: send_IPI_mask_allbutself() replaced with kvm_send_ipi_mask_allbutself()
[    0.374792] kvm-guest: setup PV IPIs
[    0.376398] ..TIMER: vector=0x30 apic1=0 pin1=2 apic2=-1 pin2=-1
[    0.377002] clocksource: tsc-early: mask: 0xffffffffffffffff max_cycles: 0x240939f1bb2, max_idle_ns: 440795263295 ns
[    0.378030] Calibrating delay loop (skipped) preset value.. 5000.00 BogoMIPS (lpj=10000000)
[    0.379013] x86/cpu: User Mode Instruction Prevention (UMIP) activated
[    0.382129] Last level iTLB entries: 4KB 0, 2MB 0, 4MB 0
[    0.382643] Last level dTLB entries: 4KB 0, 2MB 0, 4MB 0, 1GB 0
[    0.383231] mitigations: Enabled attack vectors: user_kernel, user_user, guest_host, guest_guest, SMT mitigations: auto
[    0.384269] Speculative Store Bypass: Mitigation: Speculative Store Bypass disabled via prctl
[    0.385075] Spectre V2 : Mitigation: Enhanced / Automatic IBRS
[    0.386028] ITS: Mitigation: Aligned branch/return thunks
[    0.386557] Spectre V1 : Mitigation: usercopy/swapgs barriers and __user pointer sanitization
[    0.387376] Spectre V2 : WARNING: Unprivileged eBPF is enabled with eIBRS on, data leaks possible via Spectre v2 BHB attacks!
[    0.388441] Spectre V2 : Spectre v2 / PBRSB-eIBRS: Retire a single CALL on VMEXIT
[    0.389136] Spectre V2 : mitigation: Enabling conditional Indirect Branch Prediction Barrier
[    0.390032] active return thunk: its_return_thunk
[    0.390512] Spectre V2 : Spectre BHI mitigation: SW BHB clearing on syscall and VM exit
[    0.391293] x86/fpu: Supporting XSAVE feature 0x001: 'x87 floating point registers'
[    0.391994] x86/fpu: Supporting XSAVE feature 0x002: 'SSE registers'
[    0.392583] x86/fpu: Supporting XSAVE feature 0x004: 'AVX registers'
[    0.393161] x86/fpu: Supporting XSAVE feature 0x020: 'AVX-512 opmask'
[    0.394019] x86/fpu: Supporting XSAVE feature 0x040: 'AVX-512 Hi256'
[    0.394615] x86/fpu: Supporting XSAVE feature 0x080: 'AVX-512 ZMM_Hi256'
[    0.395230] x86/fpu: Supporting XSAVE feature 0x200: 'Protection Keys User registers'
[    0.395947] x86/fpu: Supporting XSAVE feature 0x20000: 'AMX Tile config'
[    0.396571] x86/fpu: Supporting XSAVE feature 0x40000: 'AMX Tile data'
[    0.397172] x86/fpu: xstate_offset[2]:  576, xstate_sizes[2]:  256
[    0.397753] x86/fpu: xstate_offset[5]:  832, xstate_sizes[5]:   64
[    0.398019] x86/fpu: xstate_offset[6]:  896, xstate_sizes[6]:  512
[    0.398595] x86/fpu: xstate_offset[7]: 1408, xstate_sizes[7]: 1024
[    0.399171] x86/fpu: xstate_offset[9]: 2432, xstate_sizes[9]:    8
[    0.399736] x86/fpu: xstate_offset[17]: 2496, xstate_sizes[17]:   64
[    0.400330] x86/fpu: xstate_offset[18]: 2560, xstate_sizes[18]: 8192
[    0.400919] x86/fpu: Enabled xstate features 0x602e7, context size is 10752 bytes, using 'compacted' format.
[    0.565346] pid_max: default: 32768 minimum: 301
[    0.566142] Yama: becoming mindful.
[    0.566948] Mount-cache hash table entries: 4096 (order: 3, 32768 bytes, linear)
[    0.567647] Mountpoint-cache hash table entries: 4096 (order: 3, 32768 bytes, linear)
[    0.569102] VFS: Finished mounting rootfs on nullfs
[    0.571080] Running RCU synchronous self tests
[    0.571486] Running RCU synchronous self tests
[    0.572302] smpboot: CPU0: Intel GENUINE INTEL(R) XEON(R) (family: 0x6, model: 0xad, stepping: 0x0)
[    0.574015] Performance Events: PEBS fmt0-, Granite Rapids events, 
[    0.574015] core: The event 0x400 is not supported as a normal event.
[    0.574015] core: The event 0x8000 is not supported as a normal event.
[    0.574015] core: The event 0x8100 is not supported as a normal event.
[    0.574033] core: The event 0x8200 is not supported as a normal event.
[    0.574659] core: The event 0x8300 is not supported as a normal event.
[    0.575282] core: The event 0x8400 is not supported as a normal event.
[    0.575887] core: The event 0x8500 is not supported as a normal event.
[    0.576499] core: The event 0x8600 is not supported as a normal event.
[    0.577114] core: The event 0x8700 is not supported as a normal event.
[    0.577749] full-width counters, Intel PMU driver.
[    0.578028] ... version:                   2
[    0.578432] ... bit width:                 48
[    0.578851] ... generic counters:          8
[    0.579248] ... generic bitmap:            00000000000000ff
[    0.579764] ... fixed-purpose counters:    3
[    0.580166] ... fixed-purpose bitmap:      0000000000000007
[    0.580682] ... value mask:                0000ffffffffffff
[    0.581203] ... max period:                00007fffffffffff
[    0.581723] ... global_ctrl mask:          00000007000000ff
[    0.582542] signal: max sigframe size: 11952
[    0.583109] rcu: Hierarchical SRCU implementation.
[    0.583573] rcu: 	Max phase no-delay instances is 1000.
[    0.584296] Timer migration: 1 hierarchy levels; 8 children per group; 1 crossnode level
[    0.607080] smp: Bringing up secondary CPUs ...
[    0.608152] smpboot: x86: Booting SMP configuration:
[    0.608661] .... node  #0, CPUs:      #1
[    0.609005] smp: Brought up 1 node, 2 CPUs
[    0.610445] smpboot: Total of 2 processors activated (10000.00 BogoMIPS)
[    0.612036] Memory: 1574872K/2096632K available (81902K kernel code, 15886K rwdata, 19560K rodata, 16684K init, 34600K bss, 509384K reserved, 0K cma-reserved)
[    0.614496] devtmpfs: initialized
[    0.615299] x86/mm: Memory block size: 128MB
[    0.628323] Running RCU synchronous self tests
[    0.630053] Running RCU synchronous self tests
[    0.630637] Running RCU Tasks wait API self tests
[    0.630639] Running RCU Tasks Rude wait API self tests
[    0.630639] Running RCU Tasks Trace wait API self tests
[    0.631269] clocksource: jiffies: mask: 0xffffffff max_cycles: 0xffffffff, max_idle_ns: 7645041785100000 ns
[    0.634093] posixtimers hash table entries: 1024 (order: 5, 73728 bytes, linear)
[    0.634863] futex hash table entries: 512 (65536 bytes on 1 NUMA nodes, total 64 KiB, linear).
[    0.637810] 
[    0.637982] *************************************************************
[    0.638077] **     NOTICE NOTICE NOTICE NOTICE NOTICE NOTICE NOTICE    **
[    0.638733] **                                                         **
[    0.639392] **  IOMMU DebugFS SUPPORT HAS BEEN ENABLED IN THIS KERNEL  **
[    0.640041] **                                                         **
[    0.640678] ** This means that this kernel is built to expose internal **
[    0.641325] ** IOMMU data structures, which may compromise security on **
[    0.641967] ** your system.                                            **
[    0.642081] **                                                         **
[    0.642732] ** If you see this message and you are not debugging the   **
[    0.643384] ** kernel, report this immediately to your vendor!         **
[    0.644025] **                                                         **
[    0.644671] **     NOTICE NOTICE NOTICE NOTICE NOTICE NOTICE NOTICE    **
[    0.645301] *************************************************************
[    0.646013] PM: RTC time: 02:57:03, date: 2026-05-06
[    0.649083] NET: Registered PF_NETLINK/PF_ROUTE protocol family
[    0.651476] DMA: preallocated 256 KiB GFP_KERNEL|GFP_DMA pool for atomic allocations
[    0.652256] DMA: preallocated 256 KiB GFP_KERNEL|GFP_DMA32 pool for atomic allocations
[    0.653127] audit: initializing netlink subsys (disabled)
[    0.653707] Callback from call_rcu_tasks_trace() invoked.
[    0.654105] audit: type=2000 audit(1778036223.847:1): state=initialized audit_enabled=0 res=1
[    0.656199] thermal_sys: Registered thermal governor 'fair_share'
[    0.656211] thermal_sys: Registered thermal governor 'bang_bang'
[    0.656878] thermal_sys: Registered thermal governor 'step_wise'
[    0.658034] thermal_sys: Registered thermal governor 'user_space'
[    0.658692] cpuidle: using governor ladder
[    0.659697] cpuidle: using governor menu
[    0.660582] Freeing SMP alternatives memory: 64K
[    0.661631] acpiphp: ACPI Hot Plug PCI Controller Driver version: 0.5
[    0.663900] PCI: Using configuration type 1 for base access
[    0.664651] virt/tdx: TDX not supported by the host platform
[    0.665691] kprobes: kprobe jump-optimization is enabled. All kprobes are optimized if possible.
[    0.670561] HugeTLB: registered 1.00 GiB page size, pre-allocated 0 pages
[    0.671278] HugeTLB: 16380 KiB vmemmap can be freed for a 1.00 GiB page
[    0.671939] HugeTLB: registered 2.00 MiB page size, pre-allocated 0 pages
[    0.674061] HugeTLB: 28 KiB vmemmap can be freed for a 2.00 MiB page
[    0.732307] ACPI: Added _OSI(Module Device)
[    0.732739] ACPI: Added _OSI(Processor Device)
[    0.733126] ACPI: Added _OSI(Processor Aggregator Device)
[    0.775830] ACPI: 1 ACPI AML tables successfully acquired and loaded
[    0.789166] ACPI: \_SB_: platform _OSC: OS support mask [002e7eff]
[    0.792628] ACPI: Interpreter enabled
[    0.793153] ACPI: PM: (supports S0 S3 S4 S5)
[    0.793578] ACPI: Using IOAPIC for interrupt routing
[    0.794138] PCI: Using host bridge windows from ACPI; if necessary, use "pci=nocrs" and report a bug
[    0.795010] PCI: Using E820 reservations for host bridge windows
[    0.796922] ACPI: Enabled 2 GPEs in block 00 to 0F
[    0.841569] ACPI: PCI Root Bridge [PCI0] (domain 0000 [bus 00-ff])
[    0.842045] acpi PNP0A03:00: _OSC: OS supports [ASPM ClockPM Segments MSI EDR HPX-Type3]
[    0.842825] acpi PNP0A03:00: _OSC: not requesting OS control; OS requires [ExtendedConfig ASPM ClockPM MSI]
[    0.843838] acpi PNP0A03:00: _OSC: platform retains control of PCIe features (AE_ERROR)
[    0.844736] acpi PNP0A03:00: fail to add MMCONFIG information, can't access extended configuration space under this bridge
[    0.851223] acpiphp: Slot [3] registered
[    0.851744] acpiphp: Slot [4] registered
[    0.852276] acpiphp: Slot [5] registered
[    0.852819] acpiphp: Slot [6] registered
[    0.853364] acpiphp: Slot [7] registered
[    0.853905] acpiphp: Slot [8] registered
[    0.854165] acpiphp: Slot [9] registered
[    0.854710] acpiphp: Slot [10] registered
[    0.855259] acpiphp: Slot [11] registered
[    0.855797] acpiphp: Slot [12] registered
[    0.856342] acpiphp: Slot [13] registered
[    0.857236] acpiphp: Slot [14] registered
[    0.857829] acpiphp: Slot [15] registered
[    0.858176] acpiphp: Slot [16] registered
[    0.858710] acpiphp: Slot [17] registered
[    0.859272] acpiphp: Slot [18] registered
[    0.859827] acpiphp: Slot [19] registered
[    0.860392] acpiphp: Slot [20] registered
[    0.860953] acpiphp: Slot [21] registered
[    0.861509] acpiphp: Slot [22] registered
[    0.862060] acpiphp: Slot [23] registered
[    0.862603] acpiphp: Slot [24] registered
[    0.863157] acpiphp: Slot [25] registered
[    0.863703] acpiphp: Slot [26] registered
[    0.864250] acpiphp: Slot [27] registered
[    0.864792] acpiphp: Slot [28] registered
[    0.865332] acpiphp: Slot [29] registered
[    0.865872] acpiphp: Slot [30] registered
[    0.866166] acpiphp: Slot [31] registered
[    0.866636] PCI host bridge to bus 0000:00
[    0.867093] pci_bus 0000:00: root bus resource [io  0x0000-0x0cf7 window]
[    0.867745] pci_bus 0000:00: root bus resource [io  0x0d00-0xffff window]
[    0.868388] pci_bus 0000:00: root bus resource [mem 0x000a0000-0x000bffff window]
[    0.869105] pci_bus 0000:00: root bus resource [mem 0x80000000-0xfebfffff window]
[    0.869819] pci_bus 0000:00: root bus resource [mem 0x100000000-0x17fffffff window]
[    0.870025] pci_bus 0000:00: root bus resource [bus 00-ff]
[    0.870686] pci 0000:00:00.0: [8086:1237] type 00 class 0x060000 conventional PCI endpoint
[    0.873197] pci 0000:00:01.0: [8086:7000] type 00 class 0x060100 conventional PCI endpoint
[    0.875497] pci 0000:00:01.1: [8086:7010] type 00 class 0x010180 conventional PCI endpoint
[    0.876894] pci 0000:00:01.1: BAR 4 [io  0xc040-0xc04f]
[    0.877442] pci 0000:00:01.1: BAR 0 [io  0x01f0-0x01f7]: legacy IDE quirk
[    0.878025] pci 0000:00:01.1: BAR 1 [io  0x03f6]: legacy IDE quirk
[    0.878595] pci 0000:00:01.1: BAR 2 [io  0x0170-0x0177]: legacy IDE quirk
[    0.879244] pci 0000:00:01.1: BAR 3 [io  0x0376]: legacy IDE quirk
[    0.881085] pci 0000:00:01.3: [8086:7113] type 00 class 0x068000 conventional PCI endpoint
[    0.882172] pci 0000:00:01.3: quirk: [io  0x0600-0x063f] claimed by PIIX4 ACPI
[    0.882851] pci 0000:00:01.3: quirk: [io  0x0700-0x070f] claimed by PIIX4 SMB
[    0.884691] pci 0000:00:02.0: [1234:1111] type 00 class 0x030000 conventional PCI endpoint
[    0.890043] pci 0000:00:02.0: BAR 0 [mem 0xfd000000-0xfdffffff pref]
[    0.890675] pci 0000:00:02.0: BAR 2 [mem 0xfebf0000-0xfebf0fff]
[    0.891286] pci 0000:00:02.0: ROM [mem 0xfebe0000-0xfebeffff pref]
[    0.892003] pci 0000:00:02.0: Video device with shadowed ROM at [mem 0x000c0000-0x000dffff]
[    0.894125] pci 0000:00:03.0: [8086:100e] type 00 class 0x020000 conventional PCI endpoint
[    0.898526] pci 0000:00:03.0: BAR 0 [mem 0xfebc0000-0xfebdffff]
[    0.899102] pci 0000:00:03.0: BAR 1 [io  0xc000-0xc03f]
[    0.899646] pci 0000:00:03.0: ROM [mem 0xfeb80000-0xfebbffff pref]
[    0.926140] ACPI: PCI: Interrupt link LNKA configured for IRQ 10
[    0.927806] ACPI: PCI: Interrupt link LNKB configured for IRQ 10
[    0.929375] ACPI: PCI: Interrupt link LNKC configured for IRQ 11
[    0.930963] ACPI: PCI: Interrupt link LNKD configured for IRQ 11
[    0.931962] ACPI: PCI: Interrupt link LNKS configured for IRQ 9
[    0.936084] iommu: Default domain type: Translated
[    0.936084] iommu: DMA domain TLB invalidation policy: lazy mode
[    0.943780] SCSI subsystem initialized
[    0.944244] ACPI: bus type USB registered
[    0.946038] usbcore: registered new interface driver usbfs
[    0.946694] usbcore: registered new interface driver hub
[    0.947316] usbcore: registered new device driver usb
[    0.948179] pps_core: LinuxPPS API ver. 1 registered
[    0.948652] pps_core: Software ver. 5.3.6 - Copyright 2005-2007 Rodolfo Giometti <giometti@linux.it>
[    0.949560] PTP clock support registered
[    0.950206] EDAC MC: Ver: 3.0.0
[    0.956750] NetLabel: Initializing
[    0.957111] NetLabel:  domain hash size = 128
[    0.957475] NetLabel:  protocols = UNLABELED CIPSOv4 CALIPSO
[    0.958164] NetLabel:  unlabeled traffic allowed by default
[    0.959014] PCI: Using ACPI for IRQ routing
[    0.959014] e820: register RAM buffer resource [mem 0x0009fc00-0x0009ffff]
[    0.962077] e820: register RAM buffer resource [mem 0x7ffe0000-0x7fffffff]
[    0.962966] pci 0000:00:02.0: vgaarb: setting as boot VGA device
[    0.962966] pci 0000:00:02.0: vgaarb: bridge control possible
[    0.963399] pci 0000:00:02.0: vgaarb: VGA device added: decodes=io+mem,owns=io+mem,locks=none
[    0.966036] vgaarb: loaded
[    0.966036] hpet0: at MMIO 0xfed00000, IRQs 2, 8, 0
[    0.966036] hpet0: 3 comparators, 64-bit 100.000000 MHz counter
[    0.970016] clocksource: Switched to clocksource kvm-clock
[    0.972461] VFS: Disk quotas dquot_6.6.0
[    0.972952] VFS: Dquot-cache hash table entries: 512 (order 0, 4096 bytes)
[    0.982902] pnp: PnP ACPI init
[    0.987836] pnp: PnP ACPI: found 5 devices
[    1.009040] clocksource: acpi_pm: mask: 0xffffff max_cycles: 0xffffff, max_idle_ns: 2085701024 ns
[    1.010473] NET: Registered PF_INET protocol family
[    1.011620] IP idents hash table entries: 32768 (order: 6, 262144 bytes, linear)
[    1.014095] tcp_listen_portaddr_hash hash table entries: 1024 (order: 5, 73728 bytes, linear)
[    1.014992] Table-perturb hash table entries: 65536 (order: 6, 262144 bytes, linear)
[    1.015812] TCP established hash table entries: 16384 (order: 5, 131072 bytes, linear)
[    1.016927] TCP bind hash table entries: 16384 (order: 10, 2359296 bytes, linear)
[    1.019032] TCP: Hash tables configured (established 16384 bind 16384)
[    1.019806] UDP hash table entries: 1024 (order: 6, 262144 bytes, linear)
[    1.020900] NET: Registered PF_UNIX/PF_LOCAL protocol family
[    1.023355] RPC: Registered named UNIX socket transport module.
[    1.023984] RPC: Registered udp transport module.
[    1.024494] RPC: Registered tcp transport module.
[    1.024966] RPC: Registered tcp-with-tls transport module.
[    1.025510] RPC: Registered tcp NFSv4.1 backchannel transport module.
[    1.026153] pci_bus 0000:00: resource 4 [io  0x0000-0x0cf7 window]
[    1.026753] pci_bus 0000:00: resource 5 [io  0x0d00-0xffff window]
[    1.027345] pci_bus 0000:00: resource 6 [mem 0x000a0000-0x000bffff window]
[    1.028014] pci_bus 0000:00: resource 7 [mem 0x80000000-0xfebfffff window]
[    1.028669] pci_bus 0000:00: resource 8 [mem 0x100000000-0x17fffffff window]
[    1.029760] pci 0000:00:01.0: PIIX3: Enabling Passive Release
[    1.030319] pci 0000:00:00.0: Limiting direct PCI/PCI transfers
[    1.030968] PCI: CLS 0 bytes, default 64
[    1.031457] ACPI: bus type thunderbolt registered
[    1.032327] clocksource: tsc: mask: 0xffffffffffffffff max_cycles: 0x240939f1bb2, max_idle_ns: 440795263295 ns
[    1.046761] Initialise system trusted keyrings
[    1.047372] Key type blacklist registered
[    1.047990] workingset: timestamp_bits=36 (anon: 32) max_order=19 bucket_order=0 (anon: 0)
[    1.051274] squashfs: version 4.0 (2009/01/31) Phillip Lougher
[    1.053342] NFS: Registering the id_resolver key type
[    1.053900] Key type id_resolver registered
[    1.054350] Key type id_legacy registered
[    1.054793] nfs4filelayout_init: NFSv4 File Layout Driver Registering...
[    1.055457] nfs4flexfilelayout_init: NFSv4 Flexfile Layout Driver Registering...
[    1.056511] fuse: init (API version 7.45)
[    1.057640] SGI XFS with ACLs, security attributes, realtime, quota, no debug enabled
[    1.060777] 9p: Installing v9fs 9p2000 file system support
[    1.075016] Key type asymmetric registered
[    1.075429] Asymmetric key parser 'x509' registered
[    1.076093] Block layer SCSI generic (bsg) driver version 0.4 loaded (major 241)
[    1.077070] io scheduler mq-deadline registered
[    1.077674] io scheduler bfq registered
[    1.079810] ledtrig-cpu: registered to indicate activity on CPUs
[    1.082038] IPMI message handler: version 39.2
[    1.082577] ipmi device interface
[    1.085548] input: Power Button as /devices/platform/LNXPWRBN:00/input/input0
[    1.086672] ACPI: button: Power Button [PWRF]
[    1.090515] ERST DBG: ERST support is disabled.
[    1.092605] Serial: 8250/16550 driver, 32 ports, IRQ sharing enabled
[    1.095036] 00:04: ttyS0 at I/O 0x3f8 (irq = 4, base_baud = 115200) is a 16550A
[    1.133829] ACPI: bus type drm_connector registered
[    1.162044] brd: module loaded
[    1.178534] loop: module loaded
[    1.195042] scsi host0: ata_piix
[    1.197504] scsi host1: ata_piix
[    1.198376] ata1: PATA max MWDMA2 cmd 0x1f0 ctl 0x3f6 bmdma 0xc040 irq 14 lpm-pol 0
[    1.199102] ata2: PATA max MWDMA2 cmd 0x170 ctl 0x376 bmdma 0xc048 irq 15 lpm-pol 0
[    1.202991] tun: Universal TUN/TAP device driver, 1.6
[    1.203910] e100: Intel(R) PRO/100 Network Driver
[    1.204335] e100: Copyright(c) 1999-2006 Intel Corporation
[    1.205027] e1000: Intel(R) PRO/1000 Network Driver
[    1.205536] e1000: Copyright (c) 1999-2006 Intel Corporation.
[    1.354738] ata1: found unknown device (class 0)
[    1.355790] ata1.00: Model 'QEMU HARDDISK', rev '2.5+', applying quirks: bridgeok
[    1.356540] ata1.00: ATA-7: QEMU HARDDISK, 2.5+, max UDMA/100
[    1.357112] ata1.00: 17196647 sectors, multi 16: LBA48 
[    1.357968] ata2: found unknown device (class 0)
[    1.358857] ata2.00: ATAPI: QEMU DVD-ROM, 2.5+, max UDMA/100
[    1.362986] scsi 0:0:0:0: Direct-Access     ATA      QEMU HARDDISK    2.5+ PQ: 0 ANSI: 5
[    1.367309] scsi 0:0:0:0: Attached scsi generic sg0 type 0
[    1.370180] sd 0:0:0:0: [sda] 17196647 512-byte logical blocks: (8.80 GB/8.20 GiB)
[    1.371924] sd 0:0:0:0: [sda] Write Protect is off
[    1.372684] scsi 1:0:0:0: CD-ROM            QEMU     QEMU DVD-ROM     2.5+ PQ: 0 ANSI: 5
[    1.375155] sd 0:0:0:0: [sda] Write cache: enabled, read cache: enabled, doesn't support DPO or FUA
[    1.376472] sd 0:0:0:0: [sda] Preferred minimum I/O size 512 bytes
[    1.409250] scsi 1:0:0:0: Attached scsi generic sg1 type 5
[    1.412361] sd 0:0:0:0: [sda] Attached SCSI disk
[    2.034436] ACPI: \_SB_.LNKC: Enabled at IRQ 11
[    2.350061] e1000 0000:00:03.0 eth0: (PCI:33MHz:32-bit) 52:54:00:12:34:56
[    2.350806] e1000 0000:00:03.0 eth0: Intel(R) PRO/1000 Network Connection
[    2.351652] e1000e: Intel(R) PRO/1000 Network Driver
[    2.352146] e1000e: Copyright(c) 1999 - 2015 Intel Corporation.
[    2.352940] igb: Intel(R) Gigabit Ethernet Network Driver
[    2.353506] igb: Copyright (c) 2007-2014 Intel Corporation.
[    2.354475] PPP generic driver version 2.4.2
[    2.355730] VFIO - User Level meta-driver version: 0.3
[    2.357673] usbcore: registered new interface driver uas
[    2.358349] usbcore: registered new interface driver usb-storage
[    2.359661] i8042: PNP: PS/2 Controller [PNP0303:KBD,PNP0f13:MOU] at 0x60,0x64 irq 1,12
[    2.361726] serio: i8042 KBD port at 0x60,0x64 irq 1
[    2.362348] serio: i8042 AUX port at 0x60,0x64 irq 12
[    2.364227] mousedev: PS/2 mouse device common for all mice
[    2.366560] input: AT Translated Set 2 keyboard as /devices/platform/i8042/serio0/input/input1
[    2.368480] rtc_cmos PNP0B00:00: RTC can wake from S4
[    2.371488] rtc_cmos PNP0B00:00: registered as rtc0
[    2.372576] input: VirtualPS/2 VMware VMMouse as /devices/platform/i8042/serio1/input/input4
[    2.374227] rtc_cmos PNP0B00:00: setting system clock to 2026-05-06T02:57:05 UTC (1778036225)
[    2.375429] rtc_cmos PNP0B00:00: alarms up to one day, y3k, 242 bytes nvram, hpet irqs
[    2.376335] i2c_dev: i2c /dev entries driver
[    2.376874] device-mapper: core: CONFIG_IMA_DISABLE_HTABLE is disabled. Duplicate IMA measurements will not be recorded in the IMA log.
[    2.378118] device-mapper: uevent: version 1.0.3
[    2.379046] device-mapper: ioctl: 4.50.0-ioctl (2025-04-28) initialised: dm-devel@lists.linux.dev
[    2.379840] intel_pstate: CPU model not supported
[    2.381621] input: VirtualPS/2 VMware VMMouse as /devices/platform/i8042/serio1/input/input3
[    2.383296] drop_monitor: Initializing network drop monitor service
[    2.384322] NET: Registered PF_INET6 protocol family
[    2.387548] Segment Routing with IPv6
[    2.388072] In-situ OAM (IOAM) with IPv6
[    2.388649] NET: Registered PF_PACKET protocol family
[    2.390563] 9pnet: Installing 9P2000 support
[    2.391230] Key type dns_resolver registered
[    2.393842] IPI shorthand broadcast: enabled
[    2.462953] sched_clock: Marking stable (2444003467, 17215885)->(2482284471, -21065119)
[    2.464724] registered taskstats version 1
[    2.466274] Loading compiled-in X.509 certificates
[    2.556758] Demotion targets for Node 0: null
[    2.559338] Key type .fscrypt registered
[    2.559749] Key type fscrypt-provisioning registered
[    2.565932] Key type encrypted registered
[    2.566389] ima: No TPM chip found, activating TPM-bypass!
[    2.566933] ima: Allocated hash algorithm: sha1
[    2.567488] ima: No architecture policies found
[    2.568122] evm: Initialising EVM extended attributes:
[    2.568648] evm: security.selinux
[    2.568988] evm: security.SMACK64
[    2.569350] evm: security.SMACK64EXEC
[    2.569722] evm: security.SMACK64TRANSMUTE
[    2.570135] evm: security.SMACK64MMAP
[    2.570490] evm: security.apparmor
[    2.570828] evm: security.ima
[    2.571124] evm: security.capability
[    2.571480] evm: HMAC attrs: 0x1
[    2.574400] PM:   Magic number: 10:96:965
[    2.575683] RAS: Correctable Errors collector initialized.
[    3.680269] clk: Disabling unused clocks
[    3.680713] PM: genpd: Disabling unused power domains
[    3.682459] md: Waiting for all devices to be available before autodetect
[    3.682931] md: If you don't use raid, use raid=noautodetect
[    3.683299] md: Autodetecting RAID arrays.
[    3.683588] md: autorun ...
[    3.683775] md: ... autorun DONE.
[    3.698104] EXT4-fs (sda): INFO: recovery required on readonly filesystem
[    3.698656] EXT4-fs (sda): write access will be enabled during recovery
[    3.773105] EXT4-fs (sda): recovery complete
[    3.777889] EXT4-fs (sda): mounted filesystem 088740a9-c8b4-422c-999d-a804eb68a4da ro with ordered data mode. Quota mode: none.
[    3.778737] VFS: Mounted root (ext4 filesystem) readonly on device 8:0.
[    3.783304] devtmpfs: mounted
[    3.784026] VFS: Pivoted into new rootfs
[    3.801729] Callback from call_rcu_tasks() invoked.
[    3.804291] Freeing unused decrypted memory: 2036K
[    3.811298] Freeing unused kernel image (initmem) memory: 16684K
[    3.811835] Write protecting the kernel read-only data: 102400k
[    3.814150] Freeing unused kernel image (text/rodata gap) memory: 16K
[    3.815836] Freeing unused kernel image (rodata/data gap) memory: 920K
[    4.752307] x86/mm: Checked W+X mappings: passed, no W+X pages found.
[    4.752733] Run /sbin/init as init process
[    5.035914] systemd[1]: systemd 252-15.el9 running in system mode (+PAM +AUDIT +SELINUX -APPARMOR +IMA +SMACK +SECCOMP +GCRYPT +GNUTLS +OPENSSL +ACL +BLKID +CURL +ELFUTILS -FIDO2 +IDN2 -IDN -IPTC +KMOD +LIBCRYPTSETUP +LIBFDISK +PCRE2 -PWQUALITY +P11KIT -QRENCODE +TPM2 +BZIP2 +LZ4 +XZ +ZLIB +ZSTD -BPF_FRAMEWORK +XKBCOMMON +UTMP +SYSVINIT default-hierarchy=unified)
[    5.038201] systemd[1]: Detected virtualization kvm.
[    5.038578] systemd[1]: Detected architecture x86-64.

Welcome to [0;31mCentOS Stream 9[0m!

[    5.047606] systemd[1]: Hostname set to <test>.
[    5.310439] systemd-rc-local-generator[123]: /etc/rc.d/rc.local is not marked executable, skipping.
[    5.806686] systemd[1]: Queued start job for default target Multi-User System.
[    5.828384] systemd[1]: Created slice Virtual Machine and Container Slice.
[[0;32m  OK  [0m] Created slice [0;1;39mVirtual Machine and Container Slice[0m.
[    5.834030] systemd[1]: Created slice Slice /system/getty.
[[0;32m  OK  [0m] Created slice [0;1;39mSlice /system/getty[0m.
[    5.837998] systemd[1]: Created slice Slice /system/modprobe.
[[0;32m  OK  [0m] Created slice [0;1;39mSlice /system/modprobe[0m.
[    5.841553] systemd[1]: Created slice Slice /system/serial-getty.
[[0;32m  OK  [0m] Created slice [0;1;39mSlice /system/serial-getty[0m.
[    5.844926] systemd[1]: Created slice Slice /system/sshd-keygen.
[[0;32m  OK  [0m] Created slice [0;1;39mSlice /system/sshd-keygen[0m.
[    5.848012] systemd[1]: Created slice User and Session Slice.
[[0;32m  OK  [0m] Created slice [0;1;39mUser and Session Slice[0m.
[    5.849610] systemd[1]: Started Forward Password Requests to Wall Directory Watch.
[[0;32m  OK  [0m] Started [0;1;39mForward Password R…uests to Wall Directory Watch[0m.
[    5.851985] systemd[1]: Set up automount Arbitrary Executable File Formats File System Automount Point.
[[0;32m  OK  [0m] Set up automount [0;1;39mArbitrary…s File System Automount Point[0m.
[    5.853684] systemd[1]: Reached target Local Integrity Protected Volumes.
[[0;32m  OK  [0m] Reached target [0;1;39mLocal Integrity Protected Volumes[0m.
[    5.855015] systemd[1]: Reached target Slice Units.
[[0;32m  OK  [0m] Reached target [0;1;39mSlice Units[0m.
[    5.855911] systemd[1]: Reached target Swaps.
[[0;32m  OK  [0m] Reached target [0;1;39mSwaps[0m.
[    5.856728] systemd[1]: Reached target Local Verity Protected Volumes.
[[0;32m  OK  [0m] Reached target [0;1;39mLocal Verity Protected Volumes[0m.
[    5.858367] systemd[1]: Listening on Device-mapper event daemon FIFOs.
[[0;32m  OK  [0m] Listening on [0;1;39mDevice-mapper event daemon FIFOs[0m.
[    5.860101] systemd[1]: Listening on LVM2 poll daemon socket.
[[0;32m  OK  [0m] Listening on [0;1;39mLVM2 poll daemon socket[0m.
[    5.861367] systemd[1]: multipathd control socket was skipped because of an unmet condition check (ConditionPathExists=/etc/multipath.conf).
[    5.911245] systemd[1]: Listening on RPCbind Server Activation Socket.
[[0;32m  OK  [0m] Listening on [0;1;39mRPCbind Server Activation Socket[0m.
[    5.912933] systemd[1]: Reached target RPC Port Mapper.
[[0;32m  OK  [0m] Reached target [0;1;39mRPC Port Mapper[0m.
[    5.916523] systemd[1]: Listening on Process Core Dump Socket.
[[0;32m  OK  [0m] Listening on [0;1;39mProcess Core Dump Socket[0m.
[    5.918700] systemd[1]: Listening on initctl Compatibility Named Pipe.
[[0;32m  OK  [0m] Listening on [0;1;39minitctl Compatibility Named Pipe[0m.
[    5.921016] systemd[1]: Listening on Journal Socket (/dev/log).
[[0;32m  OK  [0m] Listening on [0;1;39mJournal Socket (/dev/log)[0m.
[    5.923099] systemd[1]: Listening on Journal Socket.
[[0;32m  OK  [0m] Listening on [0;1;39mJournal Socket[0m.
[    5.925425] systemd[1]: Listening on udev Control Socket.
[[0;32m  OK  [0m] Listening on [0;1;39mudev Control Socket[0m.
[    5.927396] systemd[1]: Listening on udev Kernel Socket.
[[0;32m  OK  [0m] Listening on [0;1;39mudev Kernel Socket[0m.
[    5.946091] systemd[1]: Mounting Huge Pages File System...
         Mounting [0;1;39mHuge Pages File System[0m...
[    5.953526] systemd[1]: Mounting POSIX Message Queue File System...
         Mounting [0;1;39mPOSIX Message Queue File System[0m...
[    5.963405] systemd[1]: Mounting Kernel Debug File System...
         Mounting [0;1;39mKernel Debug File System[0m...
[    5.974386] systemd[1]: Mounting Kernel Trace File System...
         Mounting [0;1;39mKernel Trace File System[0m...
[    5.977576] systemd[1]: Kernel Module supporting RPCSEC_GSS was skipped because of an unmet condition check (ConditionPathExists=/etc/krb5.keytab).
[    5.978564] systemd[1]: Create List of Static Device Nodes was skipped because of an unmet condition check (ConditionFileNotEmpty=/lib/modules/7.1.0-rc1-0c7a5ba011d3+/modules.devname).
[    5.987608] systemd[1]: Starting Monitoring of LVM2 mirrors, snapshots etc. using dmeventd or progress polling...
         Starting [0;1;39mMonitoring of LVM…meventd or progress polling[0m...
[    5.997204] systemd[1]: Starting Load Kernel Module configfs...
         Starting [0;1;39mLoad Kernel Module configfs[0m...
[    6.004661] systemd[1]: Starting Load Kernel Module drm...
         Starting [0;1;39mLoad Kernel Module drm[0m...
[    6.025158] systemd[1]: Starting Load Kernel Module fuse...
         Starting [0;1;39mLoad Kernel Module fuse[0m...
[    6.038639] systemd[1]: Starting Read and set NIS domainname from /etc/sysconfig/network...
         Starting [0;1;39mRead and set NIS …from /etc/sysconfig/network[0m...
[    6.065598] systemd[1]: Starting Journal Service...
         Starting [0;1;39mJournal Service[0m...
[    6.077721] systemd[1]: Starting Load Kernel Modules...
         Starting [0;1;39mLoad Kernel Modules[0m...
[    6.084860] systemd[1]: Starting Generate network units from Kernel command line...
         Starting [0;1;39mGenerate network …ts from Kernel command line[0m...
[    6.102971] systemd[1]: Starting Remount Root and Kernel File Systems...
         Starting [0;1;39mRemount Root and Kernel File Systems[0m...
[    6.110189] systemd[1]: Repartition Root Disk was skipped because no trigger condition checks were met.
[    6.134720] systemd[1]: Starting Coldplug All udev Devices...
         Starting [0;1;39mColdplug All udev Devices[0m...
[    6.162288] systemd[1]: Mounted Huge Pages File System.
[[0;32m  OK  [0m] Mounted [0;1;39mHuge Pages File System[0m.
[    6.163935] systemd[1]: Mounted POSIX Message Queue File System.
[[0;32m  OK  [0m] Mounted [0;1;39mPOSIX Message Queue File System[0m.
[    6.168039] systemd[1]: Mounted Kernel Debug File System.
[[0;32m  OK  [0m] Mounted [0;1;39mKernel Debug File System[0m.
[    6.171058] systemd[1]: Mounted Kernel Trace File System.
[[0;32m  OK  [0m] Mounted [0;1;39mKernel Trace File System[0m.
[    6.178478] systemd[1]: Finished Monitoring of LVM2 mirrors, snapshots etc. using dmeventd or progress polling.
[[0;32m  OK  [0m] Finished [0;1;39mMonitoring of LVM… dmeventd or progress polling[0m.
[    6.187518] systemd[1]: modprobe@configfs.service: Deactivated successfully.
[    6.191697] systemd[1]: Finished Load Kernel Module configfs.
[[0;32m  OK  [0m] Finished [0;1;39mLoad Kernel Module configfs[0m.
[    6.194445] systemd[1]: modprobe@drm.service: Deactivated successfully.
[    6.196536] systemd[1]: Finished Load Kernel Module drm.
[[0;32m  OK  [0m] Finished [0;1;39mLoad Kernel Module drm[0m.
[    6.199445] systemd[1]: modprobe@fuse.service: Deactivated successfully.
[    6.201782] systemd[1]: Finished Load Kernel Module fuse.
[[0;32m  OK  [0m] Finished [0;1;39mLoad Kernel Module fuse[0m.
[    6.204090] EXT4-fs (sda): re-mounted 088740a9-c8b4-422c-999d-a804eb68a4da r/w.
[    6.216935] systemd[1]: Finished Read and set NIS domainname from /etc/sysconfig/network.
[[0;32m  OK  [0m] Finished [0;1;39mRead and set NIS …e from /etc/sysconfig/network[0m.
[    6.220759] systemd[1]: systemd-modules-load.service: Main process exited, code=exited, status=1/FAILURE
[    6.222310] systemd[1]: systemd-modules-load.service: Failed with result 'exit-code'.
[    6.223999] systemd[1]: Failed to start Load Kernel Modules.
[[0;1;31mFAILED[0m] Failed to start [0;1;39mLoad Kernel Modules[0m.
See 'systemctl status systemd-modules-load.service' for details.
[    6.227629] systemd[1]: Finished Generate network units from Kernel command line.
[[0;32m  OK  [0m] Finished [0;1;39mGenerate network units from Kernel command line[0m.
[    6.232581] systemd[1]: Finished Remount Root and Kernel File Systems.
[[0;32m  OK  [0m] Finished [0;1;39mRemount Root and Kernel File Systems[0m.
[    6.235054] systemd[1]: Reached target Preparation for Network.
[[0;32m  OK  [0m] Reached target [0;1;39mPreparation for Network[0m.
[    6.264937] systemd[1]: Mounting FUSE Control File System...
         Mounting [0;1;39mFUSE Control File System[0m...
[    6.285393] systemd[1]: Mounting Kernel Configuration File System...
         Mounting [0;1;39mKernel Configuration File System[0m...
[    6.286667] systemd[1]: Special handling of early boot iSCSI sessions was skipped because of an unmet condition check (ConditionDirectoryNotEmpty=/sys/class/iscsi_session).
[    6.290142] systemd[1]: First Boot Wizard was skipped because of an unmet condition check (ConditionFirstBoot=yes).
[    6.296928] systemd[1]: Rebuild Hardware Database was skipped because of an unmet condition check (ConditionNeedsUpdate=/etc).
[    6.319634] systemd[1]: Starting Load/Save Random Seed...
         Starting [0;1;39mLoad/Save Random Seed[0m...
[    6.334261] systemd[1]: Starting Apply Kernel Variables...
         Starting [0;1;39mApply Kernel Variables[0m...
[    6.338668] systemd[1]: Create System Users was skipped because no trigger condition checks were met.
[    6.355337] systemd[1]: Starting Create Static Device Nodes in /dev...
         Starting [0;1;39mCreate Static Device Nodes in /dev[0m...
[    6.367670] systemd[1]: Starting Setup Virtual Console...
         Starting [0;1;39mSetup Virtual Console[0m...
[    6.390343] systemd[1]: Started Journal Service.
[[0;32m  OK  [0m] Started [0;1;39mJournal Service[0m.
[[0;32m  OK  [0m] Mounted [0;1;39mFUSE Control File System[0m.
[[0;32m  OK  [0m] Mounted [0;1;39mKernel Configuration File System[0m.
[[0;32m  OK  [0m] Finished [0;1;39mLoad/Save Random Seed[0m.
         Starting [0;1;39mFlush Journal to Persistent Storage[0m...
[    6.505282] systemd-journald[145]: Received client request to flush runtime journal.
[[0;32m  OK  [0m] Finished [0;1;39mApply Kernel Variables[0m.
[[0;32m  OK  [0m] Finished [0;1;39mCreate Static Device Nodes in /dev[0m.
[[0;32m  OK  [0m] Finished [0;1;39mFlush Journal to Persistent Storage[0m.
         Starting [0;1;39mRule-based Manage…for Device Events and Files[0m...
[[0;32m  OK  [0m] Started [0;1;39mRule-based Manager for Device Events and Files[0m.
         Starting [0;1;39mAuto-connect to s…E devices found during boot[0m...
[[0;32m  OK  [0m] Finished [0;1;39mSetup Virtual Console[0m.
[[0;32m  OK  [0m] Finished [0;1;39mAuto-connect to s…VME devices found during boot[0m.
[[0;32m  OK  [0m] Finished [0;1;39mColdplug All udev Devices[0m.
         Starting [0;1;39mShow Plymouth Boot Screen[0m...
         Starting [0;1;39mWait for udev To …plete Device Initialization[0m...
[2J[3J[-1;-1f[[0;32m  OK  [0m] Started [0;1;39mShow Plymouth Boot Screen[0m.
[[0;32m  OK  [0m] Started [0;1;39mForward Password R…s to Plymouth Directory Watch[0m.
[[0;32m  OK  [0m] Reached target [0;1;39mLocal Encrypted Volumes[0m.
[[0;32m  OK  [0m] Reached target [0;1;39mPath Units[0m.
[[0;32m  OK  [0m] Found device [0;1;39m/dev/ttyS0[0m.
[[0;32m  OK  [0m] Listening on [0;1;39mLoad/Save RF …itch Status /dev/rfkill Watch[0m.
[[0;32m  OK  [0m] Finished [0;1;39mWait for udev To Complete Device Initialization[0m.
[[0;32m  OK  [0m] Reached target [0;1;39mPreparation for Local File Systems[0m.
[[0;32m  OK  [0m] Reached target [0;1;39mLocal File Systems[0m.
         Starting [0;1;39mTell Plymouth To Write Out Runtime Data[0m...
         Starting [0;1;39mAutomatic Boot Loader Update[0m...
         Starting [0;1;39mCreate Volatile Files and Directories[0m...
[[0;32m  OK  [0m] Finished [0;1;39mTell Plymouth To Write Out Runtime Data[0m.
[[0;32m  OK  [0m] Finished [0;1;39mAutomatic Boot Loader Update[0m.
[[0;32m  OK  [0m] Finished [0;1;39mCreate Volatile Files and Directories[0m.
         Mounting [0;1;39mRPC Pipe File System[0m...
         Starting [0;1;39mSecurity Auditing Service[0m...
         Starting [0;1;39mRPC Bind[0m...
[[0;32m  OK  [0m] Mounted [0;1;39mRPC Pipe File System[0m.
[[0;32m  OK  [0m] Reached target [0;1;39mrpc_pipefs.target[0m.
[[0;32m  OK  [0m] Started [0;1;39mRPC Bind[0m.
[[0;32m  OK  [0m] Started [0;1;39mSecurity Auditing Service[0m.
         Starting [0;1;39mRecord System Boot/Shutdown in UTMP[0m...
[[0;32m  OK  [0m] Finished [0;1;39mRecord System Boot/Shutdown in UTMP[0m.
[[0;32m  OK  [0m] Reached target [0;1;39mSystem Initialization[0m.
[[0;32m  OK  [0m] Started [0;1;39mDaily rotation of log files[0m.
[[0;32m  OK  [0m] Started [0;1;39mUpdates mlocate database every day[0m.
[[0;32m  OK  [0m] Started [0;1;39mDaily Cleanup of Temporary Directories[0m.
[[0;32m  OK  [0m] Started [0;1;39mdaily update of the root trust anchor for DNSSEC[0m.
[[0;32m  OK  [0m] Reached target [0;1;39mTimer Units[0m.
[[0;32m  OK  [0m] Listening on [0;1;39mD-Bus System Message Bus Socket[0m.
[[0;32m  OK  [0m] Listening on [0;1;39mOpen-iSCSI iscsid Socket[0m.
[[0;32m  OK  [0m] Listening on [0;1;39mOpen-iSCSI iscsiuio Socket[0m.
[[0;32m  OK  [0m] Listening on [0;1;39mSSSD Kerberos…ache Manager responder socket[0m.
[[0;32m  OK  [0m] Listening on [0;1;39mLibvirt interface local socket[0m.
[[0;32m  OK  [0m] Listening on [0;1;39mVirtual machine lock manager socket[0m.
[[0;32m  OK  [0m] Listening on [0;1;39mVirtual machine log manager socket[0m.
[[0;32m  OK  [0m] Listening on [0;1;39mLibvirt network local socket[0m.
[[0;32m  OK  [0m] Listening on [0;1;39mLibvirt nodedev local socket[0m.
[[0;32m  OK  [0m] Listening on [0;1;39mLibvirt nwfilter local socket[0m.
[[0;32m  OK  [0m] Listening on [0;1;39mLibvirt proxy local socket[0m.
[[0;32m  OK  [0m] Listening on [0;1;39mLibvirt qemu local socket[0m.
[[0;32m  OK  [0m] Listening on [0;1;39mLibvirt qemu admin socket[0m.
[[0;32m  OK  [0m] Listening on [0;1;39mLibvirt qemu local read-only socket[0m.
[[0;32m  OK  [0m] Listening on [0;1;39mLibvirt secret local socket[0m.
[[0;32m  OK  [0m] Listening on [0;1;39mLibvirt storage local socket[0m.
[[0;32m  OK  [0m] Reached target [0;1;39mSocket Units[0m.
         Starting [0;1;39mD-Bus System Message Bus[0m...
[[0;32m  OK  [0m] Started [0;1;39mD-Bus System Message Bus[0m.
[[0;32m  OK  [0m] Reached target [0;1;39mBasic System[0m.
         Starting [0;1;39mNetwork Manager[0m...
         Starting [0;1;39mNTP client/server[0m...
         Starting [0;1;39mRestore /run/initramfs on shutdown[0m...
[[0;32m  OK  [0m] Started [0;1;39mirqbalance daemon[0m.
[[0;32m  OK  [0m] Started [0;1;39mlibstoragemgmt plug-in server daemon[0m.
[[0;32m  OK  [0m] Started [0;1;39mMachine Check Exception Logging Daemon[0m.
[[0;32m  OK  [0m] Reached target [0;1;39msshd-keygen.target[0m.
[[0;32m  OK  [0m] Reached target [0;1;39mUser and Group Name Lookups[0m.
         Starting [0;1;39mUser Login Management[0m...
         Starting [0;1;39mVirtual Machine a…tainer Registration Service[0m...
[[0;32m  OK  [0m] Finished [0;1;39mRestore /run/initramfs on shutdown[0m.
[[0;32m  OK  [0m] Started [0;1;39mVirtual Machine an…ontainer Registration Service[0m.
         Starting [0;1;39mHostname Service[0m...
[[0;32m  OK  [0m] Started [0;1;39mNTP client/server[0m.
[[0;32m  OK  [0m] Started [0;1;39mUser Login Management[0m.
[[0;32m  OK  [0m] Started [0;1;39mHostname Service[0m.
         Starting [0;1;39mNetwork Manager Script Dispatcher Service[0m...
[[0;32m  OK  [0m] Started [0;1;39mNetwork Manager Script Dispatcher Service[0m.
[   10.033690] e1000: eth0 NIC Link is Up 1000 Mbps Full Duplex, Flow Control: RX
[[0;32m  OK  [0m] Started [0;1;39mNetwork Manager[0m.
[[0;32m  OK  [0m] Reached target [0;1;39mNetwork[0m.
[[0;32m  OK  [0m] Reached target [0;1;39mNetwork is Online[0m.
         Starting [0;1;39mGSSAPI Proxy Daemon[0m...
         Starting [0;1;39mNotify NFS peers of a restart[0m...
         Starting [0;1;39mSystem Logging Service[0m...
         Starting [0;1;39mOpenSSH server daemon[0m...
         Starting [0;1;39mDynamic System Tuning Daemon[0m...
[[0;32m  OK  [0m] Started [0;1;39mNotify NFS peers of a restart[0m.
[[0;32m  OK  [0m] Started [0;1;39mGSSAPI Proxy Daemon[0m.
[[0;32m  OK  [0m] Started [0;1;39mOpenSSH server daemon[0m.
[[0;32m  OK  [0m] Reached target [0;1;39mNFS client services[0m.
[[0;32m  OK  [0m] Reached target [0;1;39mPreparation for Remote File Systems[0m.
[[0;32m  OK  [0m] Reached target [0;1;39mRemote File Systems[0m.
         Starting [0;1;39mPermit User Sessions[0m...
         Starting [0;1;39mVirtualization qemu daemon[0m...
[[0;32m  OK  [0m] Started [0;1;39mSystem Logging Service[0m.
[[0;32m  OK  [0m] Finished [0;1;39mPermit User Sessions[0m.
[[0;32m  OK  [0m] Started [0;1;39mDeferred execution scheduler[0m.
[[0;32m  OK  [0m] Started [0;1;39mCommand Scheduler[0m.
         Starting [0;1;39mHold until boot process finishes up[0m...
         Starting [0;1;39mTerminate Plymouth Boot Screen[0m...

CentOS Stream 9
Kernel 7.1.0-rc1-0c7a5ba011d3+ on an x86_64

Activate the web console with: systemctl enable --now cockpit.socket

test login: [   17.647545] pimreg: entered allmulticast mode
[   17.648072] 
[   17.648199] =============================
[   17.648459] WARNING: suspicious RCU usage
[   17.648727] 7.1.0-rc1-0c7a5ba011d3+ #1 Not tainted
[   17.649050] -----------------------------
[   17.649507] net/ipv4/ipmr.c:329 suspicious rcu_dereference_check() usage!
[   17.649961] 
[   17.649961] other info that might help us debug this:
[   17.649961] 
[   17.650482] 
[   17.650482] rcu_scheduler_active = 2, debug_locks = 1
[   17.650894] 2 locks held by repro/714:
[   17.651134]  #0: ffffffff87696300 (rcu_read_lock_bh){....}-{1:3}, at: __dev_queue_xmit+0x239/0x4140
[   17.651760]  #1: ff1100001a680518 (_xmit_PIMREG#2){+...}-{3:3}, at: __dev_queue_xmit+0x1d5d/0x4140
[   17.652337] 
[   17.652337] stack backtrace:
[   17.652616] CPU: 0 UID: 0 PID: 714 Comm: repro Not tainted 7.1.0-rc1-0c7a5ba011d3+ #1 PREEMPT(lazy) 
[   17.652625] Hardware name: QEMU Standard PC (i440FX + PIIX, 1996), BIOS rel-1.16.3-0-ga6ed6b701f0a-prebuilt.qemu.org 04/01/2014
[   17.652630] Call Trace:
[   17.652633]  <TASK>
[   17.652637]  dump_stack_lvl+0x121/0x150
[   17.652651]  dump_stack+0x19/0x20
[   17.652659]  lockdep_rcu_suspicious+0x15b/0x1f0
[   17.652676]  reg_vif_xmit+0x2ee/0x3c0
[   17.652689]  dev_hard_start_xmit+0x170/0x700
[   17.652706]  __dev_queue_xmit+0x1df1/0x4140
[   17.652716]  ? __might_fault+0x14a/0x1b0
[   17.652730]  ? __this_cpu_preempt_check+0x21/0x30
[   17.652747]  ? __pfx___dev_queue_xmit+0x10/0x10
[   17.652759]  ? _copy_from_iter+0x288/0x15e0
[   17.652771]  ? __virt_addr_valid+0x22c/0x420
[   17.652783]  ? __virt_addr_valid+0x22c/0x420
[   17.652793]  ? __this_cpu_preempt_check+0x21/0x30
[   17.652804]  ? __pfx__copy_from_iter+0x10/0x10
[   17.652819]  ? __sanitizer_cov_trace_const_cmp1+0x1e/0x30
[   17.652832]  ? packet_parse_headers+0x439/0x7b0
[   17.652845]  ? packet_parse_headers+0x202/0x7b0
[   17.652857]  ? __pfx_packet_parse_headers+0x10/0x10
[   17.652870]  packet_xmit+0x252/0x370
[   17.652883]  packet_sendmsg+0x39ad/0x5650
[   17.652898]  ? __lock_acquire+0x412/0x2210
[   17.652924]  ? __pfx_packet_sendmsg+0x10/0x10
[   17.652937]  ? audit_mark_handle_event+0x90/0x440
[   17.652947]  ? __import_iovec+0x1df/0x660
[   17.652956]  ? _copy_from_user+0x75/0xa0
[   17.652970]  ? __pfx_packet_sendmsg+0x10/0x10
[   17.652981]  ____sys_sendmsg+0xa21/0xba0
[   17.652997]  ? __pfx_____sys_sendmsg+0x10/0x10
[   17.653012]  ? __this_cpu_preempt_check+0x21/0x30
[   17.653031]  ? lock_release+0x14f/0x2c0
[   17.653045]  ___sys_sendmsg+0x121/0x1c0
[   17.653057]  ? __pfx____sys_sendmsg+0x10/0x10
[   17.653074]  ? __handle_mm_fault+0x656/0x2cb0
[   17.653102]  __sys_sendmsg+0x177/0x220
[   17.653111]  ? __pfx___sys_sendmsg+0x10/0x10
[   17.653128]  ? seqcount_lockdep_reader_access.constprop.0+0xc0/0xd0
[   17.653141]  ? __sanitizer_cov_trace_cmp4+0x1a/0x20
[   17.653150]  ? ktime_get_coarse_real_ts64+0xad/0xf0
[   17.653166]  __x64_sys_sendmsg+0x80/0xc0
[   17.653176]  x64_sys_call+0x1d9c/0x21c0
[   17.653186]  do_syscall_64+0xc1/0x10b0
[   17.653198]  entry_SYSCALL_64_after_hwframe+0x76/0x7e
[   17.653206] RIP: 0033:0x7f170283ee5d
[   17.653217] Code: ff c3 66 2e 0f 1f 84 00 00 00 00 00 90 f3 0f 1e fa 48 89 f8 48 89 f7 48 89 d6 48 89 ca 4d 89 c2 4d 89 c8 4c 8b 4c 24 08 0f 05 <48> 3d 01 f0 ff ff 73 01 c3 48 8b 0d 93 af 1b 00 f7 d8 64 89 01 48
[   17.653225] RSP: 002b:00007fff48b57878 EFLAGS: 00000246 ORIG_RAX: 000000000000002e
[   17.653233] RAX: ffffffffffffffda RBX: 0000200000000380 RCX: 00007f170283ee5d
[   17.653238] RDX: 0000000000000000 RSI: 00002000000012c0 RDI: 0000000000000004
[   17.653243] RBP: 00007fff48b578a0 R08: 0000000200000000 R09: 0000000200000000
[   17.653248] R10: 0000000200000000 R11: 0000000000000246 R12: 00007fff48b579b8
[   17.653253] R13: 0000000000401164 R14: 0000000000403e08 R15: 00007f1702a92000
[   17.653272]  </TASK>
[   17.686938] pimreg: entered allmulticast mode
[   17.694084] pimreg: left allmulticast mode
[   17.705605] pimreg: entered allmulticast mode
[   17.719413] pimreg: entered allmulticast mode
[   17.738055] pimreg: entered allmulticast mode
[   17.750444] pimreg: left allmulticast mode
[   17.750789] pimreg: left allmulticast mode
[   17.751434] pimreg: left allmulticast mode
[   17.760809] pimreg: entered allmulticast mode
[   17.786686] pimreg: entered allmulticast mode
[   17.801113] pimreg: entered allmulticast mode
[   17.827281] pimreg: entered allmulticast mode
[   17.850933] pimreg: entered allmulticast mode
[   17.862550] pimreg: left allmulticast mode
[   17.863077] pimreg: left allmulticast mode
[   17.863336] pimreg: left allmulticast mode
[   17.863640] pimreg: left allmulticast mode
[   17.863937] pimreg: left allmulticast mode
[   17.875206] pimreg: entered allmulticast mode
[   17.895885] pimreg: entered allmulticast mode
[   17.918393] pimreg: entered allmulticast mode
[   17.939637] pimreg: entered allmulticast mode
[   17.962466] pimreg: entered allmulticast mode
[   17.985786] pimreg: entered allmulticast mode
[   18.010381] pimreg: left allmulticast mode
[   18.010715] pimreg: left allmulticast mode
[   18.010976] pimreg: left allmulticast mode
[   18.011240] pimreg: left allmulticast mode
[   18.011541] pimreg: left allmulticast mode
[   18.011835] pimreg: left allmulticast mode
[   18.024776] pimreg: entered allmulticast mode
[   18.046918] pimreg: entered allmulticast mode
[   18.060395] pimreg: entered allmulticast mode
[   18.085443] pimreg: entered allmulticast mode
[   18.106287] pimreg: entered allmulticast mode
[   18.125932] pimreg: entered allmulticast mode
[   18.146614] pimreg: entered allmulticast mode
[   18.158540] pimreg: left allmulticast mode
[   18.158889] pimreg: left allmulticast mode
[   18.159162] pimreg: left allmulticast mode
[   18.159472] pimreg: left allmulticast mode
[   18.159791] pimreg: left allmulticast mode
[   18.160103] pimreg: left allmulticast mode
[   18.160395] pimreg: left allmulticast mode
[   18.174834] pimreg: entered allmulticast mode
[   18.194198] pimreg: entered allmulticast mode
[   18.209145] pimreg: entered allmulticast mode
[   18.237606] pimreg: entered allmulticast mode
[   18.274645] pimreg: entered allmulticast mode
[   18.298060] pimreg: entered allmulticast mode
[   18.321622] pimreg: entered allmulticast mode
[   18.346432] pimreg: entered allmulticast mode
[   18.385483] pimreg: entered allmulticast mode
[   18.398960] pimreg: left allmulticast mode
[   18.400311] pimreg: left allmulticast mode
[   18.400585] pimreg: left allmulticast mode
[   18.400834] pimreg: left allmulticast mode
[   18.401092] pimreg: left allmulticast mode
[   18.401434] pimreg: left allmulticast mode
[   18.401745] pimreg: left allmulticast mode
[   18.402049] pimreg: left allmulticast mode
[   18.402335] pimreg: left allmulticast mode
[   18.418185] pimreg: entered allmulticast mode
[   18.446548] pimreg: entered allmulticast mode
[   18.483290] pimreg: entered allmulticast mode
[   18.502957] pimreg: entered allmulticast mode
[   18.526294] pimreg: entered allmulticast mode
[   18.549761] pimreg: entered allmulticast mode
[   18.574317] pimreg: entered allmulticast mode
[   18.601676] pimreg: entered allmulticast mode
[   18.629950] pimreg: entered allmulticast mode
[   18.663084] pimreg: left allmulticast mode
[   18.663370] pimreg: left allmulticast mode
[   18.663627] pimreg: left allmulticast mode
[   18.663921] pimreg: left allmulticast mode
[   18.664241] pimreg: left allmulticast mode
[   18.664641] pimreg: left allmulticast mode
[   18.664940] pimreg: left allmulticast mode
[   18.665575] pimreg: left allmulticast mode
[   18.665869] pimreg: left allmulticast mode
[   18.679733] pimreg: entered allmulticast mode
[   18.705207] pimreg: entered allmulticast mode
[   18.734525] pimreg: entered allmulticast mode
[   18.747276] pimreg: entered allmulticast mode
[   18.770371] pimreg: entered allmulticast mode
[   18.789819] pimreg: entered allmulticast mode
[   18.814407] pimreg: entered allmulticast mode
[   18.850642] pimreg: left allmulticast mode
[   18.850989] pimreg: left allmulticast mode
[   18.851241] pimreg: left allmulticast mode
[   18.851535] pimreg: left allmulticast mode
[   18.851842] pimreg: left allmulticast mode
[   18.852526] pimreg: left allmulticast mode
[   18.853710] pimreg: left allmulticast mode
[   18.867010] pimreg: entered allmulticast mode
[   18.886721] pimreg: entered allmulticast mode
[   18.912537] pimreg: entered allmulticast mode
[   18.929327] pimreg: entered allmulticast mode
[   18.962363] pimreg: entered allmulticast mode
[   18.986293] pimreg: entered allmulticast mode
[   19.010286] pimreg: entered allmulticast mode
[   19.030385] pimreg: entered allmulticast mode
[   19.046296] pimreg: left allmulticast mode
[   19.046668] pimreg: left allmulticast mode
[   19.046931] pimreg: left allmulticast mode
[   19.047262] pimreg: left allmulticast mode
[   19.047555] pimreg: left allmulticast mode
[   19.047867] pimreg: left allmulticast mode
[   19.048169] pimreg: left allmulticast mode
[   19.048452] pimreg: left allmulticast mode
[   19.062131] pimreg: entered allmulticast mode
[   19.090389] pimreg: entered allmulticast mode
[   19.139289] pimreg: entered allmulticast mode
[   19.161772] pimreg: entered allmulticast mode
[   19.193495] pimreg: entered allmulticast mode
[   19.214380] pimreg: entered allmulticast mode
[   19.233592] pimreg: entered allmulticast mode
[   19.258849] pimreg: entered allmulticast mode
[   19.259867] pimreg: left allmulticast mode
[   19.260262] pimreg: left allmulticast mode
[   19.260612] pimreg: left allmulticast mode
[   19.260878] pimreg: left allmulticast mode
[   19.261139] pimreg: left allmulticast mode
[   19.261484] pimreg: left allmulticast mode
[   19.262128] pimreg: left allmulticast mode
[   19.275469] pimreg: entered allmulticast mode
[   19.301973] pimreg: entered allmulticast mode
[   19.327309] pimreg: entered allmulticast mode
[   19.338547] pimreg: entered allmulticast mode
[   19.358049] pimreg: entered allmulticast mode
[   19.381979] pimreg: entered allmulticast mode
[   19.401866] pimreg: entered allmulticast mode
[   19.425368] pimreg: entered allmulticast mode
[   19.438983] pimreg: left allmulticast mode
[   19.439561] pimreg: left allmulticast mode
[   19.439826] pimreg: left allmulticast mode
[   19.440095] pimreg: left allmulticast mode
[   19.440385] pimreg: left allmulticast mode
[   19.440674] pimreg: left allmulticast mode
[   19.440983] pimreg: left allmulticast mode
[   19.441305] pimreg: left allmulticast mode
[   19.441616] pimreg: left allmulticast mode
[   19.457580] pimreg: entered allmulticast mode
[   19.487500] pimreg: entered allmulticast mode
[   19.499292] pimreg: entered allmulticast mode
[   19.510324] pimreg: entered allmulticast mode
[   19.529848] pimreg: entered allmulticast mode
[   19.541592] pimreg: entered allmulticast mode
[   19.565827] pimreg: entered allmulticast mode
[   19.585451] pimreg: entered allmulticast mode
[   19.618006] pimreg: entered allmulticast mode
[   19.646256] pimreg: entered allmulticast mode
[   19.666688] pimreg: left allmulticast mode
[   19.667458] pimreg: left allmulticast mode
[   19.667737] pimreg: left allmulticast mode
[   19.669327] pimreg: left allmulticast mode
[   19.669692] pimreg: left allmulticast mode
[   19.670002] pimreg: left allmulticast mode
[   19.670297] pimreg: left allmulticast mode
[   19.670591] pimreg: left allmulticast mode
[   19.670896] pimreg: left allmulticast mode
[   19.671193] pimreg: left allmulticast mode
[   19.671488] pimreg: left allmulticast mode
[   19.687996] pimreg: entered allmulticast mode
[   19.714927] pimreg: entered allmulticast mode
[   19.735253] pimreg: entered allmulticast mode
[   19.761926] pimreg: entered allmulticast mode
[   19.797668] pimreg: entered allmulticast mode
[   19.825735] pimreg: entered allmulticast mode
[   19.865956] pimreg: entered allmulticast mode
[   19.905797] pimreg: entered allmulticast mode
[   19.930244] pimreg: entered allmulticast mode
[   19.958208] pimreg: entered allmulticast mode
[   19.983067] pimreg: left allmulticast mode
[   19.983360] pimreg: left allmulticast mode
[   19.983626] pimreg: left allmulticast mode
[   19.983883] pimreg: left allmulticast mode
[   19.984147] pimreg: left allmulticast mode
[   19.984413] pimreg: left allmulticast mode
[   19.984657] pimreg: left allmulticast mode
[   19.984962] pimreg: left allmulticast mode
[   19.985594] pimreg: left allmulticast mode
[   20.000275] pimreg: entered allmulticast mode
[   20.019830] pimreg: entered allmulticast mode
[   20.044770] pimreg: entered allmulticast mode
[   20.066982] pimreg: entered allmulticast mode
[   20.101403] pimreg: entered allmulticast mode
[   20.125688] pimreg: entered allmulticast mode
[   20.149965] pimreg: entered allmulticast mode
[   20.174244] pimreg: entered allmulticast mode
[   20.209546] pimreg: entered allmulticast mode
[   20.230715] pimreg: left allmulticast mode
[   20.231065] pimreg: left allmulticast mode
[   20.231321] pimreg: left allmulticast mode
[   20.231619] pimreg: left allmulticast mode
[   20.231951] pimreg: left allmulticast mode
[   20.232266] pimreg: left allmulticast mode
[   20.232557] pimreg: left allmulticast mode
[   20.232842] pimreg: left allmulticast mode
[   20.233133] pimreg: left allmulticast mode
[   20.247435] pimreg: entered allmulticast mode
[   20.265000] pimreg: entered allmulticast mode
[   20.286024] pimreg: entered allmulticast mode
[   20.301635] pimreg: entered allmulticast mode
[   20.325648] pimreg: entered allmulticast mode
[   20.354444] pimreg: entered allmulticast mode
[   20.398121] pimreg: entered allmulticast mode
[   20.421195] pimreg: entered allmulticast mode
[   20.461434] pimreg: entered allmulticast mode
[   20.490277] pimreg: entered allmulticast mode
[   20.510691] pimreg: left allmulticast mode
[   20.511054] pimreg: left allmulticast mode
[   20.511365] pimreg: left allmulticast mode
[   20.511646] pimreg: left allmulticast mode
[   20.511940] pimreg: left allmulticast mode
[   20.512473] pimreg: left allmulticast mode
[   20.512844] pimreg: left allmulticast mode
[   20.513147] pimreg: left allmulticast mode
[   20.513782] pimreg: left allmulticast mode
[   20.514079] pimreg: left allmulticast mode
[   20.529164] pimreg: entered allmulticast mode
[   20.554571] pimreg: entered allmulticast mode
[   20.583289] pimreg: entered allmulticast mode
[   20.593831] pimreg: entered allmulticast mode
[   20.619337] pimreg: entered allmulticast mode
[   20.630513] pimreg: left allmulticast mode
[   20.630853] pimreg: left allmulticast mode
[   20.631116] pimreg: left allmulticast mode
[   20.631404] pimreg: left allmulticast mode
[   20.631699] pimreg: left allmulticast mode
[   20.641892] pimreg: entered allmulticast mode
[   20.674972] pimreg: entered allmulticast mode
[   20.694499] pimreg: entered allmulticast mode
[   20.734893] pimreg: entered allmulticast mode
[   20.765263] pimreg: entered allmulticast mode
[   20.805770] pimreg: entered allmulticast mode
[   20.826226] pimreg: left allmulticast mode
[   20.826631] pimreg: left allmulticast mode
[   20.826950] pimreg: left allmulticast mode
[   20.827249] pimreg: left allmulticast mode
[   20.827547] pimreg: left allmulticast mode
[   20.827838] pimreg: left allmulticast mode
[   20.838278] pimreg: entered allmulticast mode
[   20.856356] pimreg: entered allmulticast mode
[   20.878749] pimreg: entered allmulticast mode
[   20.897743] pimreg: entered allmulticast mode
[   20.925949] pimreg: entered allmulticast mode
[   20.965694] pimreg: entered allmulticast mode
[   20.989709] pimreg: entered allmulticast mode
[   21.010389] pimreg: left allmulticast mode
[   21.010793] pimreg: left allmulticast mode
[   21.011124] pimreg: left allmulticast mode
[   21.011435] pimreg: left allmulticast mode
[   21.011831] pimreg: left allmulticast mode
[   21.012163] pimreg: left allmulticast mode
[   21.012467] pimreg: left allmulticast mode
[   21.024222] pimreg: entered allmulticast mode
[   21.037870] pimreg: entered allmulticast mode
[   21.063355] pimreg: entered allmulticast mode
[   21.090407] pimreg: entered allmulticast mode
[   21.109495] pimreg: entered allmulticast mode
[   21.133646] pimreg: entered allmulticast mode
[   21.157645] pimreg: entered allmulticast mode
[   21.206385] pimreg: entered allmulticast mode
[   21.234243] pimreg: left allmulticast mode
[   21.234582] pimreg: left allmulticast mode
[   21.234839] pimreg: left allmulticast mode
[   21.235116] pimreg: left allmulticast mode
[   21.235370] pimreg: left allmulticast mode
[   21.235624] pimreg: left allmulticast mode
[   21.236150] pimreg: left allmulticast mode
[   21.236502] pimreg: left allmulticast mode
[   21.250774] pimreg: entered allmulticast mode
[   21.271002] pimreg: entered allmulticast mode
[   21.296517] pimreg: entered allmulticast mode
[   21.310649] pimreg: entered allmulticast mode
[   21.334809] pimreg: entered allmulticast mode
[   21.346581] pimreg: left allmulticast mode
[   21.346948] pimreg: left allmulticast mode
[   21.347197] pimreg: left allmulticast mode
[   21.347502] pimreg: left allmulticast mode
[   21.347810] pimreg: left allmulticast mode
[   21.358247] pimreg: entered allmulticast mode
[   21.380696] pimreg: entered allmulticast mode
[   21.400386] pimreg: entered allmulticast mode
[   21.422282] pimreg: entered allmulticast mode
[   21.445775] pimreg: entered allmulticast mode
[   21.466108] pimreg: entered allmulticast mode
[   21.481977] pimreg: left allmulticast mode
[   21.482832] pimreg: left allmulticast mode
[   21.483596] pimreg: left allmulticast mode
[   21.483911] pimreg: left allmulticast mode
[   21.484166] pimreg: left allmulticast mode
[   21.484454] pimreg: left allmulticast mode
[   21.495555] pimreg: entered allmulticast mode
[   21.536993] pimreg: entered allmulticast mode
[   21.563582] pimreg: entered allmulticast mode
[   21.586478] pimreg: entered allmulticast mode
[   21.621179] pimreg: entered allmulticast mode
[   21.642382] pimreg: left allmulticast mode
[   21.642734] pimreg: left allmulticast mode
[   21.643000] pimreg: left allmulticast mode
[   21.643293] pimreg: left allmulticast mode
[   21.643602] pimreg: left allmulticast mode
[   21.653657] pimreg: entered allmulticast mode
[   21.671406] pimreg: entered allmulticast mode
[   21.692906] pimreg: entered allmulticast mode
[   21.717409] pimreg: entered allmulticast mode
[   21.738357] pimreg: entered allmulticast mode
[   21.773572] pimreg: entered allmulticast mode
[   21.793987] pimreg: left allmulticast mode
[   21.794322] pimreg: left allmulticast mode
[   21.794584] pimreg: left allmulticast mode
[   21.794832] pimreg: left allmulticast mode
[   21.795726] pimreg: left allmulticast mode
[   21.796132] pimreg: left allmulticast mode
[   21.806907] pimreg: entered allmulticast mode
[   21.829506] pimreg: entered allmulticast mode
[   21.859981] pimreg: entered allmulticast mode
[   21.882282] pimreg: entered allmulticast mode
[   21.897979] pimreg: entered allmulticast mode
[   21.922219] pimreg: entered allmulticast mode
[   21.945160] pimreg: entered allmulticast mode
[   21.958745] pimreg: left allmulticast mode
[   21.959328] pimreg: left allmulticast mode
[   21.959610] pimreg: left allmulticast mode
[   21.959857] pimreg: left allmulticast mode
[   21.960127] pimreg: left allmulticast mode
[   21.960371] pimreg: left allmulticast mode
[   21.960661] pimreg: left allmulticast mode
[   21.972534] pimreg: entered allmulticast mode
[   22.020797] pimreg: entered allmulticast mode
[   22.048834] pimreg: entered allmulticast mode
[   22.105341] pimreg: entered allmulticast mode
[   22.129616] pimreg: entered allmulticast mode
[   22.153558] pimreg: entered allmulticast mode
[   22.181931] pimreg: entered allmulticast mode
[   22.194154] pimreg: left allmulticast mode
[   22.194496] pimreg: left allmulticast mode
[   22.194756] pimreg: left allmulticast mode
[   22.195039] pimreg: left allmulticast mode
[   22.195285] pimreg: left allmulticast mode
[   22.195814] pimreg: left allmulticast mode
[   22.196319] pimreg: left allmulticast mode
[   22.209789] pimreg: entered allmulticast mode
[   22.230431] pimreg: entered allmulticast mode
[   22.251409] pimreg: entered allmulticast mode
[   22.274037] pimreg: entered allmulticast mode
[   22.305701] pimreg: entered allmulticast mode
[   22.325280] pimreg: entered allmulticast mode
[   22.350191] pimreg: entered allmulticast mode
[   22.374439] pimreg: left allmulticast mode
[   22.374792] pimreg: left allmulticast mode
[   22.375075] pimreg: left allmulticast mode
[   22.375323] pimreg: left allmulticast mode
[   22.375690] pimreg: left allmulticast mode
[   22.376121] pimreg: left allmulticast mode
[   22.376386] pimreg: left allmulticast mode
[   22.388279] pimreg: entered allmulticast mode
[   22.413867] pimreg: entered allmulticast mode
[   22.426305] pimreg: entered allmulticast mode
[   22.446058] pimreg: entered allmulticast mode
[   22.473926] pimreg: entered allmulticast mode
[   22.513501] pimreg: entered allmulticast mode
[   22.538333] pimreg: entered allmulticast mode
[   22.562004] pimreg: entered allmulticast mode
[   22.582395] pimreg: left allmulticast mode
[   22.582789] pimreg: left allmulticast mode
[   22.583106] pimreg: left allmulticast mode
[   22.583412] pimreg: left allmulticast mode
[   22.583807] pimreg: left allmulticast mode
[   22.584116] pimreg: left allmulticast mode
[   22.584402] pimreg: left allmulticast mode
[   22.584687] pimreg: left allmulticast mode
[   22.597467] pimreg: entered allmulticast mode
[   22.619083] pimreg: entered allmulticast mode
[   22.649977] pimreg: entered allmulticast mode
[   22.673705] pimreg: entered allmulticast mode
[   22.694141] pimreg: entered allmulticast mode
[   22.717518] pimreg: entered allmulticast mode
[   22.745616] pimreg: entered allmulticast mode
[   22.770822] pimreg: entered allmulticast mode
[   22.786568] pimreg: left allmulticast mode
[   22.786878] pimreg: left allmulticast mode
[   22.787180] pimreg: left allmulticast mode
[   22.787477] pimreg: left allmulticast mode
[   22.787779] pimreg: left allmulticast mode
[   22.788206] pimreg: left allmulticast mode
[   22.788502] pimreg: left allmulticast mode
[   22.788795] pimreg: left allmulticast mode
[   22.802114] pimreg: entered allmulticast mode
[   22.827087] pimreg: entered allmulticast mode
[   22.856211] pimreg: entered allmulticast mode
[   22.877716] pimreg: entered allmulticast mode
[   22.909489] pimreg: entered allmulticast mode
[   22.937813] pimreg: entered allmulticast mode
[   22.965635] pimreg: entered allmulticast mode
[   22.993978] pimreg: entered allmulticast mode
[   23.018539] pimreg: left allmulticast mode
[   23.018844] pimreg: left allmulticast mode
[   23.019101] pimreg: left allmulticast mode
[   23.019391] pimreg: left allmulticast mode
[   23.019688] pimreg: left allmulticast mode
[   23.020093] pimreg: left allmulticast mode
[   23.020404] pimreg: left allmulticast mode
[   23.020706] pimreg: left allmulticast mode
[   23.033635] pimreg: entered allmulticast mode
[   23.063610] pimreg: entered allmulticast mode
[   23.075003] pimreg: entered allmulticast mode
[   23.089040] pimreg: entered allmulticast mode
[   23.114245] pimreg: entered allmulticast mode
[   23.138315] pimreg: entered allmulticast mode
[   23.166612] pimreg: left allmulticast mode
[   23.166960] pimreg: left allmulticast mode
[   23.167213] pimreg: left allmulticast mode
[   23.167463] pimreg: left allmulticast mode
[   23.167721] pimreg: left allmulticast mode
[   23.168149] pimreg: left allmulticast mode
[   23.178898] pimreg: entered allmulticast mode
[   23.202440] pimreg: entered allmulticast mode
[   23.222938] pimreg: entered allmulticast mode
[   23.241605] pimreg: entered allmulticast mode
[   23.273682] pimreg: entered allmulticast mode
[   23.306003] pimreg: entered allmulticast mode
[   23.337690] pimreg: entered allmulticast mode
[   23.365431] pimreg: entered allmulticast mode
[   23.370395] pimreg: left allmulticast mode
[   23.371074] pimreg: left allmulticast mode
[   23.371358] pimreg: left allmulticast mode
[   23.371610] pimreg: left allmulticast mode
[   23.371873] pimreg: left allmulticast mode
[   23.372164] pimreg: left allmulticast mode
[   23.372461] pimreg: left allmulticast mode
[   23.390038] pimreg: entered allmulticast mode
[   23.402423] pimreg: entered allmulticast mode
[   23.418326] pimreg: entered allmulticast mode
[   23.434464] pimreg: entered allmulticast mode
[   23.450130] pimreg: entered allmulticast mode
[   23.469439] pimreg: entered allmulticast mode
[   23.493636] pimreg: entered allmulticast mode
[   23.521878] pimreg: entered allmulticast mode
[   23.526060] pimreg: left allmulticast mode
[   23.526402] pimreg: left allmulticast mode
[   23.526658] pimreg: left allmulticast mode
[   23.526927] pimreg: left allmulticast mode
[   23.527172] pimreg: left allmulticast mode
[   23.527469] pimreg: left allmulticast mode
[   23.527761] pimreg: left allmulticast mode
[   23.528052] pimreg: left allmulticast mode
[   23.542322] pimreg: entered allmulticast mode
[   23.573953] pimreg: entered allmulticast mode
[   23.594179] pimreg: entered allmulticast mode
[   23.619383] pimreg: entered allmulticast mode
[   23.641509] pimreg: entered allmulticast mode
[   23.673687] pimreg: entered allmulticast mode
[   23.698069] pimreg: entered allmulticast mode
[   23.718328] pimreg: entered allmulticast mode
[   23.738616] pimreg: left allmulticast mode
[   23.739005] pimreg: left allmulticast mode
[   23.739274] pimreg: left allmulticast mode
[   23.739583] pimreg: left allmulticast mode
[   23.739881] pimreg: left allmulticast mode
[   23.740216] pimreg: left allmulticast mode
[   23.740505] pimreg: left allmulticast mode
[   23.740826] pimreg: left allmulticast mode
[   23.741140] pimreg: left allmulticast mode
[   23.756274] pimreg: entered allmulticast mode
[   23.776541] pimreg: entered allmulticast mode
[   23.789475] pimreg: entered allmulticast mode
[   23.817964] pimreg: entered allmulticast mode
[   23.849721] pimreg: entered allmulticast mode
[   23.881850] pimreg: entered allmulticast mode
[   23.889585] clocksource: Watchdog remote CPU 1 read timed out
[   23.909604] pimreg: entered allmulticast mode
[   23.937491] pimreg: entered allmulticast mode
[   23.965944] pimreg: entered allmulticast mode
[   23.994536] pimreg: left allmulticast mode
[   23.994895] pimreg: left allmulticast mode
[   23.995162] pimreg: left allmulticast mode
[   23.995411] pimreg: left allmulticast mode
[   23.995710] pimreg: left allmulticast mode
[   23.996031] pimreg: left allmulticast mode
[   23.996924] pimreg: left allmulticast mode
[   23.997577] pimreg: left allmulticast mode
[   23.997928] pimreg: left allmulticast mode
[   24.011935] pimreg: entered allmulticast mode
[   24.045026] pimreg: entered allmulticast mode
[   24.072123] pimreg: entered allmulticast mode
[   24.089496] pimreg: entered allmulticast mode
[   24.121706] pimreg: entered allmulticast mode
[   24.154733] pimreg: entered allmulticast mode
[   24.189513] pimreg: entered allmulticast mode
[   24.213885] pimreg: entered allmulticast mode
[   24.245402] pimreg: entered allmulticast mode
[   24.273891] pimreg: entered allmulticast mode
[   24.278478] pimreg: left allmulticast mode
[   24.278847] pimreg: left allmulticast mode
[   24.279123] pimreg: left allmulticast mode
[   24.279376] pimreg: left allmulticast mode
[   24.279678] pimreg: left allmulticast mode
[   24.279997] pimreg: left allmulticast mode
[   24.280309] pimreg: left allmulticast mode
[   24.280607] pimreg: left allmulticast mode
[   24.280913] pimreg: left allmulticast mode
[   24.301952] pimreg: entered allmulticast mode
[   24.326259] pimreg: entered allmulticast mode
[   24.347207] pimreg: entered allmulticast mode
[   24.377649] pimreg: entered allmulticast mode
[   24.401731] pimreg: entered allmulticast mode
[   24.414457] pimreg: left allmulticast mode
[   24.414806] pimreg: left allmulticast mode
[   24.415057] pimreg: left allmulticast mode
[   24.415359] pimreg: left allmulticast mode
[   24.415970] pimreg: left allmulticast mode
[   24.416280] pimreg: left allmulticast mode
[   24.427556] pimreg: entered allmulticast mode
[   24.450629] pimreg: entered allmulticast mode
[   24.474867] pimreg: entered allmulticast mode
[   24.493481] pimreg: entered allmulticast mode
[   24.537758] pimreg: entered allmulticast mode
[   24.569439] pimreg: entered allmulticast mode
[   24.605826] pimreg: entered allmulticast mode
[   24.630399] pimreg: left allmulticast mode
[   24.630692] pimreg: left allmulticast mode
[   24.631023] pimreg: left allmulticast mode
[   24.631336] pimreg: left allmulticast mode
[   24.631624] pimreg: left allmulticast mode
[   24.631929] pimreg: left allmulticast mode
[   24.632230] pimreg: left allmulticast mode
[   24.643468] pimreg: entered allmulticast mode
[   24.663044] pimreg: entered allmulticast mode
[   24.685738] pimreg: entered allmulticast mode
[   24.710344] pimreg: entered allmulticast mode
[   24.733634] pimreg: entered allmulticast mode
[   24.761434] pimreg: entered allmulticast mode
[   24.790105] pimreg: entered allmulticast mode
[   24.805340] pimreg: entered allmulticast mode
[   24.810891] pimreg: left allmulticast mode
[   24.811198] pimreg: left allmulticast mode
[   24.811447] pimreg: left allmulticast mode
[   24.811769] pimreg: left allmulticast mode
[   24.812079] pimreg: left allmulticast mode
[   24.812409] pimreg: left allmulticast mode
[   24.812719] pimreg: left allmulticast mode
[   24.813022] pimreg: left allmulticast mode
[   24.827052] pimreg: entered allmulticast mode
[   24.848508] pimreg: entered allmulticast mode
[   24.878438] pimreg: entered allmulticast mode
[   24.890309] pimreg: entered allmulticast mode
[   24.913513] pimreg: entered allmulticast mode
[   24.926344] pimreg: left allmulticast mode
[   24.926706] pimreg: left allmulticast mode
[   24.926983] pimreg: left allmulticast mode
[   24.927231] pimreg: left allmulticast mode
[   24.927509] pimreg: left allmulticast mode
[   24.937815] pimreg: entered allmulticast mode
[   24.958836] pimreg: entered allmulticast mode
[   24.969563] pimreg: entered allmulticast mode
[   24.998261] pimreg: entered allmulticast mode
[   25.017816] pimreg: entered allmulticast mode
[   25.046352] pimreg: entered allmulticast mode
[   25.069754] pimreg: left allmulticast mode
[   25.070102] pimreg: left allmulticast mode
[   25.070378] pimreg: left allmulticast mode
[   25.070638] pimreg: left allmulticast mode
[   25.070946] pimreg: left allmulticast mode
[   25.071245] pimreg: left allmulticast mode
[   25.071523] pimreg: left allmulticast mode
[   25.081615] pimreg: entered allmulticast mode
[   25.106833] pimreg: entered allmulticast mode
[   25.133338] pimreg: entered allmulticast mode
[   25.146199] pimreg: entered allmulticast mode
[   25.170220] pimreg: left allmulticast mode
[   25.170511] pimreg: left allmulticast mode
[   25.170772] pimreg: left allmulticast mode
[   25.178508] pimreg: entered allmulticast mode
[   25.196231] pimreg: entered allmulticast mode
[   25.222667] pimreg: entered allmulticast mode
[   25.249274] pimreg: entered allmulticast mode
[   25.277168] pimreg: entered allmulticast mode
[   25.298578] pimreg: left allmulticast mode
[   25.299089] pimreg: left allmulticast mode
[   25.299420] pimreg: left allmulticast mode
[   25.299750] pimreg: left allmulticast mode
[   25.300070] pimreg: left allmulticast mode
[   25.309417] pimreg: entered allmulticast mode
[   25.326778] pimreg: entered allmulticast mode
[   25.338791] pimreg: entered allmulticast mode
[   25.357562] pimreg: entered allmulticast mode
[   25.390119] pimreg: entered allmulticast mode
[   25.406003] pimreg: entered allmulticast mode
[   25.425522] pimreg: entered allmulticast mode
[   25.430009] pimreg: left allmulticast mode
[   25.430343] pimreg: left allmulticast mode
[   25.430596] pimreg: left allmulticast mode
[   25.430863] pimreg: left allmulticast mode
[   25.431173] pimreg: left allmulticast mode
[   25.431485] pimreg: left allmulticast mode
[   25.449474] pimreg: entered allmulticast mode
[   25.465563] pimreg: entered allmulticast mode
[   25.480424] pimreg: entered allmulticast mode
[   25.501968] pimreg: entered allmulticast mode
[   25.525939] pimreg: entered allmulticast mode
[   25.549941] pimreg: entered allmulticast mode
[   25.570179] pimreg: entered allmulticast mode
[   25.598247] pimreg: left allmulticast mode
[   25.598602] pimreg: left allmulticast mode
[   25.598893] pimreg: left allmulticast mode
[   25.599614] pimreg: left allmulticast mode
[   25.600077] pimreg: left allmulticast mode
[   25.600355] pimreg: left allmulticast mode
[   25.600610] pimreg: left allmulticast mode
[   25.600870] pimreg: left allmulticast mode
[   25.614983] pimreg: entered allmulticast mode
[   25.643321] pimreg: entered allmulticast mode
[   25.670835] pimreg: entered allmulticast mode
[   25.699135] pimreg: entered allmulticast mode
[   25.718021] pimreg: entered allmulticast mode
[   25.741850] pimreg: entered allmulticast mode
[   25.769808] pimreg: entered allmulticast mode
[   25.790503] pimreg: entered allmulticast mode
[   25.806103] pimreg: left allmulticast mode
[   25.806447] pimreg: left allmulticast mode
[   25.806700] pimreg: left allmulticast mode
[   25.807742] pimreg: left allmulticast mode
[   25.808081] pimreg: left allmulticast mode
[   25.808394] pimreg: left allmulticast mode
[   25.808680] pimreg: left allmulticast mode
[   25.809003] pimreg: left allmulticast mode
[   25.821998] pimreg: entered allmulticast mode
[   25.843287] pimreg: entered allmulticast mode
[   25.863027] pimreg: entered allmulticast mode
[   25.881767] pimreg: entered allmulticast mode
[   25.906112] pimreg: entered allmulticast mode
[   25.926007] pimreg: entered allmulticast mode
[   25.949448] pimreg: entered allmulticast mode
[   25.969601] pimreg: entered allmulticast mode
[   25.990109] pimreg: left allmulticast mode
[   25.991047] pimreg: left allmulticast mode
[   25.991485] pimreg: left allmulticast mode
[   25.991972] pimreg: left allmulticast mode
[   25.992295] pimreg: left allmulticast mode
[   25.992591] pimreg: left allmulticast mode
[   25.992917] pimreg: left allmulticast mode
[   25.993565] pimreg: left allmulticast mode
[   26.006690] pimreg: entered allmulticast mode
[   26.027550] pimreg: entered allmulticast mode
[   26.057166] pimreg: entered allmulticast mode
[   26.081719] pimreg: entered allmulticast mode
[   26.105447] pimreg: entered allmulticast mode
[   26.145679] pimreg: entered allmulticast mode
[   26.177809] pimreg: entered allmulticast mode
[   26.202217] pimreg: entered allmulticast mode
[   26.217833] pimreg: entered allmulticast mode
[   26.222551] pimreg: left allmulticast mode
[   26.222911] pimreg: left allmulticast mode
[   26.223161] pimreg: left allmulticast mode
[   26.223469] pimreg: left allmulticast mode
[   26.223771] pimreg: left allmulticast mode
[   26.224444] pimreg: left allmulticast mode
[   26.224748] pimreg: left allmulticast mode
[   26.225061] pimreg: left allmulticast mode
[   26.225418] pimreg: left allmulticast mode
[   26.239259] pimreg: entered allmulticast mode
[   26.259130] pimreg: entered allmulticast mode
[   26.279354] pimreg: entered allmulticast mode
[   26.297903] pimreg: entered allmulticast mode
[   26.321601] pimreg: entered allmulticast mode
[   26.341513] pimreg: entered allmulticast mode
[   26.362249] pimreg: entered allmulticast mode
[   26.381754] pimreg: entered allmulticast mode
[   26.402156] pimreg: entered allmulticast mode
[   26.418213] pimreg: left allmulticast mode
[   26.418556] pimreg: left allmulticast mode
[   26.418819] pimreg: left allmulticast mode
[   26.420782] pimreg: left allmulticast mode
[   26.421080] pimreg: left allmulticast mode
[   26.421374] pimreg: left allmulticast mode
[   26.421624] pimreg: left allmulticast mode
[   26.421930] pimreg: left allmulticast mode
[   26.422213] pimreg: left allmulticast mode
[   26.436008] pimreg: entered allmulticast mode
[   26.459156] pimreg: entered allmulticast mode
[   26.479874] pimreg: entered allmulticast mode
[   26.497843] pimreg: entered allmulticast mode
[   26.517906] pimreg: entered allmulticast mode
[   26.537345] pimreg: entered allmulticast mode
[   26.557840] pimreg: entered allmulticast mode
[   26.578208] pimreg: entered allmulticast mode
[   26.598116] pimreg: entered allmulticast mode
[   26.614189] pimreg: left allmulticast mode
[   26.614532] pimreg: left allmulticast mode
[   26.614792] pimreg: left allmulticast mode
[   26.615082] pimreg: left allmulticast mode
[   26.616082] pimreg: left allmulticast mode
[   26.616415] pimreg: left allmulticast mode
[   26.616736] pimreg: left allmulticast mode
[   26.617032] pimreg: left allmulticast mode
[   26.617387] pimreg: left allmulticast mode
[   26.631310] pimreg: entered allmulticast mode
[   26.651957] pimreg: entered allmulticast mode
[   26.673963] pimreg: entered allmulticast mode
[   26.686634] pimreg: entered allmulticast mode
[   26.710116] pimreg: entered allmulticast mode
[   26.730169] pimreg: entered allmulticast mode
[   26.746143] pimreg: left allmulticast mode
[   26.746497] pimreg: left allmulticast mode
[   26.746812] pimreg: left allmulticast mode
[   26.747329] pimreg: left allmulticast mode
[   26.747821] pimreg: left allmulticast mode
[   26.748123] pimreg: left allmulticast mode
[   26.758588] pimreg: entered allmulticast mode
[   26.794127] pimreg: entered allmulticast mode
[   26.827645] pimreg: entered allmulticast mode
[   26.853495] pimreg: entered allmulticast mode
[   26.881525] pimreg: entered allmulticast mode
[   26.909657] pimreg: entered allmulticast mode
[   26.937809] pimreg: entered allmulticast mode
[   26.962110] pimreg: left allmulticast mode
[   26.962451] pimreg: left allmulticast mode
[   26.962734] pimreg: left allmulticast mode
[   26.963012] pimreg: left allmulticast mode
[   26.963267] pimreg: left allmulticast mode
[   26.964209] pimreg: left allmulticast mode
[   26.964540] pimreg: left allmulticast mode
[   26.975887] pimreg: entered allmulticast mode
[   27.000560] pimreg: entered allmulticast mode
[   27.017896] pimreg: entered allmulticast mode
[   27.030893] pimreg: entered allmulticast mode
[   27.053829] pimreg: entered allmulticast mode
[   27.077354] pimreg: entered allmulticast mode
[   27.101525] pimreg: entered allmulticast mode
[   27.125609] pimreg: entered allmulticast mode
[   27.149509] pimreg: entered allmulticast mode
[   27.154977] pimreg: left allmulticast mode
[   27.155341] pimreg: left allmulticast mode
[   27.155610] pimreg: left allmulticast mode
[   27.155881] pimreg: left allmulticast mode
[   27.156185] pimreg: left allmulticast mode
[   27.156475] pimreg: left allmulticast mode
[   27.156775] pimreg: left allmulticast mode
[   27.157073] pimreg: left allmulticast mode
[   27.178226] pimreg: entered allmulticast mode
[   27.195448] pimreg: entered allmulticast mode
[   27.212591] pimreg: entered allmulticast mode
[   27.234143] pimreg: entered allmulticast mode
[   27.253203] pimreg: entered allmulticast mode
[   27.277371] pimreg: entered allmulticast mode
[   27.301727] pimreg: entered allmulticast mode
[   27.325598] pimreg: entered allmulticast mode
[   27.351018] pimreg: left allmulticast mode
[   27.351326] pimreg: left allmulticast mode
[   27.351579] pimreg: left allmulticast mode
[   27.351852] pimreg: left allmulticast mode
[   27.352108] pimreg: left allmulticast mode
[   27.352525] pimreg: left allmulticast mode
[   27.352830] pimreg: left allmulticast mode
[   27.353119] pimreg: left allmulticast mode
[   27.353767] pimreg: left allmulticast mode
[   27.368447] pimreg: entered allmulticast mode
[   27.395728] pimreg: entered allmulticast mode
[   27.407462] pimreg: entered allmulticast mode
[   27.430235] pimreg: entered allmulticast mode
[   27.454046] pimreg: entered allmulticast mode
[   27.469809] pimreg: entered allmulticast mode
[   27.489342] pimreg: entered allmulticast mode
[   27.514060] pimreg: entered allmulticast mode
[   27.537251] pimreg: entered allmulticast mode
[   27.550520] pimreg: left allmulticast mode
[   27.550878] pimreg: left allmulticast mode
[   27.551134] pimreg: left allmulticast mode
[   27.551382] pimreg: left allmulticast mode
[   27.551704] pimreg: left allmulticast mode
[   27.551997] pimreg: left allmulticast mode
[   27.552303] pimreg: left allmulticast mode
[   27.552591] pimreg: left allmulticast mode
[   27.552885] pimreg: left allmulticast mode
[   27.567384] pimreg: entered allmulticast mode
[   27.596975] pimreg: entered allmulticast mode
[   27.622354] pimreg: entered allmulticast mode
[   27.633472] pimreg: entered allmulticast mode
[   27.653965] pimreg: entered allmulticast mode
[   27.673395] pimreg: entered allmulticast mode
[   27.697590] pimreg: entered allmulticast mode
[   27.718288] pimreg: left allmulticast mode
[   27.718634] pimreg: left allmulticast mode
[   27.718917] pimreg: left allmulticast mode
[   27.719165] pimreg: left allmulticast mode
[   27.720186] pimreg: left allmulticast mode
[   27.720532] pimreg: left allmulticast mode
[   27.720855] pimreg: left allmulticast mode
[   27.732540] pimreg: entered allmulticast mode
[   27.758002] pimreg: entered allmulticast mode
[   27.777790] pimreg: entered allmulticast mode
[   27.790648] pimreg: entered allmulticast mode
[   27.814047] pimreg: entered allmulticast mode
[   27.837862] pimreg: entered allmulticast mode
[   27.861702] pimreg: entered allmulticast mode
[   27.885631] pimreg: entered allmulticast mode
[   27.909685] pimreg: entered allmulticast mode
[   27.914381] pimreg: left allmulticast mode
[   27.914798] pimreg: left allmulticast mode
[   27.915100] pimreg: left allmulticast mode
[   27.915393] pimreg: left allmulticast mode
[   27.915687] pimreg: left allmulticast mode
[   27.916007] pimreg: left allmulticast mode
[   27.916801] pimreg: left allmulticast mode
[   27.917123] pimreg: left allmulticast mode
[   27.917856] pimreg: left allmulticast mode
[   27.931559] pimreg: entered allmulticast mode
[   27.959404] pimreg: entered allmulticast mode
[   27.977962] pimreg: entered allmulticast mode
[   28.002328] pimreg: entered allmulticast mode
[   28.025477] pimreg: entered allmulticast mode
[   28.049529] pimreg: entered allmulticast mode
[   28.074064] pimreg: entered allmulticast mode
[   28.097934] pimreg: entered allmulticast mode
[   28.103240] pimreg: left allmulticast mode
[   28.103593] pimreg: left allmulticast mode
[   28.103890] pimreg: left allmulticast mode
[   28.104149] pimreg: left allmulticast mode
[   28.104398] pimreg: left allmulticast mode
[   28.104705] pimreg: left allmulticast mode
[   28.105416] pimreg: left allmulticast mode
[   28.121533] pimreg: entered allmulticast mode
[   28.149131] pimreg: entered allmulticast mode
[   28.162103] pimreg: entered allmulticast mode
[   28.189965] pimreg: entered allmulticast mode
[   28.209722] pimreg: entered allmulticast mode
[   28.237457] pimreg: entered allmulticast mode
[   28.261634] pimreg: entered allmulticast mode
[   28.285281] pimreg: entered allmulticast mode
[   28.302679] pimreg: left allmulticast mode
[   28.303051] pimreg: left allmulticast mode
[   28.303316] pimreg: left allmulticast mode
[   28.303562] pimreg: left allmulticast mode
[   28.303856] pimreg: left allmulticast mode
[   28.304581] pimreg: left allmulticast mode
[   28.304935] pimreg: left allmulticast mode
[   28.305529] pimreg: left allmulticast mode
[   28.305796] pimreg: left allmulticast mode
[   28.319732] pimreg: entered allmulticast mode
[   28.344643] pimreg: entered allmulticast mode
[   28.371238] pimreg: entered allmulticast mode
[   28.394470] pimreg: entered allmulticast mode
[   28.418077] pimreg: entered allmulticast mode
[   28.441604] pimreg: entered allmulticast mode
[   28.465485] pimreg: entered allmulticast mode
[   28.489856] pimreg: entered allmulticast mode
[   28.513364] pimreg: entered allmulticast mode
[   28.526517] pimreg: left allmulticast mode
[   28.526867] pimreg: left allmulticast mode
[   28.527117] pimreg: left allmulticast mode
[   28.527408] pimreg: left allmulticast mode
[   28.527700] pimreg: left allmulticast mode
[   28.527986] pimreg: left allmulticast mode
[   28.528274] pimreg: left allmulticast mode
[   28.528557] pimreg: left allmulticast mode
[   28.528848] pimreg: left allmulticast mode
[   28.544761] pimreg: entered allmulticast mode
[   28.567783] pimreg: entered allmulticast mode
[   28.593599] pimreg: entered allmulticast mode
[   28.614111] pimreg: entered allmulticast mode
[   28.625636] pimreg: entered allmulticast mode
[   28.649385] pimreg: entered allmulticast mode
[   28.673119] pimreg: entered allmulticast mode
[   28.698055] pimreg: entered allmulticast mode
[   28.721684] pimreg: entered allmulticast mode
[   28.727104] pimreg: left allmulticast mode
[   28.727707] pimreg: left allmulticast mode
[   28.727985] pimreg: left allmulticast mode
[   28.728231] pimreg: left allmulticast mode
[   28.728536] pimreg: left allmulticast mode
[   28.728830] pimreg: left allmulticast mode
[   28.729118] pimreg: left allmulticast mode
[   28.729487] pimreg: left allmulticast mode
[   28.749563] pimreg: entered allmulticast mode
[   28.767311] pimreg: entered allmulticast mode
[   28.785611] pimreg: entered allmulticast mode
[   28.811057] pimreg: entered allmulticast mode
[   28.849588] pimreg: entered allmulticast mode
[   28.873721] pimreg: entered allmulticast mode
[   28.901416] pimreg: entered allmulticast mode
[   28.925725] pimreg: entered allmulticast mode
[   28.946135] pimreg: left allmulticast mode
[   28.946486] pimreg: left allmulticast mode
[   28.946756] pimreg: left allmulticast mode
[   28.947810] pimreg: left allmulticast mode
[   28.948221] pimreg: left allmulticast mode
[   28.948481] pimreg: left allmulticast mode
[   28.948746] pimreg: left allmulticast mode
[   28.949049] pimreg: left allmulticast mode
[   28.949420] pimreg: left allmulticast mode
[   28.963338] pimreg: entered allmulticast mode
[   28.989405] pimreg: entered allmulticast mode
[   29.006187] pimreg: entered allmulticast mode
[   29.026290] pimreg: entered allmulticast mode
[   29.049348] pimreg: entered allmulticast mode
[   29.073606] pimreg: entered allmulticast mode
[   29.097400] pimreg: entered allmulticast mode
[   29.121680] pimreg: entered allmulticast mode
[   29.146170] pimreg: entered allmulticast mode
[   29.166708] pimreg: left allmulticast mode
[   29.167018] pimreg: left allmulticast mode
[   29.167265] pimreg: left allmulticast mode
[   29.167548] pimreg: left allmulticast mode
[   29.167850] pimreg: left allmulticast mode
[   29.168151] pimreg: left allmulticast mode
[   29.168477] pimreg: left allmulticast mode
[   29.168789] pimreg: left allmulticast mode
[   29.169088] pimreg: left allmulticast mode
[   29.169788] pimreg: left allmulticast mode
[   29.185208] pimreg: entered allmulticast mode
[   29.223250] pimreg: entered allmulticast mode
[   29.242691] pimreg: entered allmulticast mode
[   29.266911] pimreg: entered allmulticast mode
[   29.289831] pimreg: entered allmulticast mode
[   29.309827] pimreg: entered allmulticast mode
[   29.333666] pimreg: entered allmulticast mode
[   29.361808] pimreg: entered allmulticast mode
[   29.385906] pimreg: entered allmulticast mode
[   29.409639] pimreg: entered allmulticast mode
[   29.414610] pimreg: left allmulticast mode
[   29.414967] pimreg: left allmulticast mode
[   29.415227] pimreg: left allmulticast mode
[   29.415482] pimreg: left allmulticast mode
[   29.415739] pimreg: left allmulticast mode
[   29.416221] pimreg: left allmulticast mode
[   29.416981] pimreg: left allmulticast mode
[   29.417705] pimreg: left allmulticast mode
[   29.418045] pimreg: left allmulticast mode
[   29.432017] pimreg: entered allmulticast mode
[   29.451507] pimreg: entered allmulticast mode
[   29.477599] pimreg: entered allmulticast mode
[   29.501731] pimreg: entered allmulticast mode
[   29.525475] pimreg: entered allmulticast mode
[   29.549788] pimreg: entered allmulticast mode
[   29.573545] pimreg: entered allmulticast mode
[   29.597715] pimreg: entered allmulticast mode
[   29.618237] pimreg: left allmulticast mode
[   29.618601] pimreg: left allmulticast mode
[   29.618853] pimreg: left allmulticast mode
[   29.619241] pimreg: left allmulticast mode
[   29.619549] pimreg: left allmulticast mode
[   29.619974] pimreg: left allmulticast mode
[   29.620284] pimreg: left allmulticast mode
[   29.620592] pimreg: left allmulticast mode
[   29.633544] pimreg: entered allmulticast mode
[   29.656170] pimreg: entered allmulticast mode
[   29.677256] pimreg: entered allmulticast mode
[   29.690027] pimreg: entered allmulticast mode
[   29.710373] pimreg: left allmulticast mode
[   29.710794] pimreg: left allmulticast mode
[   29.711110] pimreg: left allmulticast mode
[   29.711415] pimreg: left allmulticast mode
[   29.720250] pimreg: entered allmulticast mode
[   29.734761] pimreg: entered allmulticast mode
[   29.746535] pimreg: entered allmulticast mode
[   29.765742] pimreg: entered allmulticast mode
[   29.785931] pimreg: entered allmulticast mode
[   29.809359] pimreg: entered allmulticast mode
[   29.826085] pimreg: left allmulticast mode
[   29.826782] pimreg: left allmulticast mode
[   29.827105] pimreg: left allmulticast mode
[   29.827404] pimreg: left allmulticast mode
[   29.827728] pimreg: left allmulticast mode
[   29.828024] pimreg: left allmulticast mode
[   29.838053] pimreg: entered allmulticast mode
[   29.856851] pimreg: entered allmulticast mode
[   29.887103] pimreg: entered allmulticast mode
[   29.910193] pimreg: entered allmulticast mode
[   29.930197] pimreg: entered allmulticast mode
[   29.953394] pimreg: entered allmulticast mode
[   29.977161] pimreg: entered allmulticast mode
[   29.998244] pimreg: left allmulticast mode
[   29.998701] pimreg: left allmulticast mode
[   29.999433] pimreg: left allmulticast mode
[   29.999873] pimreg: left allmulticast mode
[   30.000138] pimreg: left allmulticast mode
[   30.000435] pimreg: left allmulticast mode
[   30.000740] pimreg: left allmulticast mode
[   30.011804] pimreg: entered allmulticast mode
[   30.034620] pimreg: entered allmulticast mode
[   30.053047] pimreg: entered allmulticast mode
[   30.065058] pimreg: entered allmulticast mode
[   30.089363] pimreg: entered allmulticast mode
[   30.113456] pimreg: entered allmulticast mode
[   30.133904] pimreg: entered allmulticast mode
[   30.154249] pimreg: left allmulticast mode
[   30.154616] pimreg: left allmulticast mode
[   30.154870] pimreg: left allmulticast mode
[   30.155163] pimreg: left allmulticast mode
[   30.156164] pimreg: left allmulticast mode
[   30.156526] pimreg: left allmulticast mode
[   30.156838] pimreg: left allmulticast mode
[   30.168590] pimreg: entered allmulticast mode
[   30.194787] pimreg: entered allmulticast mode
[   30.207828] pimreg: entered allmulticast mode
[   30.226415] pimreg: entered allmulticast mode
[   30.249531] pimreg: entered allmulticast mode
[   30.277745] pimreg: entered allmulticast mode
[   30.301821] pimreg: entered allmulticast mode
[   30.318113] pimreg: left allmulticast mode
[   30.318460] pimreg: left allmulticast mode
[   30.318726] pimreg: left allmulticast mode
[   30.318974] pimreg: left allmulticast mode
[   30.319253] pimreg: left allmulticast mode
[   30.319570] pimreg: left allmulticast mode
[   30.319874] pimreg: left allmulticast mode
[   30.331354] pimreg: entered allmulticast mode
[   30.350103] pimreg: entered allmulticast mode
[   30.374142] pimreg: entered allmulticast mode
[   30.387789] pimreg: entered allmulticast mode
[   30.409734] pimreg: entered allmulticast mode
[   30.429869] pimreg: entered allmulticast mode
[   30.461680] pimreg: entered allmulticast mode
[   30.486533] pimreg: entered allmulticast mode
[   30.486912] pimreg: left allmulticast mode
[   30.487245] pimreg: left allmulticast mode
[   30.487507] pimreg: left allmulticast mode
[   30.487783] pimreg: left allmulticast mode
[   30.488083] pimreg: left allmulticast mode
[   30.488385] pimreg: left allmulticast mode
[   30.488678] pimreg: left allmulticast mode
[   30.501616] pimreg: entered allmulticast mode
[   30.533469] pimreg: entered allmulticast mode
[   30.559585] pimreg: entered allmulticast mode
[   30.582462] pimreg: entered allmulticast mode
[   30.605481] pimreg: entered allmulticast mode
[   30.629979] pimreg: entered allmulticast mode
[   30.653619] pimreg: entered allmulticast mode
[   30.673697] pimreg: entered allmulticast mode
[   30.674052] pimreg: left allmulticast mode
[   30.674389] pimreg: left allmulticast mode
[   30.674650] pimreg: left allmulticast mode
[   30.674932] pimreg: left allmulticast mode
[   30.675185] pimreg: left allmulticast mode
[   30.675475] pimreg: left allmulticast mode
[   30.675789] pimreg: left allmulticast mode
[   30.676079] pimreg: left allmulticast mode
[   30.689164] pimreg: entered allmulticast mode
[   30.718268] pimreg: entered allmulticast mode
[   30.735291] pimreg: entered allmulticast mode
[   30.757548] pimreg: entered allmulticast mode
[   30.777152] pimreg: entered allmulticast mode
[   30.798018] pimreg: entered allmulticast mode
[   30.821718] pimreg: entered allmulticast mode
[   30.845712] pimreg: entered allmulticast mode
[   30.870146] pimreg: left allmulticast mode
[   30.870483] pimreg: left allmulticast mode
[   30.870750] pimreg: left allmulticast mode
[   30.871060] pimreg: left allmulticast mode
[   30.871369] pimreg: left allmulticast mode
[   30.871683] pimreg: left allmulticast mode
[   30.871994] pimreg: left allmulticast mode
[   30.872925] pimreg: left allmulticast mode
[   30.873434] pimreg: left allmulticast mode
[   30.887415] pimreg: entered allmulticast mode
[   30.907598] pimreg: entered allmulticast mode
[   30.933269] pimreg: entered allmulticast mode
[   30.953719] pimreg: entered allmulticast mode
[   30.973565] pimreg: entered allmulticast mode
[   30.997478] pimreg: entered allmulticast mode
[   31.021748] pimreg: entered allmulticast mode
[   31.045506] pimreg: entered allmulticast mode
[   31.069683] pimreg: entered allmulticast mode
[   31.070838] pimreg: left allmulticast mode
[   31.071203] pimreg: left allmulticast mode
[   31.071460] pimreg: left allmulticast mode
[   31.071779] pimreg: left allmulticast mode
[   31.072081] pimreg: left allmulticast mode
[   31.072362] pimreg: left allmulticast mode
[   31.072668] pimreg: left allmulticast mode
[   31.072975] pimreg: left allmulticast mode
[   31.089501] pimreg: entered allmulticast mode
[   31.122407] pimreg: entered allmulticast mode
[   31.147369] pimreg: entered allmulticast mode
[   31.170453] pimreg: entered allmulticast mode
[   31.185614] pimreg: entered allmulticast mode
[   31.205490] pimreg: entered allmulticast mode
[   31.225575] pimreg: entered allmulticast mode
[   31.245562] pimreg: entered allmulticast mode
[   31.270308] pimreg: entered allmulticast mode
[   31.270926] pimreg: left allmulticast mode
[   31.271285] pimreg: left allmulticast mode
[   31.271586] pimreg: left allmulticast mode
[   31.271904] pimreg: left allmulticast mode
[   31.272203] pimreg: left allmulticast mode
[   31.272543] pimreg: left allmulticast mode
[   31.272858] pimreg: left allmulticast mode
[   31.273144] pimreg: left allmulticast mode
[   31.273515] pimreg: left allmulticast mode
[   31.288594] pimreg: entered allmulticast mode
[   31.319363] pimreg: entered allmulticast mode
[   31.339324] pimreg: entered allmulticast mode
[   31.351195] pimreg: entered allmulticast mode
[   31.373602] pimreg: entered allmulticast mode
[   31.393300] pimreg: entered allmulticast mode
[   31.417990] pimreg: entered allmulticast mode
[   31.441626] pimreg: entered allmulticast mode
[   31.465909] pimreg: entered allmulticast mode
[   31.494594] pimreg: left allmulticast mode
[   31.494890] pimreg: left allmulticast mode
[   31.495140] pimreg: left allmulticast mode
[   31.495450] pimreg: left allmulticast mode
[   31.495769] pimreg: left allmulticast mode
[   31.496074] pimreg: left allmulticast mode
[   31.496380] pimreg: left allmulticast mode
[   31.496670] pimreg: left allmulticast mode
[   31.496963] pimreg: left allmulticast mode
[   31.497331] pimreg: left allmulticast mode
[   31.512723] pimreg: entered allmulticast mode
[   31.540942] pimreg: entered allmulticast mode
[   31.556536] pimreg: entered allmulticast mode
[   31.577670] pimreg: entered allmulticast mode
[   31.602607] pimreg: entered allmulticast mode
[   31.617973] pimreg: entered allmulticast mode
[   31.638093] pimreg: entered allmulticast mode
[   31.661686] pimreg: entered allmulticast mode
[   31.686089] pimreg: entered allmulticast mode
[   31.713719] pimreg: entered allmulticast mode
[   31.718487] pimreg: left allmulticast mode
[   31.718853] pimreg: left allmulticast mode
[   31.719111] pimreg: left allmulticast mode
[   31.719373] pimreg: left allmulticast mode
[   31.719628] pimreg: left allmulticast mode
[   31.719913] pimreg: left allmulticast mode
[   31.720168] pimreg: left allmulticast mode
[   31.720415] pimreg: left allmulticast mode
[   31.721829] pimreg: left allmulticast mode
[   31.722121] pimreg: left allmulticast mode
[   31.737940] pimreg: entered allmulticast mode
[   31.768049] pimreg: entered allmulticast mode
[   31.791032] pimreg: entered allmulticast mode
[   31.814064] pimreg: entered allmulticast mode
[   31.833342] pimreg: entered allmulticast mode
[   31.857883] pimreg: entered allmulticast mode
[   31.882027] pimreg: entered allmulticast mode
[   31.909899] pimreg: entered allmulticast mode
[   31.930252] pimreg: entered allmulticast mode
[   31.942430] pimreg: left allmulticast mode
[   31.942911] pimreg: left allmulticast mode
[   31.943173] pimreg: left allmulticast mode
[   31.943424] pimreg: left allmulticast mode
[   31.943686] pimreg: left allmulticast mode
[   31.943993] pimreg: left allmulticast mode
[   31.944285] pimreg: left allmulticast mode
[   31.944582] pimreg: left allmulticast mode
[   31.944869] pimreg: left allmulticast mode
[   31.959512] pimreg: entered allmulticast mode
[   31.987148] pimreg: entered allmulticast mode
[   32.012601] pimreg: entered allmulticast mode
[   32.034582] pimreg: entered allmulticast mode
[   32.049301] pimreg: entered allmulticast mode
[   32.061772] pimreg: entered allmulticast mode
[   32.086152] pimreg: entered allmulticast mode
[   32.109724] pimreg: entered allmulticast mode
[   32.133109] pimreg: entered allmulticast mode
[   32.146488] pimreg: left allmulticast mode
[   32.147020] pimreg: left allmulticast mode
[   32.147285] pimreg: left allmulticast mode
[   32.147554] pimreg: left allmulticast mode
[   32.147800] pimreg: left allmulticast mode
[   32.148084] pimreg: left allmulticast mode
[   32.148386] pimreg: left allmulticast mode
[   32.148697] pimreg: left allmulticast mode
[   32.149000] pimreg: left allmulticast mode
[   32.164801] pimreg: entered allmulticast mode
[   32.187771] pimreg: entered allmulticast mode
[   32.210707] pimreg: entered allmulticast mode
[   32.221091] pimreg: entered allmulticast mode
[   32.245621] pimreg: entered allmulticast mode
[   32.269709] pimreg: entered allmulticast mode
[   32.293481] pimreg: entered allmulticast mode
[   32.313434] pimreg: entered allmulticast mode
[   32.337756] pimreg: entered allmulticast mode
[   32.365039] pimreg: entered allmulticast mode
[   32.378434] pimreg: left allmulticast mode
[   32.378766] pimreg: left allmulticast mode
[   32.379057] pimreg: left allmulticast mode
[   32.379357] pimreg: left allmulticast mode
[   32.379654] pimreg: left allmulticast mode
[   32.379956] pimreg: left allmulticast mode
[   32.380243] pimreg: left allmulticast mode
[   32.380553] pimreg: left allmulticast mode
[   32.380851] pimreg: left allmulticast mode
[   32.381136] pimreg: left allmulticast mode
[   32.396651] pimreg: entered allmulticast mode
[   32.416423] pimreg: entered allmulticast mode
[   32.434985] pimreg: entered allmulticast mode
[   32.454786] pimreg: entered allmulticast mode
[   32.477734] pimreg: entered allmulticast mode
[   32.509730] pimreg: entered allmulticast mode
[   32.529201] pimreg: entered allmulticast mode
[   32.557852] pimreg: entered allmulticast mode
[   32.581649] pimreg: entered allmulticast mode
[   32.605644] pimreg: entered allmulticast mode
[   32.618530] pimreg: left allmulticast mode
[   32.618876] pimreg: left allmulticast mode
[   32.619128] pimreg: left allmulticast mode
[   32.619427] pimreg: left allmulticast mode
[   32.619731] pimreg: left allmulticast mode
[   32.620027] pimreg: left allmulticast mode
[   32.620324] pimreg: left allmulticast mode
[   32.620993] pimreg: left allmulticast mode
[   32.621807] pimreg: left allmulticast mode
[   32.622139] pimreg: left allmulticast mode
[   32.637320] pimreg: entered allmulticast mode
[   32.672163] pimreg: entered allmulticast mode
[   32.694169] pimreg: entered allmulticast mode
[   32.706184] pimreg: entered allmulticast mode
[   32.729848] pimreg: entered allmulticast mode
[   32.753979] pimreg: entered allmulticast mode
[   32.777461] pimreg: entered allmulticast mode
[   32.801574] pimreg: entered allmulticast mode
[   32.821076] pimreg: entered allmulticast mode
[   32.842306] pimreg: entered allmulticast mode
[   32.862157] pimreg: left allmulticast mode
[   32.862519] pimreg: left allmulticast mode
[   32.862784] pimreg: left allmulticast mode
[   32.863032] pimreg: left allmulticast mode
[   32.863330] pimreg: left allmulticast mode
[   32.864104] pimreg: left allmulticast mode
[   32.864366] pimreg: left allmulticast mode
[   32.864626] pimreg: left allmulticast mode
[   32.864924] pimreg: left allmulticast mode
[   32.865254] pimreg: left allmulticast mode
[   32.879630] pimreg: entered allmulticast mode
[   32.906281] pimreg: entered allmulticast mode
[   32.919264] pimreg: entered allmulticast mode
[   32.942391] pimreg: entered allmulticast mode
[   32.965497] pimreg: entered allmulticast mode
[   32.989855] pimreg: entered allmulticast mode
[   33.013596] pimreg: entered allmulticast mode
[   33.037768] pimreg: entered allmulticast mode
[   33.065653] pimreg: entered allmulticast mode
[   33.089338] pimreg: entered allmulticast mode
[   33.102453] pimreg: left allmulticast mode
[   33.102779] pimreg: left allmulticast mode
[   33.103030] pimreg: left allmulticast mode
[   33.103315] pimreg: left allmulticast mode
[   33.103616] pimreg: left allmulticast mode
[   33.103908] pimreg: left allmulticast mode
[   33.104188] pimreg: left allmulticast mode
[   33.104514] pimreg: left allmulticast mode
[   33.104816] pimreg: left allmulticast mode
[   33.105100] pimreg: left allmulticast mode
[   33.121144] pimreg: entered allmulticast mode
[   33.144879] pimreg: entered allmulticast mode
[   33.158097] pimreg: entered allmulticast mode
[   33.183580] pimreg: entered allmulticast mode
[   33.205749] pimreg: entered allmulticast mode
[   33.221734] pimreg: entered allmulticast mode
[   33.241653] pimreg: entered allmulticast mode
[   33.266649] pimreg: left allmulticast mode
[   33.266996] pimreg: left allmulticast mode
[   33.267316] pimreg: left allmulticast mode
[   33.267644] pimreg: left allmulticast mode
[   33.267948] pimreg: left allmulticast mode
[   33.268254] pimreg: left allmulticast mode
[   33.268559] pimreg: left allmulticast mode
[   33.280320] pimreg: entered allmulticast mode
[   33.301343] pimreg: entered allmulticast mode
[   33.325449] pimreg: entered allmulticast mode
[   33.338214] pimreg: entered allmulticast mode
[   33.362044] pimreg: entered allmulticast mode
[   33.385757] pimreg: entered allmulticast mode
[   33.390403] pimreg: left allmulticast mode
[   33.390765] pimreg: left allmulticast mode
[   33.391080] pimreg: left allmulticast mode
[   33.391372] pimreg: left allmulticast mode
[   33.391679] pimreg: left allmulticast mode
[   33.406514] pimreg: entered allmulticast mode
[   33.417909] pimreg: entered allmulticast mode
[   33.441764] pimreg: entered allmulticast mode
[   33.461385] pimreg: entered allmulticast mode
[   33.473869] pimreg: entered allmulticast mode
[   33.497993] pimreg: entered allmulticast mode
[   33.518022] pimreg: left allmulticast mode
[   33.518357] pimreg: left allmulticast mode
[   33.518629] pimreg: left allmulticast mode
[   33.518926] pimreg: left allmulticast mode
[   33.519216] pimreg: left allmulticast mode
[   33.519533] pimreg: left allmulticast mode
[   33.519848] pimreg: left allmulticast mode
[   33.531217] pimreg: entered allmulticast mode
[   33.545010] pimreg: entered allmulticast mode
[   33.559350] pimreg: entered allmulticast mode
[   33.577348] pimreg: entered allmulticast mode
[   33.590108] pimreg: entered allmulticast mode
[   33.610408] pimreg: entered allmulticast mode
[   33.626468] pimreg: left allmulticast mode
[   33.626760] pimreg: left allmulticast mode
[   33.627008] pimreg: left allmulticast mode
[   33.627276] pimreg: left allmulticast mode
[   33.627590] pimreg: left allmulticast mode
[   33.627895] pimreg: left allmulticast mode
[   33.638174] pimreg: entered allmulticast mode
[   33.657058] pimreg: entered allmulticast mode
[   33.678571] pimreg: entered allmulticast mode
[   33.689766] pimreg: entered allmulticast mode
[   33.714181] pimreg: entered allmulticast mode
[   33.729056] pimreg: entered allmulticast mode
[   33.742334] pimreg: entered allmulticast mode
[   33.749709] pimreg: left allmulticast mode
[   33.750048] pimreg: left allmulticast mode
[   33.750298] pimreg: left allmulticast mode
[   33.750560] pimreg: left allmulticast mode
[   33.750848] pimreg: left allmulticast mode
[   33.751141] pimreg: left allmulticast mode
[   33.751438] pimreg: left allmulticast mode
[   33.763894] pimreg: entered allmulticast mode
[   33.784838] pimreg: entered allmulticast mode
[   33.812476] pimreg: entered allmulticast mode
[   33.837158] pimreg: entered allmulticast mode
[   33.858508] pimreg: entered allmulticast mode
[   33.881669] pimreg: entered allmulticast mode
[   33.906763] pimreg: left allmulticast mode
[   33.907123] pimreg: left allmulticast mode
[   33.907404] pimreg: left allmulticast mode
[   33.907694] pimreg: left allmulticast mode
[   33.907953] pimreg: left allmulticast mode
[   33.908586] pimreg: left allmulticast mode
[   33.919563] pimreg: entered allmulticast mode
[   33.941549] pimreg: entered allmulticast mode
[   33.966827] pimreg: entered allmulticast mode
[   33.989836] pimreg: entered allmulticast mode
[   34.009604] pimreg: entered allmulticast mode
[   34.033694] pimreg: entered allmulticast mode
[   34.053378] pimreg: entered allmulticast mode
[   34.072322] pimreg: left allmulticast mode
[   34.072685] pimreg: left allmulticast mode
[   34.072952] pimreg: left allmulticast mode
[   34.073209] pimreg: left allmulticast mode
[   34.073520] pimreg: left allmulticast mode
[   34.073808] pimreg: left allmulticast mode
[   34.074055] pimreg: left allmulticast mode
[   34.085383] pimreg: entered allmulticast mode
[   34.117048] pimreg: entered allmulticast mode
[   34.137442] pimreg: entered allmulticast mode
[   34.162051] pimreg: entered allmulticast mode
[   34.185717] pimreg: entered allmulticast mode
[   34.205160] pimreg: entered allmulticast mode
[   34.226429] pimreg: entered allmulticast mode
[   34.242378] pimreg: left allmulticast mode
[   34.242830] pimreg: left allmulticast mode
[   34.243085] pimreg: left allmulticast mode
[   34.243749] pimreg: left allmulticast mode
[   34.244061] pimreg: left allmulticast mode
[   34.244342] pimreg: left allmulticast mode
[   34.244645] pimreg: left allmulticast mode
[   34.256344] pimreg: entered allmulticast mode
[   34.270522] pimreg: entered allmulticast mode
[   34.294471] pimreg: entered allmulticast mode
[   34.326160] pimreg: entered allmulticast mode
[   34.357588] pimreg: entered allmulticast mode
[   34.378037] pimreg: entered allmulticast mode
[   34.402969] pimreg: entered allmulticast mode
[   34.426569] pimreg: entered allmulticast mode
[   34.427001] pimreg: left allmulticast mode
[   34.427341] pimreg: left allmulticast mode
[   34.427611] pimreg: left allmulticast mode
[   34.427871] pimreg: left allmulticast mode
[   34.428418] pimreg: left allmulticast mode
[   34.428680] pimreg: left allmulticast mode
[   34.428935] pimreg: left allmulticast mode
[   34.440415] pimreg: entered allmulticast mode
[   34.468674] pimreg: entered allmulticast mode
[   34.499693] pimreg: entered allmulticast mode
[   34.517722] pimreg: entered allmulticast mode
[   34.537790] pimreg: entered allmulticast mode
[   34.557570] pimreg: entered allmulticast mode
[   34.577616] pimreg: entered allmulticast mode
[   34.598169] pimreg: entered allmulticast mode
[   34.602586] pimreg: left allmulticast mode
[   34.602935] pimreg: left allmulticast mode
[   34.603185] pimreg: left allmulticast mode
[   34.603502] pimreg: left allmulticast mode
[   34.603810] pimreg: left allmulticast mode
[   34.604098] pimreg: left allmulticast mode
[   34.604397] pimreg: left allmulticast mode
[   34.604695] pimreg: left allmulticast mode
[   34.605001] pimreg: left allmulticast mode
[   34.620496] pimreg: entered allmulticast mode
[   34.643531] pimreg: entered allmulticast mode
[   34.657692] pimreg: entered allmulticast mode
[   34.669398] pimreg: entered allmulticast mode
[   34.693414] pimreg: entered allmulticast mode
[   34.717800] pimreg: entered allmulticast mode
[   34.737364] pimreg: entered allmulticast mode
[   34.761972] pimreg: entered allmulticast mode
[   34.787350] pimreg: left allmulticast mode
[   34.787664] pimreg: left allmulticast mode
[   34.787926] pimreg: left allmulticast mode
[   34.788173] pimreg: left allmulticast mode
[   34.788490] pimreg: left allmulticast mode
[   34.788895] pimreg: left allmulticast mode
[   34.789209] pimreg: left allmulticast mode
[   34.789888] pimreg: left allmulticast mode
[   34.802658] pimreg: entered allmulticast mode
[   34.843238] pimreg: entered allmulticast mode
[   34.865809] pimreg: entered allmulticast mode
[   34.889723] pimreg: entered allmulticast mode
[   34.918218] pimreg: entered allmulticast mode
[   34.937924] pimreg: entered allmulticast mode
[   34.957795] pimreg: entered allmulticast mode
[   34.981772] pimreg: entered allmulticast mode
[   35.005698] pimreg: entered allmulticast mode
[   35.022403] pimreg: left allmulticast mode
[   35.023274] pimreg: left allmulticast mode
[   35.024014] pimreg: left allmulticast mode
[   35.024310] pimreg: left allmulticast mode
[   35.024589] pimreg: left allmulticast mode
[   35.024893] pimreg: left allmulticast mode
[   35.025185] pimreg: left allmulticast mode
[   35.025544] pimreg: left allmulticast mode
[   35.025864] pimreg: left allmulticast mode
[   35.039656] pimreg: entered allmulticast mode
[   35.070954] pimreg: entered allmulticast mode
[   35.091529] pimreg: entered allmulticast mode
[   35.114851] pimreg: entered allmulticast mode
[   35.138052] pimreg: entered allmulticast mode
[   35.165109] pimreg: entered allmulticast mode
[   35.178712] pimreg: left allmulticast mode
[   35.179288] pimreg: left allmulticast mode
[   35.179599] pimreg: left allmulticast mode
[   35.179852] pimreg: left allmulticast mode
[   35.180102] pimreg: left allmulticast mode
[   35.180412] pimreg: left allmulticast mode
[   35.191764] pimreg: entered allmulticast mode
[   35.211887] pimreg: entered allmulticast mode
[   35.226983] pimreg: entered allmulticast mode
[   35.245708] pimreg: entered allmulticast mode
[   35.265694] pimreg: entered allmulticast mode
[   35.289514] pimreg: entered allmulticast mode
[   35.309510] pimreg: entered allmulticast mode
[   35.330487] pimreg: left allmulticast mode
[   35.330779] pimreg: left allmulticast mode
[   35.331035] pimreg: left allmulticast mode
[   35.331279] pimreg: left allmulticast mode
[   35.331578] pimreg: left allmulticast mode
[   35.332891] pimreg: left allmulticast mode
[   35.333205] pimreg: left allmulticast mode
[   35.345060] pimreg: entered allmulticast mode
[   35.366766] pimreg: entered allmulticast mode
[   35.379739] pimreg: entered allmulticast mode
[   35.406169] pimreg: entered allmulticast mode
[   35.433571] pimreg: entered allmulticast mode
[   35.454570] pimreg: entered allmulticast mode
[   35.477958] pimreg: entered allmulticast mode
[   35.501687] pimreg: entered allmulticast mode
[   35.506132] pimreg: left allmulticast mode
[   35.506481] pimreg: left allmulticast mode
[   35.506739] pimreg: left allmulticast mode
[   35.506994] pimreg: left allmulticast mode
[   35.507240] pimreg: left allmulticast mode
[   35.507514] pimreg: left allmulticast mode
[   35.507813] pimreg: left allmulticast mode
[   35.525612] pimreg: entered allmulticast mode
[   35.541749] pimreg: entered allmulticast mode
[   35.557559] pimreg: entered allmulticast mode
[   35.577534] pimreg: entered allmulticast mode
[   35.589427] pimreg: entered allmulticast mode
[   35.613538] pimreg: entered allmulticast mode
[   35.634712] pimreg: entered allmulticast mode
[   35.642919] pimreg: left allmulticast mode
[   35.643253] pimreg: left allmulticast mode
[   35.643526] pimreg: left allmulticast mode
[   35.643774] pimreg: left allmulticast mode
[   35.644085] pimreg: left allmulticast mode
[   35.644401] pimreg: left allmulticast mode
[   35.644706] pimreg: left allmulticast mode
[   35.658325] pimreg: entered allmulticast mode
[   35.684213] pimreg: entered allmulticast mode
[   35.704044] pimreg: entered allmulticast mode
[   35.726538] pimreg: entered allmulticast mode
[   35.749960] pimreg: entered allmulticast mode
[   35.765970] pimreg: entered allmulticast mode
[   35.782101] pimreg: left allmulticast mode
[   35.782475] pimreg: left allmulticast mode
[   35.782728] pimreg: left allmulticast mode
[   35.782975] pimreg: left allmulticast mode
[   35.783290] pimreg: left allmulticast mode
[   35.783923] pimreg: left allmulticast mode
[   35.784300] pimreg: left allmulticast mode
[   35.795347] pimreg: entered allmulticast mode
[   35.813832] pimreg: entered allmulticast mode
[   35.838279] pimreg: entered allmulticast mode
[   35.850370] pimreg: entered allmulticast mode
[   35.870033] pimreg: left allmulticast mode
[   35.870400] pimreg: left allmulticast mode
[   35.870662] pimreg: left allmulticast mode
[   35.870919] pimreg: left allmulticast mode
[   35.881189] pimreg: entered allmulticast mode
[   35.906661] pimreg: entered allmulticast mode
[   35.925451] pimreg: entered allmulticast mode
[   35.949394] pimreg: entered allmulticast mode
[   35.970467] pimreg: entered allmulticast mode
[   35.982629] pimreg: left allmulticast mode
[   35.982995] pimreg: left allmulticast mode
[   35.983257] pimreg: left allmulticast mode
[   35.983581] pimreg: left allmulticast mode
[   35.983875] pimreg: left allmulticast mode
[   35.994071] pimreg: entered allmulticast mode
[   36.024269] pimreg: entered allmulticast mode
[   36.044909] pimreg: entered allmulticast mode
[   36.058236] pimreg: entered allmulticast mode
[   36.077850] pimreg: entered allmulticast mode
[   36.097553] pimreg: entered allmulticast mode
[   36.114171] pimreg: left allmulticast mode
[   36.114533] pimreg: left allmulticast mode
[   36.114785] pimreg: left allmulticast mode
[   36.115080] pimreg: left allmulticast mode
[   36.115397] pimreg: left allmulticast mode
[   36.115697] pimreg: left allmulticast mode
[   36.126259] pimreg: entered allmulticast mode
[   36.151660] pimreg: entered allmulticast mode
[   36.169646] pimreg: entered allmulticast mode
[   36.182599] pimreg: entered allmulticast mode
[   36.205772] pimreg: entered allmulticast mode
[   36.233802] pimreg: entered allmulticast mode
[   36.257591] pimreg: entered allmulticast mode
[   36.281888] pimreg: entered allmulticast mode
[   36.302285] pimreg: left allmulticast mode
[   36.302659] pimreg: left allmulticast mode
[   36.302910] pimreg: left allmulticast mode
[   36.303644] pimreg: left allmulticast mode
[   36.304599] pimreg: left allmulticast mode
[   36.304916] pimreg: left allmulticast mode
[   36.305168] pimreg: left allmulticast mode
[   36.305494] pimreg: left allmulticast mode
[   36.318430] pimreg: entered allmulticast mode
[   36.346347] pimreg: entered allmulticast mode
[   36.371466] pimreg: entered allmulticast mode
[   36.393361] pimreg: entered allmulticast mode
[   36.421564] pimreg: entered allmulticast mode
[   36.445595] pimreg: entered allmulticast mode
[   36.469926] pimreg: entered allmulticast mode
[   36.485337] pimreg: entered allmulticast mode
[   36.498068] pimreg: entered allmulticast mode
[   36.518924] pimreg: left allmulticast mode
[   36.519216] pimreg: left allmulticast mode
[   36.519496] pimreg: left allmulticast mode
[   36.519744] pimreg: left allmulticast mode
[   36.520053] pimreg: left allmulticast mode
[   36.520683] pimreg: left allmulticast mode
[   36.520954] pimreg: left allmulticast mode
[   36.521198] pimreg: left allmulticast mode
[   36.521547] pimreg: left allmulticast mode
[   36.535945] pimreg: entered allmulticast mode
[   36.555851] pimreg: entered allmulticast mode
[   36.579746] pimreg: entered allmulticast mode
[   36.601925] pimreg: entered allmulticast mode
[   36.626298] pimreg: entered allmulticast mode
[   36.646157] pimreg: entered allmulticast mode
[   36.665716] pimreg: entered allmulticast mode
[   36.689686] pimreg: entered allmulticast mode
[   36.713429] pimreg: entered allmulticast mode
[   36.726715] pimreg: left allmulticast mode
[   36.727074] pimreg: left allmulticast mode
[   36.727370] pimreg: left allmulticast mode
[   36.727634] pimreg: left allmulticast mode
[   36.727940] pimreg: left allmulticast mode
[   36.728244] pimreg: left allmulticast mode
[   36.728560] pimreg: left allmulticast mode
[   36.728839] pimreg: left allmulticast mode
[   36.729129] pimreg: left allmulticast mode
[   36.743518] pimreg: entered allmulticast mode
[   36.763615] pimreg: entered allmulticast mode
[   36.782359] pimreg: entered allmulticast mode
[   36.806669] pimreg: entered allmulticast mode
[   36.829207] pimreg: entered allmulticast mode
[   36.853727] pimreg: entered allmulticast mode
[   36.873108] pimreg: entered allmulticast mode
[   36.897610] pimreg: entered allmulticast mode
[   36.902846] pimreg: left allmulticast mode
[   36.903617] pimreg: left allmulticast mode
[   36.903893] pimreg: left allmulticast mode
[   36.904196] pimreg: left allmulticast mode
[   36.904537] pimreg: left allmulticast mode
[   36.904837] pimreg: left allmulticast mode
[   36.905127] pimreg: left allmulticast mode
[   36.905781] pimreg: left allmulticast mode
[   36.918878] pimreg: entered allmulticast mode
[   36.943548] pimreg: entered allmulticast mode
[   36.961343] pimreg: entered allmulticast mode
[   36.974350] pimreg: entered allmulticast mode
[   36.998331] pimreg: entered allmulticast mode
[   37.022333] pimreg: entered allmulticast mode
[   37.030877] pimreg: left allmulticast mode
[   37.031389] pimreg: left allmulticast mode
[   37.031667] pimreg: left allmulticast mode
[   37.031936] pimreg: left allmulticast mode
[   37.032186] pimreg: left allmulticast mode
[   37.032445] pimreg: left allmulticast mode
[   37.044816] pimreg: entered allmulticast mode
[   37.072188] pimreg: entered allmulticast mode
[   37.090352] pimreg: entered allmulticast mode
[   37.110716] pimreg: entered allmulticast mode
[   37.129873] pimreg: entered allmulticast mode
[   37.149507] pimreg: entered allmulticast mode
[   37.169752] pimreg: entered allmulticast mode
[   37.186255] pimreg: left allmulticast mode
[   37.186735] pimreg: left allmulticast mode
[   37.187051] pimreg: left allmulticast mode
[   37.187360] pimreg: left allmulticast mode
[   37.188673] pimreg: left allmulticast mode
[   37.188973] pimreg: left allmulticast mode
[   37.189329] pimreg: left allmulticast mode
[   37.201425] pimreg: entered allmulticast mode
[   37.221852] pimreg: entered allmulticast mode
[   37.243699] pimreg: entered allmulticast mode
[   37.266371] pimreg: entered allmulticast mode
[   37.290223] pimreg: entered allmulticast mode
[   37.301272] pimreg: entered allmulticast mode
[   37.326123] pimreg: entered allmulticast mode
[   37.345585] pimreg: entered allmulticast mode
[   37.350210] pimreg: left allmulticast mode
[   37.350699] pimreg: left allmulticast mode
[   37.350973] pimreg: left allmulticast mode
[   37.351220] pimreg: left allmulticast mode
[   37.351524] pimreg: left allmulticast mode
[   37.351859] pimreg: left allmulticast mode
[   37.352343] pimreg: left allmulticast mode
[   37.352651] pimreg: left allmulticast mode
[   37.367047] pimreg: entered allmulticast mode
[   37.398350] pimreg: entered allmulticast mode
[   37.422415] pimreg: entered allmulticast mode
[   37.447039] pimreg: entered allmulticast mode
[   37.469519] pimreg: entered allmulticast mode
[   37.495048] pimreg: entered allmulticast mode
[   37.495449] pimreg: left allmulticast mode
[   37.495803] pimreg: left allmulticast mode
[   37.496072] pimreg: left allmulticast mode
[   37.496346] pimreg: left allmulticast mode
[   37.496639] pimreg: left allmulticast mode
[   37.496926] pimreg: left allmulticast mode
[   37.507987] pimreg: entered allmulticast mode
[   37.531868] pimreg: entered allmulticast mode
[   37.545847] pimreg: entered allmulticast mode
[   37.559301] pimreg: entered allmulticast mode
[   37.582043] pimreg: entered allmulticast mode
[   37.605476] pimreg: entered allmulticast mode
[   37.629543] pimreg: entered allmulticast mode
[   37.653597] pimreg: entered allmulticast mode
[   37.670410] pimreg: left allmulticast mode
[   37.670716] pimreg: left allmulticast mode
[   37.670970] pimreg: left allmulticast mode
[   37.671283] pimreg: left allmulticast mode
[   37.671573] pimreg: left allmulticast mode
[   37.671988] pimreg: left allmulticast mode
[   37.672303] pimreg: left allmulticast mode
[   37.672613] pimreg: left allmulticast mode
[   37.685188] pimreg: entered allmulticast mode
[   37.707215] pimreg: entered allmulticast mode
[   37.719496] pimreg: entered allmulticast mode
[   37.737086] pimreg: entered allmulticast mode
[   37.761364] pimreg: entered allmulticast mode
[   37.786117] pimreg: entered allmulticast mode
[   37.810032] pimreg: entered allmulticast mode
[   37.829737] pimreg: entered allmulticast mode
[   37.853609] pimreg: entered allmulticast mode
[   37.858339] pimreg: left allmulticast mode
[   37.858675] pimreg: left allmulticast mode
[   37.858937] pimreg: left allmulticast mode
[   37.859187] pimreg: left allmulticast mode
[   37.859495] pimreg: left allmulticast mode
[   37.859799] pimreg: left allmulticast mode
[   37.860734] pimreg: left allmulticast mode
[   37.861052] pimreg: left allmulticast mode
[   37.861923] pimreg: left allmulticast mode
[   37.876738] pimreg: entered allmulticast mode
[   37.901963] pimreg: entered allmulticast mode
[   37.928730] pimreg: entered allmulticast mode
[   37.946626] pimreg: entered allmulticast mode
[   37.969082] pimreg: entered allmulticast mode
[   37.993485] pimreg: entered allmulticast mode
[   38.018358] pimreg: entered allmulticast mode
[   38.037962] pimreg: entered allmulticast mode
[   38.053591] pimreg: entered allmulticast mode
[   38.077483] pimreg: entered allmulticast mode
[   38.082407] pimreg: left allmulticast mode
[   38.082735] pimreg: left allmulticast mode
[   38.082992] pimreg: left allmulticast mode
[   38.083295] pimreg: left allmulticast mode
[   38.083591] pimreg: left allmulticast mode
[   38.083900] pimreg: left allmulticast mode
[   38.084200] pimreg: left allmulticast mode
[   38.084498] pimreg: left allmulticast mode
[   38.084780] pimreg: left allmulticast mode
[   38.101362] pimreg: entered allmulticast mode
[   38.130579] pimreg: entered allmulticast mode
[   38.152880] pimreg: entered allmulticast mode
[   38.174807] pimreg: entered allmulticast mode
[   38.194209] pimreg: entered allmulticast mode
[   38.213815] pimreg: entered allmulticast mode
[   38.237714] pimreg: entered allmulticast mode
[   38.262570] pimreg: entered allmulticast mode
[   38.285781] pimreg: entered allmulticast mode
[   38.306985] pimreg: left allmulticast mode
[   38.307334] pimreg: left allmulticast mode
[   38.307609] pimreg: left allmulticast mode
[   38.307857] pimreg: left allmulticast mode
[   38.308167] pimreg: left allmulticast mode
[   38.308482] pimreg: left allmulticast mode
[   38.308771] pimreg: left allmulticast mode
[   38.309064] pimreg: left allmulticast mode
[   38.309418] pimreg: left allmulticast mode
[   38.309714] pimreg: left allmulticast mode
[   38.325069] pimreg: entered allmulticast mode
[   38.355731] pimreg: entered allmulticast mode
[   38.377987] pimreg: entered allmulticast mode
[   38.402179] pimreg: entered allmulticast mode
[   38.437868] pimreg: entered allmulticast mode
[   38.461854] pimreg: entered allmulticast mode
[   38.489687] pimreg: entered allmulticast mode
[   38.513727] pimreg: entered allmulticast mode
[   38.541784] pimreg: entered allmulticast mode
[   38.565923] pimreg: entered allmulticast mode
[   38.571317] pimreg: left allmulticast mode
[   38.571682] pimreg: left allmulticast mode
[   38.571942] pimreg: left allmulticast mode
[   38.572191] pimreg: left allmulticast mode
[   38.572491] pimreg: left allmulticast mode
[   38.572786] pimreg: left allmulticast mode
[   38.573082] pimreg: left allmulticast mode
[   38.573448] pimreg: left allmulticast mode
[   38.573742] pimreg: left allmulticast mode
[   38.597653] pimreg: entered allmulticast mode
[   38.616136] pimreg: entered allmulticast mode
[   38.636226] pimreg: entered allmulticast mode
[   38.657657] pimreg: entered allmulticast mode
[   38.681511] pimreg: entered allmulticast mode
[   38.713321] pimreg: entered allmulticast mode
[   38.737673] pimreg: entered allmulticast mode
[   38.761628] pimreg: entered allmulticast mode
[   38.785794] pimreg: entered allmulticast mode
[   38.806146] pimreg: left allmulticast mode
[   38.806516] pimreg: left allmulticast mode
[   38.806769] pimreg: left allmulticast mode
[   38.807016] pimreg: left allmulticast mode
[   38.807307] pimreg: left allmulticast mode
[   38.807574] pimreg: left allmulticast mode
[   38.807832] pimreg: left allmulticast mode
[   38.808132] pimreg: left allmulticast mode
[   38.808434] pimreg: left allmulticast mode
[   38.808979] pimreg: left allmulticast mode
[   38.824118] pimreg: entered allmulticast mode
[   38.852758] pimreg: entered allmulticast mode
[   38.881502] pimreg: entered allmulticast mode
[   38.894389] pimreg: entered allmulticast mode
[   38.918363] pimreg: entered allmulticast mode
[   38.931180] pimreg: left allmulticast mode
[   38.931773] pimreg: left allmulticast mode
[   38.932028] pimreg: left allmulticast mode
[   38.932292] pimreg: left allmulticast mode
[   38.932600] pimreg: left allmulticast mode
[   38.942070] pimreg: entered allmulticast mode
[   38.965544] pimreg: entered allmulticast mode
[   38.991881] pimreg: entered allmulticast mode
[   39.009998] pimreg: entered allmulticast mode
[   39.029629] pimreg: entered allmulticast mode
[   39.053473] pimreg: entered allmulticast mode
[   39.073854] pimreg: entered allmulticast mode
[   39.074224] pimreg: left allmulticast mode
[   39.074558] pimreg: left allmulticast mode
[   39.074828] pimreg: left allmulticast mode
[   39.075096] pimreg: left allmulticast mode
[   39.075356] pimreg: left allmulticast mode
[   39.075666] pimreg: left allmulticast mode
[   39.087070] pimreg: entered allmulticast mode
[   39.106179] pimreg: entered allmulticast mode
[   39.129823] pimreg: entered allmulticast mode
[   39.154513] pimreg: entered allmulticast mode
[   39.177601] pimreg: entered allmulticast mode
[   39.205804] pimreg: entered allmulticast mode
[   39.229958] pimreg: entered allmulticast mode
[   39.234339] pimreg: left allmulticast mode
[   39.234665] pimreg: left allmulticast mode
[   39.234913] pimreg: left allmulticast mode
[   39.235247] pimreg: left allmulticast mode
[   39.235539] pimreg: left allmulticast mode
[   39.236586] pimreg: left allmulticast mode
[   39.237005] pimreg: left allmulticast mode
[   39.237335] pimreg: left allmulticast mode
[   39.250266] pimreg: entered allmulticast mode
[   39.269967] pimreg: entered allmulticast mode
[   39.288247] pimreg: entered allmulticast mode
[   39.313261] pimreg: entered allmulticast mode
[   39.338782] pimreg: entered allmulticast mode
[   39.357740] pimreg: entered allmulticast mode
[   39.377933] pimreg: entered allmulticast mode
[   39.398139] pimreg: left allmulticast mode
[   39.398515] pimreg: left allmulticast mode
[   39.398818] pimreg: left allmulticast mode
[   39.399103] pimreg: left allmulticast mode
[   39.399962] pimreg: left allmulticast mode
[   39.400360] pimreg: left allmulticast mode
[   39.400666] pimreg: left allmulticast mode
[   39.412017] pimreg: entered allmulticast mode
[   39.433189] pimreg: entered allmulticast mode
[   39.450190] pimreg: entered allmulticast mode
[   39.473699] pimreg: entered allmulticast mode
[   39.494555] pimreg: entered allmulticast mode
[   39.518181] pimreg: entered allmulticast mode
[   39.541440] pimreg: entered allmulticast mode
[   39.561325] pimreg: entered allmulticast mode
[   39.566833] pimreg: left allmulticast mode
[   39.567184] pimreg: left allmulticast mode
[   39.567474] pimreg: left allmulticast mode
[   39.567748] pimreg: left allmulticast mode
[   39.567999] pimreg: left allmulticast mode
[   39.568294] pimreg: left allmulticast mode
[   39.568600] pimreg: left allmulticast mode
[   39.589718] pimreg: entered allmulticast mode
[   39.604798] pimreg: entered allmulticast mode
[   39.630708] pimreg: entered allmulticast mode
[   39.654985] pimreg: entered allmulticast mode
[   39.673381] pimreg: entered allmulticast mode
[   39.694618] pimreg: left allmulticast mode
[   39.695105] pimreg: left allmulticast mode
[   39.695427] pimreg: left allmulticast mode
[   39.695744] pimreg: left allmulticast mode
[   39.696424] pimreg: left allmulticast mode
[   39.696744] pimreg: left allmulticast mode
[   39.707034] pimreg: entered allmulticast mode
[   39.736389] pimreg: entered allmulticast mode
[   39.761657] pimreg: entered allmulticast mode
[   39.782328] pimreg: entered allmulticast mode
[   39.798026] pimreg: left allmulticast mode
[   39.798411] pimreg: left allmulticast mode
[   39.798719] pimreg: left allmulticast mode
[   39.799016] pimreg: left allmulticast mode
[   39.807856] pimreg: entered allmulticast mode
[   39.833560] pimreg: entered allmulticast mode
[   39.857321] pimreg: entered allmulticast mode
[   39.881748] pimreg: entered allmulticast mode
[   39.902474] pimreg: entered allmulticast mode
[   39.910776] pimreg: left allmulticast mode
[   39.911137] pimreg: left allmulticast mode
[   39.911445] pimreg: left allmulticast mode
[   39.911719] pimreg: left allmulticast mode
[   39.920596] pimreg: entered allmulticast mode
[   39.945925] pimreg: entered allmulticast mode
[   39.959887] pimreg: entered allmulticast mode
[   39.981841] pimreg: entered allmulticast mode
[   40.002383] pimreg: entered allmulticast mode
[   40.005867] pimreg: left allmulticast mode
[   40.006234] pimreg: left allmulticast mode
[   40.006493] pimreg: left allmulticast mode
[   40.006739] pimreg: left allmulticast mode
[   40.007022] pimreg: left allmulticast mode
[   40.024968] pimreg: entered allmulticast mode
[   40.048461] pimreg: entered allmulticast mode
[   40.066283] pimreg: entered allmulticast mode
[   40.089365] pimreg: entered allmulticast mode
[   40.113714] pimreg: entered allmulticast mode
[   40.137443] pimreg: entered allmulticast mode
[   40.165571] pimreg: entered allmulticast mode
[   40.170692] pimreg: left allmulticast mode
[   40.171036] pimreg: left allmulticast mode
[   40.171352] pimreg: left allmulticast mode
[   40.171650] pimreg: left allmulticast mode
[   40.171948] pimreg: left allmulticast mode
[   40.172269] pimreg: left allmulticast mode
[   40.172557] pimreg: left allmulticast mode
[   40.184800] pimreg: entered allmulticast mode
[   40.208968] pimreg: entered allmulticast mode
[   40.230646] pimreg: entered allmulticast mode
[   40.253787] pimreg: entered allmulticast mode
[   40.273792] pimreg: entered allmulticast mode
[   40.293421] pimreg: entered allmulticast mode
[   40.313531] pimreg: entered allmulticast mode
[   40.341456] pimreg: entered allmulticast mode
[   40.346524] pimreg: left allmulticast mode
[   40.346855] pimreg: left allmulticast mode
[   40.347105] pimreg: left allmulticast mode
[   40.347371] pimreg: left allmulticast mode
[   40.347672] pimreg: left allmulticast mode
[   40.347972] pimreg: left allmulticast mode
[   40.348273] pimreg: left allmulticast mode
[   40.348964] pimreg: left allmulticast mode
[   40.349747] pimreg: left allmulticast mode
[   40.363756] pimreg: entered allmulticast mode
[   40.387053] pimreg: entered allmulticast mode
[   40.422729] pimreg: entered allmulticast mode
[   40.445874] pimreg: entered allmulticast mode
[   40.465589] pimreg: entered allmulticast mode
[   40.505671] pimreg: entered allmulticast mode
[   40.533490] pimreg: entered allmulticast mode
[   40.561403] pimreg: entered allmulticast mode
[   40.589920] pimreg: entered allmulticast mode
[   40.610073] pimreg: left allmulticast mode
[   40.610445] pimreg: left allmulticast mode
[   40.610744] pimreg: left allmulticast mode
[   40.611036] pimreg: left allmulticast mode
[   40.611341] pimreg: left allmulticast mode
[   40.611648] pimreg: left allmulticast mode
[   40.612198] pimreg: left allmulticast mode
[   40.612561] pimreg: left allmulticast mode
[   40.612855] pimreg: left allmulticast mode
[   40.627264] pimreg: entered allmulticast mode
[   40.654786] pimreg: entered allmulticast mode
[   40.669108] pimreg: entered allmulticast mode
[   40.693589] pimreg: entered allmulticast mode
[   40.725649] pimreg: entered allmulticast mode
[   40.757337] pimreg: entered allmulticast mode
[   40.790233] pimreg: entered allmulticast mode
[   40.813855] pimreg: entered allmulticast mode
[   40.832959] pimreg: entered allmulticast mode
[   40.846633] pimreg: left allmulticast mode
[   40.846993] pimreg: left allmulticast mode
[   40.847278] pimreg: left allmulticast mode
[   40.847540] pimreg: left allmulticast mode
[   40.847838] pimreg: left allmulticast mode
[   40.848128] pimreg: left allmulticast mode
[   40.848444] pimreg: left allmulticast mode
[   40.848729] pimreg: left allmulticast mode
[   40.849026] pimreg: left allmulticast mode
[   40.864599] pimreg: entered allmulticast mode
[   40.894439] pimreg: entered allmulticast mode
[   40.918875] pimreg: entered allmulticast mode
[   40.930766] pimreg: entered allmulticast mode
[   40.961706] pimreg: entered allmulticast mode
[   40.981418] pimreg: entered allmulticast mode
[   41.001490] pimreg: entered allmulticast mode
[   41.002649] pimreg: left allmulticast mode
[   41.003151] pimreg: left allmulticast mode
[   41.003416] pimreg: left allmulticast mode
[   41.003661] pimreg: left allmulticast mode
[   41.003961] pimreg: left allmulticast mode
[   41.004248] pimreg: left allmulticast mode
[   41.014820] pimreg: entered allmulticast mode
[   41.035722] pimreg: entered allmulticast mode
[   41.055379] pimreg: entered allmulticast mode
[   41.094090] pimreg: entered allmulticast mode
[   41.121559] pimreg: entered allmulticast mode
[   41.157817] pimreg: entered allmulticast mode
[   41.181875] pimreg: entered allmulticast mode
[   41.186780] pimreg: left allmulticast mode
[   41.187163] pimreg: left allmulticast mode
[   41.187427] pimreg: left allmulticast mode
[   41.187677] pimreg: left allmulticast mode
[   41.187957] pimreg: left allmulticast mode
[   41.188266] pimreg: left allmulticast mode
[   41.188571] pimreg: left allmulticast mode
[   41.205550] pimreg: entered allmulticast mode
[   41.241703] pimreg: entered allmulticast mode
[   41.255035] pimreg: entered allmulticast mode
[   41.278122] pimreg: entered allmulticast mode
[   41.310181] pimreg: entered allmulticast mode
[   41.349783] pimreg: entered allmulticast mode
[   41.373894] pimreg: entered allmulticast mode
[   41.412987] pimreg: entered allmulticast mode
[   41.426387] pimreg: left allmulticast mode
[   41.426728] pimreg: left allmulticast mode
[   41.426988] pimreg: left allmulticast mode
[   41.427297] pimreg: left allmulticast mode
[   41.427587] pimreg: left allmulticast mode
[   41.427886] pimreg: left allmulticast mode
[   41.428465] pimreg: left allmulticast mode
[   41.428801] pimreg: left allmulticast mode
[   41.429091] pimreg: left allmulticast mode
[   41.444057] pimreg: entered allmulticast mode
[   41.483555] pimreg: entered allmulticast mode
[   41.494481] pimreg: entered allmulticast mode
[   41.517369] pimreg: entered allmulticast mode
[   41.549513] pimreg: entered allmulticast mode
[   41.559197] pimreg: left allmulticast mode
[   41.559698] pimreg: left allmulticast mode
[   41.559986] pimreg: left allmulticast mode
[   41.560289] pimreg: left allmulticast mode
[   41.560582] pimreg: left allmulticast mode
[   41.570442] pimreg: entered allmulticast mode
[   41.592993] pimreg: entered allmulticast mode
[   41.615020] pimreg: entered allmulticast mode
[   41.633880] pimreg: entered allmulticast mode
[   41.661245] pimreg: entered allmulticast mode
[   41.685634] pimreg: entered allmulticast mode
[   41.701975] pimreg: left allmulticast mode
[   41.702340] pimreg: left allmulticast mode
[   41.702592] pimreg: left allmulticast mode
[   41.702887] pimreg: left allmulticast mode
[   41.704003] pimreg: left allmulticast mode
[   41.704378] pimreg: left allmulticast mode
[   41.715432] pimreg: entered allmulticast mode
[   41.739803] pimreg: entered allmulticast mode
[   41.750738] pimreg: entered allmulticast mode
[   41.769667] pimreg: entered allmulticast mode
[   41.797601] pimreg: entered allmulticast mode
[   41.818469] pimreg: entered allmulticast mode
[   41.841758] pimreg: entered allmulticast mode
[   41.866259] pimreg: left allmulticast mode
[   41.866705] pimreg: left allmulticast mode
[   41.867040] pimreg: left allmulticast mode
[   41.867346] pimreg: left allmulticast mode
[   41.867980] pimreg: left allmulticast mode
[   41.868306] pimreg: left allmulticast mode
[   41.868589] pimreg: left allmulticast mode
[   41.880173] pimreg: entered allmulticast mode
[   41.893860] pimreg: entered allmulticast mode
[   41.916092] pimreg: entered allmulticast mode
[   41.931376] pimreg: entered allmulticast mode
[   41.969913] pimreg: entered allmulticast mode
[   41.997315] pimreg: entered allmulticast mode
[   42.021946] pimreg: entered allmulticast mode
[   42.070025] pimreg: left allmulticast mode
[   42.070397] pimreg: left allmulticast mode
[   42.070659] pimreg: left allmulticast mode
[   42.071222] pimreg: left allmulticast mode
[   42.071883] pimreg: left allmulticast mode
[   42.072255] pimreg: left allmulticast mode
[   42.072580] pimreg: left allmulticast mode
[   42.084152] pimreg: entered allmulticast mode
[   42.093287] pimreg: entered allmulticast mode
[   42.110486] pimreg: entered allmulticast mode
[   42.135844] pimreg: entered allmulticast mode
[   42.146017] pimreg: entered allmulticast mode
[   42.179133] pimreg: entered allmulticast mode
[   42.186436] pimreg: left allmulticast mode
[   42.186784] pimreg: left allmulticast mode
[   42.187085] pimreg: left allmulticast mode
[   42.187444] pimreg: left allmulticast mode
[   42.187749] pimreg: left allmulticast mode
[   42.188345] pimreg: left allmulticast mode
[   42.200520] pimreg: entered allmulticast mode
[   42.237750] pimreg: entered allmulticast mode
[   42.263046] pimreg: entered allmulticast mode
[   42.278027] pimreg: entered allmulticast mode
[   42.301991] pimreg: entered allmulticast mode
[   42.353735] pimreg: entered allmulticast mode
[   42.393786] pimreg: entered allmulticast mode
[   42.413992] pimreg: left allmulticast mode
[   42.414370] pimreg: left allmulticast mode
[   42.414676] pimreg: left allmulticast mode
[   42.415964] pimreg: left allmulticast mode
[   42.416290] pimreg: left allmulticast mode
[   42.416536] pimreg: left allmulticast mode
[   42.416827] pimreg: left allmulticast mode
[   42.428246] pimreg: entered allmulticast mode
[   42.453909] pimreg: entered allmulticast mode
[   42.487440] pimreg: entered allmulticast mode
[   42.505488] pimreg: entered allmulticast mode
[   42.517141] pimreg: entered allmulticast mode
[   42.545272] pimreg: entered allmulticast mode
[   42.569174] pimreg: entered allmulticast mode
[   42.574255] pimreg: left allmulticast mode
[   42.574600] pimreg: left allmulticast mode
[   42.574853] pimreg: left allmulticast mode
[   42.575118] pimreg: left allmulticast mode
[   42.575365] pimreg: left allmulticast mode
[   42.575663] pimreg: left allmulticast mode
[   42.593600] pimreg: entered allmulticast mode
[   42.620269] pimreg: entered allmulticast mode
[   42.637931] pimreg: entered allmulticast mode
[   42.669679] pimreg: entered allmulticast mode
[   42.705934] pimreg: entered allmulticast mode
[   42.729179] pimreg: entered allmulticast mode
[   42.765803] pimreg: entered allmulticast mode
[   42.770448] pimreg: left allmulticast mode
[   42.770813] pimreg: left allmulticast mode
[   42.771103] pimreg: left allmulticast mode
[   42.771355] pimreg: left allmulticast mode
[   42.771666] pimreg: left allmulticast mode
[   42.771957] pimreg: left allmulticast mode
[   42.772253] pimreg: left allmulticast mode
[   42.786192] pimreg: entered allmulticast mode
[   42.818205] pimreg: entered allmulticast mode
[   42.838027] pimreg: entered allmulticast mode
[   42.861981] pimreg: entered allmulticast mode
[   42.885393] pimreg: entered allmulticast mode
[   42.913688] pimreg: entered allmulticast mode
[   42.941525] pimreg: entered allmulticast mode
[   42.965765] pimreg: entered allmulticast mode
[   42.970241] pimreg: left allmulticast mode
[   42.970576] pimreg: left allmulticast mode
[   42.970823] pimreg: left allmulticast mode
[   42.971147] pimreg: left allmulticast mode
[   42.971458] pimreg: left allmulticast mode
[   42.971769] pimreg: left allmulticast mode
[   42.972405] pimreg: left allmulticast mode
[   42.972690] pimreg: left allmulticast mode
[   42.972939] pimreg: left allmulticast mode
[   42.987192] pimreg: entered allmulticast mode
[   43.007589] pimreg: entered allmulticast mode
[   43.032249] pimreg: entered allmulticast mode
[   43.050174] pimreg: entered allmulticast mode
[   43.077312] pimreg: entered allmulticast mode
[   43.106014] pimreg: entered allmulticast mode
[   43.110298] pimreg: left allmulticast mode
[   43.110636] pimreg: left allmulticast mode
[   43.110888] pimreg: left allmulticast mode
[   43.111149] pimreg: left allmulticast mode
[   43.111443] pimreg: left allmulticast mode
[   43.129577] pimreg: entered allmulticast mode
[   43.145159] pimreg: entered allmulticast mode
[   43.171851] pimreg: entered allmulticast mode
[   43.190804] pimreg: entered allmulticast mode
[   43.202543] pimreg: left allmulticast mode
[   43.203131] pimreg: left allmulticast mode
[   43.203399] pimreg: left allmulticast mode
[   43.203708] pimreg: left allmulticast mode
[   43.204001] pimreg: left allmulticast mode
[   43.213742] pimreg: entered allmulticast mode
[   43.243170] pimreg: entered allmulticast mode
[   43.265550] pimreg: entered allmulticast mode
[   43.302059] pimreg: entered allmulticast mode
[   43.341724] pimreg: entered allmulticast mode
[   43.365867] pimreg: entered allmulticast mode
[   43.389939] pimreg: left allmulticast mode
[   43.390822] pimreg: left allmulticast mode
[   43.391837] pimreg: left allmulticast mode
[   43.392159] pimreg: left allmulticast mode
[   43.392408] pimreg: left allmulticast mode
[   43.392704] pimreg: left allmulticast mode
[   43.402951] pimreg: entered allmulticast mode
[   43.419604] pimreg: entered allmulticast mode
[   43.446463] pimreg: entered allmulticast mode
[   43.465935] pimreg: entered allmulticast mode
[   43.485966] pimreg: entered allmulticast mode
[   43.502022] pimreg: left allmulticast mode
[   43.502869] pimreg: left allmulticast mode
[   43.503227] pimreg: left allmulticast mode
[   43.503551] pimreg: left allmulticast mode
[   43.503865] pimreg: left allmulticast mode
[   43.513158] pimreg: entered allmulticast mode
[   43.552399] pimreg: entered allmulticast mode
[   43.575853] pimreg: entered allmulticast mode
[   43.593491] pimreg: entered allmulticast mode
[   43.637619] pimreg: entered allmulticast mode
[   43.673757] pimreg: entered allmulticast mode
[   43.697620] pimreg: entered allmulticast mode
[   43.702355] pimreg: left allmulticast mode
[   43.702698] pimreg: left allmulticast mode
[   43.702962] pimreg: left allmulticast mode
[   43.703223] pimreg: left allmulticast mode
[   43.703515] pimreg: left allmulticast mode
[   43.703823] pimreg: left allmulticast mode
[   43.716367] pimreg: entered allmulticast mode
[   43.744094] pimreg: entered allmulticast mode
[   43.761473] pimreg: entered allmulticast mode
[   43.781649] pimreg: entered allmulticast mode
[   43.809613] pimreg: entered allmulticast mode
[   43.837883] pimreg: entered allmulticast mode
[   43.861534] pimreg: entered allmulticast mode
[   43.894452] pimreg: entered allmulticast mode
[   43.897907] pimreg: left allmulticast mode
[   43.898284] pimreg: left allmulticast mode
[   43.898583] pimreg: left allmulticast mode
[   43.898884] pimreg: left allmulticast mode
[   43.899840] pimreg: left allmulticast mode
[   43.900282] pimreg: left allmulticast mode
[   43.900608] pimreg: left allmulticast mode
[   43.900890] pimreg: left allmulticast mode
[   43.901181] pimreg: left allmulticast mode
[   43.915941] pimreg: entered allmulticast mode
[   43.944704] pimreg: entered allmulticast mode
[   43.974498] pimreg: entered allmulticast mode
[   44.001912] pimreg: entered allmulticast mode
[   44.033570] pimreg: entered allmulticast mode
[   44.057964] pimreg: entered allmulticast mode
[   44.085582] pimreg: entered allmulticast mode
[   44.129809] pimreg: entered allmulticast mode
[   44.157442] pimreg: entered allmulticast mode
[   44.182202] pimreg: left allmulticast mode
[   44.182545] pimreg: left allmulticast mode
[   44.182796] pimreg: left allmulticast mode
[   44.183108] pimreg: left allmulticast mode
[   44.183396] pimreg: left allmulticast mode
[   44.184043] pimreg: left allmulticast mode
[   44.184503] pimreg: left allmulticast mode
[   44.184806] pimreg: left allmulticast mode
[   44.185136] pimreg: left allmulticast mode
[   44.200166] pimreg: entered allmulticast mode
[   44.228259] pimreg: entered allmulticast mode
[   44.240008] pimreg: entered allmulticast mode
[   44.258201] pimreg: entered allmulticast mode
[   44.281596] pimreg: entered allmulticast mode
[   44.305531] pimreg: entered allmulticast mode
[   44.329763] pimreg: entered allmulticast mode
[   44.357476] pimreg: entered allmulticast mode
[   44.385889] pimreg: entered allmulticast mode
[   44.411048] pimreg: left allmulticast mode
[   44.411356] pimreg: left allmulticast mode
[   44.411613] pimreg: left allmulticast mode
[   44.411919] pimreg: left allmulticast mode
[   44.412226] pimreg: left allmulticast mode
[   44.413542] pimreg: left allmulticast mode
[   44.413896] pimreg: left allmulticast mode
[   44.414221] pimreg: left allmulticast mode
[   44.414502] pimreg: left allmulticast mode
[   44.428370] pimreg: entered allmulticast mode
[   44.471207] pimreg: entered allmulticast mode
[   44.499415] pimreg: entered allmulticast mode
[   44.517062] pimreg: entered allmulticast mode
[   44.542242] pimreg: entered allmulticast mode
[   44.557273] pimreg: entered allmulticast mode
[   44.577715] pimreg: entered allmulticast mode
[   44.605621] pimreg: entered allmulticast mode
[   44.629999] pimreg: entered allmulticast mode
[   44.650510] pimreg: left allmulticast mode
[   44.650949] pimreg: left allmulticast mode
[   44.651232] pimreg: left allmulticast mode
[   44.651522] pimreg: left allmulticast mode
[   44.651779] pimreg: left allmulticast mode
[   44.652083] pimreg: left allmulticast mode
[   44.652369] pimreg: left allmulticast mode
[   44.652667] pimreg: left allmulticast mode
[   44.652954] pimreg: left allmulticast mode
[   44.668024] pimreg: entered allmulticast mode
[   44.687754] pimreg: entered allmulticast mode
[   44.703460] pimreg: entered allmulticast mode
[   44.714723] pimreg: entered allmulticast mode
[   44.729565] pimreg: entered allmulticast mode
[   44.757666] pimreg: left allmulticast mode
[   44.758033] pimreg: left allmulticast mode
[   44.758294] pimreg: left allmulticast mode
[   44.758547] pimreg: left allmulticast mode
[   44.758795] pimreg: left allmulticast mode
[   44.768913] pimreg: entered allmulticast mode
[   44.798705] pimreg: entered allmulticast mode
[   44.821917] pimreg: entered allmulticast mode
[   44.846484] pimreg: entered allmulticast mode
[   44.878027] pimreg: entered allmulticast mode
[   44.901877] pimreg: entered allmulticast mode
[   44.937639] pimreg: entered allmulticast mode
[   44.958625] pimreg: left allmulticast mode
[   44.958909] pimreg: left allmulticast mode
[   44.959196] pimreg: left allmulticast mode
[   44.959452] pimreg: left allmulticast mode
[   44.959773] pimreg: left allmulticast mode
[   44.960066] pimreg: left allmulticast mode
[   44.960356] pimreg: left allmulticast mode
[   44.971279] pimreg: entered allmulticast mode
[   44.986058] pimreg: entered allmulticast mode
[   45.013610] pimreg: entered allmulticast mode
[   45.037863] pimreg: entered allmulticast mode
[   45.070098] pimreg: entered allmulticast mode
[   45.089371] pimreg: entered allmulticast mode
[   45.114289] pimreg: entered allmulticast mode
[   45.130049] pimreg: left allmulticast mode
[   45.130387] pimreg: left allmulticast mode
[   45.130638] pimreg: left allmulticast mode
[   45.130940] pimreg: left allmulticast mode
[   45.131250] pimreg: left allmulticast mode
[   45.133108] pimreg: left allmulticast mode
[   45.133505] pimreg: left allmulticast mode
[   45.145504] pimreg: entered allmulticast mode
[   45.166636] pimreg: entered allmulticast mode
[   45.179487] pimreg: entered allmulticast mode
[   45.198138] pimreg: entered allmulticast mode
[   45.230526] pimreg: entered allmulticast mode
[   45.250722] pimreg: left allmulticast mode
[   45.251195] pimreg: left allmulticast mode
[   45.251501] pimreg: left allmulticast mode
[   45.251808] pimreg: left allmulticast mode
[   45.252131] pimreg: left allmulticast mode
[   45.261758] pimreg: entered allmulticast mode
[   45.276014] pimreg: entered allmulticast mode
[   45.296682] pimreg: entered allmulticast mode
[   45.330037] pimreg: entered allmulticast mode
[   45.381452] pimreg: entered allmulticast mode
[   45.409783] pimreg: entered allmulticast mode
[   45.414508] pimreg: left allmulticast mode
[   45.414882] pimreg: left allmulticast mode
[   45.415169] pimreg: left allmulticast mode
[   45.415416] pimreg: left allmulticast mode
[   45.415709] pimreg: left allmulticast mode
[   45.434221] pimreg: entered allmulticast mode
[   45.462153] pimreg: entered allmulticast mode
[   45.481112] pimreg: entered allmulticast mode
[   45.509867] pimreg: entered allmulticast mode
[   45.533342] pimreg: entered allmulticast mode
[   45.558621] pimreg: entered allmulticast mode
[   45.558993] pimreg: left allmulticast mode
[   45.559336] pimreg: left allmulticast mode
[   45.559584] pimreg: left allmulticast mode
[   45.559897] pimreg: left allmulticast mode
[   45.560207] pimreg: left allmulticast mode
[   45.560489] pimreg: left allmulticast mode
[   45.571462] pimreg: entered allmulticast mode
[   45.596688] pimreg: entered allmulticast mode
[   45.619464] pimreg: entered allmulticast mode
[   45.641664] pimreg: entered allmulticast mode
[   45.669484] pimreg: entered allmulticast mode
[   45.693454] pimreg: entered allmulticast mode
[   45.713850] pimreg: entered allmulticast mode
[   45.733674] pimreg: entered allmulticast mode
[   45.734059] pimreg: left allmulticast mode
[   45.734399] pimreg: left allmulticast mode
[   45.734653] pimreg: left allmulticast mode
[   45.734910] pimreg: left allmulticast mode
[   45.735198] pimreg: left allmulticast mode
[   45.735454] pimreg: left allmulticast mode
[   45.735742] pimreg: left allmulticast mode
[   45.736043] pimreg: left allmulticast mode
[   45.750811] pimreg: entered allmulticast mode
[   45.761564] pimreg: entered allmulticast mode
[   45.775028] pimreg: entered allmulticast mode
[   45.789169] pimreg: entered allmulticast mode
[   45.810330] pimreg: entered allmulticast mode
[   45.833375] pimreg: entered allmulticast mode
[   45.869798] pimreg: entered allmulticast mode
[   45.889637] pimreg: entered allmulticast mode
[   45.917156] pimreg: entered allmulticast mode
[   45.930173] pimreg: left allmulticast mode
[   45.930614] pimreg: left allmulticast mode
[   45.930883] pimreg: left allmulticast mode
[   45.931139] pimreg: left allmulticast mode
[   45.931450] pimreg: left allmulticast mode
[   45.931751] pimreg: left allmulticast mode
[   45.932053] pimreg: left allmulticast mode
[   45.932313] pimreg: left allmulticast mode
[   45.932560] pimreg: left allmulticast mode
[   45.932857] pimreg: left allmulticast mode
[   45.949504] pimreg: entered allmulticast mode
[   45.978149] pimreg: entered allmulticast mode
[   46.002282] pimreg: entered allmulticast mode
[   46.025589] pimreg: entered allmulticast mode
[   46.045969] pimreg: entered allmulticast mode
[   46.065494] pimreg: entered allmulticast mode
[   46.094051] pimreg: entered allmulticast mode
[   46.133494] pimreg: entered allmulticast mode
[   46.161843] pimreg: entered allmulticast mode
[   46.189458] pimreg: entered allmulticast mode
[   46.202685] pimreg: left allmulticast mode
[   46.203060] pimreg: left allmulticast mode
[   46.203335] pimreg: left allmulticast mode
[   46.203600] pimreg: left allmulticast mode
[   46.203903] pimreg: left allmulticast mode
[   46.204213] pimreg: left allmulticast mode
[   46.204528] pimreg: left allmulticast mode
[   46.204825] pimreg: left allmulticast mode
[   46.205118] pimreg: left allmulticast mode
[   46.205457] pimreg: left allmulticast mode
[   46.221568] pimreg: entered allmulticast mode
[   46.255267] pimreg: entered allmulticast mode
[   46.269376] pimreg: entered allmulticast mode
[   46.289123] pimreg: entered allmulticast mode
[   46.317151] pimreg: entered allmulticast mode
[   46.341981] pimreg: entered allmulticast mode
[   46.369717] pimreg: entered allmulticast mode
[   46.389486] pimreg: entered allmulticast mode
[   46.417416] pimreg: entered allmulticast mode
[   46.438468] pimreg: left allmulticast mode
[   46.439188] pimreg: left allmulticast mode
[   46.439462] pimreg: left allmulticast mode
[   46.440761] pimreg: left allmulticast mode
[   46.441074] pimreg: left allmulticast mode
[   46.441389] pimreg: left allmulticast mode
[   46.441636] pimreg: left allmulticast mode
[   46.441878] pimreg: left allmulticast mode
[   46.442175] pimreg: left allmulticast mode
[   46.456754] pimreg: entered allmulticast mode
[   46.484197] pimreg: entered allmulticast mode
[   46.500369] pimreg: entered allmulticast mode
[   46.525403] pimreg: entered allmulticast mode
[   46.538885] pimreg: entered allmulticast mode
[   46.574079] pimreg: entered allmulticast mode
[   46.601747] pimreg: entered allmulticast mode
[   46.629718] pimreg: entered allmulticast mode
[   46.669805] pimreg: entered allmulticast mode
[   46.698632] pimreg: left allmulticast mode
[   46.698959] pimreg: left allmulticast mode
[   46.699253] pimreg: left allmulticast mode
[   46.699575] pimreg: left allmulticast mode
[   46.699872] pimreg: left allmulticast mode
[   46.700196] pimreg: left allmulticast mode
[   46.700495] pimreg: left allmulticast mode
[   46.700791] pimreg: left allmulticast mode
[   46.701083] pimreg: left allmulticast mode
[   46.715764] pimreg: entered allmulticast mode
[   46.735743] pimreg: entered allmulticast mode
[   46.755491] pimreg: entered allmulticast mode
[   46.773860] pimreg: entered allmulticast mode
[   46.797496] pimreg: entered allmulticast mode
[   46.825805] pimreg: entered allmulticast mode
[   46.849621] pimreg: entered allmulticast mode
[   46.873869] pimreg: entered allmulticast mode
[   46.901897] pimreg: entered allmulticast mode
[   46.914248] pimreg: left allmulticast mode
[   46.914607] pimreg: left allmulticast mode
[   46.914878] pimreg: left allmulticast mode
[   46.915152] pimreg: left allmulticast mode
[   46.915452] pimreg: left allmulticast mode
[   46.915736] pimreg: left allmulticast mode
[   46.916037] pimreg: left allmulticast mode
[   46.916326] pimreg: left allmulticast mode
[   46.916608] pimreg: left allmulticast mode
[   46.931824] pimreg: entered allmulticast mode
[   46.963191] pimreg: entered allmulticast mode
[   46.983574] pimreg: entered allmulticast mode
[   47.005965] pimreg: entered allmulticast mode
[   47.029642] pimreg: entered allmulticast mode
[   47.054152] pimreg: entered allmulticast mode
[   47.081333] pimreg: entered allmulticast mode
[   47.117830] pimreg: entered allmulticast mode
[   47.145076] pimreg: entered allmulticast mode
[   47.158612] pimreg: left allmulticast mode
[   47.159219] pimreg: left allmulticast mode
[   47.159508] pimreg: left allmulticast mode
[   47.159757] pimreg: left allmulticast mode
[   47.160054] pimreg: left allmulticast mode
[   47.160356] pimreg: left allmulticast mode
[   47.160644] pimreg: left allmulticast mode
[   47.160935] pimreg: left allmulticast mode
[   47.161261] pimreg: left allmulticast mode
[   47.176337] pimreg: entered allmulticast mode
[   47.203314] pimreg: entered allmulticast mode
[   47.233076] pimreg: entered allmulticast mode
[   47.270318] pimreg: entered allmulticast mode
[   47.293962] pimreg: entered allmulticast mode
[   47.321614] pimreg: entered allmulticast mode
[   47.345985] pimreg: entered allmulticast mode
[   47.369584] pimreg: entered allmulticast mode
[   47.402573] pimreg: entered allmulticast mode
[   47.422139] pimreg: left allmulticast mode
[   47.422482] pimreg: left allmulticast mode
[   47.422741] pimreg: left allmulticast mode
[   47.423661] pimreg: left allmulticast mode
[   47.424014] pimreg: left allmulticast mode
[   47.424267] pimreg: left allmulticast mode
[   47.424523] pimreg: left allmulticast mode
[   47.424814] pimreg: left allmulticast mode
[   47.425126] pimreg: left allmulticast mode
[   47.440156] pimreg: entered allmulticast mode
[   47.459810] pimreg: entered allmulticast mode
[   47.486389] pimreg: entered allmulticast mode
[   47.498149] pimreg: entered allmulticast mode
[   47.525769] pimreg: entered allmulticast mode
[   47.545746] pimreg: entered allmulticast mode
[   47.565805] pimreg: entered allmulticast mode
[   47.585517] pimreg: entered allmulticast mode
[   47.590994] pimreg: left allmulticast mode
[   47.591330] pimreg: left allmulticast mode
[   47.591590] pimreg: left allmulticast mode
[   47.591836] pimreg: left allmulticast mode
[   47.592145] pimreg: left allmulticast mode
[   47.592429] pimreg: left allmulticast mode
[   47.592719] pimreg: left allmulticast mode
[   47.614830] pimreg: entered allmulticast mode
[   47.626284] pimreg: entered allmulticast mode
[   47.648168] pimreg: entered allmulticast mode
[   47.665503] pimreg: entered allmulticast mode
[   47.697696] pimreg: entered allmulticast mode
[   47.717487] pimreg: entered allmulticast mode
[   47.757840] pimreg: entered allmulticast mode
[   47.782014] pimreg: entered allmulticast mode
[   47.794554] pimreg: left allmulticast mode
[   47.794928] pimreg: left allmulticast mode
[   47.795211] pimreg: left allmulticast mode
[   47.795475] pimreg: left allmulticast mode
[   47.795726] pimreg: left allmulticast mode
[   47.795984] pimreg: left allmulticast mode
[   47.796255] pimreg: left allmulticast mode
[   47.796542] pimreg: left allmulticast mode
[   47.796838] pimreg: left allmulticast mode
[   47.811684] pimreg: entered allmulticast mode
[   47.839625] pimreg: entered allmulticast mode
[   47.850827] pimreg: entered allmulticast mode
[   47.864728] pimreg: entered allmulticast mode
[   47.881435] pimreg: entered allmulticast mode
[   47.921714] pimreg: entered allmulticast mode
[   47.961846] pimreg: entered allmulticast mode
[   47.989434] pimreg: entered allmulticast mode
[   48.009331] pimreg: entered allmulticast mode
[   48.034903] pimreg: entered allmulticast mode
[   48.047182] pimreg: left allmulticast mode
[   48.047526] pimreg: left allmulticast mode
[   48.047820] pimreg: left allmulticast mode
[   48.048124] pimreg: left allmulticast mode
[   48.048424] pimreg: left allmulticast mode
[   48.048733] pimreg: left allmulticast mode
[   48.049032] pimreg: left allmulticast mode
[   48.050294] pimreg: left allmulticast mode
[   48.050645] pimreg: left allmulticast mode
[   48.050942] pimreg: left allmulticast mode
[   48.066862] pimreg: entered allmulticast mode
[   48.087613] pimreg: entered allmulticast mode
[   48.106679] pimreg: entered allmulticast mode
[   48.129211] pimreg: entered allmulticast mode
[   48.169739] pimreg: entered allmulticast mode
[   48.193834] pimreg: entered allmulticast mode
[   48.221371] pimreg: entered allmulticast mode
[   48.257682] pimreg: entered allmulticast mode
[   48.286071] pimreg: entered allmulticast mode
[   48.317693] pimreg: entered allmulticast mode
[   48.323325] pimreg: left allmulticast mode
[   48.323827] pimreg: left allmulticast mode
[   48.324121] pimreg: left allmulticast mode
[   48.324368] pimreg: left allmulticast mode
[   48.324662] pimreg: left allmulticast mode
[   48.324956] pimreg: left allmulticast mode
[   48.325275] pimreg: left allmulticast mode
[   48.325533] pimreg: left allmulticast mode
[   48.325734] systemd-journald[145]: Data hash table of /run/log/journal/938775788448454bb5b34822d5730c41/system.journal has a fill level at 75.0 (5360 of 7146 items, 4116480 file size, 768 bytes per hash table item), suggesting rotation.
[   48.325780] pimreg: left allmulticast mode
[   48.327225] systemd-journald[145]: /run/log/journal/938775788448454bb5b34822d5730c41/system.journal: Journal header limits reached or header out-of-date, rotating.
[   48.350420] pimreg: entered allmulticast mode
[   48.378023] pimreg: entered allmulticast mode
[   48.393857] pimreg: entered allmulticast mode
[   48.406050] pimreg: entered allmulticast mode
[   48.437840] pimreg: entered allmulticast mode
[   48.466547] pimreg: entered allmulticast mode
[   48.486688] pimreg: entered allmulticast mode
[   48.505628] pimreg: entered allmulticast mode
[   48.506000] pimreg: left allmulticast mode
[   48.506361] pimreg: left allmulticast mode
[   48.506646] pimreg: left allmulticast mode
[   48.506935] pimreg: left allmulticast mode
[   48.507236] pimreg: left allmulticast mode
[   48.507540] pimreg: left allmulticast mode
[   48.507848] pimreg: left allmulticast mode
[   48.508145] pimreg: left allmulticast mode
[   48.521978] pimreg: entered allmulticast mode
[   48.543099] pimreg: entered allmulticast mode
[   48.566294] pimreg: entered allmulticast mode
[   48.578861] pimreg: entered allmulticast mode
[   48.601754] pimreg: entered allmulticast mode
[   48.629397] pimreg: entered allmulticast mode
[   48.643178] pimreg: left allmulticast mode
[   48.643748] pimreg: left allmulticast mode
[   48.644068] pimreg: left allmulticast mode
[   48.644317] pimreg: left allmulticast mode
[   48.644614] pimreg: left allmulticast mode
[   48.644937] pimreg: left allmulticast mode
[   48.645286] pimreg: left allmulticast mode
[   48.658933] pimreg: entered allmulticast mode
[   48.677450] pimreg: entered allmulticast mode
[   48.715932] pimreg: entered allmulticast mode
[   48.738015] pimreg: entered allmulticast mode
[   48.753581] pimreg: entered allmulticast mode
[   48.781368] pimreg: entered allmulticast mode
[   48.805643] pimreg: entered allmulticast mode
[   48.829972] pimreg: entered allmulticast mode
[   48.854809] pimreg: left allmulticast mode
[   48.855177] pimreg: left allmulticast mode
[   48.855497] pimreg: left allmulticast mode
[   48.855791] pimreg: left allmulticast mode
[   48.856111] pimreg: left allmulticast mode
[   48.856413] pimreg: left allmulticast mode
[   48.857076] pimreg: left allmulticast mode
[   48.858215] pimreg: left allmulticast mode
[   48.873155] pimreg: entered allmulticast mode
[   48.895001] pimreg: entered allmulticast mode
[   48.934676] pimreg: entered allmulticast mode
[   48.946470] pimreg: entered allmulticast mode
[   48.965576] pimreg: entered allmulticast mode
[   48.993546] pimreg: entered allmulticast mode
[   49.025732] pimreg: entered allmulticast mode
[   49.046131] pimreg: left allmulticast mode
[   49.046910] pimreg: left allmulticast mode
[   49.047190] pimreg: left allmulticast mode
[   49.047440] pimreg: left allmulticast mode
[   49.048128] pimreg: left allmulticast mode
[   49.048423] pimreg: left allmulticast mode
[   49.048679] pimreg: left allmulticast mode
[   49.060538] pimreg: entered allmulticast mode
[   49.086459] pimreg: entered allmulticast mode
[   49.111642] pimreg: entered allmulticast mode
[   49.129691] pimreg: entered allmulticast mode
[   49.153759] pimreg: entered allmulticast mode
[   49.177910] pimreg: entered allmulticast mode
[   49.201721] pimreg: entered allmulticast mode
[   49.229886] pimreg: entered allmulticast mode
[   49.250064] pimreg: left allmulticast mode
[   49.250407] pimreg: left allmulticast mode
[   49.250661] pimreg: left allmulticast mode
[   49.250958] pimreg: left allmulticast mode
[   49.251282] pimreg: left allmulticast mode
[   49.253606] pimreg: left allmulticast mode
[   49.253965] pimreg: left allmulticast mode
[   49.254269] pimreg: left allmulticast mode
[   49.266860] pimreg: entered allmulticast mode
[   49.291308] pimreg: entered allmulticast mode
[   49.320640] pimreg: entered allmulticast mode
[   49.349555] pimreg: entered allmulticast mode
[   49.361287] pimreg: entered allmulticast mode
[   49.385977] pimreg: entered allmulticast mode
[   49.405628] pimreg: entered allmulticast mode
[   49.410347] pimreg: left allmulticast mode
[   49.410674] pimreg: left allmulticast mode
[   49.410982] pimreg: left allmulticast mode
[   49.411290] pimreg: left allmulticast mode
[   49.411582] pimreg: left allmulticast mode
[   49.411869] pimreg: left allmulticast mode
[   49.412538] pimreg: left allmulticast mode
[   49.426198] pimreg: entered allmulticast mode
[   49.453988] pimreg: entered allmulticast mode
[   49.471705] pimreg: entered allmulticast mode
[   49.491605] pimreg: entered allmulticast mode
[   49.513801] pimreg: entered allmulticast mode
[   49.529968] pimreg: left allmulticast mode
[   49.530313] pimreg: left allmulticast mode
[   49.530572] pimreg: left allmulticast mode
[   49.530842] pimreg: left allmulticast mode
[   49.531909] pimreg: left allmulticast mode
[   49.541360] pimreg: entered allmulticast mode
[   49.565995] pimreg: entered allmulticast mode
[   49.589470] pimreg: entered allmulticast mode
[   49.603427] pimreg: entered allmulticast mode
[   49.634053] pimreg: entered allmulticast mode
[   49.662363] pimreg: left allmulticast mode
[   49.662718] pimreg: left allmulticast mode
[   49.662996] pimreg: left allmulticast mode
[   49.663244] pimreg: left allmulticast mode
[   49.664557] pimreg: left allmulticast mode
[   49.664876] pimreg: left allmulticast mode
[   49.676852] pimreg: entered allmulticast mode
[   49.702915] pimreg: entered allmulticast mode
[   49.728938] pimreg: entered allmulticast mode
[   49.750411] pimreg: entered allmulticast mode
[   49.773600] pimreg: entered allmulticast mode
[   49.797584] pimreg: entered allmulticast mode
[   49.825893] pimreg: entered allmulticast mode
[   49.830323] pimreg: left allmulticast mode
[   49.830685] pimreg: left allmulticast mode
[   49.830992] pimreg: left allmulticast mode
[   49.831241] pimreg: left allmulticast mode
[   49.831539] pimreg: left allmulticast mode
[   49.850108] pimreg: entered allmulticast mode
[   49.863321] pimreg: entered allmulticast mode
[   49.879544] pimreg: entered allmulticast mode
[   49.910221] pimreg: entered allmulticast mode
[   49.937781] pimreg: entered allmulticast mode
[   49.965406] pimreg: entered allmulticast mode
[   49.981964] pimreg: left allmulticast mode
[   49.982305] pimreg: left allmulticast mode
[   49.982558] pimreg: left allmulticast mode
[   49.982815] pimreg: left allmulticast mode
[   49.983128] pimreg: left allmulticast mode
[   49.985062] pimreg: left allmulticast mode
[   49.985508] pimreg: left allmulticast mode
[   49.997350] pimreg: entered allmulticast mode
[   50.021942] pimreg: entered allmulticast mode
[   50.052810] pimreg: entered allmulticast mode
[   50.074127] pimreg: entered allmulticast mode
[   50.098042] pimreg: entered allmulticast mode
[   50.121532] pimreg: entered allmulticast mode
[   50.149727] pimreg: entered allmulticast mode
[   50.173915] pimreg: entered allmulticast mode
[   50.207149] pimreg: left allmulticast mode
[   50.207441] pimreg: left allmulticast mode
[   50.207690] pimreg: left allmulticast mode
[   50.207969] pimreg: left allmulticast mode
[   50.208261] pimreg: left allmulticast mode
[   50.208566] pimreg: left allmulticast mode
[   50.208871] pimreg: left allmulticast mode
[   50.209177] pimreg: left allmulticast mode
[   50.222217] pimreg: entered allmulticast mode
[   50.254124] pimreg: entered allmulticast mode
[   50.269188] pimreg: entered allmulticast mode
[   50.297735] pimreg: entered allmulticast mode
[   50.329484] pimreg: entered allmulticast mode
[   50.349605] pimreg: entered allmulticast mode
[   50.373505] pimreg: entered allmulticast mode
[   50.394511] pimreg: entered allmulticast mode
[   50.410672] pimreg: left allmulticast mode
[   50.411205] pimreg: left allmulticast mode
[   50.411531] pimreg: left allmulticast mode
[   50.411856] pimreg: left allmulticast mode
[   50.412276] pimreg: left allmulticast mode
[   50.412595] pimreg: left allmulticast mode
[   50.412908] pimreg: left allmulticast mode
[   50.413197] pimreg: left allmulticast mode
[   50.426361] pimreg: entered allmulticast mode
[   50.446882] pimreg: entered allmulticast mode
[   50.481776] pimreg: entered allmulticast mode
[   50.505868] pimreg: entered allmulticast mode
[   50.529065] pimreg: entered allmulticast mode
[   50.561683] pimreg: entered allmulticast mode
[   50.582324] pimreg: entered allmulticast mode
[   50.606154] pimreg: left allmulticast mode
[   50.606486] pimreg: left allmulticast mode
[   50.606735] pimreg: left allmulticast mode
[   50.607095] pimreg: left allmulticast mode
[   50.607995] pimreg: left allmulticast mode
[   50.608343] pimreg: left allmulticast mode
[   50.608629] pimreg: left allmulticast mode
[   50.620703] pimreg: entered allmulticast mode
[   50.653405] pimreg: entered allmulticast mode
[   50.684568] pimreg: entered allmulticast mode
[   50.721623] pimreg: entered allmulticast mode
[   50.745323] pimreg: entered allmulticast mode
[   50.773583] pimreg: entered allmulticast mode
[   50.797585] pimreg: entered allmulticast mode
[   50.823215] pimreg: entered allmulticast mode
[   50.834727] pimreg: left allmulticast mode
[   50.835101] pimreg: left allmulticast mode
[   50.835365] pimreg: left allmulticast mode
[   50.835623] pimreg: left allmulticast mode
[   50.835939] pimreg: left allmulticast mode
[   50.836252] pimreg: left allmulticast mode
[   50.837096] pimreg: left allmulticast mode
[   50.837631] pimreg: left allmulticast mode
[   50.851633] pimreg: entered allmulticast mode
[   50.871345] pimreg: entered allmulticast mode
[   50.894115] pimreg: entered allmulticast mode
[   50.913498] pimreg: entered allmulticast mode
[   50.933198] pimreg: entered allmulticast mode
[   50.966194] pimreg: entered allmulticast mode
[   50.989805] pimreg: entered allmulticast mode
[   51.010436] pimreg: entered allmulticast mode
[   51.026300] pimreg: left allmulticast mode
[   51.026775] pimreg: left allmulticast mode
[   51.027496] pimreg: left allmulticast mode
[   51.028903] pimreg: left allmulticast mode
[   51.029314] pimreg: left allmulticast mode
[   51.029620] pimreg: left allmulticast mode
[   51.029925] pimreg: left allmulticast mode
[   51.030231] pimreg: left allmulticast mode
[   51.043276] pimreg: entered allmulticast mode
[   51.066888] pimreg: entered allmulticast mode
[   51.085678] pimreg: entered allmulticast mode
[   51.100066] pimreg: entered allmulticast mode
[   51.153860] pimreg: entered allmulticast mode
[   51.173611] pimreg: entered allmulticast mode
[   51.197499] pimreg: entered allmulticast mode
[   51.221710] pimreg: entered allmulticast mode
[   51.230952] pimreg: left allmulticast mode
[   51.231572] pimreg: left allmulticast mode
[   51.231865] pimreg: left allmulticast mode
[   51.232113] pimreg: left allmulticast mode
[   51.232360] pimreg: left allmulticast mode
[   51.232646] pimreg: left allmulticast mode
[   51.232963] pimreg: left allmulticast mode
[   51.233331] pimreg: left allmulticast mode
[   51.247645] pimreg: entered allmulticast mode
[   51.263171] pimreg: entered allmulticast mode
[   51.286677] pimreg: entered allmulticast mode
[   51.307033] pimreg: entered allmulticast mode
[   51.333484] pimreg: entered allmulticast mode
[   51.362665] pimreg: entered allmulticast mode
[   51.381631] pimreg: entered allmulticast mode
[   51.402149] pimreg: entered allmulticast mode
[   51.422258] pimreg: left allmulticast mode
[   51.422613] pimreg: left allmulticast mode
[   51.422898] pimreg: left allmulticast mode
[   51.423146] pimreg: left allmulticast mode
[   51.424461] pimreg: left allmulticast mode
[   51.424793] pimreg: left allmulticast mode
[   51.425054] pimreg: left allmulticast mode
[   51.425662] pimreg: left allmulticast mode
[   51.438833] pimreg: entered allmulticast mode
[   51.467035] pimreg: entered allmulticast mode
[   51.492113] pimreg: entered allmulticast mode
[   51.513777] pimreg: entered allmulticast mode
[   51.533248] pimreg: entered allmulticast mode
[   51.553672] pimreg: entered allmulticast mode
[   51.581426] pimreg: entered allmulticast mode
[   51.605849] pimreg: entered allmulticast mode
[   51.626726] pimreg: left allmulticast mode
[   51.627059] pimreg: left allmulticast mode
[   51.627320] pimreg: left allmulticast mode
[   51.627624] pimreg: left allmulticast mode
[   51.627948] pimreg: left allmulticast mode
[   51.628372] pimreg: left allmulticast mode
[   51.628685] pimreg: left allmulticast mode
[   51.628984] pimreg: left allmulticast mode
[   51.642637] pimreg: entered allmulticast mode
[   51.674087] pimreg: entered allmulticast mode
[   51.688057] pimreg: entered allmulticast mode
[   51.714245] pimreg: entered allmulticast mode
[   51.742156] pimreg: entered allmulticast mode
[   51.757564] pimreg: entered allmulticast mode
[   51.777527] pimreg: entered allmulticast mode
[   51.802101] pimreg: entered allmulticast mode
[   51.822082] pimreg: entered allmulticast mode
[   51.827271] pimreg: left allmulticast mode
[   51.827636] pimreg: left allmulticast mode
[   51.827919] pimreg: left allmulticast mode
[   51.828187] pimreg: left allmulticast mode
[   51.828438] pimreg: left allmulticast mode
[   51.828743] pimreg: left allmulticast mode
[   51.829038] pimreg: left allmulticast mode
[   51.829387] pimreg: left allmulticast mode
[   51.850041] pimreg: entered allmulticast mode
[   51.867458] pimreg: entered allmulticast mode
[   51.887166] pimreg: entered allmulticast mode
[   51.897983] pimreg: entered allmulticast mode
[   51.921854] pimreg: entered allmulticast mode
[   51.945848] pimreg: entered allmulticast mode
[   51.969066] pimreg: entered allmulticast mode
[   51.982462] pimreg: left allmulticast mode
[   51.983014] pimreg: left allmulticast mode
[   51.983276] pimreg: left allmulticast mode
[   51.983539] pimreg: left allmulticast mode
[   51.983794] pimreg: left allmulticast mode
[   51.984094] pimreg: left allmulticast mode
[   51.984388] pimreg: left allmulticast mode
[   51.984695] pimreg: left allmulticast mode
[   51.997820] pimreg: entered allmulticast mode
[   52.027346] pimreg: entered allmulticast mode
[   52.054297] pimreg: entered allmulticast mode
[   52.078124] pimreg: entered allmulticast mode
[   52.093562] pimreg: entered allmulticast mode
[   52.113432] pimreg: entered allmulticast mode
[   52.137576] pimreg: entered allmulticast mode
[   52.162344] pimreg: entered allmulticast mode
[   52.189760] pimreg: entered allmulticast mode
[   52.194833] pimreg: left allmulticast mode
[   52.195184] pimreg: left allmulticast mode
[   52.195436] pimreg: left allmulticast mode
[   52.195740] pimreg: left allmulticast mode
[   52.196053] pimreg: left allmulticast mode
[   52.196352] pimreg: left allmulticast mode
[   52.196642] pimreg: left allmulticast mode
[   52.196935] pimreg: left allmulticast mode
[   52.197393] pimreg: left allmulticast mode
[   52.211692] pimreg: entered allmulticast mode
[   52.239544] pimreg: entered allmulticast mode
[   52.262744] pimreg: entered allmulticast mode
[   52.285496] pimreg: entered allmulticast mode
[   52.309638] pimreg: entered allmulticast mode
[   52.341575] pimreg: entered allmulticast mode
[   52.365464] pimreg: entered allmulticast mode
[   52.389584] pimreg: entered allmulticast mode
[   52.405633] pimreg: left allmulticast mode
[   52.406009] pimreg: left allmulticast mode
[   52.406274] pimreg: left allmulticast mode
[   52.406533] pimreg: left allmulticast mode
[   52.406857] pimreg: left allmulticast mode
[   52.407569] pimreg: left allmulticast mode
[   52.407941] pimreg: left allmulticast mode
[   52.408226] pimreg: left allmulticast mode
[   52.408514] pimreg: left allmulticast mode
[   52.422212] pimreg: entered allmulticast mode
[   52.443665] pimreg: entered allmulticast mode
[   52.463401] pimreg: entered allmulticast mode
[   52.482550] pimreg: entered allmulticast mode
[   52.505534] pimreg: entered allmulticast mode
[   52.541724] pimreg: entered allmulticast mode
[   52.569798] pimreg: entered allmulticast mode
[   52.593559] pimreg: entered allmulticast mode
[   52.614319] pimreg: entered allmulticast mode
[   52.626479] pimreg: left allmulticast mode
[   52.626824] pimreg: left allmulticast mode
[   52.627089] pimreg: left allmulticast mode
[   52.627335] pimreg: left allmulticast mode
[   52.627643] pimreg: left allmulticast mode
[   52.627952] pimreg: left allmulticast mode
[   52.628246] pimreg: left allmulticast mode
[   52.628544] pimreg: left allmulticast mode
[   52.641505] pimreg: entered allmulticast mode
[   52.666336] pimreg: entered allmulticast mode
[   52.692958] pimreg: entered allmulticast mode
[   52.714683] pimreg: entered allmulticast mode
[   52.729523] pimreg: entered allmulticast mode
[   52.749198] pimreg: entered allmulticast mode
[   52.774362] pimreg: entered allmulticast mode
[   52.793816] pimreg: entered allmulticast mode
[   52.817620] pimreg: entered allmulticast mode
[   52.822197] pimreg: left allmulticast mode
[   52.822531] pimreg: left allmulticast mode
[   52.822805] pimreg: left allmulticast mode
[   52.823475] pimreg: left allmulticast mode
[   52.823844] pimreg: left allmulticast mode
[   52.824154] pimreg: left allmulticast mode
[   52.824448] pimreg: left allmulticast mode
[   52.824741] pimreg: left allmulticast mode
[   52.825020] pimreg: left allmulticast mode
[   52.843025] pimreg: entered allmulticast mode
[   52.862332] pimreg: entered allmulticast mode
[   52.888853] pimreg: entered allmulticast mode
[   52.913881] pimreg: entered allmulticast mode
[   52.937514] pimreg: entered allmulticast mode
[   52.961480] pimreg: entered allmulticast mode
[   52.985645] pimreg: entered allmulticast mode
[   53.009560] pimreg: entered allmulticast mode
[   53.035121] pimreg: entered allmulticast mode
[   53.035482] pimreg: left allmulticast mode
[   53.035839] pimreg: left allmulticast mode
[   53.036089] pimreg: left allmulticast mode
[   53.036409] pimreg: left allmulticast mode
[   53.036720] pimreg: left allmulticast mode
[   53.037017] pimreg: left allmulticast mode
[   53.037449] pimreg: left allmulticast mode
[   53.037772] pimreg: left allmulticast mode
[   53.038082] pimreg: left allmulticast mode
[   53.052081] pimreg: entered allmulticast mode
[   53.083895] pimreg: entered allmulticast mode
[   53.101438] pimreg: entered allmulticast mode
[   53.122892] pimreg: entered allmulticast mode
[   53.134054] pimreg: entered allmulticast mode
[   53.157981] pimreg: entered allmulticast mode
[   53.181907] pimreg: entered allmulticast mode
[   53.205660] pimreg: entered allmulticast mode
[   53.225567] pimreg: entered allmulticast mode
[   53.245980] pimreg: entered allmulticast mode
[   53.250481] pimreg: left allmulticast mode
[   53.250844] pimreg: left allmulticast mode
[   53.251102] pimreg: left allmulticast mode
[   53.251405] pimreg: left allmulticast mode
[   53.251711] pimreg: left allmulticast mode
[   53.252477] pimreg: left allmulticast mode
[   53.252852] pimreg: left allmulticast mode
[   53.253145] pimreg: left allmulticast mode
[   53.253854] pimreg: left allmulticast mode
[   53.254562] pimreg: left allmulticast mode
[   53.270149] pimreg: entered allmulticast mode
[   53.300050] pimreg: entered allmulticast mode
[   53.321164] pimreg: entered allmulticast mode
[   53.342976] pimreg: entered allmulticast mode
[   53.365813] pimreg: entered allmulticast mode
[   53.389515] pimreg: entered allmulticast mode
[   53.413614] pimreg: entered allmulticast mode
[   53.433341] pimreg: entered allmulticast mode
[   53.453960] pimreg: entered allmulticast mode
[   53.476596] pimreg: left allmulticast mode
[   53.476943] pimreg: left allmulticast mode
[   53.477201] pimreg: left allmulticast mode
[   53.477547] pimreg: left allmulticast mode
[   53.477871] pimreg: left allmulticast mode
[   53.478206] pimreg: left allmulticast mode
[   53.478483] pimreg: left allmulticast mode
[   53.478775] pimreg: left allmulticast mode
[   53.479059] pimreg: left allmulticast mode
[   53.491833] pimreg: entered allmulticast mode
[   53.520472] pimreg: entered allmulticast mode
[   53.538565] pimreg: entered allmulticast mode
[   53.561930] pimreg: entered allmulticast mode
[   53.585691] pimreg: entered allmulticast mode
[   53.609547] pimreg: entered allmulticast mode
[   53.633542] pimreg: entered allmulticast mode
[   53.661371] pimreg: entered allmulticast mode
[   53.693688] pimreg: entered allmulticast mode
[   53.714255] pimreg: left allmulticast mode
[   53.714601] pimreg: left allmulticast mode
[   53.714864] pimreg: left allmulticast mode
[   53.715159] pimreg: left allmulticast mode
[   53.715467] pimreg: left allmulticast mode
[   53.715787] pimreg: left allmulticast mode
[   53.716087] pimreg: left allmulticast mode
[   53.716379] pimreg: left allmulticast mode
[   53.716966] pimreg: left allmulticast mode
[   53.731700] pimreg: entered allmulticast mode
[   53.763359] pimreg: entered allmulticast mode
[   53.787693] pimreg: entered allmulticast mode
[   53.807393] pimreg: entered allmulticast mode
[   53.817205] pimreg: entered allmulticast mode
[   53.841428] pimreg: entered allmulticast mode
[   53.869576] pimreg: entered allmulticast mode
[   53.893368] pimreg: entered allmulticast mode
[   53.910491] pimreg: left allmulticast mode
[   53.910837] pimreg: left allmulticast mode
[   53.911088] pimreg: left allmulticast mode
[   53.911379] pimreg: left allmulticast mode
[   53.911684] pimreg: left allmulticast mode
[   53.911979] pimreg: left allmulticast mode
[   53.912259] pimreg: left allmulticast mode
[   53.912554] pimreg: left allmulticast mode
[   53.925605] pimreg: entered allmulticast mode
[   53.954660] pimreg: entered allmulticast mode
[   53.969152] pimreg: entered allmulticast mode
[   53.990607] pimreg: entered allmulticast mode
[   54.009874] pimreg: entered allmulticast mode
[   54.033633] pimreg: entered allmulticast mode
[   54.057833] pimreg: entered allmulticast mode
[   54.081479] pimreg: entered allmulticast mode
[   54.109626] pimreg: entered allmulticast mode
[   54.114348] pimreg: left allmulticast mode
[   54.114738] pimreg: left allmulticast mode
[   54.115002] pimreg: left allmulticast mode
[   54.115249] pimreg: left allmulticast mode
[   54.115540] pimreg: left allmulticast mode
[   54.115862] pimreg: left allmulticast mode
[   54.116154] pimreg: left allmulticast mode
[   54.116933] pimreg: left allmulticast mode
[   54.117706] pimreg: left allmulticast mode
[   54.132101] pimreg: entered allmulticast mode
[   54.155456] pimreg: entered allmulticast mode
[   54.177620] pimreg: entered allmulticast mode
[   54.199809] pimreg: entered allmulticast mode
[   54.221299] pimreg: entered allmulticast mode
[   54.245392] pimreg: entered allmulticast mode
[   54.269368] pimreg: entered allmulticast mode
[   54.293561] pimreg: entered allmulticast mode
[   54.317468] pimreg: entered allmulticast mode
[   54.322928] pimreg: left allmulticast mode
[   54.323213] pimreg: left allmulticast mode
[   54.323527] pimreg: left allmulticast mode
[   54.323838] pimreg: left allmulticast mode
[   54.324131] pimreg: left allmulticast mode
[   54.324427] pimreg: left allmulticast mode
[   54.324713] pimreg: left allmulticast mode
[   54.324997] pimreg: left allmulticast mode
[   54.325322] pimreg: left allmulticast mode
[   54.340248] pimreg: entered allmulticast mode
[   54.360943] pimreg: entered allmulticast mode
[   54.386318] pimreg: entered allmulticast mode
[   54.410303] pimreg: entered allmulticast mode
[   54.433964] pimreg: entered allmulticast mode
[   54.460947] pimreg: entered allmulticast mode
[   54.486124] pimreg: entered allmulticast mode
[   54.506268] pimreg: entered allmulticast mode
[   54.525801] pimreg: entered allmulticast mode
[   54.535057] pimreg: left allmulticast mode
[   54.535426] pimreg: left allmulticast mode
[   54.535712] pimreg: left allmulticast mode
[   54.535960] pimreg: left allmulticast mode
[   54.536262] pimreg: left allmulticast mode
[   54.536558] pimreg: left allmulticast mode
[   54.536877] pimreg: left allmulticast mode
[   54.537175] pimreg: left allmulticast mode
[   54.537527] pimreg: left allmulticast mode
[   54.552929] pimreg: entered allmulticast mode
[   54.579692] pimreg: entered allmulticast mode
[   54.607946] pimreg: entered allmulticast mode
[   54.629988] pimreg: entered allmulticast mode
[   54.653846] pimreg: entered allmulticast mode
[   54.673101] pimreg: entered allmulticast mode
[   54.697786] pimreg: entered allmulticast mode
[   54.721088] pimreg: entered allmulticast mode
[   54.734216] pimreg: left allmulticast mode
[   54.734566] pimreg: left allmulticast mode
[   54.734851] pimreg: left allmulticast mode
[   54.735129] pimreg: left allmulticast mode
[   54.735396] pimreg: left allmulticast mode
[   54.735721] pimreg: left allmulticast mode
[   54.736253] pimreg: left allmulticast mode
[   54.736601] pimreg: left allmulticast mode
[   54.750753] pimreg: entered allmulticast mode
[   54.775071] pimreg: entered allmulticast mode
[   54.799488] pimreg: entered allmulticast mode
[   54.821201] pimreg: entered allmulticast mode
[   54.845907] pimreg: entered allmulticast mode
[   54.869815] pimreg: entered allmulticast mode
[   54.897503] pimreg: entered allmulticast mode
[   54.921460] pimreg: entered allmulticast mode
[   54.957798] pimreg: entered allmulticast mode
[   54.962179] pimreg: left allmulticast mode
[   54.962517] pimreg: left allmulticast mode
[   54.962803] pimreg: left allmulticast mode
[   54.963102] pimreg: left allmulticast mode
[   54.963402] pimreg: left allmulticast mode
[   54.963714] pimreg: left allmulticast mode
[   54.964018] pimreg: left allmulticast mode
[   54.964665] pimreg: left allmulticast mode
[   54.965836] pimreg: left allmulticast mode
[   54.980409] pimreg: entered allmulticast mode
[   55.007156] pimreg: entered allmulticast mode
[   55.033147] pimreg: entered allmulticast mode
[   55.046733] pimreg: entered allmulticast mode
[   55.070349] pimreg: entered allmulticast mode
[   55.085684] pimreg: entered allmulticast mode
[   55.105496] pimreg: entered allmulticast mode
[   55.129680] pimreg: entered allmulticast mode
[   55.150559] pimreg: left allmulticast mode
[   55.150907] pimreg: left allmulticast mode
[   55.151156] pimreg: left allmulticast mode
[   55.151455] pimreg: left allmulticast mode
[   55.151775] pimreg: left allmulticast mode
[   55.153327] pimreg: left allmulticast mode
[   55.153678] pimreg: left allmulticast mode
[   55.153983] pimreg: left allmulticast mode
[   55.167496] pimreg: entered allmulticast mode
[   55.190975] pimreg: entered allmulticast mode
[   55.210332] pimreg: entered allmulticast mode
[   55.232131] pimreg: entered allmulticast mode
[   55.253915] pimreg: entered allmulticast mode
[   55.277769] pimreg: entered allmulticast mode
[   55.297144] pimreg: entered allmulticast mode
[   55.318479] pimreg: entered allmulticast mode
[   55.337801] pimreg: entered allmulticast mode
[   55.362027] pimreg: entered allmulticast mode
[   55.386146] pimreg: left allmulticast mode
[   55.386497] pimreg: left allmulticast mode
[   55.386783] pimreg: left allmulticast mode
[   55.387037] pimreg: left allmulticast mode
[   55.388290] pimreg: left allmulticast mode
[   55.388586] pimreg: left allmulticast mode
[   55.388853] pimreg: left allmulticast mode
[   55.389099] pimreg: left allmulticast mode
[   55.389779] pimreg: left allmulticast mode
[   55.390095] pimreg: left allmulticast mode
[   55.405334] pimreg: entered allmulticast mode
[   55.433711] pimreg: entered allmulticast mode
[   55.454029] pimreg: entered allmulticast mode
[   55.473955] pimreg: entered allmulticast mode
[   55.497567] pimreg: entered allmulticast mode
[   55.522120] pimreg: entered allmulticast mode
[   55.546095] pimreg: entered allmulticast mode
[   55.565414] pimreg: entered allmulticast mode
[   55.589516] pimreg: entered allmulticast mode
[   55.618010] pimreg: entered allmulticast mode
[   55.642429] pimreg: left allmulticast mode
[   55.642948] pimreg: left allmulticast mode
[   55.643260] pimreg: left allmulticast mode
[   55.643552] pimreg: left allmulticast mode
[   55.644235] pimreg: left allmulticast mode
[   55.644552] pimreg: left allmulticast mode
[   55.644849] pimreg: left allmulticast mode
[   55.645135] pimreg: left allmulticast mode
[   55.645482] pimreg: left allmulticast mode
[   55.645792] pimreg: left allmulticast mode
[   55.661440] pimreg: entered allmulticast mode
[   55.682177] pimreg: entered allmulticast mode
[   55.708042] pimreg: entered allmulticast mode
[   55.729360] pimreg: entered allmulticast mode
[   55.754517] pimreg: entered allmulticast mode
[   55.769719] pimreg: entered allmulticast mode
[   55.789659] pimreg: entered allmulticast mode
[   55.817453] pimreg: entered allmulticast mode
[   55.845099] pimreg: entered allmulticast mode
[   55.873862] pimreg: entered allmulticast mode
[   55.887267] pimreg: left allmulticast mode
[   55.887611] pimreg: left allmulticast mode
[   55.887859] pimreg: left allmulticast mode
[   55.888109] pimreg: left allmulticast mode
[   55.888410] pimreg: left allmulticast mode
[   55.888697] pimreg: left allmulticast mode
[   55.888973] pimreg: left allmulticast mode
[   55.889272] pimreg: left allmulticast mode
[   55.889564] pimreg: left allmulticast mode
[   55.889857] pimreg: left allmulticast mode
[   55.906414] pimreg: entered allmulticast mode
[   55.939255] pimreg: entered allmulticast mode
[   55.960973] pimreg: entered allmulticast mode
[   55.973366] pimreg: entered allmulticast mode
[   56.006009] pimreg: entered allmulticast mode
[   56.037606] pimreg: entered allmulticast mode
[   56.069458] pimreg: entered allmulticast mode
[   56.101561] pimreg: entered allmulticast mode
[   56.133543] pimreg: entered allmulticast mode
[   56.162140] pimreg: left allmulticast mode
[   56.162494] pimreg: left allmulticast mode
[   56.162757] pimreg: left allmulticast mode
[   56.163012] pimreg: left allmulticast mode
[   56.163310] pimreg: left allmulticast mode
[   56.164225] pimreg: left allmulticast mode
[   56.164550] pimreg: left allmulticast mode
[   56.164857] pimreg: left allmulticast mode
[   56.165143] pimreg: left allmulticast mode
[   56.179073] pimreg: entered allmulticast mode
[   56.203666] pimreg: entered allmulticast mode
[   56.219415] pimreg: entered allmulticast mode
[   56.234511] pimreg: entered allmulticast mode
[   56.265922] pimreg: entered allmulticast mode
[   56.290123] pimreg: entered allmulticast mode
[   56.313987] pimreg: entered allmulticast mode
[   56.338196] pimreg: entered allmulticast mode
[   56.357993] pimreg: entered allmulticast mode
[   56.378268] pimreg: entered allmulticast mode
[   56.378637] pimreg: left allmulticast mode
[   56.378965] pimreg: left allmulticast mode
[   56.379250] pimreg: left allmulticast mode
[   56.379581] pimreg: left allmulticast mode
[   56.379887] pimreg: left allmulticast mode
[   56.380180] pimreg: left allmulticast mode
[   56.380483] pimreg: left allmulticast mode
[   56.380777] pimreg: left allmulticast mode
[   56.381082] pimreg: left allmulticast mode
[   56.396524] pimreg: entered allmulticast mode
[   56.419506] pimreg: entered allmulticast mode
[   56.436451] pimreg: entered allmulticast mode
[   56.450387] pimreg: entered allmulticast mode
[   56.477328] pimreg: entered allmulticast mode
[   56.505473] pimreg: entered allmulticast mode
[   56.529917] pimreg: entered allmulticast mode
[   56.562032] pimreg: entered allmulticast mode
[   56.590723] pimreg: left allmulticast mode
[   56.591023] pimreg: left allmulticast mode
[   56.591312] pimreg: left allmulticast mode
[   56.591645] pimreg: left allmulticast mode
[   56.591926] pimreg: left allmulticast mode
[   56.592227] pimreg: left allmulticast mode
[   56.592562] pimreg: left allmulticast mode
[   56.592844] pimreg: left allmulticast mode
[   56.593122] pimreg: left allmulticast mode
[   56.607304] pimreg: entered allmulticast mode
[   56.633420] pimreg: entered allmulticast mode
[   56.649792] pimreg: entered allmulticast mode
[   56.670214] pimreg: entered allmulticast mode
[   56.693893] pimreg: entered allmulticast mode
[   56.713808] pimreg: entered allmulticast mode
[   56.741651] pimreg: entered allmulticast mode
[   56.766174] pimreg: entered allmulticast mode
[   56.785380] pimreg: entered allmulticast mode
[   56.794093] pimreg: left allmulticast mode
[   56.794693] pimreg: left allmulticast mode
[   56.794961] pimreg: left allmulticast mode
[   56.795207] pimreg: left allmulticast mode
[   56.795508] pimreg: left allmulticast mode
[   56.795803] pimreg: left allmulticast mode
[   56.796085] pimreg: left allmulticast mode
[   56.796365] pimreg: left allmulticast mode
[   56.796667] pimreg: left allmulticast mode
[   56.811813] pimreg: entered allmulticast mode
[   56.836720] pimreg: entered allmulticast mode
[   56.862502] pimreg: entered allmulticast mode
[   56.886137] pimreg: entered allmulticast mode
[   56.901756] pimreg: entered allmulticast mode
[   56.921317] pimreg: entered allmulticast mode
[   56.945738] pimreg: entered allmulticast mode
[   56.973303] pimreg: entered allmulticast mode
[   57.007053] pimreg: entered allmulticast mode
[   57.014724] pimreg: left allmulticast mode
[   57.015174] pimreg: left allmulticast mode
[   57.015437] pimreg: left allmulticast mode
[   57.015701] pimreg: left allmulticast mode
[   57.016018] pimreg: left allmulticast mode
[   57.016312] pimreg: left allmulticast mode
[   57.016599] pimreg: left allmulticast mode
[   57.016878] pimreg: left allmulticast mode
[   57.017158] pimreg: left allmulticast mode
[   57.032240] pimreg: entered allmulticast mode
[   57.059122] pimreg: entered allmulticast mode
[   57.085728] pimreg: entered allmulticast mode
[   57.098601] pimreg: entered allmulticast mode
[   57.130365] pimreg: entered allmulticast mode
[   57.154981] pimreg: entered allmulticast mode
[   57.155348] pimreg: left allmulticast mode
[   57.155707] pimreg: left allmulticast mode
[   57.155961] pimreg: left allmulticast mode
[   57.156235] pimreg: left allmulticast mode
[   57.156494] pimreg: left allmulticast mode
[   57.166979] pimreg: entered allmulticast mode
[   57.185295] pimreg: entered allmulticast mode
[   57.212729] pimreg: entered allmulticast mode
[   57.237937] pimreg: entered allmulticast mode
[   57.253767] pimreg: entered allmulticast mode
[   57.277890] pimreg: entered allmulticast mode
[   57.302397] pimreg: left allmulticast mode
[   57.302703] pimreg: left allmulticast mode
[   57.302993] pimreg: left allmulticast mode
[   57.303298] pimreg: left allmulticast mode
[   57.303609] pimreg: left allmulticast mode
[   57.303922] pimreg: left allmulticast mode
[   57.304207] pimreg: left allmulticast mode
[   57.315455] pimreg: entered allmulticast mode
[   57.334261] pimreg: entered allmulticast mode
[   57.364686] pimreg: entered allmulticast mode
[   57.385640] pimreg: entered allmulticast mode
[   57.406052] pimreg: entered allmulticast mode
[   57.437554] pimreg: entered allmulticast mode
[   57.461586] pimreg: entered allmulticast mode
[   57.485803] pimreg: entered allmulticast mode
[   57.490070] pimreg: left allmulticast mode
[   57.490411] pimreg: left allmulticast mode
[   57.490670] pimreg: left allmulticast mode
[   57.490970] pimreg: left allmulticast mode
[   57.491259] pimreg: left allmulticast mode
[   57.491611] pimreg: left allmulticast mode
[   57.491924] pimreg: left allmulticast mode
[   57.492207] pimreg: left allmulticast mode
[   57.507692] pimreg: entered allmulticast mode
[   57.536781] pimreg: entered allmulticast mode
[   57.569289] pimreg: entered allmulticast mode
[   57.601969] pimreg: entered allmulticast mode
[   57.633783] pimreg: entered allmulticast mode
[   57.665449] pimreg: entered allmulticast mode
[   57.693446] pimreg: entered allmulticast mode
[   57.725389] pimreg: entered allmulticast mode
[   57.743161] pimreg: left allmulticast mode
[   57.743539] pimreg: left allmulticast mode
[   57.743800] pimreg: left allmulticast mode
[   57.744111] pimreg: left allmulticast mode
[   57.744405] pimreg: left allmulticast mode
[   57.744714] pimreg: left allmulticast mode
[   57.745000] pimreg: left allmulticast mode
[   57.745318] pimreg: left allmulticast mode
[   57.759431] pimreg: entered allmulticast mode
[   57.778978] pimreg: entered allmulticast mode
[   57.809591] pimreg: entered allmulticast mode
[   57.830229] pimreg: entered allmulticast mode
[   57.849795] pimreg: entered allmulticast mode
[   57.870218] pimreg: entered allmulticast mode
[   57.885978] pimreg: entered allmulticast mode
[   57.886395] pimreg: left allmulticast mode
[   57.886776] pimreg: left allmulticast mode
[   57.887099] pimreg: left allmulticast mode
[   57.887416] pimreg: left allmulticast mode
[   57.887722] pimreg: left allmulticast mode
[   57.888031] pimreg: left allmulticast mode
[   57.899511] pimreg: entered allmulticast mode
[   57.917492] pimreg: entered allmulticast mode
[   57.951444] pimreg: entered allmulticast mode
[   57.982037] pimreg: entered allmulticast mode
[   58.001746] pimreg: entered allmulticast mode
[   58.013178] pimreg: entered allmulticast mode
[   58.033760] pimreg: entered allmulticast mode
[   58.050058] pimreg: left allmulticast mode
[   58.050410] pimreg: left allmulticast mode
[   58.050672] pimreg: left allmulticast mode
[   58.050972] pimreg: left allmulticast mode
[   58.052755] pimreg: left allmulticast mode
[   58.053087] pimreg: left allmulticast mode
[   58.053666] pimreg: left allmulticast mode
[   58.053982] pimreg: left allmulticast mode
[   58.066593] pimreg: entered allmulticast mode
[   58.090599] pimreg: entered allmulticast mode
[   58.122862] pimreg: entered allmulticast mode
[   58.134988] pimreg: entered allmulticast mode
[   58.158350] pimreg: entered allmulticast mode
[   58.173788] pimreg: entered allmulticast mode
[   58.197688] pimreg: entered allmulticast mode
[   58.202924] pimreg: left allmulticast mode
[   58.203279] pimreg: left allmulticast mode
[   58.203555] pimreg: left allmulticast mode
[   58.203801] pimreg: left allmulticast mode
[   58.204107] pimreg: left allmulticast mode
[   58.204401] pimreg: left allmulticast mode
[   58.204698] pimreg: left allmulticast mode
[   58.217679] pimreg: entered allmulticast mode
[   58.254059] pimreg: entered allmulticast mode
[   58.283867] pimreg: entered allmulticast mode
[   58.306183] pimreg: entered allmulticast mode
[   58.337806] pimreg: entered allmulticast mode
[   58.381974] pimreg: entered allmulticast mode
[   58.409757] pimreg: entered allmulticast mode
[   58.443035] pimreg: entered allmulticast mode
[   58.454966] pimreg: left allmulticast mode
[   58.455515] pimreg: left allmulticast mode
[   58.455779] pimreg: left allmulticast mode
[   58.456037] pimreg: left allmulticast mode
[   58.456336] pimreg: left allmulticast mode
[   58.456692] pimreg: left allmulticast mode
[   58.457007] pimreg: left allmulticast mode
[   58.469198] pimreg: entered allmulticast mode
[   58.485014] pimreg: entered allmulticast mode
[   58.499626] pimreg: entered allmulticast mode
[   58.518635] pimreg: entered allmulticast mode
[   58.541852] pimreg: entered allmulticast mode
[   58.561379] pimreg: entered allmulticast mode
[   58.581604] pimreg: entered allmulticast mode
[   58.605846] pimreg: entered allmulticast mode
[   58.625975] pimreg: left allmulticast mode
[   58.626317] pimreg: left allmulticast mode
[   58.626593] pimreg: left allmulticast mode
[   58.626841] pimreg: left allmulticast mode
[   58.627399] pimreg: left allmulticast mode
[   58.627661] pimreg: left allmulticast mode
[   58.627959] pimreg: left allmulticast mode
[   58.628253] pimreg: left allmulticast mode
[   58.628552] pimreg: left allmulticast mode
[   58.642517] pimreg: entered allmulticast mode
[   58.664848] pimreg: entered allmulticast mode
[   58.689907] pimreg: entered allmulticast mode
[   58.717805] pimreg: entered allmulticast mode
[   58.733652] pimreg: entered allmulticast mode
[   58.753317] pimreg: entered allmulticast mode
[   58.782255] pimreg: entered allmulticast mode
[   58.809561] pimreg: entered allmulticast mode
[   58.837584] pimreg: entered allmulticast mode
[   58.859271] pimreg: left allmulticast mode
[   58.859923] pimreg: left allmulticast mode
[   58.860208] pimreg: left allmulticast mode
[   58.860460] pimreg: left allmulticast mode
[   58.860801] pimreg: left allmulticast mode
[   58.861107] pimreg: left allmulticast mode
[   58.861494] pimreg: left allmulticast mode
[   58.861806] pimreg: left allmulticast mode
[   58.862092] pimreg: left allmulticast mode
[   58.875367] pimreg: entered allmulticast mode
[   58.907178] pimreg: entered allmulticast mode
[   58.918708] pimreg: entered allmulticast mode
[   58.938290] pimreg: entered allmulticast mode
[   58.961968] pimreg: entered allmulticast mode
[   58.985300] pimreg: entered allmulticast mode
[   59.013207] pimreg: entered allmulticast mode
[   59.041402] pimreg: entered allmulticast mode
[   59.074376] pimreg: entered allmulticast mode
[   59.094603] pimreg: left allmulticast mode
[   59.094891] pimreg: left allmulticast mode
[   59.095143] pimreg: left allmulticast mode
[   59.095400] pimreg: left allmulticast mode
[   59.095720] pimreg: left allmulticast mode
[   59.097011] pimreg: left allmulticast mode
[   59.097402] pimreg: left allmulticast mode
[   59.097736] pimreg: left allmulticast mode
[   59.098035] pimreg: left allmulticast mode
[   59.111730] pimreg: entered allmulticast mode
[   59.143213] pimreg: entered allmulticast mode
[   59.183261] pimreg: entered allmulticast mode
[   59.201162] pimreg: entered allmulticast mode
[   59.213830] pimreg: entered allmulticast mode
[   59.241827] pimreg: entered allmulticast mode
[   59.273323] pimreg: entered allmulticast mode
[   59.305590] pimreg: entered allmulticast mode
[   59.337347] pimreg: entered allmulticast mode
[   59.366315] pimreg: left allmulticast mode
[   59.366686] pimreg: left allmulticast mode
[   59.366948] pimreg: left allmulticast mode
[   59.367256] pimreg: left allmulticast mode
[   59.367586] pimreg: left allmulticast mode
[   59.368875] pimreg: left allmulticast mode
[   59.369203] pimreg: left allmulticast mode
[   59.369559] pimreg: left allmulticast mode
[   59.369851] pimreg: left allmulticast mode
[   59.384192] pimreg: entered allmulticast mode
[   59.405468] pimreg: entered allmulticast mode
[   59.433586] pimreg: entered allmulticast mode
[   59.458139] pimreg: entered allmulticast mode
[   59.485251] pimreg: entered allmulticast mode
[   59.509780] pimreg: entered allmulticast mode
[   59.537585] pimreg: entered allmulticast mode
[   59.562069] pimreg: entered allmulticast mode
[   59.590289] pimreg: entered allmulticast mode
[   59.614529] pimreg: left allmulticast mode
[   59.614823] pimreg: left allmulticast mode
[   59.615080] pimreg: left allmulticast mode
[   59.615379] pimreg: left allmulticast mode
[   59.615684] pimreg: left allmulticast mode
[   59.615992] pimreg: left allmulticast mode
[   59.616293] pimreg: left allmulticast mode
[   59.616613] pimreg: left allmulticast mode
[   59.616912] pimreg: left allmulticast mode
[   59.630565] pimreg: entered allmulticast mode
[   59.654225] pimreg: entered allmulticast mode
[   59.681909] pimreg: entered allmulticast mode
[   59.698418] pimreg: entered allmulticast mode
[   59.711761] pimreg: entered allmulticast mode
[   59.737595] pimreg: entered allmulticast mode
[   59.765542] pimreg: entered allmulticast mode
[   59.793583] pimreg: entered allmulticast mode
[   59.821087] pimreg: entered allmulticast mode
[   59.839007] pimreg: entered allmulticast mode
[   59.847461] pimreg: left allmulticast mode
[   59.848071] pimreg: left allmulticast mode
[   59.848346] pimreg: left allmulticast mode
[   59.848610] pimreg: left allmulticast mode
[   59.848939] pimreg: left allmulticast mode
[   59.849264] pimreg: left allmulticast mode
[   59.849567] pimreg: left allmulticast mode
[   59.849881] pimreg: left allmulticast mode
[   59.850184] pimreg: left allmulticast mode
[   59.850491] pimreg: left allmulticast mode
[   59.866600] pimreg: entered allmulticast mode
[   59.890601] pimreg: entered allmulticast mode
[   59.918399] pimreg: entered allmulticast mode
[   59.938304] pimreg: entered allmulticast mode
[   59.961749] pimreg: entered allmulticast mode
[   59.986108] pimreg: entered allmulticast mode
[   60.010174] pimreg: entered allmulticast mode
[   60.033791] pimreg: entered allmulticast mode
[   60.057345] pimreg: entered allmulticast mode
[   60.066624] pimreg: left allmulticast mode
[   60.067204] pimreg: left allmulticast mode
[   60.067515] pimreg: left allmulticast mode
[   60.067777] pimreg: left allmulticast mode
[   60.068025] pimreg: left allmulticast mode
[   60.068314] pimreg: left allmulticast mode
[   60.068633] pimreg: left allmulticast mode
[   60.068928] pimreg: left allmulticast mode
[   60.069290] pimreg: left allmulticast mode
[   60.084259] pimreg: entered allmulticast mode
[   60.107928] pimreg: entered allmulticast mode
[   60.138314] pimreg: entered allmulticast mode
[   60.166101] pimreg: entered allmulticast mode
[   60.185903] pimreg: entered allmulticast mode
[   60.205878] pimreg: entered allmulticast mode
[   60.222260] pimreg: entered allmulticast mode
[   60.242291] pimreg: entered allmulticast mode
[   60.262207] pimreg: entered allmulticast mode
[   60.278202] pimreg: left allmulticast mode
[   60.279076] pimreg: left allmulticast mode
[   60.280086] pimreg: left allmulticast mode
[   60.280397] pimreg: left allmulticast mode
[   60.280674] pimreg: left allmulticast mode
[   60.280921] pimreg: left allmulticast mode
[   60.281295] pimreg: left allmulticast mode
[   60.281615] pimreg: left allmulticast mode
[   60.281906] pimreg: left allmulticast mode
[   60.296249] pimreg: entered allmulticast mode
