c[?7l[2J[0mSeaBIOS (version rel-1.16.3-0-ga6ed6b701f0a-prebuilt.qemu.org)


iPXE (http://ipxe.org) 00:03.0 CA00 PCI2.10 PnP PMM+7EFD0D60+7EF30D60 CA00
Press Ctrl-B to configure iPXE (PCI 00:03.0)...                                                                               


Booting from ROM...
c[?7l[2J[    0.000000] Linux version 7.1.0-rc1-2674d603a9e6+ (root@gnr-800442) (gcc (GCC) 11.5.0 20240719 (Red Hat 11.5.0-14), GNU ld version 2.35.2-66.el9) #1 SMP PREEMPT_DYNAMIC Wed May  6 11:09:23 CST 2026
[    0.000000] Command line: console=ttyS0 root=/dev/sda earlyprintk=serial net.ifnames=0 thunderbolt.dyndbg
[    0.000000] KERNEL supported cpus:
[    0.000000]   Intel GenuineIntel
[    0.000000]   AMD AuthenticAMD
[    0.000000]   Hygon HygonGenuine
[    0.000000]   Centaur CentaurHauls
[    0.000000]   zhaoxin   Shanghai  
[    0.000000] x86/CPU: Model not found in latest microcode list
[    0.000000] x86/split lock detection: #DB: warning on user-space bus_locks
[    0.000000] BIOS-provided physical RAM map:
[    0.000000] BIOS-e820: [mem 0x0000000000000000-0x000000000009fbff]  System RAM
[    0.000000] BIOS-e820: [mem 0x000000000009fc00-0x000000000009ffff]  device reserved
[    0.000000] BIOS-e820: [gap 0x00000000000a0000-0x00000000000effff]
[    0.000000] BIOS-e820: [mem 0x00000000000f0000-0x00000000000fffff]  device reserved
[    0.000000] BIOS-e820: [mem 0x0000000000100000-0x000000007ffdffff]  System RAM
[    0.000000] BIOS-e820: [mem 0x000000007ffe0000-0x000000007fffffff]  device reserved
[    0.000000] BIOS-e820: [gap 0x0000000080000000-0x00000000feffbfff]
[    0.000000] BIOS-e820: [mem 0x00000000feffc000-0x00000000feffffff]  device reserved
[    0.000000] BIOS-e820: [gap 0x00000000ff000000-0x00000000fffbffff]
[    0.000000] BIOS-e820: [mem 0x00000000fffc0000-0x00000000ffffffff]  device reserved
[    0.000000] printk: legacy bootconsole [earlyser0] enabled
[    0.000000] NX (Execute Disable) protection: active
[    0.000000] APIC: Static calls initialized
[    0.000000] DMI: SMBIOS 3.0.0 present.
[    0.000000] DMI: QEMU Standard PC (i440FX + PIIX, 1996), BIOS rel-1.16.3-0-ga6ed6b701f0a-prebuilt.qemu.org 04/01/2014
[    0.000000] DMI: Memory slots populated: 1/1
[    0.000000] Hypervisor detected: KVM
[    0.000000] last_pfn = 0x7ffe0 max_arch_pfn = 0x10000000000
[    0.000000] kvm-clock: Using msrs 4b564d01 and 4b564d00
[    0.000004] kvm-clock: using sched offset of 757067238 cycles
[    0.000542] clocksource: kvm-clock: mask: 0xffffffffffffffff max_cycles: 0x1cd42e4dffb, max_idle_ns: 881590591483 ns
[    0.002243] tsc: Detected 2500.000 MHz processor
[    0.010184] last_pfn = 0x7ffe0 max_arch_pfn = 0x10000000000
[    0.010744] MTRR map: 4 entries (3 fixed + 1 variable; max 19), built from 8 variable MTRRs
[    0.011606] x86/PAT: Configuration [0-7]: WB  WC  UC- UC  WB  WP  UC- WT  
[    0.017151] found SMP MP-table at [mem 0x000f5480-0x000f548f]
[    0.017770] Using GB pages for direct mapping
[    0.020325] ACPI: Early table checksum verification disabled
[    0.020907] ACPI: RSDP 0x00000000000F52A0 000014 (v00 BOCHS )
[    0.021512] ACPI: RSDT 0x000000007FFE1C9B 000034 (v01 BOCHS  BXPC     00000001 BXPC 00000001)
[    0.022402] ACPI: FACP 0x000000007FFE1B47 000074 (v01 BOCHS  BXPC     00000001 BXPC 00000001)
[    0.023284] ACPI: DSDT 0x000000007FFE0040 001B07 (v01 BOCHS  BXPC     00000001 BXPC 00000001)
[    0.024169] ACPI: FACS 0x000000007FFE0000 000040
[    0.024659] ACPI: APIC 0x000000007FFE1BBB 000080 (v03 BOCHS  BXPC     00000001 BXPC 00000001)
[    0.025543] ACPI: HPET 0x000000007FFE1C3B 000038 (v01 BOCHS  BXPC     00000001 BXPC 00000001)
[    0.026427] ACPI: WAET 0x000000007FFE1C73 000028 (v01 BOCHS  BXPC     00000001 BXPC 00000001)
[    0.027314] ACPI: Reserving FACP table memory at [mem 0x7ffe1b47-0x7ffe1bba]
[    0.028041] ACPI: Reserving DSDT table memory at [mem 0x7ffe0040-0x7ffe1b46]
[    0.028756] ACPI: Reserving FACS table memory at [mem 0x7ffe0000-0x7ffe003f]
[    0.029476] ACPI: Reserving APIC table memory at [mem 0x7ffe1bbb-0x7ffe1c3a]
[    0.030255] ACPI: Reserving HPET table memory at [mem 0x7ffe1c3b-0x7ffe1c72]
[    0.030976] ACPI: Reserving WAET table memory at [mem 0x7ffe1c73-0x7ffe1c9a]
[    0.032242] No NUMA configuration found
[    0.032629] Faking a node at [mem 0x0000000000000000-0x000000007ffdffff]
[    0.033347] NODE_DATA(0) allocated [mem 0x7ffb4bc0-0x7ffdfcbf]
[    0.100513] KernelAddressSanitizer initialized (generic)
[    0.101391] ACPI: PM-Timer IO Port: 0x608
[    0.101824] ACPI: LAPIC_NMI (acpi_id[0xff] dfl dfl lint[0x1])
[    0.102468] IOAPIC[0]: apic_id 0, version 17, address 0xfec00000, GSI 0-23
[    0.103183] ACPI: INT_SRC_OVR (bus 0 bus_irq 0 global_irq 2 dfl dfl)
[    0.103831] ACPI: INT_SRC_OVR (bus 0 bus_irq 5 global_irq 5 high level)
[    0.104509] ACPI: INT_SRC_OVR (bus 0 bus_irq 9 global_irq 9 high level)
[    0.105196] ACPI: INT_SRC_OVR (bus 0 bus_irq 10 global_irq 10 high level)
[    0.105899] ACPI: INT_SRC_OVR (bus 0 bus_irq 11 global_irq 11 high level)
[    0.106622] ACPI: Using ACPI (MADT) for SMP configuration information
[    0.107289] ACPI: HPET id: 0x8086a201 base: 0xfed00000
[    0.107823] TSC deadline timer available
[    0.108227] CPU topo: Max. logical packages:   1
[    0.108703] CPU topo: Max. logical nodes:      1
[    0.109182] CPU topo: Num. nodes per package:  1
[    0.109660] CPU topo: Max. logical dies:       1
[    0.110140] CPU topo: Max. dies per package:   1
[    0.110616] CPU topo: Max. threads per core:   1
[    0.111095] CPU topo: Num. cores per package:     2
[    0.111591] CPU topo: Num. threads per package:   2
[    0.112097] CPU topo: Allowing 2 present CPUs plus 0 hotplug CPUs
[    0.112775] kvm-guest: APIC: eoi() replaced with kvm_guest_apic_eoi_write()
[    0.113522] kvm-guest: KVM setup pv remote TLB flush
[    0.114026] kvm-guest: setup PV sched yield
[    0.114494] PM: hibernation: Registered nosave memory: [mem 0x00000000-0x00000fff]
[    0.115259] PM: hibernation: Registered nosave memory: [mem 0x0009f000-0x000fffff]
[    0.116049] [gap 0x80000000-0xfeffbfff] available for PCI devices
[    0.116675] Booting paravirtualized kernel on KVM
[    0.117170] clocksource: refined-jiffies: mask: 0xffffffff max_cycles: 0xffffffff, max_idle_ns: 7645519600211568 ns
[    0.118856] Zone ranges:
[    0.119195]   DMA      [mem 0x0000000000001000-0x0000000000ffffff]
[    0.119831]   DMA32    [mem 0x0000000001000000-0x000000007ffdffff]
[    0.120473]   Normal   empty
[    0.120775]   Device   empty
[    0.121081] Movable zone start for each node
[    0.121527] Early memory node ranges
[    0.121892]   node   0: [mem 0x0000000000001000-0x000000000009efff]
[    0.122541]   node   0: [mem 0x0000000000100000-0x000000007ffdffff]
[    0.123191] Initmem setup node 0 [mem 0x0000000000001000-0x000000007ffdffff]
[    0.124278] On node 0, zone DMA: 1 pages in unavailable ranges
[    0.125117] On node 0, zone DMA: 97 pages in unavailable ranges
[    0.154464] On node 0, zone DMA32: 32 pages in unavailable ranges
[    0.155121] setup_percpu: NR_CPUS:8192 nr_cpumask_bits:2 nr_cpu_ids:2 nr_node_ids:1
[    0.156567] percpu: Embedded 81 pages/cpu s294912 r8192 d28672 u1048576
[    0.157486] kvm-guest: PV spinlocks enabled
[    0.157977] PV qspinlock hash table entries: 256 (order: 0, 4096 bytes, linear)
[    0.158752] Kernel command line: net.ifnames=0 console=ttyS0 root=/dev/sda earlyprintk=serial net.ifnames=0 thunderbolt.dyndbg
[    0.160240] random: crng init done
[    0.160595] printk: log buffer data + meta data: 262144 + 1114112 = 1376256 bytes
[    0.161985] Dentry cache hash table entries: 262144 (order: 9, 2097152 bytes, linear)
[    0.163334] Inode-cache hash table entries: 131072 (order: 8, 1048576 bytes, linear)
[    0.164480] Fallback order for Node 0: 0 
[    0.164495] Built 1 zonelists, mobility grouping on.  Total pages: 524158
[    0.165599] Policy zone: DMA32
[    0.165926] mem auto-init: stack:off, heap alloc:off, heap free:off
[    0.166557] stackdepot: allocating hash table via alloc_large_system_hash
[    0.167260] stackdepot hash table entries: 1048576 (order: 12, 16777216 bytes, linear)
[    0.172347] stackdepot: allocating space for 8192 stack pools via memblock
[    0.220796] SLUB: HWalign=64, Order=0-3, MinObjects=0, CPUs=2, Nodes=1
[    0.221448] kmemleak: Kernel memory leak detector disabled
[    0.261339] ftrace: allocating 76243 entries in 300 pages
[    0.261868] ftrace: allocated 300 pages with 4 groups
[    0.265333] Dynamic Preempt: lazy
[    0.266292] Running RCU self tests
[    0.266631] Running RCU synchronous self tests
[    0.267068] rcu: Preemptible hierarchical RCU implementation.
[    0.267583] rcu: 	RCU lockdep checking is enabled.
[    0.268022] rcu: 	RCU restricting CPUs from NR_CPUS=8192 to nr_cpu_ids=2.
[    0.268633] 	Trampoline variant of Tasks RCU enabled.
[    0.269099] 	Rude variant of Tasks RCU enabled.
[    0.269507] 	Tracing variant of Tasks RCU enabled.
[    0.269945] rcu: RCU calculated value of scheduler-enlistment delay is 25 jiffies.
[    0.270628] rcu: Adjusting geometry for rcu_fanout_leaf=16, nr_cpu_ids=2
[    0.271321] Running RCU synchronous self tests
[    0.271729] RCU Tasks: Setting shift to 1 and lim to 1 rcu_task_cb_adjust=1 rcu_task_cpu_ids=2.
[    0.272531] RCU Tasks Rude: Setting shift to 1 and lim to 1 rcu_task_cb_adjust=1 rcu_task_cpu_ids=2.
[    0.345809] NR_IRQS: 524544, nr_irqs: 440, preallocated irqs: 16
[    0.347090] rcu: srcu_init: Setting srcu_struct sizes based on contention.
[    0.356103] Console: colour VGA+ 80x25
[    0.356517] printk: legacy console [ttyS0] enabled
[    0.356517] printk: legacy console [ttyS0] enabled
[    0.357493] printk: legacy bootconsole [earlyser0] disabled
[    0.357493] printk: legacy bootconsole [earlyser0] disabled
[    0.358635] Lock dependency validator: Copyright (c) 2006 Red Hat, Inc., Ingo Molnar
[    0.359423] ... MAX_LOCKDEP_SUBCLASSES:  8
[    0.359847] ... MAX_LOCK_DEPTH:          48
[    0.360288] ... MAX_LOCKDEP_KEYS:        8192
[    0.360737] ... CLASSHASH_SIZE:          4096
[    0.361184] ... MAX_LOCKDEP_ENTRIES:     32768
[    0.361641] ... MAX_LOCKDEP_CHAINS:      65536
[    0.362109] ... CHAINHASH_SIZE:          32768
[    0.362555]  memory used by lock dependency info: 6429 kB
[    0.363108]  memory used for stack traces: 16896 kB
[    0.363597]  per task-struct memory footprint: 1920 bytes
[    0.364276] ACPI: Core revision 20251212
[    0.365159] clocksource: hpet: mask: 0xffffffff max_cycles: 0xffffffff, max_idle_ns: 19112604467 ns
[    0.366245] APIC: Switch to symmetric I/O mode setup
[    0.366938] x2apic enabled
[    0.367615] APIC: Switched APIC routing to: physical x2apic
[    0.368202] kvm-guest: APIC: send_IPI_mask() replaced with kvm_send_ipi_mask()
[    0.368964] kvm-guest: APIC: send_IPI_mask_allbutself() replaced with kvm_send_ipi_mask_allbutself()
[    0.369880] kvm-guest: setup PV IPIs
[    0.371393] ..TIMER: vector=0x30 apic1=0 pin1=2 apic2=-1 pin2=-1
[    0.372042] clocksource: tsc-early: mask: 0xffffffffffffffff max_cycles: 0x240939f1bb2, max_idle_ns: 440795263295 ns
[    0.373127] Calibrating delay loop (skipped) preset value.. 5000.00 BogoMIPS (lpj=10000000)
[    0.374150] x86/cpu: User Mode Instruction Prevention (UMIP) activated
[    0.377252] Last level iTLB entries: 4KB 0, 2MB 0, 4MB 0
[    0.377793] Last level dTLB entries: 4KB 0, 2MB 0, 4MB 0, 1GB 0
[    0.378439] mitigations: Enabled attack vectors: user_kernel, user_user, guest_host, guest_guest, SMT mitigations: auto
[    0.379544] Speculative Store Bypass: Mitigation: Speculative Store Bypass disabled via prctl
[    0.380414] Spectre V2 : Mitigation: Enhanced / Automatic IBRS
[    0.381117] ITS: Mitigation: Aligned branch/return thunks
[    0.381668] Spectre V1 : Mitigation: usercopy/swapgs barriers and __user pointer sanitization
[    0.382548] Spectre V2 : WARNING: Unprivileged eBPF is enabled with eIBRS on, data leaks possible via Spectre v2 BHB attacks!
[    0.383690] Spectre V2 : Spectre v2 / PBRSB-eIBRS: Retire a single CALL on VMEXIT
[    0.384435] Spectre V2 : mitigation: Enabling conditional Indirect Branch Prediction Barrier
[    0.385129] active return thunk: its_return_thunk
[    0.385633] Spectre V2 : Spectre BHI mitigation: SW BHB clearing on syscall and VM exit
[    0.386477] x86/fpu: Supporting XSAVE feature 0x001: 'x87 floating point registers'
[    0.387251] x86/fpu: Supporting XSAVE feature 0x002: 'SSE registers'
[    0.387882] x86/fpu: Supporting XSAVE feature 0x004: 'AVX registers'
[    0.389124] x86/fpu: Supporting XSAVE feature 0x020: 'AVX-512 opmask'
[    0.389766] x86/fpu: Supporting XSAVE feature 0x040: 'AVX-512 Hi256'
[    0.390399] x86/fpu: Supporting XSAVE feature 0x080: 'AVX-512 ZMM_Hi256'
[    0.391054] x86/fpu: Supporting XSAVE feature 0x200: 'Protection Keys User registers'
[    0.391832] x86/fpu: Supporting XSAVE feature 0x20000: 'AMX Tile config'
[    0.392499] x86/fpu: Supporting XSAVE feature 0x40000: 'AMX Tile data'
[    0.393125] x86/fpu: xstate_offset[2]:  576, xstate_sizes[2]:  256
[    0.393748] x86/fpu: xstate_offset[5]:  832, xstate_sizes[5]:   64
[    0.394355] x86/fpu: xstate_offset[6]:  896, xstate_sizes[6]:  512
[    0.394951] x86/fpu: xstate_offset[7]: 1408, xstate_sizes[7]: 1024
[    0.395569] x86/fpu: xstate_offset[9]: 2432, xstate_sizes[9]:    8
[    0.396165] x86/fpu: xstate_offset[17]: 2496, xstate_sizes[17]:   64
[    0.397125] x86/fpu: xstate_offset[18]: 2560, xstate_sizes[18]: 8192
[    0.397766] x86/fpu: Enabled xstate features 0x602e7, context size is 10752 bytes, using 'compacted' format.
[    0.563600] pid_max: default: 32768 minimum: 301
[    0.564568] Yama: becoming mindful.
[    0.565400] Mount-cache hash table entries: 4096 (order: 3, 32768 bytes, linear)
[    0.566172] Mountpoint-cache hash table entries: 4096 (order: 3, 32768 bytes, linear)
[    0.567663] VFS: Finished mounting rootfs on nullfs
[    0.569609] Running RCU synchronous self tests
[    0.570068] Running RCU synchronous self tests
[    0.570900] smpboot: CPU0: Intel GENUINE INTEL(R) XEON(R) (family: 0x6, model: 0xad, stepping: 0x0)
[    0.572652] Performance Events: PEBS fmt0-, Granite Rapids events, 
[    0.572749] core: The event 0x400 is not supported as a normal event.
[    0.573112] core: The event 0x8000 is not supported as a normal event.
[    0.573112] core: The event 0x8100 is not supported as a normal event.
[    0.573130] core: The event 0x8200 is not supported as a normal event.
[    0.573769] core: The event 0x8300 is not supported as a normal event.
[    0.574401] core: The event 0x8400 is not supported as a normal event.
[    0.575050] core: The event 0x8500 is not supported as a normal event.
[    0.575694] core: The event 0x8600 is not supported as a normal event.
[    0.576342] core: The event 0x8700 is not supported as a normal event.
[    0.577023] full-width counters, Intel PMU driver.
[    0.577125] ... version:                   2
[    0.577549] ... bit width:                 48
[    0.577981] ... generic counters:          8
[    0.578415] ... generic bitmap:            00000000000000ff
[    0.578960] ... fixed-purpose counters:    3
[    0.579392] ... fixed-purpose bitmap:      0000000000000007
[    0.579939] ... value mask:                0000ffffffffffff
[    0.580497] ... max period:                00007fffffffffff
[    0.581054] ... global_ctrl mask:          00000007000000ff
[    0.581640] signal: max sigframe size: 11952
[    0.582236] rcu: Hierarchical SRCU implementation.
[    0.582733] rcu: 	Max phase no-delay instances is 1000.
[    0.583472] Timer migration: 1 hierarchy levels; 8 children per group; 1 crossnode level
[    0.606380] smp: Bringing up secondary CPUs ...
[    0.607470] smpboot: x86: Booting SMP configuration:
[    0.607997] .... node  #0, CPUs:      #1
[    0.609211] smp: Brought up 1 node, 2 CPUs
[    0.610039] smpboot: Total of 2 processors activated (10000.00 BogoMIPS)
[    0.610980] Memory: 1574872K/2096632K available (81902K kernel code, 15885K rwdata, 19560K rodata, 16684K init, 34600K bss, 509384K reserved, 0K cma-reserved)
[    0.613965] devtmpfs: initialized
[    0.614385] x86/mm: Memory block size: 128MB
[    0.627830] Running RCU synchronous self tests
[    0.629144] Running RCU synchronous self tests
[    0.629746] Running RCU Tasks wait API self tests
[    0.629746] Running RCU Tasks Rude wait API self tests
[    0.629760] Running RCU Tasks Trace wait API self tests
[    0.630482] clocksource: jiffies: mask: 0xffffffff max_cycles: 0xffffffff, max_idle_ns: 7645041785100000 ns
[    0.633192] posixtimers hash table entries: 1024 (order: 5, 73728 bytes, linear)
[    0.634018] futex hash table entries: 512 (65536 bytes on 1 NUMA nodes, total 64 KiB, linear).
[    0.637035] 
[    0.637185] *************************************************************
[    0.637818] **     NOTICE NOTICE NOTICE NOTICE NOTICE NOTICE NOTICE    **
[    0.638500] **                                                         **
[    0.639196] **  IOMMU DebugFS SUPPORT HAS BEEN ENABLED IN THIS KERNEL  **
[    0.639886] **                                                         **
[    0.640582] ** This means that this kernel is built to expose internal **
[    0.641181] ** IOMMU data structures, which may compromise security on **
[    0.641871] ** your system.                                            **
[    0.642565] **                                                         **
[    0.643261] ** If you see this message and you are not debugging the   **
[    0.643948] ** kernel, report this immediately to your vendor!         **
[    0.644644] **                                                         **
[    0.645117] **     NOTICE NOTICE NOTICE NOTICE NOTICE NOTICE NOTICE    **
[    0.645800] *************************************************************
[    0.646558] PM: RTC time: 03:10:49, date: 2026-05-06
[    0.649845] NET: Registered PF_NETLINK/PF_ROUTE protocol family
[    0.652205] DMA: preallocated 256 KiB GFP_KERNEL|GFP_DMA pool for atomic allocations
[    0.653024] DMA: preallocated 256 KiB GFP_KERNEL|GFP_DMA32 pool for atomic allocations
[    0.653135] Callback from call_rcu_tasks_trace() invoked.
[    0.653794] audit: initializing netlink subsys (disabled)
[    0.654470] audit: type=2000 audit(1778037049.646:1): state=initialized audit_enabled=0 res=1
[    0.655192] thermal_sys: Registered thermal governor 'fair_share'
[    0.655205] thermal_sys: Registered thermal governor 'bang_bang'
[    0.657131] thermal_sys: Registered thermal governor 'step_wise'
[    0.657738] thermal_sys: Registered thermal governor 'user_space'
[    0.658431] cpuidle: using governor ladder
[    0.659513] cpuidle: using governor menu
[    0.660390] Freeing SMP alternatives memory: 64K
[    0.661228] acpiphp: ACPI Hot Plug PCI Controller Driver version: 0.5
[    0.663792] PCI: Using configuration type 1 for base access
[    0.664572] virt/tdx: TDX not supported by the host platform
[    0.665588] kprobes: kprobe jump-optimization is enabled. All kprobes are optimized if possible.
[    0.669680] HugeTLB: registered 1.00 GiB page size, pre-allocated 0 pages
[    0.670409] HugeTLB: 16380 KiB vmemmap can be freed for a 1.00 GiB page
[    0.673156] HugeTLB: registered 2.00 MiB page size, pre-allocated 0 pages
[    0.673842] HugeTLB: 28 KiB vmemmap can be freed for a 2.00 MiB page
[    0.727477] ACPI: Added _OSI(Module Device)
[    0.727934] ACPI: Added _OSI(Processor Device)
[    0.728396] ACPI: Added _OSI(Processor Aggregator Device)
[    0.770996] ACPI: 1 ACPI AML tables successfully acquired and loaded
[    0.784153] ACPI: \_SB_: platform _OSC: OS support mask [002e7eff]
[    0.787639] ACPI: Interpreter enabled
[    0.788187] ACPI: PM: (supports S0 S3 S4 S5)
[    0.788651] ACPI: Using IOAPIC for interrupt routing
[    0.789238] PCI: Using host bridge windows from ACPI; if necessary, use "pci=nocrs" and report a bug
[    0.790152] PCI: Using E820 reservations for host bridge windows
[    0.792120] ACPI: Enabled 2 GPEs in block 00 to 0F
[    0.836970] ACPI: PCI Root Bridge [PCI0] (domain 0000 [bus 00-ff])
[    0.837143] acpi PNP0A03:00: _OSC: OS supports [ASPM ClockPM Segments MSI EDR HPX-Type3]
[    0.837964] acpi PNP0A03:00: _OSC: not requesting OS control; OS requires [ExtendedConfig ASPM ClockPM MSI]
[    0.839007] acpi PNP0A03:00: _OSC: platform retains control of PCIe features (AE_ERROR)
[    0.839926] acpi PNP0A03:00: fail to add MMCONFIG information, can't access extended configuration space under this bridge
[    0.846488] acpiphp: Slot [3] registered
[    0.847005] acpiphp: Slot [4] registered
[    0.847519] acpiphp: Slot [5] registered
[    0.848080] acpiphp: Slot [6] registered
[    0.848638] acpiphp: Slot [7] registered
[    0.849207] acpiphp: Slot [8] registered
[    0.849757] acpiphp: Slot [9] registered
[    0.850327] acpiphp: Slot [10] registered
[    0.850880] acpiphp: Slot [11] registered
[    0.851450] acpiphp: Slot [12] registered
[    0.852010] acpiphp: Slot [13] registered
[    0.852905] acpiphp: Slot [14] registered
[    0.853304] acpiphp: Slot [15] registered
[    0.853878] acpiphp: Slot [16] registered
[    0.854438] acpiphp: Slot [17] registered
[    0.855006] acpiphp: Slot [18] registered
[    0.855560] acpiphp: Slot [19] registered
[    0.856134] acpiphp: Slot [20] registered
[    0.856694] acpiphp: Slot [21] registered
[    0.857265] acpiphp: Slot [22] registered
[    0.857822] acpiphp: Slot [23] registered
[    0.858387] acpiphp: Slot [24] registered
[    0.858947] acpiphp: Slot [25] registered
[    0.859507] acpiphp: Slot [26] registered
[    0.860065] acpiphp: Slot [27] registered
[    0.860626] acpiphp: Slot [28] registered
[    0.861195] acpiphp: Slot [29] registered
[    0.861748] acpiphp: Slot [30] registered
[    0.862297] acpiphp: Slot [31] registered
[    0.862786] PCI host bridge to bus 0000:00
[    0.863269] pci_bus 0000:00: root bus resource [io  0x0000-0x0cf7 window]
[    0.863965] pci_bus 0000:00: root bus resource [io  0x0d00-0xffff window]
[    0.864638] pci_bus 0000:00: root bus resource [mem 0x000a0000-0x000bffff window]
[    0.865120] pci_bus 0000:00: root bus resource [mem 0x80000000-0xfebfffff window]
[    0.865885] pci_bus 0000:00: root bus resource [mem 0x100000000-0x17fffffff window]
[    0.866664] pci_bus 0000:00: root bus resource [bus 00-ff]
[    0.867352] pci 0000:00:00.0: [8086:1237] type 00 class 0x060000 conventional PCI endpoint
[    0.869914] pci 0000:00:01.0: [8086:7000] type 00 class 0x060100 conventional PCI endpoint
[    0.872208] pci 0000:00:01.1: [8086:7010] type 00 class 0x010180 conventional PCI endpoint
[    0.873457] pci 0000:00:01.1: BAR 4 [io  0xc040-0xc04f]
[    0.874010] pci 0000:00:01.1: BAR 0 [io  0x01f0-0x01f7]: legacy IDE quirk
[    0.874691] pci 0000:00:01.1: BAR 1 [io  0x03f6]: legacy IDE quirk
[    0.875306] pci 0000:00:01.1: BAR 2 [io  0x0170-0x0177]: legacy IDE quirk
[    0.875979] pci 0000:00:01.1: BAR 3 [io  0x0376]: legacy IDE quirk
[    0.877815] pci 0000:00:01.3: [8086:7113] type 00 class 0x068000 conventional PCI endpoint
[    0.878883] pci 0000:00:01.3: quirk: [io  0x0600-0x063f] claimed by PIIX4 ACPI
[    0.879607] pci 0000:00:01.3: quirk: [io  0x0700-0x070f] claimed by PIIX4 SMB
[    0.881537] pci 0000:00:02.0: [1234:1111] type 00 class 0x030000 conventional PCI endpoint
[    0.888948] pci 0000:00:02.0: BAR 0 [mem 0xfd000000-0xfdffffff pref]
[    0.889144] pci 0000:00:02.0: BAR 2 [mem 0xfebf0000-0xfebf0fff]
[    0.889776] pci 0000:00:02.0: ROM [mem 0xfebe0000-0xfebeffff pref]
[    0.890527] pci 0000:00:02.0: Video device with shadowed ROM at [mem 0x000c0000-0x000dffff]
[    0.892665] pci 0000:00:03.0: [8086:100e] type 00 class 0x020000 conventional PCI endpoint
[    0.897613] pci 0000:00:03.0: BAR 0 [mem 0xfebc0000-0xfebdffff]
[    0.898225] pci 0000:00:03.0: BAR 1 [io  0xc000-0xc03f]
[    0.898797] pci 0000:00:03.0: ROM [mem 0xfeb80000-0xfebbffff pref]
[    0.925328] ACPI: PCI: Interrupt link LNKA configured for IRQ 10
[    0.926992] ACPI: PCI: Interrupt link LNKB configured for IRQ 10
[    0.928585] ACPI: PCI: Interrupt link LNKC configured for IRQ 11
[    0.930129] ACPI: PCI: Interrupt link LNKD configured for IRQ 11
[    0.931147] ACPI: PCI: Interrupt link LNKS configured for IRQ 9
[    0.935364] iommu: Default domain type: Translated
[    0.935364] iommu: DMA domain TLB invalidation policy: lazy mode
[    0.942849] SCSI subsystem initialized
[    0.943800] ACPI: bus type USB registered
[    0.944451] usbcore: registered new interface driver usbfs
[    0.945137] usbcore: registered new interface driver hub
[    0.945742] usbcore: registered new device driver usb
[    0.946619] pps_core: LinuxPPS API ver. 1 registered
[    0.947136] pps_core: Software ver. 5.3.6 - Copyright 2005-2007 Rodolfo Giometti <giometti@linux.it>
[    0.948061] PTP clock support registered
[    0.948773] EDAC MC: Ver: 3.0.0
[    0.958034] NetLabel: Initializing
[    0.958396] NetLabel:  domain hash size = 128
[    0.958777] NetLabel:  protocols = UNLABELED CIPSOv4 CALIPSO
[    0.959430] NetLabel:  unlabeled traffic allowed by default
[    0.960566] PCI: Using ACPI for IRQ routing
[    0.961100] e820: register RAM buffer resource [mem 0x0009fc00-0x0009ffff]
[    0.961167] e820: register RAM buffer resource [mem 0x7ffe0000-0x7fffffff]
[    0.962130] pci 0000:00:02.0: vgaarb: setting as boot VGA device
[    0.962750] pci 0000:00:02.0: vgaarb: bridge control possible
[    0.963322] pci 0000:00:02.0: vgaarb: VGA device added: decodes=io+mem,owns=io+mem,locks=none
[    0.964165] vgaarb: loaded
[    0.964960] hpet0: at MMIO 0xfed00000, IRQs 2, 8, 0
[    0.965130] hpet0: 3 comparators, 64-bit 100.000000 MHz counter
[    0.968440] clocksource: Switched to clocksource kvm-clock
[    0.969112] VFS: Disk quotas dquot_6.6.0
[    0.969112] VFS: Dquot-cache hash table entries: 512 (order 0, 4096 bytes)
[    0.971406] pnp: PnP ACPI init
[    0.977935] pnp: PnP ACPI: found 5 devices
[    0.999172] clocksource: acpi_pm: mask: 0xffffff max_cycles: 0xffffff, max_idle_ns: 2085701024 ns
[    1.000581] NET: Registered PF_INET protocol family
[    1.001768] IP idents hash table entries: 32768 (order: 6, 262144 bytes, linear)
[    1.004143] tcp_listen_portaddr_hash hash table entries: 1024 (order: 5, 73728 bytes, linear)
[    1.005095] Table-perturb hash table entries: 65536 (order: 6, 262144 bytes, linear)
[    1.005953] TCP established hash table entries: 16384 (order: 5, 131072 bytes, linear)
[    1.007133] TCP bind hash table entries: 16384 (order: 10, 2359296 bytes, linear)
[    1.009199] TCP: Hash tables configured (established 16384 bind 16384)
[    1.010091] UDP hash table entries: 1024 (order: 6, 262144 bytes, linear)
[    1.011183] NET: Registered PF_UNIX/PF_LOCAL protocol family
[    1.015564] RPC: Registered named UNIX socket transport module.
[    1.016236] RPC: Registered udp transport module.
[    1.016771] RPC: Registered tcp transport module.
[    1.017252] RPC: Registered tcp-with-tls transport module.
[    1.017839] RPC: Registered tcp NFSv4.1 backchannel transport module.
[    1.018514] pci_bus 0000:00: resource 4 [io  0x0000-0x0cf7 window]
[    1.019137] pci_bus 0000:00: resource 5 [io  0x0d00-0xffff window]
[    1.019768] pci_bus 0000:00: resource 6 [mem 0x000a0000-0x000bffff window]
[    1.020474] pci_bus 0000:00: resource 7 [mem 0x80000000-0xfebfffff window]
[    1.021165] pci_bus 0000:00: resource 8 [mem 0x100000000-0x17fffffff window]
[    1.022283] pci 0000:00:01.0: PIIX3: Enabling Passive Release
[    1.022885] pci 0000:00:00.0: Limiting direct PCI/PCI transfers
[    1.023579] PCI: CLS 0 bytes, default 64
[    1.024090] ACPI: bus type thunderbolt registered
[    1.025018] clocksource: tsc: mask: 0xffffffffffffffff max_cycles: 0x240939f1bb2, max_idle_ns: 440795263295 ns
[    1.037176] Initialise system trusted keyrings
[    1.037801] Key type blacklist registered
[    1.040125] workingset: timestamp_bits=36 (anon: 32) max_order=19 bucket_order=0 (anon: 0)
[    1.043692] squashfs: version 4.0 (2009/01/31) Phillip Lougher
[    1.045912] NFS: Registering the id_resolver key type
[    1.046482] Key type id_resolver registered
[    1.046904] Key type id_legacy registered
[    1.047353] nfs4filelayout_init: NFSv4 File Layout Driver Registering...
[    1.048041] nfs4flexfilelayout_init: NFSv4 Flexfile Layout Driver Registering...
[    1.049117] fuse: init (API version 7.45)
[    1.050253] SGI XFS with ACLs, security attributes, realtime, quota, no debug enabled
[    1.054145] 9p: Installing v9fs 9p2000 file system support
[    1.068087] Key type asymmetric registered
[    1.068489] Asymmetric key parser 'x509' registered
[    1.069471] Block layer SCSI generic (bsg) driver version 0.4 loaded (major 241)
[    1.071016] io scheduler mq-deadline registered
[    1.071657] io scheduler bfq registered
[    1.074649] ledtrig-cpu: registered to indicate activity on CPUs
[    1.077027] IPMI message handler: version 39.2
[    1.077683] ipmi device interface
[    1.080837] input: Power Button as /devices/platform/LNXPWRBN:00/input/input0
[    1.082001] ACPI: button: Power Button [PWRF]
[    1.085708] ERST DBG: ERST support is disabled.
[    1.087797] Serial: 8250/16550 driver, 32 ports, IRQ sharing enabled
[    1.090355] 00:04: ttyS0 at I/O 0x3f8 (irq = 4, base_baud = 115200) is a 16550A
[    1.128380] ACPI: bus type drm_connector registered
[    1.157010] brd: module loaded
[    1.173568] loop: module loaded
[    1.187710] scsi host0: ata_piix
[    1.189878] scsi host1: ata_piix
[    1.190764] ata1: PATA max MWDMA2 cmd 0x1f0 ctl 0x3f6 bmdma 0xc040 irq 14 lpm-pol 0
[    1.191512] ata2: PATA max MWDMA2 cmd 0x170 ctl 0x376 bmdma 0xc048 irq 15 lpm-pol 0
[    1.195348] tun: Universal TUN/TAP device driver, 1.6
[    1.196258] e100: Intel(R) PRO/100 Network Driver
[    1.196753] e100: Copyright(c) 1999-2006 Intel Corporation
[    1.197481] e1000: Intel(R) PRO/1000 Network Driver
[    1.197977] e1000: Copyright (c) 1999-2006 Intel Corporation.
[    1.354951] ata1: found unknown device (class 0)
[    1.355729] ata2: found unknown device (class 0)
[    1.358485] ata1.00: Model 'QEMU HARDDISK', rev '2.5+', applying quirks: bridgeok
[    1.359265] ata1.00: ATA-7: QEMU HARDDISK, 2.5+, max UDMA/100
[    1.359836] ata1.00: 17196647 sectors, multi 16: LBA48 
[    1.360621] ata2.00: ATAPI: QEMU DVD-ROM, 2.5+, max UDMA/100
[    1.362988] scsi 0:0:0:0: Direct-Access     ATA      QEMU HARDDISK    2.5+ PQ: 0 ANSI: 5
[    1.373628] sd 0:0:0:0: Attached scsi generic sg0 type 0
[    1.374590] sd 0:0:0:0: [sda] 17196647 512-byte logical blocks: (8.80 GB/8.20 GiB)
[    1.376064] scsi 1:0:0:0: CD-ROM            QEMU     QEMU DVD-ROM     2.5+ PQ: 0 ANSI: 5
[    1.377223] sd 0:0:0:0: [sda] Write Protect is off
[    1.378846] sd 0:0:0:0: [sda] Write cache: enabled, read cache: enabled, doesn't support DPO or FUA
[    1.380187] sd 0:0:0:0: [sda] Preferred minimum I/O size 512 bytes
[    1.404751] scsi 1:0:0:0: Attached scsi generic sg1 type 5
[    1.412372] sd 0:0:0:0: [sda] Attached SCSI disk
[    2.030063] ACPI: \_SB_.LNKC: Enabled at IRQ 11
[    2.346079] e1000 0000:00:03.0 eth0: (PCI:33MHz:32-bit) 52:54:00:12:34:56
[    2.346808] e1000 0000:00:03.0 eth0: Intel(R) PRO/1000 Network Connection
[    2.347705] e1000e: Intel(R) PRO/1000 Network Driver
[    2.348210] e1000e: Copyright(c) 1999 - 2015 Intel Corporation.
[    2.348960] igb: Intel(R) Gigabit Ethernet Network Driver
[    2.349545] igb: Copyright (c) 2007-2014 Intel Corporation.
[    2.350487] PPP generic driver version 2.4.2
[    2.351762] VFIO - User Level meta-driver version: 0.3
[    2.354224] usbcore: registered new interface driver uas
[    2.354925] usbcore: registered new interface driver usb-storage
[    2.355848] i8042: PNP: PS/2 Controller [PNP0303:KBD,PNP0f13:MOU] at 0x60,0x64 irq 1,12
[    2.357743] serio: i8042 KBD port at 0x60,0x64 irq 1
[    2.358342] serio: i8042 AUX port at 0x60,0x64 irq 12
[    2.360215] mousedev: PS/2 mouse device common for all mice
[    2.362676] rtc_cmos PNP0B00:00: RTC can wake from S4
[    2.365138] rtc_cmos PNP0B00:00: registered as rtc0
[    2.365744] rtc_cmos PNP0B00:00: setting system clock to 2026-05-06T03:10:51 UTC (1778037051)
[    2.366948] rtc_cmos PNP0B00:00: alarms up to one day, y3k, 242 bytes nvram, hpet irqs
[    2.367854] i2c_dev: i2c /dev entries driver
[    2.368421] device-mapper: core: CONFIG_IMA_DISABLE_HTABLE is disabled. Duplicate IMA measurements will not be recorded in the IMA log.
[    2.369723] device-mapper: uevent: version 1.0.3
[    2.370964] input: AT Translated Set 2 keyboard as /devices/platform/i8042/serio0/input/input1
[    2.373641] input: VirtualPS/2 VMware VMMouse as /devices/platform/i8042/serio1/input/input4
[    2.375677] input: VirtualPS/2 VMware VMMouse as /devices/platform/i8042/serio1/input/input3
[    2.377151] device-mapper: ioctl: 4.50.0-ioctl (2025-04-28) initialised: dm-devel@lists.linux.dev
[    2.378059] intel_pstate: CPU model not supported
[    2.379746] drop_monitor: Initializing network drop monitor service
[    2.380736] NET: Registered PF_INET6 protocol family
[    2.385989] Segment Routing with IPv6
[    2.386468] In-situ OAM (IOAM) with IPv6
[    2.386967] NET: Registered PF_PACKET protocol family
[    2.388762] 9pnet: Installing 9P2000 support
[    2.389488] Key type dns_resolver registered
[    2.393334] IPI shorthand broadcast: enabled
[    2.463415] sched_clock: Marking stable (2440004778, 21441242)->(2481893355, -20447335)
[    2.465134] registered taskstats version 1
[    2.467510] Loading compiled-in X.509 certificates
[    2.558063] Demotion targets for Node 0: null
[    2.559982] Key type .fscrypt registered
[    2.560455] Key type fscrypt-provisioning registered
[    2.566812] Key type encrypted registered
[    2.567284] ima: No TPM chip found, activating TPM-bypass!
[    2.567884] ima: Allocated hash algorithm: sha1
[    2.568453] ima: No architecture policies found
[    2.569068] evm: Initialising EVM extended attributes:
[    2.569633] evm: security.selinux
[    2.569987] evm: security.SMACK64
[    2.570326] evm: security.SMACK64EXEC
[    2.570703] evm: security.SMACK64TRANSMUTE
[    2.571114] evm: security.SMACK64MMAP
[    2.571503] evm: security.apparmor
[    2.571845] evm: security.ima
[    2.572150] evm: security.capability
[    2.572523] evm: HMAC attrs: 0x1
[    2.575585] PM:   Magic number: 10:375:158
[    2.578091] RAS: Correctable Errors collector initialized.
[    3.700178] clk: Disabling unused clocks
[    3.700627] PM: genpd: Disabling unused power domains
[    3.702059] md: Waiting for all devices to be available before autodetect
[    3.702739] md: If you don't use raid, use raid=noautodetect
[    3.703147] md: Autodetecting RAID arrays.
[    3.703506] md: autorun ...
[    3.703710] md: ... autorun DONE.
[    3.717252] EXT4-fs (sda): INFO: recovery required on readonly filesystem
[    3.717758] EXT4-fs (sda): write access will be enabled during recovery
[    3.784256] EXT4-fs (sda): recovery complete
[    3.788286] EXT4-fs (sda): mounted filesystem 088740a9-c8b4-422c-999d-a804eb68a4da ro with ordered data mode. Quota mode: none.
[    3.789274] VFS: Mounted root (ext4 filesystem) readonly on device 8:0.
[    3.793337] devtmpfs: mounted
[    3.794165] VFS: Pivoted into new rootfs
[    3.805849] Callback from call_rcu_tasks() invoked.
[    3.814119] Freeing unused decrypted memory: 2036K
[    3.821194] Freeing unused kernel image (initmem) memory: 16684K
[    3.821748] Write protecting the kernel read-only data: 102400k
[    3.823883] Freeing unused kernel image (text/rodata gap) memory: 16K
[    3.825143] Freeing unused kernel image (rodata/data gap) memory: 920K
[    4.763783] x86/mm: Checked W+X mappings: passed, no W+X pages found.
[    4.764230] Run /sbin/init as init process
[    5.017870] systemd[1]: systemd 252-15.el9 running in system mode (+PAM +AUDIT +SELINUX -APPARMOR +IMA +SMACK +SECCOMP +GCRYPT +GNUTLS +OPENSSL +ACL +BLKID +CURL +ELFUTILS -FIDO2 +IDN2 -IDN -IPTC +KMOD +LIBCRYPTSETUP +LIBFDISK +PCRE2 -PWQUALITY +P11KIT -QRENCODE +TPM2 +BZIP2 +LZ4 +XZ +ZLIB +ZSTD -BPF_FRAMEWORK +XKBCOMMON +UTMP +SYSVINIT default-hierarchy=unified)
[    5.019919] systemd[1]: Detected virtualization kvm.
[    5.020295] systemd[1]: Detected architecture x86-64.

Welcome to [0;31mCentOS Stream 9[0m!

[    5.028289] systemd[1]: Hostname set to <test>.
[    5.269721] systemd-rc-local-generator[123]: /etc/rc.d/rc.local is not marked executable, skipping.
[    5.747316] systemd[1]: Queued start job for default target Multi-User System.
[    5.768699] systemd[1]: Created slice Virtual Machine and Container Slice.
[[0;32m  OK  [0m] Created slice [0;1;39mVirtual Machine and Container Slice[0m.
[    5.774300] systemd[1]: Created slice Slice /system/getty.
[[0;32m  OK  [0m] Created slice [0;1;39mSlice /system/getty[0m.
[    5.777671] systemd[1]: Created slice Slice /system/modprobe.
[[0;32m  OK  [0m] Created slice [0;1;39mSlice /system/modprobe[0m.
[    5.781123] systemd[1]: Created slice Slice /system/serial-getty.
[[0;32m  OK  [0m] Created slice [0;1;39mSlice /system/serial-getty[0m.
[    5.784671] systemd[1]: Created slice Slice /system/sshd-keygen.
[[0;32m  OK  [0m] Created slice [0;1;39mSlice /system/sshd-keygen[0m.
[    5.787833] systemd[1]: Created slice User and Session Slice.
[[0;32m  OK  [0m] Created slice [0;1;39mUser and Session Slice[0m.
[    5.789321] systemd[1]: Started Forward Password Requests to Wall Directory Watch.
[[0;32m  OK  [0m] Started [0;1;39mForward Password R…uests to Wall Directory Watch[0m.
[    5.791897] systemd[1]: Set up automount Arbitrary Executable File Formats File System Automount Point.
[[0;32m  OK  [0m] Set up automount [0;1;39mArbitrary…s File System Automount Point[0m.
[    5.793605] systemd[1]: Reached target Local Integrity Protected Volumes.
[[0;32m  OK  [0m] Reached target [0;1;39mLocal Integrity Protected Volumes[0m.
[    5.795017] systemd[1]: Reached target Slice Units.
[[0;32m  OK  [0m] Reached target [0;1;39mSlice Units[0m.
[    5.795974] systemd[1]: Reached target Swaps.
[[0;32m  OK  [0m] Reached target [0;1;39mSwaps[0m.
[    5.796815] systemd[1]: Reached target Local Verity Protected Volumes.
[[0;32m  OK  [0m] Reached target [0;1;39mLocal Verity Protected Volumes[0m.
[    5.798474] systemd[1]: Listening on Device-mapper event daemon FIFOs.
[[0;32m  OK  [0m] Listening on [0;1;39mDevice-mapper event daemon FIFOs[0m.
[    5.800296] systemd[1]: Listening on LVM2 poll daemon socket.
[[0;32m  OK  [0m] Listening on [0;1;39mLVM2 poll daemon socket[0m.
[    5.801609] systemd[1]: multipathd control socket was skipped because of an unmet condition check (ConditionPathExists=/etc/multipath.conf).
[    5.850265] systemd[1]: Listening on RPCbind Server Activation Socket.
[[0;32m  OK  [0m] Listening on [0;1;39mRPCbind Server Activation Socket[0m.
[    5.851730] systemd[1]: Reached target RPC Port Mapper.
[[0;32m  OK  [0m] Reached target [0;1;39mRPC Port Mapper[0m.
[    5.855515] systemd[1]: Listening on Process Core Dump Socket.
[[0;32m  OK  [0m] Listening on [0;1;39mProcess Core Dump Socket[0m.
[    5.857134] systemd[1]: Listening on initctl Compatibility Named Pipe.
[[0;32m  OK  [0m] Listening on [0;1;39minitctl Compatibility Named Pipe[0m.
[    5.859395] systemd[1]: Listening on Journal Socket (/dev/log).
[[0;32m  OK  [0m] Listening on [0;1;39mJournal Socket (/dev/log)[0m.
[    5.861120] systemd[1]: Listening on Journal Socket.
[[0;32m  OK  [0m] Listening on [0;1;39mJournal Socket[0m.
[    5.862833] systemd[1]: Listening on udev Control Socket.
[[0;32m  OK  [0m] Listening on [0;1;39mudev Control Socket[0m.
[    5.864343] systemd[1]: Listening on udev Kernel Socket.
[[0;32m  OK  [0m] Listening on [0;1;39mudev Kernel Socket[0m.
[    5.872163] systemd[1]: Mounting Huge Pages File System...
         Mounting [0;1;39mHuge Pages File System[0m...
[    5.881097] systemd[1]: Mounting POSIX Message Queue File System...
         Mounting [0;1;39mPOSIX Message Queue File System[0m...
[    5.893633] systemd[1]: Mounting Kernel Debug File System...
         Mounting [0;1;39mKernel Debug File System[0m...
[    5.903002] systemd[1]: Mounting Kernel Trace File System...
         Mounting [0;1;39mKernel Trace File System[0m...
[    5.905258] systemd[1]: Kernel Module supporting RPCSEC_GSS was skipped because of an unmet condition check (ConditionPathExists=/etc/krb5.keytab).
[    5.906330] systemd[1]: Create List of Static Device Nodes was skipped because of an unmet condition check (ConditionFileNotEmpty=/lib/modules/7.1.0-rc1-2674d603a9e6+/modules.devname).
[    5.912879] systemd[1]: Starting Monitoring of LVM2 mirrors, snapshots etc. using dmeventd or progress polling...
         Starting [0;1;39mMonitoring of LVM…meventd or progress polling[0m...
[    5.928066] systemd[1]: Starting Load Kernel Module configfs...
         Starting [0;1;39mLoad Kernel Module configfs[0m...
[    5.936389] systemd[1]: Starting Load Kernel Module drm...
         Starting [0;1;39mLoad Kernel Module drm[0m...
[    5.954429] systemd[1]: Starting Load Kernel Module fuse...
         Starting [0;1;39mLoad Kernel Module fuse[0m...
[    5.964206] systemd[1]: Starting Read and set NIS domainname from /etc/sysconfig/network...
         Starting [0;1;39mRead and set NIS …from /etc/sysconfig/network[0m...
[    6.003711] systemd[1]: Starting Journal Service...
         Starting [0;1;39mJournal Service[0m...
[    6.014840] systemd[1]: Starting Load Kernel Modules...
         Starting [0;1;39mLoad Kernel Modules[0m...
[    6.020991] systemd[1]: Starting Generate network units from Kernel command line...
         Starting [0;1;39mGenerate network …ts from Kernel command line[0m...
[    6.036294] systemd[1]: Starting Remount Root and Kernel File Systems...
         Starting [0;1;39mRemount Root and Kernel File Systems[0m...
[    6.046205] systemd[1]: Repartition Root Disk was skipped because no trigger condition checks were met.
[    6.079707] systemd[1]: Starting Coldplug All udev Devices...
         Starting [0;1;39mColdplug All udev Devices[0m...
[    6.098836] systemd[1]: Mounted Huge Pages File System.
[[0;32m  OK  [0m] Mounted [0;1;39mHuge Pages File System[0m.
[    6.103520] systemd[1]: Mounted POSIX Message Queue File System.
[[0;32m  OK  [0m] Mounted [0;1;39mPOSIX Message Queue File System[0m.
[    6.110177] systemd[1]: Mounted Kernel Debug File System.
[[0;32m  OK  [0m] Mounted [0;1;39mKernel Debug File System[0m.
[    6.113982] systemd[1]: Mounted Kernel Trace File System.
[[0;32m  OK  [0m] Mounted [0;1;39mKernel Trace File System[0m.
[    6.128850] systemd[1]: Finished Monitoring of LVM2 mirrors, snapshots etc. using dmeventd or progress polling.
[[0;32m  OK  [0m] Finished [0;1;39mMonitoring of LVM… dmeventd or progress polling[0m.
[    6.140693] systemd[1]: modprobe@configfs.service: Deactivated successfully.
[    6.146945] systemd[1]: Finished Load Kernel Module configfs.
[[0;32m  OK  [0m] Finished [0;1;39mLoad Kernel Module configfs[0m.
[    6.150288] systemd[1]: Started Journal Service.
[[0;32m  OK  [0m] Started [0;1;39mJournal Service[0m.
[[0;32m  OK  [0m] Finished [0;1;39mLoad Kernel Module drm[0m.
[[0;32m  OK  [0m] Finished [0;1;39mLoad Kernel Module fuse[0m.
[    6.169258] EXT4-fs (sda): re-mounted 088740a9-c8b4-422c-999d-a804eb68a4da r/w.
[[0;32m  OK  [0m] Finished [0;1;39mRead and set NIS …e from /etc/sysconfig/network[0m.
[[0;1;31mFAILED[0m] Failed to start [0;1;39mLoad Kernel Modules[0m.
See 'systemctl status systemd-modules-load.service' for details.
[[0;32m  OK  [0m] Finished [0;1;39mGenerate network units from Kernel command line[0m.
[[0;32m  OK  [0m] Finished [0;1;39mRemount Root and Kernel File Systems[0m.
[[0;32m  OK  [0m] Reached target [0;1;39mPreparation for Network[0m.
         Mounting [0;1;39mFUSE Control File System[0m...
         Mounting [0;1;39mKernel Configuration File System[0m...
         Starting [0;1;39mFlush Journal to Persistent Storage[0m...
         Starting [0;1;39mLoad/Save Random Seed[0m...
         Starting [0;1;39mApply Kernel Variables[0m...
         Starting [0;1;39mCreate Static Device Nodes in /dev[0m...
         Starting [0;1;39mSetup Virtual Console[0m...
[[0;32m  OK  [0m] Mounted [0;1;39mFUSE Control File System[0m.
[[0;32m  OK  [0m] Mounted [0;1;39mKernel Configuration File System[0m.
[    6.343318] systemd-journald[145]: Received client request to flush runtime journal.
[[0;32m  OK  [0m] Finished [0;1;39mLoad/Save Random Seed[0m.
[[0;32m  OK  [0m] Finished [0;1;39mFlush Journal to Persistent Storage[0m.
[[0;32m  OK  [0m] Finished [0;1;39mApply Kernel Variables[0m.
[[0;32m  OK  [0m] Finished [0;1;39mCreate Static Device Nodes in /dev[0m.
         Starting [0;1;39mRule-based Manage…for Device Events and Files[0m...
[[0;32m  OK  [0m] Started [0;1;39mRule-based Manager for Device Events and Files[0m.
         Starting [0;1;39mAuto-connect to s…E devices found during boot[0m...
[[0;32m  OK  [0m] Finished [0;1;39mAuto-connect to s…VME devices found during boot[0m.
[[0;32m  OK  [0m] Finished [0;1;39mSetup Virtual Console[0m.
[[0;32m  OK  [0m] Finished [0;1;39mColdplug All udev Devices[0m.
         Starting [0;1;39mShow Plymouth Boot Screen[0m...
         Starting [0;1;39mWait for udev To …plete Device Initialization[0m...
[2J[3J[-1;-1f[[0;32m  OK  [0m] Started [0;1;39mShow Plymouth Boot Screen[0m.
[[0;32m  OK  [0m] Started [0;1;39mForward Password R…s to Plymouth Directory Watch[0m.
[[0;32m  OK  [0m] Reached target [0;1;39mLocal Encrypted Volumes[0m.
[[0;32m  OK  [0m] Reached target [0;1;39mPath Units[0m.
[[0;32m  OK  [0m] Found device [0;1;39m/dev/ttyS0[0m.
[[0;32m  OK  [0m] Listening on [0;1;39mLoad/Save RF …itch Status /dev/rfkill Watch[0m.
[[0;32m  OK  [0m] Finished [0;1;39mWait for udev To Complete Device Initialization[0m.
[[0;32m  OK  [0m] Reached target [0;1;39mPreparation for Local File Systems[0m.
[[0;32m  OK  [0m] Reached target [0;1;39mLocal File Systems[0m.
         Starting [0;1;39mTell Plymouth To Write Out Runtime Data[0m...
         Starting [0;1;39mAutomatic Boot Loader Update[0m...
         Starting [0;1;39mCreate Volatile Files and Directories[0m...
[[0;32m  OK  [0m] Finished [0;1;39mTell Plymouth To Write Out Runtime Data[0m.
[[0;32m  OK  [0m] Finished [0;1;39mAutomatic Boot Loader Update[0m.
[[0;32m  OK  [0m] Finished [0;1;39mCreate Volatile Files and Directories[0m.
         Mounting [0;1;39mRPC Pipe File System[0m...
         Starting [0;1;39mSecurity Auditing Service[0m...
         Starting [0;1;39mRPC Bind[0m...
[[0;32m  OK  [0m] Mounted [0;1;39mRPC Pipe File System[0m.
[[0;32m  OK  [0m] Reached target [0;1;39mrpc_pipefs.target[0m.
[[0;32m  OK  [0m] Started [0;1;39mRPC Bind[0m.
[[0;32m  OK  [0m] Started [0;1;39mSecurity Auditing Service[0m.
         Starting [0;1;39mRecord System Boot/Shutdown in UTMP[0m...
[[0;32m  OK  [0m] Finished [0;1;39mRecord System Boot/Shutdown in UTMP[0m.
[[0;32m  OK  [0m] Reached target [0;1;39mSystem Initialization[0m.
[[0;32m  OK  [0m] Started [0;1;39mDaily rotation of log files[0m.
[[0;32m  OK  [0m] Started [0;1;39mUpdates mlocate database every day[0m.
[[0;32m  OK  [0m] Started [0;1;39mDaily Cleanup of Temporary Directories[0m.
[[0;32m  OK  [0m] Started [0;1;39mdaily update of the root trust anchor for DNSSEC[0m.
[[0;32m  OK  [0m] Reached target [0;1;39mTimer Units[0m.
[[0;32m  OK  [0m] Listening on [0;1;39mD-Bus System Message Bus Socket[0m.
[[0;32m  OK  [0m] Listening on [0;1;39mOpen-iSCSI iscsid Socket[0m.
[[0;32m  OK  [0m] Listening on [0;1;39mOpen-iSCSI iscsiuio Socket[0m.
[[0;32m  OK  [0m] Listening on [0;1;39mSSSD Kerberos…ache Manager responder socket[0m.
[[0;32m  OK  [0m] Listening on [0;1;39mLibvirt interface local socket[0m.
[[0;32m  OK  [0m] Listening on [0;1;39mVirtual machine lock manager socket[0m.
[[0;32m  OK  [0m] Listening on [0;1;39mVirtual machine log manager socket[0m.
[[0;32m  OK  [0m] Listening on [0;1;39mLibvirt network local socket[0m.
[[0;32m  OK  [0m] Listening on [0;1;39mLibvirt nodedev local socket[0m.
[[0;32m  OK  [0m] Listening on [0;1;39mLibvirt nwfilter local socket[0m.
[[0;32m  OK  [0m] Listening on [0;1;39mLibvirt proxy local socket[0m.
[[0;32m  OK  [0m] Listening on [0;1;39mLibvirt qemu local socket[0m.
[[0;32m  OK  [0m] Listening on [0;1;39mLibvirt qemu admin socket[0m.
[[0;32m  OK  [0m] Listening on [0;1;39mLibvirt qemu local read-only socket[0m.
[[0;32m  OK  [0m] Listening on [0;1;39mLibvirt secret local socket[0m.
[[0;32m  OK  [0m] Listening on [0;1;39mLibvirt storage local socket[0m.
[[0;32m  OK  [0m] Reached target [0;1;39mSocket Units[0m.
         Starting [0;1;39mD-Bus System Message Bus[0m...
[[0;32m  OK  [0m] Started [0;1;39mD-Bus System Message Bus[0m.
[[0;32m  OK  [0m] Reached target [0;1;39mBasic System[0m.
         Starting [0;1;39mNetwork Manager[0m...
         Starting [0;1;39mNTP client/server[0m...
         Starting [0;1;39mRestore /run/initramfs on shutdown[0m...
[[0;32m  OK  [0m] Started [0;1;39mirqbalance daemon[0m.
[[0;32m  OK  [0m] Started [0;1;39mlibstoragemgmt plug-in server daemon[0m.
[[0;32m  OK  [0m] Started [0;1;39mMachine Check Exception Logging Daemon[0m.
[[0;32m  OK  [0m] Reached target [0;1;39msshd-keygen.target[0m.
[[0;32m  OK  [0m] Reached target [0;1;39mUser and Group Name Lookups[0m.
         Starting [0;1;39mUser Login Management[0m...
         Starting [0;1;39mVirtual Machine a…tainer Registration Service[0m...
[[0;32m  OK  [0m] Finished [0;1;39mRestore /run/initramfs on shutdown[0m.
[[0;32m  OK  [0m] Started [0;1;39mVirtual Machine an…ontainer Registration Service[0m.
         Starting [0;1;39mHostname Service[0m...
[[0;32m  OK  [0m] Started [0;1;39mNTP client/server[0m.
[[0;32m  OK  [0m] Started [0;1;39mUser Login Management[0m.
[[0;32m  OK  [0m] Started [0;1;39mHostname Service[0m.
         Starting [0;1;39mNetwork Manager Script Dispatcher Service[0m...
[[0;32m  OK  [0m] Started [0;1;39mNetwork Manager Script Dispatcher Service[0m.
[    9.894000] e1000: eth0 NIC Link is Up 1000 Mbps Full Duplex, Flow Control: RX
[[0;32m  OK  [0m] Started [0;1;39mNetwork Manager[0m.
[[0;32m  OK  [0m] Reached target [0;1;39mNetwork[0m.
[[0;32m  OK  [0m] Reached target [0;1;39mNetwork is Online[0m.
         Starting [0;1;39mGSSAPI Proxy Daemon[0m...
         Starting [0;1;39mNotify NFS peers of a restart[0m...
         Starting [0;1;39mSystem Logging Service[0m...
         Starting [0;1;39mOpenSSH server daemon[0m...
         Starting [0;1;39mDynamic System Tuning Daemon[0m...
[[0;32m  OK  [0m] Started [0;1;39mNotify NFS peers of a restart[0m.
[[0;32m  OK  [0m] Started [0;1;39mGSSAPI Proxy Daemon[0m.
[[0;32m  OK  [0m] Reached target [0;1;39mNFS client services[0m.
[[0;32m  OK  [0m] Reached target [0;1;39mPreparation for Remote File Systems[0m.
[[0;32m  OK  [0m] Reached target [0;1;39mRemote File Systems[0m.
         Starting [0;1;39mPermit User Sessions[0m...
         Starting [0;1;39mVirtualization qemu daemon[0m...
[[0;32m  OK  [0m] Started [0;1;39mOpenSSH server daemon[0m.
[[0;32m  OK  [0m] Finished [0;1;39mPermit User Sessions[0m.
[[0;32m  OK  [0m] Started [0;1;39mDeferred execution scheduler[0m.
[[0;32m  OK  [0m] Started [0;1;39mCommand Scheduler[0m.
         Starting [0;1;39mHold until boot process finishes up[0m...
         Starting [0;1;39mTerminate Plymouth Boot Screen[0m...
[[0;32m  OK  [0m] Started [0;1;39mVirtualization qemu daemon[0m.
[[0;32m  OK  [0m] Started [0;1;39mSystem Logging Service[0m.

CentOS Stream 9
Kernel 7.1.0-rc1-2674d603a9e6+ on an x86_64

Activate the web console with: systemctl enable --now cockpit.socket

test login: [   16.881796] clocksource: Watchdog remote CPU 1 read timed out
[   17.631865] pimreg: entered allmulticast mode
[   17.656060] pimreg: entered allmulticast mode
[   17.663524] pimreg: left allmulticast mode
[   17.672450] pimreg: entered allmulticast mode
[   17.694320] pimreg: entered allmulticast mode
[   17.720119] pimreg: entered allmulticast mode
[   17.730754] pimreg: left allmulticast mode
[   17.731060] pimreg: left allmulticast mode
[   17.731738] pimreg: left allmulticast mode
[   17.739272] pimreg: entered allmulticast mode
[   17.758594] pimreg: entered allmulticast mode
[   17.787195] pimreg: entered allmulticast mode
[   17.810342] pimreg: entered allmulticast mode
[   17.850199] pimreg: entered allmulticast mode
[   17.862185] pimreg: left allmulticast mode
[   17.862514] pimreg: left allmulticast mode
[   17.862784] pimreg: left allmulticast mode
[   17.863051] pimreg: left allmulticast mode
[   17.863363] pimreg: left allmulticast mode
[   17.874394] pimreg: entered allmulticast mode
[   17.898877] pimreg: entered allmulticast mode
[   17.912654] pimreg: entered allmulticast mode
[   17.938063] pimreg: entered allmulticast mode
[   17.962395] pimreg: entered allmulticast mode
[   17.982764] pimreg: entered allmulticast mode
[   18.014142] pimreg: entered allmulticast mode
[   18.026821] pimreg: left allmulticast mode
[   18.027154] pimreg: left allmulticast mode
[   18.027458] pimreg: left allmulticast mode
[   18.027761] pimreg: left allmulticast mode
[   18.028072] pimreg: left allmulticast mode
[   18.028370] pimreg: left allmulticast mode
[   18.028667] pimreg: left allmulticast mode
[   18.042527] pimreg: entered allmulticast mode
[   18.079511] pimreg: entered allmulticast mode
[   18.104212] pimreg: entered allmulticast mode
[   18.129673] pimreg: entered allmulticast mode
[   18.154014] pimreg: entered allmulticast mode
[   18.173895] pimreg: entered allmulticast mode
[   18.193803] pimreg: entered allmulticast mode
[   18.218433] pimreg: entered allmulticast mode
[   18.230375] pimreg: left allmulticast mode
[   18.230707] pimreg: left allmulticast mode
[   18.230981] pimreg: left allmulticast mode
[   18.231240] pimreg: left allmulticast mode
[   18.231510] pimreg: left allmulticast mode
[   18.231766] pimreg: left allmulticast mode
[   18.232043] pimreg: left allmulticast mode
[   18.232343] pimreg: left allmulticast mode
[   18.247391] pimreg: entered allmulticast mode
[   18.285997] pimreg: entered allmulticast mode
[   18.309793] pimreg: entered allmulticast mode
[   18.333328] pimreg: entered allmulticast mode
[   18.345642] pimreg: entered allmulticast mode
[   18.367165] pimreg: entered allmulticast mode
[   18.401890] pimreg: entered allmulticast mode
[   18.438637] pimreg: entered allmulticast mode
[   18.461866] pimreg: entered allmulticast mode
[   18.466498] pimreg: left allmulticast mode
[   18.467400] pimreg: left allmulticast mode
[   18.467672] pimreg: left allmulticast mode
[   18.468204] pimreg: left allmulticast mode
[   18.468478] pimreg: left allmulticast mode
[   18.468790] pimreg: left allmulticast mode
[   18.469080] pimreg: left allmulticast mode
[   18.469381] pimreg: left allmulticast mode
[   18.470088] pimreg: left allmulticast mode
[   18.486838] pimreg: entered allmulticast mode
[   18.511291] pimreg: entered allmulticast mode
[   18.535062] pimreg: entered allmulticast mode
[   18.554070] pimreg: entered allmulticast mode
[   18.574647] pimreg: entered allmulticast mode
[   18.594121] pimreg: entered allmulticast mode
[   18.613807] pimreg: entered allmulticast mode
[   18.634839] pimreg: entered allmulticast mode
[   18.655533] pimreg: entered allmulticast mode
[   18.670836] pimreg: left allmulticast mode
[   18.671137] pimreg: left allmulticast mode
[   18.671402] pimreg: left allmulticast mode
[   18.671659] pimreg: left allmulticast mode
[   18.671921] pimreg: left allmulticast mode
[   18.672191] pimreg: left allmulticast mode
[   18.672564] pimreg: left allmulticast mode
[   18.672819] pimreg: left allmulticast mode
[   18.673075] pimreg: left allmulticast mode
[   18.686866] pimreg: entered allmulticast mode
[   18.716281] pimreg: entered allmulticast mode
[   18.740827] pimreg: entered allmulticast mode
[   18.762164] pimreg: entered allmulticast mode
[   18.790298] pimreg: entered allmulticast mode
[   18.818480] pimreg: entered allmulticast mode
[   18.845727] pimreg: entered allmulticast mode
[   18.881992] pimreg: entered allmulticast mode
[   18.913770] pimreg: entered allmulticast mode
[   18.926411] pimreg: left allmulticast mode
[   18.926753] pimreg: left allmulticast mode
[   18.927012] pimreg: left allmulticast mode
[   18.927334] pimreg: left allmulticast mode
[   18.927657] pimreg: left allmulticast mode
[   18.927967] pimreg: left allmulticast mode
[   18.928267] pimreg: left allmulticast mode
[   18.928571] pimreg: left allmulticast mode
[   18.929282] pimreg: left allmulticast mode
[   18.944299] pimreg: entered allmulticast mode
[   18.954183] pimreg: entered allmulticast mode
[   18.982165] pimreg: entered allmulticast mode
[   19.003900] pimreg: entered allmulticast mode
[   19.038053] pimreg: entered allmulticast mode
[   19.065883] pimreg: entered allmulticast mode
[   19.090295] pimreg: entered allmulticast mode
[   19.110626] pimreg: left allmulticast mode
[   19.110967] pimreg: left allmulticast mode
[   19.111221] pimreg: left allmulticast mode
[   19.111474] pimreg: left allmulticast mode
[   19.111767] pimreg: left allmulticast mode
[   19.112071] pimreg: left allmulticast mode
[   19.112387] pimreg: left allmulticast mode
[   19.126428] pimreg: entered allmulticast mode
[   19.164676] pimreg: entered allmulticast mode
[   19.189746] pimreg: entered allmulticast mode
[   19.214621] pimreg: entered allmulticast mode
[   19.237917] pimreg: entered allmulticast mode
[   19.258012] pimreg: entered allmulticast mode
[   19.279662] pimreg: entered allmulticast mode
[   19.290366] pimreg: left allmulticast mode
[   19.290702] pimreg: left allmulticast mode
[   19.290985] pimreg: left allmulticast mode
[   19.291253] pimreg: left allmulticast mode
[   19.291506] pimreg: left allmulticast mode
[   19.292580] pimreg: left allmulticast mode
[   19.293027] pimreg: left allmulticast mode
[   19.304741] pimreg: entered allmulticast mode
[   19.332665] pimreg: entered allmulticast mode
[   19.355570] pimreg: entered allmulticast mode
[   19.378173] pimreg: entered allmulticast mode
[   19.393714] pimreg: entered allmulticast mode
[   19.413838] pimreg: entered allmulticast mode
[   19.434044] pimreg: entered allmulticast mode
[   19.453943] pimreg: entered allmulticast mode
[   19.455459] pimreg: left allmulticast mode
[   19.455896] pimreg: left allmulticast mode
[   19.456209] pimreg: left allmulticast mode
[   19.456502] pimreg: left allmulticast mode
[   19.456816] pimreg: left allmulticast mode
[   19.457111] pimreg: left allmulticast mode
[   19.457409] pimreg: left allmulticast mode
[   19.471321] pimreg: entered allmulticast mode
[   19.498570] pimreg: entered allmulticast mode
[   19.523055] pimreg: entered allmulticast mode
[   19.534851] pimreg: entered allmulticast mode
[   19.558254] pimreg: entered allmulticast mode
[   19.582067] pimreg: entered allmulticast mode
[   19.605651] pimreg: entered allmulticast mode
[   19.629668] pimreg: entered allmulticast mode
[   19.642466] pimreg: left allmulticast mode
[   19.642816] pimreg: left allmulticast mode
[   19.643143] pimreg: left allmulticast mode
[   19.643447] pimreg: left allmulticast mode
[   19.643744] pimreg: left allmulticast mode
[   19.644436] pimreg: left allmulticast mode
[   19.644789] pimreg: left allmulticast mode
[   19.645100] pimreg: left allmulticast mode
[   19.645413] pimreg: left allmulticast mode
[   19.660779] pimreg: entered allmulticast mode
[   19.687126] pimreg: entered allmulticast mode
[   19.709415] pimreg: entered allmulticast mode
[   19.722413] pimreg: entered allmulticast mode
[   19.746055] pimreg: entered allmulticast mode
[   19.774592] pimreg: entered allmulticast mode
[   19.799265] pimreg: entered allmulticast mode
[   19.809054] pimreg: entered allmulticast mode
[   19.814739] pimreg: left allmulticast mode
[   19.815388] pimreg: left allmulticast mode
[   19.815665] pimreg: left allmulticast mode
[   19.816003] pimreg: left allmulticast mode
[   19.816302] pimreg: left allmulticast mode
[   19.816588] pimreg: left allmulticast mode
[   19.816898] pimreg: left allmulticast mode
[   19.829760] pimreg: entered allmulticast mode
[   19.849905] pimreg: entered allmulticast mode
[   19.876947] pimreg: entered allmulticast mode
[   19.902043] pimreg: entered allmulticast mode
[   19.925783] pimreg: entered allmulticast mode
[   19.953842] pimreg: entered allmulticast mode
[   19.981622] pimreg: entered allmulticast mode
[   20.010219] pimreg: entered allmulticast mode
[   20.014675] pimreg: left allmulticast mode
[   20.015024] pimreg: left allmulticast mode
[   20.015289] pimreg: left allmulticast mode
[   20.015593] pimreg: left allmulticast mode
[   20.015895] pimreg: left allmulticast mode
[   20.016762] pimreg: left allmulticast mode
[   20.017191] pimreg: left allmulticast mode
[   20.017891] pimreg: left allmulticast mode
[   20.018154] pimreg: left allmulticast mode
[   20.035851] pimreg: entered allmulticast mode
[   20.063409] pimreg: entered allmulticast mode
[   20.090145] pimreg: entered allmulticast mode
[   20.113636] pimreg: entered allmulticast mode
[   20.138455] pimreg: entered allmulticast mode
[   20.161748] pimreg: entered allmulticast mode
[   20.186033] pimreg: entered allmulticast mode
[   20.210115] pimreg: entered allmulticast mode
[   20.245987] pimreg: entered allmulticast mode
[   20.250650] pimreg: left allmulticast mode
[   20.250981] pimreg: left allmulticast mode
[   20.251300] pimreg: left allmulticast mode
[   20.251604] pimreg: left allmulticast mode
[   20.251922] pimreg: left allmulticast mode
[   20.252326] pimreg: left allmulticast mode
[   20.253057] pimreg: left allmulticast mode
[   20.253406] pimreg: left allmulticast mode
[   20.254112] pimreg: left allmulticast mode
[   20.269334] pimreg: entered allmulticast mode
[   20.292717] pimreg: entered allmulticast mode
[   20.322034] pimreg: entered allmulticast mode
[   20.343872] pimreg: entered allmulticast mode
[   20.361745] pimreg: entered allmulticast mode
[   20.381807] pimreg: entered allmulticast mode
[   20.394634] pimreg: left allmulticast mode
[   20.395086] pimreg: left allmulticast mode
[   20.395434] pimreg: left allmulticast mode
[   20.395735] pimreg: left allmulticast mode
[   20.396053] pimreg: left allmulticast mode
[   20.396355] pimreg: left allmulticast mode
[   20.408421] pimreg: entered allmulticast mode
[   20.424864] pimreg: entered allmulticast mode
[   20.446877] pimreg: entered allmulticast mode
[   20.466384] pimreg: entered allmulticast mode
[   20.485989] pimreg: entered allmulticast mode
[   20.490435] pimreg: left allmulticast mode
[   20.490788] pimreg: left allmulticast mode
[   20.491070] pimreg: left allmulticast mode
[   20.491387] pimreg: left allmulticast mode
[   20.505899] pimreg: entered allmulticast mode
[   20.531630] pimreg: entered allmulticast mode
[   20.554166] pimreg: entered allmulticast mode
[   20.577690] pimreg: entered allmulticast mode
[   20.613744] pimreg: entered allmulticast mode
[   20.618191] pimreg: left allmulticast mode
[   20.618532] pimreg: left allmulticast mode
[   20.618866] pimreg: left allmulticast mode
[   20.619180] pimreg: left allmulticast mode
[   20.619482] pimreg: left allmulticast mode
[   20.632884] pimreg: entered allmulticast mode
[   20.655231] pimreg: entered allmulticast mode
[   20.678156] pimreg: entered allmulticast mode
[   20.702294] pimreg: entered allmulticast mode
[   20.714978] pimreg: left allmulticast mode
[   20.715336] pimreg: left allmulticast mode
[   20.715663] pimreg: left allmulticast mode
[   20.715996] pimreg: left allmulticast mode
[   20.716297] pimreg: left allmulticast mode
[   20.726655] pimreg: entered allmulticast mode
[   20.754779] pimreg: entered allmulticast mode
[   20.775880] pimreg: entered allmulticast mode
[   20.805343] pimreg: entered allmulticast mode
[   20.825637] pimreg: entered allmulticast mode
[   20.850780] pimreg: entered allmulticast mode
[   20.866663] pimreg: left allmulticast mode
[   20.866991] pimreg: left allmulticast mode
[   20.867259] pimreg: left allmulticast mode
[   20.867523] pimreg: left allmulticast mode
[   20.867788] pimreg: left allmulticast mode
[   20.868037] pimreg: left allmulticast mode
[   20.878919] pimreg: entered allmulticast mode
[   20.897369] pimreg: entered allmulticast mode
[   20.923284] pimreg: entered allmulticast mode
[   20.941685] pimreg: entered allmulticast mode
[   20.966115] pimreg: entered allmulticast mode
[   20.990146] pimreg: entered allmulticast mode
[   21.030085] pimreg: entered allmulticast mode
[   21.050555] pimreg: left allmulticast mode
[   21.050970] pimreg: left allmulticast mode
[   21.051231] pimreg: left allmulticast mode
[   21.051495] pimreg: left allmulticast mode
[   21.051874] pimreg: left allmulticast mode
[   21.052130] pimreg: left allmulticast mode
[   21.052391] pimreg: left allmulticast mode
[   21.064113] pimreg: entered allmulticast mode
[   21.094020] pimreg: entered allmulticast mode
[   21.107028] pimreg: entered allmulticast mode
[   21.126894] pimreg: entered allmulticast mode
[   21.150574] pimreg: entered allmulticast mode
[   21.173906] pimreg: entered allmulticast mode
[   21.200105] pimreg: entered allmulticast mode
[   21.222860] pimreg: entered allmulticast mode
[   21.234585] pimreg: left allmulticast mode
[   21.234952] pimreg: left allmulticast mode
[   21.235228] pimreg: left allmulticast mode
[   21.235480] pimreg: left allmulticast mode
[   21.236137] pimreg: left allmulticast mode
[   21.236466] pimreg: left allmulticast mode
[   21.236783] pimreg: left allmulticast mode
[   21.237081] pimreg: left allmulticast mode
[   21.250271] pimreg: entered allmulticast mode
[   21.275688] pimreg: entered allmulticast mode
[   21.294020] pimreg: entered allmulticast mode
[   21.313759] pimreg: entered allmulticast mode
[   21.334896] pimreg: entered allmulticast mode
[   21.350013] pimreg: entered allmulticast mode
[   21.369935] pimreg: entered allmulticast mode
[   21.394267] pimreg: entered allmulticast mode
[   21.398526] pimreg: left allmulticast mode
[   21.398873] pimreg: left allmulticast mode
[   21.399145] pimreg: left allmulticast mode
[   21.399401] pimreg: left allmulticast mode
[   21.399660] pimreg: left allmulticast mode
[   21.400485] pimreg: left allmulticast mode
[   21.400794] pimreg: left allmulticast mode
[   21.401070] pimreg: left allmulticast mode
[   21.414855] pimreg: entered allmulticast mode
[   21.450628] pimreg: entered allmulticast mode
[   21.477011] pimreg: entered allmulticast mode
[   21.502951] pimreg: entered allmulticast mode
[   21.517554] pimreg: entered allmulticast mode
[   21.538602] pimreg: entered allmulticast mode
[   21.557155] pimreg: entered allmulticast mode
[   21.582094] pimreg: entered allmulticast mode
[   21.602467] pimreg: left allmulticast mode
[   21.602812] pimreg: left allmulticast mode
[   21.603431] pimreg: left allmulticast mode
[   21.603730] pimreg: left allmulticast mode
[   21.604100] pimreg: left allmulticast mode
[   21.604379] pimreg: left allmulticast mode
[   21.604693] pimreg: left allmulticast mode
[   21.605006] pimreg: left allmulticast mode
[   21.618897] pimreg: entered allmulticast mode
[   21.643866] pimreg: entered allmulticast mode
[   21.662081] pimreg: entered allmulticast mode
[   21.679274] pimreg: entered allmulticast mode
[   21.702588] pimreg: entered allmulticast mode
[   21.718319] pimreg: entered allmulticast mode
[   21.741851] pimreg: entered allmulticast mode
[   21.766213] pimreg: entered allmulticast mode
[   21.801970] pimreg: entered allmulticast mode
[   21.822413] pimreg: left allmulticast mode
[   21.822763] pimreg: left allmulticast mode
[   21.823516] pimreg: left allmulticast mode
[   21.824057] pimreg: left allmulticast mode
[   21.824327] pimreg: left allmulticast mode
[   21.824632] pimreg: left allmulticast mode
[   21.824946] pimreg: left allmulticast mode
[   21.825233] pimreg: left allmulticast mode
[   21.825589] pimreg: left allmulticast mode
[   21.839263] pimreg: entered allmulticast mode
[   21.864616] pimreg: entered allmulticast mode
[   21.890262] pimreg: entered allmulticast mode
[   21.913916] pimreg: entered allmulticast mode
[   21.945210] pimreg: entered allmulticast mode
[   21.986049] pimreg: entered allmulticast mode
[   22.013902] pimreg: entered allmulticast mode
[   22.037949] pimreg: entered allmulticast mode
[   22.065503] pimreg: entered allmulticast mode
[   22.078415] pimreg: left allmulticast mode
[   22.078970] pimreg: left allmulticast mode
[   22.079247] pimreg: left allmulticast mode
[   22.079523] pimreg: left allmulticast mode
[   22.079797] pimreg: left allmulticast mode
[   22.080057] pimreg: left allmulticast mode
[   22.080324] pimreg: left allmulticast mode
[   22.080588] pimreg: left allmulticast mode
[   22.080860] pimreg: left allmulticast mode
[   22.095494] pimreg: entered allmulticast mode
[   22.139525] pimreg: entered allmulticast mode
[   22.150652] pimreg: entered allmulticast mode
[   22.174487] pimreg: entered allmulticast mode
[   22.198943] pimreg: entered allmulticast mode
[   22.234186] pimreg: entered allmulticast mode
[   22.261941] pimreg: entered allmulticast mode
[   22.290036] pimreg: entered allmulticast mode
[   22.333992] pimreg: entered allmulticast mode
[   22.354347] pimreg: left allmulticast mode
[   22.354685] pimreg: left allmulticast mode
[   22.354949] pimreg: left allmulticast mode
[   22.355896] pimreg: left allmulticast mode
[   22.356310] pimreg: left allmulticast mode
[   22.356655] pimreg: left allmulticast mode
[   22.356968] pimreg: left allmulticast mode
[   22.357284] pimreg: left allmulticast mode
[   22.357638] pimreg: left allmulticast mode
[   22.371478] pimreg: entered allmulticast mode
[   22.407584] pimreg: entered allmulticast mode
[   22.431367] pimreg: entered allmulticast mode
[   22.454621] pimreg: entered allmulticast mode
[   22.473648] pimreg: entered allmulticast mode
[   22.493729] pimreg: entered allmulticast mode
[   22.514523] pimreg: entered allmulticast mode
[   22.534003] pimreg: entered allmulticast mode
[   22.550021] pimreg: entered allmulticast mode
[   22.566539] pimreg: left allmulticast mode
[   22.567187] pimreg: left allmulticast mode
[   22.567515] pimreg: left allmulticast mode
[   22.567841] pimreg: left allmulticast mode
[   22.568132] pimreg: left allmulticast mode
[   22.568439] pimreg: left allmulticast mode
[   22.568747] pimreg: left allmulticast mode
[   22.569030] pimreg: left allmulticast mode
[   22.569328] pimreg: left allmulticast mode
[   22.584684] pimreg: entered allmulticast mode
[   22.604011] pimreg: entered allmulticast mode
[   22.622253] pimreg: entered allmulticast mode
[   22.643131] pimreg: entered allmulticast mode
[   22.666031] pimreg: entered allmulticast mode
[   22.689882] pimreg: entered allmulticast mode
[   22.717769] pimreg: entered allmulticast mode
[   22.741649] pimreg: entered allmulticast mode
[   22.766002] pimreg: entered allmulticast mode
[   22.786383] pimreg: left allmulticast mode
[   22.786718] pimreg: left allmulticast mode
[   22.787035] pimreg: left allmulticast mode
[   22.787349] pimreg: left allmulticast mode
[   22.788893] pimreg: left allmulticast mode
[   22.789210] pimreg: left allmulticast mode
[   22.789546] pimreg: left allmulticast mode
[   22.789851] pimreg: left allmulticast mode
[   22.790135] pimreg: left allmulticast mode
[   22.803845] pimreg: entered allmulticast mode
[   22.826717] pimreg: entered allmulticast mode
[   22.850198] pimreg: entered allmulticast mode
[   22.874388] pimreg: entered allmulticast mode
[   22.893687] pimreg: entered allmulticast mode
[   22.917885] pimreg: entered allmulticast mode
[   22.941760] pimreg: entered allmulticast mode
[   22.965536] pimreg: entered allmulticast mode
[   22.990183] pimreg: entered allmulticast mode
[   23.011713] pimreg: left allmulticast mode
[   23.012011] pimreg: left allmulticast mode
[   23.012272] pimreg: left allmulticast mode
[   23.012602] pimreg: left allmulticast mode
[   23.012868] pimreg: left allmulticast mode
[   23.013369] pimreg: left allmulticast mode
[   23.013929] pimreg: left allmulticast mode
[   23.014209] pimreg: left allmulticast mode
[   23.014513] pimreg: left allmulticast mode
[   23.028871] pimreg: entered allmulticast mode
[   23.054906] pimreg: entered allmulticast mode
[   23.079976] pimreg: entered allmulticast mode
[   23.102680] pimreg: entered allmulticast mode
[   23.137844] pimreg: entered allmulticast mode
[   23.165767] pimreg: entered allmulticast mode
[   23.190580] pimreg: entered allmulticast mode
[   23.210000] pimreg: entered allmulticast mode
[   23.233782] pimreg: entered allmulticast mode
[   23.255948] pimreg: left allmulticast mode
[   23.256308] pimreg: left allmulticast mode
[   23.256664] pimreg: left allmulticast mode
[   23.256970] pimreg: left allmulticast mode
[   23.257272] pimreg: left allmulticast mode
[   23.257874] pimreg: left allmulticast mode
[   23.258199] pimreg: left allmulticast mode
[   23.258499] pimreg: left allmulticast mode
[   23.258804] pimreg: left allmulticast mode
[   23.259116] pimreg: left allmulticast mode
[   23.274037] pimreg: entered allmulticast mode
[   23.308386] pimreg: entered allmulticast mode
[   23.326943] pimreg: entered allmulticast mode
[   23.350200] pimreg: entered allmulticast mode
[   23.370312] pimreg: entered allmulticast mode
[   23.397644] pimreg: entered allmulticast mode
[   23.421984] pimreg: entered allmulticast mode
[   23.461915] pimreg: entered allmulticast mode
[   23.489896] pimreg: entered allmulticast mode
[   23.513603] pimreg: entered allmulticast mode
[   23.526673] pimreg: left allmulticast mode
[   23.527223] pimreg: left allmulticast mode
[   23.527762] pimreg: left allmulticast mode
[   23.528034] pimreg: left allmulticast mode
[   23.528296] pimreg: left allmulticast mode
[   23.528550] pimreg: left allmulticast mode
[   23.528826] pimreg: left allmulticast mode
[   23.529079] pimreg: left allmulticast mode
[   23.529377] pimreg: left allmulticast mode
[   23.545300] pimreg: entered allmulticast mode
[   23.560459] pimreg: entered allmulticast mode
[   23.570667] pimreg: entered allmulticast mode
[   23.586636] pimreg: entered allmulticast mode
[   23.606667] pimreg: entered allmulticast mode
[   23.625830] pimreg: entered allmulticast mode
[   23.653715] pimreg: entered allmulticast mode
[   23.678044] pimreg: entered allmulticast mode
[   23.702135] pimreg: entered allmulticast mode
[   23.725971] pimreg: entered allmulticast mode
[   23.731153] pimreg: left allmulticast mode
[   23.731446] pimreg: left allmulticast mode
[   23.731705] pimreg: left allmulticast mode
[   23.731996] pimreg: left allmulticast mode
[   23.732298] pimreg: left allmulticast mode
[   23.732622] pimreg: left allmulticast mode
[   23.732911] pimreg: left allmulticast mode
[   23.733208] pimreg: left allmulticast mode
[   23.733545] pimreg: left allmulticast mode
[   23.733849] pimreg: left allmulticast mode
[   23.750394] pimreg: entered allmulticast mode
[   23.785589] pimreg: entered allmulticast mode
[   23.820930] pimreg: entered allmulticast mode
[   23.846516] pimreg: entered allmulticast mode
[   23.878105] pimreg: entered allmulticast mode
[   23.901844] pimreg: entered allmulticast mode
[   23.929578] pimreg: entered allmulticast mode
[   23.953394] pimreg: entered allmulticast mode
[   23.966849] pimreg: left allmulticast mode
[   23.967421] pimreg: left allmulticast mode
[   23.967742] pimreg: left allmulticast mode
[   23.968068] pimreg: left allmulticast mode
[   23.968371] pimreg: left allmulticast mode
[   23.968686] pimreg: left allmulticast mode
[   23.968989] pimreg: left allmulticast mode
[   23.969281] pimreg: left allmulticast mode
[   23.984299] pimreg: entered allmulticast mode
[   24.011317] pimreg: entered allmulticast mode
[   24.038300] pimreg: entered allmulticast mode
[   24.062721] pimreg: entered allmulticast mode
[   24.105805] pimreg: entered allmulticast mode
[   24.129833] pimreg: entered allmulticast mode
[   24.162024] pimreg: entered allmulticast mode
[   24.185865] pimreg: entered allmulticast mode
[   24.210738] pimreg: left allmulticast mode
[   24.211028] pimreg: left allmulticast mode
[   24.211292] pimreg: left allmulticast mode
[   24.211558] pimreg: left allmulticast mode
[   24.211811] pimreg: left allmulticast mode
[   24.212115] pimreg: left allmulticast mode
[   24.212530] pimreg: left allmulticast mode
[   24.212858] pimreg: left allmulticast mode
[   24.226473] pimreg: entered allmulticast mode
[   24.242624] pimreg: entered allmulticast mode
[   24.263110] pimreg: entered allmulticast mode
[   24.290229] pimreg: entered allmulticast mode
[   24.314053] pimreg: entered allmulticast mode
[   24.337842] pimreg: entered allmulticast mode
[   24.361966] pimreg: entered allmulticast mode
[   24.389482] pimreg: entered allmulticast mode
[   24.406696] pimreg: left allmulticast mode
[   24.406991] pimreg: left allmulticast mode
[   24.407241] pimreg: left allmulticast mode
[   24.407555] pimreg: left allmulticast mode
[   24.407859] pimreg: left allmulticast mode
[   24.408148] pimreg: left allmulticast mode
[   24.408439] pimreg: left allmulticast mode
[   24.408739] pimreg: left allmulticast mode
[   24.421317] pimreg: entered allmulticast mode
[   24.454650] pimreg: entered allmulticast mode
[   24.475710] pimreg: entered allmulticast mode
[   24.497918] pimreg: entered allmulticast mode
[   24.517593] pimreg: entered allmulticast mode
[   24.545984] pimreg: entered allmulticast mode
[   24.570143] pimreg: entered allmulticast mode
[   24.594120] pimreg: entered allmulticast mode
[   24.598616] pimreg: left allmulticast mode
[   24.598941] pimreg: left allmulticast mode
[   24.599213] pimreg: left allmulticast mode
[   24.599470] pimreg: left allmulticast mode
[   24.599727] pimreg: left allmulticast mode
[   24.600033] pimreg: left allmulticast mode
[   24.600430] pimreg: left allmulticast mode
[   24.600841] pimreg: left allmulticast mode
[   24.614831] pimreg: entered allmulticast mode
[   24.650698] pimreg: entered allmulticast mode
[   24.672078] pimreg: entered allmulticast mode
[   24.694720] pimreg: entered allmulticast mode
[   24.710258] pimreg: entered allmulticast mode
[   24.733958] pimreg: entered allmulticast mode
[   24.757909] pimreg: entered allmulticast mode
[   24.762563] pimreg: left allmulticast mode
[   24.762894] pimreg: left allmulticast mode
[   24.763162] pimreg: left allmulticast mode
[   24.763412] pimreg: left allmulticast mode
[   24.763679] pimreg: left allmulticast mode
[   24.763936] pimreg: left allmulticast mode
[   24.764199] pimreg: left allmulticast mode
[   24.777673] pimreg: entered allmulticast mode
[   24.798557] pimreg: entered allmulticast mode
[   24.812816] pimreg: entered allmulticast mode
[   24.838048] pimreg: entered allmulticast mode
[   24.857724] pimreg: entered allmulticast mode
[   24.878453] pimreg: entered allmulticast mode
[   24.894476] pimreg: left allmulticast mode
[   24.894889] pimreg: left allmulticast mode
[   24.895170] pimreg: left allmulticast mode
[   24.895427] pimreg: left allmulticast mode
[   24.896292] pimreg: left allmulticast mode
[   24.896575] pimreg: left allmulticast mode
[   24.906577] pimreg: entered allmulticast mode
[   24.925126] pimreg: entered allmulticast mode
[   24.952799] pimreg: entered allmulticast mode
[   24.969852] pimreg: entered allmulticast mode
[   24.994461] pimreg: entered allmulticast mode
[   25.014051] pimreg: entered allmulticast mode
[   25.037286] pimreg: entered allmulticast mode
[   25.050824] pimreg: left allmulticast mode
[   25.051148] pimreg: left allmulticast mode
[   25.051402] pimreg: left allmulticast mode
[   25.051666] pimreg: left allmulticast mode
[   25.051926] pimreg: left allmulticast mode
[   25.052178] pimreg: left allmulticast mode
[   25.052430] pimreg: left allmulticast mode
[   25.065333] pimreg: entered allmulticast mode
[   25.090780] pimreg: entered allmulticast mode
[   25.115252] pimreg: entered allmulticast mode
[   25.138154] pimreg: entered allmulticast mode
[   25.161690] pimreg: entered allmulticast mode
[   25.186385] pimreg: entered allmulticast mode
[   25.214360] pimreg: entered allmulticast mode
[   25.228141] pimreg: left allmulticast mode
[   25.228562] pimreg: left allmulticast mode
[   25.228830] pimreg: left allmulticast mode
[   25.229089] pimreg: left allmulticast mode
[   25.229334] pimreg: left allmulticast mode
[   25.229699] pimreg: left allmulticast mode
[   25.230015] pimreg: left allmulticast mode
[   25.230303] pimreg: left allmulticast mode
[   25.242115] pimreg: entered allmulticast mode
[   25.264337] pimreg: entered allmulticast mode
[   25.292429] pimreg: entered allmulticast mode
[   25.310755] pimreg: entered allmulticast mode
[   25.333567] pimreg: entered allmulticast mode
[   25.357763] pimreg: entered allmulticast mode
[   25.389624] pimreg: entered allmulticast mode
[   25.413867] pimreg: entered allmulticast mode
[   25.434815] pimreg: left allmulticast mode
[   25.435146] pimreg: left allmulticast mode
[   25.435447] pimreg: left allmulticast mode
[   25.435776] pimreg: left allmulticast mode
[   25.436201] pimreg: left allmulticast mode
[   25.436517] pimreg: left allmulticast mode
[   25.436818] pimreg: left allmulticast mode
[   25.448192] pimreg: entered allmulticast mode
[   25.477173] pimreg: entered allmulticast mode
[   25.499156] pimreg: entered allmulticast mode
[   25.510274] pimreg: entered allmulticast mode
[   25.530224] pimreg: entered allmulticast mode
[   25.550042] pimreg: entered allmulticast mode
[   25.574742] pimreg: entered allmulticast mode
[   25.598434] pimreg: entered allmulticast mode
[   25.618069] pimreg: entered allmulticast mode
[   25.618437] pimreg: left allmulticast mode
[   25.618822] pimreg: left allmulticast mode
[   25.619206] pimreg: left allmulticast mode
[   25.619546] pimreg: left allmulticast mode
[   25.619847] pimreg: left allmulticast mode
[   25.620145] pimreg: left allmulticast mode
[   25.620454] pimreg: left allmulticast mode
[   25.620769] pimreg: left allmulticast mode
[   25.635814] pimreg: entered allmulticast mode
[   25.655027] pimreg: entered allmulticast mode
[   25.678928] pimreg: entered allmulticast mode
[   25.703053] pimreg: entered allmulticast mode
[   25.722355] pimreg: entered allmulticast mode
[   25.741794] pimreg: entered allmulticast mode
[   25.761976] pimreg: entered allmulticast mode
[   25.781712] pimreg: entered allmulticast mode
[   25.807218] pimreg: entered allmulticast mode
[   25.808443] pimreg: left allmulticast mode
[   25.808847] pimreg: left allmulticast mode
[   25.809158] pimreg: left allmulticast mode
[   25.809527] pimreg: left allmulticast mode
[   25.809876] pimreg: left allmulticast mode
[   25.810194] pimreg: left allmulticast mode
[   25.810485] pimreg: left allmulticast mode
[   25.810790] pimreg: left allmulticast mode
[   25.811082] pimreg: left allmulticast mode
[   25.825621] pimreg: entered allmulticast mode
[   25.855296] pimreg: entered allmulticast mode
[   25.879885] pimreg: entered allmulticast mode
[   25.890223] pimreg: entered allmulticast mode
[   25.914238] pimreg: entered allmulticast mode
[   25.933771] pimreg: entered allmulticast mode
[   25.973327] pimreg: entered allmulticast mode
[   25.986758] pimreg: left allmulticast mode
[   25.987350] pimreg: left allmulticast mode
[   25.987675] pimreg: left allmulticast mode
[   25.987979] pimreg: left allmulticast mode
[   25.988278] pimreg: left allmulticast mode
[   25.988596] pimreg: left allmulticast mode
[   25.988893] pimreg: left allmulticast mode
[   25.989198] pimreg: left allmulticast mode
[   26.002973] pimreg: entered allmulticast mode
[   26.035732] pimreg: entered allmulticast mode
[   26.059286] pimreg: entered allmulticast mode
[   26.082643] pimreg: entered allmulticast mode
[   26.101680] pimreg: entered allmulticast mode
[   26.133872] pimreg: entered allmulticast mode
[   26.165435] pimreg: entered allmulticast mode
[   26.190154] pimreg: entered allmulticast mode
[   26.206520] pimreg: left allmulticast mode
[   26.207320] pimreg: left allmulticast mode
[   26.207618] pimreg: left allmulticast mode
[   26.207879] pimreg: left allmulticast mode
[   26.208324] pimreg: left allmulticast mode
[   26.208659] pimreg: left allmulticast mode
[   26.208945] pimreg: left allmulticast mode
[   26.209247] pimreg: left allmulticast mode
[   26.222661] pimreg: entered allmulticast mode
[   26.248365] pimreg: entered allmulticast mode
[   26.260491] pimreg: entered allmulticast mode
[   26.278347] pimreg: entered allmulticast mode
[   26.297522] pimreg: entered allmulticast mode
[   26.322025] pimreg: entered allmulticast mode
[   26.346142] pimreg: entered allmulticast mode
[   26.370160] pimreg: entered allmulticast mode
[   26.374827] pimreg: left allmulticast mode
[   26.375335] pimreg: left allmulticast mode
[   26.375660] pimreg: left allmulticast mode
[   26.375952] pimreg: left allmulticast mode
[   26.376263] pimreg: left allmulticast mode
[   26.376569] pimreg: left allmulticast mode
[   26.376858] pimreg: left allmulticast mode
[   26.377154] pimreg: left allmulticast mode
[   26.391220] pimreg: entered allmulticast mode
[   26.422603] pimreg: entered allmulticast mode
[   26.442752] pimreg: entered allmulticast mode
[   26.454641] pimreg: entered allmulticast mode
[   26.473938] pimreg: entered allmulticast mode
[   26.479073] pimreg: left allmulticast mode
[   26.479432] pimreg: left allmulticast mode
[   26.479770] pimreg: left allmulticast mode
[   26.480080] pimreg: left allmulticast mode
[   26.498046] pimreg: entered allmulticast mode
[   26.530204] pimreg: entered allmulticast mode
[   26.541538] pimreg: entered allmulticast mode
[   26.561768] pimreg: entered allmulticast mode
[   26.585221] pimreg: entered allmulticast mode
[   26.603018] pimreg: left allmulticast mode
[   26.603440] pimreg: left allmulticast mode
[   26.603733] pimreg: left allmulticast mode
[   26.604120] pimreg: left allmulticast mode
[   26.604382] pimreg: left allmulticast mode
[   26.604656] pimreg: left allmulticast mode
[   26.614770] pimreg: entered allmulticast mode
[   26.639099] pimreg: entered allmulticast mode
[   26.650502] pimreg: entered allmulticast mode
[   26.666162] pimreg: entered allmulticast mode
[   26.706127] pimreg: entered allmulticast mode
[   26.734028] pimreg: entered allmulticast mode
[   26.757235] pimreg: entered allmulticast mode
[   26.778256] pimreg: left allmulticast mode
[   26.778638] pimreg: left allmulticast mode
[   26.778956] pimreg: left allmulticast mode
[   26.779254] pimreg: left allmulticast mode
[   26.779585] pimreg: left allmulticast mode
[   26.780014] pimreg: left allmulticast mode
[   26.780333] pimreg: left allmulticast mode
[   26.792309] pimreg: entered allmulticast mode
[   26.802118] pimreg: entered allmulticast mode
[   26.829163] pimreg: entered allmulticast mode
[   26.850458] pimreg: entered allmulticast mode
[   26.873631] pimreg: entered allmulticast mode
[   26.893406] pimreg: entered allmulticast mode
[   26.917819] pimreg: entered allmulticast mode
[   26.941716] pimreg: entered allmulticast mode
[   26.966515] pimreg: left allmulticast mode
[   26.966875] pimreg: left allmulticast mode
[   26.967182] pimreg: left allmulticast mode
[   26.968096] pimreg: left allmulticast mode
[   26.968851] pimreg: left allmulticast mode
[   26.969203] pimreg: left allmulticast mode
[   26.969912] pimreg: left allmulticast mode
[   26.970247] pimreg: left allmulticast mode
[   26.982683] pimreg: entered allmulticast mode
[   27.015101] pimreg: entered allmulticast mode
[   27.034108] pimreg: entered allmulticast mode
[   27.058060] pimreg: entered allmulticast mode
[   27.082086] pimreg: entered allmulticast mode
[   27.105921] pimreg: entered allmulticast mode
[   27.129928] pimreg: entered allmulticast mode
[   27.158080] pimreg: entered allmulticast mode
[   27.190632] pimreg: left allmulticast mode
[   27.191075] pimreg: left allmulticast mode
[   27.191393] pimreg: left allmulticast mode
[   27.191727] pimreg: left allmulticast mode
[   27.192158] pimreg: left allmulticast mode
[   27.192471] pimreg: left allmulticast mode
[   27.192772] pimreg: left allmulticast mode
[   27.193058] pimreg: left allmulticast mode
[   27.206028] pimreg: entered allmulticast mode
[   27.238838] pimreg: entered allmulticast mode
[   27.263246] pimreg: entered allmulticast mode
[   27.273317] pimreg: entered allmulticast mode
[   27.285248] pimreg: entered allmulticast mode
[   27.310111] pimreg: entered allmulticast mode
[   27.329807] pimreg: entered allmulticast mode
[   27.350018] pimreg: entered allmulticast mode
[   27.374271] pimreg: entered allmulticast mode
[   27.394382] pimreg: left allmulticast mode
[   27.394830] pimreg: left allmulticast mode
[   27.395202] pimreg: left allmulticast mode
[   27.395603] pimreg: left allmulticast mode
[   27.397051] pimreg: left allmulticast mode
[   27.398016] pimreg: left allmulticast mode
[   27.398380] pimreg: left allmulticast mode
[   27.398817] pimreg: left allmulticast mode
[   27.399156] pimreg: left allmulticast mode
[   27.413829] pimreg: entered allmulticast mode
[   27.443062] pimreg: entered allmulticast mode
[   27.462656] pimreg: entered allmulticast mode
[   27.486265] pimreg: entered allmulticast mode
[   27.506078] pimreg: entered allmulticast mode
[   27.529727] pimreg: entered allmulticast mode
[   27.570658] pimreg: entered allmulticast mode
[   27.597750] pimreg: entered allmulticast mode
[   27.633909] pimreg: entered allmulticast mode
[   27.654262] pimreg: left allmulticast mode
[   27.654714] pimreg: left allmulticast mode
[   27.655101] pimreg: left allmulticast mode
[   27.655467] pimreg: left allmulticast mode
[   27.656081] pimreg: left allmulticast mode
[   27.656464] pimreg: left allmulticast mode
[   27.656819] pimreg: left allmulticast mode
[   27.657169] pimreg: left allmulticast mode
[   27.657994] pimreg: left allmulticast mode
[   27.672201] pimreg: entered allmulticast mode
[   27.690014] pimreg: entered allmulticast mode
[   27.704206] pimreg: entered allmulticast mode
[   27.722830] pimreg: entered allmulticast mode
[   27.745548] pimreg: entered allmulticast mode
[   27.769841] pimreg: entered allmulticast mode
[   27.793901] pimreg: entered allmulticast mode
[   27.817936] pimreg: entered allmulticast mode
[   27.837667] pimreg: entered allmulticast mode
[   27.851419] pimreg: left allmulticast mode
[   27.852113] pimreg: left allmulticast mode
[   27.852510] pimreg: left allmulticast mode
[   27.852853] pimreg: left allmulticast mode
[   27.853195] pimreg: left allmulticast mode
[   27.853603] pimreg: left allmulticast mode
[   27.853953] pimreg: left allmulticast mode
[   27.854295] pimreg: left allmulticast mode
[   27.854689] pimreg: left allmulticast mode
[   27.870569] pimreg: entered allmulticast mode
[   27.904699] pimreg: entered allmulticast mode
[   27.933397] pimreg: entered allmulticast mode
[   27.958351] pimreg: entered allmulticast mode
[   27.977806] pimreg: entered allmulticast mode
[   27.997105] pimreg: entered allmulticast mode
[   28.017667] pimreg: entered allmulticast mode
[   28.046160] pimreg: entered allmulticast mode
[   28.066892] pimreg: left allmulticast mode
[   28.067335] pimreg: left allmulticast mode
[   28.067720] pimreg: left allmulticast mode
[   28.068095] pimreg: left allmulticast mode
[   28.068760] pimreg: left allmulticast mode
[   28.069126] pimreg: left allmulticast mode
[   28.069885] pimreg: left allmulticast mode
[   28.070232] pimreg: left allmulticast mode
[   28.083049] pimreg: entered allmulticast mode
[   28.114788] pimreg: entered allmulticast mode
[   28.128333] pimreg: entered allmulticast mode
[   28.146432] pimreg: entered allmulticast mode
[   28.162418] pimreg: entered allmulticast mode
[   28.181844] pimreg: entered allmulticast mode
[   28.217318] pimreg: entered allmulticast mode
[   28.238481] pimreg: entered allmulticast mode
[   28.253823] pimreg: entered allmulticast mode
[   28.259364] pimreg: left allmulticast mode
[   28.259840] pimreg: left allmulticast mode
[   28.260201] pimreg: left allmulticast mode
[   28.260563] pimreg: left allmulticast mode
[   28.260944] pimreg: left allmulticast mode
[   28.261298] pimreg: left allmulticast mode
[   28.261998] pimreg: left allmulticast mode
[   28.262372] pimreg: left allmulticast mode
[   28.262711] pimreg: left allmulticast mode
[   28.276703] pimreg: entered allmulticast mode
[   28.306638] pimreg: entered allmulticast mode
[   28.333780] pimreg: entered allmulticast mode
[   28.353767] pimreg: entered allmulticast mode
[   28.377588] pimreg: entered allmulticast mode
[   28.401565] pimreg: entered allmulticast mode
[   28.425786] pimreg: entered allmulticast mode
[   28.449521] pimreg: entered allmulticast mode
[   28.474420] pimreg: entered allmulticast mode
[   28.494081] pimreg: entered allmulticast mode
[   28.499162] pimreg: left allmulticast mode
[   28.499562] pimreg: left allmulticast mode
[   28.499908] pimreg: left allmulticast mode
[   28.500262] pimreg: left allmulticast mode
[   28.500629] pimreg: left allmulticast mode
[   28.500981] pimreg: left allmulticast mode
[   28.501321] pimreg: left allmulticast mode
[   28.501720] pimreg: left allmulticast mode
[   28.502464] pimreg: left allmulticast mode
[   28.503271] pimreg: left allmulticast mode
[   28.518164] pimreg: entered allmulticast mode
[   28.548658] pimreg: entered allmulticast mode
[   28.574690] pimreg: entered allmulticast mode
[   28.613643] pimreg: entered allmulticast mode
[   28.653740] pimreg: entered allmulticast mode
[   28.677993] pimreg: entered allmulticast mode
[   28.705241] pimreg: entered allmulticast mode
[   28.733689] pimreg: entered allmulticast mode
[   28.761323] pimreg: entered allmulticast mode
[   28.774776] pimreg: left allmulticast mode
[   28.775152] pimreg: left allmulticast mode
[   28.775462] pimreg: left allmulticast mode
[   28.775729] pimreg: left allmulticast mode
[   28.775980] pimreg: left allmulticast mode
[   28.776231] pimreg: left allmulticast mode
[   28.776496] pimreg: left allmulticast mode
[   28.776746] pimreg: left allmulticast mode
[   28.776997] pimreg: left allmulticast mode
[   28.792421] pimreg: entered allmulticast mode
[   28.818620] pimreg: entered allmulticast mode
[   28.846247] pimreg: entered allmulticast mode
[   28.858434] pimreg: entered allmulticast mode
[   28.893788] pimreg: entered allmulticast mode
[   28.906399] pimreg: left allmulticast mode
[   28.906941] pimreg: left allmulticast mode
[   28.907214] pimreg: left allmulticast mode
[   28.907584] pimreg: left allmulticast mode
[   28.907936] pimreg: left allmulticast mode
[   28.917815] pimreg: entered allmulticast mode
[   28.948281] pimreg: entered allmulticast mode
[   28.983797] pimreg: entered allmulticast mode
[   29.002257] pimreg: entered allmulticast mode
[   29.025659] pimreg: entered allmulticast mode
[   29.049971] pimreg: entered allmulticast mode
[   29.082123] pimreg: left allmulticast mode
[   29.082543] pimreg: left allmulticast mode
[   29.082908] pimreg: left allmulticast mode
[   29.084806] pimreg: left allmulticast mode
[   29.085184] pimreg: left allmulticast mode
[   29.085798] pimreg: left allmulticast mode
[   29.095802] pimreg: entered allmulticast mode
[   29.112647] pimreg: entered allmulticast mode
[   29.153805] pimreg: entered allmulticast mode
[   29.167600] pimreg: entered allmulticast mode
[   29.174101] pimreg: left allmulticast mode
[   29.174516] pimreg: left allmulticast mode
[   29.174881] pimreg: left allmulticast mode
[   29.175210] pimreg: left allmulticast mode
[   29.183864] pimreg: entered allmulticast mode
[   29.198443] pimreg: entered allmulticast mode
[   29.217624] pimreg: entered allmulticast mode
[   29.242398] pimreg: entered allmulticast mode
[   29.266381] pimreg: entered allmulticast mode
[   29.286638] pimreg: entered allmulticast mode
[   29.294418] pimreg: left allmulticast mode
[   29.294797] pimreg: left allmulticast mode
[   29.295140] pimreg: left allmulticast mode
[   29.295493] pimreg: left allmulticast mode
[   29.295819] pimreg: left allmulticast mode
[   29.296141] pimreg: left allmulticast mode
[   29.308213] pimreg: entered allmulticast mode
[   29.331702] pimreg: entered allmulticast mode
[   29.355494] pimreg: entered allmulticast mode
[   29.377812] pimreg: entered allmulticast mode
[   29.401560] pimreg: entered allmulticast mode
[   29.426146] pimreg: entered allmulticast mode
[   29.449855] pimreg: entered allmulticast mode
[   29.466617] pimreg: left allmulticast mode
[   29.466997] pimreg: left allmulticast mode
[   29.467619] pimreg: left allmulticast mode
[   29.467999] pimreg: left allmulticast mode
[   29.468372] pimreg: left allmulticast mode
[   29.468707] pimreg: left allmulticast mode
[   29.469017] pimreg: left allmulticast mode
[   29.480735] pimreg: entered allmulticast mode
[   29.510667] pimreg: entered allmulticast mode
[   29.544599] pimreg: entered allmulticast mode
[   29.570059] pimreg: entered allmulticast mode
[   29.585535] pimreg: entered allmulticast mode
[   29.605601] pimreg: entered allmulticast mode
[   29.629915] pimreg: entered allmulticast mode
[   29.650368] pimreg: left allmulticast mode
[   29.650732] pimreg: left allmulticast mode
[   29.651037] pimreg: left allmulticast mode
[   29.651337] pimreg: left allmulticast mode
[   29.652154] pimreg: left allmulticast mode
[   29.652819] pimreg: left allmulticast mode
[   29.653148] pimreg: left allmulticast mode
[   29.665963] pimreg: entered allmulticast mode
[   29.698786] pimreg: entered allmulticast mode
[   29.724359] pimreg: entered allmulticast mode
[   29.742189] pimreg: entered allmulticast mode
[   29.761547] pimreg: entered allmulticast mode
[   29.785970] pimreg: entered allmulticast mode
[   29.805667] pimreg: entered allmulticast mode
[   29.817683] pimreg: entered allmulticast mode
[   29.827123] pimreg: left allmulticast mode
[   29.827567] pimreg: left allmulticast mode
[   29.827949] pimreg: left allmulticast mode
[   29.828341] pimreg: left allmulticast mode
[   29.828721] pimreg: left allmulticast mode
[   29.829082] pimreg: left allmulticast mode
[   29.829531] pimreg: left allmulticast mode
[   29.829940] pimreg: left allmulticast mode
[   29.846402] pimreg: entered allmulticast mode
[   29.871517] pimreg: entered allmulticast mode
[   29.884796] pimreg: entered allmulticast mode
[   29.912685] pimreg: entered allmulticast mode
[   29.933891] pimreg: entered allmulticast mode
[   29.953688] pimreg: entered allmulticast mode
[   29.974317] pimreg: entered allmulticast mode
[   29.998134] pimreg: entered allmulticast mode
[   30.021837] pimreg: entered allmulticast mode
[   30.045759] pimreg: entered allmulticast mode
[   30.046137] pimreg: left allmulticast mode
[   30.046590] pimreg: left allmulticast mode
[   30.046983] pimreg: left allmulticast mode
[   30.047373] pimreg: left allmulticast mode
[   30.047720] pimreg: left allmulticast mode
[   30.048075] pimreg: left allmulticast mode
[   30.048439] pimreg: left allmulticast mode
[   30.048789] pimreg: left allmulticast mode
[   30.049129] pimreg: left allmulticast mode
[   30.064959] pimreg: entered allmulticast mode
[   30.096660] pimreg: entered allmulticast mode
[   30.122445] pimreg: entered allmulticast mode
[   30.141434] pimreg: entered allmulticast mode
[   30.154608] pimreg: entered allmulticast mode
[   30.178162] pimreg: entered allmulticast mode
[   30.198468] pimreg: entered allmulticast mode
[   30.237312] pimreg: entered allmulticast mode
[   30.250851] pimreg: left allmulticast mode
[   30.251302] pimreg: left allmulticast mode
[   30.251610] pimreg: left allmulticast mode
[   30.251868] pimreg: left allmulticast mode
[   30.252216] pimreg: left allmulticast mode
[   30.252558] pimreg: left allmulticast mode
[   30.252919] pimreg: left allmulticast mode
[   30.253233] pimreg: left allmulticast mode
[   30.253625] pimreg: left allmulticast mode
[   30.269378] pimreg: entered allmulticast mode
[   30.291614] pimreg: entered allmulticast mode
[   30.317433] pimreg: entered allmulticast mode
[   30.353738] pimreg: entered allmulticast mode
[   30.377914] pimreg: entered allmulticast mode
[   30.413864] pimreg: entered allmulticast mode
[   30.449868] pimreg: entered allmulticast mode
[   30.474284] pimreg: entered allmulticast mode
[   30.501802] pimreg: entered allmulticast mode
[   30.514757] pimreg: left allmulticast mode
[   30.515123] pimreg: left allmulticast mode
[   30.515535] pimreg: left allmulticast mode
[   30.515864] pimreg: left allmulticast mode
[   30.516236] pimreg: left allmulticast mode
[   30.516580] pimreg: left allmulticast mode
[   30.516919] pimreg: left allmulticast mode
[   30.517245] pimreg: left allmulticast mode
[   30.517626] pimreg: left allmulticast mode
[   30.532686] pimreg: entered allmulticast mode
[   30.560858] pimreg: entered allmulticast mode
[   30.584817] pimreg: entered allmulticast mode
[   30.621699] pimreg: entered allmulticast mode
[   30.654272] pimreg: entered allmulticast mode
[   30.681901] pimreg: entered allmulticast mode
[   30.706149] pimreg: entered allmulticast mode
[   30.749694] pimreg: entered allmulticast mode
[   30.774035] pimreg: entered allmulticast mode
[   30.795159] pimreg: left allmulticast mode
[   30.795586] pimreg: left allmulticast mode
[   30.795925] pimreg: left allmulticast mode
[   30.796270] pimreg: left allmulticast mode
[   30.796643] pimreg: left allmulticast mode
[   30.797004] pimreg: left allmulticast mode
[   30.797336] pimreg: left allmulticast mode
[   30.797723] pimreg: left allmulticast mode
[   30.798103] pimreg: left allmulticast mode
[   30.811380] pimreg: entered allmulticast mode
[   30.843903] pimreg: entered allmulticast mode
[   30.854522] pimreg: entered allmulticast mode
[   30.873319] pimreg: entered allmulticast mode
[   30.897520] pimreg: entered allmulticast mode
[   30.922045] pimreg: entered allmulticast mode
[   30.946109] pimreg: entered allmulticast mode
[   30.970228] pimreg: entered allmulticast mode
[   31.005762] pimreg: entered allmulticast mode
[   31.030013] pimreg: entered allmulticast mode
[   31.035420] pimreg: left allmulticast mode
[   31.035772] pimreg: left allmulticast mode
[   31.036091] pimreg: left allmulticast mode
[   31.036406] pimreg: left allmulticast mode
[   31.036696] pimreg: left allmulticast mode
[   31.036996] pimreg: left allmulticast mode
[   31.037305] pimreg: left allmulticast mode
[   31.038044] pimreg: left allmulticast mode
[   31.038366] pimreg: left allmulticast mode
[   31.038675] pimreg: left allmulticast mode
[   31.054340] pimreg: entered allmulticast mode
[   31.082634] pimreg: entered allmulticast mode
[   31.121059] pimreg: entered allmulticast mode
[   31.150255] pimreg: entered allmulticast mode
[   31.177708] pimreg: entered allmulticast mode
[   31.202502] pimreg: entered allmulticast mode
[   31.229911] pimreg: entered allmulticast mode
[   31.257886] pimreg: entered allmulticast mode
[   31.282072] pimreg: entered allmulticast mode
[   31.306931] pimreg: left allmulticast mode
[   31.307268] pimreg: left allmulticast mode
[   31.307608] pimreg: left allmulticast mode
[   31.307933] pimreg: left allmulticast mode
[   31.308238] pimreg: left allmulticast mode
[   31.308573] pimreg: left allmulticast mode
[   31.308881] pimreg: left allmulticast mode
[   31.309184] pimreg: left allmulticast mode
[   31.309547] pimreg: left allmulticast mode
[   31.323594] pimreg: entered allmulticast mode
[   31.356294] pimreg: entered allmulticast mode
[   31.381178] pimreg: entered allmulticast mode
[   31.402344] pimreg: entered allmulticast mode
[   31.441759] pimreg: entered allmulticast mode
[   31.477916] pimreg: entered allmulticast mode
[   31.502028] pimreg: entered allmulticast mode
[   31.525536] pimreg: entered allmulticast mode
[   31.553926] pimreg: entered allmulticast mode
[   31.578314] pimreg: left allmulticast mode
[   31.578688] pimreg: left allmulticast mode
[   31.578997] pimreg: left allmulticast mode
[   31.579315] pimreg: left allmulticast mode
[   31.579627] pimreg: left allmulticast mode
[   31.580052] pimreg: left allmulticast mode
[   31.580944] pimreg: left allmulticast mode
[   31.582457] pimreg: left allmulticast mode
[   31.582777] pimreg: left allmulticast mode
[   31.596207] pimreg: entered allmulticast mode
[   31.623449] pimreg: entered allmulticast mode
[   31.638523] pimreg: entered allmulticast mode
[   31.678914] pimreg: entered allmulticast mode
[   31.713898] pimreg: entered allmulticast mode
[   31.753977] pimreg: entered allmulticast mode
[   31.777703] pimreg: entered allmulticast mode
[   31.818214] pimreg: entered allmulticast mode
[   31.841537] pimreg: entered allmulticast mode
[   31.854401] pimreg: left allmulticast mode
[   31.854728] pimreg: left allmulticast mode
[   31.854986] pimreg: left allmulticast mode
[   31.855241] pimreg: left allmulticast mode
[   31.855569] pimreg: left allmulticast mode
[   31.855900] pimreg: left allmulticast mode
[   31.856196] pimreg: left allmulticast mode
[   31.856497] pimreg: left allmulticast mode
[   31.856791] pimreg: left allmulticast mode
[   31.871757] pimreg: entered allmulticast mode
[   31.909872] pimreg: entered allmulticast mode
[   31.934010] pimreg: entered allmulticast mode
[   31.958788] pimreg: entered allmulticast mode
[   31.983029] pimreg: entered allmulticast mode
[   31.998377] pimreg: entered allmulticast mode
[   32.017871] pimreg: entered allmulticast mode
[   32.042122] pimreg: entered allmulticast mode
[   32.046757] pimreg: left allmulticast mode
[   32.047105] pimreg: left allmulticast mode
[   32.047387] pimreg: left allmulticast mode
[   32.047645] pimreg: left allmulticast mode
[   32.047895] pimreg: left allmulticast mode
[   32.048415] pimreg: left allmulticast mode
[   32.048864] pimreg: left allmulticast mode
[   32.049180] pimreg: left allmulticast mode
[   32.062937] pimreg: entered allmulticast mode
[   32.094738] pimreg: entered allmulticast mode
[   32.119849] pimreg: entered allmulticast mode
[   32.146945] pimreg: entered allmulticast mode
[   32.169938] pimreg: entered allmulticast mode
[   32.189359] pimreg: entered allmulticast mode
[   32.217740] pimreg: entered allmulticast mode
[   32.230383] pimreg: left allmulticast mode
[   32.230721] pimreg: left allmulticast mode
[   32.230980] pimreg: left allmulticast mode
[   32.231252] pimreg: left allmulticast mode
[   32.231515] pimreg: left allmulticast mode
[   32.232074] pimreg: left allmulticast mode
[   32.232433] pimreg: left allmulticast mode
[   32.245088] pimreg: entered allmulticast mode
[   32.270928] pimreg: entered allmulticast mode
[   32.294678] pimreg: entered allmulticast mode
[   32.306786] pimreg: entered allmulticast mode
[   32.330042] pimreg: entered allmulticast mode
[   32.353800] pimreg: entered allmulticast mode
[   32.366418] pimreg: left allmulticast mode
[   32.366927] pimreg: left allmulticast mode
[   32.367219] pimreg: left allmulticast mode
[   32.367507] pimreg: left allmulticast mode
[   32.367762] pimreg: left allmulticast mode
[   32.368349] pimreg: left allmulticast mode
[   32.380524] pimreg: entered allmulticast mode
[   32.404971] pimreg: entered allmulticast mode
[   32.423641] pimreg: entered allmulticast mode
[   32.447229] pimreg: entered allmulticast mode
[   32.466040] pimreg: left allmulticast mode
[   32.466391] pimreg: left allmulticast mode
[   32.466655] pimreg: left allmulticast mode
[   32.466905] pimreg: left allmulticast mode
[   32.475435] pimreg: entered allmulticast mode
[   32.501841] pimreg: entered allmulticast mode
[   32.540175] pimreg: entered allmulticast mode
[   32.557756] pimreg: entered allmulticast mode
[   32.598137] pimreg: entered allmulticast mode
[   32.625332] pimreg: entered allmulticast mode
[   32.642320] pimreg: left allmulticast mode
[   32.642663] pimreg: left allmulticast mode
[   32.642977] pimreg: left allmulticast mode
[   32.643833] pimreg: left allmulticast mode
[   32.644511] pimreg: left allmulticast mode
[   32.644846] pimreg: left allmulticast mode
[   32.655316] pimreg: entered allmulticast mode
[   32.681306] pimreg: entered allmulticast mode
[   32.704599] pimreg: entered allmulticast mode
[   32.730357] pimreg: entered allmulticast mode
[   32.770373] pimreg: entered allmulticast mode
[   32.797992] pimreg: entered allmulticast mode
[   32.822186] pimreg: entered allmulticast mode
[   32.842291] pimreg: left allmulticast mode
[   32.842649] pimreg: left allmulticast mode
[   32.842915] pimreg: left allmulticast mode
[   32.843168] pimreg: left allmulticast mode
[   32.843956] pimreg: left allmulticast mode
[   32.844252] pimreg: left allmulticast mode
[   32.844516] pimreg: left allmulticast mode
[   32.856151] pimreg: entered allmulticast mode
[   32.869662] pimreg: entered allmulticast mode
[   32.896878] pimreg: entered allmulticast mode
[   32.925807] pimreg: entered allmulticast mode
[   32.957833] pimreg: entered allmulticast mode
[   32.982128] pimreg: entered allmulticast mode
[   33.005905] pimreg: entered allmulticast mode
[   33.030104] pimreg: entered allmulticast mode
[   33.034497] pimreg: left allmulticast mode
[   33.034844] pimreg: left allmulticast mode
[   33.035163] pimreg: left allmulticast mode
[   33.035487] pimreg: left allmulticast mode
[   33.035799] pimreg: left allmulticast mode
[   33.036100] pimreg: left allmulticast mode
[   33.036763] pimreg: left allmulticast mode
[   33.037099] pimreg: left allmulticast mode
[   33.051023] pimreg: entered allmulticast mode
[   33.098545] pimreg: entered allmulticast mode
[   33.120358] pimreg: entered allmulticast mode
[   33.146740] pimreg: entered allmulticast mode
[   33.170129] pimreg: entered allmulticast mode
[   33.193699] pimreg: entered allmulticast mode
[   33.221971] pimreg: entered allmulticast mode
[   33.245549] pimreg: entered allmulticast mode
[   33.270112] pimreg: entered allmulticast mode
[   33.274437] pimreg: left allmulticast mode
[   33.274801] pimreg: left allmulticast mode
[   33.275115] pimreg: left allmulticast mode
[   33.276124] pimreg: left allmulticast mode
[   33.276492] pimreg: left allmulticast mode
[   33.276798] pimreg: left allmulticast mode
[   33.277118] pimreg: left allmulticast mode
[   33.277583] pimreg: left allmulticast mode
[   33.277910] pimreg: left allmulticast mode
[   33.293280] pimreg: entered allmulticast mode
[   33.318780] pimreg: entered allmulticast mode
[   33.331656] pimreg: entered allmulticast mode
[   33.342937] pimreg: entered allmulticast mode
[   33.370131] pimreg: entered allmulticast mode
[   33.374637] pimreg: left allmulticast mode
[   33.374992] pimreg: left allmulticast mode
[   33.375288] pimreg: left allmulticast mode
[   33.375557] pimreg: left allmulticast mode
[   33.375820] pimreg: left allmulticast mode
[   33.386916] pimreg: entered allmulticast mode
[   33.418884] pimreg: entered allmulticast mode
[   33.431155] pimreg: entered allmulticast mode
[   33.453841] pimreg: entered allmulticast mode
[   33.477954] pimreg: entered allmulticast mode
[   33.498355] pimreg: entered allmulticast mode
[   33.514174] pimreg: left allmulticast mode
[   33.514523] pimreg: left allmulticast mode
[   33.514785] pimreg: left allmulticast mode
[   33.515046] pimreg: left allmulticast mode
[   33.515317] pimreg: left allmulticast mode
[   33.516674] pimreg: left allmulticast mode
[   33.526789] pimreg: entered allmulticast mode
[   33.545315] pimreg: entered allmulticast mode
[   33.567259] pimreg: entered allmulticast mode
[   33.590206] pimreg: entered allmulticast mode
[   33.613659] pimreg: entered allmulticast mode
[   33.638011] pimreg: entered allmulticast mode
[   33.665747] pimreg: entered allmulticast mode
[   33.694813] pimreg: left allmulticast mode
[   33.695125] pimreg: left allmulticast mode
[   33.695447] pimreg: left allmulticast mode
[   33.695756] pimreg: left allmulticast mode
[   33.696085] pimreg: left allmulticast mode
[   33.696409] pimreg: left allmulticast mode
[   33.696716] pimreg: left allmulticast mode
[   33.708445] pimreg: entered allmulticast mode
[   33.734336] pimreg: entered allmulticast mode
[   33.757038] pimreg: entered allmulticast mode
[   33.777567] pimreg: entered allmulticast mode
[   33.801921] pimreg: entered allmulticast mode
[   33.821678] pimreg: entered allmulticast mode
[   33.841732] pimreg: entered allmulticast mode
[   33.851025] pimreg: left allmulticast mode
[   33.851631] pimreg: left allmulticast mode
[   33.851923] pimreg: left allmulticast mode
[   33.852193] pimreg: left allmulticast mode
[   33.852450] pimreg: left allmulticast mode
[   33.852750] pimreg: left allmulticast mode
[   33.853058] pimreg: left allmulticast mode
[   33.865097] pimreg: entered allmulticast mode
[   33.897088] pimreg: entered allmulticast mode
[   33.925843] pimreg: entered allmulticast mode
[   33.938688] pimreg: entered allmulticast mode
[   33.962198] pimreg: entered allmulticast mode
[   33.966544] pimreg: left allmulticast mode
[   33.966907] pimreg: left allmulticast mode
[   33.967252] pimreg: left allmulticast mode
[   33.967567] pimreg: left allmulticast mode
[   33.985880] pimreg: entered allmulticast mode
[   34.012228] pimreg: entered allmulticast mode
[   34.030802] pimreg: entered allmulticast mode
[   34.042792] pimreg: entered allmulticast mode
[   34.054281] pimreg: left allmulticast mode
[   34.054607] pimreg: left allmulticast mode
[   34.054864] pimreg: left allmulticast mode
[   34.055164] pimreg: left allmulticast mode
[   34.055490] pimreg: left allmulticast mode
[   34.066658] pimreg: entered allmulticast mode
[   34.089404] pimreg: entered allmulticast mode
[   34.109553] pimreg: entered allmulticast mode
[   34.134836] pimreg: entered allmulticast mode
[   34.150114] pimreg: entered allmulticast mode
[   34.169942] pimreg: entered allmulticast mode
[   34.205572] pimreg: entered allmulticast mode
[   34.210563] pimreg: left allmulticast mode
[   34.210920] pimreg: left allmulticast mode
[   34.211214] pimreg: left allmulticast mode
[   34.211521] pimreg: left allmulticast mode
[   34.211826] pimreg: left allmulticast mode
[   34.212121] pimreg: left allmulticast mode
[   34.212774] pimreg: left allmulticast mode
[   34.225625] pimreg: entered allmulticast mode
[   34.262497] pimreg: entered allmulticast mode
[   34.287531] pimreg: entered allmulticast mode
[   34.313512] pimreg: entered allmulticast mode
[   34.337572] pimreg: entered allmulticast mode
[   34.362029] pimreg: entered allmulticast mode
[   34.381696] pimreg: entered allmulticast mode
[   34.406552] pimreg: entered allmulticast mode
[   34.418784] pimreg: left allmulticast mode
[   34.419087] pimreg: left allmulticast mode
[   34.419343] pimreg: left allmulticast mode
[   34.419617] pimreg: left allmulticast mode
[   34.419921] pimreg: left allmulticast mode
[   34.420223] pimreg: left allmulticast mode
[   34.420525] pimreg: left allmulticast mode
[   34.421412] pimreg: left allmulticast mode
[   34.435613] pimreg: entered allmulticast mode
[   34.458129] pimreg: entered allmulticast mode
[   34.488289] pimreg: entered allmulticast mode
[   34.509869] pimreg: entered allmulticast mode
[   34.529980] pimreg: entered allmulticast mode
[   34.549300] pimreg: entered allmulticast mode
[   34.569278] pimreg: entered allmulticast mode
[   34.594040] pimreg: entered allmulticast mode
[   34.614478] pimreg: left allmulticast mode
[   34.614856] pimreg: left allmulticast mode
[   34.615174] pimreg: left allmulticast mode
[   34.615735] pimreg: left allmulticast mode
[   34.616229] pimreg: left allmulticast mode
[   34.616569] pimreg: left allmulticast mode
[   34.616948] pimreg: left allmulticast mode
[   34.617311] pimreg: left allmulticast mode
[   34.630148] pimreg: entered allmulticast mode
[   34.659406] pimreg: entered allmulticast mode
[   34.672221] pimreg: entered allmulticast mode
[   34.689633] pimreg: entered allmulticast mode
[   34.729919] pimreg: entered allmulticast mode
[   34.769916] pimreg: entered allmulticast mode
[   34.793842] pimreg: entered allmulticast mode
[   34.821732] pimreg: entered allmulticast mode
[   34.858102] pimreg: entered allmulticast mode
[   34.863222] pimreg: left allmulticast mode
[   34.863576] pimreg: left allmulticast mode
[   34.863908] pimreg: left allmulticast mode
[   34.864238] pimreg: left allmulticast mode
[   34.864542] pimreg: left allmulticast mode
[   34.864844] pimreg: left allmulticast mode
[   34.865135] pimreg: left allmulticast mode
[   34.865439] pimreg: left allmulticast mode
[   34.886089] pimreg: entered allmulticast mode
[   34.913415] pimreg: entered allmulticast mode
[   34.931492] pimreg: entered allmulticast mode
[   34.953733] pimreg: entered allmulticast mode
[   34.977527] pimreg: entered allmulticast mode
[   35.001738] pimreg: entered allmulticast mode
[   35.025753] pimreg: entered allmulticast mode
[   35.045376] pimreg: entered allmulticast mode
[   35.066499] pimreg: left allmulticast mode
[   35.066931] pimreg: left allmulticast mode
[   35.067264] pimreg: left allmulticast mode
[   35.067550] pimreg: left allmulticast mode
[   35.067955] pimreg: left allmulticast mode
[   35.068266] pimreg: left allmulticast mode
[   35.068566] pimreg: left allmulticast mode
[   35.068862] pimreg: left allmulticast mode
[   35.069167] pimreg: left allmulticast mode
[   35.083101] pimreg: entered allmulticast mode
[   35.124762] pimreg: entered allmulticast mode
[   35.153975] pimreg: entered allmulticast mode
[   35.178553] pimreg: entered allmulticast mode
[   35.201622] pimreg: entered allmulticast mode
[   35.230063] pimreg: entered allmulticast mode
[   35.253686] pimreg: entered allmulticast mode
[   35.277883] pimreg: entered allmulticast mode
[   35.301550] pimreg: entered allmulticast mode
[   35.314500] pimreg: left allmulticast mode
[   35.315147] pimreg: left allmulticast mode
[   35.315512] pimreg: left allmulticast mode
[   35.315905] pimreg: left allmulticast mode
[   35.316263] pimreg: left allmulticast mode
[   35.316579] pimreg: left allmulticast mode
[   35.316892] pimreg: left allmulticast mode
[   35.317201] pimreg: left allmulticast mode
[   35.317541] pimreg: left allmulticast mode
[   35.332993] pimreg: entered allmulticast mode
[   35.360459] pimreg: entered allmulticast mode
[   35.383308] pimreg: entered allmulticast mode
[   35.399515] pimreg: entered allmulticast mode
[   35.421404] pimreg: entered allmulticast mode
[   35.442237] pimreg: entered allmulticast mode
[   35.465889] pimreg: entered allmulticast mode
[   35.489990] pimreg: entered allmulticast mode
[   35.518232] pimreg: entered allmulticast mode
[   35.542463] pimreg: left allmulticast mode
[   35.542804] pimreg: left allmulticast mode
[   35.543075] pimreg: left allmulticast mode
[   35.543349] pimreg: left allmulticast mode
[   35.543640] pimreg: left allmulticast mode
[   35.543928] pimreg: left allmulticast mode
[   35.544204] pimreg: left allmulticast mode
[   35.544983] pimreg: left allmulticast mode
[   35.545705] pimreg: left allmulticast mode
[   35.560228] pimreg: entered allmulticast mode
[   35.595983] pimreg: entered allmulticast mode
[   35.613876] pimreg: entered allmulticast mode
[   35.627958] pimreg: entered allmulticast mode
[   35.645657] pimreg: entered allmulticast mode
[   35.669560] pimreg: entered allmulticast mode
[   35.693203] pimreg: entered allmulticast mode
[   35.718161] pimreg: entered allmulticast mode
[   35.741512] pimreg: entered allmulticast mode
[   35.765649] pimreg: entered allmulticast mode
[   35.786371] pimreg: left allmulticast mode
[   35.786708] pimreg: left allmulticast mode
[   35.787013] pimreg: left allmulticast mode
[   35.788269] pimreg: left allmulticast mode
[   35.788603] pimreg: left allmulticast mode
[   35.788902] pimreg: left allmulticast mode
[   35.789211] pimreg: left allmulticast mode
[   35.789831] pimreg: left allmulticast mode
[   35.790137] pimreg: left allmulticast mode
[   35.790430] pimreg: left allmulticast mode
[   35.805130] pimreg: entered allmulticast mode
[   35.834370] pimreg: entered allmulticast mode
[   35.848104] pimreg: entered allmulticast mode
[   35.864099] pimreg: entered allmulticast mode
[   35.874784] pimreg: left allmulticast mode
[   35.875413] pimreg: left allmulticast mode
[   35.875723] pimreg: left allmulticast mode
[   35.875973] pimreg: left allmulticast mode
[   35.885620] pimreg: entered allmulticast mode
[   35.913709] pimreg: entered allmulticast mode
[   35.943491] pimreg: entered allmulticast mode
[   35.965241] pimreg: entered allmulticast mode
[   35.990187] pimreg: entered allmulticast mode
[   36.010110] pimreg: entered allmulticast mode
[   36.014024] pimreg: left allmulticast mode
[   36.014401] pimreg: left allmulticast mode
[   36.014760] pimreg: left allmulticast mode
[   36.015137] pimreg: left allmulticast mode
[   36.015490] pimreg: left allmulticast mode
[   36.029011] pimreg: entered allmulticast mode
[   36.051491] pimreg: entered allmulticast mode
[   36.064346] pimreg: entered allmulticast mode
[   36.086700] pimreg: entered allmulticast mode
[   36.109922] pimreg: entered allmulticast mode
[   36.138011] pimreg: entered allmulticast mode
[   36.173920] pimreg: entered allmulticast mode
[   36.178454] pimreg: left allmulticast mode
[   36.178790] pimreg: left allmulticast mode
[   36.179117] pimreg: left allmulticast mode
[   36.179413] pimreg: left allmulticast mode
[   36.179705] pimreg: left allmulticast mode
[   36.180380] pimreg: left allmulticast mode
[   36.180709] pimreg: left allmulticast mode
[   36.181010] pimreg: left allmulticast mode
[   36.194844] pimreg: entered allmulticast mode
[   36.230204] pimreg: entered allmulticast mode
[   36.242223] pimreg: entered allmulticast mode
[   36.261860] pimreg: entered allmulticast mode
[   36.273977] pimreg: entered allmulticast mode
[   36.297344] pimreg: entered allmulticast mode
[   36.321631] pimreg: entered allmulticast mode
[   36.343087] pimreg: entered allmulticast mode
[   36.359502] pimreg: left allmulticast mode
[   36.359887] pimreg: left allmulticast mode
[   36.360293] pimreg: left allmulticast mode
[   36.360676] pimreg: left allmulticast mode
[   36.361715] pimreg: left allmulticast mode
[   36.362068] pimreg: left allmulticast mode
[   36.362385] pimreg: left allmulticast mode
[   36.362679] pimreg: left allmulticast mode
[   36.376998] pimreg: entered allmulticast mode
[   36.391209] pimreg: entered allmulticast mode
[   36.414396] pimreg: entered allmulticast mode
[   36.448998] pimreg: entered allmulticast mode
[   36.461357] pimreg: entered allmulticast mode
[   36.485576] pimreg: entered allmulticast mode
[   36.509817] pimreg: entered allmulticast mode
[   36.534397] pimreg: entered allmulticast mode
[   36.554249] pimreg: entered allmulticast mode
[   36.558614] pimreg: left allmulticast mode
[   36.558961] pimreg: left allmulticast mode
[   36.559317] pimreg: left allmulticast mode
[   36.559653] pimreg: left allmulticast mode
[   36.560022] pimreg: left allmulticast mode
[   36.560657] pimreg: left allmulticast mode
[   36.561043] pimreg: left allmulticast mode
[   36.561413] pimreg: left allmulticast mode
[   36.562198] pimreg: left allmulticast mode
[   36.576896] pimreg: entered allmulticast mode
[   36.599940] pimreg: entered allmulticast mode
[   36.623875] pimreg: entered allmulticast mode
[   36.641523] pimreg: entered allmulticast mode
[   36.665906] pimreg: entered allmulticast mode
[   36.689369] pimreg: entered allmulticast mode
[   36.713884] pimreg: entered allmulticast mode
[   36.737597] pimreg: entered allmulticast mode
[   36.762462] pimreg: entered allmulticast mode
[   36.786053] pimreg: entered allmulticast mode
[   36.790530] pimreg: left allmulticast mode
[   36.790867] pimreg: left allmulticast mode
[   36.791504] pimreg: left allmulticast mode
[   36.791854] pimreg: left allmulticast mode
[   36.792248] pimreg: left allmulticast mode
[   36.792610] pimreg: left allmulticast mode
[   36.792958] pimreg: left allmulticast mode
[   36.793310] pimreg: left allmulticast mode
[   36.793823] pimreg: left allmulticast mode
[   36.794192] pimreg: left allmulticast mode
[   36.810389] pimreg: entered allmulticast mode
[   36.833649] pimreg: entered allmulticast mode
[   36.862985] pimreg: entered allmulticast mode
[   36.881240] pimreg: entered allmulticast mode
[   36.893421] pimreg: entered allmulticast mode
[   36.918226] pimreg: entered allmulticast mode
[   36.941916] pimreg: entered allmulticast mode
[   36.965639] pimreg: entered allmulticast mode
[   36.989836] pimreg: entered allmulticast mode
[   37.018879] pimreg: left allmulticast mode
[   37.019191] pimreg: left allmulticast mode
[   37.019451] pimreg: left allmulticast mode
[   37.019722] pimreg: left allmulticast mode
[   37.020077] pimreg: left allmulticast mode
[   37.020456] pimreg: left allmulticast mode
[   37.020796] pimreg: left allmulticast mode
[   37.021160] pimreg: left allmulticast mode
[   37.021540] pimreg: left allmulticast mode
[   37.035416] pimreg: entered allmulticast mode
[   37.080444] pimreg: entered allmulticast mode
[   37.101697] pimreg: entered allmulticast mode
[   37.121727] pimreg: entered allmulticast mode
[   37.141774] pimreg: entered allmulticast mode
[   37.165528] pimreg: entered allmulticast mode
[   37.189400] pimreg: entered allmulticast mode
[   37.209725] pimreg: entered allmulticast mode
[   37.234696] pimreg: entered allmulticast mode
[   37.235365] pimreg: left allmulticast mode
[   37.235723] pimreg: left allmulticast mode
[   37.236003] pimreg: left allmulticast mode
[   37.236274] pimreg: left allmulticast mode
[   37.236528] pimreg: left allmulticast mode
[   37.236816] pimreg: left allmulticast mode
[   37.237081] pimreg: left allmulticast mode
[   37.237386] pimreg: left allmulticast mode
[   37.250983] pimreg: entered allmulticast mode
[   37.298290] pimreg: entered allmulticast mode
[   37.318151] pimreg: entered allmulticast mode
[   37.342326] pimreg: entered allmulticast mode
[   37.365621] pimreg: entered allmulticast mode
[   37.389342] pimreg: entered allmulticast mode
[   37.413814] pimreg: entered allmulticast mode
[   37.450075] pimreg: entered allmulticast mode
[   37.455541] pimreg: left allmulticast mode
[   37.455888] pimreg: left allmulticast mode
[   37.456178] pimreg: left allmulticast mode
[   37.456433] pimreg: left allmulticast mode
[   37.456740] pimreg: left allmulticast mode
[   37.457044] pimreg: left allmulticast mode
[   37.457362] pimreg: left allmulticast mode
[   37.457722] pimreg: left allmulticast mode
[   37.477570] pimreg: entered allmulticast mode
[   37.502622] pimreg: entered allmulticast mode
[   37.542503] pimreg: entered allmulticast mode
[   37.565903] pimreg: entered allmulticast mode
[   37.589683] pimreg: entered allmulticast mode
[   37.614249] pimreg: entered allmulticast mode
[   37.637714] pimreg: entered allmulticast mode
[   37.673786] pimreg: entered allmulticast mode
[   37.679774] pimreg: left allmulticast mode
[   37.680086] pimreg: left allmulticast mode
[   37.680345] pimreg: left allmulticast mode
[   37.680607] pimreg: left allmulticast mode
[   37.680907] pimreg: left allmulticast mode
[   37.681224] pimreg: left allmulticast mode
[   37.682025] pimreg: left allmulticast mode
[   37.682346] pimreg: left allmulticast mode
[   37.682648] pimreg: left allmulticast mode
[   37.697513] pimreg: entered allmulticast mode
[   37.720341] pimreg: entered allmulticast mode
[   37.743951] pimreg: entered allmulticast mode
[   37.772135] pimreg: entered allmulticast mode
[   37.797313] pimreg: entered allmulticast mode
[   37.821910] pimreg: entered allmulticast mode
[   37.849934] pimreg: entered allmulticast mode
[   37.874209] pimreg: entered allmulticast mode
[   37.906160] pimreg: entered allmulticast mode
[   37.911519] pimreg: left allmulticast mode
[   37.911888] pimreg: left allmulticast mode
[   37.912190] pimreg: left allmulticast mode
[   37.912449] pimreg: left allmulticast mode
[   37.912752] pimreg: left allmulticast mode
[   37.913083] pimreg: left allmulticast mode
[   37.913380] pimreg: left allmulticast mode
[   37.913753] pimreg: left allmulticast mode
[   37.934062] pimreg: entered allmulticast mode
[   37.958057] pimreg: entered allmulticast mode
[   37.989148] pimreg: entered allmulticast mode
[   38.002719] pimreg: entered allmulticast mode
[   38.025386] pimreg: entered allmulticast mode
[   38.050755] pimreg: entered allmulticast mode
[   38.051302] pimreg: left allmulticast mode
[   38.051662] pimreg: left allmulticast mode
[   38.051945] pimreg: left allmulticast mode
[   38.052265] pimreg: left allmulticast mode
[   38.052571] pimreg: left allmulticast mode
[   38.052920] pimreg: left allmulticast mode
[   38.063797] pimreg: entered allmulticast mode
[   38.081836] pimreg: entered allmulticast mode
[   38.106719] pimreg: entered allmulticast mode
[   38.130081] pimreg: entered allmulticast mode
[   38.154450] pimreg: entered allmulticast mode
[   38.177736] pimreg: entered allmulticast mode
[   38.202029] pimreg: entered allmulticast mode
[   38.218727] pimreg: left allmulticast mode
[   38.219522] pimreg: left allmulticast mode
[   38.219820] pimreg: left allmulticast mode
[   38.220171] pimreg: left allmulticast mode
[   38.220476] pimreg: left allmulticast mode
[   38.220778] pimreg: left allmulticast mode
[   38.221096] pimreg: left allmulticast mode
[   38.221414] pimreg: left allmulticast mode
[   38.235241] pimreg: entered allmulticast mode
[   38.266492] pimreg: entered allmulticast mode
[   38.290458] pimreg: entered allmulticast mode
[   38.314328] pimreg: entered allmulticast mode
[   38.330250] pimreg: entered allmulticast mode
[   38.349809] pimreg: entered allmulticast mode
[   38.374795] pimreg: entered allmulticast mode
[   38.393641] pimreg: entered allmulticast mode
[   38.419026] pimreg: entered allmulticast mode
[   38.419386] pimreg: left allmulticast mode
[   38.419782] pimreg: left allmulticast mode
[   38.420136] pimreg: left allmulticast mode
[   38.420679] pimreg: left allmulticast mode
[   38.421367] pimreg: left allmulticast mode
[   38.421802] pimreg: left allmulticast mode
[   38.422143] pimreg: left allmulticast mode
[   38.422438] pimreg: left allmulticast mode
[   38.437774] pimreg: entered allmulticast mode
[   38.464348] pimreg: entered allmulticast mode
[   38.487487] pimreg: entered allmulticast mode
[   38.510912] pimreg: entered allmulticast mode
[   38.530191] pimreg: entered allmulticast mode
[   38.554090] pimreg: entered allmulticast mode
[   38.582350] pimreg: entered allmulticast mode
[   38.586469] pimreg: left allmulticast mode
[   38.586855] pimreg: left allmulticast mode
[   38.587188] pimreg: left allmulticast mode
[   38.587493] pimreg: left allmulticast mode
[   38.587796] pimreg: left allmulticast mode
[   38.588104] pimreg: left allmulticast mode
[   38.588777] pimreg: left allmulticast mode
[   38.589127] pimreg: left allmulticast mode
[   38.603109] pimreg: entered allmulticast mode
[   38.634837] pimreg: entered allmulticast mode
[   38.649613] pimreg: entered allmulticast mode
[   38.677195] pimreg: entered allmulticast mode
[   38.690116] pimreg: entered allmulticast mode
[   38.714111] pimreg: entered allmulticast mode
[   38.738359] pimreg: entered allmulticast mode
[   38.755897] pimreg: entered allmulticast mode
[   38.763433] pimreg: left allmulticast mode
[   38.763783] pimreg: left allmulticast mode
[   38.764113] pimreg: left allmulticast mode
[   38.764425] pimreg: left allmulticast mode
[   38.764720] pimreg: left allmulticast mode
[   38.765032] pimreg: left allmulticast mode
[   38.766096] pimreg: left allmulticast mode
[   38.766782] pimreg: left allmulticast mode
[   38.781254] pimreg: entered allmulticast mode
[   38.816312] pimreg: entered allmulticast mode
[   38.834445] pimreg: entered allmulticast mode
[   38.865550] pimreg: entered allmulticast mode
[   38.890183] pimreg: entered allmulticast mode
[   38.917961] pimreg: entered allmulticast mode
[   38.946525] pimreg: entered allmulticast mode
[   38.966011] pimreg: entered allmulticast mode
[   38.970378] pimreg: left allmulticast mode
[   38.970762] pimreg: left allmulticast mode
[   38.971088] pimreg: left allmulticast mode
[   38.971395] pimreg: left allmulticast mode
[   38.971685] pimreg: left allmulticast mode
[   38.972399] pimreg: left allmulticast mode
[   38.972770] pimreg: left allmulticast mode
[   38.985869] pimreg: entered allmulticast mode
[   39.015158] pimreg: entered allmulticast mode
[   39.026754] pimreg: entered allmulticast mode
[   39.046498] pimreg: entered allmulticast mode
[   39.073845] pimreg: entered allmulticast mode
[   39.106006] pimreg: entered allmulticast mode
[   39.130172] pimreg: entered allmulticast mode
[   39.165717] pimreg: entered allmulticast mode
[   39.171156] pimreg: left allmulticast mode
[   39.171514] pimreg: left allmulticast mode
[   39.171787] pimreg: left allmulticast mode
[   39.172070] pimreg: left allmulticast mode
[   39.172322] pimreg: left allmulticast mode
[   39.172576] pimreg: left allmulticast mode
[   39.172881] pimreg: left allmulticast mode
[   39.173193] pimreg: left allmulticast mode
[   39.194173] pimreg: entered allmulticast mode
[   39.222127] pimreg: entered allmulticast mode
[   39.239339] pimreg: entered allmulticast mode
[   39.262358] pimreg: entered allmulticast mode
[   39.298288] pimreg: left allmulticast mode
[   39.298633] pimreg: left allmulticast mode
[   39.298899] pimreg: left allmulticast mode
[   39.300079] pimreg: left allmulticast mode
[   39.300399] pimreg: left allmulticast mode
[   39.309500] pimreg: entered allmulticast mode
[   39.327144] pimreg: entered allmulticast mode
[   39.339886] pimreg: entered allmulticast mode
[   39.362067] pimreg: entered allmulticast mode
[   39.386151] pimreg: entered allmulticast mode
[   39.409924] pimreg: entered allmulticast mode
[   39.430954] pimreg: left allmulticast mode
[   39.431270] pimreg: left allmulticast mode
[   39.431524] pimreg: left allmulticast mode
[   39.431839] pimreg: left allmulticast mode
[   39.432173] pimreg: left allmulticast mode
[   39.432493] pimreg: left allmulticast mode
[   39.442923] pimreg: entered allmulticast mode
[   39.477232] pimreg: entered allmulticast mode
[   39.498009] pimreg: entered allmulticast mode
[   39.522621] pimreg: entered allmulticast mode
[   39.545638] pimreg: entered allmulticast mode
[   39.569631] pimreg: entered allmulticast mode
[   39.593480] pimreg: entered allmulticast mode
[   39.610734] pimreg: left allmulticast mode
[   39.611084] pimreg: left allmulticast mode
[   39.611346] pimreg: left allmulticast mode
[   39.611649] pimreg: left allmulticast mode
[   39.611948] pimreg: left allmulticast mode
[   39.612264] pimreg: left allmulticast mode
[   39.612559] pimreg: left allmulticast mode
[   39.624034] pimreg: entered allmulticast mode
[   39.653669] pimreg: entered allmulticast mode
[   39.680425] pimreg: entered allmulticast mode
[   39.697895] pimreg: entered allmulticast mode
[   39.709669] pimreg: entered allmulticast mode
[   39.730692] pimreg: entered allmulticast mode
[   39.750200] pimreg: entered allmulticast mode
[   39.770406] pimreg: entered allmulticast mode
[   39.779202] pimreg: left allmulticast mode
[   39.779553] pimreg: left allmulticast mode
[   39.779820] pimreg: left allmulticast mode
[   39.780092] pimreg: left allmulticast mode
[   39.780341] pimreg: left allmulticast mode
[   39.780639] pimreg: left allmulticast mode
[   39.780937] pimreg: left allmulticast mode
[   39.781257] pimreg: left allmulticast mode
[   39.797904] pimreg: entered allmulticast mode
[   39.830381] pimreg: entered allmulticast mode
[   39.852441] pimreg: entered allmulticast mode
[   39.870791] pimreg: entered allmulticast mode
[   39.882763] pimreg: entered allmulticast mode
[   39.910482] pimreg: entered allmulticast mode
[   39.926140] pimreg: entered allmulticast mode
[   39.946146] pimreg: entered allmulticast mode
[   39.965389] pimreg: entered allmulticast mode
[   39.970989] pimreg: left allmulticast mode
[   39.971320] pimreg: left allmulticast mode
[   39.971629] pimreg: left allmulticast mode
[   39.971924] pimreg: left allmulticast mode
[   39.972245] pimreg: left allmulticast mode
[   39.972818] pimreg: left allmulticast mode
[   39.973154] pimreg: left allmulticast mode
[   39.973533] pimreg: left allmulticast mode
[   39.993921] pimreg: entered allmulticast mode
[   40.017935] pimreg: entered allmulticast mode
[   40.040181] pimreg: entered allmulticast mode
[   40.062365] pimreg: entered allmulticast mode
[   40.074343] pimreg: entered allmulticast mode
[   40.102152] pimreg: entered allmulticast mode
[   40.122412] pimreg: entered allmulticast mode
[   40.145079] pimreg: left allmulticast mode
[   40.145420] pimreg: left allmulticast mode
[   40.145744] pimreg: left allmulticast mode
[   40.146019] pimreg: left allmulticast mode
[   40.146269] pimreg: left allmulticast mode
[   40.147040] pimreg: left allmulticast mode
[   40.147516] pimreg: left allmulticast mode
[   40.147848] pimreg: left allmulticast mode
[   40.159928] pimreg: entered allmulticast mode
[   40.177541] pimreg: entered allmulticast mode
[   40.197585] pimreg: entered allmulticast mode
[   40.218383] pimreg: entered allmulticast mode
[   40.242248] pimreg: entered allmulticast mode
[   40.269366] pimreg: entered allmulticast mode
[   40.297354] pimreg: entered allmulticast mode
[   40.322027] pimreg: entered allmulticast mode
[   40.343274] pimreg: entered allmulticast mode
[   40.351050] pimreg: left allmulticast mode
[   40.351386] pimreg: left allmulticast mode
[   40.351671] pimreg: left allmulticast mode
[   40.351991] pimreg: left allmulticast mode
[   40.352299] pimreg: left allmulticast mode
[   40.353112] pimreg: left allmulticast mode
[   40.353542] pimreg: left allmulticast mode
[   40.353844] pimreg: left allmulticast mode
[   40.354770] pimreg: left allmulticast mode
[   40.369241] pimreg: entered allmulticast mode
[   40.400921] pimreg: entered allmulticast mode
[   40.421824] pimreg: entered allmulticast mode
[   40.450787] pimreg: entered allmulticast mode
[   40.477615] pimreg: entered allmulticast mode
[   40.502261] pimreg: entered allmulticast mode
[   40.546829] pimreg: left allmulticast mode
[   40.547149] pimreg: left allmulticast mode
[   40.547457] pimreg: left allmulticast mode
[   40.547773] pimreg: left allmulticast mode
[   40.548089] pimreg: left allmulticast mode
[   40.548400] pimreg: left allmulticast mode
[   40.558727] pimreg: entered allmulticast mode
[   40.576348] pimreg: entered allmulticast mode
[   40.586550] pimreg: entered allmulticast mode
[   40.610432] pimreg: entered allmulticast mode
[   40.629430] pimreg: entered allmulticast mode
[   40.650007] pimreg: entered allmulticast mode
[   40.685565] pimreg: entered allmulticast mode
[   40.698502] pimreg: left allmulticast mode
[   40.698829] pimreg: left allmulticast mode
[   40.699170] pimreg: left allmulticast mode
[   40.699482] pimreg: left allmulticast mode
[   40.699799] pimreg: left allmulticast mode
[   40.700115] pimreg: left allmulticast mode
[   40.700423] pimreg: left allmulticast mode
[   40.714067] pimreg: entered allmulticast mode
[   40.749778] pimreg: entered allmulticast mode
[   40.764752] pimreg: entered allmulticast mode
[   40.785321] pimreg: entered allmulticast mode
[   40.810805] pimreg: entered allmulticast mode
[   40.834076] pimreg: entered allmulticast mode
[   40.858628] pimreg: entered allmulticast mode
[   40.874135] pimreg: entered allmulticast mode
[   40.878412] pimreg: left allmulticast mode
[   40.878799] pimreg: left allmulticast mode
[   40.879127] pimreg: left allmulticast mode
[   40.879434] pimreg: left allmulticast mode
[   40.879751] pimreg: left allmulticast mode
[   40.880105] pimreg: left allmulticast mode
[   40.880428] pimreg: left allmulticast mode
[   40.880726] pimreg: left allmulticast mode
[   40.895355] pimreg: entered allmulticast mode
[   40.919389] pimreg: entered allmulticast mode
[   40.945008] pimreg: entered allmulticast mode
[   40.978827] pimreg: entered allmulticast mode
[   40.993834] pimreg: entered allmulticast mode
[   41.013612] pimreg: entered allmulticast mode
[   41.037679] pimreg: entered allmulticast mode
[   41.061726] pimreg: entered allmulticast mode
[   41.070544] pimreg: left allmulticast mode
[   41.070898] pimreg: left allmulticast mode
[   41.071196] pimreg: left allmulticast mode
[   41.071455] pimreg: left allmulticast mode
[   41.071718] pimreg: left allmulticast mode
[   41.071984] pimreg: left allmulticast mode
[   41.072287] pimreg: left allmulticast mode
[   41.072589] pimreg: left allmulticast mode
[   41.085980] pimreg: entered allmulticast mode
[   41.107348] pimreg: entered allmulticast mode
[   41.130620] pimreg: entered allmulticast mode
[   41.166066] pimreg: entered allmulticast mode
[   41.185946] pimreg: entered allmulticast mode
[   41.205232] pimreg: entered allmulticast mode
[   41.229579] pimreg: entered allmulticast mode
[   41.254287] pimreg: entered allmulticast mode
[   41.273400] pimreg: entered allmulticast mode
[   41.278870] pimreg: left allmulticast mode
[   41.279195] pimreg: left allmulticast mode
[   41.279458] pimreg: left allmulticast mode
[   41.279712] pimreg: left allmulticast mode
[   41.279984] pimreg: left allmulticast mode
[   41.280233] pimreg: left allmulticast mode
[   41.280534] pimreg: left allmulticast mode
[   41.280835] pimreg: left allmulticast mode
[   41.301880] pimreg: entered allmulticast mode
[   41.326009] pimreg: entered allmulticast mode
[   41.354063] pimreg: entered allmulticast mode
[   41.378128] pimreg: entered allmulticast mode
[   41.406614] pimreg: entered allmulticast mode
[   41.421700] pimreg: entered allmulticast mode
[   41.441649] pimreg: entered allmulticast mode
[   41.466559] pimreg: entered allmulticast mode
[   41.467363] pimreg: left allmulticast mode
[   41.467731] pimreg: left allmulticast mode
[   41.468113] pimreg: left allmulticast mode
[   41.468649] pimreg: left allmulticast mode
[   41.469005] pimreg: left allmulticast mode
[   41.469321] pimreg: left allmulticast mode
[   41.469692] pimreg: left allmulticast mode
[   41.470347] pimreg: left allmulticast mode
[   41.486934] pimreg: entered allmulticast mode
[   41.511967] pimreg: entered allmulticast mode
[   41.535090] pimreg: entered allmulticast mode
[   41.558687] pimreg: entered allmulticast mode
[   41.578467] pimreg: entered allmulticast mode
[   41.606122] pimreg: entered allmulticast mode
[   41.629862] pimreg: entered allmulticast mode
[   41.657342] pimreg: entered allmulticast mode
[   41.686006] pimreg: entered allmulticast mode
[   41.690519] pimreg: left allmulticast mode
[   41.690912] pimreg: left allmulticast mode
[   41.691239] pimreg: left allmulticast mode
[   41.691559] pimreg: left allmulticast mode
[   41.691856] pimreg: left allmulticast mode
[   41.692167] pimreg: left allmulticast mode
[   41.693088] pimreg: left allmulticast mode
[   41.693415] pimreg: left allmulticast mode
[   41.694133] pimreg: left allmulticast mode
[   41.694449] pimreg: left allmulticast mode
[   41.710960] pimreg: entered allmulticast mode
[   41.734716] pimreg: entered allmulticast mode
[   41.771569] pimreg: entered allmulticast mode
[   41.795106] pimreg: entered allmulticast mode
[   41.813941] pimreg: entered allmulticast mode
[   41.838221] pimreg: entered allmulticast mode
[   41.861905] pimreg: entered allmulticast mode
[   41.886080] pimreg: entered allmulticast mode
[   41.910158] pimreg: entered allmulticast mode
[   41.933536] pimreg: entered allmulticast mode
[   41.946526] pimreg: left allmulticast mode
[   41.947156] pimreg: left allmulticast mode
[   41.947437] pimreg: left allmulticast mode
[   41.947706] pimreg: left allmulticast mode
[   41.947972] pimreg: left allmulticast mode
[   41.948278] pimreg: left allmulticast mode
[   41.948594] pimreg: left allmulticast mode
[   41.948921] pimreg: left allmulticast mode
[   41.949225] pimreg: left allmulticast mode
[   41.949543] pimreg: left allmulticast mode
[   41.966010] pimreg: entered allmulticast mode
[   42.015432] pimreg: entered allmulticast mode
[   42.050289] pimreg: entered allmulticast mode
[   42.062624] pimreg: entered allmulticast mode
[   42.086081] pimreg: entered allmulticast mode
[   42.109585] pimreg: entered allmulticast mode
[   42.133938] pimreg: entered allmulticast mode
[   42.158083] pimreg: entered allmulticast mode
[   42.181862] pimreg: entered allmulticast mode
[   42.186755] pimreg: left allmulticast mode
[   42.187162] pimreg: left allmulticast mode
[   42.187467] pimreg: left allmulticast mode
[   42.187786] pimreg: left allmulticast mode
[   42.188097] pimreg: left allmulticast mode
[   42.188963] pimreg: left allmulticast mode
[   42.189308] pimreg: left allmulticast mode
[   42.189662] pimreg: left allmulticast mode
[   42.189976] pimreg: left allmulticast mode
[   42.205087] pimreg: entered allmulticast mode
[   42.238779] pimreg: entered allmulticast mode
[   42.265361] pimreg: entered allmulticast mode
[   42.278362] pimreg: entered allmulticast mode
[   42.297803] pimreg: entered allmulticast mode
[   42.317536] pimreg: entered allmulticast mode
[   42.341405] pimreg: entered allmulticast mode
[   42.365130] pimreg: entered allmulticast mode
[   42.390608] pimreg: entered allmulticast mode
[   42.391021] pimreg: left allmulticast mode
[   42.391415] pimreg: left allmulticast mode
[   42.391742] pimreg: left allmulticast mode
[   42.392064] pimreg: left allmulticast mode
[   42.392355] pimreg: left allmulticast mode
[   42.392665] pimreg: left allmulticast mode
[   42.392976] pimreg: left allmulticast mode
[   42.393262] pimreg: left allmulticast mode
[   42.408304] pimreg: entered allmulticast mode
[   42.426426] pimreg: entered allmulticast mode
[   42.450990] pimreg: entered allmulticast mode
[   42.461837] pimreg: entered allmulticast mode
[   42.481767] pimreg: entered allmulticast mode
[   42.501988] pimreg: entered allmulticast mode
[   42.526685] pimreg: left allmulticast mode
[   42.526993] pimreg: left allmulticast mode
[   42.527257] pimreg: left allmulticast mode
[   42.527540] pimreg: left allmulticast mode
[   42.527844] pimreg: left allmulticast mode
[   42.528185] pimreg: left allmulticast mode
[   42.528500] pimreg: left allmulticast mode
[   42.539803] pimreg: entered allmulticast mode
[   42.558280] pimreg: entered allmulticast mode
[   42.571201] pimreg: entered allmulticast mode
[   42.593923] pimreg: entered allmulticast mode
[   42.613576] pimreg: entered allmulticast mode
[   42.633607] pimreg: entered allmulticast mode
[   42.657352] pimreg: entered allmulticast mode
[   42.682485] pimreg: entered allmulticast mode
[   42.699814] pimreg: left allmulticast mode
[   42.700168] pimreg: left allmulticast mode
[   42.700448] pimreg: left allmulticast mode
[   42.700719] pimreg: left allmulticast mode
[   42.700988] pimreg: left allmulticast mode
[   42.701262] pimreg: left allmulticast mode
[   42.701559] pimreg: left allmulticast mode
[   42.701807] pimreg: left allmulticast mode
[   42.714073] pimreg: entered allmulticast mode
[   42.746768] pimreg: entered allmulticast mode
[   42.770242] pimreg: entered allmulticast mode
[   42.794313] pimreg: entered allmulticast mode
[   42.814285] pimreg: entered allmulticast mode
[   42.838672] pimreg: entered allmulticast mode
[   42.861821] pimreg: entered allmulticast mode
[   42.886311] pimreg: entered allmulticast mode
[   42.909713] pimreg: entered allmulticast mode
[   42.914557] pimreg: left allmulticast mode
[   42.914950] pimreg: left allmulticast mode
[   42.915264] pimreg: left allmulticast mode
[   42.915572] pimreg: left allmulticast mode
[   42.916171] pimreg: left allmulticast mode
[   42.916607] pimreg: left allmulticast mode
[   42.916936] pimreg: left allmulticast mode
[   42.917258] pimreg: left allmulticast mode
[   42.918034] pimreg: left allmulticast mode
[   42.932814] pimreg: entered allmulticast mode
[   42.982977] pimreg: entered allmulticast mode
[   42.994541] pimreg: entered allmulticast mode
[   43.014754] pimreg: entered allmulticast mode
[   43.038184] pimreg: entered allmulticast mode
[   43.062025] pimreg: entered allmulticast mode
[   43.094084] pimreg: entered allmulticast mode
[   43.117974] pimreg: entered allmulticast mode
[   43.154020] pimreg: entered allmulticast mode
[   43.174396] pimreg: left allmulticast mode
[   43.174743] pimreg: left allmulticast mode
[   43.175573] pimreg: left allmulticast mode
[   43.176090] pimreg: left allmulticast mode
[   43.176404] pimreg: left allmulticast mode
[   43.176704] pimreg: left allmulticast mode
[   43.177025] pimreg: left allmulticast mode
[   43.177331] pimreg: left allmulticast mode
[   43.177688] pimreg: left allmulticast mode
[   43.191476] pimreg: entered allmulticast mode
[   43.216541] pimreg: entered allmulticast mode
[   43.234649] pimreg: entered allmulticast mode
[   43.257737] pimreg: entered allmulticast mode
[   43.286105] pimreg: entered allmulticast mode
[   43.325613] pimreg: entered allmulticast mode
[   43.365970] pimreg: entered allmulticast mode
[   43.394192] pimreg: entered allmulticast mode
[   43.422071] pimreg: entered allmulticast mode
[   43.446802] pimreg: left allmulticast mode
[   43.447169] pimreg: left allmulticast mode
[   43.447697] pimreg: left allmulticast mode
[   43.448398] pimreg: left allmulticast mode
[   43.448752] pimreg: left allmulticast mode
[   43.449101] pimreg: left allmulticast mode
[   43.449413] pimreg: left allmulticast mode
[   43.450186] pimreg: left allmulticast mode
[   43.450509] pimreg: left allmulticast mode
[   43.463813] pimreg: entered allmulticast mode
[   43.483952] pimreg: entered allmulticast mode
[   43.505829] pimreg: entered allmulticast mode
[   43.529965] pimreg: entered allmulticast mode
[   43.554491] pimreg: entered allmulticast mode
[   43.573218] pimreg: entered allmulticast mode
[   43.597308] pimreg: entered allmulticast mode
[   43.621603] pimreg: entered allmulticast mode
[   43.646310] pimreg: entered allmulticast mode
[   43.662618] pimreg: left allmulticast mode
[   43.662957] pimreg: left allmulticast mode
[   43.663658] pimreg: left allmulticast mode
[   43.664380] pimreg: left allmulticast mode
[   43.664731] pimreg: left allmulticast mode
[   43.665050] pimreg: left allmulticast mode
[   43.665347] pimreg: left allmulticast mode
[   43.665692] pimreg: left allmulticast mode
[   43.666042] pimreg: left allmulticast mode
[   43.680548] pimreg: entered allmulticast mode
[   43.701643] pimreg: entered allmulticast mode
[   43.717736] pimreg: entered allmulticast mode
[   43.730435] pimreg: entered allmulticast mode
[   43.745777] pimreg: entered allmulticast mode
[   43.766461] pimreg: entered allmulticast mode
[   43.790049] pimreg: entered allmulticast mode
[   43.802440] pimreg: left allmulticast mode
[   43.802774] pimreg: left allmulticast mode
[   43.803055] pimreg: left allmulticast mode
[   43.803318] pimreg: left allmulticast mode
[   43.803574] pimreg: left allmulticast mode
[   43.803856] pimreg: left allmulticast mode
[   43.804153] pimreg: left allmulticast mode
[   43.816433] pimreg: entered allmulticast mode
[   43.845070] pimreg: entered allmulticast mode
[   43.870333] pimreg: entered allmulticast mode
[   43.882616] pimreg: entered allmulticast mode
[   43.913905] pimreg: entered allmulticast mode
[   43.942000] pimreg: entered allmulticast mode
[   43.970046] pimreg: entered allmulticast mode
[   43.975511] pimreg: left allmulticast mode
[   43.975839] pimreg: left allmulticast mode
[   43.976099] pimreg: left allmulticast mode
[   43.976349] pimreg: left allmulticast mode
[   43.976631] pimreg: left allmulticast mode
[   43.979064] pimreg: left allmulticast mode
[   43.979400] pimreg: left allmulticast mode
[   43.991851] pimreg: entered allmulticast mode
[   44.033531] pimreg: entered allmulticast mode
[   44.054489] pimreg: entered allmulticast mode
[   44.065576] pimreg: entered allmulticast mode
[   44.085935] pimreg: entered allmulticast mode
[   44.109819] pimreg: entered allmulticast mode
[   44.134155] pimreg: entered allmulticast mode
[   44.154569] pimreg: left allmulticast mode
[   44.154995] pimreg: left allmulticast mode
[   44.155265] pimreg: left allmulticast mode
[   44.155551] pimreg: left allmulticast mode
[   44.155838] pimreg: left allmulticast mode
[   44.156102] pimreg: left allmulticast mode
[   44.156352] pimreg: left allmulticast mode
[   44.167855] pimreg: entered allmulticast mode
[   44.197856] pimreg: entered allmulticast mode
[   44.224908] pimreg: entered allmulticast mode
[   44.247106] pimreg: entered allmulticast mode
[   44.270052] pimreg: entered allmulticast mode
[   44.294307] pimreg: entered allmulticast mode
[   44.314376] pimreg: left allmulticast mode
[   44.314706] pimreg: left allmulticast mode
[   44.315023] pimreg: left allmulticast mode
[   44.315353] pimreg: left allmulticast mode
[   44.317433] pimreg: left allmulticast mode
[   44.318111] pimreg: left allmulticast mode
[   44.329009] pimreg: entered allmulticast mode
[   44.354038] pimreg: entered allmulticast mode
[   44.377254] pimreg: entered allmulticast mode
[   44.398101] pimreg: entered allmulticast mode
[   44.422061] pimreg: entered allmulticast mode
[   44.449746] pimreg: entered allmulticast mode
[   44.473761] pimreg: entered allmulticast mode
[   44.494203] pimreg: left allmulticast mode
[   44.494547] pimreg: left allmulticast mode
[   44.494885] pimreg: left allmulticast mode
[   44.495213] pimreg: left allmulticast mode
[   44.495545] pimreg: left allmulticast mode
[   44.495875] pimreg: left allmulticast mode
[   44.496181] pimreg: left allmulticast mode
[   44.507664] pimreg: entered allmulticast mode
[   44.533643] pimreg: entered allmulticast mode
[   44.554499] pimreg: entered allmulticast mode
[   44.570531] pimreg: entered allmulticast mode
[   44.593808] pimreg: entered allmulticast mode
[   44.613902] pimreg: entered allmulticast mode
[   44.619120] pimreg: left allmulticast mode
[   44.619486] pimreg: left allmulticast mode
[   44.619833] pimreg: left allmulticast mode
[   44.620153] pimreg: left allmulticast mode
[   44.620465] pimreg: left allmulticast mode
[   44.630375] pimreg: entered allmulticast mode
[   44.659976] pimreg: entered allmulticast mode
[   44.687319] pimreg: entered allmulticast mode
[   44.710409] pimreg: entered allmulticast mode
[   44.725893] pimreg: entered allmulticast mode
[   44.745406] pimreg: entered allmulticast mode
[   44.766983] pimreg: entered allmulticast mode
[   44.767352] pimreg: left allmulticast mode
[   44.767749] pimreg: left allmulticast mode
[   44.768104] pimreg: left allmulticast mode
[   44.768421] pimreg: left allmulticast mode
[   44.768718] pimreg: left allmulticast mode
[   44.769036] pimreg: left allmulticast mode
[   44.769328] pimreg: left allmulticast mode
[   44.782022] pimreg: entered allmulticast mode
[   44.805823] pimreg: entered allmulticast mode
[   44.832404] pimreg: entered allmulticast mode
[   44.853875] pimreg: entered allmulticast mode
[   44.877987] pimreg: entered allmulticast mode
[   44.894072] pimreg: entered allmulticast mode
[   44.895347] pimreg: left allmulticast mode
[   44.895674] pimreg: left allmulticast mode
[   44.895998] pimreg: left allmulticast mode
[   44.896296] pimreg: left allmulticast mode
[   44.896587] pimreg: left allmulticast mode
[   44.896884] pimreg: left allmulticast mode
[   44.913677] pimreg: entered allmulticast mode
[   44.939103] pimreg: entered allmulticast mode
[   44.957827] pimreg: entered allmulticast mode
[   44.982212] pimreg: entered allmulticast mode
[   45.005908] pimreg: entered allmulticast mode
[   45.037792] pimreg: entered allmulticast mode
[   45.062274] pimreg: entered allmulticast mode
[   45.066896] pimreg: left allmulticast mode
[   45.067247] pimreg: left allmulticast mode
[   45.067566] pimreg: left allmulticast mode
[   45.067890] pimreg: left allmulticast mode
[   45.068191] pimreg: left allmulticast mode
[   45.068490] pimreg: left allmulticast mode
[   45.068788] pimreg: left allmulticast mode
[   45.089643] pimreg: entered allmulticast mode
[   45.111974] pimreg: entered allmulticast mode
[   45.137146] pimreg: entered allmulticast mode
[   45.149654] pimreg: entered allmulticast mode
[   45.169599] pimreg: entered allmulticast mode
[   45.189790] pimreg: entered allmulticast mode
[   45.215199] pimreg: entered allmulticast mode
[   45.227180] pimreg: left allmulticast mode
[   45.227519] pimreg: left allmulticast mode
[   45.227782] pimreg: left allmulticast mode
[   45.228034] pimreg: left allmulticast mode
[   45.228341] pimreg: left allmulticast mode
[   45.228678] pimreg: left allmulticast mode
[   45.228983] pimreg: left allmulticast mode
[   45.241718] pimreg: entered allmulticast mode
[   45.273694] pimreg: entered allmulticast mode
[   45.288621] pimreg: entered allmulticast mode
[   45.317986] pimreg: entered allmulticast mode
[   45.341502] pimreg: entered allmulticast mode
[   45.370267] pimreg: entered allmulticast mode
[   45.398108] pimreg: entered allmulticast mode
[   45.421741] pimreg: entered allmulticast mode
[   45.427184] pimreg: left allmulticast mode
[   45.427785] pimreg: left allmulticast mode
[   45.428064] pimreg: left allmulticast mode
[   45.428315] pimreg: left allmulticast mode
[   45.428566] pimreg: left allmulticast mode
[   45.428867] pimreg: left allmulticast mode
[   45.429173] pimreg: left allmulticast mode
[   45.429522] pimreg: left allmulticast mode
[   45.449931] pimreg: entered allmulticast mode
[   45.473859] pimreg: entered allmulticast mode
[   45.494929] pimreg: entered allmulticast mode
[   45.521393] pimreg: entered allmulticast mode
[   45.542354] pimreg: entered allmulticast mode
[   45.562910] pimreg: entered allmulticast mode
[   45.578786] pimreg: left allmulticast mode
[   45.579090] pimreg: left allmulticast mode
[   45.579348] pimreg: left allmulticast mode
[   45.579622] pimreg: left allmulticast mode
[   45.579950] pimreg: left allmulticast mode
[   45.580268] pimreg: left allmulticast mode
[   45.580566] pimreg: left allmulticast mode
[   45.592614] pimreg: entered allmulticast mode
[   45.624185] pimreg: entered allmulticast mode
[   45.645620] pimreg: entered allmulticast mode
[   45.657825] pimreg: entered allmulticast mode
[   45.681630] pimreg: entered allmulticast mode
[   45.705746] pimreg: entered allmulticast mode
[   45.710444] pimreg: left allmulticast mode
[   45.710801] pimreg: left allmulticast mode
[   45.711146] pimreg: left allmulticast mode
[   45.711457] pimreg: left allmulticast mode
[   45.711757] pimreg: left allmulticast mode
[   45.712091] pimreg: left allmulticast mode
[   45.723719] pimreg: entered allmulticast mode
[   45.751672] pimreg: entered allmulticast mode
[   45.763195] pimreg: entered allmulticast mode
[   45.785781] pimreg: entered allmulticast mode
[   45.809634] pimreg: entered allmulticast mode
[   45.833852] pimreg: entered allmulticast mode
[   45.858104] pimreg: entered allmulticast mode
[   45.882583] pimreg: left allmulticast mode
[   45.882892] pimreg: left allmulticast mode
[   45.883150] pimreg: left allmulticast mode
[   45.883402] pimreg: left allmulticast mode
[   45.883822] pimreg: left allmulticast mode
[   45.884142] pimreg: left allmulticast mode
[   45.884447] pimreg: left allmulticast mode
[   45.896381] pimreg: entered allmulticast mode
[   45.926058] pimreg: entered allmulticast mode
[   45.946254] pimreg: entered allmulticast mode
[   45.959653] pimreg: entered allmulticast mode
[   45.974019] pimreg: entered allmulticast mode
[   45.993749] pimreg: entered allmulticast mode
[   46.017201] pimreg: entered allmulticast mode
[   46.041101] pimreg: entered allmulticast mode
[   46.047180] pimreg: left allmulticast mode
[   46.047529] pimreg: left allmulticast mode
[   46.047854] pimreg: left allmulticast mode
[   46.048170] pimreg: left allmulticast mode
[   46.048469] pimreg: left allmulticast mode
[   46.048778] pimreg: left allmulticast mode
[   46.049075] pimreg: left allmulticast mode
[   46.070154] pimreg: entered allmulticast mode
[   46.096621] pimreg: entered allmulticast mode
[   46.114180] pimreg: entered allmulticast mode
[   46.138995] pimreg: entered allmulticast mode
[   46.154183] pimreg: entered allmulticast mode
[   46.165633] pimreg: entered allmulticast mode
[   46.191470] pimreg: entered allmulticast mode
[   46.202927] pimreg: left allmulticast mode
[   46.203281] pimreg: left allmulticast mode
[   46.203618] pimreg: left allmulticast mode
[   46.203947] pimreg: left allmulticast mode
[   46.204272] pimreg: left allmulticast mode
[   46.204614] pimreg: left allmulticast mode
[   46.204938] pimreg: left allmulticast mode
[   46.218223] pimreg: entered allmulticast mode
[   46.249623] pimreg: entered allmulticast mode
[   46.280155] pimreg: entered allmulticast mode
[   46.306748] pimreg: entered allmulticast mode
[   46.321738] pimreg: entered allmulticast mode
[   46.341745] pimreg: entered allmulticast mode
[   46.362034] pimreg: entered allmulticast mode
[   46.381537] pimreg: entered allmulticast mode
[   46.387157] pimreg: left allmulticast mode
[   46.387531] pimreg: left allmulticast mode
[   46.387889] pimreg: left allmulticast mode
[   46.388203] pimreg: left allmulticast mode
[   46.388511] pimreg: left allmulticast mode
[   46.388823] pimreg: left allmulticast mode
[   46.389111] pimreg: left allmulticast mode
[   46.389406] pimreg: left allmulticast mode
[   46.403347] pimreg: entered allmulticast mode
[   46.432009] pimreg: entered allmulticast mode
[   46.455593] pimreg: entered allmulticast mode
[   46.482211] pimreg: entered allmulticast mode
[   46.505860] pimreg: entered allmulticast mode
[   46.530029] pimreg: entered allmulticast mode
[   46.554161] pimreg: entered allmulticast mode
[   46.577938] pimreg: entered allmulticast mode
[   46.601910] pimreg: entered allmulticast mode
[   46.606529] pimreg: left allmulticast mode
[   46.606886] pimreg: left allmulticast mode
[   46.607157] pimreg: left allmulticast mode
[   46.607431] pimreg: left allmulticast mode
[   46.607751] pimreg: left allmulticast mode
[   46.608063] pimreg: left allmulticast mode
[   46.608357] pimreg: left allmulticast mode
[   46.608984] pimreg: left allmulticast mode
[   46.609330] pimreg: left allmulticast mode
[   46.609774] pimreg: left allmulticast mode
[   46.626491] pimreg: entered allmulticast mode
[   46.663631] pimreg: entered allmulticast mode
[   46.686863] pimreg: entered allmulticast mode
[   46.705861] pimreg: entered allmulticast mode
[   46.738004] pimreg: entered allmulticast mode
[   46.766029] pimreg: entered allmulticast mode
[   46.794168] pimreg: entered allmulticast mode
[   46.817953] pimreg: entered allmulticast mode
[   46.861991] pimreg: entered allmulticast mode
[   46.881633] pimreg: entered allmulticast mode
[   46.903159] pimreg: entered allmulticast mode
[   46.903526] pimreg: left allmulticast mode
[   46.903941] pimreg: left allmulticast mode
[   46.904293] pimreg: left allmulticast mode
[   46.904623] pimreg: left allmulticast mode
[   46.904949] pimreg: left allmulticast mode
[   46.905264] pimreg: left allmulticast mode
[   46.905724] pimreg: left allmulticast mode
[   46.906023] pimreg: left allmulticast mode
[   46.906320] pimreg: left allmulticast mode
[   46.906619] pimreg: left allmulticast mode
[   46.907314] pimreg: left allmulticast mode
[   46.923454] pimreg: entered allmulticast mode
[   46.960491] pimreg: entered allmulticast mode
[   46.985655] pimreg: entered allmulticast mode
[   47.009612] pimreg: entered allmulticast mode
[   47.035213] pimreg: entered allmulticast mode
[   47.053997] pimreg: entered allmulticast mode
[   47.077985] pimreg: entered allmulticast mode
[   47.114097] pimreg: entered allmulticast mode
[   47.138156] pimreg: entered allmulticast mode
[   47.162386] pimreg: entered allmulticast mode
[   47.182931] pimreg: left allmulticast mode
[   47.183240] pimreg: left allmulticast mode
[   47.183508] pimreg: left allmulticast mode
[   47.183836] pimreg: left allmulticast mode
[   47.184153] pimreg: left allmulticast mode
[   47.184480] pimreg: left allmulticast mode
[   47.184803] pimreg: left allmulticast mode
[   47.185110] pimreg: left allmulticast mode
[   47.185410] pimreg: left allmulticast mode
[   47.185789] pimreg: left allmulticast mode
[   47.201688] pimreg: entered allmulticast mode
[   47.230454] pimreg: entered allmulticast mode
[   47.242263] pimreg: entered allmulticast mode
[   47.263384] pimreg: entered allmulticast mode
[   47.286330] pimreg: entered allmulticast mode
[   47.309735] pimreg: entered allmulticast mode
[   47.333994] pimreg: entered allmulticast mode
[   47.358167] pimreg: entered allmulticast mode
[   47.382200] pimreg: entered allmulticast mode
[   47.407137] pimreg: entered allmulticast mode
[   47.430020] pimreg: left allmulticast mode
[   47.430363] pimreg: left allmulticast mode
[   47.430629] pimreg: left allmulticast mode
[   47.430893] pimreg: left allmulticast mode
[   47.431210] pimreg: left allmulticast mode
[   47.431523] pimreg: left allmulticast mode
[   47.432494] pimreg: left allmulticast mode
[   47.432898] pimreg: left allmulticast mode
[   47.433230] pimreg: left allmulticast mode
[   47.433964] pimreg: left allmulticast mode
[   47.448779] pimreg: entered allmulticast mode
[   47.477891] pimreg: entered allmulticast mode
[   47.490764] pimreg: entered allmulticast mode
[   47.509792] pimreg: entered allmulticast mode
[   47.534243] pimreg: entered allmulticast mode
[   47.557966] pimreg: entered allmulticast mode
[   47.581680] pimreg: entered allmulticast mode
[   47.605698] pimreg: entered allmulticast mode
[   47.625728] pimreg: entered allmulticast mode
[   47.647058] pimreg: entered allmulticast mode
[   47.663325] pimreg: left allmulticast mode
[   47.663641] pimreg: left allmulticast mode
[   47.663977] pimreg: left allmulticast mode
[   47.664290] pimreg: left allmulticast mode
[   47.664595] pimreg: left allmulticast mode
[   47.664917] pimreg: left allmulticast mode
[   47.665209] pimreg: left allmulticast mode
[   47.665902] pimreg: left allmulticast mode
[   47.666162] pimreg: left allmulticast mode
[   47.666774] pimreg: left allmulticast mode
[   47.683455] pimreg: entered allmulticast mode
[   47.720481] pimreg: entered allmulticast mode
[   47.741835] pimreg: entered allmulticast mode
[   47.768736] pimreg: entered allmulticast mode
[   47.793714] pimreg: entered allmulticast mode
[   47.819399] pimreg: entered allmulticast mode
[   47.830717] pimreg: left allmulticast mode
[   47.831067] pimreg: left allmulticast mode
[   47.831379] pimreg: left allmulticast mode
[   47.831690] pimreg: left allmulticast mode
[   47.832013] pimreg: left allmulticast mode
[   47.832322] pimreg: left allmulticast mode
[   47.844015] pimreg: entered allmulticast mode
[   47.865785] pimreg: entered allmulticast mode
[   47.895627] pimreg: entered allmulticast mode
[   47.914278] pimreg: entered allmulticast mode
[   47.938076] pimreg: entered allmulticast mode
[   47.961927] pimreg: entered allmulticast mode
[   47.989949] pimreg: entered allmulticast mode
[   48.010270] pimreg: left allmulticast mode
[   48.010619] pimreg: left allmulticast mode
[   48.010949] pimreg: left allmulticast mode
[   48.012198] pimreg: left allmulticast mode
[   48.012481] pimreg: left allmulticast mode
[   48.012756] pimreg: left allmulticast mode
[   48.013006] pimreg: left allmulticast mode
[   48.024719] pimreg: entered allmulticast mode
[   48.038736] pimreg: entered allmulticast mode
[   48.062050] pimreg: entered allmulticast mode
[   48.090145] pimreg: entered allmulticast mode
[   48.113948] pimreg: entered allmulticast mode
[   48.150021] pimreg: entered allmulticast mode
[   48.174025] pimreg: entered allmulticast mode
[   48.198178] pimreg: entered allmulticast mode
[   48.202524] pimreg: left allmulticast mode
[   48.202895] pimreg: left allmulticast mode
[   48.203168] pimreg: left allmulticast mode
[   48.203420] pimreg: left allmulticast mode
[   48.203737] pimreg: left allmulticast mode
[   48.204235] pimreg: left allmulticast mode
[   48.204951] pimreg: left allmulticast mode
[   48.205303] pimreg: left allmulticast mode
[   48.219372] pimreg: entered allmulticast mode
[   48.245776] pimreg: entered allmulticast mode
[   48.265904] pimreg: entered allmulticast mode
[   48.276107] pimreg: entered allmulticast mode
[   48.294372] pimreg: entered allmulticast mode
[   48.318012] pimreg: entered allmulticast mode
[   48.341767] pimreg: entered allmulticast mode
[   48.362117] pimreg: entered allmulticast mode
[   48.381856] pimreg: entered allmulticast mode
[   48.404343] pimreg: left allmulticast mode
[   48.404674] pimreg: left allmulticast mode
[   48.404939] pimreg: left allmulticast mode
[   48.405206] pimreg: left allmulticast mode
[   48.405551] pimreg: left allmulticast mode
[   48.405888] pimreg: left allmulticast mode
[   48.406177] pimreg: left allmulticast mode
[   48.406455] pimreg: left allmulticast mode
[   48.406740] pimreg: left allmulticast mode
[   48.419426] pimreg: entered allmulticast mode
[   48.451707] pimreg: entered allmulticast mode
[   48.478993] pimreg: entered allmulticast mode
[   48.502444] pimreg: entered allmulticast mode
[   48.522100] pimreg: entered allmulticast mode
[   48.541747] pimreg: entered allmulticast mode
[   48.565636] pimreg: entered allmulticast mode
[   48.585863] pimreg: entered allmulticast mode
[   48.606002] pimreg: entered allmulticast mode
[   48.626365] pimreg: left allmulticast mode
[   48.626826] pimreg: left allmulticast mode
[   48.627239] pimreg: left allmulticast mode
[   48.627686] pimreg: left allmulticast mode
[   48.629135] pimreg: left allmulticast mode
[   48.629800] pimreg: left allmulticast mode
[   48.630164] pimreg: left allmulticast mode
[   48.630525] pimreg: left allmulticast mode
[   48.630882] pimreg: left allmulticast mode
[   48.644351] pimreg: entered allmulticast mode
[   48.676229] pimreg: entered allmulticast mode
[   48.693183] pimreg: entered allmulticast mode
[   48.718198] pimreg: entered allmulticast mode
[   48.746886] pimreg: entered allmulticast mode
[   48.761420] pimreg: entered allmulticast mode
[   48.797966] pimreg: entered allmulticast mode
[   48.818612] pimreg: left allmulticast mode
[   48.819073] pimreg: left allmulticast mode
[   48.819572] pimreg: left allmulticast mode
[   48.820046] pimreg: left allmulticast mode
[   48.820429] pimreg: left allmulticast mode
[   48.820795] pimreg: left allmulticast mode
[   48.821150] pimreg: left allmulticast mode
[   48.832904] pimreg: entered allmulticast mode
[   48.861669] pimreg: entered allmulticast mode
[   48.887879] pimreg: entered allmulticast mode
[   48.909924] pimreg: entered allmulticast mode
[   48.922308] pimreg: entered allmulticast mode
[   48.962319] pimreg: entered allmulticast mode
[   48.989573] pimreg: entered allmulticast mode
[   49.002393] pimreg: left allmulticast mode
[   49.002761] pimreg: left allmulticast mode
[   49.003071] pimreg: left allmulticast mode
[   49.003372] pimreg: left allmulticast mode
[   49.003689] pimreg: left allmulticast mode
[   49.004000] pimreg: left allmulticast mode
[   49.004301] pimreg: left allmulticast mode
[   49.017184] pimreg: entered allmulticast mode
[   49.049076] pimreg: entered allmulticast mode
[   49.080783] pimreg: entered allmulticast mode
[   49.102054] pimreg: entered allmulticast mode
[   49.126050] pimreg: entered allmulticast mode
[   49.150163] pimreg: entered allmulticast mode
[   49.174206] pimreg: entered allmulticast mode
[   49.198283] pimreg: entered allmulticast mode
[   49.218229] pimreg: left allmulticast mode
[   49.218695] pimreg: left allmulticast mode
[   49.219075] pimreg: left allmulticast mode
[   49.219439] pimreg: left allmulticast mode
[   49.221013] pimreg: left allmulticast mode
[   49.221430] pimreg: left allmulticast mode
[   49.221880] pimreg: left allmulticast mode
[   49.222222] pimreg: left allmulticast mode
[   49.234912] pimreg: entered allmulticast mode
[   49.259968] pimreg: entered allmulticast mode
[   49.278711] pimreg: entered allmulticast mode
[   49.289138] pimreg: entered allmulticast mode
[   49.313840] pimreg: entered allmulticast mode
[   49.342841] pimreg: entered allmulticast mode
[   49.369764] pimreg: entered allmulticast mode
[   49.386844] pimreg: entered allmulticast mode
[   49.398253] pimreg: left allmulticast mode
[   49.398705] pimreg: left allmulticast mode
[   49.399089] pimreg: left allmulticast mode
[   49.399455] pimreg: left allmulticast mode
[   49.399831] pimreg: left allmulticast mode
[   49.400231] pimreg: left allmulticast mode
[   49.400582] pimreg: left allmulticast mode
[   49.400941] pimreg: left allmulticast mode
[   49.402001] systemd-journald[145]: Data hash table of /run/log/journal/938775788448454bb5b34822d5730c41/system.journal has a fill level at 75.0 (5360 of 7146 items, 4116480 file size, 768 bytes per hash table item), suggesting rotation.
[   49.404022] systemd-journald[145]: /run/log/journal/938775788448454bb5b34822d5730c41/system.journal: Journal header limits reached or header out-of-date, rotating.
[   49.427171] pimreg: entered allmulticast mode
[   49.447025] pimreg: entered allmulticast mode
[   49.470126] pimreg: entered allmulticast mode
[   49.483943] pimreg: entered allmulticast mode
[   49.510709] pimreg: entered allmulticast mode
[   49.545767] pimreg: entered allmulticast mode
[   49.574072] pimreg: entered allmulticast mode
[   49.602164] pimreg: entered allmulticast mode
[   49.633951] pimreg: entered allmulticast mode
[   49.654695] pimreg: left allmulticast mode
[   49.655032] pimreg: left allmulticast mode
[   49.655333] pimreg: left allmulticast mode
[   49.655660] pimreg: left allmulticast mode
[   49.655963] pimreg: left allmulticast mode
[   49.657247] pimreg: left allmulticast mode
[   49.657634] pimreg: left allmulticast mode
[   49.657954] pimreg: left allmulticast mode
[   49.658266] pimreg: left allmulticast mode
[   49.671531] pimreg: entered allmulticast mode
[   49.693865] pimreg: entered allmulticast mode
[   49.707862] pimreg: entered allmulticast mode
[   49.722247] pimreg: entered allmulticast mode
[   49.745921] pimreg: entered allmulticast mode
[   49.766119] pimreg: entered allmulticast mode
[   49.786739] pimreg: entered allmulticast mode
[   49.810099] pimreg: entered allmulticast mode
[   49.834350] pimreg: entered allmulticast mode
[   49.862686] pimreg: left allmulticast mode
[   49.863060] pimreg: left allmulticast mode
[   49.863616] pimreg: left allmulticast mode
[   49.863980] pimreg: left allmulticast mode
[   49.864308] pimreg: left allmulticast mode
[   49.864629] pimreg: left allmulticast mode
[   49.864936] pimreg: left allmulticast mode
[   49.865238] pimreg: left allmulticast mode
[   49.865587] pimreg: left allmulticast mode
[   49.879532] pimreg: entered allmulticast mode
[   49.926062] pimreg: entered allmulticast mode
[   49.950894] pimreg: entered allmulticast mode
[   49.974032] pimreg: entered allmulticast mode
[   49.993707] pimreg: entered allmulticast mode
[   50.022153] pimreg: entered allmulticast mode
[   50.046080] pimreg: entered allmulticast mode
[   50.070072] pimreg: entered allmulticast mode
[   50.094188] pimreg: entered allmulticast mode
[   50.116059] pimreg: left allmulticast mode
[   50.116474] pimreg: left allmulticast mode
[   50.116868] pimreg: left allmulticast mode
[   50.117920] pimreg: left allmulticast mode
[   50.118275] pimreg: left allmulticast mode
[   50.118604] pimreg: left allmulticast mode
[   50.118929] pimreg: left allmulticast mode
[   50.119240] pimreg: left allmulticast mode
[   50.119546] pimreg: left allmulticast mode
[   50.119856] pimreg: left allmulticast mode
[   50.134688] pimreg: entered allmulticast mode
[   50.154370] pimreg: entered allmulticast mode
[   50.179270] pimreg: entered allmulticast mode
[   50.202277] pimreg: entered allmulticast mode
[   50.221918] pimreg: entered allmulticast mode
[   50.245863] pimreg: entered allmulticast mode
[   50.274106] pimreg: entered allmulticast mode
[   50.297861] pimreg: entered allmulticast mode
[   50.322148] pimreg: entered allmulticast mode
[   50.370943] pimreg: entered allmulticast mode
[   50.378665] pimreg: left allmulticast mode
[   50.379030] pimreg: left allmulticast mode
[   50.379349] pimreg: left allmulticast mode
[   50.379670] pimreg: left allmulticast mode
[   50.379992] pimreg: left allmulticast mode
[   50.380315] pimreg: left allmulticast mode
[   50.380628] pimreg: left allmulticast mode
[   50.381205] pimreg: left allmulticast mode
[   50.382187] pimreg: left allmulticast mode
[   50.396660] pimreg: entered allmulticast mode
[   50.439081] pimreg: entered allmulticast mode
[   50.456446] pimreg: entered allmulticast mode
[   50.481948] pimreg: entered allmulticast mode
[   50.501709] pimreg: entered allmulticast mode
[   50.525631] pimreg: entered allmulticast mode
[   50.545643] pimreg: entered allmulticast mode
[   50.577661] pimreg: entered allmulticast mode
[   50.590429] pimreg: entered allmulticast mode
[   50.610488] pimreg: left allmulticast mode
[   50.610877] pimreg: left allmulticast mode
[   50.611194] pimreg: left allmulticast mode
[   50.611510] pimreg: left allmulticast mode
[   50.612354] pimreg: left allmulticast mode
[   50.612822] pimreg: left allmulticast mode
[   50.613138] pimreg: left allmulticast mode
[   50.613428] pimreg: left allmulticast mode
[   50.613815] pimreg: left allmulticast mode
[   50.627144] pimreg: entered allmulticast mode
[   50.649143] pimreg: entered allmulticast mode
[   50.675975] pimreg: entered allmulticast mode
[   50.703326] pimreg: entered allmulticast mode
[   50.726315] pimreg: entered allmulticast mode
[   50.749836] pimreg: entered allmulticast mode
[   50.785805] pimreg: entered allmulticast mode
[   50.805561] pimreg: entered allmulticast mode
[   50.811509] pimreg: left allmulticast mode
[   50.811950] pimreg: left allmulticast mode
[   50.812332] pimreg: left allmulticast mode
[   50.812912] pimreg: left allmulticast mode
[   50.813241] pimreg: left allmulticast mode
[   50.813684] pimreg: left allmulticast mode
[   50.814071] pimreg: left allmulticast mode
[   50.826996] pimreg: entered allmulticast mode
[   50.858468] pimreg: entered allmulticast mode
[   50.870062] pimreg: entered allmulticast mode
[   50.906516] pimreg: entered allmulticast mode
[   50.921597] pimreg: entered allmulticast mode
[   50.941831] pimreg: entered allmulticast mode
[   50.965643] pimreg: entered allmulticast mode
[   50.990390] pimreg: entered allmulticast mode
[   51.014985] pimreg: left allmulticast mode
[   51.015860] pimreg: left allmulticast mode
[   51.016244] pimreg: left allmulticast mode
[   51.016641] pimreg: left allmulticast mode
[   51.017006] pimreg: left allmulticast mode
[   51.017385] pimreg: left allmulticast mode
[   51.017826] pimreg: left allmulticast mode
[   51.018182] pimreg: left allmulticast mode
[   51.018543] pimreg: left allmulticast mode
[   51.032160] pimreg: entered allmulticast mode
[   51.063039] pimreg: entered allmulticast mode
[   51.086543] pimreg: entered allmulticast mode
[   51.110006] pimreg: entered allmulticast mode
[   51.133772] pimreg: entered allmulticast mode
[   51.158054] pimreg: entered allmulticast mode
[   51.194058] pimreg: entered allmulticast mode
[   51.230625] pimreg: entered allmulticast mode
[   51.258028] pimreg: entered allmulticast mode
[   51.282096] pimreg: entered allmulticast mode
[   51.286504] pimreg: left allmulticast mode
[   51.286906] pimreg: left allmulticast mode
[   51.287272] pimreg: left allmulticast mode
[   51.287613] pimreg: left allmulticast mode
[   51.287924] pimreg: left allmulticast mode
[   51.288269] pimreg: left allmulticast mode
[   51.288597] pimreg: left allmulticast mode
[   51.288915] pimreg: left allmulticast mode
[   51.289240] pimreg: left allmulticast mode
[   51.304718] pimreg: entered allmulticast mode
[   51.331530] pimreg: entered allmulticast mode
[   51.342905] pimreg: entered allmulticast mode
[   51.366656] pimreg: entered allmulticast mode
[   51.382441] pimreg: entered allmulticast mode
[   51.406165] pimreg: entered allmulticast mode
[   51.429903] pimreg: entered allmulticast mode
[   51.454013] pimreg: entered allmulticast mode
[   51.477428] pimreg: entered allmulticast mode
[   51.490786] pimreg: left allmulticast mode
[   51.491444] pimreg: left allmulticast mode
[   51.491754] pimreg: left allmulticast mode
[   51.492020] pimreg: left allmulticast mode
[   51.492283] pimreg: left allmulticast mode
[   51.492550] pimreg: left allmulticast mode
[   51.492807] pimreg: left allmulticast mode
[   51.493140] pimreg: left allmulticast mode
[   51.493542] pimreg: left allmulticast mode
[   51.493901] pimreg: left allmulticast mode
[   51.510973] pimreg: entered allmulticast mode
[   51.559540] pimreg: entered allmulticast mode
[   51.585331] pimreg: entered allmulticast mode
[   51.606021] pimreg: entered allmulticast mode
[   51.629503] pimreg: entered allmulticast mode
[   51.653727] pimreg: entered allmulticast mode
[   51.677771] pimreg: entered allmulticast mode
[   51.701988] pimreg: entered allmulticast mode
[   51.730671] pimreg: entered allmulticast mode
[   51.746881] pimreg: left allmulticast mode
[   51.747323] pimreg: left allmulticast mode
[   51.747797] pimreg: left allmulticast mode
[   51.748177] pimreg: left allmulticast mode
[   51.748538] pimreg: left allmulticast mode
[   51.748882] pimreg: left allmulticast mode
[   51.749232] pimreg: left allmulticast mode
[   51.749638] pimreg: left allmulticast mode
[   51.749996] pimreg: left allmulticast mode
[   51.763551] pimreg: entered allmulticast mode
[   51.787009] pimreg: entered allmulticast mode
[   51.810280] pimreg: entered allmulticast mode
[   51.835023] pimreg: entered allmulticast mode
[   51.845747] pimreg: entered allmulticast mode
[   51.869662] pimreg: entered allmulticast mode
[   51.894069] pimreg: entered allmulticast mode
[   51.914222] pimreg: entered allmulticast mode
[   51.937847] pimreg: entered allmulticast mode
[   51.942484] pimreg: left allmulticast mode
[   51.942898] pimreg: left allmulticast mode
[   51.943270] pimreg: left allmulticast mode
[   51.943637] pimreg: left allmulticast mode
[   51.943995] pimreg: left allmulticast mode
[   51.944346] pimreg: left allmulticast mode
[   51.944703] pimreg: left allmulticast mode
[   51.945243] pimreg: left allmulticast mode
[   51.946075] pimreg: left allmulticast mode
[   51.961257] pimreg: entered allmulticast mode
[   51.980932] pimreg: entered allmulticast mode
[   52.009841] pimreg: entered allmulticast mode
[   52.030057] pimreg: entered allmulticast mode
[   52.053700] pimreg: entered allmulticast mode
[   52.077769] pimreg: entered allmulticast mode
[   52.102427] pimreg: entered allmulticast mode
[   52.125940] pimreg: entered allmulticast mode
[   52.149903] pimreg: entered allmulticast mode
[   52.182287] pimreg: left allmulticast mode
[   52.182698] pimreg: left allmulticast mode
[   52.183275] pimreg: left allmulticast mode
[   52.183710] pimreg: left allmulticast mode
[   52.184068] pimreg: left allmulticast mode
[   52.184451] pimreg: left allmulticast mode
[   52.184835] pimreg: left allmulticast mode
[   52.185859] pimreg: left allmulticast mode
[   52.186252] pimreg: left allmulticast mode
[   52.199729] pimreg: entered allmulticast mode
[   52.224367] pimreg: entered allmulticast mode
[   52.236046] pimreg: entered allmulticast mode
[   52.255700] pimreg: entered allmulticast mode
[   52.277630] pimreg: entered allmulticast mode
[   52.308977] pimreg: entered allmulticast mode
[   52.333520] pimreg: entered allmulticast mode
[   52.357669] pimreg: entered allmulticast mode
[   52.390131] pimreg: entered allmulticast mode
[   52.394737] pimreg: left allmulticast mode
[   52.395180] pimreg: left allmulticast mode
[   52.395522] pimreg: left allmulticast mode
[   52.395888] pimreg: left allmulticast mode
[   52.396252] pimreg: left allmulticast mode
[   52.396616] pimreg: left allmulticast mode
[   52.396937] pimreg: left allmulticast mode
[   52.397245] pimreg: left allmulticast mode
[   52.411301] pimreg: entered allmulticast mode
[   52.437331] pimreg: entered allmulticast mode
[   52.465718] pimreg: entered allmulticast mode
[   52.489513] pimreg: entered allmulticast mode
[   52.513442] pimreg: entered allmulticast mode
[   52.538302] pimreg: entered allmulticast mode
[   52.558207] pimreg: entered allmulticast mode
[   52.573607] pimreg: entered allmulticast mode
[   52.586356] pimreg: left allmulticast mode
[   52.586965] pimreg: left allmulticast mode
[   52.587240] pimreg: left allmulticast mode
[   52.587513] pimreg: left allmulticast mode
[   52.587773] pimreg: left allmulticast mode
[   52.588026] pimreg: left allmulticast mode
[   52.588357] pimreg: left allmulticast mode
[   52.588737] pimreg: left allmulticast mode
[   52.589085] pimreg: left allmulticast mode
[   52.604490] pimreg: entered allmulticast mode
[   52.637035] pimreg: entered allmulticast mode
[   52.664874] pimreg: entered allmulticast mode
[   52.685757] pimreg: entered allmulticast mode
[   52.709637] pimreg: entered allmulticast mode
[   52.733725] pimreg: entered allmulticast mode
[   52.757562] pimreg: entered allmulticast mode
[   52.781687] pimreg: entered allmulticast mode
[   52.806297] pimreg: entered allmulticast mode
[   52.830288] pimreg: entered allmulticast mode
[   52.834883] pimreg: left allmulticast mode
[   52.835326] pimreg: left allmulticast mode
[   52.835707] pimreg: left allmulticast mode
[   52.836063] pimreg: left allmulticast mode
[   52.836643] pimreg: left allmulticast mode
[   52.837144] pimreg: left allmulticast mode
[   52.837579] pimreg: left allmulticast mode
[   52.838290] pimreg: left allmulticast mode
[   52.838641] pimreg: left allmulticast mode
[   52.838978] pimreg: left allmulticast mode
[   52.855448] pimreg: entered allmulticast mode
[   52.882389] pimreg: entered allmulticast mode
[   52.894812] pimreg: entered allmulticast mode
[   52.911103] pimreg: entered allmulticast mode
[   52.933763] pimreg: entered allmulticast mode
[   52.957637] pimreg: entered allmulticast mode
[   52.981930] pimreg: entered allmulticast mode
[   53.006297] pimreg: entered allmulticast mode
[   53.038254] pimreg: entered allmulticast mode
[   53.061679] pimreg: entered allmulticast mode
[   53.074871] pimreg: left allmulticast mode
[   53.075225] pimreg: left allmulticast mode
[   53.075594] pimreg: left allmulticast mode
[   53.075972] pimreg: left allmulticast mode
[   53.076318] pimreg: left allmulticast mode
[   53.076710] pimreg: left allmulticast mode
[   53.077064] pimreg: left allmulticast mode
[   53.077410] pimreg: left allmulticast mode
[   53.077794] pimreg: left allmulticast mode
[   53.078145] pimreg: left allmulticast mode
[   53.094616] pimreg: entered allmulticast mode
[   53.116365] pimreg: entered allmulticast mode
[   53.134356] pimreg: entered allmulticast mode
[   53.158596] pimreg: entered allmulticast mode
[   53.182509] pimreg: entered allmulticast mode
[   53.213740] pimreg: entered allmulticast mode
[   53.250151] pimreg: entered allmulticast mode
[   53.273617] pimreg: entered allmulticast mode
[   53.297632] pimreg: entered allmulticast mode
[   53.317987] pimreg: entered allmulticast mode
[   53.327714] pimreg: left allmulticast mode
[   53.328316] pimreg: left allmulticast mode
[   53.328608] pimreg: left allmulticast mode
[   53.328862] pimreg: left allmulticast mode
[   53.329111] pimreg: left allmulticast mode
[   53.329411] pimreg: left allmulticast mode
[   53.329875] pimreg: left allmulticast mode
[   53.330173] pimreg: left allmulticast mode
[   53.330473] pimreg: left allmulticast mode
[   53.330773] pimreg: left allmulticast mode
[   53.350249] pimreg: entered allmulticast mode
[   53.373961] pimreg: entered allmulticast mode
[   53.403317] pimreg: entered allmulticast mode
[   53.414382] pimreg: entered allmulticast mode
[   53.433623] pimreg: entered allmulticast mode
[   53.465862] pimreg: left allmulticast mode
[   53.466233] pimreg: left allmulticast mode
[   53.466504] pimreg: left allmulticast mode
[   53.466757] pimreg: left allmulticast mode
[   53.467339] pimreg: left allmulticast mode
[   53.477835] pimreg: entered allmulticast mode
[   53.508183] pimreg: entered allmulticast mode
[   53.527559] pimreg: entered allmulticast mode
[   53.546410] pimreg: entered allmulticast mode
[   53.570070] pimreg: entered allmulticast mode
[   53.578629] pimreg: left allmulticast mode
[   53.578966] pimreg: left allmulticast mode
[   53.579241] pimreg: left allmulticast mode
[   53.579506] pimreg: left allmulticast mode
[   53.579765] pimreg: left allmulticast mode
[   53.590144] pimreg: entered allmulticast mode
[   53.619536] pimreg: entered allmulticast mode
[   53.630210] pimreg: entered allmulticast mode
[   53.658591] pimreg: entered allmulticast mode
[   53.677935] pimreg: entered allmulticast mode
[   53.701998] pimreg: entered allmulticast mode
[   53.729948] pimreg: entered allmulticast mode
[   53.734283] pimreg: left allmulticast mode
[   53.734656] pimreg: left allmulticast mode
[   53.734914] pimreg: left allmulticast mode
[   53.735179] pimreg: left allmulticast mode
[   53.735993] pimreg: left allmulticast mode
[   53.736665] pimreg: left allmulticast mode
[   53.737049] pimreg: left allmulticast mode
[   53.751042] pimreg: entered allmulticast mode
[   53.782492] pimreg: entered allmulticast mode
[   53.809766] pimreg: entered allmulticast mode
[   53.822283] pimreg: entered allmulticast mode
[   53.842268] pimreg: left allmulticast mode
[   53.842629] pimreg: left allmulticast mode
[   53.842987] pimreg: left allmulticast mode
[   53.844002] pimreg: left allmulticast mode
[   53.851885] pimreg: entered allmulticast mode
[   53.878546] pimreg: entered allmulticast mode
[   53.899579] pimreg: entered allmulticast mode
[   53.922096] pimreg: entered allmulticast mode
[   53.950281] pimreg: entered allmulticast mode
[   53.974014] pimreg: entered allmulticast mode
[   53.978548] pimreg: left allmulticast mode
[   53.978892] pimreg: left allmulticast mode
[   53.979169] pimreg: left allmulticast mode
[   53.979440] pimreg: left allmulticast mode
[   53.979692] pimreg: left allmulticast mode
[   53.993508] pimreg: entered allmulticast mode
[   54.015411] pimreg: entered allmulticast mode
[   54.038219] pimreg: entered allmulticast mode
[   54.057606] pimreg: entered allmulticast mode
[   54.081888] pimreg: entered allmulticast mode
[   54.102517] pimreg: entered allmulticast mode
[   54.125776] pimreg: entered allmulticast mode
[   54.134953] pimreg: left allmulticast mode
[   54.135312] pimreg: left allmulticast mode
[   54.135603] pimreg: left allmulticast mode
[   54.135859] pimreg: left allmulticast mode
[   54.136113] pimreg: left allmulticast mode
[   54.136412] pimreg: left allmulticast mode
[   54.136733] pimreg: left allmulticast mode
[   54.149258] pimreg: entered allmulticast mode
[   54.173705] pimreg: entered allmulticast mode
[   54.208990] pimreg: entered allmulticast mode
[   54.234191] pimreg: entered allmulticast mode
[   54.253829] pimreg: entered allmulticast mode
[   54.289773] pimreg: entered allmulticast mode
[   54.314060] pimreg: entered allmulticast mode
[   54.342106] pimreg: entered allmulticast mode
[   54.366775] pimreg: left allmulticast mode
[   54.367102] pimreg: left allmulticast mode
[   54.367360] pimreg: left allmulticast mode
[   54.367630] pimreg: left allmulticast mode
[   54.367937] pimreg: left allmulticast mode
[   54.368267] pimreg: left allmulticast mode
[   54.368574] pimreg: left allmulticast mode
[   54.368866] pimreg: left allmulticast mode
[   54.369165] pimreg: left allmulticast mode
[   54.383739] pimreg: entered allmulticast mode
[   54.406554] pimreg: entered allmulticast mode
[   54.431097] pimreg: entered allmulticast mode
[   54.453781] pimreg: entered allmulticast mode
[   54.474475] pimreg: entered allmulticast mode
[   54.493583] pimreg: entered allmulticast mode
[   54.517885] pimreg: entered allmulticast mode
[   54.538358] pimreg: entered allmulticast mode
[   54.558718] pimreg: entered allmulticast mode
[   54.574576] pimreg: left allmulticast mode
[   54.575019] pimreg: left allmulticast mode
[   54.575280] pimreg: left allmulticast mode
[   54.575602] pimreg: left allmulticast mode
[   54.575924] pimreg: left allmulticast mode
[   54.577268] pimreg: left allmulticast mode
[   54.577687] pimreg: left allmulticast mode
[   54.577980] pimreg: left allmulticast mode
[   54.578270] pimreg: left allmulticast mode
[   54.591799] pimreg: entered allmulticast mode
[   54.624139] pimreg: entered allmulticast mode
[   54.644050] pimreg: entered allmulticast mode
[   54.667488] pimreg: entered allmulticast mode
[   54.690153] pimreg: entered allmulticast mode
[   54.714205] pimreg: entered allmulticast mode
[   54.738536] pimreg: entered allmulticast mode
[   54.761905] pimreg: entered allmulticast mode
[   54.789981] pimreg: entered allmulticast mode
[   54.821483] pimreg: entered allmulticast mode
[   54.826746] pimreg: left allmulticast mode
[   54.827337] pimreg: left allmulticast mode
[   54.828004] pimreg: left allmulticast mode
[   54.828310] pimreg: left allmulticast mode
[   54.828591] pimreg: left allmulticast mode
[   54.828908] pimreg: left allmulticast mode
[   54.829211] pimreg: left allmulticast mode
[   54.829575] pimreg: left allmulticast mode
[   54.829901] pimreg: left allmulticast mode
[   54.830461] pimreg: left allmulticast mode
[   54.845603] pimreg: entered allmulticast mode
[   54.869174] pimreg: entered allmulticast mode
[   54.898650] pimreg: entered allmulticast mode
[   54.922395] pimreg: entered allmulticast mode
[   54.961489] pimreg: entered allmulticast mode
[   54.989807] pimreg: entered allmulticast mode
[   55.013914] pimreg: entered allmulticast mode
[   55.037947] pimreg: entered allmulticast mode
[   55.061677] pimreg: entered allmulticast mode
[   55.085989] pimreg: entered allmulticast mode
[   55.090740] pimreg: left allmulticast mode
[   55.091200] pimreg: left allmulticast mode
[   55.091480] pimreg: left allmulticast mode
[   55.091732] pimreg: left allmulticast mode
[   55.091984] pimreg: left allmulticast mode
[   55.092250] pimreg: left allmulticast mode
[   55.092537] pimreg: left allmulticast mode
[   55.092838] pimreg: left allmulticast mode
[   55.093133] pimreg: left allmulticast mode
[   55.093436] pimreg: left allmulticast mode
[   55.109504] pimreg: entered allmulticast mode
[   55.143925] pimreg: entered allmulticast mode
[   55.167260] pimreg: entered allmulticast mode
[   55.197859] pimreg: entered allmulticast mode
[   55.222140] pimreg: entered allmulticast mode
[   55.241846] pimreg: entered allmulticast mode
[   55.261590] pimreg: entered allmulticast mode
[   55.286420] pimreg: entered allmulticast mode
[   55.305482] pimreg: entered allmulticast mode
[   55.326446] pimreg: left allmulticast mode
[   55.326796] pimreg: left allmulticast mode
[   55.327115] pimreg: left allmulticast mode
[   55.327437] pimreg: left allmulticast mode
[   55.329175] pimreg: left allmulticast mode
[   55.329602] pimreg: left allmulticast mode
[   55.329925] pimreg: left allmulticast mode
[   55.330221] pimreg: left allmulticast mode
[   55.330530] pimreg: left allmulticast mode
[   55.344028] pimreg: entered allmulticast mode
[   55.371911] pimreg: entered allmulticast mode
[   55.394571] pimreg: entered allmulticast mode
[   55.425699] pimreg: entered allmulticast mode
[   55.453908] pimreg: entered allmulticast mode
[   55.477764] pimreg: entered allmulticast mode
[   55.506154] pimreg: entered allmulticast mode
[   55.533625] pimreg: entered allmulticast mode
[   55.573610] pimreg: entered allmulticast mode
[   55.610543] pimreg: left allmulticast mode
[   55.610880] pimreg: left allmulticast mode
[   55.611193] pimreg: left allmulticast mode
[   55.611515] pimreg: left allmulticast mode
[   55.611851] pimreg: left allmulticast mode
[   55.612175] pimreg: left allmulticast mode
[   55.612497] pimreg: left allmulticast mode
[   55.612804] pimreg: left allmulticast mode
[   55.613116] pimreg: left allmulticast mode
[   55.627470] pimreg: entered allmulticast mode
[   55.667121] pimreg: entered allmulticast mode
[   55.692375] pimreg: entered allmulticast mode
[   55.714577] pimreg: entered allmulticast mode
[   55.729634] pimreg: entered allmulticast mode
[   55.754044] pimreg: entered allmulticast mode
[   55.777758] pimreg: entered allmulticast mode
[   55.802246] pimreg: entered allmulticast mode
[   55.829482] pimreg: entered allmulticast mode
[   55.842469] pimreg: left allmulticast mode
[   55.843083] pimreg: left allmulticast mode
[   55.843382] pimreg: left allmulticast mode
[   55.843703] pimreg: left allmulticast mode
[   55.844009] pimreg: left allmulticast mode
[   55.844299] pimreg: left allmulticast mode
[   55.844604] pimreg: left allmulticast mode
[   55.844902] pimreg: left allmulticast mode
[   55.845214] pimreg: left allmulticast mode
[   55.859737] pimreg: entered allmulticast mode
[   55.879510] pimreg: entered allmulticast mode
[   55.922341] pimreg: entered allmulticast mode
[   55.942068] pimreg: entered allmulticast mode
[   55.965920] pimreg: entered allmulticast mode
[   55.985631] pimreg: entered allmulticast mode
[   56.005921] pimreg: entered allmulticast mode
[   56.025698] pimreg: entered allmulticast mode
[   56.049887] pimreg: entered allmulticast mode
[   56.082385] pimreg: left allmulticast mode
[   56.082724] pimreg: left allmulticast mode
[   56.083248] pimreg: left allmulticast mode
[   56.083615] pimreg: left allmulticast mode
[   56.083940] pimreg: left allmulticast mode
[   56.084244] pimreg: left allmulticast mode
[   56.084557] pimreg: left allmulticast mode
[   56.084896] pimreg: left allmulticast mode
[   56.085197] pimreg: left allmulticast mode
[   56.099856] pimreg: entered allmulticast mode
[   56.136186] pimreg: entered allmulticast mode
[   56.170146] pimreg: entered allmulticast mode
[   56.189802] pimreg: entered allmulticast mode
[   56.214762] pimreg: entered allmulticast mode
[   56.249596] pimreg: entered allmulticast mode
[   56.278892] pimreg: entered allmulticast mode
[   56.301772] pimreg: entered allmulticast mode
[   56.325984] pimreg: entered allmulticast mode
[   56.346394] pimreg: left allmulticast mode
[   56.346734] pimreg: left allmulticast mode
[   56.346986] pimreg: left allmulticast mode
[   56.347500] pimreg: left allmulticast mode
[   56.347870] pimreg: left allmulticast mode
[   56.348179] pimreg: left allmulticast mode
[   56.348486] pimreg: left allmulticast mode
[   56.348792] pimreg: left allmulticast mode
[   56.349083] pimreg: left allmulticast mode
[   56.362565] pimreg: entered allmulticast mode
[   56.383860] pimreg: entered allmulticast mode
[   56.421090] pimreg: entered allmulticast mode
[   56.447026] pimreg: entered allmulticast mode
[   56.462027] pimreg: entered allmulticast mode
[   56.485957] pimreg: entered allmulticast mode
[   56.513792] pimreg: entered allmulticast mode
[   56.537767] pimreg: entered allmulticast mode
[   56.547403] pimreg: left allmulticast mode
[   56.547947] pimreg: left allmulticast mode
[   56.548285] pimreg: left allmulticast mode
[   56.548591] pimreg: left allmulticast mode
[   56.548886] pimreg: left allmulticast mode
[   56.549183] pimreg: left allmulticast mode
[   56.549561] pimreg: left allmulticast mode
[   56.549870] pimreg: left allmulticast mode
[   56.563312] pimreg: entered allmulticast mode
[   56.598593] pimreg: entered allmulticast mode
[   56.624345] pimreg: entered allmulticast mode
[   56.646219] pimreg: entered allmulticast mode
[   56.669851] pimreg: entered allmulticast mode
[   56.702236] pimreg: entered allmulticast mode
[   56.729862] pimreg: entered allmulticast mode
[   56.769866] pimreg: entered allmulticast mode
[   56.790346] pimreg: left allmulticast mode
[   56.790675] pimreg: left allmulticast mode
[   56.790933] pimreg: left allmulticast mode
[   56.791186] pimreg: left allmulticast mode
[   56.791515] pimreg: left allmulticast mode
[   56.791846] pimreg: left allmulticast mode
[   56.792296] pimreg: left allmulticast mode
[   56.792631] pimreg: left allmulticast mode
[   56.805633] pimreg: entered allmulticast mode
[   56.832774] pimreg: entered allmulticast mode
[   56.858486] pimreg: entered allmulticast mode
[   56.883449] pimreg: entered allmulticast mode
[   56.918257] pimreg: entered allmulticast mode
[   56.941704] pimreg: entered allmulticast mode
[   56.966208] pimreg: entered allmulticast mode
[   56.970352] pimreg: left allmulticast mode
[   56.970677] pimreg: left allmulticast mode
[   56.970988] pimreg: left allmulticast mode
[   56.971322] pimreg: left allmulticast mode
[   56.971633] pimreg: left allmulticast mode
[   56.971931] pimreg: left allmulticast mode
[   56.972623] pimreg: left allmulticast mode
[   56.985207] pimreg: entered allmulticast mode
[   57.017586] pimreg: entered allmulticast mode
[   57.037912] pimreg: entered allmulticast mode
[   57.062599] pimreg: entered allmulticast mode
[   57.089745] pimreg: entered allmulticast mode
[   57.114171] pimreg: entered allmulticast mode
[   57.134274] pimreg: entered allmulticast mode
[   57.173570] pimreg: entered allmulticast mode
[   57.186624] pimreg: left allmulticast mode
[   57.186966] pimreg: left allmulticast mode
[   57.187249] pimreg: left allmulticast mode
[   57.187541] pimreg: left allmulticast mode
[   57.187803] pimreg: left allmulticast mode
[   57.188075] pimreg: left allmulticast mode
[   57.188339] pimreg: left allmulticast mode
[   57.188649] pimreg: left allmulticast mode
[   57.203356] pimreg: entered allmulticast mode
[   57.254690] pimreg: entered allmulticast mode
[   57.285080] pimreg: entered allmulticast mode
[   57.306422] pimreg: entered allmulticast mode
[   57.333821] pimreg: entered allmulticast mode
[   57.373778] pimreg: entered allmulticast mode
[   57.417658] pimreg: entered allmulticast mode
[   57.445330] pimreg: entered allmulticast mode
[   57.466396] pimreg: left allmulticast mode
[   57.466727] pimreg: left allmulticast mode
[   57.467001] pimreg: left allmulticast mode
[   57.467269] pimreg: left allmulticast mode
[   57.467547] pimreg: left allmulticast mode
[   57.469263] pimreg: left allmulticast mode
[   57.469711] pimreg: left allmulticast mode
[   57.470037] pimreg: left allmulticast mode
[   57.482564] pimreg: entered allmulticast mode
[   57.505332] pimreg: entered allmulticast mode
[   57.529912] pimreg: entered allmulticast mode
[   57.550599] pimreg: entered allmulticast mode
[   57.570178] pimreg: entered allmulticast mode
[   57.606140] pimreg: entered allmulticast mode
[   57.629904] pimreg: entered allmulticast mode
[   57.650751] pimreg: left allmulticast mode
[   57.651055] pimreg: left allmulticast mode
[   57.651324] pimreg: left allmulticast mode
[   57.651591] pimreg: left allmulticast mode
[   57.652236] pimreg: left allmulticast mode
[   57.652569] pimreg: left allmulticast mode
[   57.652863] pimreg: left allmulticast mode
[   57.664357] pimreg: entered allmulticast mode
[   57.702014] pimreg: entered allmulticast mode
[   57.729196] pimreg: entered allmulticast mode
[   57.749205] pimreg: entered allmulticast mode
[   57.773564] pimreg: entered allmulticast mode
[   57.797376] pimreg: entered allmulticast mode
[   57.822183] pimreg: entered allmulticast mode
[   57.842684] pimreg: left allmulticast mode
[   57.843040] pimreg: left allmulticast mode
[   57.843376] pimreg: left allmulticast mode
[   57.843691] pimreg: left allmulticast mode
[   57.843996] pimreg: left allmulticast mode
[   57.845307] pimreg: left allmulticast mode
[   57.845700] pimreg: left allmulticast mode
[   57.857715] pimreg: entered allmulticast mode
[   57.882435] pimreg: entered allmulticast mode
[   57.902436] pimreg: entered allmulticast mode
[   57.921267] pimreg: entered allmulticast mode
[   57.933428] pimreg: entered allmulticast mode
[   57.953922] pimreg: entered allmulticast mode
[   57.978235] pimreg: entered allmulticast mode
[   57.997318] pimreg: entered allmulticast mode
[   58.022451] pimreg: entered allmulticast mode
[   58.022838] pimreg: left allmulticast mode
[   58.023232] pimreg: left allmulticast mode
[   58.023578] pimreg: left allmulticast mode
[   58.023887] pimreg: left allmulticast mode
[   58.024180] pimreg: left allmulticast mode
[   58.024495] pimreg: left allmulticast mode
[   58.024789] pimreg: left allmulticast mode
[   58.025078] pimreg: left allmulticast mode
[   58.038772] pimreg: entered allmulticast mode
[   58.066019] pimreg: entered allmulticast mode
[   58.079937] pimreg: entered allmulticast mode
[   58.094603] pimreg: entered allmulticast mode
[   58.121920] pimreg: entered allmulticast mode
[   58.146758] pimreg: left allmulticast mode
[   58.147059] pimreg: left allmulticast mode
[   58.147336] pimreg: left allmulticast mode
[   58.147590] pimreg: left allmulticast mode
[   58.147891] pimreg: left allmulticast mode
[   58.148328] pimreg: left allmulticast mode
[   58.158621] pimreg: entered allmulticast mode
[   58.176726] pimreg: entered allmulticast mode
[   58.207979] pimreg: entered allmulticast mode
[   58.226747] pimreg: entered allmulticast mode
[   58.250041] pimreg: entered allmulticast mode
[   58.269924] pimreg: entered allmulticast mode
[   58.290366] pimreg: left allmulticast mode
[   58.290947] pimreg: left allmulticast mode
[   58.291309] pimreg: left allmulticast mode
[   58.291610] pimreg: left allmulticast mode
[   58.291921] pimreg: left allmulticast mode
[   58.292226] pimreg: left allmulticast mode
[   58.302420] pimreg: entered allmulticast mode
[   58.321854] pimreg: entered allmulticast mode
[   58.352222] pimreg: entered allmulticast mode
[   58.373610] pimreg: entered allmulticast mode
[   58.397897] pimreg: entered allmulticast mode
[   58.437965] pimreg: entered allmulticast mode
[   58.466119] pimreg: entered allmulticast mode
[   58.486224] pimreg: left allmulticast mode
[   58.486590] pimreg: left allmulticast mode
[   58.486919] pimreg: left allmulticast mode
[   58.487449] pimreg: left allmulticast mode
[   58.488796] pimreg: left allmulticast mode
[   58.489126] pimreg: left allmulticast mode
[   58.489500] pimreg: left allmulticast mode
[   58.501246] pimreg: entered allmulticast mode
[   58.521511] pimreg: entered allmulticast mode
[   58.560385] pimreg: entered allmulticast mode
[   58.582387] pimreg: entered allmulticast mode
[   58.621913] pimreg: entered allmulticast mode
[   58.646005] pimreg: entered allmulticast mode
[   58.689412] pimreg: entered allmulticast mode
[   58.710424] pimreg: entered allmulticast mode
[   58.714259] pimreg: left allmulticast mode
[   58.714596] pimreg: left allmulticast mode
[   58.714853] pimreg: left allmulticast mode
[   58.715101] pimreg: left allmulticast mode
[   58.715417] pimreg: left allmulticast mode
[   58.715747] pimreg: left allmulticast mode
[   58.716066] pimreg: left allmulticast mode
[   58.728559] pimreg: entered allmulticast mode
[   58.756771] pimreg: entered allmulticast mode
[   58.781199] pimreg: entered allmulticast mode
[   58.795125] pimreg: entered allmulticast mode
[   58.817311] pimreg: entered allmulticast mode
[   58.841969] pimreg: entered allmulticast mode
[   58.862506] pimreg: left allmulticast mode
[   58.862845] pimreg: left allmulticast mode
[   58.863112] pimreg: left allmulticast mode
[   58.863384] pimreg: left allmulticast mode
[   58.864303] pimreg: left allmulticast mode
[   58.864920] pimreg: left allmulticast mode
[   58.865208] pimreg: left allmulticast mode
[   58.876859] pimreg: entered allmulticast mode
[   58.906168] pimreg: entered allmulticast mode
[   58.929528] pimreg: entered allmulticast mode
[   58.942587] pimreg: entered allmulticast mode
[   58.965225] pimreg: entered allmulticast mode
[   58.989529] pimreg: entered allmulticast mode
[   59.013566] pimreg: entered allmulticast mode
[   59.039000] pimreg: entered allmulticast mode
[   59.039561] pimreg: left allmulticast mode
[   59.039902] pimreg: left allmulticast mode
[   59.040165] pimreg: left allmulticast mode
[   59.040469] pimreg: left allmulticast mode
[   59.040737] pimreg: left allmulticast mode
[   59.041024] pimreg: left allmulticast mode
[   59.041298] pimreg: left allmulticast mode
[   59.057404] pimreg: entered allmulticast mode
[   59.082768] pimreg: entered allmulticast mode
[   59.094823] pimreg: entered allmulticast mode
[   59.114281] pimreg: entered allmulticast mode
[   59.137757] pimreg: entered allmulticast mode
[   59.173871] pimreg: entered allmulticast mode
[   59.201988] pimreg: entered allmulticast mode
[   59.230267] pimreg: entered allmulticast mode
[   59.266322] pimreg: left allmulticast mode
[   59.266670] pimreg: left allmulticast mode
[   59.266983] pimreg: left allmulticast mode
[   59.267318] pimreg: left allmulticast mode
[   59.267637] pimreg: left allmulticast mode
[   59.267968] pimreg: left allmulticast mode
[   59.268281] pimreg: left allmulticast mode
[   59.268618] pimreg: left allmulticast mode
[   59.269139] pimreg: left allmulticast mode
[   59.284151] pimreg: entered allmulticast mode
[   59.315516] pimreg: entered allmulticast mode
[   59.328905] pimreg: entered allmulticast mode
[   59.350403] pimreg: entered allmulticast mode
[   59.389659] pimreg: entered allmulticast mode
[   59.433397] pimreg: entered allmulticast mode
[   59.457577] pimreg: entered allmulticast mode
[   59.470691] pimreg: left allmulticast mode
[   59.471043] pimreg: left allmulticast mode
[   59.471341] pimreg: left allmulticast mode
[   59.471663] pimreg: left allmulticast mode
[   59.471980] pimreg: left allmulticast mode
[   59.472290] pimreg: left allmulticast mode
[   59.472590] pimreg: left allmulticast mode
[   59.485376] pimreg: entered allmulticast mode
[   59.514385] pimreg: entered allmulticast mode
[   59.528136] pimreg: entered allmulticast mode
[   59.549996] pimreg: entered allmulticast mode
[   59.569710] pimreg: entered allmulticast mode
[   59.589348] pimreg: entered allmulticast mode
[   59.613948] pimreg: entered allmulticast mode
[   59.638124] pimreg: entered allmulticast mode
[   59.662396] pimreg: left allmulticast mode
[   59.662739] pimreg: left allmulticast mode
[   59.663051] pimreg: left allmulticast mode
[   59.663363] pimreg: left allmulticast mode
[   59.664640] pimreg: left allmulticast mode
[   59.664979] pimreg: left allmulticast mode
[   59.665297] pimreg: left allmulticast mode
[   59.666036] pimreg: left allmulticast mode
[   59.679151] pimreg: entered allmulticast mode
[   59.699217] pimreg: entered allmulticast mode
[   59.723816] pimreg: entered allmulticast mode
[   59.742215] pimreg: entered allmulticast mode
[   59.769590] pimreg: entered allmulticast mode
[   59.793945] pimreg: entered allmulticast mode
[   59.817903] pimreg: entered allmulticast mode
[   59.841553] pimreg: entered allmulticast mode
[   59.851246] pimreg: left allmulticast mode
[   59.851806] pimreg: left allmulticast mode
[   59.852085] pimreg: left allmulticast mode
[   59.852354] pimreg: left allmulticast mode
[   59.852605] pimreg: left allmulticast mode
[   59.852902] pimreg: left allmulticast mode
[   59.853197] pimreg: left allmulticast mode
[   59.865926] pimreg: entered allmulticast mode
[   59.890288] pimreg: entered allmulticast mode
[   59.914056] pimreg: entered allmulticast mode
[   59.938533] pimreg: entered allmulticast mode
[   59.961663] pimreg: entered allmulticast mode
[   59.985848] pimreg: entered allmulticast mode
[   60.009579] pimreg: entered allmulticast mode
[   60.037791] pimreg: entered allmulticast mode
[   60.042456] pimreg: left allmulticast mode
[   60.043010] pimreg: left allmulticast mode
[   60.043319] pimreg: left allmulticast mode
[   60.043587] pimreg: left allmulticast mode
[   60.043894] pimreg: left allmulticast mode
[   60.044185] pimreg: left allmulticast mode
[   60.044500] pimreg: left allmulticast mode
[   60.044808] pimreg: left allmulticast mode
[   60.061199] pimreg: entered allmulticast mode
[   60.082571] pimreg: entered allmulticast mode
[   60.107338] pimreg: entered allmulticast mode
[   60.129929] pimreg: entered allmulticast mode
[   60.150084] pimreg: entered allmulticast mode
[   60.173922] pimreg: entered allmulticast mode
[   60.202087] pimreg: entered allmulticast mode
[   60.237816] pimreg: entered allmulticast mode
[   60.261205] pimreg: entered allmulticast mode
[   60.266444] pimreg: left allmulticast mode
[   60.266762] pimreg: left allmulticast mode
[   60.267061] pimreg: left allmulticast mode
[   60.267362] pimreg: left allmulticast mode
[   60.267742] pimreg: left allmulticast mode
[   60.268095] pimreg: left allmulticast mode
[   60.268384] pimreg: left allmulticast mode
[   60.268667] pimreg: left allmulticast mode
[   60.268958] pimreg: left allmulticast mode
[   60.269248] pimreg: left allmulticast mode
[   60.285418] pimreg: entered allmulticast mode
