c[?7l[2J[0mSeaBIOS (version rel-1.16.3-0-ga6ed6b701f0a-prebuilt.qemu.org)


iPXE (http://ipxe.org) 00:03.0 CA00 PCI2.10 PnP PMM+7EFD0D60+7EF30D60 CA00
Press Ctrl-B to configure iPXE (PCI 00:03.0)...                                                                               


Booting from ROM...
c[?7l[2J[    0.000000] Linux version 7.1.0-rc1-2aa0a3691711+ (root@gnr-800442) (gcc (GCC) 11.5.0 20240719 (Red Hat 11.5.0-14), GNU ld version 2.35.2-66.el9) #1 SMP PREEMPT_DYNAMIC Wed May  6 10:48:49 CST 2026
[    0.000000] Command line: console=ttyS0 root=/dev/sda earlyprintk=serial net.ifnames=0 thunderbolt.dyndbg
[    0.000000] KERNEL supported cpus:
[    0.000000]   Intel GenuineIntel
[    0.000000]   AMD AuthenticAMD
[    0.000000]   Hygon HygonGenuine
[    0.000000]   Centaur CentaurHauls
[    0.000000]   zhaoxin   Shanghai  
[    0.000000] x86/CPU: Model not found in latest microcode list
[    0.000000] x86/split lock detection: #DB: warning on user-space bus_locks
[    0.000000] BIOS-provided physical RAM map:
[    0.000000] BIOS-e820: [mem 0x0000000000000000-0x000000000009fbff]  System RAM
[    0.000000] BIOS-e820: [mem 0x000000000009fc00-0x000000000009ffff]  device reserved
[    0.000000] BIOS-e820: [gap 0x00000000000a0000-0x00000000000effff]
[    0.000000] BIOS-e820: [mem 0x00000000000f0000-0x00000000000fffff]  device reserved
[    0.000000] BIOS-e820: [mem 0x0000000000100000-0x000000007ffdffff]  System RAM
[    0.000000] BIOS-e820: [mem 0x000000007ffe0000-0x000000007fffffff]  device reserved
[    0.000000] BIOS-e820: [gap 0x0000000080000000-0x00000000feffbfff]
[    0.000000] BIOS-e820: [mem 0x00000000feffc000-0x00000000feffffff]  device reserved
[    0.000000] BIOS-e820: [gap 0x00000000ff000000-0x00000000fffbffff]
[    0.000000] BIOS-e820: [mem 0x00000000fffc0000-0x00000000ffffffff]  device reserved
[    0.000000] printk: legacy bootconsole [earlyser0] enabled
[    0.000000] NX (Execute Disable) protection: active
[    0.000000] APIC: Static calls initialized
[    0.000000] DMI: SMBIOS 3.0.0 present.
[    0.000000] DMI: QEMU Standard PC (i440FX + PIIX, 1996), BIOS rel-1.16.3-0-ga6ed6b701f0a-prebuilt.qemu.org 04/01/2014
[    0.000000] DMI: Memory slots populated: 1/1
[    0.000000] Hypervisor detected: KVM
[    0.000000] last_pfn = 0x7ffe0 max_arch_pfn = 0x10000000000
[    0.000000] kvm-clock: Using msrs 4b564d01 and 4b564d00
[    0.000003] kvm-clock: using sched offset of 769265564 cycles
[    0.000520] clocksource: kvm-clock: mask: 0xffffffffffffffff max_cycles: 0x1cd42e4dffb, max_idle_ns: 881590591483 ns
[    0.002138] tsc: Detected 2500.000 MHz processor
[    0.010771] last_pfn = 0x7ffe0 max_arch_pfn = 0x10000000000
[    0.011338] MTRR map: 4 entries (3 fixed + 1 variable; max 19), built from 8 variable MTRRs
[    0.012173] x86/PAT: Configuration [0-7]: WB  WC  UC- UC  WB  WP  UC- WT  
[    0.018117] found SMP MP-table at [mem 0x000f5480-0x000f548f]
[    0.018711] Using GB pages for direct mapping
[    0.021344] ACPI: Early table checksum verification disabled
[    0.021907] ACPI: RSDP 0x00000000000F52A0 000014 (v00 BOCHS )
[    0.022487] ACPI: RSDT 0x000000007FFE1C9B 000034 (v01 BOCHS  BXPC     00000001 BXPC 00000001)
[    0.023354] ACPI: FACP 0x000000007FFE1B47 000074 (v01 BOCHS  BXPC     00000001 BXPC 00000001)
[    0.024211] ACPI: DSDT 0x000000007FFE0040 001B07 (v01 BOCHS  BXPC     00000001 BXPC 00000001)
[    0.025035] ACPI: FACS 0x000000007FFE0000 000040
[    0.025463] ACPI: APIC 0x000000007FFE1BBB 000080 (v03 BOCHS  BXPC     00000001 BXPC 00000001)
[    0.026273] ACPI: HPET 0x000000007FFE1C3B 000038 (v01 BOCHS  BXPC     00000001 BXPC 00000001)
[    0.027132] ACPI: WAET 0x000000007FFE1C73 000028 (v01 BOCHS  BXPC     00000001 BXPC 00000001)
[    0.027987] ACPI: Reserving FACP table memory at [mem 0x7ffe1b47-0x7ffe1bba]
[    0.028675] ACPI: Reserving DSDT table memory at [mem 0x7ffe0040-0x7ffe1b46]
[    0.029350] ACPI: Reserving FACS table memory at [mem 0x7ffe0000-0x7ffe003f]
[    0.030003] ACPI: Reserving APIC table memory at [mem 0x7ffe1bbb-0x7ffe1c3a]
[    0.030692] ACPI: Reserving HPET table memory at [mem 0x7ffe1c3b-0x7ffe1c72]
[    0.031389] ACPI: Reserving WAET table memory at [mem 0x7ffe1c73-0x7ffe1c9a]
[    0.032656] No NUMA configuration found
[    0.033039] Faking a node at [mem 0x0000000000000000-0x000000007ffdffff]
[    0.033740] NODE_DATA(0) allocated [mem 0x7ffb4bc0-0x7ffdfcbf]
[    0.083648] KernelAddressSanitizer initialized (generic)
[    0.084482] ACPI: PM-Timer IO Port: 0x608
[    0.084923] ACPI: LAPIC_NMI (acpi_id[0xff] dfl dfl lint[0x1])
[    0.085533] IOAPIC[0]: apic_id 0, version 17, address 0xfec00000, GSI 0-23
[    0.086236] ACPI: INT_SRC_OVR (bus 0 bus_irq 0 global_irq 2 dfl dfl)
[    0.086868] ACPI: INT_SRC_OVR (bus 0 bus_irq 5 global_irq 5 high level)
[    0.087516] ACPI: INT_SRC_OVR (bus 0 bus_irq 9 global_irq 9 high level)
[    0.088173] ACPI: INT_SRC_OVR (bus 0 bus_irq 10 global_irq 10 high level)
[    0.088845] ACPI: INT_SRC_OVR (bus 0 bus_irq 11 global_irq 11 high level)
[    0.089528] ACPI: Using ACPI (MADT) for SMP configuration information
[    0.090166] ACPI: HPET id: 0x8086a201 base: 0xfed00000
[    0.090681] TSC deadline timer available
[    0.091079] CPU topo: Max. logical packages:   1
[    0.091534] CPU topo: Max. logical nodes:      1
[    0.091993] CPU topo: Num. nodes per package:  1
[    0.092448] CPU topo: Max. logical dies:       1
[    0.092909] CPU topo: Max. dies per package:   1
[    0.093372] CPU topo: Max. threads per core:   1
[    0.093829] CPU topo: Num. cores per package:     2
[    0.094309] CPU topo: Num. threads per package:   2
[    0.094793] CPU topo: Allowing 2 present CPUs plus 0 hotplug CPUs
[    0.095436] kvm-guest: APIC: eoi() replaced with kvm_guest_apic_eoi_write()
[    0.096154] kvm-guest: KVM setup pv remote TLB flush
[    0.096647] kvm-guest: setup PV sched yield
[    0.097105] PM: hibernation: Registered nosave memory: [mem 0x00000000-0x00000fff]
[    0.097861] PM: hibernation: Registered nosave memory: [mem 0x0009f000-0x000fffff]
[    0.098607] [gap 0x80000000-0xfeffbfff] available for PCI devices
[    0.099209] Booting paravirtualized kernel on KVM
[    0.099676] clocksource: refined-jiffies: mask: 0xffffffff max_cycles: 0xffffffff, max_idle_ns: 7645519600211568 ns
[    0.101118] Zone ranges:
[    0.101394]   DMA      [mem 0x0000000000001000-0x0000000000ffffff]
[    0.102014]   DMA32    [mem 0x0000000001000000-0x000000007ffdffff]
[    0.102626]   Normal   empty
[    0.102921]   Device   empty
[    0.103212] Movable zone start for each node
[    0.103642] Early memory node ranges
[    0.104002]   node   0: [mem 0x0000000000001000-0x000000000009efff]
[    0.104615]   node   0: [mem 0x0000000000100000-0x000000007ffdffff]
[    0.105235] Initmem setup node 0 [mem 0x0000000000001000-0x000000007ffdffff]
[    0.106140] On node 0, zone DMA: 1 pages in unavailable ranges
[    0.106930] On node 0, zone DMA: 97 pages in unavailable ranges
[    0.135107] On node 0, zone DMA32: 32 pages in unavailable ranges
[    0.135741] setup_percpu: NR_CPUS:8192 nr_cpumask_bits:2 nr_cpu_ids:2 nr_node_ids:1
[    0.136860] percpu: Embedded 81 pages/cpu s294912 r8192 d28672 u1048576
[    0.137640] kvm-guest: PV spinlocks enabled
[    0.138047] PV qspinlock hash table entries: 256 (order: 0, 4096 bytes, linear)
[    0.138794] Kernel command line: net.ifnames=0 console=ttyS0 root=/dev/sda earlyprintk=serial net.ifnames=0 thunderbolt.dyndbg
[    0.140225] random: crng init done
[    0.140564] printk: log buffer data + meta data: 262144 + 1114112 = 1376256 bytes
[    0.141673] Dentry cache hash table entries: 262144 (order: 9, 2097152 bytes, linear)
[    0.142782] Inode-cache hash table entries: 131072 (order: 8, 1048576 bytes, linear)
[    0.143843] Fallback order for Node 0: 0 
[    0.143854] Built 1 zonelists, mobility grouping on.  Total pages: 524158
[    0.144883] Policy zone: DMA32
[    0.145177] mem auto-init: stack:off, heap alloc:off, heap free:off
[    0.145777] stackdepot: allocating hash table via alloc_large_system_hash
[    0.146425] stackdepot hash table entries: 1048576 (order: 12, 16777216 bytes, linear)
[    0.149931] stackdepot: allocating space for 8192 stack pools via memblock
[    0.186771] SLUB: HWalign=64, Order=0-3, MinObjects=0, CPUs=2, Nodes=1
[    0.187391] kmemleak: Kernel memory leak detector disabled
[    0.227264] ftrace: allocating 76246 entries in 300 pages
[    0.227785] ftrace: allocated 300 pages with 4 groups
[    0.231242] Dynamic Preempt: lazy
[    0.232195] Running RCU self tests
[    0.232521] Running RCU synchronous self tests
[    0.232957] rcu: Preemptible hierarchical RCU implementation.
[    0.233502] rcu: 	RCU lockdep checking is enabled.
[    0.233969] rcu: 	RCU restricting CPUs from NR_CPUS=8192 to nr_cpu_ids=2.
[    0.234615] 	Trampoline variant of Tasks RCU enabled.
[    0.235104] 	Rude variant of Tasks RCU enabled.
[    0.235535] 	Tracing variant of Tasks RCU enabled.
[    0.236001] rcu: RCU calculated value of scheduler-enlistment delay is 25 jiffies.
[    0.236714] rcu: Adjusting geometry for rcu_fanout_leaf=16, nr_cpu_ids=2
[    0.237449] Running RCU synchronous self tests
[    0.237890] RCU Tasks: Setting shift to 1 and lim to 1 rcu_task_cb_adjust=1 rcu_task_cpu_ids=2.
[    0.238719] RCU Tasks Rude: Setting shift to 1 and lim to 1 rcu_task_cb_adjust=1 rcu_task_cpu_ids=2.
[    0.318157] NR_IRQS: 524544, nr_irqs: 440, preallocated irqs: 16
[    0.319387] rcu: srcu_init: Setting srcu_struct sizes based on contention.
[    0.328906] Console: colour VGA+ 80x25
[    0.329336] printk: legacy console [ttyS0] enabled
[    0.329336] printk: legacy console [ttyS0] enabled
[    0.330275] printk: legacy bootconsole [earlyser0] disabled
[    0.330275] printk: legacy bootconsole [earlyser0] disabled
[    0.331357] Lock dependency validator: Copyright (c) 2006 Red Hat, Inc., Ingo Molnar
[    0.332098] ... MAX_LOCKDEP_SUBCLASSES:  8
[    0.332510] ... MAX_LOCK_DEPTH:          48
[    0.332913] ... MAX_LOCKDEP_KEYS:        8192
[    0.333337] ... CLASSHASH_SIZE:          4096
[    0.333779] ... MAX_LOCKDEP_ENTRIES:     32768
[    0.334217] ... MAX_LOCKDEP_CHAINS:      65536
[    0.334660] ... CHAINHASH_SIZE:          32768
[    0.335108]  memory used by lock dependency info: 6429 kB
[    0.335640]  memory used for stack traces: 16896 kB
[    0.336129]  per task-struct memory footprint: 1920 bytes
[    0.336784] ACPI: Core revision 20251212
[    0.337691] clocksource: hpet: mask: 0xffffffff max_cycles: 0xffffffff, max_idle_ns: 19112604467 ns
[    0.338787] APIC: Switch to symmetric I/O mode setup
[    0.339580] x2apic enabled
[    0.340279] APIC: Switched APIC routing to: physical x2apic
[    0.340844] kvm-guest: APIC: send_IPI_mask() replaced with kvm_send_ipi_mask()
[    0.341572] kvm-guest: APIC: send_IPI_mask_allbutself() replaced with kvm_send_ipi_mask_allbutself()
[    0.342470] kvm-guest: setup PV IPIs
[    0.344133] ..TIMER: vector=0x30 apic1=0 pin1=2 apic2=-1 pin2=-1
[    0.344756] clocksource: tsc-early: mask: 0xffffffffffffffff max_cycles: 0x240939f1bb2, max_idle_ns: 440795263295 ns
[    0.345805] Calibrating delay loop (skipped) preset value.. 5000.00 BogoMIPS (lpj=10000000)
[    0.346798] x86/cpu: User Mode Instruction Prevention (UMIP) activated
[    0.349906] Last level iTLB entries: 4KB 0, 2MB 0, 4MB 0
[    0.350441] Last level dTLB entries: 4KB 0, 2MB 0, 4MB 0, 1GB 0
[    0.351061] mitigations: Enabled attack vectors: user_kernel, user_user, guest_host, guest_guest, SMT mitigations: auto
[    0.352128] Speculative Store Bypass: Mitigation: Speculative Store Bypass disabled via prctl
[    0.352952] Spectre V2 : Mitigation: Enhanced / Automatic IBRS
[    0.353800] ITS: Mitigation: Aligned branch/return thunks
[    0.354338] Spectre V1 : Mitigation: usercopy/swapgs barriers and __user pointer sanitization
[    0.355161] Spectre V2 : WARNING: Unprivileged eBPF is enabled with eIBRS on, data leaks possible via Spectre v2 BHB attacks!
[    0.356258] Spectre V2 : Spectre v2 / PBRSB-eIBRS: Retire a single CALL on VMEXIT
[    0.356970] Spectre V2 : mitigation: Enabling conditional Indirect Branch Prediction Barrier
[    0.357803] active return thunk: its_return_thunk
[    0.358279] Spectre V2 : Spectre BHI mitigation: SW BHB clearing on syscall and VM exit
[    0.359075] x86/fpu: Supporting XSAVE feature 0x001: 'x87 floating point registers'
[    0.359800] x86/fpu: Supporting XSAVE feature 0x002: 'SSE registers'
[    0.360405] x86/fpu: Supporting XSAVE feature 0x004: 'AVX registers'
[    0.361006] x86/fpu: Supporting XSAVE feature 0x020: 'AVX-512 opmask'
[    0.361799] x86/fpu: Supporting XSAVE feature 0x040: 'AVX-512 Hi256'
[    0.362409] x86/fpu: Supporting XSAVE feature 0x080: 'AVX-512 ZMM_Hi256'
[    0.363042] x86/fpu: Supporting XSAVE feature 0x200: 'Protection Keys User registers'
[    0.363786] x86/fpu: Supporting XSAVE feature 0x20000: 'AMX Tile config'
[    0.364422] x86/fpu: Supporting XSAVE feature 0x40000: 'AMX Tile data'
[    0.365042] x86/fpu: xstate_offset[2]:  576, xstate_sizes[2]:  256
[    0.365796] x86/fpu: xstate_offset[5]:  832, xstate_sizes[5]:   64
[    0.366384] x86/fpu: xstate_offset[6]:  896, xstate_sizes[6]:  512
[    0.366978] x86/fpu: xstate_offset[7]: 1408, xstate_sizes[7]: 1024
[    0.367572] x86/fpu: xstate_offset[9]: 2432, xstate_sizes[9]:    8
[    0.368161] x86/fpu: xstate_offset[17]: 2496, xstate_sizes[17]:   64
[    0.368769] x86/fpu: xstate_offset[18]: 2560, xstate_sizes[18]: 8192
[    0.369378] x86/fpu: Enabled xstate features 0x602e7, context size is 10752 bytes, using 'compacted' format.
[    0.536880] pid_max: default: 32768 minimum: 301
[    0.537706] Yama: becoming mindful.
[    0.538293] Mount-cache hash table entries: 4096 (order: 3, 32768 bytes, linear)
[    0.539026] Mountpoint-cache hash table entries: 4096 (order: 3, 32768 bytes, linear)
[    0.540431] VFS: Finished mounting rootfs on nullfs
[    0.542540] Running RCU synchronous self tests
[    0.542980] Running RCU synchronous self tests
[    0.543760] smpboot: CPU0: Intel GENUINE INTEL(R) XEON(R) (family: 0x6, model: 0xad, stepping: 0x0)
[    0.545459] Performance Events: PEBS fmt0-, Granite Rapids events, 
[    0.545541] core: The event 0x400 is not supported as a normal event.
[    0.545792] core: The event 0x8000 is not supported as a normal event.
[    0.545792] core: The event 0x8100 is not supported as a normal event.
[    0.545808] core: The event 0x8200 is not supported as a normal event.
[    0.546443] core: The event 0x8300 is not supported as a normal event.
[    0.547070] core: The event 0x8400 is not supported as a normal event.
[    0.547702] core: The event 0x8500 is not supported as a normal event.
[    0.548329] core: The event 0x8600 is not supported as a normal event.
[    0.548966] core: The event 0x8700 is not supported as a normal event.
[    0.549622] full-width counters, Intel PMU driver.
[    0.549804] ... version:                   2
[    0.550229] ... bit width:                 48
[    0.550653] ... generic counters:          8
[    0.551076] ... generic bitmap:            00000000000000ff
[    0.551614] ... fixed-purpose counters:    3
[    0.552033] ... fixed-purpose bitmap:      0000000000000007
[    0.552579] ... value mask:                0000ffffffffffff
[    0.553127] ... max period:                00007fffffffffff
[    0.553667] ... global_ctrl mask:          00000007000000ff
[    0.554334] signal: max sigframe size: 11952
[    0.554909] rcu: Hierarchical SRCU implementation.
[    0.555377] rcu: 	Max phase no-delay instances is 1000.
[    0.556105] Timer migration: 1 hierarchy levels; 8 children per group; 1 crossnode level
[    0.579720] smp: Bringing up secondary CPUs ...
[    0.580790] smpboot: x86: Booting SMP configuration:
[    0.581291] .... node  #0, CPUs:      #1
[    0.582105] smp: Brought up 1 node, 2 CPUs
[    0.582650] smpboot: Total of 2 processors activated (10000.00 BogoMIPS)
[    0.584145] Memory: 1574872K/2096632K available (81902K kernel code, 15886K rwdata, 19560K rodata, 16684K init, 34600K bss, 509384K reserved, 0K cma-reserved)
[    0.586748] devtmpfs: initialized
[    0.586987] x86/mm: Memory block size: 128MB
[    0.599516] Running RCU synchronous self tests
[    0.599516] Running RCU synchronous self tests
[    0.601901] Running RCU Tasks wait API self tests
[    0.602356] Running RCU Tasks Rude wait API self tests
[    0.602356] Running RCU Tasks Trace wait API self tests
[    0.602923] clocksource: jiffies: mask: 0xffffffff max_cycles: 0xffffffff, max_idle_ns: 7645041785100000 ns
[    0.605866] posixtimers hash table entries: 1024 (order: 5, 73728 bytes, linear)
[    0.606633] futex hash table entries: 512 (65536 bytes on 1 NUMA nodes, total 64 KiB, linear).
[    0.609616] 
[    0.609783] *************************************************************
[    0.609824] **     NOTICE NOTICE NOTICE NOTICE NOTICE NOTICE NOTICE    **
[    0.610491] **                                                         **
[    0.611156] **  IOMMU DebugFS SUPPORT HAS BEEN ENABLED IN THIS KERNEL  **
[    0.611813] **                                                         **
[    0.612475] ** This means that this kernel is built to expose internal **
[    0.613137] ** IOMMU data structures, which may compromise security on **
[    0.613796] ** your system.                                            **
[    0.614459] **                                                         **
[    0.615127] ** If you see this message and you are not debugging the   **
[    0.615783] ** kernel, report this immediately to your vendor!         **
[    0.616449] **                                                         **
[    0.617116] **     NOTICE NOTICE NOTICE NOTICE NOTICE NOTICE NOTICE    **
[    0.617777] *************************************************************
[    0.617886] PM: RTC time: 02:50:13, date: 2026-05-06
[    0.620842] NET: Registered PF_NETLINK/PF_ROUTE protocol family
[    0.623261] DMA: preallocated 256 KiB GFP_KERNEL|GFP_DMA pool for atomic allocations
[    0.624042] DMA: preallocated 256 KiB GFP_KERNEL|GFP_DMA32 pool for atomic allocations
[    0.624911] audit: initializing netlink subsys (disabled)
[    0.625814] audit: type=2000 audit(1778035813.676:1): state=initialized audit_enabled=0 res=1
[    0.625797] thermal_sys: Registered thermal governor 'fair_share'
[    0.625797] thermal_sys: Registered thermal governor 'bang_bang'
[    0.625805] thermal_sys: Registered thermal governor 'step_wise'
[    0.626394] thermal_sys: Registered thermal governor 'user_space'
[    0.627055] cpuidle: using governor ladder
[    0.629844] Callback from call_rcu_tasks_trace() invoked.
[    0.631381] cpuidle: using governor menu
[    0.631381] Freeing SMP alternatives memory: 64K
[    0.631381] acpiphp: ACPI Hot Plug PCI Controller Driver version: 0.5
[    0.632392] PCI: Using configuration type 1 for base access
[    0.633147] virt/tdx: TDX not supported by the host platform
[    0.634175] kprobes: kprobe jump-optimization is enabled. All kprobes are optimized if possible.
[    0.642266] HugeTLB: registered 1.00 GiB page size, pre-allocated 0 pages
[    0.645824] HugeTLB: 16380 KiB vmemmap can be freed for a 1.00 GiB page
[    0.646484] HugeTLB: registered 2.00 MiB page size, pre-allocated 0 pages
[    0.647151] HugeTLB: 28 KiB vmemmap can be freed for a 2.00 MiB page
[    0.691966] ACPI: Added _OSI(Module Device)
[    0.692408] ACPI: Added _OSI(Processor Device)
[    0.692848] ACPI: Added _OSI(Processor Aggregator Device)
[    0.737798] ACPI: 1 ACPI AML tables successfully acquired and loaded
[    0.801820] ACPI: \_SB_: platform _OSC: OS support mask [002e7eff]
[    0.805467] ACPI: Interpreter enabled
[    0.805949] ACPI: PM: (supports S0 S3 S4 S5)
[    0.806377] ACPI: Using IOAPIC for interrupt routing
[    0.806992] PCI: Using host bridge windows from ACPI; if necessary, use "pci=nocrs" and report a bug
[    0.807882] PCI: Using E820 reservations for host bridge windows
[    0.809956] ACPI: Enabled 2 GPEs in block 00 to 0F
[    0.858891] ACPI: PCI Root Bridge [PCI0] (domain 0000 [bus 00-ff])
[    0.859534] acpi PNP0A03:00: _OSC: OS supports [ASPM ClockPM Segments MSI EDR HPX-Type3]
[    0.860325] acpi PNP0A03:00: _OSC: not requesting OS control; OS requires [ExtendedConfig ASPM ClockPM MSI]
[    0.861350] acpi PNP0A03:00: _OSC: platform retains control of PCIe features (AE_ERROR)
[    0.861901] acpi PNP0A03:00: fail to add MMCONFIG information, can't access extended configuration space under this bridge
[    0.868556] acpiphp: Slot [3] registered
[    0.869093] acpiphp: Slot [4] registered
[    0.869644] acpiphp: Slot [5] registered
[    0.869964] acpiphp: Slot [6] registered
[    0.870518] acpiphp: Slot [7] registered
[    0.871073] acpiphp: Slot [8] registered
[    0.871628] acpiphp: Slot [9] registered
[    0.872185] acpiphp: Slot [10] registered
[    0.872742] acpiphp: Slot [11] registered
[    0.873300] acpiphp: Slot [12] registered
[    0.873856] acpiphp: Slot [13] registered
[    0.874415] acpiphp: Slot [14] registered
[    0.874977] acpiphp: Slot [15] registered
[    0.875530] acpiphp: Slot [16] registered
[    0.876094] acpiphp: Slot [17] registered
[    0.876652] acpiphp: Slot [18] registered
[    0.877208] acpiphp: Slot [19] registered
[    0.877767] acpiphp: Slot [20] registered
[    0.877955] acpiphp: Slot [21] registered
[    0.878517] acpiphp: Slot [22] registered
[    0.879067] acpiphp: Slot [23] registered
[    0.879631] acpiphp: Slot [24] registered
[    0.880183] acpiphp: Slot [25] registered
[    0.880746] acpiphp: Slot [26] registered
[    0.881300] acpiphp: Slot [27] registered
[    0.881894] acpiphp: Slot [28] registered
[    0.882448] acpiphp: Slot [29] registered
[    0.883007] acpiphp: Slot [30] registered
[    0.883564] acpiphp: Slot [31] registered
[    0.884031] PCI host bridge to bus 0000:00
[    0.884500] pci_bus 0000:00: root bus resource [io  0x0000-0x0cf7 window]
[    0.885166] pci_bus 0000:00: root bus resource [io  0x0d00-0xffff window]
[    0.885801] pci_bus 0000:00: root bus resource [mem 0x000a0000-0x000bffff window]
[    0.886536] pci_bus 0000:00: root bus resource [mem 0x80000000-0xfebfffff window]
[    0.887261] pci_bus 0000:00: root bus resource [mem 0x100000000-0x17fffffff window]
[    0.888010] pci_bus 0000:00: root bus resource [bus 00-ff]
[    0.888665] pci 0000:00:00.0: [8086:1237] type 00 class 0x060000 conventional PCI endpoint
[    0.891242] pci 0000:00:01.0: [8086:7000] type 00 class 0x060100 conventional PCI endpoint
[    0.893631] pci 0000:00:01.1: [8086:7010] type 00 class 0x010180 conventional PCI endpoint
[    0.894368] pci 0000:00:01.1: BAR 4 [io  0xc040-0xc04f]
[    0.894915] pci 0000:00:01.1: BAR 0 [io  0x01f0-0x01f7]: legacy IDE quirk
[    0.895568] pci 0000:00:01.1: BAR 1 [io  0x03f6]: legacy IDE quirk
[    0.896166] pci 0000:00:01.1: BAR 2 [io  0x0170-0x0177]: legacy IDE quirk
[    0.896823] pci 0000:00:01.1: BAR 3 [io  0x0376]: legacy IDE quirk
[    0.898711] pci 0000:00:01.3: [8086:7113] type 00 class 0x068000 conventional PCI endpoint
[    0.899830] pci 0000:00:01.3: quirk: [io  0x0600-0x063f] claimed by PIIX4 ACPI
[    0.900521] pci 0000:00:01.3: quirk: [io  0x0700-0x070f] claimed by PIIX4 SMB
[    0.902483] pci 0000:00:02.0: [1234:1111] type 00 class 0x030000 conventional PCI endpoint
[    0.906311] pci 0000:00:02.0: BAR 0 [mem 0xfd000000-0xfdffffff pref]
[    0.906955] pci 0000:00:02.0: BAR 2 [mem 0xfebf0000-0xfebf0fff]
[    0.907565] pci 0000:00:02.0: ROM [mem 0xfebe0000-0xfebeffff pref]
[    0.908277] pci 0000:00:02.0: Video device with shadowed ROM at [mem 0x000c0000-0x000dffff]
[    0.910427] pci 0000:00:03.0: [8086:100e] type 00 class 0x020000 conventional PCI endpoint
[    0.914299] pci 0000:00:03.0: BAR 0 [mem 0xfebc0000-0xfebdffff]
[    0.914945] pci 0000:00:03.0: BAR 1 [io  0xc000-0xc03f]
[    0.915547] pci 0000:00:03.0: ROM [mem 0xfeb80000-0xfebbffff pref]
[    0.944600] ACPI: PCI: Interrupt link LNKA configured for IRQ 10
[    0.946362] ACPI: PCI: Interrupt link LNKB configured for IRQ 10
[    0.948031] ACPI: PCI: Interrupt link LNKC configured for IRQ 11
[    0.949930] ACPI: PCI: Interrupt link LNKD configured for IRQ 11
[    0.951015] ACPI: PCI: Interrupt link LNKS configured for IRQ 9
[    0.955489] iommu: Default domain type: Translated
[    0.955980] iommu: DMA domain TLB invalidation policy: lazy mode
[    0.960430] SCSI subsystem initialized
[    0.962231] ACPI: bus type USB registered
[    0.962895] usbcore: registered new interface driver usbfs
[    0.963567] usbcore: registered new interface driver hub
[    0.964173] usbcore: registered new device driver usb
[    0.965051] pps_core: LinuxPPS API ver. 1 registered
[    0.965551] pps_core: Software ver. 5.3.6 - Copyright 2005-2007 Rodolfo Giometti <giometti@linux.it>
[    0.965828] PTP clock support registered
[    0.969940] EDAC MC: Ver: 3.0.0
[    0.976946] NetLabel: Initializing
[    0.977305] NetLabel:  domain hash size = 128
[    0.977744] NetLabel:  protocols = UNLABELED CIPSOv4 CALIPSO
[    0.977949] NetLabel:  unlabeled traffic allowed by default
[    0.978788] PCI: Using ACPI for IRQ routing
[    0.981830] e820: register RAM buffer resource [mem 0x0009fc00-0x0009ffff]
[    0.982473] e820: register RAM buffer resource [mem 0x7ffe0000-0x7fffffff]
[    0.983480] pci 0000:00:02.0: vgaarb: setting as boot VGA device
[    0.984095] pci 0000:00:02.0: vgaarb: bridge control possible
[    0.984638] pci 0000:00:02.0: vgaarb: VGA device added: decodes=io+mem,owns=io+mem,locks=none
[    0.985426] vgaarb: loaded
[    0.986208] hpet0: at MMIO 0xfed00000, IRQs 2, 8, 0
[    0.986688] hpet0: 3 comparators, 64-bit 100.000000 MHz counter
[    0.989488] clocksource: Switched to clocksource kvm-clock
[    0.989792] VFS: Disk quotas dquot_6.6.0
[    0.989792] VFS: Dquot-cache hash table entries: 512 (order 0, 4096 bytes)
[    0.991720] pnp: PnP ACPI init
[    0.996381] pnp: PnP ACPI: found 5 devices
[    1.018930] clocksource: acpi_pm: mask: 0xffffff max_cycles: 0xffffff, max_idle_ns: 2085701024 ns
[    1.020354] NET: Registered PF_INET protocol family
[    1.020979] IP idents hash table entries: 32768 (order: 6, 262144 bytes, linear)
[    1.023334] tcp_listen_portaddr_hash hash table entries: 1024 (order: 5, 73728 bytes, linear)
[    1.024250] Table-perturb hash table entries: 65536 (order: 6, 262144 bytes, linear)
[    1.025096] TCP established hash table entries: 16384 (order: 5, 131072 bytes, linear)
[    1.026262] TCP bind hash table entries: 16384 (order: 10, 2359296 bytes, linear)
[    1.027937] TCP: Hash tables configured (established 16384 bind 16384)
[    1.028707] UDP hash table entries: 1024 (order: 6, 262144 bytes, linear)
[    1.029765] NET: Registered PF_UNIX/PF_LOCAL protocol family
[    1.033239] RPC: Registered named UNIX socket transport module.
[    1.033911] RPC: Registered udp transport module.
[    1.034427] RPC: Registered tcp transport module.
[    1.034911] RPC: Registered tcp-with-tls transport module.
[    1.035452] RPC: Registered tcp NFSv4.1 backchannel transport module.
[    1.036116] pci_bus 0000:00: resource 4 [io  0x0000-0x0cf7 window]
[    1.036734] pci_bus 0000:00: resource 5 [io  0x0d00-0xffff window]
[    1.037345] pci_bus 0000:00: resource 6 [mem 0x000a0000-0x000bffff window]
[    1.038041] pci_bus 0000:00: resource 7 [mem 0x80000000-0xfebfffff window]
[    1.038723] pci_bus 0000:00: resource 8 [mem 0x100000000-0x17fffffff window]
[    1.039826] pci 0000:00:01.0: PIIX3: Enabling Passive Release
[    1.040406] pci 0000:00:00.0: Limiting direct PCI/PCI transfers
[    1.041086] PCI: CLS 0 bytes, default 64
[    1.041580] ACPI: bus type thunderbolt registered
[    1.042484] clocksource: tsc: mask: 0xffffffffffffffff max_cycles: 0x240939f1bb2, max_idle_ns: 440795263295 ns
[    1.054328] Initialise system trusted keyrings
[    1.054907] Key type blacklist registered
[    1.057119] workingset: timestamp_bits=36 (anon: 32) max_order=19 bucket_order=0 (anon: 0)
[    1.060527] squashfs: version 4.0 (2009/01/31) Phillip Lougher
[    1.063621] NFS: Registering the id_resolver key type
[    1.064171] Key type id_resolver registered
[    1.064623] Key type id_legacy registered
[    1.065076] nfs4filelayout_init: NFSv4 File Layout Driver Registering...
[    1.065793] nfs4flexfilelayout_init: NFSv4 Flexfile Layout Driver Registering...
[    1.066895] fuse: init (API version 7.45)
[    1.067979] SGI XFS with ACLs, security attributes, realtime, quota, no debug enabled
[    1.071721] 9p: Installing v9fs 9p2000 file system support
[    1.086319] Key type asymmetric registered
[    1.086746] Asymmetric key parser 'x509' registered
[    1.087375] Block layer SCSI generic (bsg) driver version 0.4 loaded (major 241)
[    1.088312] io scheduler mq-deadline registered
[    1.088899] io scheduler bfq registered
[    1.091049] ledtrig-cpu: registered to indicate activity on CPUs
[    1.093492] IPMI message handler: version 39.2
[    1.094078] ipmi device interface
[    1.098210] input: Power Button as /devices/platform/LNXPWRBN:00/input/input0
[    1.099337] ACPI: button: Power Button [PWRF]
[    1.102857] ERST DBG: ERST support is disabled.
[    1.104890] Serial: 8250/16550 driver, 32 ports, IRQ sharing enabled
[    1.107221] 00:04: ttyS0 at I/O 0x3f8 (irq = 4, base_baud = 115200) is a 16550A
[    1.147524] ACPI: bus type drm_connector registered
[    1.176400] brd: module loaded
[    1.193992] loop: module loaded
[    1.207638] scsi host0: ata_piix
[    1.210016] scsi host1: ata_piix
[    1.210938] ata1: PATA max MWDMA2 cmd 0x1f0 ctl 0x3f6 bmdma 0xc040 irq 14 lpm-pol 0
[    1.211694] ata2: PATA max MWDMA2 cmd 0x170 ctl 0x376 bmdma 0xc048 irq 15 lpm-pol 0
[    1.215716] tun: Universal TUN/TAP device driver, 1.6
[    1.216532] e100: Intel(R) PRO/100 Network Driver
[    1.216973] e100: Copyright(c) 1999-2006 Intel Corporation
[    1.217620] e1000: Intel(R) PRO/1000 Network Driver
[    1.218089] e1000: Copyright (c) 1999-2006 Intel Corporation.
[    1.369870] ata1: found unknown device (class 0)
[    1.370987] ata2: found unknown device (class 0)
[    1.371679] ata1.00: Model 'QEMU HARDDISK', rev '2.5+', applying quirks: bridgeok
[    1.372414] ata1.00: ATA-7: QEMU HARDDISK, 2.5+, max UDMA/100
[    1.372985] ata1.00: 17196647 sectors, multi 16: LBA48 
[    1.374051] ata2.00: ATAPI: QEMU DVD-ROM, 2.5+, max UDMA/100
[    1.376200] scsi 0:0:0:0: Direct-Access     ATA      QEMU HARDDISK    2.5+ PQ: 0 ANSI: 5
[    1.379770] sd 0:0:0:0: [sda] 17196647 512-byte logical blocks: (8.80 GB/8.20 GiB)
[    1.380602] sd 0:0:0:0: [sda] Write Protect is off
[    1.381200] sd 0:0:0:0: Attached scsi generic sg0 type 0
[    1.381815] sd 0:0:0:0: [sda] Write cache: enabled, read cache: enabled, doesn't support DPO or FUA
[    1.382814] sd 0:0:0:0: [sda] Preferred minimum I/O size 512 bytes
[    1.388689] scsi 1:0:0:0: CD-ROM            QEMU     QEMU DVD-ROM     2.5+ PQ: 0 ANSI: 5
[    1.422998] scsi 1:0:0:0: Attached scsi generic sg1 type 5
[    1.428723] sd 0:0:0:0: [sda] Attached SCSI disk
[    2.112112] ACPI: \_SB_.LNKC: Enabled at IRQ 11
[    2.426353] e1000 0000:00:03.0 eth0: (PCI:33MHz:32-bit) 52:54:00:12:34:56
[    2.427044] e1000 0000:00:03.0 eth0: Intel(R) PRO/1000 Network Connection
[    2.427939] e1000e: Intel(R) PRO/1000 Network Driver
[    2.428424] e1000e: Copyright(c) 1999 - 2015 Intel Corporation.
[    2.429169] igb: Intel(R) Gigabit Ethernet Network Driver
[    2.429700] igb: Copyright (c) 2007-2014 Intel Corporation.
[    2.430677] PPP generic driver version 2.4.2
[    2.431835] VFIO - User Level meta-driver version: 0.3
[    2.433811] usbcore: registered new interface driver uas
[    2.434475] usbcore: registered new interface driver usb-storage
[    2.435373] i8042: PNP: PS/2 Controller [PNP0303:KBD,PNP0f13:MOU] at 0x60,0x64 irq 1,12
[    2.437211] serio: i8042 KBD port at 0x60,0x64 irq 1
[    2.438275] serio: i8042 AUX port at 0x60,0x64 irq 12
[    2.439674] mousedev: PS/2 mouse device common for all mice
[    2.441879] input: AT Translated Set 2 keyboard as /devices/platform/i8042/serio0/input/input1
[    2.443667] rtc_cmos PNP0B00:00: RTC can wake from S4
[    2.446651] rtc_cmos PNP0B00:00: registered as rtc0
[    2.447393] rtc_cmos PNP0B00:00: setting system clock to 2026-05-06T02:50:15 UTC (1778035815)
[    2.448510] rtc_cmos PNP0B00:00: alarms up to one day, y3k, 242 bytes nvram, hpet irqs
[    2.449930] input: VirtualPS/2 VMware VMMouse as /devices/platform/i8042/serio1/input/input4
[    2.451508] i2c_dev: i2c /dev entries driver
[    2.452025] device-mapper: core: CONFIG_IMA_DISABLE_HTABLE is disabled. Duplicate IMA measurements will not be recorded in the IMA log.
[    2.453277] device-mapper: uevent: version 1.0.3
[    2.454179] device-mapper: ioctl: 4.50.0-ioctl (2025-04-28) initialised: dm-devel@lists.linux.dev
[    2.455034] intel_pstate: CPU model not supported
[    2.456671] drop_monitor: Initializing network drop monitor service
[    2.457698] input: VirtualPS/2 VMware VMMouse as /devices/platform/i8042/serio1/input/input3
[    2.459511] NET: Registered PF_INET6 protocol family
[    2.461903] Segment Routing with IPv6
[    2.462356] In-situ OAM (IOAM) with IPv6
[    2.462822] NET: Registered PF_PACKET protocol family
[    2.464761] 9pnet: Installing 9P2000 support
[    2.465324] Key type dns_resolver registered
[    2.468190] IPI shorthand broadcast: enabled
[    2.542915] sched_clock: Marking stable (2524003457, 17731628)->(2560822798, -19087713)
[    2.544933] registered taskstats version 1
[    2.546186] Loading compiled-in X.509 certificates
[    2.643185] Demotion targets for Node 0: null
[    2.644976] Key type .fscrypt registered
[    2.645387] Key type fscrypt-provisioning registered
[    2.648757] Key type encrypted registered
[    2.649204] ima: No TPM chip found, activating TPM-bypass!
[    2.649866] ima: Allocated hash algorithm: sha1
[    2.650396] ima: No architecture policies found
[    2.651014] evm: Initialising EVM extended attributes:
[    2.651528] evm: security.selinux
[    2.651866] evm: security.SMACK64
[    2.652200] evm: security.SMACK64EXEC
[    2.652573] evm: security.SMACK64TRANSMUTE
[    2.652979] evm: security.SMACK64MMAP
[    2.653342] evm: security.apparmor
[    2.653688] evm: security.ima
[    2.653996] evm: security.capability
[    2.654355] evm: HMAC attrs: 0x1
[    2.657351] PM:   Magic number: 10:440:813
[    2.659819] RAS: Correctable Errors collector initialized.
[    3.878208] clk: Disabling unused clocks
[    3.878716] PM: genpd: Disabling unused power domains
[    3.880004] md: Waiting for all devices to be available before autodetect
[    3.880468] md: If you don't use raid, use raid=noautodetect
[    3.880864] md: Autodetecting RAID arrays.
[    3.881138] md: autorun ...
[    3.881337] md: ... autorun DONE.
[    3.892979] EXT4-fs (sda): INFO: recovery required on readonly filesystem
[    3.893445] EXT4-fs (sda): write access will be enabled during recovery
[    3.946002] EXT4-fs (sda): recovery complete
[    3.946812] Callback from call_rcu_tasks() invoked.
[    3.949203] EXT4-fs (sda): mounted filesystem 088740a9-c8b4-422c-999d-a804eb68a4da ro with ordered data mode. Quota mode: none.
[    3.950064] VFS: Mounted root (ext4 filesystem) readonly on device 8:0.
[    3.953201] devtmpfs: mounted
[    3.953882] VFS: Pivoted into new rootfs
[    3.975357] Freeing unused decrypted memory: 2036K
[    3.981006] Freeing unused kernel image (initmem) memory: 16684K
[    3.981515] Write protecting the kernel read-only data: 102400k
[    3.983733] Freeing unused kernel image (text/rodata gap) memory: 16K
[    3.985176] Freeing unused kernel image (rodata/data gap) memory: 920K
[    5.007472] x86/mm: Checked W+X mappings: passed, no W+X pages found.
[    5.007921] Run /sbin/init as init process
[    5.203747] systemd[1]: systemd 252-15.el9 running in system mode (+PAM +AUDIT +SELINUX -APPARMOR +IMA +SMACK +SECCOMP +GCRYPT +GNUTLS +OPENSSL +ACL +BLKID +CURL +ELFUTILS -FIDO2 +IDN2 -IDN -IPTC +KMOD +LIBCRYPTSETUP +LIBFDISK +PCRE2 -PWQUALITY +P11KIT -QRENCODE +TPM2 +BZIP2 +LZ4 +XZ +ZLIB +ZSTD -BPF_FRAMEWORK +XKBCOMMON +UTMP +SYSVINIT default-hierarchy=unified)
[    5.206071] systemd[1]: Detected virtualization kvm.
[    5.206433] systemd[1]: Detected architecture x86-64.

Welcome to [0;31mCentOS Stream 9[0m!

[    5.214360] systemd[1]: Hostname set to <test>.
[    5.395053] systemd-rc-local-generator[122]: /etc/rc.d/rc.local is not marked executable, skipping.
[    5.825688] systemd[1]: Queued start job for default target Multi-User System.
[    5.844868] systemd[1]: Created slice Virtual Machine and Container Slice.
[[0;32m  OK  [0m] Created slice [0;1;39mVirtual Machine and Container Slice[0m.
[    5.850621] systemd[1]: Created slice Slice /system/getty.
[[0;32m  OK  [0m] Created slice [0;1;39mSlice /system/getty[0m.
[    5.854380] systemd[1]: Created slice Slice /system/modprobe.
[[0;32m  OK  [0m] Created slice [0;1;39mSlice /system/modprobe[0m.
[    5.858024] systemd[1]: Created slice Slice /system/serial-getty.
[[0;32m  OK  [0m] Created slice [0;1;39mSlice /system/serial-getty[0m.
[    5.861407] systemd[1]: Created slice Slice /system/sshd-keygen.
[[0;32m  OK  [0m] Created slice [0;1;39mSlice /system/sshd-keygen[0m.
[    5.864672] systemd[1]: Created slice User and Session Slice.
[[0;32m  OK  [0m] Created slice [0;1;39mUser and Session Slice[0m.
[    5.866342] systemd[1]: Started Forward Password Requests to Wall Directory Watch.
[[0;32m  OK  [0m] Started [0;1;39mForward Password R…uests to Wall Directory Watch[0m.
[    5.868937] systemd[1]: Set up automount Arbitrary Executable File Formats File System Automount Point.
[[0;32m  OK  [0m] Set up automount [0;1;39mArbitrary…s File System Automount Point[0m.
[    5.870542] systemd[1]: Reached target Local Integrity Protected Volumes.
[[0;32m  OK  [0m] Reached target [0;1;39mLocal Integrity Protected Volumes[0m.
[    5.871960] systemd[1]: Reached target Slice Units.
[[0;32m  OK  [0m] Reached target [0;1;39mSlice Units[0m.
[    5.873024] systemd[1]: Reached target Swaps.
[[0;32m  OK  [0m] Reached target [0;1;39mSwaps[0m.
[    5.873962] systemd[1]: Reached target Local Verity Protected Volumes.
[[0;32m  OK  [0m] Reached target [0;1;39mLocal Verity Protected Volumes[0m.
[    5.875645] systemd[1]: Listening on Device-mapper event daemon FIFOs.
[[0;32m  OK  [0m] Listening on [0;1;39mDevice-mapper event daemon FIFOs[0m.
[    5.877552] systemd[1]: Listening on LVM2 poll daemon socket.
[[0;32m  OK  [0m] Listening on [0;1;39mLVM2 poll daemon socket[0m.
[    5.879206] systemd[1]: multipathd control socket was skipped because of an unmet condition check (ConditionPathExists=/etc/multipath.conf).
[    5.925509] systemd[1]: Listening on RPCbind Server Activation Socket.
[[0;32m  OK  [0m] Listening on [0;1;39mRPCbind Server Activation Socket[0m.
[    5.926809] systemd[1]: Reached target RPC Port Mapper.
[[0;32m  OK  [0m] Reached target [0;1;39mRPC Port Mapper[0m.
[    5.930175] systemd[1]: Listening on Process Core Dump Socket.
[[0;32m  OK  [0m] Listening on [0;1;39mProcess Core Dump Socket[0m.
[    5.931791] systemd[1]: Listening on initctl Compatibility Named Pipe.
[[0;32m  OK  [0m] Listening on [0;1;39minitctl Compatibility Named Pipe[0m.
[    5.933589] systemd[1]: Listening on Journal Socket (/dev/log).
[[0;32m  OK  [0m] Listening on [0;1;39mJournal Socket (/dev/log)[0m.
[    5.935287] systemd[1]: Listening on Journal Socket.
[[0;32m  OK  [0m] Listening on [0;1;39mJournal Socket[0m.
[    5.936918] systemd[1]: Listening on udev Control Socket.
[[0;32m  OK  [0m] Listening on [0;1;39mudev Control Socket[0m.
[    5.938337] systemd[1]: Listening on udev Kernel Socket.
[[0;32m  OK  [0m] Listening on [0;1;39mudev Kernel Socket[0m.
[    5.944719] systemd[1]: Mounting Huge Pages File System...
         Mounting [0;1;39mHuge Pages File System[0m...
[    5.951452] systemd[1]: Mounting POSIX Message Queue File System...
         Mounting [0;1;39mPOSIX Message Queue File System[0m...
[    5.964115] systemd[1]: Mounting Kernel Debug File System...
         Mounting [0;1;39mKernel Debug File System[0m...
[    5.972479] systemd[1]: Mounting Kernel Trace File System...
         Mounting [0;1;39mKernel Trace File System[0m...
[    5.974713] systemd[1]: Kernel Module supporting RPCSEC_GSS was skipped because of an unmet condition check (ConditionPathExists=/etc/krb5.keytab).
[    5.975760] systemd[1]: Create List of Static Device Nodes was skipped because of an unmet condition check (ConditionFileNotEmpty=/lib/modules/7.1.0-rc1-2aa0a3691711+/modules.devname).
[    5.982716] systemd[1]: Starting Monitoring of LVM2 mirrors, snapshots etc. using dmeventd or progress polling...
         Starting [0;1;39mMonitoring of LVM…meventd or progress polling[0m...
[    5.995883] systemd[1]: Starting Load Kernel Module configfs...
         Starting [0;1;39mLoad Kernel Module configfs[0m...
[    6.003556] systemd[1]: Starting Load Kernel Module drm...
         Starting [0;1;39mLoad Kernel Module drm[0m...
[    6.017652] systemd[1]: Starting Load Kernel Module fuse...
         Starting [0;1;39mLoad Kernel Module fuse[0m...
[    6.066649] systemd[1]: Starting Read and set NIS domainname from /etc/sysconfig/network...
         Starting [0;1;39mRead and set NIS …from /etc/sysconfig/network[0m...
[    6.080289] systemd[1]: Starting Journal Service...
         Starting [0;1;39mJournal Service[0m...
[    6.090212] systemd[1]: Starting Load Kernel Modules...
         Starting [0;1;39mLoad Kernel Modules[0m...
[    6.101433] systemd[1]: Starting Generate network units from Kernel command line...
         Starting [0;1;39mGenerate network …ts from Kernel command line[0m...
[    6.118201] systemd[1]: Starting Remount Root and Kernel File Systems...
         Starting [0;1;39mRemount Root and Kernel File Systems[0m...
[    6.124352] systemd[1]: Repartition Root Disk was skipped because no trigger condition checks were met.
[    6.144123] systemd[1]: Starting Coldplug All udev Devices...
         Starting [0;1;39mColdplug All udev Devices[0m...
[    6.177369] systemd[1]: Mounted Huge Pages File System.
[[0;32m  OK  [0m] Mounted [0;1;39mHuge Pages File System[0m.
[    6.182813] systemd[1]: Mounted POSIX Message Queue File System.
[[0;32m  OK  [0m] Mounted [0;1;39mPOSIX Message Queue File System[0m.
[    6.186367] systemd[1]: Mounted Kernel Debug File System.
[[0;32m  OK  [0m] Mounted [0;1;39mKernel Debug File System[0m.
[    6.190946] systemd[1]: Mounted Kernel Trace File System.
[[0;32m  OK  [0m] Mounted [0;1;39mKernel Trace File System[0m.
[    6.195466] systemd[1]: Finished Monitoring of LVM2 mirrors, snapshots etc. using dmeventd or progress polling.
[[0;32m  OK  [0m] Finished [0;1;39mMonitoring of LVM… dmeventd or progress polling[0m.
[    6.204164] systemd[1]: modprobe@configfs.service: Deactivated successfully.
[    6.207119] systemd[1]: Finished Load Kernel Module configfs.
[[0;32m  OK  [0m] Finished [0;1;39mLoad Kernel Module configfs[0m.
[    6.215020] EXT4-fs (sda): re-mounted 088740a9-c8b4-422c-999d-a804eb68a4da r/w.
[    6.216489] systemd[1]: modprobe@drm.service: Deactivated successfully.
[    6.221356] systemd[1]: Finished Load Kernel Module drm.
[[0;32m  OK  [0m] Finished [0;1;39mLoad Kernel Module drm[0m.
[    6.236622] systemd[1]: modprobe@fuse.service: Deactivated successfully.
[    6.240507] systemd[1]: Finished Load Kernel Module fuse.
[[0;32m  OK  [0m] Finished [0;1;39mLoad Kernel Module fuse[0m.
[    6.246467] systemd[1]: Finished Read and set NIS domainname from /etc/sysconfig/network.
[[0;32m  OK  [0m] Finished [0;1;39mRead and set NIS …e from /etc/sysconfig/network[0m.
[    6.249676] systemd[1]: Started Journal Service.
[[0;32m  OK  [0m] Started [0;1;39mJournal Service[0m.
[[0;1;31mFAILED[0m] Failed to start [0;1;39mLoad Kernel Modules[0m.
See 'systemctl status systemd-modules-load.service' for details.
[[0;32m  OK  [0m] Finished [0;1;39mGenerate network units from Kernel command line[0m.
[[0;32m  OK  [0m] Finished [0;1;39mRemount Root and Kernel File Systems[0m.
[[0;32m  OK  [0m] Reached target [0;1;39mPreparation for Network[0m.
         Mounting [0;1;39mFUSE Control File System[0m...
         Mounting [0;1;39mKernel Configuration File System[0m...
         Starting [0;1;39mFlush Journal to Persistent Storage[0m...
         Starting [0;1;39mLoad/Save Random Seed[0m...
         Starting [0;1;39mApply Kernel Variables[0m...
         Starting [0;1;39mCreate Static Device Nodes in /dev[0m...
[    6.349236] systemd-journald[144]: Received client request to flush runtime journal.
         Starting [0;1;39mSetup Virtual Console[0m...
[[0;32m  OK  [0m] Mounted [0;1;39mFUSE Control File System[0m.
[[0;32m  OK  [0m] Mounted [0;1;39mKernel Configuration File System[0m.
[[0;32m  OK  [0m] Finished [0;1;39mFlush Journal to Persistent Storage[0m.
[[0;32m  OK  [0m] Finished [0;1;39mLoad/Save Random Seed[0m.
[[0;32m  OK  [0m] Finished [0;1;39mApply Kernel Variables[0m.
[[0;32m  OK  [0m] Finished [0;1;39mCreate Static Device Nodes in /dev[0m.
         Starting [0;1;39mRule-based Manage…for Device Events and Files[0m...
[[0;32m  OK  [0m] Started [0;1;39mRule-based Manager for Device Events and Files[0m.
         Starting [0;1;39mAuto-connect to s…E devices found during boot[0m...
[[0;32m  OK  [0m] Finished [0;1;39mAuto-connect to s…VME devices found during boot[0m.
[[0;32m  OK  [0m] Finished [0;1;39mSetup Virtual Console[0m.
[[0;32m  OK  [0m] Finished [0;1;39mColdplug All udev Devices[0m.
         Starting [0;1;39mShow Plymouth Boot Screen[0m...
         Starting [0;1;39mWait for udev To …plete Device Initialization[0m...
[2J[3J[-1;-1f[[0;32m  OK  [0m] Started [0;1;39mShow Plymouth Boot Screen[0m.
[[0;32m  OK  [0m] Started [0;1;39mForward Password R…s to Plymouth Directory Watch[0m.
[[0;32m  OK  [0m] Reached target [0;1;39mLocal Encrypted Volumes[0m.
[[0;32m  OK  [0m] Reached target [0;1;39mPath Units[0m.
[[0;32m  OK  [0m] Found device [0;1;39m/dev/ttyS0[0m.
[[0;32m  OK  [0m] Listening on [0;1;39mLoad/Save RF …itch Status /dev/rfkill Watch[0m.
[[0;32m  OK  [0m] Finished [0;1;39mWait for udev To Complete Device Initialization[0m.
[[0;32m  OK  [0m] Reached target [0;1;39mPreparation for Local File Systems[0m.
[[0;32m  OK  [0m] Reached target [0;1;39mLocal File Systems[0m.
         Starting [0;1;39mTell Plymouth To Write Out Runtime Data[0m...
         Starting [0;1;39mAutomatic Boot Loader Update[0m...
         Starting [0;1;39mCreate Volatile Files and Directories[0m...
[[0;32m  OK  [0m] Finished [0;1;39mTell Plymouth To Write Out Runtime Data[0m.
[[0;32m  OK  [0m] Finished [0;1;39mAutomatic Boot Loader Update[0m.
[[0;32m  OK  [0m] Finished [0;1;39mCreate Volatile Files and Directories[0m.
         Mounting [0;1;39mRPC Pipe File System[0m...
         Starting [0;1;39mSecurity Auditing Service[0m...
         Starting [0;1;39mRPC Bind[0m...
[[0;32m  OK  [0m] Mounted [0;1;39mRPC Pipe File System[0m.
[[0;32m  OK  [0m] Reached target [0;1;39mrpc_pipefs.target[0m.
[[0;32m  OK  [0m] Started [0;1;39mRPC Bind[0m.
[[0;32m  OK  [0m] Started [0;1;39mSecurity Auditing Service[0m.
         Starting [0;1;39mRecord System Boot/Shutdown in UTMP[0m...
[[0;32m  OK  [0m] Finished [0;1;39mRecord System Boot/Shutdown in UTMP[0m.
[[0;32m  OK  [0m] Reached target [0;1;39mSystem Initialization[0m.
[[0;32m  OK  [0m] Started [0;1;39mDaily rotation of log files[0m.
[[0;32m  OK  [0m] Started [0;1;39mUpdates mlocate database every day[0m.
[[0;32m  OK  [0m] Started [0;1;39mDaily Cleanup of Temporary Directories[0m.
[[0;32m  OK  [0m] Started [0;1;39mdaily update of the root trust anchor for DNSSEC[0m.
[[0;32m  OK  [0m] Reached target [0;1;39mTimer Units[0m.
[[0;32m  OK  [0m] Listening on [0;1;39mD-Bus System Message Bus Socket[0m.
[[0;32m  OK  [0m] Listening on [0;1;39mOpen-iSCSI iscsid Socket[0m.
[[0;32m  OK  [0m] Listening on [0;1;39mOpen-iSCSI iscsiuio Socket[0m.
[[0;32m  OK  [0m] Listening on [0;1;39mSSSD Kerberos…ache Manager responder socket[0m.
[[0;32m  OK  [0m] Listening on [0;1;39mLibvirt interface local socket[0m.
[[0;32m  OK  [0m] Listening on [0;1;39mVirtual machine lock manager socket[0m.
[[0;32m  OK  [0m] Listening on [0;1;39mVirtual machine log manager socket[0m.
[[0;32m  OK  [0m] Listening on [0;1;39mLibvirt network local socket[0m.
[[0;32m  OK  [0m] Listening on [0;1;39mLibvirt nodedev local socket[0m.
[[0;32m  OK  [0m] Listening on [0;1;39mLibvirt nwfilter local socket[0m.
[[0;32m  OK  [0m] Listening on [0;1;39mLibvirt proxy local socket[0m.
[[0;32m  OK  [0m] Listening on [0;1;39mLibvirt qemu local socket[0m.
[[0;32m  OK  [0m] Listening on [0;1;39mLibvirt qemu admin socket[0m.
[[0;32m  OK  [0m] Listening on [0;1;39mLibvirt qemu local read-only socket[0m.
[[0;32m  OK  [0m] Listening on [0;1;39mLibvirt secret local socket[0m.
[[0;32m  OK  [0m] Listening on [0;1;39mLibvirt storage local socket[0m.
[[0;32m  OK  [0m] Reached target [0;1;39mSocket Units[0m.
         Starting [0;1;39mD-Bus System Message Bus[0m...
[[0;32m  OK  [0m] Started [0;1;39mD-Bus System Message Bus[0m.
[[0;32m  OK  [0m] Reached target [0;1;39mBasic System[0m.
         Starting [0;1;39mNetwork Manager[0m...
         Starting [0;1;39mNTP client/server[0m...
         Starting [0;1;39mRestore /run/initramfs on shutdown[0m...
[[0;32m  OK  [0m] Started [0;1;39mirqbalance daemon[0m.
[[0;32m  OK  [0m] Started [0;1;39mlibstoragemgmt plug-in server daemon[0m.
[[0;32m  OK  [0m] Started [0;1;39mMachine Check Exception Logging Daemon[0m.
[[0;32m  OK  [0m] Reached target [0;1;39msshd-keygen.target[0m.
[[0;32m  OK  [0m] Reached target [0;1;39mUser and Group Name Lookups[0m.
         Starting [0;1;39mUser Login Management[0m...
         Starting [0;1;39mVirtual Machine a…tainer Registration Service[0m...
[[0;32m  OK  [0m] Finished [0;1;39mRestore /run/initramfs on shutdown[0m.
[[0;32m  OK  [0m] Started [0;1;39mVirtual Machine an…ontainer Registration Service[0m.
         Starting [0;1;39mHostname Service[0m...
[[0;32m  OK  [0m] Started [0;1;39mNTP client/server[0m.
[[0;32m  OK  [0m] Started [0;1;39mUser Login Management[0m.
[[0;32m  OK  [0m] Started [0;1;39mHostname Service[0m.
         Starting [0;1;39mNetwork Manager Script Dispatcher Service[0m...
[[0;32m  OK  [0m] Started [0;1;39mNetwork Manager Script Dispatcher Service[0m.
[    9.990646] e1000: eth0 NIC Link is Up 1000 Mbps Full Duplex, Flow Control: RX
[[0;32m  OK  [0m] Started [0;1;39mNetwork Manager[0m.
[[0;32m  OK  [0m] Reached target [0;1;39mNetwork[0m.
[[0;32m  OK  [0m] Reached target [0;1;39mNetwork is Online[0m.
         Starting [0;1;39mGSSAPI Proxy Daemon[0m...
         Starting [0;1;39mNotify NFS peers of a restart[0m...
         Starting [0;1;39mSystem Logging Service[0m...
         Starting [0;1;39mOpenSSH server daemon[0m...
         Starting [0;1;39mDynamic System Tuning Daemon[0m...
[[0;32m  OK  [0m] Started [0;1;39mNotify NFS peers of a restart[0m.
[[0;32m  OK  [0m] Started [0;1;39mOpenSSH server daemon[0m.
[[0;32m  OK  [0m] Started [0;1;39mGSSAPI Proxy Daemon[0m.
[[0;32m  OK  [0m] Reached target [0;1;39mNFS client services[0m.
[[0;32m  OK  [0m] Reached target [0;1;39mPreparation for Remote File Systems[0m.
[[0;32m  OK  [0m] Reached target [0;1;39mRemote File Systems[0m.
         Starting [0;1;39mPermit User Sessions[0m...
         Starting [0;1;39mVirtualization qemu daemon[0m...
[[0;32m  OK  [0m] Finished [0;1;39mPermit User Sessions[0m.
[[0;32m  OK  [0m] Started [0;1;39mDeferred execution scheduler[0m.
[[0;32m  OK  [0m] Started [0;1;39mCommand Scheduler[0m.
         Starting [0;1;39mHold until boot process finishes up[0m...
         Starting [0;1;39mTerminate Plymouth Boot Screen[0m...
[[0;32m  OK  [0m] Started [0;1;39mVirtualization qemu daemon[0m.
[[0;32m  OK  [0m] Started [0;1;39mSystem Logging Service[0m.
[   12.854077] clocksource: Watchdog remote CPU 1 read timed out

CentOS Stream 9
Kernel 7.1.0-rc1-2aa0a3691711+ on an x86_64

Activate the web console with: systemctl enable --now cockpit.socket

test login: [   17.559358] pimreg: entered allmulticast mode
[   17.582574] pimreg: entered allmulticast mode
[   17.590664] pimreg: left allmulticast mode
[   17.599207] pimreg: entered allmulticast mode
[   17.621961] pimreg: entered allmulticast mode
[   17.647808] pimreg: entered allmulticast mode
[   17.648158] pimreg: left allmulticast mode
[   17.648515] pimreg: left allmulticast mode
[   17.648826] pimreg: left allmulticast mode
[   17.657305] pimreg: entered allmulticast mode
[   17.682124] pimreg: entered allmulticast mode
[   17.705625] pimreg: entered allmulticast mode
[   17.730033] pimreg: entered allmulticast mode
[   17.754388] pimreg: entered allmulticast mode
[   17.758389] pimreg: left allmulticast mode
[   17.758736] pimreg: left allmulticast mode
[   17.759057] pimreg: left allmulticast mode
[   17.759359] pimreg: left allmulticast mode
[   17.770404] pimreg: entered allmulticast mode
[   17.795040] pimreg: entered allmulticast mode
[   17.808317] pimreg: entered allmulticast mode
[   17.830557] pimreg: entered allmulticast mode
[   17.854711] pimreg: entered allmulticast mode
[   17.878018] pimreg: entered allmulticast mode
[   17.882555] pimreg: left allmulticast mode
[   17.882886] pimreg: left allmulticast mode
[   17.883177] pimreg: left allmulticast mode
[   17.883449] pimreg: left allmulticast mode
[   17.883719] pimreg: left allmulticast mode
[   17.884004] pimreg: left allmulticast mode
[   17.902558] pimreg: entered allmulticast mode
[   17.923147] pimreg: entered allmulticast mode
[   17.941415] pimreg: entered allmulticast mode
[   17.966107] pimreg: entered allmulticast mode
[   17.989962] pimreg: entered allmulticast mode
[   18.014047] pimreg: entered allmulticast mode
[   18.042281] pimreg: entered allmulticast mode
[   18.047550] pimreg: left allmulticast mode
[   18.047854] pimreg: left allmulticast mode
[   18.048148] pimreg: left allmulticast mode
[   18.048449] pimreg: left allmulticast mode
[   18.048747] pimreg: left allmulticast mode
[   18.049049] pimreg: left allmulticast mode
[   18.049346] pimreg: left allmulticast mode
[   18.049645] pimreg: left allmulticast mode
[   18.063738] pimreg: entered allmulticast mode
[   18.095419] pimreg: entered allmulticast mode
[   18.136576] pimreg: entered allmulticast mode
[   18.163143] pimreg: entered allmulticast mode
[   18.181919] pimreg: entered allmulticast mode
[   18.209716] pimreg: entered allmulticast mode
[   18.237951] pimreg: entered allmulticast mode
[   18.265901] pimreg: entered allmulticast mode
[   18.305970] pimreg: entered allmulticast mode
[   18.311173] pimreg: left allmulticast mode
[   18.311502] pimreg: left allmulticast mode
[   18.311783] pimreg: left allmulticast mode
[   18.312101] pimreg: left allmulticast mode
[   18.312408] pimreg: left allmulticast mode
[   18.312716] pimreg: left allmulticast mode
[   18.313030] pimreg: left allmulticast mode
[   18.313326] pimreg: left allmulticast mode
[   18.313631] pimreg: left allmulticast mode
[   18.329359] pimreg: entered allmulticast mode
[   18.360958] pimreg: entered allmulticast mode
[   18.390238] pimreg: entered allmulticast mode
[   18.403075] pimreg: entered allmulticast mode
[   18.425930] pimreg: entered allmulticast mode
[   18.453939] pimreg: entered allmulticast mode
[   18.466969] pimreg: left allmulticast mode
[   18.467816] pimreg: left allmulticast mode
[   18.468114] pimreg: left allmulticast mode
[   18.468415] pimreg: left allmulticast mode
[   18.468714] pimreg: left allmulticast mode
[   18.469016] pimreg: left allmulticast mode
[   18.480566] pimreg: entered allmulticast mode
[   18.524696] pimreg: entered allmulticast mode
[   18.545909] pimreg: entered allmulticast mode
[   18.566379] pimreg: entered allmulticast mode
[   18.590408] pimreg: entered allmulticast mode
[   18.609622] pimreg: entered allmulticast mode
[   18.622980] pimreg: left allmulticast mode
[   18.623293] pimreg: left allmulticast mode
[   18.623579] pimreg: left allmulticast mode
[   18.623884] pimreg: left allmulticast mode
[   18.624203] pimreg: left allmulticast mode
[   18.624506] pimreg: left allmulticast mode
[   18.635926] pimreg: entered allmulticast mode
[   18.664195] pimreg: entered allmulticast mode
[   18.682599] pimreg: entered allmulticast mode
[   18.702932] pimreg: entered allmulticast mode
[   18.726056] pimreg: entered allmulticast mode
[   18.753857] pimreg: entered allmulticast mode
[   18.778516] pimreg: entered allmulticast mode
[   18.810648] pimreg: entered allmulticast mode
[   18.814731] pimreg: left allmulticast mode
[   18.815062] pimreg: left allmulticast mode
[   18.815380] pimreg: left allmulticast mode
[   18.815673] pimreg: left allmulticast mode
[   18.815974] pimreg: left allmulticast mode
[   18.816288] pimreg: left allmulticast mode
[   18.816595] pimreg: left allmulticast mode
[   18.817415] pimreg: left allmulticast mode
[   18.831208] pimreg: entered allmulticast mode
[   18.851467] pimreg: entered allmulticast mode
[   18.866913] pimreg: entered allmulticast mode
[   18.887197] pimreg: entered allmulticast mode
[   18.918032] pimreg: entered allmulticast mode
[   18.946179] pimreg: entered allmulticast mode
[   18.970753] pimreg: entered allmulticast mode
[   18.990526] pimreg: entered allmulticast mode
[   19.014552] pimreg: left allmulticast mode
[   19.015244] pimreg: left allmulticast mode
[   19.015577] pimreg: left allmulticast mode
[   19.015895] pimreg: left allmulticast mode
[   19.017163] pimreg: left allmulticast mode
[   19.017492] pimreg: left allmulticast mode
[   19.017827] pimreg: left allmulticast mode
[   19.018145] pimreg: left allmulticast mode
[   19.032252] pimreg: entered allmulticast mode
[   19.054271] pimreg: entered allmulticast mode
[   19.095116] pimreg: entered allmulticast mode
[   19.134754] pimreg: entered allmulticast mode
[   19.173847] pimreg: entered allmulticast mode
[   19.210061] pimreg: entered allmulticast mode
[   19.227996] pimreg: left allmulticast mode
[   19.228616] pimreg: left allmulticast mode
[   19.228909] pimreg: left allmulticast mode
[   19.229226] pimreg: left allmulticast mode
[   19.229547] pimreg: left allmulticast mode
[   19.230199] pimreg: left allmulticast mode
[   19.240440] pimreg: entered allmulticast mode
[   19.269849] pimreg: entered allmulticast mode
[   19.293252] pimreg: entered allmulticast mode
[   19.314743] pimreg: entered allmulticast mode
[   19.330039] pimreg: entered allmulticast mode
[   19.353800] pimreg: entered allmulticast mode
[   19.370677] pimreg: left allmulticast mode
[   19.371016] pimreg: left allmulticast mode
[   19.371325] pimreg: left allmulticast mode
[   19.372033] pimreg: left allmulticast mode
[   19.372641] pimreg: left allmulticast mode
[   19.372974] pimreg: left allmulticast mode
[   19.383741] pimreg: entered allmulticast mode
[   19.415523] pimreg: entered allmulticast mode
[   19.444819] pimreg: entered allmulticast mode
[   19.482704] pimreg: entered allmulticast mode
[   19.509677] pimreg: entered allmulticast mode
[   19.537570] pimreg: entered allmulticast mode
[   19.570849] pimreg: entered allmulticast mode
[   19.578619] pimreg: left allmulticast mode
[   19.578939] pimreg: left allmulticast mode
[   19.579222] pimreg: left allmulticast mode
[   19.579505] pimreg: left allmulticast mode
[   19.579819] pimreg: left allmulticast mode
[   19.580133] pimreg: left allmulticast mode
[   19.580433] pimreg: left allmulticast mode
[   19.593547] pimreg: entered allmulticast mode
[   19.633930] pimreg: entered allmulticast mode
[   19.661388] pimreg: entered allmulticast mode
[   19.686939] pimreg: entered allmulticast mode
[   19.721706] pimreg: entered allmulticast mode
[   19.750002] pimreg: entered allmulticast mode
[   19.777997] pimreg: entered allmulticast mode
[   19.791023] pimreg: left allmulticast mode
[   19.791637] pimreg: left allmulticast mode
[   19.791984] pimreg: left allmulticast mode
[   19.792318] pimreg: left allmulticast mode
[   19.793185] pimreg: left allmulticast mode
[   19.793840] pimreg: left allmulticast mode
[   19.794196] pimreg: left allmulticast mode
[   19.806698] pimreg: entered allmulticast mode
[   19.850855] pimreg: entered allmulticast mode
[   19.876029] pimreg: entered allmulticast mode
[   19.914334] pimreg: entered allmulticast mode
[   19.941811] pimreg: entered allmulticast mode
[   19.970051] pimreg: entered allmulticast mode
[   19.997955] pimreg: entered allmulticast mode
[   20.026083] pimreg: entered allmulticast mode
[   20.031121] pimreg: left allmulticast mode
[   20.031447] pimreg: left allmulticast mode
[   20.031722] pimreg: left allmulticast mode
[   20.032010] pimreg: left allmulticast mode
[   20.032306] pimreg: left allmulticast mode
[   20.032640] pimreg: left allmulticast mode
[   20.032952] pimreg: left allmulticast mode
[   20.033253] pimreg: left allmulticast mode
[   20.046955] pimreg: entered allmulticast mode
[   20.071277] pimreg: entered allmulticast mode
[   20.101873] pimreg: entered allmulticast mode
[   20.113969] pimreg: entered allmulticast mode
[   20.138342] pimreg: entered allmulticast mode
[   20.166719] pimreg: entered allmulticast mode
[   20.167288] pimreg: left allmulticast mode
[   20.167642] pimreg: left allmulticast mode
[   20.167964] pimreg: left allmulticast mode
[   20.168291] pimreg: left allmulticast mode
[   20.168595] pimreg: left allmulticast mode
[   20.179675] pimreg: entered allmulticast mode
[   20.201706] pimreg: entered allmulticast mode
[   20.242399] pimreg: entered allmulticast mode
[   20.266459] pimreg: entered allmulticast mode
[   20.298521] pimreg: entered allmulticast mode
[   20.317567] pimreg: entered allmulticast mode
[   20.338578] pimreg: entered allmulticast mode
[   20.339276] pimreg: left allmulticast mode
[   20.339634] pimreg: left allmulticast mode
[   20.339957] pimreg: left allmulticast mode
[   20.340266] pimreg: left allmulticast mode
[   20.340578] pimreg: left allmulticast mode
[   20.340913] pimreg: left allmulticast mode
[   20.341225] pimreg: left allmulticast mode
[   20.354206] pimreg: entered allmulticast mode
[   20.403676] pimreg: entered allmulticast mode
[   20.428462] pimreg: entered allmulticast mode
[   20.438070] pimreg: entered allmulticast mode
[   20.461961] pimreg: entered allmulticast mode
[   20.481895] pimreg: entered allmulticast mode
[   20.502749] pimreg: left allmulticast mode
[   20.503079] pimreg: left allmulticast mode
[   20.503364] pimreg: left allmulticast mode
[   20.503651] pimreg: left allmulticast mode
[   20.503969] pimreg: left allmulticast mode
[   20.504368] pimreg: left allmulticast mode
[   20.504675] pimreg: left allmulticast mode
[   20.517188] pimreg: entered allmulticast mode
[   20.543669] pimreg: entered allmulticast mode
[   20.574176] pimreg: entered allmulticast mode
[   20.598299] pimreg: entered allmulticast mode
[   20.633487] pimreg: entered allmulticast mode
[   20.658061] pimreg: entered allmulticast mode
[   20.685807] pimreg: entered allmulticast mode
[   20.713957] pimreg: entered allmulticast mode
[   20.720011] pimreg: left allmulticast mode
[   20.720326] pimreg: left allmulticast mode
[   20.720750] pimreg: left allmulticast mode
[   20.721546] pimreg: left allmulticast mode
[   20.722107] pimreg: left allmulticast mode
[   20.722426] pimreg: left allmulticast mode
[   20.722731] pimreg: left allmulticast mode
[   20.723052] pimreg: left allmulticast mode
[   20.737226] pimreg: entered allmulticast mode
[   20.774861] pimreg: entered allmulticast mode
[   20.801063] pimreg: entered allmulticast mode
[   20.834205] pimreg: entered allmulticast mode
[   20.862986] pimreg: entered allmulticast mode
[   20.881681] pimreg: entered allmulticast mode
[   20.898449] pimreg: entered allmulticast mode
[   20.926786] pimreg: entered allmulticast mode
[   20.927146] pimreg: left allmulticast mode
[   20.927495] pimreg: left allmulticast mode
[   20.927804] pimreg: left allmulticast mode
[   20.928116] pimreg: left allmulticast mode
[   20.928418] pimreg: left allmulticast mode
[   20.928720] pimreg: left allmulticast mode
[   20.929258] pimreg: left allmulticast mode
[   20.942661] pimreg: entered allmulticast mode
[   20.966125] pimreg: entered allmulticast mode
[   20.987580] pimreg: entered allmulticast mode
[   21.009921] pimreg: entered allmulticast mode
[   21.033884] pimreg: entered allmulticast mode
[   21.062055] pimreg: entered allmulticast mode
[   21.081906] pimreg: entered allmulticast mode
[   21.101903] pimreg: entered allmulticast mode
[   21.107304] pimreg: left allmulticast mode
[   21.107637] pimreg: left allmulticast mode
[   21.107962] pimreg: left allmulticast mode
[   21.108274] pimreg: left allmulticast mode
[   21.108581] pimreg: left allmulticast mode
[   21.108896] pimreg: left allmulticast mode
[   21.109206] pimreg: left allmulticast mode
[   21.109510] pimreg: left allmulticast mode
[   21.126494] pimreg: entered allmulticast mode
[   21.158222] pimreg: entered allmulticast mode
[   21.184194] pimreg: entered allmulticast mode
[   21.193980] pimreg: entered allmulticast mode
[   21.222289] pimreg: entered allmulticast mode
[   21.241835] pimreg: entered allmulticast mode
[   21.279437] pimreg: left allmulticast mode
[   21.279764] pimreg: left allmulticast mode
[   21.280059] pimreg: left allmulticast mode
[   21.280371] pimreg: left allmulticast mode
[   21.280680] pimreg: left allmulticast mode
[   21.281089] pimreg: left allmulticast mode
[   21.281400] pimreg: left allmulticast mode
[   21.293497] pimreg: entered allmulticast mode
[   21.322246] pimreg: entered allmulticast mode
[   21.335531] pimreg: entered allmulticast mode
[   21.358767] pimreg: entered allmulticast mode
[   21.382039] pimreg: entered allmulticast mode
[   21.402136] pimreg: entered allmulticast mode
[   21.422008] pimreg: entered allmulticast mode
[   21.449895] pimreg: entered allmulticast mode
[   21.462755] pimreg: left allmulticast mode
[   21.463120] pimreg: left allmulticast mode
[   21.463447] pimreg: left allmulticast mode
[   21.463771] pimreg: left allmulticast mode
[   21.464103] pimreg: left allmulticast mode
[   21.464425] pimreg: left allmulticast mode
[   21.464750] pimreg: left allmulticast mode
[   21.465079] pimreg: left allmulticast mode
[   21.478929] pimreg: entered allmulticast mode
[   21.507404] pimreg: entered allmulticast mode
[   21.537378] pimreg: entered allmulticast mode
[   21.569675] pimreg: entered allmulticast mode
[   21.597718] pimreg: entered allmulticast mode
[   21.629643] pimreg: entered allmulticast mode
[   21.650128] pimreg: entered allmulticast mode
[   21.677604] pimreg: entered allmulticast mode
[   21.702822] pimreg: entered allmulticast mode
[   21.703334] pimreg: left allmulticast mode
[   21.703689] pimreg: left allmulticast mode
[   21.704026] pimreg: left allmulticast mode
[   21.704336] pimreg: left allmulticast mode
[   21.704640] pimreg: left allmulticast mode
[   21.705117] pimreg: left allmulticast mode
[   21.705514] pimreg: left allmulticast mode
[   21.705879] pimreg: left allmulticast mode
[   21.720072] pimreg: entered allmulticast mode
[   21.754622] pimreg: entered allmulticast mode
[   21.767172] pimreg: entered allmulticast mode
[   21.793943] pimreg: entered allmulticast mode
[   21.826180] pimreg: entered allmulticast mode
[   21.869892] pimreg: entered allmulticast mode
[   21.894141] pimreg: entered allmulticast mode
[   21.937611] pimreg: entered allmulticast mode
[   21.978176] pimreg: entered allmulticast mode
[   21.983560] pimreg: left allmulticast mode
[   21.983900] pimreg: left allmulticast mode
[   21.984190] pimreg: left allmulticast mode
[   21.984495] pimreg: left allmulticast mode
[   21.984797] pimreg: left allmulticast mode
[   21.985107] pimreg: left allmulticast mode
[   21.985412] pimreg: left allmulticast mode
[   21.985713] pimreg: left allmulticast mode
[   21.986062] pimreg: left allmulticast mode
[   22.007329] pimreg: entered allmulticast mode
[   22.020423] pimreg: entered allmulticast mode
[   22.038017] pimreg: entered allmulticast mode
[   22.057917] pimreg: entered allmulticast mode
[   22.081968] pimreg: entered allmulticast mode
[   22.110350] pimreg: entered allmulticast mode
[   22.133946] pimreg: entered allmulticast mode
[   22.153510] pimreg: entered allmulticast mode
[   22.173630] pimreg: entered allmulticast mode
[   22.175118] pimreg: left allmulticast mode
[   22.175449] pimreg: left allmulticast mode
[   22.175760] pimreg: left allmulticast mode
[   22.176081] pimreg: left allmulticast mode
[   22.176384] pimreg: left allmulticast mode
[   22.176859] pimreg: left allmulticast mode
[   22.177209] pimreg: left allmulticast mode
[   22.177518] pimreg: left allmulticast mode
[   22.177880] pimreg: left allmulticast mode
[   22.192915] pimreg: entered allmulticast mode
[   22.240331] pimreg: entered allmulticast mode
[   22.267400] pimreg: entered allmulticast mode
[   22.278409] pimreg: entered allmulticast mode
[   22.301853] pimreg: entered allmulticast mode
[   22.334313] pimreg: entered allmulticast mode
[   22.358890] pimreg: left allmulticast mode
[   22.359217] pimreg: left allmulticast mode
[   22.359522] pimreg: left allmulticast mode
[   22.359830] pimreg: left allmulticast mode
[   22.360892] pimreg: left allmulticast mode
[   22.361195] pimreg: left allmulticast mode
[   22.361506] pimreg: left allmulticast mode
[   22.373577] pimreg: entered allmulticast mode
[   22.405604] pimreg: entered allmulticast mode
[   22.426035] pimreg: entered allmulticast mode
[   22.439254] pimreg: entered allmulticast mode
[   22.457985] pimreg: entered allmulticast mode
[   22.497631] pimreg: entered allmulticast mode
[   22.534172] pimreg: entered allmulticast mode
[   22.561435] pimreg: entered allmulticast mode
[   22.582596] pimreg: left allmulticast mode
[   22.582929] pimreg: left allmulticast mode
[   22.583202] pimreg: left allmulticast mode
[   22.583479] pimreg: left allmulticast mode
[   22.583758] pimreg: left allmulticast mode
[   22.584400] pimreg: left allmulticast mode
[   22.584762] pimreg: left allmulticast mode
[   22.585093] pimreg: left allmulticast mode
[   22.598200] pimreg: entered allmulticast mode
[   22.638031] pimreg: entered allmulticast mode
[   22.678486] pimreg: entered allmulticast mode
[   22.690540] pimreg: entered allmulticast mode
[   22.713981] pimreg: entered allmulticast mode
[   22.734364] pimreg: left allmulticast mode
[   22.734664] pimreg: left allmulticast mode
[   22.734925] pimreg: left allmulticast mode
[   22.735177] pimreg: left allmulticast mode
[   22.735464] pimreg: left allmulticast mode
[   22.745045] pimreg: entered allmulticast mode
[   22.771660] pimreg: entered allmulticast mode
[   22.793295] pimreg: entered allmulticast mode
[   22.826495] pimreg: entered allmulticast mode
[   22.853956] pimreg: entered allmulticast mode
[   22.877513] pimreg: entered allmulticast mode
[   22.882343] pimreg: left allmulticast mode
[   22.882923] pimreg: left allmulticast mode
[   22.883235] pimreg: left allmulticast mode
[   22.883538] pimreg: left allmulticast mode
[   22.883856] pimreg: left allmulticast mode
[   22.894692] pimreg: entered allmulticast mode
[   22.923851] pimreg: entered allmulticast mode
[   22.945513] pimreg: entered allmulticast mode
[   22.958331] pimreg: entered allmulticast mode
[   22.982115] pimreg: entered allmulticast mode
[   23.001966] pimreg: entered allmulticast mode
[   23.006555] pimreg: left allmulticast mode
[   23.006917] pimreg: left allmulticast mode
[   23.007219] pimreg: left allmulticast mode
[   23.007532] pimreg: left allmulticast mode
[   23.007848] pimreg: left allmulticast mode
[   23.008498] pimreg: left allmulticast mode
[   23.008781] pimreg: left allmulticast mode
[   23.022314] pimreg: entered allmulticast mode
[   23.046844] pimreg: entered allmulticast mode
[   23.082266] pimreg: entered allmulticast mode
[   23.106380] pimreg: entered allmulticast mode
[   23.121968] pimreg: entered allmulticast mode
[   23.145836] pimreg: entered allmulticast mode
[   23.173903] pimreg: entered allmulticast mode
[   23.201566] pimreg: entered allmulticast mode
[   23.222708] pimreg: left allmulticast mode
[   23.223045] pimreg: left allmulticast mode
[   23.223356] pimreg: left allmulticast mode
[   23.223675] pimreg: left allmulticast mode
[   23.223996] pimreg: left allmulticast mode
[   23.224323] pimreg: left allmulticast mode
[   23.224628] pimreg: left allmulticast mode
[   23.224936] pimreg: left allmulticast mode
[   23.238705] pimreg: entered allmulticast mode
[   23.270341] pimreg: entered allmulticast mode
[   23.285462] pimreg: entered allmulticast mode
[   23.305990] pimreg: entered allmulticast mode
[   23.333985] pimreg: entered allmulticast mode
[   23.353938] pimreg: entered allmulticast mode
[   23.377924] pimreg: entered allmulticast mode
[   23.398058] pimreg: entered allmulticast mode
[   23.426887] pimreg: left allmulticast mode
[   23.427245] pimreg: left allmulticast mode
[   23.427567] pimreg: left allmulticast mode
[   23.427903] pimreg: left allmulticast mode
[   23.429448] pimreg: left allmulticast mode
[   23.429868] pimreg: left allmulticast mode
[   23.430195] pimreg: left allmulticast mode
[   23.430508] pimreg: left allmulticast mode
[   23.430816] pimreg: left allmulticast mode
[   23.444890] pimreg: entered allmulticast mode
[   23.470666] pimreg: entered allmulticast mode
[   23.497729] pimreg: entered allmulticast mode
[   23.509838] pimreg: entered allmulticast mode
[   23.550140] pimreg: entered allmulticast mode
[   23.573777] pimreg: entered allmulticast mode
[   23.613912] pimreg: entered allmulticast mode
[   23.622614] pimreg: left allmulticast mode
[   23.622945] pimreg: left allmulticast mode
[   23.623247] pimreg: left allmulticast mode
[   23.623544] pimreg: left allmulticast mode
[   23.623844] pimreg: left allmulticast mode
[   23.624142] pimreg: left allmulticast mode
[   23.635466] pimreg: entered allmulticast mode
[   23.658333] pimreg: entered allmulticast mode
[   23.681908] pimreg: entered allmulticast mode
[   23.693868] pimreg: entered allmulticast mode
[   23.710278] pimreg: entered allmulticast mode
[   23.729816] pimreg: entered allmulticast mode
[   23.766632] pimreg: left allmulticast mode
[   23.766937] pimreg: left allmulticast mode
[   23.767214] pimreg: left allmulticast mode
[   23.767500] pimreg: left allmulticast mode
[   23.767877] pimreg: left allmulticast mode
[   23.768180] pimreg: left allmulticast mode
[   23.778900] pimreg: entered allmulticast mode
[   23.796778] pimreg: entered allmulticast mode
[   23.814394] pimreg: entered allmulticast mode
[   23.837903] pimreg: entered allmulticast mode
[   23.862029] pimreg: entered allmulticast mode
[   23.905706] pimreg: entered allmulticast mode
[   23.933964] pimreg: entered allmulticast mode
[   23.962623] pimreg: left allmulticast mode
[   23.962935] pimreg: left allmulticast mode
[   23.963236] pimreg: left allmulticast mode
[   23.963560] pimreg: left allmulticast mode
[   23.964807] pimreg: left allmulticast mode
[   23.965094] pimreg: left allmulticast mode
[   23.965376] pimreg: left allmulticast mode
[   23.977383] pimreg: entered allmulticast mode
[   24.007205] pimreg: entered allmulticast mode
[   24.039253] pimreg: entered allmulticast mode
[   24.050047] pimreg: entered allmulticast mode
[   24.073978] pimreg: entered allmulticast mode
[   24.095000] pimreg: left allmulticast mode
[   24.095318] pimreg: left allmulticast mode
[   24.095604] pimreg: left allmulticast mode
[   24.095917] pimreg: left allmulticast mode
[   24.096784] pimreg: left allmulticast mode
[   24.106691] pimreg: entered allmulticast mode
[   24.137878] pimreg: entered allmulticast mode
[   24.169501] pimreg: entered allmulticast mode
[   24.201799] pimreg: entered allmulticast mode
[   24.221707] pimreg: entered allmulticast mode
[   24.250201] pimreg: entered allmulticast mode
[   24.278556] pimreg: left allmulticast mode
[   24.278928] pimreg: left allmulticast mode
[   24.279248] pimreg: left allmulticast mode
[   24.279588] pimreg: left allmulticast mode
[   24.280016] pimreg: left allmulticast mode
[   24.280345] pimreg: left allmulticast mode
[   24.290865] pimreg: entered allmulticast mode
[   24.308941] pimreg: entered allmulticast mode
[   24.334813] pimreg: entered allmulticast mode
[   24.355699] pimreg: entered allmulticast mode
[   24.373855] pimreg: entered allmulticast mode
[   24.401891] pimreg: entered allmulticast mode
[   24.415294] pimreg: left allmulticast mode
[   24.415831] pimreg: left allmulticast mode
[   24.416141] pimreg: left allmulticast mode
[   24.416446] pimreg: left allmulticast mode
[   24.416756] pimreg: left allmulticast mode
[   24.417060] pimreg: left allmulticast mode
[   24.428056] pimreg: entered allmulticast mode
[   24.450340] pimreg: entered allmulticast mode
[   24.475777] pimreg: entered allmulticast mode
[   24.497586] pimreg: entered allmulticast mode
[   24.550026] pimreg: entered allmulticast mode
[   24.589983] pimreg: entered allmulticast mode
[   24.633869] pimreg: entered allmulticast mode
[   24.670376] pimreg: left allmulticast mode
[   24.670707] pimreg: left allmulticast mode
[   24.671028] pimreg: left allmulticast mode
[   24.671336] pimreg: left allmulticast mode
[   24.671648] pimreg: left allmulticast mode
[   24.672052] pimreg: left allmulticast mode
[   24.672360] pimreg: left allmulticast mode
[   24.684785] pimreg: entered allmulticast mode
[   24.698765] pimreg: entered allmulticast mode
[   24.718206] pimreg: entered allmulticast mode
[   24.733713] pimreg: entered allmulticast mode
[   24.790387] pimreg: entered allmulticast mode
[   24.834057] pimreg: entered allmulticast mode
[   24.890098] pimreg: entered allmulticast mode
[   24.913961] pimreg: entered allmulticast mode
[   24.946475] pimreg: left allmulticast mode
[   24.946832] pimreg: left allmulticast mode
[   24.947132] pimreg: left allmulticast mode
[   24.947455] pimreg: left allmulticast mode
[   24.947799] pimreg: left allmulticast mode
[   24.948231] pimreg: left allmulticast mode
[   24.948541] pimreg: left allmulticast mode
[   24.948857] pimreg: left allmulticast mode
[   24.962614] pimreg: entered allmulticast mode
[   24.994757] pimreg: entered allmulticast mode
[   25.007899] pimreg: entered allmulticast mode
[   25.034166] pimreg: entered allmulticast mode
[   25.054084] pimreg: entered allmulticast mode
[   25.073931] pimreg: entered allmulticast mode
[   25.101810] pimreg: entered allmulticast mode
[   25.141913] pimreg: entered allmulticast mode
[   25.165860] pimreg: entered allmulticast mode
[   25.170861] pimreg: left allmulticast mode
[   25.171185] pimreg: left allmulticast mode
[   25.171501] pimreg: left allmulticast mode
[   25.171813] pimreg: left allmulticast mode
[   25.172120] pimreg: left allmulticast mode
[   25.172494] pimreg: left allmulticast mode
[   25.172803] pimreg: left allmulticast mode
[   25.173103] pimreg: left allmulticast mode
[   25.173405] pimreg: left allmulticast mode
[   25.188789] pimreg: entered allmulticast mode
[   25.211485] pimreg: entered allmulticast mode
[   25.236470] pimreg: entered allmulticast mode
[   25.261648] pimreg: entered allmulticast mode
[   25.274432] pimreg: entered allmulticast mode
[   25.318064] pimreg: entered allmulticast mode
[   25.361807] pimreg: entered allmulticast mode
[   25.393757] pimreg: entered allmulticast mode
[   25.406753] pimreg: left allmulticast mode
[   25.407082] pimreg: left allmulticast mode
[   25.407389] pimreg: left allmulticast mode
[   25.407717] pimreg: left allmulticast mode
[   25.408015] pimreg: left allmulticast mode
[   25.408347] pimreg: left allmulticast mode
[   25.408651] pimreg: left allmulticast mode
[   25.408962] pimreg: left allmulticast mode
[   25.423091] pimreg: entered allmulticast mode
[   25.447775] pimreg: entered allmulticast mode
[   25.485093] pimreg: entered allmulticast mode
[   25.525960] pimreg: entered allmulticast mode
[   25.549913] pimreg: entered allmulticast mode
[   25.593688] pimreg: entered allmulticast mode
[   25.637652] pimreg: entered allmulticast mode
[   25.677916] pimreg: entered allmulticast mode
[   25.718375] pimreg: left allmulticast mode
[   25.718700] pimreg: left allmulticast mode
[   25.718977] pimreg: left allmulticast mode
[   25.719288] pimreg: left allmulticast mode
[   25.719598] pimreg: left allmulticast mode
[   25.720014] pimreg: left allmulticast mode
[   25.720326] pimreg: left allmulticast mode
[   25.720625] pimreg: left allmulticast mode
[   25.733975] pimreg: entered allmulticast mode
[   25.761036] pimreg: entered allmulticast mode
[   25.784027] pimreg: entered allmulticast mode
[   25.806098] pimreg: entered allmulticast mode
[   25.830028] pimreg: entered allmulticast mode
[   25.857848] pimreg: entered allmulticast mode
[   25.898318] pimreg: entered allmulticast mode
[   25.919102] pimreg: entered allmulticast mode
[   25.926694] pimreg: left allmulticast mode
[   25.927003] pimreg: left allmulticast mode
[   25.927274] pimreg: left allmulticast mode
[   25.927547] pimreg: left allmulticast mode
[   25.927839] pimreg: left allmulticast mode
[   25.928143] pimreg: left allmulticast mode
[   25.928445] pimreg: left allmulticast mode
[   25.928749] pimreg: left allmulticast mode
[   25.942760] pimreg: entered allmulticast mode
[   25.978722] pimreg: entered allmulticast mode
[   25.991190] pimreg: entered allmulticast mode
[   26.014161] pimreg: entered allmulticast mode
[   26.057713] pimreg: entered allmulticast mode
[   26.094338] pimreg: entered allmulticast mode
[   26.133683] pimreg: entered allmulticast mode
[   26.158052] pimreg: entered allmulticast mode
[   26.181967] pimreg: entered allmulticast mode
[   26.186934] pimreg: left allmulticast mode
[   26.187533] pimreg: left allmulticast mode
[   26.187840] pimreg: left allmulticast mode
[   26.188149] pimreg: left allmulticast mode
[   26.188470] pimreg: left allmulticast mode
[   26.188782] pimreg: left allmulticast mode
[   26.189058] pimreg: left allmulticast mode
[   26.189341] pimreg: left allmulticast mode
[   26.189613] pimreg: left allmulticast mode
[   26.203870] pimreg: entered allmulticast mode
[   26.224022] pimreg: entered allmulticast mode
[   26.248660] pimreg: entered allmulticast mode
[   26.265825] pimreg: entered allmulticast mode
[   26.294314] pimreg: entered allmulticast mode
[   26.325859] pimreg: entered allmulticast mode
[   26.381911] pimreg: entered allmulticast mode
[   26.425491] pimreg: entered allmulticast mode
[   26.461548] pimreg: entered allmulticast mode
[   26.490576] pimreg: left allmulticast mode
[   26.490915] pimreg: left allmulticast mode
[   26.491223] pimreg: left allmulticast mode
[   26.491712] pimreg: left allmulticast mode
[   26.492317] pimreg: left allmulticast mode
[   26.492649] pimreg: left allmulticast mode
[   26.492973] pimreg: left allmulticast mode
[   26.493271] pimreg: left allmulticast mode
[   26.493570] pimreg: left allmulticast mode
[   26.508628] pimreg: entered allmulticast mode
[   26.544223] pimreg: entered allmulticast mode
[   26.553899] pimreg: entered allmulticast mode
[   26.571012] pimreg: entered allmulticast mode
[   26.594534] pimreg: entered allmulticast mode
[   26.618125] pimreg: entered allmulticast mode
[   26.638126] pimreg: entered allmulticast mode
[   26.642542] pimreg: left allmulticast mode
[   26.643246] pimreg: left allmulticast mode
[   26.643572] pimreg: left allmulticast mode
[   26.643891] pimreg: left allmulticast mode
[   26.644210] pimreg: left allmulticast mode
[   26.644521] pimreg: left allmulticast mode
[   26.656043] pimreg: entered allmulticast mode
[   26.697014] pimreg: entered allmulticast mode
[   26.743334] pimreg: entered allmulticast mode
[   26.767172] pimreg: entered allmulticast mode
[   26.785560] pimreg: entered allmulticast mode
[   26.805923] pimreg: entered allmulticast mode
[   26.826481] pimreg: left allmulticast mode
[   26.826834] pimreg: left allmulticast mode
[   26.827164] pimreg: left allmulticast mode
[   26.827493] pimreg: left allmulticast mode
[   26.829155] pimreg: left allmulticast mode
[   26.829462] pimreg: left allmulticast mode
[   26.829805] pimreg: left allmulticast mode
[   26.841783] pimreg: entered allmulticast mode
[   26.863922] pimreg: entered allmulticast mode
[   26.888565] pimreg: entered allmulticast mode
[   26.910288] pimreg: entered allmulticast mode
[   26.929650] pimreg: entered allmulticast mode
[   26.961888] pimreg: entered allmulticast mode
[   27.005699] pimreg: entered allmulticast mode
[   27.049836] pimreg: entered allmulticast mode
[   27.054949] pimreg: left allmulticast mode
[   27.055342] pimreg: left allmulticast mode
[   27.055750] pimreg: left allmulticast mode
[   27.056060] pimreg: left allmulticast mode
[   27.056523] pimreg: left allmulticast mode
[   27.056882] pimreg: left allmulticast mode
[   27.057188] pimreg: left allmulticast mode
[   27.070575] pimreg: entered allmulticast mode
[   27.102313] pimreg: entered allmulticast mode
[   27.121780] pimreg: entered allmulticast mode
[   27.162564] pimreg: entered allmulticast mode
[   27.177669] pimreg: entered allmulticast mode
[   27.201842] pimreg: entered allmulticast mode
[   27.241851] pimreg: entered allmulticast mode
[   27.269679] pimreg: entered allmulticast mode
[   27.274565] pimreg: left allmulticast mode
[   27.274944] pimreg: left allmulticast mode
[   27.275224] pimreg: left allmulticast mode
[   27.275507] pimreg: left allmulticast mode
[   27.275818] pimreg: left allmulticast mode
[   27.276129] pimreg: left allmulticast mode
[   27.276777] pimreg: left allmulticast mode
[   27.277105] pimreg: left allmulticast mode
[   27.277411] pimreg: left allmulticast mode
[   27.292302] pimreg: entered allmulticast mode
[   27.311140] pimreg: entered allmulticast mode
[   27.324180] pimreg: entered allmulticast mode
[   27.345340] pimreg: entered allmulticast mode
[   27.369923] pimreg: entered allmulticast mode
[   27.410550] pimreg: entered allmulticast mode
[   27.433814] pimreg: entered allmulticast mode
[   27.461689] pimreg: entered allmulticast mode
[   27.485869] pimreg: entered allmulticast mode
[   27.506531] pimreg: left allmulticast mode
[   27.507217] pimreg: left allmulticast mode
[   27.507521] pimreg: left allmulticast mode
[   27.507837] pimreg: left allmulticast mode
[   27.508240] pimreg: left allmulticast mode
[   27.508552] pimreg: left allmulticast mode
[   27.508858] pimreg: left allmulticast mode
[   27.509156] pimreg: left allmulticast mode
[   27.509453] pimreg: left allmulticast mode
[   27.523901] pimreg: entered allmulticast mode
[   27.547084] pimreg: entered allmulticast mode
[   27.570778] pimreg: entered allmulticast mode
[   27.580848] pimreg: entered allmulticast mode
[   27.606313] pimreg: entered allmulticast mode
[   27.629941] pimreg: entered allmulticast mode
[   27.649472] pimreg: entered allmulticast mode
[   27.669811] pimreg: entered allmulticast mode
[   27.693946] pimreg: entered allmulticast mode
[   27.713695] pimreg: entered allmulticast mode
[   27.734764] pimreg: left allmulticast mode
[   27.735140] pimreg: left allmulticast mode
[   27.735463] pimreg: left allmulticast mode
[   27.735768] pimreg: left allmulticast mode
[   27.736162] pimreg: left allmulticast mode
[   27.736471] pimreg: left allmulticast mode
[   27.736776] pimreg: left allmulticast mode
[   27.737070] pimreg: left allmulticast mode
[   27.737370] pimreg: left allmulticast mode
[   27.737688] pimreg: left allmulticast mode
[   27.753489] pimreg: entered allmulticast mode
[   27.781199] pimreg: entered allmulticast mode
[   27.798446] pimreg: entered allmulticast mode
[   27.826142] pimreg: entered allmulticast mode
[   27.853904] pimreg: entered allmulticast mode
[   27.882092] pimreg: entered allmulticast mode
[   27.905816] pimreg: entered allmulticast mode
[   27.929704] pimreg: entered allmulticast mode
[   27.953924] pimreg: entered allmulticast mode
[   27.982214] pimreg: entered allmulticast mode
[   27.988093] pimreg: left allmulticast mode
[   27.988427] pimreg: left allmulticast mode
[   27.988753] pimreg: left allmulticast mode
[   27.989060] pimreg: left allmulticast mode
[   27.989369] pimreg: left allmulticast mode
[   27.989674] pimreg: left allmulticast mode
[   27.990024] pimreg: left allmulticast mode
[   27.990329] pimreg: left allmulticast mode
[   27.990637] pimreg: left allmulticast mode
[   28.005888] pimreg: entered allmulticast mode
[   28.043325] pimreg: entered allmulticast mode
[   28.062491] pimreg: entered allmulticast mode
[   28.085920] pimreg: entered allmulticast mode
[   28.106469] pimreg: entered allmulticast mode
[   28.129848] pimreg: entered allmulticast mode
[   28.155003] pimreg: entered allmulticast mode
[   28.155946] pimreg: left allmulticast mode
[   28.156304] pimreg: left allmulticast mode
[   28.156642] pimreg: left allmulticast mode
[   28.156960] pimreg: left allmulticast mode
[   28.157268] pimreg: left allmulticast mode
[   28.157792] pimreg: left allmulticast mode
[   28.158126] pimreg: left allmulticast mode
[   28.171119] pimreg: entered allmulticast mode
[   28.203863] pimreg: entered allmulticast mode
[   28.226675] pimreg: entered allmulticast mode
[   28.238742] pimreg: entered allmulticast mode
[   28.257644] pimreg: entered allmulticast mode
[   28.277877] pimreg: entered allmulticast mode
[   28.301723] pimreg: entered allmulticast mode
[   28.318105] pimreg: left allmulticast mode
[   28.318396] pimreg: left allmulticast mode
[   28.318654] pimreg: left allmulticast mode
[   28.318900] pimreg: left allmulticast mode
[   28.319186] pimreg: left allmulticast mode
[   28.319479] pimreg: left allmulticast mode
[   28.319768] pimreg: left allmulticast mode
[   28.320054] pimreg: left allmulticast mode
[   28.320330] pimreg: left allmulticast mode
[   28.334819] pimreg: entered allmulticast mode
[   28.363813] pimreg: entered allmulticast mode
[   28.373885] pimreg: entered allmulticast mode
[   28.393999] pimreg: entered allmulticast mode
[   28.418367] pimreg: entered allmulticast mode
[   28.457941] pimreg: entered allmulticast mode
[   28.481960] pimreg: entered allmulticast mode
[   28.505911] pimreg: entered allmulticast mode
[   28.530024] pimreg: entered allmulticast mode
[   28.550638] pimreg: left allmulticast mode
[   28.550966] pimreg: left allmulticast mode
[   28.551281] pimreg: left allmulticast mode
[   28.551595] pimreg: left allmulticast mode
[   28.551927] pimreg: left allmulticast mode
[   28.552342] pimreg: left allmulticast mode
[   28.553062] pimreg: left allmulticast mode
[   28.553416] pimreg: left allmulticast mode
[   28.567222] pimreg: entered allmulticast mode
[   28.598440] pimreg: entered allmulticast mode
[   28.619993] pimreg: entered allmulticast mode
[   28.639066] pimreg: entered allmulticast mode
[   28.653799] pimreg: entered allmulticast mode
[   28.673694] pimreg: entered allmulticast mode
[   28.697874] pimreg: entered allmulticast mode
[   28.721683] pimreg: entered allmulticast mode
[   28.742817] pimreg: left allmulticast mode
[   28.743433] pimreg: left allmulticast mode
[   28.743729] pimreg: left allmulticast mode
[   28.744121] pimreg: left allmulticast mode
[   28.744398] pimreg: left allmulticast mode
[   28.744695] pimreg: left allmulticast mode
[   28.745012] pimreg: left allmulticast mode
[   28.745321] pimreg: left allmulticast mode
[   28.745646] pimreg: left allmulticast mode
[   28.760871] pimreg: entered allmulticast mode
[   28.803811] pimreg: entered allmulticast mode
[   28.822718] pimreg: entered allmulticast mode
[   28.846560] pimreg: entered allmulticast mode
[   28.870763] pimreg: entered allmulticast mode
[   28.886058] pimreg: entered allmulticast mode
[   28.909774] pimreg: entered allmulticast mode
[   28.946026] pimreg: entered allmulticast mode
[   28.969471] pimreg: entered allmulticast mode
[   28.982705] pimreg: left allmulticast mode
[   28.983069] pimreg: left allmulticast mode
[   28.983403] pimreg: left allmulticast mode
[   28.983737] pimreg: left allmulticast mode
[   28.984072] pimreg: left allmulticast mode
[   28.984671] pimreg: left allmulticast mode
[   28.985039] pimreg: left allmulticast mode
[   28.985369] pimreg: left allmulticast mode
[   28.998965] pimreg: entered allmulticast mode
[   29.042236] pimreg: entered allmulticast mode
[   29.056059] pimreg: entered allmulticast mode
[   29.078660] pimreg: entered allmulticast mode
[   29.089478] pimreg: entered allmulticast mode
[   29.109652] pimreg: entered allmulticast mode
[   29.133878] pimreg: entered allmulticast mode
[   29.157788] pimreg: entered allmulticast mode
[   29.182685] pimreg: left allmulticast mode
[   29.183007] pimreg: left allmulticast mode
[   29.183312] pimreg: left allmulticast mode
[   29.183926] pimreg: left allmulticast mode
[   29.184353] pimreg: left allmulticast mode
[   29.184675] pimreg: left allmulticast mode
[   29.184981] pimreg: left allmulticast mode
[   29.185283] pimreg: left allmulticast mode
[   29.185597] pimreg: left allmulticast mode
[   29.199887] pimreg: entered allmulticast mode
[   29.226901] pimreg: entered allmulticast mode
[   29.241386] pimreg: entered allmulticast mode
[   29.254260] pimreg: entered allmulticast mode
[   29.273946] pimreg: entered allmulticast mode
[   29.301588] pimreg: entered allmulticast mode
[   29.326220] pimreg: entered allmulticast mode
[   29.349890] pimreg: entered allmulticast mode
[   29.359393] pimreg: left allmulticast mode
[   29.359741] pimreg: left allmulticast mode
[   29.360051] pimreg: left allmulticast mode
[   29.360357] pimreg: left allmulticast mode
[   29.360666] pimreg: left allmulticast mode
[   29.360970] pimreg: left allmulticast mode
[   29.361272] pimreg: left allmulticast mode
[   29.373628] pimreg: entered allmulticast mode
[   29.397987] pimreg: entered allmulticast mode
[   29.417955] pimreg: entered allmulticast mode
[   29.441279] pimreg: entered allmulticast mode
[   29.474976] pimreg: entered allmulticast mode
[   29.490031] pimreg: entered allmulticast mode
[   29.509806] pimreg: entered allmulticast mode
[   29.534495] pimreg: entered allmulticast mode
[   29.558310] pimreg: entered allmulticast mode
[   29.562696] pimreg: left allmulticast mode
[   29.563045] pimreg: left allmulticast mode
[   29.563354] pimreg: left allmulticast mode
[   29.563664] pimreg: left allmulticast mode
[   29.563966] pimreg: left allmulticast mode
[   29.564268] pimreg: left allmulticast mode
[   29.564861] pimreg: left allmulticast mode
[   29.565141] pimreg: left allmulticast mode
[   29.565440] pimreg: left allmulticast mode
[   29.580341] pimreg: entered allmulticast mode
[   29.596591] pimreg: entered allmulticast mode
[   29.618943] pimreg: entered allmulticast mode
[   29.633883] pimreg: entered allmulticast mode
[   29.638580] pimreg: left allmulticast mode
[   29.638911] pimreg: left allmulticast mode
[   29.639224] pimreg: left allmulticast mode
[   29.639536] pimreg: left allmulticast mode
[   29.659181] pimreg: entered allmulticast mode
[   29.681350] pimreg: entered allmulticast mode
[   29.700464] pimreg: entered allmulticast mode
[   29.722477] pimreg: entered allmulticast mode
[   29.735034] pimreg: left allmulticast mode
[   29.735364] pimreg: left allmulticast mode
[   29.735689] pimreg: left allmulticast mode
[   29.735998] pimreg: left allmulticast mode
[   29.746035] pimreg: entered allmulticast mode
[   29.775227] pimreg: entered allmulticast mode
[   29.795218] pimreg: entered allmulticast mode
[   29.814069] pimreg: entered allmulticast mode
[   29.837728] pimreg: entered allmulticast mode
[   29.857802] pimreg: entered allmulticast mode
[   29.870615] pimreg: left allmulticast mode
[   29.870941] pimreg: left allmulticast mode
[   29.871220] pimreg: left allmulticast mode
[   29.871496] pimreg: left allmulticast mode
[   29.871787] pimreg: left allmulticast mode
[   29.872093] pimreg: left allmulticast mode
[   29.883557] pimreg: entered allmulticast mode
[   29.922323] pimreg: entered allmulticast mode
[   29.947514] pimreg: entered allmulticast mode
[   29.971225] pimreg: entered allmulticast mode
[   29.985689] pimreg: entered allmulticast mode
[   30.006002] pimreg: entered allmulticast mode
[   30.025620] pimreg: entered allmulticast mode
[   30.042853] pimreg: left allmulticast mode
[   30.043235] pimreg: left allmulticast mode
[   30.043560] pimreg: left allmulticast mode
[   30.043866] pimreg: left allmulticast mode
[   30.044163] pimreg: left allmulticast mode
[   30.044476] pimreg: left allmulticast mode
[   30.044791] pimreg: left allmulticast mode
[   30.056597] pimreg: entered allmulticast mode
[   30.086000] pimreg: entered allmulticast mode
[   30.102782] pimreg: entered allmulticast mode
[   30.136262] pimreg: entered allmulticast mode
[   30.157631] pimreg: entered allmulticast mode
[   30.178315] pimreg: entered allmulticast mode
[   30.202215] pimreg: entered allmulticast mode
[   30.225859] pimreg: entered allmulticast mode
[   30.250090] pimreg: entered allmulticast mode
[   30.254758] pimreg: left allmulticast mode
[   30.255086] pimreg: left allmulticast mode
[   30.255393] pimreg: left allmulticast mode
[   30.255696] pimreg: left allmulticast mode
[   30.255994] pimreg: left allmulticast mode
[   30.256301] pimreg: left allmulticast mode
[   30.256839] pimreg: left allmulticast mode
[   30.257149] pimreg: left allmulticast mode
[   30.257453] pimreg: left allmulticast mode
[   30.272978] pimreg: entered allmulticast mode
[   30.290968] pimreg: entered allmulticast mode
[   30.315491] pimreg: entered allmulticast mode
[   30.325874] pimreg: entered allmulticast mode
[   30.350261] pimreg: entered allmulticast mode
[   30.374731] pimreg: left allmulticast mode
[   30.375062] pimreg: left allmulticast mode
[   30.375368] pimreg: left allmulticast mode
[   30.376094] pimreg: left allmulticast mode
[   30.377217] pimreg: left allmulticast mode
[   30.386700] pimreg: entered allmulticast mode
[   30.411554] pimreg: entered allmulticast mode
[   30.432646] pimreg: entered allmulticast mode
[   30.449937] pimreg: entered allmulticast mode
[   30.473991] pimreg: entered allmulticast mode
[   30.497903] pimreg: entered allmulticast mode
[   30.530054] pimreg: entered allmulticast mode
[   30.534383] pimreg: left allmulticast mode
[   30.534744] pimreg: left allmulticast mode
[   30.535050] pimreg: left allmulticast mode
[   30.535345] pimreg: left allmulticast mode
[   30.535662] pimreg: left allmulticast mode
[   30.535976] pimreg: left allmulticast mode
[   30.553851] pimreg: entered allmulticast mode
[   30.579352] pimreg: entered allmulticast mode
[   30.593326] pimreg: entered allmulticast mode
[   30.622171] pimreg: entered allmulticast mode
[   30.645995] pimreg: entered allmulticast mode
[   30.670075] pimreg: entered allmulticast mode
[   30.698063] pimreg: entered allmulticast mode
[   30.703292] pimreg: left allmulticast mode
[   30.703614] pimreg: left allmulticast mode
[   30.703905] pimreg: left allmulticast mode
[   30.704183] pimreg: left allmulticast mode
[   30.704461] pimreg: left allmulticast mode
[   30.704743] pimreg: left allmulticast mode
[   30.705018] pimreg: left allmulticast mode
[   30.718415] pimreg: entered allmulticast mode
[   30.742783] pimreg: entered allmulticast mode
[   30.766096] pimreg: entered allmulticast mode
[   30.786866] pimreg: entered allmulticast mode
[   30.810302] pimreg: entered allmulticast mode
[   30.833869] pimreg: entered allmulticast mode
[   30.857805] pimreg: entered allmulticast mode
[   30.879321] pimreg: entered allmulticast mode
[   30.880031] pimreg: left allmulticast mode
[   30.880368] pimreg: left allmulticast mode
[   30.880708] pimreg: left allmulticast mode
[   30.881021] pimreg: left allmulticast mode
[   30.881319] pimreg: left allmulticast mode
[   30.881629] pimreg: left allmulticast mode
[   30.882488] pimreg: left allmulticast mode
[   30.882887] pimreg: left allmulticast mode
[   30.883196] pimreg: left allmulticast mode
[   30.898796] pimreg: entered allmulticast mode
[   30.917391] pimreg: entered allmulticast mode
[   30.944436] pimreg: entered allmulticast mode
[   30.961985] pimreg: entered allmulticast mode
[   30.985823] pimreg: entered allmulticast mode
[   31.013723] pimreg: entered allmulticast mode
[   31.042327] pimreg: entered allmulticast mode
[   31.066035] pimreg: entered allmulticast mode
[   31.086690] pimreg: entered allmulticast mode
[   31.105815] pimreg: entered allmulticast mode
[   31.106192] pimreg: left allmulticast mode
[   31.106554] pimreg: left allmulticast mode
[   31.106870] pimreg: left allmulticast mode
[   31.107173] pimreg: left allmulticast mode
[   31.107476] pimreg: left allmulticast mode
[   31.107963] pimreg: left allmulticast mode
[   31.108339] pimreg: left allmulticast mode
[   31.108657] pimreg: left allmulticast mode
[   31.108966] pimreg: left allmulticast mode
[   31.125184] pimreg: entered allmulticast mode
[   31.162588] pimreg: entered allmulticast mode
[   31.188805] pimreg: entered allmulticast mode
[   31.222006] pimreg: entered allmulticast mode
[   31.233908] pimreg: entered allmulticast mode
[   31.261894] pimreg: entered allmulticast mode
[   31.285780] pimreg: entered allmulticast mode
[   31.306382] pimreg: entered allmulticast mode
[   31.315721] pimreg: left allmulticast mode
[   31.316048] pimreg: left allmulticast mode
[   31.316326] pimreg: left allmulticast mode
[   31.316617] pimreg: left allmulticast mode
[   31.316894] pimreg: left allmulticast mode
[   31.317175] pimreg: left allmulticast mode
[   31.317488] pimreg: left allmulticast mode
[   31.317840] pimreg: left allmulticast mode
[   31.318151] pimreg: left allmulticast mode
[   31.333006] pimreg: entered allmulticast mode
[   31.361193] pimreg: entered allmulticast mode
[   31.383062] pimreg: entered allmulticast mode
[   31.405625] pimreg: entered allmulticast mode
[   31.417815] pimreg: entered allmulticast mode
[   31.437678] pimreg: entered allmulticast mode
[   31.461868] pimreg: entered allmulticast mode
[   31.482355] pimreg: entered allmulticast mode
[   31.483241] pimreg: left allmulticast mode
[   31.483601] pimreg: left allmulticast mode
[   31.483907] pimreg: left allmulticast mode
[   31.484209] pimreg: left allmulticast mode
[   31.484522] pimreg: left allmulticast mode
[   31.484847] pimreg: left allmulticast mode
[   31.485153] pimreg: left allmulticast mode
[   31.485458] pimreg: left allmulticast mode
[   31.499439] pimreg: entered allmulticast mode
[   31.531677] pimreg: entered allmulticast mode
[   31.558138] pimreg: entered allmulticast mode
[   31.582324] pimreg: entered allmulticast mode
[   31.617973] pimreg: entered allmulticast mode
[   31.645885] pimreg: entered allmulticast mode
[   31.670192] pimreg: entered allmulticast mode
[   31.693985] pimreg: entered allmulticast mode
[   31.717953] pimreg: entered allmulticast mode
[   31.722944] pimreg: left allmulticast mode
[   31.723289] pimreg: left allmulticast mode
[   31.723616] pimreg: left allmulticast mode
[   31.723911] pimreg: left allmulticast mode
[   31.724212] pimreg: left allmulticast mode
[   31.724662] pimreg: left allmulticast mode
[   31.725035] pimreg: left allmulticast mode
[   31.725345] pimreg: left allmulticast mode
[   31.725657] pimreg: left allmulticast mode
[   31.740681] pimreg: entered allmulticast mode
[   31.760542] pimreg: entered allmulticast mode
[   31.795154] pimreg: entered allmulticast mode
[   31.830920] pimreg: entered allmulticast mode
[   31.849829] pimreg: entered allmulticast mode
[   31.869718] pimreg: entered allmulticast mode
[   31.894223] pimreg: entered allmulticast mode
[   31.913773] pimreg: entered allmulticast mode
[   31.938430] pimreg: entered allmulticast mode
[   31.954629] pimreg: left allmulticast mode
[   31.954942] pimreg: left allmulticast mode
[   31.955212] pimreg: left allmulticast mode
[   31.955494] pimreg: left allmulticast mode
[   31.956181] pimreg: left allmulticast mode
[   31.956498] pimreg: left allmulticast mode
[   31.956804] pimreg: left allmulticast mode
[   31.957102] pimreg: left allmulticast mode
[   31.957401] pimreg: left allmulticast mode
[   31.971543] pimreg: entered allmulticast mode
[   31.995172] pimreg: entered allmulticast mode
[   32.021152] pimreg: entered allmulticast mode
[   32.042104] pimreg: entered allmulticast mode
[   32.065424] pimreg: entered allmulticast mode
[   32.089947] pimreg: entered allmulticast mode
[   32.118112] pimreg: entered allmulticast mode
[   32.138187] pimreg: entered allmulticast mode
[   32.167273] pimreg: entered allmulticast mode
[   32.182428] pimreg: entered allmulticast mode
[   32.187269] pimreg: left allmulticast mode
[   32.187623] pimreg: left allmulticast mode
[   32.187931] pimreg: left allmulticast mode
[   32.188226] pimreg: left allmulticast mode
[   32.188533] pimreg: left allmulticast mode
[   32.188833] pimreg: left allmulticast mode
[   32.189603] pimreg: left allmulticast mode
[   32.189969] pimreg: left allmulticast mode
[   32.190250] pimreg: left allmulticast mode
[   32.190526] pimreg: left allmulticast mode
[   32.206529] pimreg: entered allmulticast mode
[   32.229196] pimreg: entered allmulticast mode
[   32.254692] pimreg: entered allmulticast mode
[   32.278637] pimreg: entered allmulticast mode
[   32.294313] pimreg: entered allmulticast mode
[   32.309516] pimreg: entered allmulticast mode
[   32.330037] pimreg: entered allmulticast mode
[   32.349942] pimreg: entered allmulticast mode
[   32.363807] pimreg: left allmulticast mode
[   32.364260] pimreg: left allmulticast mode
[   32.364588] pimreg: left allmulticast mode
[   32.364903] pimreg: left allmulticast mode
[   32.365206] pimreg: left allmulticast mode
[   32.365511] pimreg: left allmulticast mode
[   32.365854] pimreg: left allmulticast mode
[   32.366161] pimreg: left allmulticast mode
[   32.380403] pimreg: entered allmulticast mode
[   32.419481] pimreg: entered allmulticast mode
[   32.441872] pimreg: entered allmulticast mode
[   32.461647] pimreg: entered allmulticast mode
[   32.490125] pimreg: entered allmulticast mode
[   32.509850] pimreg: entered allmulticast mode
[   32.537996] pimreg: entered allmulticast mode
[   32.557948] pimreg: entered allmulticast mode
[   32.559167] pimreg: left allmulticast mode
[   32.559527] pimreg: left allmulticast mode
[   32.559830] pimreg: left allmulticast mode
[   32.560133] pimreg: left allmulticast mode
[   32.560439] pimreg: left allmulticast mode
[   32.560763] pimreg: left allmulticast mode
[   32.561066] pimreg: left allmulticast mode
[   32.582146] pimreg: entered allmulticast mode
[   32.605636] pimreg: entered allmulticast mode
[   32.625244] pimreg: entered allmulticast mode
[   32.641949] pimreg: entered allmulticast mode
[   32.658005] pimreg: entered allmulticast mode
[   32.681663] pimreg: entered allmulticast mode
[   32.706279] pimreg: entered allmulticast mode
[   32.735250] pimreg: entered allmulticast mode
[   32.735606] pimreg: left allmulticast mode
[   32.735957] pimreg: left allmulticast mode
[   32.736259] pimreg: left allmulticast mode
[   32.736594] pimreg: left allmulticast mode
[   32.736901] pimreg: left allmulticast mode
[   32.737204] pimreg: left allmulticast mode
[   32.737519] pimreg: left allmulticast mode
[   32.737867] pimreg: left allmulticast mode
[   32.751815] pimreg: entered allmulticast mode
[   32.774598] pimreg: entered allmulticast mode
[   32.801508] pimreg: entered allmulticast mode
[   32.822206] pimreg: entered allmulticast mode
[   32.841931] pimreg: entered allmulticast mode
[   32.865419] pimreg: entered allmulticast mode
[   32.889961] pimreg: entered allmulticast mode
[   32.914623] pimreg: entered allmulticast mode
[   32.926749] pimreg: left allmulticast mode
[   32.927130] pimreg: left allmulticast mode
[   32.927457] pimreg: left allmulticast mode
[   32.927763] pimreg: left allmulticast mode
[   32.928071] pimreg: left allmulticast mode
[   32.928485] pimreg: left allmulticast mode
[   32.928793] pimreg: left allmulticast mode
[   32.929103] pimreg: left allmulticast mode
[   32.929405] pimreg: left allmulticast mode
[   32.943658] pimreg: entered allmulticast mode
[   32.966787] pimreg: entered allmulticast mode
[   32.990029] pimreg: entered allmulticast mode
[   33.007493] pimreg: entered allmulticast mode
[   33.038081] pimreg: entered allmulticast mode
[   33.057717] pimreg: entered allmulticast mode
[   33.081863] pimreg: entered allmulticast mode
[   33.106030] pimreg: entered allmulticast mode
[   33.130104] pimreg: entered allmulticast mode
[   33.163257] pimreg: left allmulticast mode
[   33.163599] pimreg: left allmulticast mode
[   33.163911] pimreg: left allmulticast mode
[   33.164221] pimreg: left allmulticast mode
[   33.164534] pimreg: left allmulticast mode
[   33.164853] pimreg: left allmulticast mode
[   33.165165] pimreg: left allmulticast mode
[   33.165475] pimreg: left allmulticast mode
[   33.165811] pimreg: left allmulticast mode
[   33.179651] pimreg: entered allmulticast mode
[   33.200073] pimreg: entered allmulticast mode
[   33.225526] pimreg: entered allmulticast mode
[   33.241645] pimreg: entered allmulticast mode
[   33.270515] pimreg: entered allmulticast mode
[   33.294038] pimreg: entered allmulticast mode
[   33.317562] pimreg: entered allmulticast mode
[   33.330918] pimreg: left allmulticast mode
[   33.331255] pimreg: left allmulticast mode
[   33.331583] pimreg: left allmulticast mode
[   33.331902] pimreg: left allmulticast mode
[   33.332204] pimreg: left allmulticast mode
[   33.332667] pimreg: left allmulticast mode
[   33.332980] pimreg: left allmulticast mode
[   33.346239] pimreg: entered allmulticast mode
[   33.377926] pimreg: entered allmulticast mode
[   33.390887] pimreg: entered allmulticast mode
[   33.414745] pimreg: entered allmulticast mode
[   33.441692] pimreg: entered allmulticast mode
[   33.461431] pimreg: entered allmulticast mode
[   33.481979] pimreg: entered allmulticast mode
[   33.501861] pimreg: entered allmulticast mode
[   33.515411] pimreg: left allmulticast mode
[   33.515720] pimreg: left allmulticast mode
[   33.516008] pimreg: left allmulticast mode
[   33.516287] pimreg: left allmulticast mode
[   33.516586] pimreg: left allmulticast mode
[   33.516856] pimreg: left allmulticast mode
[   33.517135] pimreg: left allmulticast mode
[   33.517444] pimreg: left allmulticast mode
[   33.531430] pimreg: entered allmulticast mode
[   33.563140] pimreg: entered allmulticast mode
[   33.586802] pimreg: entered allmulticast mode
[   33.610481] pimreg: entered allmulticast mode
[   33.629783] pimreg: entered allmulticast mode
[   33.653757] pimreg: entered allmulticast mode
[   33.677929] pimreg: entered allmulticast mode
[   33.696190] pimreg: left allmulticast mode
[   33.696518] pimreg: left allmulticast mode
[   33.697512] pimreg: left allmulticast mode
[   33.697830] pimreg: left allmulticast mode
[   33.698143] pimreg: left allmulticast mode
[   33.698453] pimreg: left allmulticast mode
[   33.698756] pimreg: left allmulticast mode
[   33.709653] pimreg: entered allmulticast mode
[   33.731738] pimreg: entered allmulticast mode
[   33.754217] pimreg: entered allmulticast mode
[   33.781976] pimreg: entered allmulticast mode
[   33.813925] pimreg: entered allmulticast mode
[   33.833781] pimreg: entered allmulticast mode
[   33.857685] pimreg: entered allmulticast mode
[   33.885854] pimreg: entered allmulticast mode
[   33.891370] pimreg: left allmulticast mode
[   33.891712] pimreg: left allmulticast mode
[   33.892025] pimreg: left allmulticast mode
[   33.892331] pimreg: left allmulticast mode
[   33.892819] pimreg: left allmulticast mode
[   33.893121] pimreg: left allmulticast mode
[   33.893425] pimreg: left allmulticast mode
[   33.914155] pimreg: entered allmulticast mode
[   33.931381] pimreg: entered allmulticast mode
[   33.957218] pimreg: entered allmulticast mode
[   33.981391] pimreg: entered allmulticast mode
[   34.010960] pimreg: entered allmulticast mode
[   34.030688] pimreg: left allmulticast mode
[   34.031004] pimreg: left allmulticast mode
[   34.031287] pimreg: left allmulticast mode
[   34.031568] pimreg: left allmulticast mode
[   34.031856] pimreg: left allmulticast mode
[   34.032235] pimreg: left allmulticast mode
[   34.042736] pimreg: entered allmulticast mode
[   34.062656] pimreg: entered allmulticast mode
[   34.086317] pimreg: entered allmulticast mode
[   34.114104] pimreg: entered allmulticast mode
[   34.129810] pimreg: entered allmulticast mode
[   34.153828] pimreg: entered allmulticast mode
[   34.173834] pimreg: entered allmulticast mode
[   34.186363] pimreg: left allmulticast mode
[   34.186699] pimreg: left allmulticast mode
[   34.186976] pimreg: left allmulticast mode
[   34.187251] pimreg: left allmulticast mode
[   34.187546] pimreg: left allmulticast mode
[   34.187849] pimreg: left allmulticast mode
[   34.188153] pimreg: left allmulticast mode
[   34.201210] pimreg: entered allmulticast mode
[   34.229254] pimreg: entered allmulticast mode
[   34.254258] pimreg: entered allmulticast mode
[   34.285790] pimreg: entered allmulticast mode
[   34.322151] pimreg: entered allmulticast mode
[   34.346063] pimreg: entered allmulticast mode
[   34.370359] pimreg: entered allmulticast mode
[   34.393947] pimreg: entered allmulticast mode
[   34.399191] pimreg: left allmulticast mode
[   34.399744] pimreg: left allmulticast mode
[   34.400061] pimreg: left allmulticast mode
[   34.400372] pimreg: left allmulticast mode
[   34.400683] pimreg: left allmulticast mode
[   34.400983] pimreg: left allmulticast mode
[   34.401291] pimreg: left allmulticast mode
[   34.422169] pimreg: entered allmulticast mode
[   34.445813] pimreg: entered allmulticast mode
[   34.466756] pimreg: entered allmulticast mode
[   34.486675] pimreg: entered allmulticast mode
[   34.509905] pimreg: entered allmulticast mode
[   34.533814] pimreg: entered allmulticast mode
[   34.558454] pimreg: entered allmulticast mode
[   34.566851] pimreg: left allmulticast mode
[   34.567164] pimreg: left allmulticast mode
[   34.567482] pimreg: left allmulticast mode
[   34.567802] pimreg: left allmulticast mode
[   34.568115] pimreg: left allmulticast mode
[   34.568435] pimreg: left allmulticast mode
[   34.568739] pimreg: left allmulticast mode
[   34.569047] pimreg: left allmulticast mode
[   34.582655] pimreg: entered allmulticast mode
[   34.614429] pimreg: entered allmulticast mode
[   34.631725] pimreg: entered allmulticast mode
[   34.649573] pimreg: entered allmulticast mode
[   34.661661] pimreg: entered allmulticast mode
[   34.686340] pimreg: entered allmulticast mode
[   34.718951] pimreg: entered allmulticast mode
[   34.729818] pimreg: entered allmulticast mode
[   34.730371] pimreg: left allmulticast mode
[   34.730722] pimreg: left allmulticast mode
[   34.731031] pimreg: left allmulticast mode
[   34.731342] pimreg: left allmulticast mode
[   34.731661] pimreg: left allmulticast mode
[   34.731986] pimreg: left allmulticast mode
[   34.732295] pimreg: left allmulticast mode
[   34.744515] pimreg: entered allmulticast mode
[   34.759108] pimreg: entered allmulticast mode
[   34.778875] pimreg: entered allmulticast mode
[   34.806311] pimreg: entered allmulticast mode
[   34.834767] pimreg: entered allmulticast mode
[   34.850412] pimreg: entered allmulticast mode
[   34.854695] pimreg: left allmulticast mode
[   34.855024] pimreg: left allmulticast mode
[   34.855341] pimreg: left allmulticast mode
[   34.855669] pimreg: left allmulticast mode
[   34.855976] pimreg: left allmulticast mode
[   34.856530] pimreg: left allmulticast mode
[   34.856877] pimreg: left allmulticast mode
[   34.870712] pimreg: entered allmulticast mode
[   34.899673] pimreg: entered allmulticast mode
[   34.936684] pimreg: entered allmulticast mode
[   34.954831] pimreg: entered allmulticast mode
[   34.982236] pimreg: entered allmulticast mode
[   35.001689] pimreg: entered allmulticast mode
[   35.034007] pimreg: entered allmulticast mode
[   35.058080] pimreg: entered allmulticast mode
[   35.078518] pimreg: left allmulticast mode
[   35.078873] pimreg: left allmulticast mode
[   35.079210] pimreg: left allmulticast mode
[   35.079533] pimreg: left allmulticast mode
[   35.080816] pimreg: left allmulticast mode
[   35.081132] pimreg: left allmulticast mode
[   35.081417] pimreg: left allmulticast mode
[   35.081698] pimreg: left allmulticast mode
[   35.094633] pimreg: entered allmulticast mode
[   35.111646] pimreg: entered allmulticast mode
[   35.126156] pimreg: entered allmulticast mode
[   35.146577] pimreg: entered allmulticast mode
[   35.165336] pimreg: entered allmulticast mode
[   35.185790] pimreg: entered allmulticast mode
[   35.210071] pimreg: entered allmulticast mode
[   35.230111] pimreg: entered allmulticast mode
[   35.250526] pimreg: left allmulticast mode
[   35.251127] pimreg: left allmulticast mode
[   35.251441] pimreg: left allmulticast mode
[   35.251725] pimreg: left allmulticast mode
[   35.252140] pimreg: left allmulticast mode
[   35.252468] pimreg: left allmulticast mode
[   35.252778] pimreg: left allmulticast mode
[   35.253085] pimreg: left allmulticast mode
[   35.265928] pimreg: entered allmulticast mode
[   35.295423] pimreg: entered allmulticast mode
[   35.318413] pimreg: entered allmulticast mode
[   35.331704] pimreg: entered allmulticast mode
[   35.354766] pimreg: entered allmulticast mode
[   35.370274] pimreg: entered allmulticast mode
[   35.389786] pimreg: entered allmulticast mode
[   35.409968] pimreg: entered allmulticast mode
[   35.411644] pimreg: left allmulticast mode
[   35.412191] pimreg: left allmulticast mode
[   35.412516] pimreg: left allmulticast mode
[   35.412842] pimreg: left allmulticast mode
[   35.413146] pimreg: left allmulticast mode
[   35.413463] pimreg: left allmulticast mode
[   35.413826] pimreg: left allmulticast mode
[   35.434369] pimreg: entered allmulticast mode
[   35.458092] pimreg: entered allmulticast mode
[   35.478159] pimreg: entered allmulticast mode
[   35.502220] pimreg: entered allmulticast mode
[   35.522539] pimreg: left allmulticast mode
[   35.522867] pimreg: left allmulticast mode
[   35.523148] pimreg: left allmulticast mode
[   35.523437] pimreg: left allmulticast mode
[   35.523719] pimreg: left allmulticast mode
[   35.533392] pimreg: entered allmulticast mode
[   35.557641] pimreg: entered allmulticast mode
[   35.577815] pimreg: entered allmulticast mode
[   35.614055] pimreg: entered allmulticast mode
[   35.638372] pimreg: entered allmulticast mode
[   35.662008] pimreg: entered allmulticast mode
[   35.686510] pimreg: left allmulticast mode
[   35.687004] pimreg: left allmulticast mode
[   35.687296] pimreg: left allmulticast mode
[   35.687609] pimreg: left allmulticast mode
[   35.688002] pimreg: left allmulticast mode
[   35.688331] pimreg: left allmulticast mode
[   35.699056] pimreg: entered allmulticast mode
[   35.722426] pimreg: entered allmulticast mode
[   35.754179] pimreg: entered allmulticast mode
[   35.778027] pimreg: entered allmulticast mode
[   35.802210] pimreg: entered allmulticast mode
[   35.826334] pimreg: entered allmulticast mode
[   35.853876] pimreg: entered allmulticast mode
[   35.874471] pimreg: left allmulticast mode
[   35.874812] pimreg: left allmulticast mode
[   35.875126] pimreg: left allmulticast mode
[   35.875440] pimreg: left allmulticast mode
[   35.875770] pimreg: left allmulticast mode
[   35.876099] pimreg: left allmulticast mode
[   35.876422] pimreg: left allmulticast mode
[   35.888233] pimreg: entered allmulticast mode
[   35.914385] pimreg: entered allmulticast mode
[   35.944697] pimreg: entered allmulticast mode
[   35.966201] pimreg: entered allmulticast mode
[   35.985472] pimreg: entered allmulticast mode
[   36.001369] pimreg: entered allmulticast mode
[   36.029999] pimreg: entered allmulticast mode
[   36.050601] pimreg: left allmulticast mode
[   36.050943] pimreg: left allmulticast mode
[   36.051253] pimreg: left allmulticast mode
[   36.051573] pimreg: left allmulticast mode
[   36.053299] pimreg: left allmulticast mode
[   36.053625] pimreg: left allmulticast mode
[   36.054216] pimreg: left allmulticast mode
[   36.066330] pimreg: entered allmulticast mode
[   36.090842] pimreg: entered allmulticast mode
[   36.110673] pimreg: entered allmulticast mode
[   36.133940] pimreg: entered allmulticast mode
[   36.154136] pimreg: entered allmulticast mode
[   36.177929] pimreg: entered allmulticast mode
[   36.205892] pimreg: entered allmulticast mode
[   36.229955] pimreg: entered allmulticast mode
[   36.246666] pimreg: left allmulticast mode
[   36.247006] pimreg: left allmulticast mode
[   36.247332] pimreg: left allmulticast mode
[   36.247653] pimreg: left allmulticast mode
[   36.247960] pimreg: left allmulticast mode
[   36.248309] pimreg: left allmulticast mode
[   36.248622] pimreg: left allmulticast mode
[   36.248931] pimreg: left allmulticast mode
[   36.263487] pimreg: entered allmulticast mode
[   36.287385] pimreg: entered allmulticast mode
[   36.311317] pimreg: entered allmulticast mode
[   36.334822] pimreg: entered allmulticast mode
[   36.369963] pimreg: entered allmulticast mode
[   36.393989] pimreg: entered allmulticast mode
[   36.413900] pimreg: entered allmulticast mode
[   36.438156] pimreg: entered allmulticast mode
[   36.478932] pimreg: left allmulticast mode
[   36.479255] pimreg: left allmulticast mode
[   36.479563] pimreg: left allmulticast mode
[   36.479878] pimreg: left allmulticast mode
[   36.480312] pimreg: left allmulticast mode
[   36.480623] pimreg: left allmulticast mode
[   36.480930] pimreg: left allmulticast mode
[   36.481238] pimreg: left allmulticast mode
[   36.494396] pimreg: entered allmulticast mode
[   36.515640] pimreg: entered allmulticast mode
[   36.550812] pimreg: entered allmulticast mode
[   36.569579] pimreg: entered allmulticast mode
[   36.589876] pimreg: entered allmulticast mode
[   36.613630] pimreg: entered allmulticast mode
[   36.633726] pimreg: entered allmulticast mode
[   36.654021] pimreg: entered allmulticast mode
[   36.674748] pimreg: entered allmulticast mode
[   36.694530] pimreg: left allmulticast mode
[   36.694854] pimreg: left allmulticast mode
[   36.695129] pimreg: left allmulticast mode
[   36.695420] pimreg: left allmulticast mode
[   36.695749] pimreg: left allmulticast mode
[   36.696075] pimreg: left allmulticast mode
[   36.696394] pimreg: left allmulticast mode
[   36.697222] pimreg: left allmulticast mode
[   36.697610] pimreg: left allmulticast mode
[   36.712231] pimreg: entered allmulticast mode
[   36.737439] pimreg: entered allmulticast mode
[   36.752659] pimreg: entered allmulticast mode
[   36.769879] pimreg: entered allmulticast mode
[   36.793984] pimreg: entered allmulticast mode
[   36.817477] pimreg: entered allmulticast mode
[   36.842049] pimreg: entered allmulticast mode
[   36.865811] pimreg: entered allmulticast mode
[   36.890159] pimreg: entered allmulticast mode
[   36.910888] pimreg: left allmulticast mode
[   36.911214] pimreg: left allmulticast mode
[   36.911542] pimreg: left allmulticast mode
[   36.911860] pimreg: left allmulticast mode
[   36.912167] pimreg: left allmulticast mode
[   36.912492] pimreg: left allmulticast mode
[   36.912796] pimreg: left allmulticast mode
[   36.913102] pimreg: left allmulticast mode
[   36.913416] pimreg: left allmulticast mode
[   36.928054] pimreg: entered allmulticast mode
[   36.968002] pimreg: entered allmulticast mode
[   36.984182] pimreg: entered allmulticast mode
[   37.002794] pimreg: entered allmulticast mode
[   37.038022] pimreg: entered allmulticast mode
[   37.069942] pimreg: entered allmulticast mode
[   37.093924] pimreg: entered allmulticast mode
[   37.145994] pimreg: entered allmulticast mode
[   37.173964] pimreg: entered allmulticast mode
[   37.194945] pimreg: left allmulticast mode
[   37.195282] pimreg: left allmulticast mode
[   37.195578] pimreg: left allmulticast mode
[   37.195894] pimreg: left allmulticast mode
[   37.196181] pimreg: left allmulticast mode
[   37.196468] pimreg: left allmulticast mode
[   37.196741] pimreg: left allmulticast mode
[   37.197019] pimreg: left allmulticast mode
[   37.197298] pimreg: left allmulticast mode
[   37.211671] pimreg: entered allmulticast mode
[   37.239256] pimreg: entered allmulticast mode
[   37.257979] pimreg: entered allmulticast mode
[   37.272160] pimreg: entered allmulticast mode
[   37.302222] pimreg: entered allmulticast mode
[   37.330059] pimreg: entered allmulticast mode
[   37.353914] pimreg: entered allmulticast mode
[   37.377941] pimreg: entered allmulticast mode
[   37.409810] pimreg: entered allmulticast mode
[   37.437877] pimreg: entered allmulticast mode
[   37.450821] pimreg: left allmulticast mode
[   37.451373] pimreg: left allmulticast mode
[   37.451651] pimreg: left allmulticast mode
[   37.451931] pimreg: left allmulticast mode
[   37.452205] pimreg: left allmulticast mode
[   37.452490] pimreg: left allmulticast mode
[   37.452764] pimreg: left allmulticast mode
[   37.453045] pimreg: left allmulticast mode
[   37.453358] pimreg: left allmulticast mode
[   37.453664] pimreg: left allmulticast mode
[   37.471395] pimreg: entered allmulticast mode
[   37.498152] pimreg: entered allmulticast mode
[   37.525444] pimreg: entered allmulticast mode
[   37.537982] pimreg: entered allmulticast mode
[   37.561623] pimreg: entered allmulticast mode
[   37.586135] pimreg: entered allmulticast mode
[   37.610325] pimreg: entered allmulticast mode
[   37.647136] pimreg: left allmulticast mode
[   37.647432] pimreg: left allmulticast mode
[   37.647717] pimreg: left allmulticast mode
[   37.648000] pimreg: left allmulticast mode
[   37.648281] pimreg: left allmulticast mode
[   37.648662] pimreg: left allmulticast mode
[   37.648955] pimreg: left allmulticast mode
[   37.660590] pimreg: entered allmulticast mode
[   37.683057] pimreg: entered allmulticast mode
[   37.702850] pimreg: entered allmulticast mode
[   37.725587] pimreg: entered allmulticast mode
[   37.749897] pimreg: entered allmulticast mode
[   37.773647] pimreg: entered allmulticast mode
[   37.797844] pimreg: entered allmulticast mode
[   37.818347] pimreg: entered allmulticast mode
[   37.850583] pimreg: left allmulticast mode
[   37.850917] pimreg: left allmulticast mode
[   37.851231] pimreg: left allmulticast mode
[   37.851556] pimreg: left allmulticast mode
[   37.852366] pimreg: left allmulticast mode
[   37.852656] pimreg: left allmulticast mode
[   37.852945] pimreg: left allmulticast mode
[   37.853228] pimreg: left allmulticast mode
[   37.866609] pimreg: entered allmulticast mode
[   37.896088] pimreg: entered allmulticast mode
[   37.906888] pimreg: entered allmulticast mode
[   37.926211] pimreg: entered allmulticast mode
[   37.949925] pimreg: entered allmulticast mode
[   37.981680] pimreg: entered allmulticast mode
[   38.005949] pimreg: entered allmulticast mode
[   38.033823] pimreg: entered allmulticast mode
[   38.058065] pimreg: entered allmulticast mode
[   38.062913] pimreg: left allmulticast mode
[   38.063286] pimreg: left allmulticast mode
[   38.063603] pimreg: left allmulticast mode
[   38.063917] pimreg: left allmulticast mode
[   38.064223] pimreg: left allmulticast mode
[   38.064546] pimreg: left allmulticast mode
[   38.064853] pimreg: left allmulticast mode
[   38.065162] pimreg: left allmulticast mode
[   38.081506] pimreg: entered allmulticast mode
[   38.102664] pimreg: entered allmulticast mode
[   38.129279] pimreg: entered allmulticast mode
[   38.167315] pimreg: entered allmulticast mode
[   38.201891] pimreg: entered allmulticast mode
[   38.237499] pimreg: entered allmulticast mode
[   38.261899] pimreg: entered allmulticast mode
[   38.285564] pimreg: entered allmulticast mode
[   38.290829] pimreg: left allmulticast mode
[   38.291563] pimreg: left allmulticast mode
[   38.291910] pimreg: left allmulticast mode
[   38.292244] pimreg: left allmulticast mode
[   38.292556] pimreg: left allmulticast mode
[   38.292866] pimreg: left allmulticast mode
[   38.293177] pimreg: left allmulticast mode
[   38.293492] pimreg: left allmulticast mode
[   38.293829] pimreg: left allmulticast mode
[   38.308803] pimreg: entered allmulticast mode
[   38.323990] pimreg: entered allmulticast mode
[   38.338106] pimreg: entered allmulticast mode
[   38.362717] pimreg: entered allmulticast mode
[   38.386922] pimreg: entered allmulticast mode
[   38.402323] pimreg: entered allmulticast mode
[   38.421670] pimreg: entered allmulticast mode
[   38.442279] pimreg: entered allmulticast mode
[   38.465985] pimreg: entered allmulticast mode
[   38.486025] pimreg: entered allmulticast mode
[   38.506004] pimreg: entered allmulticast mode
[   38.511073] pimreg: left allmulticast mode
[   38.511493] pimreg: left allmulticast mode
[   38.512111] pimreg: left allmulticast mode
[   38.512450] pimreg: left allmulticast mode
[   38.512985] pimreg: left allmulticast mode
[   38.513659] pimreg: left allmulticast mode
[   38.514368] pimreg: left allmulticast mode
[   38.514994] pimreg: left allmulticast mode
[   38.515303] pimreg: left allmulticast mode
[   38.515602] pimreg: left allmulticast mode
[   38.537815] pimreg: entered allmulticast mode
[   38.561872] pimreg: entered allmulticast mode
[   38.585102] pimreg: entered allmulticast mode
[   38.606086] pimreg: entered allmulticast mode
[   38.626270] pimreg: entered allmulticast mode
[   38.645910] pimreg: entered allmulticast mode
[   38.670263] pimreg: entered allmulticast mode
[   38.690033] pimreg: entered allmulticast mode
[   38.709668] pimreg: entered allmulticast mode
[   38.729957] pimreg: entered allmulticast mode
[   38.742795] pimreg: left allmulticast mode
[   38.743393] pimreg: left allmulticast mode
[   38.743686] pimreg: left allmulticast mode
[   38.743997] pimreg: left allmulticast mode
[   38.744316] pimreg: left allmulticast mode
[   38.744623] pimreg: left allmulticast mode
[   38.744931] pimreg: left allmulticast mode
[   38.745249] pimreg: left allmulticast mode
[   38.745562] pimreg: left allmulticast mode
[   38.745926] pimreg: left allmulticast mode
[   38.746247] pimreg: left allmulticast mode
[   38.763218] pimreg: entered allmulticast mode
[   38.793859] pimreg: entered allmulticast mode
[   38.822812] pimreg: entered allmulticast mode
[   38.846261] pimreg: entered allmulticast mode
[   38.870076] pimreg: entered allmulticast mode
[   38.898091] pimreg: entered allmulticast mode
[   38.922216] pimreg: entered allmulticast mode
[   38.942498] pimreg: entered allmulticast mode
[   38.962315] pimreg: entered allmulticast mode
[   38.983460] pimreg: entered allmulticast mode
[   39.002279] pimreg: left allmulticast mode
[   39.002607] pimreg: left allmulticast mode
[   39.002924] pimreg: left allmulticast mode
[   39.003239] pimreg: left allmulticast mode
[   39.003554] pimreg: left allmulticast mode
[   39.004663] pimreg: left allmulticast mode
[   39.004980] pimreg: left allmulticast mode
[   39.005302] pimreg: left allmulticast mode
[   39.005612] pimreg: left allmulticast mode
[   39.005976] pimreg: left allmulticast mode
[   39.021949] pimreg: entered allmulticast mode
[   39.057085] pimreg: entered allmulticast mode
[   39.073799] pimreg: entered allmulticast mode
[   39.087733] pimreg: entered allmulticast mode
[   39.106453] pimreg: entered allmulticast mode
[   39.133705] pimreg: entered allmulticast mode
[   39.158544] pimreg: entered allmulticast mode
[   39.185625] pimreg: entered allmulticast mode
[   39.226196] pimreg: entered allmulticast mode
[   39.254119] pimreg: entered allmulticast mode
[   39.278054] pimreg: entered allmulticast mode
[   39.298662] pimreg: left allmulticast mode
[   39.298997] pimreg: left allmulticast mode
[   39.299314] pimreg: left allmulticast mode
[   39.299627] pimreg: left allmulticast mode
[   39.299947] pimreg: left allmulticast mode
[   39.300552] pimreg: left allmulticast mode
[   39.300874] pimreg: left allmulticast mode
[   39.301181] pimreg: left allmulticast mode
[   39.301499] pimreg: left allmulticast mode
[   39.301863] pimreg: left allmulticast mode
[   39.302178] pimreg: left allmulticast mode
[   39.319191] pimreg: entered allmulticast mode
[   39.345975] pimreg: entered allmulticast mode
[   39.370947] pimreg: entered allmulticast mode
[   39.394013] pimreg: entered allmulticast mode
[   39.417995] pimreg: entered allmulticast mode
[   39.438219] pimreg: entered allmulticast mode
[   39.457945] pimreg: entered allmulticast mode
[   39.478145] pimreg: entered allmulticast mode
[   39.489906] pimreg: entered allmulticast mode
[   39.511879] pimreg: left allmulticast mode
[   39.512219] pimreg: left allmulticast mode
[   39.512504] pimreg: left allmulticast mode
[   39.512794] pimreg: left allmulticast mode
[   39.513108] pimreg: left allmulticast mode
[   39.513428] pimreg: left allmulticast mode
[   39.513772] pimreg: left allmulticast mode
[   39.514086] pimreg: left allmulticast mode
[   39.514399] pimreg: left allmulticast mode
[   39.529790] pimreg: entered allmulticast mode
[   39.552024] pimreg: entered allmulticast mode
[   39.570134] pimreg: entered allmulticast mode
[   39.594110] pimreg: entered allmulticast mode
[   39.622162] pimreg: entered allmulticast mode
[   39.649726] pimreg: entered allmulticast mode
[   39.669850] pimreg: entered allmulticast mode
[   39.694918] pimreg: entered allmulticast mode
[   39.710642] pimreg: left allmulticast mode
[   39.710975] pimreg: left allmulticast mode
[   39.711280] pimreg: left allmulticast mode
[   39.711838] pimreg: left allmulticast mode
[   39.712474] pimreg: left allmulticast mode
[   39.712809] pimreg: left allmulticast mode
[   39.713127] pimreg: left allmulticast mode
[   39.713449] pimreg: left allmulticast mode
[   39.726616] pimreg: entered allmulticast mode
[   39.750183] pimreg: entered allmulticast mode
[   39.776808] pimreg: entered allmulticast mode
[   39.802724] pimreg: entered allmulticast mode
[   39.821715] pimreg: entered allmulticast mode
[   39.826687] pimreg: left allmulticast mode
[   39.827095] pimreg: left allmulticast mode
[   39.827742] pimreg: left allmulticast mode
[   39.828083] pimreg: left allmulticast mode
[   39.837992] pimreg: entered allmulticast mode
[   39.862420] pimreg: entered allmulticast mode
[   39.887069] pimreg: entered allmulticast mode
[   39.916586] pimreg: entered allmulticast mode
[   39.934314] pimreg: entered allmulticast mode
[   39.946796] pimreg: left allmulticast mode
[   39.947102] pimreg: left allmulticast mode
[   39.947415] pimreg: left allmulticast mode
[   39.947695] pimreg: left allmulticast mode
[   39.947974] pimreg: left allmulticast mode
[   39.948273] pimreg: left allmulticast mode
[   39.959371] pimreg: entered allmulticast mode
[   39.982566] pimreg: entered allmulticast mode
[   40.008564] pimreg: entered allmulticast mode
[   40.033913] pimreg: entered allmulticast mode
[   40.058245] pimreg: entered allmulticast mode
[   40.069616] pimreg: entered allmulticast mode
[   40.093822] pimreg: entered allmulticast mode
[   40.098871] pimreg: left allmulticast mode
[   40.099204] pimreg: left allmulticast mode
[   40.099506] pimreg: left allmulticast mode
[   40.100036] pimreg: left allmulticast mode
[   40.100352] pimreg: left allmulticast mode
[   40.100657] pimreg: left allmulticast mode
[   40.111951] pimreg: entered allmulticast mode
[   40.144244] pimreg: entered allmulticast mode
[   40.167364] pimreg: entered allmulticast mode
[   40.186267] pimreg: entered allmulticast mode
[   40.205882] pimreg: entered allmulticast mode
[   40.238058] pimreg: entered allmulticast mode
[   40.257726] pimreg: entered allmulticast mode
[   40.262975] pimreg: left allmulticast mode
[   40.263312] pimreg: left allmulticast mode
[   40.263627] pimreg: left allmulticast mode
[   40.263927] pimreg: left allmulticast mode
[   40.264233] pimreg: left allmulticast mode
[   40.264532] pimreg: left allmulticast mode
[   40.264833] pimreg: left allmulticast mode
[   40.265136] pimreg: left allmulticast mode
[   40.279638] pimreg: entered allmulticast mode
[   40.315284] pimreg: entered allmulticast mode
[   40.342182] pimreg: entered allmulticast mode
[   40.356396] pimreg: entered allmulticast mode
[   40.366802] pimreg: left allmulticast mode
[   40.367213] pimreg: left allmulticast mode
[   40.367491] pimreg: left allmulticast mode
[   40.367798] pimreg: left allmulticast mode
[   40.377700] pimreg: entered allmulticast mode
[   40.418548] pimreg: entered allmulticast mode
[   40.443801] pimreg: entered allmulticast mode
[   40.466401] pimreg: entered allmulticast mode
[   40.485866] pimreg: entered allmulticast mode
[   40.513473] pimreg: entered allmulticast mode
[   40.530767] pimreg: left allmulticast mode
[   40.531101] pimreg: left allmulticast mode
[   40.531414] pimreg: left allmulticast mode
[   40.531723] pimreg: left allmulticast mode
[   40.532039] pimreg: left allmulticast mode
[   40.532355] pimreg: left allmulticast mode
[   40.543190] pimreg: entered allmulticast mode
[   40.577844] pimreg: entered allmulticast mode
[   40.608031] pimreg: entered allmulticast mode
[   40.629419] pimreg: entered allmulticast mode
[   40.662031] pimreg: entered allmulticast mode
[   40.705955] pimreg: entered allmulticast mode
[   40.738238] pimreg: entered allmulticast mode
[   40.766649] pimreg: left allmulticast mode
[   40.766947] pimreg: left allmulticast mode
[   40.767224] pimreg: left allmulticast mode
[   40.767497] pimreg: left allmulticast mode
[   40.768707] pimreg: left allmulticast mode
[   40.768999] pimreg: left allmulticast mode
[   40.769325] pimreg: left allmulticast mode
[   40.781207] pimreg: entered allmulticast mode
[   40.809075] pimreg: entered allmulticast mode
[   40.848733] pimreg: entered allmulticast mode
[   40.869818] pimreg: entered allmulticast mode
[   40.901714] pimreg: entered allmulticast mode
[   40.921399] pimreg: entered allmulticast mode
[   40.941635] pimreg: entered allmulticast mode
[   40.969680] pimreg: entered allmulticast mode
[   40.974819] pimreg: left allmulticast mode
[   40.975160] pimreg: left allmulticast mode
[   40.975480] pimreg: left allmulticast mode
[   40.975791] pimreg: left allmulticast mode
[   40.976100] pimreg: left allmulticast mode
[   40.976567] pimreg: left allmulticast mode
[   40.976956] pimreg: left allmulticast mode
[   40.977480] pimreg: left allmulticast mode
[   40.991604] pimreg: entered allmulticast mode
[   41.023361] pimreg: entered allmulticast mode
[   41.034509] pimreg: entered allmulticast mode
[   41.074963] pimreg: entered allmulticast mode
[   41.105865] pimreg: entered allmulticast mode
[   41.145638] pimreg: entered allmulticast mode
[   41.165919] pimreg: entered allmulticast mode
[   41.189778] pimreg: entered allmulticast mode
[   41.222968] pimreg: entered allmulticast mode
[   41.227549] pimreg: left allmulticast mode
[   41.227891] pimreg: left allmulticast mode
[   41.228223] pimreg: left allmulticast mode
[   41.228537] pimreg: left allmulticast mode
[   41.228845] pimreg: left allmulticast mode
[   41.229156] pimreg: left allmulticast mode
[   41.229465] pimreg: left allmulticast mode
[   41.229803] pimreg: left allmulticast mode
[   41.230126] pimreg: left allmulticast mode
[   41.245013] pimreg: entered allmulticast mode
[   41.271213] pimreg: entered allmulticast mode
[   41.282373] pimreg: entered allmulticast mode
[   41.299278] pimreg: entered allmulticast mode
[   41.322900] pimreg: entered allmulticast mode
[   41.334846] pimreg: left allmulticast mode
[   41.335179] pimreg: left allmulticast mode
[   41.335468] pimreg: left allmulticast mode
[   41.335776] pimreg: left allmulticast mode
[   41.336096] pimreg: left allmulticast mode
[   41.346091] pimreg: entered allmulticast mode
[   41.375716] pimreg: entered allmulticast mode
[   41.403358] pimreg: entered allmulticast mode
[   41.422293] pimreg: entered allmulticast mode
[   41.449827] pimreg: entered allmulticast mode
[   41.482485] pimreg: entered allmulticast mode
[   41.510055] pimreg: entered allmulticast mode
[   41.514771] pimreg: left allmulticast mode
[   41.515140] pimreg: left allmulticast mode
[   41.515462] pimreg: left allmulticast mode
[   41.515764] pimreg: left allmulticast mode
[   41.516075] pimreg: left allmulticast mode
[   41.516537] pimreg: left allmulticast mode
[   41.516920] pimreg: left allmulticast mode
[   41.528784] pimreg: entered allmulticast mode
[   41.554853] pimreg: entered allmulticast mode
[   41.578275] pimreg: entered allmulticast mode
[   41.606143] pimreg: entered allmulticast mode
[   41.633446] pimreg: entered allmulticast mode
[   41.677472] pimreg: entered allmulticast mode
[   41.693634] pimreg: entered allmulticast mode
[   41.706158] pimreg: entered allmulticast mode
[   41.715135] pimreg: left allmulticast mode
[   41.715458] pimreg: left allmulticast mode
[   41.715765] pimreg: left allmulticast mode
[   41.716068] pimreg: left allmulticast mode
[   41.716388] pimreg: left allmulticast mode
[   41.716696] pimreg: left allmulticast mode
[   41.717377] pimreg: left allmulticast mode
[   41.718046] pimreg: left allmulticast mode
[   41.731717] pimreg: entered allmulticast mode
[   41.759785] pimreg: entered allmulticast mode
[   41.792116] pimreg: entered allmulticast mode
[   41.809935] pimreg: entered allmulticast mode
[   41.837986] pimreg: entered allmulticast mode
[   41.873977] pimreg: entered allmulticast mode
[   41.902105] pimreg: entered allmulticast mode
[   41.929680] pimreg: entered allmulticast mode
[   41.957801] pimreg: entered allmulticast mode
[   41.962697] pimreg: left allmulticast mode
[   41.963032] pimreg: left allmulticast mode
[   41.963354] pimreg: left allmulticast mode
[   41.963675] pimreg: left allmulticast mode
[   41.963984] pimreg: left allmulticast mode
[   41.964302] pimreg: left allmulticast mode
[   41.964969] pimreg: left allmulticast mode
[   41.965312] pimreg: left allmulticast mode
[   41.965631] pimreg: left allmulticast mode
[   41.980799] pimreg: entered allmulticast mode
[   42.023829] pimreg: entered allmulticast mode
[   42.054024] pimreg: entered allmulticast mode
[   42.074240] pimreg: entered allmulticast mode
[   42.085555] pimreg: entered allmulticast mode
[   42.105966] pimreg: entered allmulticast mode
[   42.130367] pimreg: entered allmulticast mode
[   42.154223] pimreg: entered allmulticast mode
[   42.160098] pimreg: left allmulticast mode
[   42.160763] pimreg: left allmulticast mode
[   42.161058] pimreg: left allmulticast mode
[   42.161350] pimreg: left allmulticast mode
[   42.161983] pimreg: left allmulticast mode
[   42.162276] pimreg: left allmulticast mode
[   42.162555] pimreg: left allmulticast mode
[   42.162863] pimreg: left allmulticast mode
[   42.176668] pimreg: entered allmulticast mode
[   42.194602] pimreg: entered allmulticast mode
[   42.214217] pimreg: entered allmulticast mode
[   42.237626] pimreg: entered allmulticast mode
[   42.262143] pimreg: entered allmulticast mode
[   42.286013] pimreg: entered allmulticast mode
[   42.306044] pimreg: entered allmulticast mode
[   42.326324] pimreg: entered allmulticast mode
[   42.327098] pimreg: left allmulticast mode
[   42.327451] pimreg: left allmulticast mode
[   42.327763] pimreg: left allmulticast mode
[   42.328076] pimreg: left allmulticast mode
[   42.328392] pimreg: left allmulticast mode
[   42.328724] pimreg: left allmulticast mode
[   42.329036] pimreg: left allmulticast mode
[   42.342377] pimreg: entered allmulticast mode
[   42.361341] pimreg: entered allmulticast mode
[   42.389588] pimreg: entered allmulticast mode
[   42.410734] pimreg: entered allmulticast mode
[   42.433995] pimreg: entered allmulticast mode
[   42.475108] pimreg: left allmulticast mode
[   42.475436] pimreg: left allmulticast mode
[   42.475747] pimreg: left allmulticast mode
[   42.476047] pimreg: left allmulticast mode
[   42.476363] pimreg: left allmulticast mode
[   42.476766] pimreg: left allmulticast mode
[   42.487745] pimreg: entered allmulticast mode
[   42.521228] pimreg: entered allmulticast mode
[   42.549555] pimreg: entered allmulticast mode
[   42.570912] pimreg: entered allmulticast mode
[   42.590453] pimreg: entered allmulticast mode
[   42.610083] pimreg: entered allmulticast mode
[   42.629830] pimreg: entered allmulticast mode
[   42.635386] pimreg: left allmulticast mode
[   42.635719] pimreg: left allmulticast mode
[   42.636038] pimreg: left allmulticast mode
[   42.636372] pimreg: left allmulticast mode
[   42.636683] pimreg: left allmulticast mode
[   42.636997] pimreg: left allmulticast mode
[   42.649835] pimreg: entered allmulticast mode
[   42.680956] pimreg: entered allmulticast mode
[   42.727836] pimreg: entered allmulticast mode
[   42.745814] pimreg: entered allmulticast mode
[   42.757712] pimreg: entered allmulticast mode
[   42.778681] pimreg: left allmulticast mode
[   42.779284] pimreg: left allmulticast mode
[   42.779622] pimreg: left allmulticast mode
[   42.779940] pimreg: left allmulticast mode
[   42.781241] pimreg: left allmulticast mode
[   42.781572] pimreg: left allmulticast mode
[   42.792721] pimreg: entered allmulticast mode
[   42.817673] pimreg: entered allmulticast mode
[   42.838841] pimreg: entered allmulticast mode
[   42.861993] pimreg: entered allmulticast mode
[   42.882098] pimreg: entered allmulticast mode
[   42.905979] pimreg: entered allmulticast mode
[   42.925626] pimreg: entered allmulticast mode
[   42.938629] pimreg: left allmulticast mode
[   42.938957] pimreg: left allmulticast mode
[   42.939273] pimreg: left allmulticast mode
[   42.939591] pimreg: left allmulticast mode
[   42.939891] pimreg: left allmulticast mode
[   42.940530] pimreg: left allmulticast mode
[   42.940812] pimreg: left allmulticast mode
[   42.953571] pimreg: entered allmulticast mode
[   42.987305] pimreg: entered allmulticast mode
[   43.026593] pimreg: entered allmulticast mode
[   43.046483] pimreg: entered allmulticast mode
[   43.073788] pimreg: entered allmulticast mode
[   43.098414] pimreg: entered allmulticast mode
[   43.117895] pimreg: entered allmulticast mode
[   43.118823] pimreg: left allmulticast mode
[   43.119426] pimreg: left allmulticast mode
[   43.119737] pimreg: left allmulticast mode
[   43.120243] pimreg: left allmulticast mode
[   43.120549] pimreg: left allmulticast mode
[   43.120857] pimreg: left allmulticast mode
[   43.131750] pimreg: entered allmulticast mode
[   43.150230] pimreg: entered allmulticast mode
[   43.175193] pimreg: entered allmulticast mode
[   43.203287] pimreg: entered allmulticast mode
[   43.217517] pimreg: entered allmulticast mode
[   43.237916] pimreg: entered allmulticast mode
[   43.269475] pimreg: entered allmulticast mode
[   43.290750] pimreg: left allmulticast mode
[   43.291086] pimreg: left allmulticast mode
[   43.291387] pimreg: left allmulticast mode
[   43.291694] pimreg: left allmulticast mode
[   43.292003] pimreg: left allmulticast mode
[   43.292998] pimreg: left allmulticast mode
[   43.293340] pimreg: left allmulticast mode
[   43.293647] pimreg: left allmulticast mode
[   43.306975] pimreg: entered allmulticast mode
[   43.327845] pimreg: entered allmulticast mode
[   43.350627] pimreg: entered allmulticast mode
[   43.381990] pimreg: entered allmulticast mode
[   43.402307] pimreg: entered allmulticast mode
[   43.425654] pimreg: entered allmulticast mode
[   43.450568] pimreg: entered allmulticast mode
[   43.473185] pimreg: entered allmulticast mode
[   43.502574] pimreg: left allmulticast mode
[   43.503282] pimreg: left allmulticast mode
[   43.503631] pimreg: left allmulticast mode
[   43.503952] pimreg: left allmulticast mode
[   43.504289] pimreg: left allmulticast mode
[   43.504612] pimreg: left allmulticast mode
[   43.504925] pimreg: left allmulticast mode
[   43.505244] pimreg: left allmulticast mode
[   43.518775] pimreg: entered allmulticast mode
[   43.566899] pimreg: entered allmulticast mode
[   43.590764] pimreg: entered allmulticast mode
[   43.603233] pimreg: entered allmulticast mode
[   43.625806] pimreg: entered allmulticast mode
[   43.645793] pimreg: entered allmulticast mode
[   43.673873] pimreg: entered allmulticast mode
[   43.713561] pimreg: entered allmulticast mode
[   43.726649] pimreg: left allmulticast mode
[   43.726971] pimreg: left allmulticast mode
[   43.727285] pimreg: left allmulticast mode
[   43.727594] pimreg: left allmulticast mode
[   43.727902] pimreg: left allmulticast mode
[   43.728218] pimreg: left allmulticast mode
[   43.728875] pimreg: left allmulticast mode
[   43.729255] pimreg: left allmulticast mode
[   43.743189] pimreg: entered allmulticast mode
[   43.762651] pimreg: entered allmulticast mode
[   43.803510] pimreg: entered allmulticast mode
[   43.829866] pimreg: entered allmulticast mode
[   43.870093] pimreg: entered allmulticast mode
[   43.897824] pimreg: entered allmulticast mode
[   43.925964] pimreg: entered allmulticast mode
[   43.966193] pimreg: entered allmulticast mode
[   43.990497] pimreg: left allmulticast mode
[   43.990823] pimreg: left allmulticast mode
[   43.991138] pimreg: left allmulticast mode
[   43.991450] pimreg: left allmulticast mode
[   43.991764] pimreg: left allmulticast mode
[   43.992085] pimreg: left allmulticast mode
[   43.992398] pimreg: left allmulticast mode
[   43.993131] pimreg: left allmulticast mode
[   44.006553] pimreg: entered allmulticast mode
[   44.027517] pimreg: entered allmulticast mode
[   44.041441] pimreg: entered allmulticast mode
[   44.086433] pimreg: entered allmulticast mode
[   44.105614] pimreg: entered allmulticast mode
[   44.126004] pimreg: entered allmulticast mode
[   44.145765] pimreg: entered allmulticast mode
[   44.170227] pimreg: entered allmulticast mode
[   44.174775] pimreg: left allmulticast mode
[   44.175121] pimreg: left allmulticast mode
[   44.175527] pimreg: left allmulticast mode
[   44.176135] pimreg: left allmulticast mode
[   44.176440] pimreg: left allmulticast mode
[   44.176747] pimreg: left allmulticast mode
[   44.177099] pimreg: left allmulticast mode
[   44.193354] pimreg: entered allmulticast mode
[   44.213641] pimreg: entered allmulticast mode
[   44.249240] pimreg: entered allmulticast mode
[   44.281639] pimreg: entered allmulticast mode
[   44.310160] pimreg: entered allmulticast mode
[   44.337687] pimreg: entered allmulticast mode
[   44.365770] pimreg: entered allmulticast mode
[   44.371190] pimreg: left allmulticast mode
[   44.371710] pimreg: left allmulticast mode
[   44.372043] pimreg: left allmulticast mode
[   44.372355] pimreg: left allmulticast mode
[   44.372665] pimreg: left allmulticast mode
[   44.372978] pimreg: left allmulticast mode
[   44.373300] pimreg: left allmulticast mode
[   44.394133] pimreg: entered allmulticast mode
[   44.417835] pimreg: entered allmulticast mode
[   44.438778] pimreg: entered allmulticast mode
[   44.478309] pimreg: entered allmulticast mode
[   44.505810] pimreg: entered allmulticast mode
[   44.561791] pimreg: entered allmulticast mode
[   44.597761] pimreg: entered allmulticast mode
[   44.602565] pimreg: left allmulticast mode
[   44.602959] pimreg: left allmulticast mode
[   44.603275] pimreg: left allmulticast mode
[   44.603584] pimreg: left allmulticast mode
[   44.603887] pimreg: left allmulticast mode
[   44.604212] pimreg: left allmulticast mode
[   44.604979] pimreg: left allmulticast mode
[   44.605330] pimreg: left allmulticast mode
[   44.618426] pimreg: entered allmulticast mode
[   44.651169] pimreg: entered allmulticast mode
[   44.670646] pimreg: entered allmulticast mode
[   44.694350] pimreg: entered allmulticast mode
[   44.717859] pimreg: entered allmulticast mode
[   44.729843] pimreg: entered allmulticast mode
[   44.746682] pimreg: left allmulticast mode
[   44.746995] pimreg: left allmulticast mode
[   44.747272] pimreg: left allmulticast mode
[   44.747543] pimreg: left allmulticast mode
[   44.747831] pimreg: left allmulticast mode
[   44.748116] pimreg: left allmulticast mode
[   44.758206] pimreg: entered allmulticast mode
[   44.781254] pimreg: entered allmulticast mode
[   44.810731] pimreg: entered allmulticast mode
[   44.822137] pimreg: entered allmulticast mode
[   44.866400] pimreg: entered allmulticast mode
[   44.886923] pimreg: left allmulticast mode
[   44.887241] pimreg: left allmulticast mode
[   44.887498] pimreg: left allmulticast mode
[   44.887756] pimreg: left allmulticast mode
[   44.888015] pimreg: left allmulticast mode
[   44.897072] pimreg: entered allmulticast mode
[   44.922362] pimreg: entered allmulticast mode
[   44.950501] pimreg: entered allmulticast mode
[   44.974630] pimreg: entered allmulticast mode
[   44.997886] pimreg: entered allmulticast mode
[   45.029840] pimreg: entered allmulticast mode
[   45.034631] pimreg: left allmulticast mode
[   45.034984] pimreg: left allmulticast mode
[   45.035294] pimreg: left allmulticast mode
[   45.035601] pimreg: left allmulticast mode
[   45.035900] pimreg: left allmulticast mode
[   45.036216] pimreg: left allmulticast mode
[   45.048116] pimreg: entered allmulticast mode
[   45.073935] pimreg: entered allmulticast mode
[   45.108471] pimreg: entered allmulticast mode
[   45.129813] pimreg: entered allmulticast mode
[   45.161879] pimreg: entered allmulticast mode
[   45.181389] pimreg: entered allmulticast mode
[   45.214757] pimreg: left allmulticast mode
[   45.215161] pimreg: left allmulticast mode
[   45.215489] pimreg: left allmulticast mode
[   45.215801] pimreg: left allmulticast mode
[   45.216125] pimreg: left allmulticast mode
[   45.216440] pimreg: left allmulticast mode
[   45.216749] pimreg: left allmulticast mode
[   45.228911] pimreg: entered allmulticast mode
[   45.257945] pimreg: entered allmulticast mode
[   45.275264] pimreg: entered allmulticast mode
[   45.298073] pimreg: entered allmulticast mode
[   45.310527] pimreg: entered allmulticast mode
[   45.342094] pimreg: entered allmulticast mode
[   45.397715] pimreg: entered allmulticast mode
[   45.429856] pimreg: entered allmulticast mode
[   45.435451] pimreg: left allmulticast mode
[   45.435798] pimreg: left allmulticast mode
[   45.436128] pimreg: left allmulticast mode
[   45.436450] pimreg: left allmulticast mode
[   45.436758] pimreg: left allmulticast mode
[   45.437075] pimreg: left allmulticast mode
[   45.449578] pimreg: entered allmulticast mode
[   45.468582] pimreg: entered allmulticast mode
[   45.477565] pimreg: entered allmulticast mode
[   45.494316] pimreg: entered allmulticast mode
[   45.518219] pimreg: entered allmulticast mode
[   45.553851] pimreg: entered allmulticast mode
[   45.573879] pimreg: entered allmulticast mode
[   45.601629] pimreg: entered allmulticast mode
[   45.606644] pimreg: left allmulticast mode
[   45.606968] pimreg: left allmulticast mode
[   45.607241] pimreg: left allmulticast mode
[   45.607515] pimreg: left allmulticast mode
[   45.607802] pimreg: left allmulticast mode
[   45.608123] pimreg: left allmulticast mode
[   45.608429] pimreg: left allmulticast mode
[   45.608905] pimreg: left allmulticast mode
[   45.609262] pimreg: left allmulticast mode
[   45.624921] pimreg: entered allmulticast mode
[   45.659535] pimreg: entered allmulticast mode
[   45.689523] pimreg: entered allmulticast mode
[   45.713901] pimreg: entered allmulticast mode
[   45.741841] pimreg: entered allmulticast mode
[   45.765879] pimreg: entered allmulticast mode
[   45.793932] pimreg: entered allmulticast mode
[   45.822103] pimreg: entered allmulticast mode
[   45.861841] pimreg: entered allmulticast mode
[   45.886707] pimreg: left allmulticast mode
[   45.887061] pimreg: left allmulticast mode
[   45.887390] pimreg: left allmulticast mode
[   45.887725] pimreg: left allmulticast mode
[   45.888065] pimreg: left allmulticast mode
[   45.888414] pimreg: left allmulticast mode
[   45.888737] pimreg: left allmulticast mode
[   45.889409] pimreg: left allmulticast mode
[   45.890137] pimreg: left allmulticast mode
[   45.904894] pimreg: entered allmulticast mode
[   45.921353] pimreg: entered allmulticast mode
[   45.958028] pimreg: entered allmulticast mode
[   45.982117] pimreg: entered allmulticast mode
[   46.005680] pimreg: entered allmulticast mode
[   46.033952] pimreg: entered allmulticast mode
[   46.058018] pimreg: entered allmulticast mode
[   46.079186] pimreg: entered allmulticast mode
[   46.094147] pimreg: entered allmulticast mode
[   46.099024] pimreg: left allmulticast mode
[   46.099348] pimreg: left allmulticast mode
[   46.099635] pimreg: left allmulticast mode
[   46.099912] pimreg: left allmulticast mode
[   46.100193] pimreg: left allmulticast mode
[   46.100475] pimreg: left allmulticast mode
[   46.100750] pimreg: left allmulticast mode
[   46.101028] pimreg: left allmulticast mode
[   46.101333] pimreg: left allmulticast mode
[   46.116339] pimreg: entered allmulticast mode
[   46.137900] pimreg: entered allmulticast mode
[   46.154642] pimreg: entered allmulticast mode
[   46.173674] pimreg: entered allmulticast mode
[   46.213459] pimreg: entered allmulticast mode
[   46.245996] pimreg: entered allmulticast mode
[   46.274036] pimreg: entered allmulticast mode
[   46.306153] pimreg: entered allmulticast mode
[   46.338164] pimreg: entered allmulticast mode
[   46.346227] pimreg: left allmulticast mode
[   46.346552] pimreg: left allmulticast mode
[   46.346835] pimreg: left allmulticast mode
[   46.347123] pimreg: left allmulticast mode
[   46.347404] pimreg: left allmulticast mode
[   46.347684] pimreg: left allmulticast mode
[   46.348002] pimreg: left allmulticast mode
[   46.348310] pimreg: left allmulticast mode
[   46.348621] pimreg: left allmulticast mode
[   46.363762] pimreg: entered allmulticast mode
[   46.412310] pimreg: entered allmulticast mode
[   46.424674] pimreg: entered allmulticast mode
[   46.439201] pimreg: entered allmulticast mode
[   46.470581] pimreg: entered allmulticast mode
[   46.493842] pimreg: entered allmulticast mode
[   46.521941] pimreg: entered allmulticast mode
[   46.549721] pimreg: entered allmulticast mode
[   46.573968] pimreg: entered allmulticast mode
[   46.578729] pimreg: left allmulticast mode
[   46.579093] pimreg: left allmulticast mode
[   46.579421] pimreg: left allmulticast mode
[   46.579733] pimreg: left allmulticast mode
[   46.580050] pimreg: left allmulticast mode
[   46.580361] pimreg: left allmulticast mode
[   46.581013] pimreg: left allmulticast mode
[   46.581340] pimreg: left allmulticast mode
[   46.581655] pimreg: left allmulticast mode
[   46.596706] pimreg: entered allmulticast mode
[   46.619356] pimreg: entered allmulticast mode
[   46.643078] pimreg: entered allmulticast mode
[   46.670284] pimreg: entered allmulticast mode
[   46.693719] pimreg: entered allmulticast mode
[   46.733858] pimreg: entered allmulticast mode
[   46.762330] pimreg: entered allmulticast mode
[   46.785988] pimreg: entered allmulticast mode
[   46.825513] pimreg: entered allmulticast mode
[   46.838731] pimreg: left allmulticast mode
[   46.839226] pimreg: left allmulticast mode
[   46.839495] pimreg: left allmulticast mode
[   46.839764] pimreg: left allmulticast mode
[   46.840054] pimreg: left allmulticast mode
[   46.840326] pimreg: left allmulticast mode
[   46.840595] pimreg: left allmulticast mode
[   46.840893] pimreg: left allmulticast mode
[   46.841206] pimreg: left allmulticast mode
[   46.855308] pimreg: entered allmulticast mode
[   46.899774] pimreg: entered allmulticast mode
[   46.912150] pimreg: entered allmulticast mode
[   46.926436] pimreg: entered allmulticast mode
[   46.938248] pimreg: entered allmulticast mode
[   46.957916] pimreg: entered allmulticast mode
[   46.982008] pimreg: entered allmulticast mode
[   47.014370] pimreg: entered allmulticast mode
[   47.046723] pimreg: entered allmulticast mode
[   47.074036] pimreg: entered allmulticast mode
[   47.078774] pimreg: left allmulticast mode
[   47.079183] pimreg: left allmulticast mode
[   47.079512] pimreg: left allmulticast mode
[   47.079820] pimreg: left allmulticast mode
[   47.080142] pimreg: left allmulticast mode
[   47.080448] pimreg: left allmulticast mode
[   47.080760] pimreg: left allmulticast mode
[   47.081076] pimreg: left allmulticast mode
[   47.081392] pimreg: left allmulticast mode
[   47.096805] pimreg: entered allmulticast mode
[   47.115065] pimreg: entered allmulticast mode
[   47.132370] pimreg: entered allmulticast mode
[   47.149932] pimreg: entered allmulticast mode
[   47.169581] pimreg: entered allmulticast mode
[   47.190203] pimreg: entered allmulticast mode
[   47.213963] pimreg: entered allmulticast mode
[   47.234001] pimreg: entered allmulticast mode
[   47.253867] pimreg: entered allmulticast mode
[   47.279017] pimreg: entered allmulticast mode
[   47.279368] pimreg: left allmulticast mode
[   47.279693] pimreg: left allmulticast mode
[   47.280023] pimreg: left allmulticast mode
[   47.280350] pimreg: left allmulticast mode
[   47.280662] pimreg: left allmulticast mode
[   47.280997] pimreg: left allmulticast mode
[   47.281308] pimreg: left allmulticast mode
[   47.281617] pimreg: left allmulticast mode
[   47.281968] pimreg: left allmulticast mode
[   47.282281] pimreg: left allmulticast mode
[   47.302814] pimreg: entered allmulticast mode
[   47.337606] pimreg: entered allmulticast mode
[   47.366921] pimreg: entered allmulticast mode
[   47.386147] pimreg: entered allmulticast mode
[   47.410129] pimreg: entered allmulticast mode
[   47.443069] pimreg: entered allmulticast mode
[   47.443581] pimreg: left allmulticast mode
[   47.443957] pimreg: left allmulticast mode
[   47.444276] pimreg: left allmulticast mode
[   47.444586] pimreg: left allmulticast mode
[   47.444905] pimreg: left allmulticast mode
[   47.445251] pimreg: left allmulticast mode
[   47.455534] pimreg: entered allmulticast mode
[   47.474109] pimreg: entered allmulticast mode
[   47.501758] pimreg: entered allmulticast mode
[   47.522866] pimreg: entered allmulticast mode
[   47.546151] pimreg: entered allmulticast mode
[   47.569521] pimreg: entered allmulticast mode
[   47.574612] pimreg: left allmulticast mode
[   47.575069] pimreg: left allmulticast mode
[   47.575390] pimreg: left allmulticast mode
[   47.576305] pimreg: left allmulticast mode
[   47.576633] pimreg: left allmulticast mode
[   47.577287] pimreg: left allmulticast mode
[   47.577611] pimreg: left allmulticast mode
[   47.590518] pimreg: entered allmulticast mode
[   47.614849] pimreg: entered allmulticast mode
[   47.639121] pimreg: entered allmulticast mode
[   47.670088] pimreg: entered allmulticast mode
[   47.697352] pimreg: entered allmulticast mode
[   47.717932] pimreg: entered allmulticast mode
[   47.737692] pimreg: entered allmulticast mode
[   47.774352] pimreg: entered allmulticast mode
[   47.797987] pimreg: entered allmulticast mode
[   47.803392] pimreg: left allmulticast mode
[   47.804035] pimreg: left allmulticast mode
[   47.804341] pimreg: left allmulticast mode
[   47.804651] pimreg: left allmulticast mode
[   47.804973] pimreg: left allmulticast mode
[   47.805279] pimreg: left allmulticast mode
[   47.805565] pimreg: left allmulticast mode
[   47.806214] pimreg: left allmulticast mode
[   47.819045] pimreg: entered allmulticast mode
[   47.845085] pimreg: entered allmulticast mode
[   47.858824] pimreg: entered allmulticast mode
[   47.882020] pimreg: entered allmulticast mode
[   47.897840] pimreg: entered allmulticast mode
[   47.918263] pimreg: entered allmulticast mode
[   47.958008] pimreg: entered allmulticast mode
[   47.985837] pimreg: entered allmulticast mode
[   48.014544] pimreg: left allmulticast mode
[   48.014868] pimreg: left allmulticast mode
[   48.015139] pimreg: left allmulticast mode
[   48.015408] pimreg: left allmulticast mode
[   48.015688] pimreg: left allmulticast mode
[   48.015990] pimreg: left allmulticast mode
[   48.016269] pimreg: left allmulticast mode
[   48.016578] pimreg: left allmulticast mode
[   48.016899] pimreg: left allmulticast mode
[   48.031836] pimreg: entered allmulticast mode
[   48.060383] pimreg: entered allmulticast mode
[   48.083686] pimreg: entered allmulticast mode
[   48.105912] pimreg: entered allmulticast mode
[   48.118798] pimreg: entered allmulticast mode
[   48.142328] pimreg: entered allmulticast mode
[   48.177773] pimreg: entered allmulticast mode
[   48.205852] pimreg: entered allmulticast mode
[   48.242348] pimreg: entered allmulticast mode
[   48.263152] pimreg: left allmulticast mode
[   48.263488] pimreg: left allmulticast mode
[   48.263800] pimreg: left allmulticast mode
[   48.264121] pimreg: left allmulticast mode
[   48.264426] pimreg: left allmulticast mode
[   48.264841] pimreg: left allmulticast mode
[   48.265130] pimreg: left allmulticast mode
[   48.265404] pimreg: left allmulticast mode
[   48.265676] pimreg: left allmulticast mode
[   48.279759] pimreg: entered allmulticast mode
[   48.303497] pimreg: entered allmulticast mode
[   48.328993] pimreg: entered allmulticast mode
[   48.354955] pimreg: entered allmulticast mode
[   48.377879] pimreg: entered allmulticast mode
[   48.402439] pimreg: entered allmulticast mode
[   48.410891] pimreg: left allmulticast mode
[   48.411209] pimreg: left allmulticast mode
[   48.411521] pimreg: left allmulticast mode
[   48.411831] pimreg: left allmulticast mode
[   48.412157] pimreg: left allmulticast mode
[   48.413501] pimreg: left allmulticast mode
[   48.424359] pimreg: entered allmulticast mode
[   48.456800] pimreg: entered allmulticast mode
[   48.476687] pimreg: entered allmulticast mode
[   48.497884] pimreg: entered allmulticast mode
[   48.538141] pimreg: entered allmulticast mode
[   48.574670] pimreg: entered allmulticast mode
[   48.601923] pimreg: entered allmulticast mode
[   48.642724] pimreg: left allmulticast mode
[   48.643056] pimreg: left allmulticast mode
[   48.643377] pimreg: left allmulticast mode
[   48.643708] pimreg: left allmulticast mode
[   48.644034] pimreg: left allmulticast mode
[   48.644369] pimreg: left allmulticast mode
[   48.644682] pimreg: left allmulticast mode
[   48.656275] pimreg: entered allmulticast mode
[   48.686913] pimreg: entered allmulticast mode
[   48.716327] pimreg: entered allmulticast mode
[   48.741659] pimreg: entered allmulticast mode
[   48.769787] pimreg: entered allmulticast mode
[   48.802368] pimreg: entered allmulticast mode
[   48.842048] pimreg: entered allmulticast mode
[   48.869786] pimreg: entered allmulticast mode
[   48.875065] pimreg: left allmulticast mode
[   48.875443] pimreg: left allmulticast mode
[   48.875759] pimreg: left allmulticast mode
[   48.876070] pimreg: left allmulticast mode
[   48.876383] pimreg: left allmulticast mode
[   48.876702] pimreg: left allmulticast mode
[   48.877016] pimreg: left allmulticast mode
[   48.877327] pimreg: left allmulticast mode
[   48.890918] pimreg: entered allmulticast mode
[   48.926566] pimreg: entered allmulticast mode
[   48.952181] pimreg: entered allmulticast mode
[   48.977597] pimreg: entered allmulticast mode
[   48.998050] pimreg: entered allmulticast mode
[   49.021880] pimreg: entered allmulticast mode
[   49.050017] pimreg: entered allmulticast mode
[   49.089767] pimreg: entered allmulticast mode
[   49.129718] pimreg: entered allmulticast mode
[   49.135072] pimreg: left allmulticast mode
[   49.135384] pimreg: left allmulticast mode
[   49.135670] pimreg: left allmulticast mode
[   49.135947] pimreg: left allmulticast mode
[   49.136253] pimreg: left allmulticast mode
[   49.136573] pimreg: left allmulticast mode
[   49.136890] pimreg: left allmulticast mode
[   49.137200] pimreg: left allmulticast mode
[   49.137508] pimreg: left allmulticast mode
[   49.152816] pimreg: entered allmulticast mode
[   49.191475] pimreg: entered allmulticast mode
[   49.233311] pimreg: entered allmulticast mode
[   49.258306] pimreg: entered allmulticast mode
[   49.301894] pimreg: entered allmulticast mode
[   49.329940] pimreg: entered allmulticast mode
[   49.373576] pimreg: entered allmulticast mode
[   49.417678] pimreg: entered allmulticast mode
[   49.461887] pimreg: entered allmulticast mode
[   49.482576] pimreg: left allmulticast mode
[   49.482898] pimreg: left allmulticast mode
[   49.483177] pimreg: left allmulticast mode
[   49.483446] pimreg: left allmulticast mode
[   49.483723] pimreg: left allmulticast mode
[   49.484322] pimreg: left allmulticast mode
[   49.484680] pimreg: left allmulticast mode
[   49.485004] pimreg: left allmulticast mode
[   49.485310] pimreg: left allmulticast mode
[   49.498948] pimreg: entered allmulticast mode
[   49.520093] pimreg: entered allmulticast mode
[   49.533015] pimreg: entered allmulticast mode
[   49.561652] pimreg: entered allmulticast mode
[   49.585956] pimreg: entered allmulticast mode
[   49.610590] pimreg: entered allmulticast mode
[   49.626159] pimreg: entered allmulticast mode
[   49.646019] pimreg: entered allmulticast mode
[   49.669996] pimreg: entered allmulticast mode
[   49.674797] pimreg: left allmulticast mode
[   49.675126] pimreg: left allmulticast mode
[   49.675411] pimreg: left allmulticast mode
[   49.675717] pimreg: left allmulticast mode
[   49.676023] pimreg: left allmulticast mode
[   49.676324] pimreg: left allmulticast mode
[   49.676901] pimreg: left allmulticast mode
[   49.677199] pimreg: left allmulticast mode
[   49.677508] pimreg: left allmulticast mode
[   49.692908] pimreg: entered allmulticast mode
[   49.711264] pimreg: entered allmulticast mode
[   49.740276] pimreg: entered allmulticast mode
[   49.761703] pimreg: entered allmulticast mode
[   49.805844] pimreg: entered allmulticast mode
[   49.833846] pimreg: entered allmulticast mode
[   49.886196] pimreg: entered allmulticast mode
[   49.929616] pimreg: entered allmulticast mode
[   49.974286] pimreg: entered allmulticast mode
[   50.006548] pimreg: left allmulticast mode
[   50.006881] pimreg: left allmulticast mode
[   50.007191] pimreg: left allmulticast mode
[   50.007490] pimreg: left allmulticast mode
[   50.008295] pimreg: left allmulticast mode
[   50.008617] pimreg: left allmulticast mode
[   50.008935] pimreg: left allmulticast mode
[   50.009237] pimreg: left allmulticast mode
[   50.009547] pimreg: left allmulticast mode
[   50.023903] pimreg: entered allmulticast mode
[   50.049502] pimreg: entered allmulticast mode
[   50.064476] pimreg: entered allmulticast mode
[   50.081992] pimreg: entered allmulticast mode
[   50.110070] pimreg: entered allmulticast mode
[   50.137969] pimreg: entered allmulticast mode
[   50.165940] pimreg: entered allmulticast mode
[   50.206059] pimreg: entered allmulticast mode
[   50.233984] pimreg: entered allmulticast mode
[   50.262035] pimreg: entered allmulticast mode
[   50.267007] pimreg: left allmulticast mode
[   50.267348] pimreg: left allmulticast mode
[   50.267661] pimreg: left allmulticast mode
[   50.267976] pimreg: left allmulticast mode
[   50.268281] pimreg: left allmulticast mode
[   50.268737] pimreg: left allmulticast mode
[   50.269347] pimreg: left allmulticast mode
[   50.269642] pimreg: left allmulticast mode
[   50.270304] pimreg: left allmulticast mode
[   50.270622] pimreg: left allmulticast mode
[   50.286022] pimreg: entered allmulticast mode
[   50.308262] pimreg: entered allmulticast mode
[   50.317838] pimreg: entered allmulticast mode
[   50.333324] pimreg: entered allmulticast mode
[   50.357986] pimreg: entered allmulticast mode
[   50.389893] pimreg: entered allmulticast mode
[   50.406079] pimreg: entered allmulticast mode
[   50.429944] pimreg: entered allmulticast mode
[   50.449571] pimreg: entered allmulticast mode
[   50.474222] pimreg: entered allmulticast mode
[   50.494813] pimreg: left allmulticast mode
[   50.495205] pimreg: left allmulticast mode
[   50.495533] pimreg: left allmulticast mode
[   50.495854] pimreg: left allmulticast mode
[   50.496265] pimreg: left allmulticast mode
[   50.496557] pimreg: left allmulticast mode
[   50.496854] pimreg: left allmulticast mode
[   50.497146] pimreg: left allmulticast mode
[   50.497435] pimreg: left allmulticast mode
[   50.497764] pimreg: left allmulticast mode
[   50.513345] pimreg: entered allmulticast mode
[   50.544835] pimreg: entered allmulticast mode
[   50.565161] pimreg: entered allmulticast mode
[   50.578608] pimreg: entered allmulticast mode
[   50.602202] pimreg: entered allmulticast mode
[   50.625763] pimreg: entered allmulticast mode
[   50.657879] pimreg: entered allmulticast mode
[   50.682610] pimreg: left allmulticast mode
[   50.682941] pimreg: left allmulticast mode
[   50.683218] pimreg: left allmulticast mode
[   50.683535] pimreg: left allmulticast mode
[   50.683852] pimreg: left allmulticast mode
[   50.684185] pimreg: left allmulticast mode
[   50.684499] pimreg: left allmulticast mode
[   50.696579] pimreg: entered allmulticast mode
[   50.710811] pimreg: entered allmulticast mode
[   50.737422] pimreg: entered allmulticast mode
[   50.750798] pimreg: entered allmulticast mode
[   50.773810] pimreg: entered allmulticast mode
[   50.794184] pimreg: entered allmulticast mode
[   50.810573] pimreg: left allmulticast mode
[   50.810908] pimreg: left allmulticast mode
[   50.811195] pimreg: left allmulticast mode
[   50.811510] pimreg: left allmulticast mode
[   50.811836] pimreg: left allmulticast mode
[   50.812168] pimreg: left allmulticast mode
[   50.823067] pimreg: entered allmulticast mode
[   50.841596] pimreg: entered allmulticast mode
[   50.863376] pimreg: entered allmulticast mode
[   50.881953] pimreg: entered allmulticast mode
[   50.910117] pimreg: entered allmulticast mode
[   50.934235] pimreg: entered allmulticast mode
[   50.958118] pimreg: entered allmulticast mode
[   50.978878] pimreg: left allmulticast mode
[   50.979258] pimreg: left allmulticast mode
[   50.979583] pimreg: left allmulticast mode
[   50.979907] pimreg: left allmulticast mode
[   50.980224] pimreg: left allmulticast mode
[   50.980555] pimreg: left allmulticast mode
[   50.980874] pimreg: left allmulticast mode
[   50.981910] systemd-journald[144]: Data hash table of /run/log/journal/938775788448454bb5b34822d5730c41/system.journal has a fill level at 75.0 (5360 of 7146 items, 4116480 file size, 768 bytes per hash table item), suggesting rotation.
[   50.983346] systemd-journald[144]: /run/log/journal/938775788448454bb5b34822d5730c41/system.journal: Journal header limits reached or header out-of-date, rotating.
[   50.995484] pimreg: entered allmulticast mode
[   51.020013] pimreg: entered allmulticast mode
[   51.042623] pimreg: entered allmulticast mode
[   51.053890] pimreg: entered allmulticast mode
[   51.078100] pimreg: entered allmulticast mode
[   51.098308] pimreg: left allmulticast mode
[   51.098636] pimreg: left allmulticast mode
[   51.098950] pimreg: left allmulticast mode
[   51.099251] pimreg: left allmulticast mode
[   51.099963] pimreg: left allmulticast mode
[   51.110443] pimreg: entered allmulticast mode
[   51.129652] pimreg: entered allmulticast mode
[   51.151836] pimreg: entered allmulticast mode
[   51.174278] pimreg: entered allmulticast mode
[   51.193925] pimreg: entered allmulticast mode
[   51.213783] pimreg: entered allmulticast mode
[   51.218608] pimreg: left allmulticast mode
[   51.219078] pimreg: left allmulticast mode
[   51.219700] pimreg: left allmulticast mode
[   51.220336] pimreg: left allmulticast mode
[   51.220663] pimreg: left allmulticast mode
[   51.238991] pimreg: entered allmulticast mode
[   51.249151] pimreg: entered allmulticast mode
[   51.269978] pimreg: entered allmulticast mode
[   51.281625] pimreg: entered allmulticast mode
[   51.291140] pimreg: left allmulticast mode
[   51.291479] pimreg: left allmulticast mode
[   51.291801] pimreg: left allmulticast mode
[   51.292113] pimreg: left allmulticast mode
[   51.292433] pimreg: left allmulticast mode
[   51.302884] pimreg: entered allmulticast mode
[   51.327108] pimreg: entered allmulticast mode
[   51.349648] pimreg: entered allmulticast mode
[   51.369675] pimreg: entered allmulticast mode
[   51.394144] pimreg: entered allmulticast mode
[   51.422267] pimreg: entered allmulticast mode
[   51.446014] pimreg: entered allmulticast mode
[   51.466597] pimreg: left allmulticast mode
[   51.466935] pimreg: left allmulticast mode
[   51.467215] pimreg: left allmulticast mode
[   51.467490] pimreg: left allmulticast mode
[   51.467770] pimreg: left allmulticast mode
[   51.468153] pimreg: left allmulticast mode
[   51.468461] pimreg: left allmulticast mode
[   51.479845] pimreg: entered allmulticast mode
[   51.499296] pimreg: entered allmulticast mode
[   51.525202] pimreg: entered allmulticast mode
[   51.546646] pimreg: entered allmulticast mode
[   51.561557] pimreg: entered allmulticast mode
[   51.586060] pimreg: entered allmulticast mode
[   51.609950] pimreg: entered allmulticast mode
[   51.614808] pimreg: left allmulticast mode
[   51.615129] pimreg: left allmulticast mode
[   51.615438] pimreg: left allmulticast mode
[   51.615743] pimreg: left allmulticast mode
[   51.616604] pimreg: left allmulticast mode
[   51.616985] pimreg: left allmulticast mode
[   51.617298] pimreg: left allmulticast mode
[   51.630242] pimreg: entered allmulticast mode
[   51.661871] pimreg: entered allmulticast mode
[   51.691331] pimreg: entered allmulticast mode
[   51.718044] pimreg: entered allmulticast mode
[   51.753826] pimreg: entered allmulticast mode
[   51.778048] pimreg: entered allmulticast mode
[   51.805974] pimreg: entered allmulticast mode
[   51.830695] pimreg: left allmulticast mode
[   51.831030] pimreg: left allmulticast mode
[   51.831313] pimreg: left allmulticast mode
[   51.831589] pimreg: left allmulticast mode
[   51.831889] pimreg: left allmulticast mode
[   51.832200] pimreg: left allmulticast mode
[   51.832521] pimreg: left allmulticast mode
[   51.844595] pimreg: entered allmulticast mode
[   51.870680] pimreg: entered allmulticast mode
[   51.898312] pimreg: entered allmulticast mode
[   51.917482] pimreg: entered allmulticast mode
[   51.938535] pimreg: entered allmulticast mode
[   51.961469] pimreg: entered allmulticast mode
[   51.974555] pimreg: left allmulticast mode
[   51.974886] pimreg: left allmulticast mode
[   51.975189] pimreg: left allmulticast mode
[   51.975497] pimreg: left allmulticast mode
[   51.975817] pimreg: left allmulticast mode
[   51.976129] pimreg: left allmulticast mode
[   51.988034] pimreg: entered allmulticast mode
[   52.005684] pimreg: entered allmulticast mode
[   52.027350] pimreg: entered allmulticast mode
[   52.046454] pimreg: entered allmulticast mode
[   52.069990] pimreg: entered allmulticast mode
[   52.098108] pimreg: entered allmulticast mode
[   52.121647] pimreg: entered allmulticast mode
[   52.135286] pimreg: left allmulticast mode
[   52.135610] pimreg: left allmulticast mode
[   52.135928] pimreg: left allmulticast mode
[   52.136234] pimreg: left allmulticast mode
[   52.136538] pimreg: left allmulticast mode
[   52.136858] pimreg: left allmulticast mode
[   52.137615] pimreg: left allmulticast mode
[   52.150509] pimreg: entered allmulticast mode
[   52.170393] pimreg: entered allmulticast mode
[   52.191531] pimreg: entered allmulticast mode
[   52.210187] pimreg: entered allmulticast mode
[   52.234098] pimreg: entered allmulticast mode
[   52.257953] pimreg: entered allmulticast mode
[   52.282232] pimreg: entered allmulticast mode
[   52.306083] pimreg: entered allmulticast mode
[   52.326547] pimreg: left allmulticast mode
[   52.326879] pimreg: left allmulticast mode
[   52.327183] pimreg: left allmulticast mode
[   52.327489] pimreg: left allmulticast mode
[   52.327799] pimreg: left allmulticast mode
[   52.328589] pimreg: left allmulticast mode
[   52.328943] pimreg: left allmulticast mode
[   52.329249] pimreg: left allmulticast mode
[   52.342315] pimreg: entered allmulticast mode
[   52.363787] pimreg: entered allmulticast mode
[   52.389077] pimreg: entered allmulticast mode
[   52.410010] pimreg: entered allmulticast mode
[   52.425471] pimreg: entered allmulticast mode
[   52.446182] pimreg: entered allmulticast mode
[   52.469947] pimreg: entered allmulticast mode
[   52.493944] pimreg: entered allmulticast mode
[   52.526364] pimreg: left allmulticast mode
[   52.526704] pimreg: left allmulticast mode
[   52.526992] pimreg: left allmulticast mode
[   52.527302] pimreg: left allmulticast mode
[   52.527620] pimreg: left allmulticast mode
[   52.528039] pimreg: left allmulticast mode
[   52.528609] pimreg: left allmulticast mode
[   52.528971] pimreg: left allmulticast mode
[   52.541893] pimreg: entered allmulticast mode
[   52.563207] pimreg: entered allmulticast mode
[   52.589806] pimreg: entered allmulticast mode
[   52.614559] pimreg: entered allmulticast mode
[   52.637842] pimreg: entered allmulticast mode
[   52.657770] pimreg: entered allmulticast mode
[   52.677785] pimreg: entered allmulticast mode
[   52.701924] pimreg: entered allmulticast mode
[   52.722482] pimreg: left allmulticast mode
[   52.722809] pimreg: left allmulticast mode
[   52.723092] pimreg: left allmulticast mode
[   52.723383] pimreg: left allmulticast mode
[   52.723692] pimreg: left allmulticast mode
[   52.725131] pimreg: left allmulticast mode
[   52.725461] pimreg: left allmulticast mode
[   52.725805] pimreg: left allmulticast mode
[   52.738882] pimreg: entered allmulticast mode
[   52.766680] pimreg: entered allmulticast mode
[   52.797291] pimreg: entered allmulticast mode
[   52.826146] pimreg: entered allmulticast mode
[   52.849786] pimreg: entered allmulticast mode
[   52.874044] pimreg: entered allmulticast mode
[   52.893482] pimreg: entered allmulticast mode
[   52.910620] pimreg: left allmulticast mode
[   52.910947] pimreg: left allmulticast mode
[   52.911228] pimreg: left allmulticast mode
[   52.911509] pimreg: left allmulticast mode
[   52.912281] pimreg: left allmulticast mode
[   52.912674] pimreg: left allmulticast mode
[   52.912999] pimreg: left allmulticast mode
[   52.925000] pimreg: entered allmulticast mode
[   52.968557] pimreg: entered allmulticast mode
[   52.989857] pimreg: entered allmulticast mode
[   53.014273] pimreg: entered allmulticast mode
[   53.038224] pimreg: entered allmulticast mode
[   53.065642] pimreg: entered allmulticast mode
[   53.089767] pimreg: entered allmulticast mode
[   53.113968] pimreg: entered allmulticast mode
[   53.130717] pimreg: left allmulticast mode
[   53.131039] pimreg: left allmulticast mode
[   53.131356] pimreg: left allmulticast mode
[   53.131669] pimreg: left allmulticast mode
[   53.131996] pimreg: left allmulticast mode
[   53.132326] pimreg: left allmulticast mode
[   53.132628] pimreg: left allmulticast mode
[   53.132937] pimreg: left allmulticast mode
[   53.145998] pimreg: entered allmulticast mode
[   53.170465] pimreg: entered allmulticast mode
[   53.196706] pimreg: entered allmulticast mode
[   53.214012] pimreg: entered allmulticast mode
[   53.233862] pimreg: entered allmulticast mode
[   53.258013] pimreg: entered allmulticast mode
[   53.282009] pimreg: entered allmulticast mode
[   53.305812] pimreg: entered allmulticast mode
[   53.330719] pimreg: entered allmulticast mode
[   53.331281] pimreg: left allmulticast mode
[   53.331638] pimreg: left allmulticast mode
[   53.331960] pimreg: left allmulticast mode
[   53.332274] pimreg: left allmulticast mode
[   53.332582] pimreg: left allmulticast mode
[   53.332921] pimreg: left allmulticast mode
[   53.333228] pimreg: left allmulticast mode
[   53.333528] pimreg: left allmulticast mode
[   53.347117] pimreg: entered allmulticast mode
[   53.379196] pimreg: entered allmulticast mode
[   53.399960] pimreg: entered allmulticast mode
[   53.418642] pimreg: entered allmulticast mode
[   53.433338] pimreg: entered allmulticast mode
[   53.457909] pimreg: entered allmulticast mode
[   53.481694] pimreg: entered allmulticast mode
[   53.506082] pimreg: entered allmulticast mode
[   53.526681] pimreg: left allmulticast mode
[   53.527013] pimreg: left allmulticast mode
[   53.527297] pimreg: left allmulticast mode
[   53.527588] pimreg: left allmulticast mode
[   53.527907] pimreg: left allmulticast mode
[   53.528240] pimreg: left allmulticast mode
[   53.528553] pimreg: left allmulticast mode
[   53.529166] pimreg: left allmulticast mode
[   53.529492] pimreg: left allmulticast mode
[   53.543956] pimreg: entered allmulticast mode
[   53.565089] pimreg: entered allmulticast mode
[   53.591814] pimreg: entered allmulticast mode
[   53.610232] pimreg: entered allmulticast mode
[   53.629859] pimreg: entered allmulticast mode
[   53.653834] pimreg: entered allmulticast mode
[   53.673982] pimreg: entered allmulticast mode
[   53.693866] pimreg: entered allmulticast mode
[   53.725640] pimreg: entered allmulticast mode
[   53.750468] pimreg: entered allmulticast mode
[   53.763463] pimreg: left allmulticast mode
[   53.763798] pimreg: left allmulticast mode
[   53.764102] pimreg: left allmulticast mode
[   53.764410] pimreg: left allmulticast mode
[   53.764722] pimreg: left allmulticast mode
[   53.765036] pimreg: left allmulticast mode
[   53.765720] pimreg: left allmulticast mode
[   53.766680] pimreg: left allmulticast mode
[   53.768143] pimreg: left allmulticast mode
[   53.768475] pimreg: left allmulticast mode
[   53.785093] pimreg: entered allmulticast mode
[   53.821108] pimreg: entered allmulticast mode
[   53.849583] pimreg: entered allmulticast mode
[   53.861312] pimreg: entered allmulticast mode
[   53.886057] pimreg: entered allmulticast mode
[   53.909896] pimreg: entered allmulticast mode
[   53.934190] pimreg: entered allmulticast mode
[   53.953609] pimreg: entered allmulticast mode
[   53.973986] pimreg: entered allmulticast mode
[   53.979118] pimreg: left allmulticast mode
[   53.979452] pimreg: left allmulticast mode
[   53.979788] pimreg: left allmulticast mode
[   53.980115] pimreg: left allmulticast mode
[   53.980440] pimreg: left allmulticast mode
[   53.980785] pimreg: left allmulticast mode
[   53.981106] pimreg: left allmulticast mode
[   53.981432] pimreg: left allmulticast mode
[   53.981791] pimreg: left allmulticast mode
[   53.997126] pimreg: entered allmulticast mode
[   54.032073] pimreg: entered allmulticast mode
[   54.056129] pimreg: entered allmulticast mode
[   54.073894] pimreg: entered allmulticast mode
[   54.086068] pimreg: entered allmulticast mode
[   54.110250] pimreg: entered allmulticast mode
[   54.134114] pimreg: entered allmulticast mode
[   54.154573] pimreg: entered allmulticast mode
[   54.177922] pimreg: entered allmulticast mode
[   54.201111] pimreg: entered allmulticast mode
[   54.215015] pimreg: left allmulticast mode
[   54.215577] pimreg: left allmulticast mode
[   54.215927] pimreg: left allmulticast mode
[   54.216250] pimreg: left allmulticast mode
[   54.216575] pimreg: left allmulticast mode
[   54.216900] pimreg: left allmulticast mode
[   54.217218] pimreg: left allmulticast mode
[   54.217543] pimreg: left allmulticast mode
[   54.217901] pimreg: left allmulticast mode
[   54.218209] pimreg: left allmulticast mode
[   54.235048] pimreg: entered allmulticast mode
[   54.256707] pimreg: entered allmulticast mode
[   54.272481] pimreg: entered allmulticast mode
[   54.290377] pimreg: entered allmulticast mode
[   54.301602] pimreg: entered allmulticast mode
[   54.325712] pimreg: entered allmulticast mode
[   54.349840] pimreg: entered allmulticast mode
[   54.369472] pimreg: entered allmulticast mode
[   54.394150] pimreg: entered allmulticast mode
[   54.415171] pimreg: left allmulticast mode
[   54.415507] pimreg: left allmulticast mode
[   54.415843] pimreg: left allmulticast mode
[   54.416174] pimreg: left allmulticast mode
[   54.416486] pimreg: left allmulticast mode
[   54.416809] pimreg: left allmulticast mode
[   54.417114] pimreg: left allmulticast mode
[   54.417429] pimreg: left allmulticast mode
[   54.417765] pimreg: left allmulticast mode
[   54.432458] pimreg: entered allmulticast mode
[   54.463405] pimreg: entered allmulticast mode
[   54.474909] pimreg: entered allmulticast mode
[   54.497400] pimreg: entered allmulticast mode
[   54.522061] pimreg: entered allmulticast mode
[   54.545988] pimreg: entered allmulticast mode
[   54.573695] pimreg: entered allmulticast mode
[   54.598072] pimreg: entered allmulticast mode
[   54.622350] pimreg: entered allmulticast mode
[   54.642590] pimreg: left allmulticast mode
[   54.642924] pimreg: left allmulticast mode
[   54.643233] pimreg: left allmulticast mode
[   54.643556] pimreg: left allmulticast mode
[   54.643898] pimreg: left allmulticast mode
[   54.644401] pimreg: left allmulticast mode
[   54.645084] pimreg: left allmulticast mode
[   54.645429] pimreg: left allmulticast mode
[   54.645819] pimreg: left allmulticast mode
[   54.660404] pimreg: entered allmulticast mode
[   54.691449] pimreg: entered allmulticast mode
[   54.703831] pimreg: entered allmulticast mode
[   54.725839] pimreg: entered allmulticast mode
[   54.749936] pimreg: entered allmulticast mode
[   54.778014] pimreg: entered allmulticast mode
[   54.801831] pimreg: entered allmulticast mode
[   54.830239] pimreg: entered allmulticast mode
[   54.854150] pimreg: entered allmulticast mode
[   54.875767] pimreg: left allmulticast mode
[   54.876117] pimreg: left allmulticast mode
[   54.876444] pimreg: left allmulticast mode
[   54.876773] pimreg: left allmulticast mode
[   54.877100] pimreg: left allmulticast mode
[   54.878005] pimreg: left allmulticast mode
[   54.878348] pimreg: left allmulticast mode
[   54.878674] pimreg: left allmulticast mode
[   54.878984] pimreg: left allmulticast mode
[   54.893415] pimreg: entered allmulticast mode
[   54.931454] pimreg: entered allmulticast mode
[   54.942564] pimreg: entered allmulticast mode
[   54.962190] pimreg: entered allmulticast mode
[   54.982102] pimreg: entered allmulticast mode
[   55.001882] pimreg: entered allmulticast mode
[   55.026172] pimreg: entered allmulticast mode
[   55.053993] pimreg: entered allmulticast mode
[   55.077899] pimreg: entered allmulticast mode
[   55.098879] pimreg: left allmulticast mode
[   55.099211] pimreg: left allmulticast mode
[   55.099526] pimreg: left allmulticast mode
[   55.099859] pimreg: left allmulticast mode
[   55.100172] pimreg: left allmulticast mode
[   55.101428] pimreg: left allmulticast mode
[   55.101805] pimreg: left allmulticast mode
[   55.102127] pimreg: left allmulticast mode
[   55.102441] pimreg: left allmulticast mode
[   55.116861] pimreg: entered allmulticast mode
[   55.147616] pimreg: entered allmulticast mode
[   55.158365] pimreg: entered allmulticast mode
[   55.177836] pimreg: entered allmulticast mode
[   55.214216] pimreg: entered allmulticast mode
[   55.237398] pimreg: entered allmulticast mode
[   55.265893] pimreg: entered allmulticast mode
[   55.290089] pimreg: entered allmulticast mode
[   55.314110] pimreg: entered allmulticast mode
[   55.335012] pimreg: left allmulticast mode
[   55.335421] pimreg: left allmulticast mode
[   55.335705] pimreg: left allmulticast mode
[   55.336019] pimreg: left allmulticast mode
[   55.336331] pimreg: left allmulticast mode
[   55.337610] pimreg: left allmulticast mode
[   55.337975] pimreg: left allmulticast mode
[   55.338297] pimreg: left allmulticast mode
[   55.338609] pimreg: left allmulticast mode
[   55.352791] pimreg: entered allmulticast mode
[   55.381040] pimreg: entered allmulticast mode
[   55.407195] pimreg: entered allmulticast mode
[   55.418066] pimreg: entered allmulticast mode
[   55.442043] pimreg: entered allmulticast mode
[   55.465888] pimreg: entered allmulticast mode
[   55.486826] pimreg: left allmulticast mode
[   55.487180] pimreg: left allmulticast mode
[   55.487515] pimreg: left allmulticast mode
[   55.487879] pimreg: left allmulticast mode
[   55.488379] pimreg: left allmulticast mode
[   55.488749] pimreg: left allmulticast mode
[   55.499815] pimreg: entered allmulticast mode
[   55.526148] pimreg: entered allmulticast mode
[   55.551347] pimreg: entered allmulticast mode
[   55.569964] pimreg: entered allmulticast mode
[   55.594027] pimreg: entered allmulticast mode
[   55.621913] pimreg: entered allmulticast mode
[   55.645859] pimreg: entered allmulticast mode
[   55.670475] pimreg: left allmulticast mode
[   55.670825] pimreg: left allmulticast mode
[   55.671140] pimreg: left allmulticast mode
[   55.671457] pimreg: left allmulticast mode
[   55.671774] pimreg: left allmulticast mode
[   55.673089] pimreg: left allmulticast mode
[   55.673416] pimreg: left allmulticast mode
[   55.685612] pimreg: entered allmulticast mode
[   55.716546] pimreg: entered allmulticast mode
[   55.738239] pimreg: entered allmulticast mode
[   55.748196] pimreg: entered allmulticast mode
[   55.765983] pimreg: entered allmulticast mode
[   55.789760] pimreg: entered allmulticast mode
[   55.813848] pimreg: entered allmulticast mode
[   55.837886] pimreg: entered allmulticast mode
[   55.857687] pimreg: entered allmulticast mode
[   55.863228] pimreg: left allmulticast mode
[   55.863584] pimreg: left allmulticast mode
[   55.863887] pimreg: left allmulticast mode
[   55.864192] pimreg: left allmulticast mode
[   55.864492] pimreg: left allmulticast mode
[   55.864799] pimreg: left allmulticast mode
[   55.865101] pimreg: left allmulticast mode
[   55.865405] pimreg: left allmulticast mode
[   55.865711] pimreg: left allmulticast mode
[   55.881016] pimreg: entered allmulticast mode
[   55.897984] pimreg: entered allmulticast mode
[   55.915881] pimreg: entered allmulticast mode
[   55.939597] pimreg: entered allmulticast mode
[   55.950701] pimreg: entered allmulticast mode
[   55.977983] pimreg: entered allmulticast mode
[   56.002133] pimreg: entered allmulticast mode
[   56.006935] pimreg: left allmulticast mode
[   56.007293] pimreg: left allmulticast mode
[   56.007616] pimreg: left allmulticast mode
[   56.007922] pimreg: left allmulticast mode
[   56.008229] pimreg: left allmulticast mode
[   56.008531] pimreg: left allmulticast mode
[   56.021598] pimreg: entered allmulticast mode
[   56.048989] pimreg: entered allmulticast mode
[   56.066200] pimreg: entered allmulticast mode
[   56.090288] pimreg: entered allmulticast mode
[   56.114087] pimreg: entered allmulticast mode
[   56.141857] pimreg: entered allmulticast mode
[   56.169985] pimreg: entered allmulticast mode
[   56.174707] pimreg: left allmulticast mode
[   56.175342] pimreg: left allmulticast mode
[   56.175648] pimreg: left allmulticast mode
[   56.175952] pimreg: left allmulticast mode
[   56.176250] pimreg: left allmulticast mode
[   56.176552] pimreg: left allmulticast mode
[   56.176866] pimreg: left allmulticast mode
[   56.193484] pimreg: entered allmulticast mode
[   56.206159] pimreg: entered allmulticast mode
[   56.225836] pimreg: entered allmulticast mode
[   56.248413] pimreg: entered allmulticast mode
[   56.269979] pimreg: entered allmulticast mode
[   56.290416] pimreg: entered allmulticast mode
[   56.309805] pimreg: entered allmulticast mode
[   56.333926] pimreg: entered allmulticast mode
[   56.357778] pimreg: entered allmulticast mode
[   56.362681] pimreg: left allmulticast mode
[   56.363015] pimreg: left allmulticast mode
[   56.363332] pimreg: left allmulticast mode
[   56.363654] pimreg: left allmulticast mode
[   56.363962] pimreg: left allmulticast mode
[   56.364269] pimreg: left allmulticast mode
[   56.364667] pimreg: left allmulticast mode
[   56.364971] pimreg: left allmulticast mode
[   56.365277] pimreg: left allmulticast mode
[   56.365594] pimreg: left allmulticast mode
[   56.381033] pimreg: entered allmulticast mode
[   56.401526] pimreg: entered allmulticast mode
[   56.425416] pimreg: entered allmulticast mode
[   56.453462] pimreg: entered allmulticast mode
[   56.474060] pimreg: entered allmulticast mode
[   56.497834] pimreg: entered allmulticast mode
[   56.530048] pimreg: entered allmulticast mode
[   56.553811] pimreg: entered allmulticast mode
[   56.577798] pimreg: entered allmulticast mode
[   56.602398] pimreg: entered allmulticast mode
[   56.626113] pimreg: entered allmulticast mode
[   56.631743] pimreg: left allmulticast mode
[   56.632054] pimreg: left allmulticast mode
[   56.632369] pimreg: left allmulticast mode
[   56.632686] pimreg: left allmulticast mode
[   56.632989] pimreg: left allmulticast mode
[   56.633301] pimreg: left allmulticast mode
[   56.633614] pimreg: left allmulticast mode
[   56.633946] pimreg: left allmulticast mode
[   56.634260] pimreg: left allmulticast mode
[   56.634574] pimreg: left allmulticast mode
[   56.634878] pimreg: left allmulticast mode
[   56.651340] pimreg: entered allmulticast mode
[   56.682249] pimreg: entered allmulticast mode
[   56.708644] pimreg: entered allmulticast mode
[   56.718002] pimreg: entered allmulticast mode
[   56.742182] pimreg: entered allmulticast mode
[   56.765965] pimreg: entered allmulticast mode
[   56.789986] pimreg: entered allmulticast mode
[   56.814066] pimreg: entered allmulticast mode
[   56.837933] pimreg: entered allmulticast mode
[   56.865936] pimreg: entered allmulticast mode
[   56.880086] pimreg: left allmulticast mode
[   56.880608] pimreg: left allmulticast mode
[   56.880943] pimreg: left allmulticast mode
[   56.881246] pimreg: left allmulticast mode
[   56.881562] pimreg: left allmulticast mode
[   56.881896] pimreg: left allmulticast mode
[   56.882215] pimreg: left allmulticast mode
[   56.882529] pimreg: left allmulticast mode
[   56.882844] pimreg: left allmulticast mode
[   56.883147] pimreg: left allmulticast mode
[   56.902311] pimreg: entered allmulticast mode
[   56.936114] pimreg: entered allmulticast mode
[   56.961653] pimreg: entered allmulticast mode
[   56.982296] pimreg: entered allmulticast mode
[   57.006109] pimreg: entered allmulticast mode
[   57.025801] pimreg: entered allmulticast mode
[   57.045822] pimreg: entered allmulticast mode
[   57.065942] pimreg: entered allmulticast mode
[   57.066315] pimreg: left allmulticast mode
[   57.066672] pimreg: left allmulticast mode
[   57.066985] pimreg: left allmulticast mode
[   57.067296] pimreg: left allmulticast mode
[   57.067607] pimreg: left allmulticast mode
[   57.067916] pimreg: left allmulticast mode
[   57.068216] pimreg: left allmulticast mode
[   57.081013] pimreg: entered allmulticast mode
[   57.111365] pimreg: entered allmulticast mode
[   57.134456] pimreg: entered allmulticast mode
[   57.162381] pimreg: entered allmulticast mode
[   57.181392] pimreg: entered allmulticast mode
[   57.205444] pimreg: entered allmulticast mode
[   57.230252] pimreg: entered allmulticast mode
[   57.250582] pimreg: left allmulticast mode
[   57.250920] pimreg: left allmulticast mode
[   57.251231] pimreg: left allmulticast mode
[   57.251549] pimreg: left allmulticast mode
[   57.252133] pimreg: left allmulticast mode
[   57.252452] pimreg: left allmulticast mode
[   57.252789] pimreg: left allmulticast mode
[   57.253109] pimreg: left allmulticast mode
[   57.266326] pimreg: entered allmulticast mode
[   57.283022] pimreg: entered allmulticast mode
[   57.302242] pimreg: entered allmulticast mode
[   57.322251] pimreg: entered allmulticast mode
[   57.341596] pimreg: entered allmulticast mode
[   57.361833] pimreg: entered allmulticast mode
[   57.385823] pimreg: entered allmulticast mode
[   57.406216] pimreg: entered allmulticast mode
[   57.422822] pimreg: left allmulticast mode
[   57.423114] pimreg: left allmulticast mode
[   57.423391] pimreg: left allmulticast mode
[   57.423678] pimreg: left allmulticast mode
[   57.423954] pimreg: left allmulticast mode
[   57.424402] pimreg: left allmulticast mode
[   57.424686] pimreg: left allmulticast mode
[   57.424991] pimreg: left allmulticast mode
[   57.438127] pimreg: entered allmulticast mode
[   57.459282] pimreg: entered allmulticast mode
[   57.485473] pimreg: entered allmulticast mode
[   57.506027] pimreg: entered allmulticast mode
[   57.525679] pimreg: entered allmulticast mode
[   57.549814] pimreg: entered allmulticast mode
[   57.569859] pimreg: entered allmulticast mode
[   57.593799] pimreg: entered allmulticast mode
[   57.606770] pimreg: left allmulticast mode
[   57.607240] pimreg: left allmulticast mode
[   57.607567] pimreg: left allmulticast mode
[   57.607880] pimreg: left allmulticast mode
[   57.608193] pimreg: left allmulticast mode
[   57.608496] pimreg: left allmulticast mode
[   57.609180] pimreg: left allmulticast mode
[   57.609537] pimreg: left allmulticast mode
[   57.623793] pimreg: entered allmulticast mode
[   57.655400] pimreg: entered allmulticast mode
[   57.677237] pimreg: entered allmulticast mode
[   57.702772] pimreg: entered allmulticast mode
[   57.718090] pimreg: entered allmulticast mode
[   57.737881] pimreg: entered allmulticast mode
[   57.761715] pimreg: entered allmulticast mode
[   57.782828] pimreg: left allmulticast mode
[   57.783163] pimreg: left allmulticast mode
[   57.783475] pimreg: left allmulticast mode
[   57.783803] pimreg: left allmulticast mode
[   57.784125] pimreg: left allmulticast mode
[   57.784461] pimreg: left allmulticast mode
[   57.784789] pimreg: left allmulticast mode
[   57.796239] pimreg: entered allmulticast mode
[   57.826475] pimreg: entered allmulticast mode
[   57.852831] pimreg: entered allmulticast mode
[   57.881990] pimreg: entered allmulticast mode
[   57.906026] pimreg: entered allmulticast mode
[   57.930086] pimreg: entered allmulticast mode
[   57.953948] pimreg: entered allmulticast mode
[   57.990144] pimreg: entered allmulticast mode
[   57.995944] pimreg: left allmulticast mode
[   57.996342] pimreg: left allmulticast mode
[   57.997061] pimreg: left allmulticast mode
[   57.997405] pimreg: left allmulticast mode
[   57.998058] pimreg: left allmulticast mode
[   57.998391] pimreg: left allmulticast mode
[   57.999040] pimreg: left allmulticast mode
[   57.999627] pimreg: left allmulticast mode
[   58.013380] pimreg: entered allmulticast mode
[   58.050451] pimreg: entered allmulticast mode
[   58.077254] pimreg: entered allmulticast mode
[   58.102371] pimreg: entered allmulticast mode
[   58.121682] pimreg: entered allmulticast mode
[   58.142055] pimreg: entered allmulticast mode
[   58.166018] pimreg: entered allmulticast mode
[   58.190084] pimreg: entered allmulticast mode
[   58.194904] pimreg: left allmulticast mode
[   58.195261] pimreg: left allmulticast mode
[   58.195563] pimreg: left allmulticast mode
[   58.195840] pimreg: left allmulticast mode
[   58.196109] pimreg: left allmulticast mode
[   58.196388] pimreg: left allmulticast mode
[   58.196665] pimreg: left allmulticast mode
[   58.196968] pimreg: left allmulticast mode
[   58.211179] pimreg: entered allmulticast mode
[   58.242777] pimreg: entered allmulticast mode
[   58.268547] pimreg: entered allmulticast mode
[   58.290698] pimreg: entered allmulticast mode
[   58.306045] pimreg: entered allmulticast mode
[   58.326075] pimreg: entered allmulticast mode
[   58.349830] pimreg: entered allmulticast mode
[   58.373980] pimreg: entered allmulticast mode
[   58.398469] pimreg: left allmulticast mode
[   58.398810] pimreg: left allmulticast mode
[   58.399097] pimreg: left allmulticast mode
[   58.399420] pimreg: left allmulticast mode
[   58.399751] pimreg: left allmulticast mode
[   58.400082] pimreg: left allmulticast mode
[   58.400400] pimreg: left allmulticast mode
[   58.401039] pimreg: left allmulticast mode
[   58.414010] pimreg: entered allmulticast mode
[   58.438028] pimreg: entered allmulticast mode
[   58.471157] pimreg: entered allmulticast mode
[   58.489847] pimreg: entered allmulticast mode
[   58.514076] pimreg: entered allmulticast mode
[   58.538160] pimreg: entered allmulticast mode
[   58.561995] pimreg: entered allmulticast mode
[   58.585577] pimreg: entered allmulticast mode
[   58.610502] pimreg: entered allmulticast mode
[   58.614736] pimreg: left allmulticast mode
[   58.615061] pimreg: left allmulticast mode
[   58.615342] pimreg: left allmulticast mode
[   58.615637] pimreg: left allmulticast mode
[   58.615940] pimreg: left allmulticast mode
[   58.616247] pimreg: left allmulticast mode
[   58.616561] pimreg: left allmulticast mode
[   58.616867] pimreg: left allmulticast mode
[   58.638089] pimreg: entered allmulticast mode
[   58.662368] pimreg: entered allmulticast mode
[   58.687287] pimreg: entered allmulticast mode
[   58.722107] pimreg: entered allmulticast mode
[   58.749705] pimreg: entered allmulticast mode
[   58.774100] pimreg: entered allmulticast mode
[   58.798278] pimreg: entered allmulticast mode
[   58.821974] pimreg: entered allmulticast mode
[   58.835171] pimreg: left allmulticast mode
[   58.835508] pimreg: left allmulticast mode
[   58.835789] pimreg: left allmulticast mode
[   58.836069] pimreg: left allmulticast mode
[   58.836350] pimreg: left allmulticast mode
[   58.836636] pimreg: left allmulticast mode
[   58.836914] pimreg: left allmulticast mode
[   58.837223] pimreg: left allmulticast mode
[   58.837534] pimreg: left allmulticast mode
[   58.853828] pimreg: entered allmulticast mode
[   58.881479] pimreg: entered allmulticast mode
[   58.906153] pimreg: entered allmulticast mode
[   58.929862] pimreg: entered allmulticast mode
[   58.953775] pimreg: entered allmulticast mode
[   58.978046] pimreg: entered allmulticast mode
[   58.997898] pimreg: entered allmulticast mode
[   59.018172] pimreg: entered allmulticast mode
[   59.037829] pimreg: entered allmulticast mode
[   59.050236] pimreg: left allmulticast mode
[   59.050862] pimreg: left allmulticast mode
[   59.051177] pimreg: left allmulticast mode
[   59.051490] pimreg: left allmulticast mode
[   59.051790] pimreg: left allmulticast mode
[   59.052098] pimreg: left allmulticast mode
[   59.052411] pimreg: left allmulticast mode
[   59.052729] pimreg: left allmulticast mode
[   59.053040] pimreg: left allmulticast mode
[   59.068135] pimreg: entered allmulticast mode
[   59.100412] pimreg: entered allmulticast mode
[   59.120954] pimreg: entered allmulticast mode
[   59.131157] pimreg: entered allmulticast mode
[   59.154411] pimreg: entered allmulticast mode
[   59.178199] pimreg: entered allmulticast mode
[   59.202377] pimreg: entered allmulticast mode
[   59.229976] pimreg: entered allmulticast mode
[   59.243723] pimreg: left allmulticast mode
[   59.244066] pimreg: left allmulticast mode
[   59.244385] pimreg: left allmulticast mode
[   59.244720] pimreg: left allmulticast mode
[   59.245033] pimreg: left allmulticast mode
[   59.245344] pimreg: left allmulticast mode
[   59.245666] pimreg: left allmulticast mode
[   59.246019] pimreg: left allmulticast mode
[   59.259970] pimreg: entered allmulticast mode
[   59.282941] pimreg: entered allmulticast mode
[   59.302613] pimreg: entered allmulticast mode
[   59.314839] pimreg: entered allmulticast mode
[   59.342162] pimreg: entered allmulticast mode
[   59.370021] pimreg: entered allmulticast mode
[   59.390613] pimreg: left allmulticast mode
[   59.390941] pimreg: left allmulticast mode
[   59.391230] pimreg: left allmulticast mode
[   59.391562] pimreg: left allmulticast mode
[   59.392162] pimreg: left allmulticast mode
[   59.392822] pimreg: left allmulticast mode
[   59.403124] pimreg: entered allmulticast mode
[   59.432295] pimreg: entered allmulticast mode
[   59.450043] pimreg: entered allmulticast mode
[   59.473995] pimreg: entered allmulticast mode
[   59.498057] pimreg: entered allmulticast mode
[   59.521995] pimreg: entered allmulticast mode
[   59.545768] pimreg: entered allmulticast mode
[   59.566506] pimreg: left allmulticast mode
[   59.566840] pimreg: left allmulticast mode
[   59.567152] pimreg: left allmulticast mode
[   59.569296] pimreg: left allmulticast mode
[   59.569621] pimreg: left allmulticast mode
[   59.569945] pimreg: left allmulticast mode
[   59.570238] pimreg: left allmulticast mode
[   59.582930] pimreg: entered allmulticast mode
[   59.609927] pimreg: entered allmulticast mode
[   59.624512] pimreg: entered allmulticast mode
[   59.642330] pimreg: entered allmulticast mode
[   59.665907] pimreg: entered allmulticast mode
[   59.689858] pimreg: entered allmulticast mode
[   59.709670] pimreg: entered allmulticast mode
[   59.729960] pimreg: entered allmulticast mode
[   59.734604] pimreg: left allmulticast mode
[   59.734909] pimreg: left allmulticast mode
[   59.735191] pimreg: left allmulticast mode
[   59.735490] pimreg: left allmulticast mode
[   59.736158] pimreg: left allmulticast mode
[   59.736517] pimreg: left allmulticast mode
[   59.736811] pimreg: left allmulticast mode
[   59.737095] pimreg: left allmulticast mode
[   59.750334] pimreg: entered allmulticast mode
[   59.776830] pimreg: entered allmulticast mode
[   59.801151] pimreg: entered allmulticast mode
[   59.826957] pimreg: entered allmulticast mode
[   59.841941] pimreg: entered allmulticast mode
[   59.857518] pimreg: entered allmulticast mode
[   59.881467] pimreg: entered allmulticast mode
[   59.907202] pimreg: entered allmulticast mode
[   59.907562] pimreg: left allmulticast mode
[   59.907866] pimreg: left allmulticast mode
[   59.908184] pimreg: left allmulticast mode
[   59.908495] pimreg: left allmulticast mode
[   59.908793] pimreg: left allmulticast mode
[   59.909097] pimreg: left allmulticast mode
[   59.909395] pimreg: left allmulticast mode
[   59.921629] pimreg: entered allmulticast mode
[   59.941505] pimreg: entered allmulticast mode
[   59.963538] pimreg: entered allmulticast mode
[   59.985838] pimreg: entered allmulticast mode
[   60.010070] pimreg: entered allmulticast mode
[   60.034080] pimreg: entered allmulticast mode
[   60.058074] pimreg: entered allmulticast mode
[   60.082205] pimreg: entered allmulticast mode
[   60.103007] pimreg: left allmulticast mode
[   60.103331] pimreg: left allmulticast mode
[   60.103650] pimreg: left allmulticast mode
[   60.103953] pimreg: left allmulticast mode
[   60.104260] pimreg: left allmulticast mode
[   60.104581] pimreg: left allmulticast mode
[   60.104886] pimreg: left allmulticast mode
[   60.105192] pimreg: left allmulticast mode
[   60.105505] pimreg: left allmulticast mode
[   60.119684] pimreg: entered allmulticast mode
[   60.141483] pimreg: entered allmulticast mode
[   60.160825] pimreg: entered allmulticast mode
[   60.182523] pimreg: entered allmulticast mode
[   60.202394] pimreg: entered allmulticast mode
[   60.225810] pimreg: entered allmulticast mode
