c[?7l[2J[0mSeaBIOS (version rel-1.16.3-0-ga6ed6b701f0a-prebuilt.qemu.org)


iPXE (http://ipxe.org) 00:03.0 CA00 PCI2.10 PnP PMM+7EFD0D60+7EF30D60 CA00
Press Ctrl-B to configure iPXE (PCI 00:03.0)...                                                                               


Booting from ROM...
c[?7l[2J[    0.000000] Linux version 7.1.0-rc1-33d0c9c5f094+ (root@gnr-800442) (gcc (GCC) 11.5.0 20240719 (Red Hat 11.5.0-14), GNU ld version 2.35.2-66.el9) #1 SMP PREEMPT_DYNAMIC Wed May  6 10:41:59 CST 2026
[    0.000000] Command line: console=ttyS0 root=/dev/sda earlyprintk=serial net.ifnames=0 thunderbolt.dyndbg
[    0.000000] KERNEL supported cpus:
[    0.000000]   Intel GenuineIntel
[    0.000000]   AMD AuthenticAMD
[    0.000000]   Hygon HygonGenuine
[    0.000000]   Centaur CentaurHauls
[    0.000000]   zhaoxin   Shanghai  
[    0.000000] x86/CPU: Model not found in latest microcode list
[    0.000000] x86/split lock detection: #DB: warning on user-space bus_locks
[    0.000000] BIOS-provided physical RAM map:
[    0.000000] BIOS-e820: [mem 0x0000000000000000-0x000000000009fbff]  System RAM
[    0.000000] BIOS-e820: [mem 0x000000000009fc00-0x000000000009ffff]  device reserved
[    0.000000] BIOS-e820: [gap 0x00000000000a0000-0x00000000000effff]
[    0.000000] BIOS-e820: [mem 0x00000000000f0000-0x00000000000fffff]  device reserved
[    0.000000] BIOS-e820: [mem 0x0000000000100000-0x000000007ffdffff]  System RAM
[    0.000000] BIOS-e820: [mem 0x000000007ffe0000-0x000000007fffffff]  device reserved
[    0.000000] BIOS-e820: [gap 0x0000000080000000-0x00000000feffbfff]
[    0.000000] BIOS-e820: [mem 0x00000000feffc000-0x00000000feffffff]  device reserved
[    0.000000] BIOS-e820: [gap 0x00000000ff000000-0x00000000fffbffff]
[    0.000000] BIOS-e820: [mem 0x00000000fffc0000-0x00000000ffffffff]  device reserved
[    0.000000] printk: legacy bootconsole [earlyser0] enabled
[    0.000000] NX (Execute Disable) protection: active
[    0.000000] APIC: Static calls initialized
[    0.000000] DMI: SMBIOS 3.0.0 present.
[    0.000000] DMI: QEMU Standard PC (i440FX + PIIX, 1996), BIOS rel-1.16.3-0-ga6ed6b701f0a-prebuilt.qemu.org 04/01/2014
[    0.000000] DMI: Memory slots populated: 1/1
[    0.000000] Hypervisor detected: KVM
[    0.000000] last_pfn = 0x7ffe0 max_arch_pfn = 0x10000000000
[    0.000000] kvm-clock: Using msrs 4b564d01 and 4b564d00
[    0.000003] kvm-clock: using sched offset of 740902568 cycles
[    0.000536] clocksource: kvm-clock: mask: 0xffffffffffffffff max_cycles: 0x1cd42e4dffb, max_idle_ns: 881590591483 ns
[    0.002192] tsc: Detected 2500.000 MHz processor
[    0.010072] last_pfn = 0x7ffe0 max_arch_pfn = 0x10000000000
[    0.010639] MTRR map: 4 entries (3 fixed + 1 variable; max 19), built from 8 variable MTRRs
[    0.011487] x86/PAT: Configuration [0-7]: WB  WC  UC- UC  WB  WP  UC- WT  
[    0.016981] found SMP MP-table at [mem 0x000f5480-0x000f548f]
[    0.017571] Using GB pages for direct mapping
[    0.019999] ACPI: Early table checksum verification disabled
[    0.020589] ACPI: RSDP 0x00000000000F52A0 000014 (v00 BOCHS )
[    0.021174] ACPI: RSDT 0x000000007FFE1C9B 000034 (v01 BOCHS  BXPC     00000001 BXPC 00000001)
[    0.022051] ACPI: FACP 0x000000007FFE1B47 000074 (v01 BOCHS  BXPC     00000001 BXPC 00000001)
[    0.022926] ACPI: DSDT 0x000000007FFE0040 001B07 (v01 BOCHS  BXPC     00000001 BXPC 00000001)
[    0.023786] ACPI: FACS 0x000000007FFE0000 000040
[    0.024267] ACPI: APIC 0x000000007FFE1BBB 000080 (v03 BOCHS  BXPC     00000001 BXPC 00000001)
[    0.025128] ACPI: HPET 0x000000007FFE1C3B 000038 (v01 BOCHS  BXPC     00000001 BXPC 00000001)
[    0.026004] ACPI: WAET 0x000000007FFE1C73 000028 (v01 BOCHS  BXPC     00000001 BXPC 00000001)
[    0.026874] ACPI: Reserving FACP table memory at [mem 0x7ffe1b47-0x7ffe1bba]
[    0.027591] ACPI: Reserving DSDT table memory at [mem 0x7ffe0040-0x7ffe1b46]
[    0.028293] ACPI: Reserving FACS table memory at [mem 0x7ffe0000-0x7ffe003f]
[    0.029001] ACPI: Reserving APIC table memory at [mem 0x7ffe1bbb-0x7ffe1c3a]
[    0.029711] ACPI: Reserving HPET table memory at [mem 0x7ffe1c3b-0x7ffe1c72]
[    0.030423] ACPI: Reserving WAET table memory at [mem 0x7ffe1c73-0x7ffe1c9a]
[    0.031671] No NUMA configuration found
[    0.032064] Faking a node at [mem 0x0000000000000000-0x000000007ffdffff]
[    0.032784] NODE_DATA(0) allocated [mem 0x7ffb4bc0-0x7ffdfcbf]
[    0.108086] KernelAddressSanitizer initialized (generic)
[    0.108913] ACPI: PM-Timer IO Port: 0x608
[    0.109342] ACPI: LAPIC_NMI (acpi_id[0xff] dfl dfl lint[0x1])
[    0.109991] IOAPIC[0]: apic_id 0, version 17, address 0xfec00000, GSI 0-23
[    0.110701] ACPI: INT_SRC_OVR (bus 0 bus_irq 0 global_irq 2 dfl dfl)
[    0.111341] ACPI: INT_SRC_OVR (bus 0 bus_irq 5 global_irq 5 high level)
[    0.112005] ACPI: INT_SRC_OVR (bus 0 bus_irq 9 global_irq 9 high level)
[    0.112675] ACPI: INT_SRC_OVR (bus 0 bus_irq 10 global_irq 10 high level)
[    0.113371] ACPI: INT_SRC_OVR (bus 0 bus_irq 11 global_irq 11 high level)
[    0.114070] ACPI: Using ACPI (MADT) for SMP configuration information
[    0.114725] ACPI: HPET id: 0x8086a201 base: 0xfed00000
[    0.115254] TSC deadline timer available
[    0.115675] CPU topo: Max. logical packages:   1
[    0.116147] CPU topo: Max. logical nodes:      1
[    0.116623] CPU topo: Num. nodes per package:  1
[    0.117091] CPU topo: Max. logical dies:       1
[    0.117566] CPU topo: Max. dies per package:   1
[    0.118047] CPU topo: Max. threads per core:   1
[    0.118519] CPU topo: Num. cores per package:     2
[    0.119008] CPU topo: Num. threads per package:   2
[    0.119510] CPU topo: Allowing 2 present CPUs plus 0 hotplug CPUs
[    0.120185] kvm-guest: APIC: eoi() replaced with kvm_guest_apic_eoi_write()
[    0.120937] kvm-guest: KVM setup pv remote TLB flush
[    0.121449] kvm-guest: setup PV sched yield
[    0.121914] PM: hibernation: Registered nosave memory: [mem 0x00000000-0x00000fff]
[    0.122690] PM: hibernation: Registered nosave memory: [mem 0x0009f000-0x000fffff]
[    0.123470] [gap 0x80000000-0xfeffbfff] available for PCI devices
[    0.124086] Booting paravirtualized kernel on KVM
[    0.124572] clocksource: refined-jiffies: mask: 0xffffffff max_cycles: 0xffffffff, max_idle_ns: 7645519600211568 ns
[    0.126230] Zone ranges:
[    0.126544]   DMA      [mem 0x0000000000001000-0x0000000000ffffff]
[    0.127176]   DMA32    [mem 0x0000000001000000-0x000000007ffdffff]
[    0.127804]   Normal   empty
[    0.128099]   Device   empty
[    0.128406] Movable zone start for each node
[    0.128850] Early memory node ranges
[    0.129210]   node   0: [mem 0x0000000000001000-0x000000000009efff]
[    0.129853]   node   0: [mem 0x0000000000100000-0x000000007ffdffff]
[    0.130493] Initmem setup node 0 [mem 0x0000000000001000-0x000000007ffdffff]
[    0.131542] On node 0, zone DMA: 1 pages in unavailable ranges
[    0.132384] On node 0, zone DMA: 97 pages in unavailable ranges
[    0.160648] On node 0, zone DMA32: 32 pages in unavailable ranges
[    0.161291] setup_percpu: NR_CPUS:8192 nr_cpumask_bits:2 nr_cpu_ids:2 nr_node_ids:1
[    0.162724] percpu: Embedded 81 pages/cpu s294912 r8192 d28672 u1048576
[    0.163641] kvm-guest: PV spinlocks enabled
[    0.164077] PV qspinlock hash table entries: 256 (order: 0, 4096 bytes, linear)
[    0.164832] Kernel command line: net.ifnames=0 console=ttyS0 root=/dev/sda earlyprintk=serial net.ifnames=0 thunderbolt.dyndbg
[    0.166298] random: crng init done
[    0.166660] printk: log buffer data + meta data: 262144 + 1114112 = 1376256 bytes
[    0.167949] Dentry cache hash table entries: 262144 (order: 9, 2097152 bytes, linear)
[    0.169267] Inode-cache hash table entries: 131072 (order: 8, 1048576 bytes, linear)
[    0.170400] Fallback order for Node 0: 0 
[    0.170414] Built 1 zonelists, mobility grouping on.  Total pages: 524158
[    0.171484] Policy zone: DMA32
[    0.171786] mem auto-init: stack:off, heap alloc:off, heap free:off
[    0.172406] stackdepot: allocating hash table via alloc_large_system_hash
[    0.173080] stackdepot hash table entries: 1048576 (order: 12, 16777216 bytes, linear)
[    0.178050] stackdepot: allocating space for 8192 stack pools via memblock
[    0.229084] SLUB: HWalign=64, Order=0-3, MinObjects=0, CPUs=2, Nodes=1
[    0.229727] kmemleak: Kernel memory leak detector disabled
[    0.269131] ftrace: allocating 76252 entries in 300 pages
[    0.269619] ftrace: allocated 300 pages with 4 groups
[    0.272818] Dynamic Preempt: lazy
[    0.273710] Running RCU self tests
[    0.274021] Running RCU synchronous self tests
[    0.274428] rcu: Preemptible hierarchical RCU implementation.
[    0.274945] rcu: 	RCU lockdep checking is enabled.
[    0.275380] rcu: 	RCU restricting CPUs from NR_CPUS=8192 to nr_cpu_ids=2.
[    0.275994] 	Trampoline variant of Tasks RCU enabled.
[    0.276463] 	Rude variant of Tasks RCU enabled.
[    0.276877] 	Tracing variant of Tasks RCU enabled.
[    0.277321] rcu: RCU calculated value of scheduler-enlistment delay is 25 jiffies.
[    0.278013] rcu: Adjusting geometry for rcu_fanout_leaf=16, nr_cpu_ids=2
[    0.278715] Running RCU synchronous self tests
[    0.279126] RCU Tasks: Setting shift to 1 and lim to 1 rcu_task_cb_adjust=1 rcu_task_cpu_ids=2.
[    0.279934] RCU Tasks Rude: Setting shift to 1 and lim to 1 rcu_task_cb_adjust=1 rcu_task_cpu_ids=2.
[    0.353115] NR_IRQS: 524544, nr_irqs: 440, preallocated irqs: 16
[    0.354403] rcu: srcu_init: Setting srcu_struct sizes based on contention.
[    0.363447] Console: colour VGA+ 80x25
[    0.363859] printk: legacy console [ttyS0] enabled
[    0.363859] printk: legacy console [ttyS0] enabled
[    0.364813] printk: legacy bootconsole [earlyser0] disabled
[    0.364813] printk: legacy bootconsole [earlyser0] disabled
[    0.365934] Lock dependency validator: Copyright (c) 2006 Red Hat, Inc., Ingo Molnar
[    0.366700] ... MAX_LOCKDEP_SUBCLASSES:  8
[    0.367115] ... MAX_LOCK_DEPTH:          48
[    0.367539] ... MAX_LOCKDEP_KEYS:        8192
[    0.367971] ... CLASSHASH_SIZE:          4096
[    0.368423] ... MAX_LOCKDEP_ENTRIES:     32768
[    0.368876] ... MAX_LOCKDEP_CHAINS:      65536
[    0.369327] ... CHAINHASH_SIZE:          32768
[    0.369774]  memory used by lock dependency info: 6429 kB
[    0.370322]  memory used for stack traces: 16896 kB
[    0.370804]  per task-struct memory footprint: 1920 bytes
[    0.371467] ACPI: Core revision 20251212
[    0.372390] clocksource: hpet: mask: 0xffffffff max_cycles: 0xffffffff, max_idle_ns: 19112604467 ns
[    0.373501] APIC: Switch to symmetric I/O mode setup
[    0.374360] x2apic enabled
[    0.375014] APIC: Switched APIC routing to: physical x2apic
[    0.375549] kvm-guest: APIC: send_IPI_mask() replaced with kvm_send_ipi_mask()
[    0.376282] kvm-guest: APIC: send_IPI_mask_allbutself() replaced with kvm_send_ipi_mask_allbutself()
[    0.377198] kvm-guest: setup PV IPIs
[    0.378809] ..TIMER: vector=0x30 apic1=0 pin1=2 apic2=-1 pin2=-1
[    0.379444] clocksource: tsc-early: mask: 0xffffffffffffffff max_cycles: 0x240939f1bb2, max_idle_ns: 440795263295 ns
[    0.380519] Calibrating delay loop (skipped) preset value.. 5000.00 BogoMIPS (lpj=10000000)
[    0.384509] x86/cpu: User Mode Instruction Prevention (UMIP) activated
[    0.385266] Last level iTLB entries: 4KB 0, 2MB 0, 4MB 0
[    0.385806] Last level dTLB entries: 4KB 0, 2MB 0, 4MB 0, 1GB 0
[    0.386419] mitigations: Enabled attack vectors: user_kernel, user_user, guest_host, guest_guest, SMT mitigations: auto
[    0.387517] Speculative Store Bypass: Mitigation: Speculative Store Bypass disabled via prctl
[    0.388369] Spectre V2 : Mitigation: Enhanced / Automatic IBRS
[    0.388518] ITS: Mitigation: Aligned branch/return thunks
[    0.389085] Spectre V1 : Mitigation: usercopy/swapgs barriers and __user pointer sanitization
[    0.389936] Spectre V2 : WARNING: Unprivileged eBPF is enabled with eIBRS on, data leaks possible via Spectre v2 BHB attacks!
[    0.391068] Spectre V2 : Spectre v2 / PBRSB-eIBRS: Retire a single CALL on VMEXIT
[    0.391812] Spectre V2 : mitigation: Enabling conditional Indirect Branch Prediction Barrier
[    0.392521] active return thunk: its_return_thunk
[    0.393011] Spectre V2 : Spectre BHI mitigation: SW BHB clearing on syscall and VM exit
[    0.393852] x86/fpu: Supporting XSAVE feature 0x001: 'x87 floating point registers'
[    0.394615] x86/fpu: Supporting XSAVE feature 0x002: 'SSE registers'
[    0.395240] x86/fpu: Supporting XSAVE feature 0x004: 'AVX registers'
[    0.396516] x86/fpu: Supporting XSAVE feature 0x020: 'AVX-512 opmask'
[    0.397168] x86/fpu: Supporting XSAVE feature 0x040: 'AVX-512 Hi256'
[    0.397780] x86/fpu: Supporting XSAVE feature 0x080: 'AVX-512 ZMM_Hi256'
[    0.398440] x86/fpu: Supporting XSAVE feature 0x200: 'Protection Keys User registers'
[    0.399209] x86/fpu: Supporting XSAVE feature 0x20000: 'AMX Tile config'
[    0.399860] x86/fpu: Supporting XSAVE feature 0x40000: 'AMX Tile data'
[    0.400517] x86/fpu: xstate_offset[2]:  576, xstate_sizes[2]:  256
[    0.401146] x86/fpu: xstate_offset[5]:  832, xstate_sizes[5]:   64
[    0.401750] x86/fpu: xstate_offset[6]:  896, xstate_sizes[6]:  512
[    0.402364] x86/fpu: xstate_offset[7]: 1408, xstate_sizes[7]: 1024
[    0.402975] x86/fpu: xstate_offset[9]: 2432, xstate_sizes[9]:    8
[    0.403583] x86/fpu: xstate_offset[17]: 2496, xstate_sizes[17]:   64
[    0.404516] x86/fpu: xstate_offset[18]: 2560, xstate_sizes[18]: 8192
[    0.405145] x86/fpu: Enabled xstate features 0x602e7, context size is 10752 bytes, using 'compacted' format.
[    0.569108] pid_max: default: 32768 minimum: 301
[    0.570070] Yama: becoming mindful.
[    0.570936] Mount-cache hash table entries: 4096 (order: 3, 32768 bytes, linear)
[    0.571685] Mountpoint-cache hash table entries: 4096 (order: 3, 32768 bytes, linear)
[    0.573209] VFS: Finished mounting rootfs on nullfs
[    0.575066] Running RCU synchronous self tests
[    0.575527] Running RCU synchronous self tests
[    0.576362] smpboot: CPU0: Intel GENUINE INTEL(R) XEON(R) (family: 0x6, model: 0xad, stepping: 0x0)
[    0.576504] Performance Events: PEBS fmt0-, Granite Rapids events, 
[    0.576504] core: The event 0x400 is not supported as a normal event.
[    0.576504] core: The event 0x8000 is not supported as a normal event.
[    0.576504] core: The event 0x8100 is not supported as a normal event.
[    0.576524] core: The event 0x8200 is not supported as a normal event.
[    0.577177] core: The event 0x8300 is not supported as a normal event.
[    0.577814] core: The event 0x8400 is not supported as a normal event.
[    0.578468] core: The event 0x8500 is not supported as a normal event.
[    0.579123] core: The event 0x8600 is not supported as a normal event.
[    0.579773] core: The event 0x8700 is not supported as a normal event.
[    0.580461] full-width counters, Intel PMU driver.
[    0.580519] ... version:                   2
[    0.580950] ... bit width:                 48
[    0.581385] ... generic counters:          8
[    0.581823] ... generic bitmap:            00000000000000ff
[    0.582378] ... fixed-purpose counters:    3
[    0.582817] ... fixed-purpose bitmap:      0000000000000007
[    0.583372] ... value mask:                0000ffffffffffff
[    0.583941] ... max period:                00007fffffffffff
[    0.584500] ... global_ctrl mask:          00000007000000ff
[    0.585043] signal: max sigframe size: 11952
[    0.585574] rcu: Hierarchical SRCU implementation.
[    0.586026] rcu: 	Max phase no-delay instances is 1000.
[    0.586761] Timer migration: 1 hierarchy levels; 8 children per group; 1 crossnode level
[    0.609858] smp: Bringing up secondary CPUs ...
[    0.610909] smpboot: x86: Booting SMP configuration:
[    0.611405] .... node  #0, CPUs:      #1
[    0.612624] smp: Brought up 1 node, 2 CPUs
[    0.613425] smpboot: Total of 2 processors activated (10000.00 BogoMIPS)
[    0.614377] Memory: 1574872K/2096632K available (81906K kernel code, 15886K rwdata, 19560K rodata, 16684K init, 34600K bss, 509384K reserved, 0K cma-reserved)
[    0.617447] devtmpfs: initialized
[    0.617760] x86/mm: Memory block size: 128MB
[    0.631369] Running RCU synchronous self tests
[    0.631369] Running RCU synchronous self tests
[    0.632651] Running RCU Tasks wait API self tests
[    0.633080] Running RCU Tasks Rude wait API self tests
[    0.636522] Running RCU Tasks Trace wait API self tests
[    0.637152] clocksource: jiffies: mask: 0xffffffff max_cycles: 0xffffffff, max_idle_ns: 7645041785100000 ns
[    0.637679] posixtimers hash table entries: 1024 (order: 5, 73728 bytes, linear)
[    0.638468] futex hash table entries: 512 (65536 bytes on 1 NUMA nodes, total 64 KiB, linear).
[    0.642541] 
[    0.642723] *************************************************************
[    0.643404] **     NOTICE NOTICE NOTICE NOTICE NOTICE NOTICE NOTICE    **
[    0.644098] **                                                         **
[    0.644546] **  IOMMU DebugFS SUPPORT HAS BEEN ENABLED IN THIS KERNEL  **
[    0.645232] **                                                         **
[    0.645908] ** This means that this kernel is built to expose internal **
[    0.646594] ** IOMMU data structures, which may compromise security on **
[    0.647281] ** your system.                                            **
[    0.647958] **                                                         **
[    0.648510] ** If you see this message and you are not debugging the   **
[    0.649190] ** kernel, report this immediately to your vendor!         **
[    0.649864] **                                                         **
[    0.650551] **     NOTICE NOTICE NOTICE NOTICE NOTICE NOTICE NOTICE    **
[    0.651234] *************************************************************
[    0.651987] PM: RTC time: 02:43:22, date: 2026-05-06
[    0.655354] NET: Registered PF_NETLINK/PF_ROUTE protocol family
[    0.657792] DMA: preallocated 256 KiB GFP_KERNEL|GFP_DMA pool for atomic allocations
[    0.658619] DMA: preallocated 256 KiB GFP_KERNEL|GFP_DMA32 pool for atomic allocations
[    0.659518] audit: initializing netlink subsys (disabled)
[    0.660141] audit: type=2000 audit(1778035403.291:1): state=initialized audit_enabled=0 res=1
[    0.660141] thermal_sys: Registered thermal governor 'fair_share'
[    0.660141] thermal_sys: Registered thermal governor 'bang_bang'
[    0.660141] thermal_sys: Registered thermal governor 'step_wise'
[    0.660141] thermal_sys: Registered thermal governor 'user_space'
[    0.660596] cpuidle: using governor ladder
[    0.664580] Callback from call_rcu_tasks_trace() invoked.
[    0.665873] cpuidle: using governor menu
[    0.665873] Freeing SMP alternatives memory: 64K
[    0.666526] acpiphp: ACPI Hot Plug PCI Controller Driver version: 0.5
[    0.670383] PCI: Using configuration type 1 for base access
[    0.671159] virt/tdx: TDX not supported by the host platform
[    0.671895] kprobes: kprobe jump-optimization is enabled. All kprobes are optimized if possible.
[    0.680615] HugeTLB: registered 1.00 GiB page size, pre-allocated 0 pages
[    0.681323] HugeTLB: 16380 KiB vmemmap can be freed for a 1.00 GiB page
[    0.681998] HugeTLB: registered 2.00 MiB page size, pre-allocated 0 pages
[    0.682674] HugeTLB: 28 KiB vmemmap can be freed for a 2.00 MiB page
[    0.727206] ACPI: Added _OSI(Module Device)
[    0.727626] ACPI: Added _OSI(Processor Device)
[    0.728056] ACPI: Added _OSI(Processor Aggregator Device)
[    0.762063] ACPI: 1 ACPI AML tables successfully acquired and loaded
[    0.793305] ACPI: \_SB_: platform _OSC: OS support mask [002e7eff]
[    0.798370] ACPI: Interpreter enabled
[    0.798882] ACPI: PM: (supports S0 S3 S4 S5)
[    0.799280] ACPI: Using IOAPIC for interrupt routing
[    0.799923] PCI: Using host bridge windows from ACPI; if necessary, use "pci=nocrs" and report a bug
[    0.800513] PCI: Using E820 reservations for host bridge windows
[    0.802483] ACPI: Enabled 2 GPEs in block 00 to 0F
[    0.847644] ACPI: PCI Root Bridge [PCI0] (domain 0000 [bus 00-ff])
[    0.848292] acpi PNP0A03:00: _OSC: OS supports [ASPM ClockPM Segments MSI EDR HPX-Type3]
[    0.848515] acpi PNP0A03:00: _OSC: not requesting OS control; OS requires [ExtendedConfig ASPM ClockPM MSI]
[    0.849560] acpi PNP0A03:00: _OSC: platform retains control of PCIe features (AE_ERROR)
[    0.850476] acpi PNP0A03:00: fail to add MMCONFIG information, can't access extended configuration space under this bridge
[    0.857057] acpiphp: Slot [3] registered
[    0.857591] acpiphp: Slot [4] registered
[    0.858142] acpiphp: Slot [5] registered
[    0.858702] acpiphp: Slot [6] registered
[    0.859253] acpiphp: Slot [7] registered
[    0.859813] acpiphp: Slot [8] registered
[    0.860362] acpiphp: Slot [9] registered
[    0.860686] acpiphp: Slot [10] registered
[    0.861247] acpiphp: Slot [11] registered
[    0.861805] acpiphp: Slot [12] registered
[    0.862366] acpiphp: Slot [13] registered
[    0.862927] acpiphp: Slot [14] registered
[    0.863499] acpiphp: Slot [15] registered
[    0.864052] acpiphp: Slot [16] registered
[    0.864627] acpiphp: Slot [17] registered
[    0.865181] acpiphp: Slot [18] registered
[    0.865745] acpiphp: Slot [19] registered
[    0.866301] acpiphp: Slot [20] registered
[    0.866844] acpiphp: Slot [21] registered
[    0.867405] acpiphp: Slot [22] registered
[    0.867953] acpiphp: Slot [23] registered
[    0.868512] acpiphp: Slot [24] registered
[    0.869064] acpiphp: Slot [25] registered
[    0.869646] acpiphp: Slot [26] registered
[    0.870200] acpiphp: Slot [27] registered
[    0.870762] acpiphp: Slot [28] registered
[    0.871318] acpiphp: Slot [29] registered
[    0.871876] acpiphp: Slot [30] registered
[    0.872437] acpiphp: Slot [31] registered
[    0.872576] PCI host bridge to bus 0000:00
[    0.873059] pci_bus 0000:00: root bus resource [io  0x0000-0x0cf7 window]
[    0.873750] pci_bus 0000:00: root bus resource [io  0x0d00-0xffff window]
[    0.874436] pci_bus 0000:00: root bus resource [mem 0x000a0000-0x000bffff window]
[    0.875204] pci_bus 0000:00: root bus resource [mem 0x80000000-0xfebfffff window]
[    0.875966] pci_bus 0000:00: root bus resource [mem 0x100000000-0x17fffffff window]
[    0.876518] pci_bus 0000:00: root bus resource [bus 00-ff]
[    0.877188] pci 0000:00:00.0: [8086:1237] type 00 class 0x060000 conventional PCI endpoint
[    0.879729] pci 0000:00:01.0: [8086:7000] type 00 class 0x060100 conventional PCI endpoint
[    0.881968] pci 0000:00:01.1: [8086:7010] type 00 class 0x010180 conventional PCI endpoint
[    0.883381] pci 0000:00:01.1: BAR 4 [io  0xc040-0xc04f]
[    0.883956] pci 0000:00:01.1: BAR 0 [io  0x01f0-0x01f7]: legacy IDE quirk
[    0.884550] pci 0000:00:01.1: BAR 1 [io  0x03f6]: legacy IDE quirk
[    0.885167] pci 0000:00:01.1: BAR 2 [io  0x0170-0x0177]: legacy IDE quirk
[    0.885846] pci 0000:00:01.1: BAR 3 [io  0x0376]: legacy IDE quirk
[    0.887676] pci 0000:00:01.3: [8086:7113] type 00 class 0x068000 conventional PCI endpoint
[    0.888779] pci 0000:00:01.3: quirk: [io  0x0600-0x063f] claimed by PIIX4 ACPI
[    0.889504] pci 0000:00:01.3: quirk: [io  0x0700-0x070f] claimed by PIIX4 SMB
[    0.891398] pci 0000:00:02.0: [1234:1111] type 00 class 0x030000 conventional PCI endpoint
[    0.896533] pci 0000:00:02.0: BAR 0 [mem 0xfd000000-0xfdffffff pref]
[    0.897159] pci 0000:00:02.0: BAR 2 [mem 0xfebf0000-0xfebf0fff]
[    0.897789] pci 0000:00:02.0: ROM [mem 0xfebe0000-0xfebeffff pref]
[    0.898536] pci 0000:00:02.0: Video device with shadowed ROM at [mem 0x000c0000-0x000dffff]
[    0.900709] pci 0000:00:03.0: [8086:100e] type 00 class 0x020000 conventional PCI endpoint
[    0.904531] pci 0000:00:03.0: BAR 0 [mem 0xfebc0000-0xfebdffff]
[    0.905179] pci 0000:00:03.0: BAR 1 [io  0xc000-0xc03f]
[    0.905737] pci 0000:00:03.0: ROM [mem 0xfeb80000-0xfebbffff pref]
[    0.932900] ACPI: PCI: Interrupt link LNKA configured for IRQ 10
[    0.934547] ACPI: PCI: Interrupt link LNKB configured for IRQ 10
[    0.936096] ACPI: PCI: Interrupt link LNKC configured for IRQ 11
[    0.937504] ACPI: PCI: Interrupt link LNKD configured for IRQ 11
[    0.938520] ACPI: PCI: Interrupt link LNKS configured for IRQ 9
[    0.944615] iommu: Default domain type: Translated
[    0.945119] iommu: DMA domain TLB invalidation policy: lazy mode
[    0.957261] SCSI subsystem initialized
[    0.958218] ACPI: bus type USB registered
[    0.958819] usbcore: registered new interface driver usbfs
[    0.959484] usbcore: registered new interface driver hub
[    0.960088] usbcore: registered new device driver usb
[    0.960862] pps_core: LinuxPPS API ver. 1 registered
[    0.961370] pps_core: Software ver. 5.3.6 - Copyright 2005-2007 Rodolfo Giometti <giometti@linux.it>
[    0.962313] PTP clock support registered
[    0.964703] EDAC MC: Ver: 3.0.0
[    0.972657] NetLabel: Initializing
[    0.973020] NetLabel:  domain hash size = 128
[    0.973465] NetLabel:  protocols = UNLABELED CIPSOv4 CALIPSO
[    0.974174] NetLabel:  unlabeled traffic allowed by default
[    0.975321] PCI: Using ACPI for IRQ routing
[    0.975850] e820: register RAM buffer resource [mem 0x0009fc00-0x0009ffff]
[    0.976555] e820: register RAM buffer resource [mem 0x7ffe0000-0x7fffffff]
[    0.977539] pci 0000:00:02.0: vgaarb: setting as boot VGA device
[    0.978172] pci 0000:00:02.0: vgaarb: bridge control possible
[    0.978754] pci 0000:00:02.0: vgaarb: VGA device added: decodes=io+mem,owns=io+mem,locks=none
[    0.979615] vgaarb: loaded
[    0.980846] hpet0: at MMIO 0xfed00000, IRQs 2, 8, 0
[    0.981390] hpet0: 3 comparators, 64-bit 100.000000 MHz counter
[    0.984399] clocksource: Switched to clocksource kvm-clock
[    0.984504] VFS: Disk quotas dquot_6.6.0
[    0.984504] VFS: Dquot-cache hash table entries: 512 (order 0, 4096 bytes)
[    0.988312] pnp: PnP ACPI init
[    0.993192] pnp: PnP ACPI: found 5 devices
[    1.014918] clocksource: acpi_pm: mask: 0xffffff max_cycles: 0xffffff, max_idle_ns: 2085701024 ns
[    1.016347] NET: Registered PF_INET protocol family
[    1.017008] IP idents hash table entries: 32768 (order: 6, 262144 bytes, linear)
[    1.019429] tcp_listen_portaddr_hash hash table entries: 1024 (order: 5, 73728 bytes, linear)
[    1.020291] Table-perturb hash table entries: 65536 (order: 6, 262144 bytes, linear)
[    1.021146] TCP established hash table entries: 16384 (order: 5, 131072 bytes, linear)
[    1.022390] TCP bind hash table entries: 16384 (order: 10, 2359296 bytes, linear)
[    1.024403] TCP: Hash tables configured (established 16384 bind 16384)
[    1.025244] UDP hash table entries: 1024 (order: 6, 262144 bytes, linear)
[    1.026351] NET: Registered PF_UNIX/PF_LOCAL protocol family
[    1.029862] RPC: Registered named UNIX socket transport module.
[    1.030520] RPC: Registered udp transport module.
[    1.031069] RPC: Registered tcp transport module.
[    1.031548] RPC: Registered tcp-with-tls transport module.
[    1.032113] RPC: Registered tcp NFSv4.1 backchannel transport module.
[    1.032785] pci_bus 0000:00: resource 4 [io  0x0000-0x0cf7 window]
[    1.033417] pci_bus 0000:00: resource 5 [io  0x0d00-0xffff window]
[    1.034039] pci_bus 0000:00: resource 6 [mem 0x000a0000-0x000bffff window]
[    1.034722] pci_bus 0000:00: resource 7 [mem 0x80000000-0xfebfffff window]
[    1.035413] pci_bus 0000:00: resource 8 [mem 0x100000000-0x17fffffff window]
[    1.036497] pci 0000:00:01.0: PIIX3: Enabling Passive Release
[    1.037102] pci 0000:00:00.0: Limiting direct PCI/PCI transfers
[    1.037790] PCI: CLS 0 bytes, default 64
[    1.038323] ACPI: bus type thunderbolt registered
[    1.039617] clocksource: tsc: mask: 0xffffffffffffffff max_cycles: 0x240939f1bb2, max_idle_ns: 440795263295 ns
[    1.053505] Initialise system trusted keyrings
[    1.054131] Key type blacklist registered
[    1.054694] workingset: timestamp_bits=36 (anon: 32) max_order=19 bucket_order=0 (anon: 0)
[    1.057829] squashfs: version 4.0 (2009/01/31) Phillip Lougher
[    1.061658] NFS: Registering the id_resolver key type
[    1.062258] Key type id_resolver registered
[    1.062684] Key type id_legacy registered
[    1.063191] nfs4filelayout_init: NFSv4 File Layout Driver Registering...
[    1.063895] nfs4flexfilelayout_init: NFSv4 Flexfile Layout Driver Registering...
[    1.065011] fuse: init (API version 7.45)
[    1.066104] SGI XFS with ACLs, security attributes, realtime, quota, no debug enabled
[    1.068465] 9p: Installing v9fs 9p2000 file system support
[    1.082282] Key type asymmetric registered
[    1.082692] Asymmetric key parser 'x509' registered
[    1.083352] Block layer SCSI generic (bsg) driver version 0.4 loaded (major 241)
[    1.085598] io scheduler mq-deadline registered
[    1.086219] io scheduler bfq registered
[    1.088483] ledtrig-cpu: registered to indicate activity on CPUs
[    1.090835] IPMI message handler: version 39.2
[    1.091350] ipmi device interface
[    1.095324] input: Power Button as /devices/platform/LNXPWRBN:00/input/input0
[    1.096499] ACPI: button: Power Button [PWRF]
[    1.100132] ERST DBG: ERST support is disabled.
[    1.102255] Serial: 8250/16550 driver, 32 ports, IRQ sharing enabled
[    1.104552] 00:04: ttyS0 at I/O 0x3f8 (irq = 4, base_baud = 115200) is a 16550A
[    1.142033] ACPI: bus type drm_connector registered
[    1.169700] brd: module loaded
[    1.186032] loop: module loaded
[    1.202976] scsi host0: ata_piix
[    1.205226] scsi host1: ata_piix
[    1.206204] ata1: PATA max MWDMA2 cmd 0x1f0 ctl 0x3f6 bmdma 0xc040 irq 14 lpm-pol 0
[    1.207015] ata2: PATA max MWDMA2 cmd 0x170 ctl 0x376 bmdma 0xc048 irq 15 lpm-pol 0
[    1.210849] tun: Universal TUN/TAP device driver, 1.6
[    1.211752] e100: Intel(R) PRO/100 Network Driver
[    1.212238] e100: Copyright(c) 1999-2006 Intel Corporation
[    1.212921] e1000: Intel(R) PRO/1000 Network Driver
[    1.213422] e1000: Copyright (c) 1999-2006 Intel Corporation.
[    1.362912] ata1: found unknown device (class 0)
[    1.363941] ata1.00: Model 'QEMU HARDDISK', rev '2.5+', applying quirks: bridgeok
[    1.364716] ata1.00: ATA-7: QEMU HARDDISK, 2.5+, max UDMA/100
[    1.365310] ata1.00: 17196647 sectors, multi 16: LBA48 
[    1.366123] ata2: found unknown device (class 0)
[    1.366981] ata2.00: ATAPI: QEMU DVD-ROM, 2.5+, max UDMA/100
[    1.368788] scsi 0:0:0:0: Direct-Access     ATA      QEMU HARDDISK    2.5+ PQ: 0 ANSI: 5
[    1.372135] scsi 0:0:0:0: Attached scsi generic sg0 type 0
[    1.374012] sd 0:0:0:0: [sda] 17196647 512-byte logical blocks: (8.80 GB/8.20 GiB)
[    1.376786] scsi 1:0:0:0: CD-ROM            QEMU     QEMU DVD-ROM     2.5+ PQ: 0 ANSI: 5
[    1.377794] sd 0:0:0:0: [sda] Write Protect is off
[    1.378436] sd 0:0:0:0: [sda] Write cache: enabled, read cache: enabled, doesn't support DPO or FUA
[    1.381312] sd 0:0:0:0: [sda] Preferred minimum I/O size 512 bytes
[    1.412042] scsi 1:0:0:0: Attached scsi generic sg1 type 5
[    1.418420] sd 0:0:0:0: [sda] Attached SCSI disk
[    2.037034] ACPI: \_SB_.LNKC: Enabled at IRQ 11
[    2.354102] e1000 0000:00:03.0 eth0: (PCI:33MHz:32-bit) 52:54:00:12:34:56
[    2.354813] e1000 0000:00:03.0 eth0: Intel(R) PRO/1000 Network Connection
[    2.355694] e1000e: Intel(R) PRO/1000 Network Driver
[    2.356196] e1000e: Copyright(c) 1999 - 2015 Intel Corporation.
[    2.356947] igb: Intel(R) Gigabit Ethernet Network Driver
[    2.357522] igb: Copyright (c) 2007-2014 Intel Corporation.
[    2.358483] PPP generic driver version 2.4.2
[    2.361624] VFIO - User Level meta-driver version: 0.3
[    2.363599] usbcore: registered new interface driver uas
[    2.364302] usbcore: registered new interface driver usb-storage
[    2.365193] i8042: PNP: PS/2 Controller [PNP0303:KBD,PNP0f13:MOU] at 0x60,0x64 irq 1,12
[    2.367292] serio: i8042 KBD port at 0x60,0x64 irq 1
[    2.367951] serio: i8042 AUX port at 0x60,0x64 irq 12
[    2.371239] mousedev: PS/2 mouse device common for all mice
[    2.374473] input: AT Translated Set 2 keyboard as /devices/platform/i8042/serio0/input/input1
[    2.376071] rtc_cmos PNP0B00:00: RTC can wake from S4
[    2.380016] rtc_cmos PNP0B00:00: registered as rtc0
[    2.380751] rtc_cmos PNP0B00:00: setting system clock to 2026-05-06T02:43:24 UTC (1778035404)
[    2.382257] input: VirtualPS/2 VMware VMMouse as /devices/platform/i8042/serio1/input/input4
[    2.383757] rtc_cmos PNP0B00:00: alarms up to one day, y3k, 242 bytes nvram, hpet irqs
[    2.384636] i2c_dev: i2c /dev entries driver
[    2.385186] device-mapper: core: CONFIG_IMA_DISABLE_HTABLE is disabled. Duplicate IMA measurements will not be recorded in the IMA log.
[    2.386458] device-mapper: uevent: version 1.0.3
[    2.387782] device-mapper: ioctl: 4.50.0-ioctl (2025-04-28) initialised: dm-devel@lists.linux.dev
[    2.388694] intel_pstate: CPU model not supported
[    2.390402] drop_monitor: Initializing network drop monitor service
[    2.391493] NET: Registered PF_INET6 protocol family
[    2.392847] input: VirtualPS/2 VMware VMMouse as /devices/platform/i8042/serio1/input/input3
[    2.395384] Segment Routing with IPv6
[    2.395829] In-situ OAM (IOAM) with IPv6
[    2.396424] NET: Registered PF_PACKET protocol family
[    2.397229] 9pnet: Installing 9P2000 support
[    2.397787] Key type dns_resolver registered
[    2.401360] IPI shorthand broadcast: enabled
[    2.472437] sched_clock: Marking stable (2452004021, 17403366)->(2487738649, -18331262)
[    2.474429] registered taskstats version 1
[    2.475983] Loading compiled-in X.509 certificates
[    2.565851] Demotion targets for Node 0: null
[    2.567691] Key type .fscrypt registered
[    2.568141] Key type fscrypt-provisioning registered
[    2.577766] Key type encrypted registered
[    2.578219] ima: No TPM chip found, activating TPM-bypass!
[    2.578797] ima: Allocated hash algorithm: sha1
[    2.579395] ima: No architecture policies found
[    2.580038] evm: Initialising EVM extended attributes:
[    2.580570] evm: security.selinux
[    2.580909] evm: security.SMACK64
[    2.581254] evm: security.SMACK64EXEC
[    2.581745] evm: security.SMACK64TRANSMUTE
[    2.582174] evm: security.SMACK64MMAP
[    2.582548] evm: security.apparmor
[    2.582898] evm: security.ima
[    2.583210] evm: security.capability
[    2.583573] evm: HMAC attrs: 0x1
[    2.586569] PM:   Magic number: 10:337:712
[    2.588768] RAS: Correctable Errors collector initialized.
[    3.665202] clk: Disabling unused clocks
[    3.665647] PM: genpd: Disabling unused power domains
[    3.666929] md: Waiting for all devices to be available before autodetect
[    3.667553] md: If you don't use raid, use raid=noautodetect
[    3.667964] md: Autodetecting RAID arrays.
[    3.668278] md: autorun ...
[    3.668464] md: ... autorun DONE.
[    3.682139] EXT4-fs (sda): INFO: recovery required on readonly filesystem
[    3.682628] EXT4-fs (sda): write access will be enabled during recovery
[    3.747518] EXT4-fs (sda): recovery complete
[    3.751649] EXT4-fs (sda): mounted filesystem 088740a9-c8b4-422c-999d-a804eb68a4da ro with ordered data mode. Quota mode: none.
[    3.752533] VFS: Mounted root (ext4 filesystem) readonly on device 8:0.
[    3.756814] devtmpfs: mounted
[    3.757439] VFS: Pivoted into new rootfs
[    3.777881] Freeing unused decrypted memory: 2036K
[    3.781867] Callback from call_rcu_tasks() invoked.
[    3.784948] Freeing unused kernel image (initmem) memory: 16684K
[    3.785589] Write protecting the kernel read-only data: 102400k
[    3.787806] Freeing unused kernel image (text/rodata gap) memory: 12K
[    3.789195] Freeing unused kernel image (rodata/data gap) memory: 920K
[    4.717732] x86/mm: Checked W+X mappings: passed, no W+X pages found.
[    4.718181] Run /sbin/init as init process
[    4.982472] systemd[1]: systemd 252-15.el9 running in system mode (+PAM +AUDIT +SELINUX -APPARMOR +IMA +SMACK +SECCOMP +GCRYPT +GNUTLS +OPENSSL +ACL +BLKID +CURL +ELFUTILS -FIDO2 +IDN2 -IDN -IPTC +KMOD +LIBCRYPTSETUP +LIBFDISK +PCRE2 -PWQUALITY +P11KIT -QRENCODE +TPM2 +BZIP2 +LZ4 +XZ +ZLIB +ZSTD -BPF_FRAMEWORK +XKBCOMMON +UTMP +SYSVINIT default-hierarchy=unified)
[    4.984540] systemd[1]: Detected virtualization kvm.
[    4.984892] systemd[1]: Detected architecture x86-64.

Welcome to [0;31mCentOS Stream 9[0m!

[    4.994148] systemd[1]: Hostname set to <test>.
[    5.288827] systemd-rc-local-generator[122]: /etc/rc.d/rc.local is not marked executable, skipping.
[    5.684039] systemd[1]: Queued start job for default target Multi-User System.
[    5.708803] systemd[1]: Created slice Virtual Machine and Container Slice.
[[0;32m  OK  [0m] Created slice [0;1;39mVirtual Machine and Container Slice[0m.
[    5.714490] systemd[1]: Created slice Slice /system/getty.
[[0;32m  OK  [0m] Created slice [0;1;39mSlice /system/getty[0m.
[    5.718014] systemd[1]: Created slice Slice /system/modprobe.
[[0;32m  OK  [0m] Created slice [0;1;39mSlice /system/modprobe[0m.
[    5.721588] systemd[1]: Created slice Slice /system/serial-getty.
[[0;32m  OK  [0m] Created slice [0;1;39mSlice /system/serial-getty[0m.
[    5.725235] systemd[1]: Created slice Slice /system/sshd-keygen.
[[0;32m  OK  [0m] Created slice [0;1;39mSlice /system/sshd-keygen[0m.
[    5.728580] systemd[1]: Created slice User and Session Slice.
[[0;32m  OK  [0m] Created slice [0;1;39mUser and Session Slice[0m.
[    5.730439] systemd[1]: Started Forward Password Requests to Wall Directory Watch.
[[0;32m  OK  [0m] Started [0;1;39mForward Password R…uests to Wall Directory Watch[0m.
[    5.733078] systemd[1]: Set up automount Arbitrary Executable File Formats File System Automount Point.
[[0;32m  OK  [0m] Set up automount [0;1;39mArbitrary…s File System Automount Point[0m.
[    5.734979] systemd[1]: Reached target Local Integrity Protected Volumes.
[[0;32m  OK  [0m] Reached target [0;1;39mLocal Integrity Protected Volumes[0m.
[    5.736478] systemd[1]: Reached target Slice Units.
[[0;32m  OK  [0m] Reached target [0;1;39mSlice Units[0m.
[    5.737717] systemd[1]: Reached target Swaps.
[[0;32m  OK  [0m] Reached target [0;1;39mSwaps[0m.
[    5.738636] systemd[1]: Reached target Local Verity Protected Volumes.
[[0;32m  OK  [0m] Reached target [0;1;39mLocal Verity Protected Volumes[0m.
[    5.740323] systemd[1]: Listening on Device-mapper event daemon FIFOs.
[[0;32m  OK  [0m] Listening on [0;1;39mDevice-mapper event daemon FIFOs[0m.
[    5.742353] systemd[1]: Listening on LVM2 poll daemon socket.
[[0;32m  OK  [0m] Listening on [0;1;39mLVM2 poll daemon socket[0m.
[    5.743841] systemd[1]: multipathd control socket was skipped because of an unmet condition check (ConditionPathExists=/etc/multipath.conf).
[    5.789742] systemd[1]: Listening on RPCbind Server Activation Socket.
[[0;32m  OK  [0m] Listening on [0;1;39mRPCbind Server Activation Socket[0m.
[    5.791653] systemd[1]: Reached target RPC Port Mapper.
[[0;32m  OK  [0m] Reached target [0;1;39mRPC Port Mapper[0m.
[    5.795645] systemd[1]: Listening on Process Core Dump Socket.
[[0;32m  OK  [0m] Listening on [0;1;39mProcess Core Dump Socket[0m.
[    5.797797] systemd[1]: Listening on initctl Compatibility Named Pipe.
[[0;32m  OK  [0m] Listening on [0;1;39minitctl Compatibility Named Pipe[0m.
[    5.799944] systemd[1]: Listening on Journal Socket (/dev/log).
[[0;32m  OK  [0m] Listening on [0;1;39mJournal Socket (/dev/log)[0m.
[    5.801718] systemd[1]: Listening on Journal Socket.
[[0;32m  OK  [0m] Listening on [0;1;39mJournal Socket[0m.
[    5.803434] systemd[1]: Listening on udev Control Socket.
[[0;32m  OK  [0m] Listening on [0;1;39mudev Control Socket[0m.
[    5.805120] systemd[1]: Listening on udev Kernel Socket.
[[0;32m  OK  [0m] Listening on [0;1;39mudev Kernel Socket[0m.
[    5.822247] systemd[1]: Mounting Huge Pages File System...
         Mounting [0;1;39mHuge Pages File System[0m...
[    5.829012] systemd[1]: Mounting POSIX Message Queue File System...
         Mounting [0;1;39mPOSIX Message Queue File System[0m...
[    5.836323] systemd[1]: Mounting Kernel Debug File System...
         Mounting [0;1;39mKernel Debug File System[0m...
[    5.847959] systemd[1]: Mounting Kernel Trace File System...
         Mounting [0;1;39mKernel Trace File System[0m...
[    5.849706] systemd[1]: Kernel Module supporting RPCSEC_GSS was skipped because of an unmet condition check (ConditionPathExists=/etc/krb5.keytab).
[    5.854473] systemd[1]: Create List of Static Device Nodes was skipped because of an unmet condition check (ConditionFileNotEmpty=/lib/modules/7.1.0-rc1-33d0c9c5f094+/modules.devname).
[    5.861331] systemd[1]: Starting Monitoring of LVM2 mirrors, snapshots etc. using dmeventd or progress polling...
         Starting [0;1;39mMonitoring of LVM…meventd or progress polling[0m...
[    5.871477] systemd[1]: Starting Load Kernel Module configfs...
         Starting [0;1;39mLoad Kernel Module configfs[0m...
[    5.880008] systemd[1]: Starting Load Kernel Module drm...
         Starting [0;1;39mLoad Kernel Module drm[0m...
[    5.906443] systemd[1]: Starting Load Kernel Module fuse...
         Starting [0;1;39mLoad Kernel Module fuse[0m...
[    5.917914] systemd[1]: Starting Read and set NIS domainname from /etc/sysconfig/network...
         Starting [0;1;39mRead and set NIS …from /etc/sysconfig/network[0m...
[    5.958688] systemd[1]: Starting Journal Service...
         Starting [0;1;39mJournal Service[0m...
[    5.967884] systemd[1]: Starting Load Kernel Modules...
         Starting [0;1;39mLoad Kernel Modules[0m...
[    5.984592] systemd[1]: Starting Generate network units from Kernel command line...
         Starting [0;1;39mGenerate network …ts from Kernel command line[0m...
[    5.999428] systemd[1]: Starting Remount Root and Kernel File Systems...
         Starting [0;1;39mRemount Root and Kernel File Systems[0m...
[    6.010332] systemd[1]: Repartition Root Disk was skipped because no trigger condition checks were met.
[    6.053990] systemd[1]: Starting Coldplug All udev Devices...
         Starting [0;1;39mColdplug All udev Devices[0m...
[    6.064176] EXT4-fs (sda): re-mounted 088740a9-c8b4-422c-999d-a804eb68a4da r/w.
[    6.077806] systemd[1]: Mounted Huge Pages File System.
[[0;32m  OK  [0m] Mounted [0;1;39mHuge Pages File System[0m.
[    6.080051] systemd[1]: Mounted POSIX Message Queue File System.
[[0;32m  OK  [0m] Mounted [0;1;39mPOSIX Message Queue File System[0m.
[    6.083469] systemd[1]: Mounted Kernel Debug File System.
[[0;32m  OK  [0m] Mounted [0;1;39mKernel Debug File System[0m.
[    6.085229] systemd[1]: Mounted Kernel Trace File System.
[[0;32m  OK  [0m] Mounted [0;1;39mKernel Trace File System[0m.
[    6.089143] systemd[1]: Finished Monitoring of LVM2 mirrors, snapshots etc. using dmeventd or progress polling.
[[0;32m  OK  [0m] Finished [0;1;39mMonitoring of LVM… dmeventd or progress polling[0m.
[    6.093456] systemd[1]: modprobe@configfs.service: Deactivated successfully.
[    6.095355] systemd[1]: Finished Load Kernel Module configfs.
[[0;32m  OK  [0m] Finished [0;1;39mLoad Kernel Module configfs[0m.
[    6.098425] systemd[1]: modprobe@drm.service: Deactivated successfully.
[    6.100467] systemd[1]: Finished Load Kernel Module drm.
[[0;32m  OK  [0m] Finished [0;1;39mLoad Kernel Module drm[0m.
[    6.105230] systemd[1]: modprobe@fuse.service: Deactivated successfully.
[    6.109319] systemd[1]: Finished Load Kernel Module fuse.
[[0;32m  OK  [0m] Finished [0;1;39mLoad Kernel Module fuse[0m.
[    6.112934] systemd[1]: Finished Read and set NIS domainname from /etc/sysconfig/network.
[[0;32m  OK  [0m] Finished [0;1;39mRead and set NIS …e from /etc/sysconfig/network[0m.
[    6.115355] systemd[1]: systemd-modules-load.service: Main process exited, code=exited, status=1/FAILURE
[    6.117030] systemd[1]: systemd-modules-load.service: Failed with result 'exit-code'.
[    6.119264] systemd[1]: Failed to start Load Kernel Modules.
[[0;1;31mFAILED[0m] Failed to start [0;1;39mLoad Kernel Modules[0m.
See 'systemctl status systemd-modules-load.service' for details.
[    6.123319] systemd[1]: Finished Generate network units from Kernel command line.
[[0;32m  OK  [0m] Finished [0;1;39mGenerate network units from Kernel command line[0m.
[    6.127827] systemd[1]: Finished Remount Root and Kernel File Systems.
[[0;32m  OK  [0m] Finished [0;1;39mRemount Root and Kernel File Systems[0m.
[    6.131021] systemd[1]: Reached target Preparation for Network.
[[0;32m  OK  [0m] Reached target [0;1;39mPreparation for Network[0m.
[    6.144749] systemd[1]: Mounting FUSE Control File System...
         Mounting [0;1;39mFUSE Control File System[0m...
[    6.162061] systemd[1]: Mounting Kernel Configuration File System...
         Mounting [0;1;39mKernel Configuration File System[0m...
[    6.165014] systemd[1]: Special handling of early boot iSCSI sessions was skipped because of an unmet condition check (ConditionDirectoryNotEmpty=/sys/class/iscsi_session).
[    6.171566] systemd[1]: First Boot Wizard was skipped because of an unmet condition check (ConditionFirstBoot=yes).
[    6.180519] systemd[1]: Rebuild Hardware Database was skipped because of an unmet condition check (ConditionNeedsUpdate=/etc).
[    6.196080] systemd[1]: Starting Load/Save Random Seed...
         Starting [0;1;39mLoad/Save Random Seed[0m...
[    6.203633] systemd[1]: Starting Apply Kernel Variables...
         Starting [0;1;39mApply Kernel Variables[0m...
[    6.205312] systemd[1]: Create System Users was skipped because no trigger condition checks were met.
[    6.221967] systemd[1]: Starting Create Static Device Nodes in /dev...
         Starting [0;1;39mCreate Static Device Nodes in /dev[0m...
[    6.232233] systemd[1]: Starting Setup Virtual Console...
         Starting [0;1;39mSetup Virtual Console[0m...
[    6.250485] systemd[1]: Started Journal Service.
[[0;32m  OK  [0m] Started [0;1;39mJournal Service[0m.
[[0;32m  OK  [0m] Mounted [0;1;39mFUSE Control File System[0m.
[[0;32m  OK  [0m] Mounted [0;1;39mKernel Configuration File System[0m.
         Starting [0;1;39mFlush Journal to Persistent Storage[0m...
[[0;32m  OK  [0m] Finished [0;1;39mLoad/Save Random Seed[0m.
[[0;32m  OK  [0m] Finished [0;1;39mApply Kernel Variables[0m.
[    6.393116] systemd-journald[144]: Received client request to flush runtime journal.
[[0;32m  OK  [0m] Finished [0;1;39mCreate Static Device Nodes in /dev[0m.
         Starting [0;1;39mRule-based Manage…for Device Events and Files[0m...
[[0;32m  OK  [0m] Finished [0;1;39mFlush Journal to Persistent Storage[0m.
[[0;32m  OK  [0m] Started [0;1;39mRule-based Manager for Device Events and Files[0m.
         Starting [0;1;39mAuto-connect to s…E devices found during boot[0m...
[[0;32m  OK  [0m] Finished [0;1;39mAuto-connect to s…VME devices found during boot[0m.
[[0;32m  OK  [0m] Finished [0;1;39mColdplug All udev Devices[0m.
         Starting [0;1;39mWait for udev To …plete Device Initialization[0m...
[[0;32m  OK  [0m] Finished [0;1;39mSetup Virtual Console[0m.
         Starting [0;1;39mShow Plymouth Boot Screen[0m...
[2J[3J[-1;-1f[[0;32m  OK  [0m] Started [0;1;39mShow Plymouth Boot Screen[0m.
[[0;32m  OK  [0m] Started [0;1;39mForward Password R…s to Plymouth Directory Watch[0m.
[[0;32m  OK  [0m] Reached target [0;1;39mLocal Encrypted Volumes[0m.
[[0;32m  OK  [0m] Reached target [0;1;39mPath Units[0m.
[[0;32m  OK  [0m] Found device [0;1;39m/dev/ttyS0[0m.
[[0;32m  OK  [0m] Listening on [0;1;39mLoad/Save RF …itch Status /dev/rfkill Watch[0m.
[[0;32m  OK  [0m] Finished [0;1;39mWait for udev To Complete Device Initialization[0m.
[[0;32m  OK  [0m] Reached target [0;1;39mPreparation for Local File Systems[0m.
[[0;32m  OK  [0m] Reached target [0;1;39mLocal File Systems[0m.
         Starting [0;1;39mTell Plymouth To Write Out Runtime Data[0m...
         Starting [0;1;39mAutomatic Boot Loader Update[0m...
         Starting [0;1;39mCreate Volatile Files and Directories[0m...
[[0;32m  OK  [0m] Finished [0;1;39mTell Plymouth To Write Out Runtime Data[0m.
[[0;32m  OK  [0m] Finished [0;1;39mAutomatic Boot Loader Update[0m.
[[0;32m  OK  [0m] Finished [0;1;39mCreate Volatile Files and Directories[0m.
         Mounting [0;1;39mRPC Pipe File System[0m...
         Starting [0;1;39mSecurity Auditing Service[0m...
         Starting [0;1;39mRPC Bind[0m...
[[0;32m  OK  [0m] Mounted [0;1;39mRPC Pipe File System[0m.
[[0;32m  OK  [0m] Reached target [0;1;39mrpc_pipefs.target[0m.
[[0;32m  OK  [0m] Started [0;1;39mRPC Bind[0m.
[[0;32m  OK  [0m] Started [0;1;39mSecurity Auditing Service[0m.
         Starting [0;1;39mRecord System Boot/Shutdown in UTMP[0m...
[[0;32m  OK  [0m] Finished [0;1;39mRecord System Boot/Shutdown in UTMP[0m.
[[0;32m  OK  [0m] Reached target [0;1;39mSystem Initialization[0m.
[[0;32m  OK  [0m] Started [0;1;39mDaily rotation of log files[0m.
[[0;32m  OK  [0m] Started [0;1;39mUpdates mlocate database every day[0m.
[[0;32m  OK  [0m] Started [0;1;39mDaily Cleanup of Temporary Directories[0m.
[[0;32m  OK  [0m] Started [0;1;39mdaily update of the root trust anchor for DNSSEC[0m.
[[0;32m  OK  [0m] Reached target [0;1;39mTimer Units[0m.
[[0;32m  OK  [0m] Listening on [0;1;39mD-Bus System Message Bus Socket[0m.
[[0;32m  OK  [0m] Listening on [0;1;39mOpen-iSCSI iscsid Socket[0m.
[[0;32m  OK  [0m] Listening on [0;1;39mOpen-iSCSI iscsiuio Socket[0m.
[[0;32m  OK  [0m] Listening on [0;1;39mSSSD Kerberos…ache Manager responder socket[0m.
[[0;32m  OK  [0m] Listening on [0;1;39mLibvirt interface local socket[0m.
[[0;32m  OK  [0m] Listening on [0;1;39mVirtual machine lock manager socket[0m.
[[0;32m  OK  [0m] Listening on [0;1;39mVirtual machine log manager socket[0m.
[[0;32m  OK  [0m] Listening on [0;1;39mLibvirt network local socket[0m.
[[0;32m  OK  [0m] Listening on [0;1;39mLibvirt nodedev local socket[0m.
[[0;32m  OK  [0m] Listening on [0;1;39mLibvirt nwfilter local socket[0m.
[[0;32m  OK  [0m] Listening on [0;1;39mLibvirt proxy local socket[0m.
[[0;32m  OK  [0m] Listening on [0;1;39mLibvirt qemu local socket[0m.
[[0;32m  OK  [0m] Listening on [0;1;39mLibvirt qemu admin socket[0m.
[[0;32m  OK  [0m] Listening on [0;1;39mLibvirt qemu local read-only socket[0m.
[[0;32m  OK  [0m] Listening on [0;1;39mLibvirt secret local socket[0m.
[[0;32m  OK  [0m] Listening on [0;1;39mLibvirt storage local socket[0m.
[[0;32m  OK  [0m] Reached target [0;1;39mSocket Units[0m.
         Starting [0;1;39mD-Bus System Message Bus[0m...
[[0;32m  OK  [0m] Started [0;1;39mD-Bus System Message Bus[0m.
[[0;32m  OK  [0m] Reached target [0;1;39mBasic System[0m.
         Starting [0;1;39mNetwork Manager[0m...
         Starting [0;1;39mNTP client/server[0m...
         Starting [0;1;39mRestore /run/initramfs on shutdown[0m...
[[0;32m  OK  [0m] Started [0;1;39mirqbalance daemon[0m.
[[0;32m  OK  [0m] Started [0;1;39mlibstoragemgmt plug-in server daemon[0m.
[[0;32m  OK  [0m] Started [0;1;39mMachine Check Exception Logging Daemon[0m.
[[0;32m  OK  [0m] Reached target [0;1;39msshd-keygen.target[0m.
[[0;32m  OK  [0m] Reached target [0;1;39mUser and Group Name Lookups[0m.
         Starting [0;1;39mUser Login Management[0m...
         Starting [0;1;39mVirtual Machine a…tainer Registration Service[0m...
[[0;32m  OK  [0m] Finished [0;1;39mRestore /run/initramfs on shutdown[0m.
[[0;32m  OK  [0m] Started [0;1;39mVirtual Machine an…ontainer Registration Service[0m.
         Starting [0;1;39mHostname Service[0m...
[[0;32m  OK  [0m] Started [0;1;39mNTP client/server[0m.
[[0;32m  OK  [0m] Started [0;1;39mUser Login Management[0m.
[[0;32m  OK  [0m] Started [0;1;39mHostname Service[0m.
         Starting [0;1;39mNetwork Manager Script Dispatcher Service[0m...
[[0;32m  OK  [0m] Started [0;1;39mNetwork Manager Script Dispatcher Service[0m.
[    9.909831] e1000: eth0 NIC Link is Up 1000 Mbps Full Duplex, Flow Control: RX
[[0;32m  OK  [0m] Started [0;1;39mNetwork Manager[0m.
[[0;32m  OK  [0m] Reached target [0;1;39mNetwork[0m.
[[0;32m  OK  [0m] Reached target [0;1;39mNetwork is Online[0m.
         Starting [0;1;39mGSSAPI Proxy Daemon[0m...
         Starting [0;1;39mNotify NFS peers of a restart[0m...
         Starting [0;1;39mSystem Logging Service[0m...
         Starting [0;1;39mOpenSSH server daemon[0m...
         Starting [0;1;39mDynamic System Tuning Daemon[0m...
[[0;32m  OK  [0m] Started [0;1;39mNotify NFS peers of a restart[0m.
[[0;32m  OK  [0m] Started [0;1;39mGSSAPI Proxy Daemon[0m.
[[0;32m  OK  [0m] Reached target [0;1;39mNFS client services[0m.
[[0;32m  OK  [0m] Reached target [0;1;39mPreparation for Remote File Systems[0m.
[[0;32m  OK  [0m] Reached target [0;1;39mRemote File Systems[0m.
         Starting [0;1;39mPermit User Sessions[0m...
         Starting [0;1;39mVirtualization qemu daemon[0m...
[[0;32m  OK  [0m] Started [0;1;39mOpenSSH server daemon[0m.
[[0;32m  OK  [0m] Finished [0;1;39mPermit User Sessions[0m.
[[0;32m  OK  [0m] Started [0;1;39mDeferred execution scheduler[0m.
[[0;32m  OK  [0m] Started [0;1;39mCommand Scheduler[0m.
         Starting [0;1;39mHold until boot process finishes up[0m...
         Starting [0;1;39mTerminate Plymouth Boot Screen[0m...
[[0;32m  OK  [0m] Started [0;1;39mSystem Logging Service[0m.
[[0;32m  OK  [0m] Started [0;1;39mVirtualization qemu daemon[0m.

CentOS Stream 9
Kernel 7.1.0-rc1-33d0c9c5f094+ on an x86_64

Activate the web console with: systemctl enable --now cockpit.socket

test login: [   17.649737] pimreg: entered allmulticast mode
[   17.650229] 
[   17.650362] =============================
[   17.650618] WARNING: suspicious RCU usage
[   17.650916] 7.1.0-rc1-33d0c9c5f094+ #1 Not tainted
[   17.651253] -----------------------------
[   17.651502] net/ipv4/ipmr.c:329 suspicious rcu_dereference_check() usage!
[   17.651943] 
[   17.651943] other info that might help us debug this:
[   17.651943] 
[   17.652477] 
[   17.652477] rcu_scheduler_active = 2, debug_locks = 1
[   17.652908] 2 locks held by repro/711:
[   17.653389]  #0: ffffffff87696300 (rcu_read_lock_bh){....}-{1:3}, at: __dev_queue_xmit+0x239/0x4140
[   17.654092]  #1: ff1100001ab59d18 (_xmit_PIMREG#2){+...}-{3:3}, at: __dev_queue_xmit+0x1d5d/0x4140
[   17.654715] 
[   17.654715] stack backtrace:
[   17.655008] CPU: 0 UID: 0 PID: 711 Comm: repro Not tainted 7.1.0-rc1-33d0c9c5f094+ #1 PREEMPT(lazy) 
[   17.655018] Hardware name: QEMU Standard PC (i440FX + PIIX, 1996), BIOS rel-1.16.3-0-ga6ed6b701f0a-prebuilt.qemu.org 04/01/2014
[   17.655023] Call Trace:
[   17.655026]  <TASK>
[   17.655029]  dump_stack_lvl+0x121/0x150
[   17.655043]  dump_stack+0x19/0x20
[   17.655051]  lockdep_rcu_suspicious+0x15b/0x1f0
[   17.655068]  reg_vif_xmit+0x2ee/0x3c0
[   17.655081]  dev_hard_start_xmit+0x170/0x700
[   17.655095]  __dev_queue_xmit+0x1df1/0x4140
[   17.655104]  ? __might_fault+0x14a/0x1b0
[   17.655118]  ? __this_cpu_preempt_check+0x21/0x30
[   17.655134]  ? __pfx___dev_queue_xmit+0x10/0x10
[   17.655146]  ? _copy_from_iter+0x288/0x15e0
[   17.655158]  ? __virt_addr_valid+0x22c/0x420
[   17.655170]  ? __virt_addr_valid+0x22c/0x420
[   17.655180]  ? __this_cpu_preempt_check+0x21/0x30
[   17.655191]  ? __pfx__copy_from_iter+0x10/0x10
[   17.655206]  ? __sanitizer_cov_trace_const_cmp1+0x1e/0x30
[   17.655218]  ? packet_parse_headers+0x439/0x7b0
[   17.655232]  ? packet_parse_headers+0x202/0x7b0
[   17.655243]  ? __pfx_packet_parse_headers+0x10/0x10
[   17.655256]  packet_xmit+0x252/0x370
[   17.655266]  packet_sendmsg+0x39ad/0x5650
[   17.655278]  ? __lock_acquire+0x412/0x2210
[   17.655304]  ? __pfx_packet_sendmsg+0x10/0x10
[   17.655314]  ? audit_exe_compare+0x100/0x1b0
[   17.655323]  ? __import_iovec+0x1df/0x660
[   17.655340]  ? _copy_from_user+0x75/0xa0
[   17.655353]  ? __pfx_packet_sendmsg+0x10/0x10
[   17.655362]  ____sys_sendmsg+0xa21/0xba0
[   17.655378]  ? __pfx_____sys_sendmsg+0x10/0x10
[   17.655393]  ? __this_cpu_preempt_check+0x21/0x30
[   17.655403]  ? lock_release+0x14f/0x2c0
[   17.655417]  ___sys_sendmsg+0x121/0x1c0
[   17.655429]  ? __pfx____sys_sendmsg+0x10/0x10
[   17.655445]  ? __handle_mm_fault+0x656/0x2cb0
[   17.655474]  __sys_sendmsg+0x177/0x220
[   17.655483]  ? __pfx___sys_sendmsg+0x10/0x10
[   17.655499]  ? seqcount_lockdep_reader_access.constprop.0+0xc0/0xd0
[   17.655512]  ? __sanitizer_cov_trace_cmp4+0x1a/0x20
[   17.655522]  ? ktime_get_coarse_real_ts64+0xad/0xf0
[   17.655537]  __x64_sys_sendmsg+0x80/0xc0
[   17.655548]  x64_sys_call+0x1d9c/0x21c0
[   17.655558]  do_syscall_64+0xc1/0x10b0
[   17.655570]  entry_SYSCALL_64_after_hwframe+0x76/0x7e
[   17.655578] RIP: 0033:0x7f2cd1c3ee5d
[   17.655587] Code: ff c3 66 2e 0f 1f 84 00 00 00 00 00 90 f3 0f 1e fa 48 89 f8 48 89 f7 48 89 d6 48 89 ca 4d 89 c2 4d 89 c8 4c 8b 4c 24 08 0f 05 <48> 3d 01 f0 ff ff 73 01 c3 48 8b 0d 93 af 1b 00 f7 d8 64 89 01 48
[   17.655595] RSP: 002b:00007ffe6aa95e68 EFLAGS: 00000246 ORIG_RAX: 000000000000002e
[   17.655603] RAX: ffffffffffffffda RBX: 0000200000000380 RCX: 00007f2cd1c3ee5d
[   17.655608] RDX: 0000000000000000 RSI: 00002000000012c0 RDI: 0000000000000004
[   17.655612] RBP: 00007ffe6aa95e90 R08: 0000000200000000 R09: 0000000200000000
[   17.655617] R10: 0000000200000000 R11: 0000000000000246 R12: 00007ffe6aa95fa8
[   17.655622] R13: 0000000000401164 R14: 0000000000403e08 R15: 00007f2cd1f74000
[   17.655639]  </TASK>
[   17.686945] pimreg: entered allmulticast mode
[   17.698425] pimreg: left allmulticast mode
[   17.707965] pimreg: entered allmulticast mode
[   17.725104] pimreg: entered allmulticast mode
[   17.750912] pimreg: entered allmulticast mode
[   17.770220] pimreg: left allmulticast mode
[   17.770593] pimreg: left allmulticast mode
[   17.770887] pimreg: left allmulticast mode
[   17.779564] pimreg: entered allmulticast mode
[   17.794480] pimreg: entered allmulticast mode
[   17.806910] pimreg: entered allmulticast mode
[   17.831420] pimreg: entered allmulticast mode
[   17.846342] pimreg: entered allmulticast mode
[   17.850307] pimreg: left allmulticast mode
[   17.850691] pimreg: left allmulticast mode
[   17.851004] pimreg: left allmulticast mode
[   17.851339] pimreg: left allmulticast mode
[   17.851645] pimreg: left allmulticast mode
[   17.863012] pimreg: entered allmulticast mode
[   17.889026] pimreg: entered allmulticast mode
[   17.914807] pimreg: entered allmulticast mode
[   17.927173] pimreg: entered allmulticast mode
[   17.950902] pimreg: entered allmulticast mode
[   17.963188] pimreg: left allmulticast mode
[   17.963548] pimreg: left allmulticast mode
[   17.963809] pimreg: left allmulticast mode
[   17.964065] pimreg: left allmulticast mode
[   17.974461] pimreg: entered allmulticast mode
[   18.014794] pimreg: entered allmulticast mode
[   18.032392] pimreg: entered allmulticast mode
[   18.054055] pimreg: entered allmulticast mode
[   18.077883] pimreg: entered allmulticast mode
[   18.102950] pimreg: entered allmulticast mode
[   18.111073] pimreg: left allmulticast mode
[   18.111384] pimreg: left allmulticast mode
[   18.111666] pimreg: left allmulticast mode
[   18.111919] pimreg: left allmulticast mode
[   18.112208] pimreg: left allmulticast mode
[   18.112516] pimreg: left allmulticast mode
[   18.112813] pimreg: left allmulticast mode
[   18.127824] pimreg: entered allmulticast mode
[   18.145917] pimreg: entered allmulticast mode
[   18.173153] pimreg: entered allmulticast mode
[   18.194196] pimreg: entered allmulticast mode
[   18.214020] pimreg: entered allmulticast mode
[   18.241831] pimreg: entered allmulticast mode
[   18.270362] pimreg: entered allmulticast mode
[   18.299343] pimreg: entered allmulticast mode
[   18.311244] pimreg: left allmulticast mode
[   18.311580] pimreg: left allmulticast mode
[   18.311843] pimreg: left allmulticast mode
[   18.312101] pimreg: left allmulticast mode
[   18.312363] pimreg: left allmulticast mode
[   18.312661] pimreg: left allmulticast mode
[   18.312973] pimreg: left allmulticast mode
[   18.313263] pimreg: left allmulticast mode
[   18.328861] pimreg: entered allmulticast mode
[   18.374125] pimreg: entered allmulticast mode
[   18.403213] pimreg: entered allmulticast mode
[   18.426438] pimreg: entered allmulticast mode
[   18.454066] pimreg: entered allmulticast mode
[   18.482900] pimreg: entered allmulticast mode
[   18.510005] pimreg: entered allmulticast mode
[   18.538240] pimreg: entered allmulticast mode
[   18.566046] pimreg: entered allmulticast mode
[   18.570491] pimreg: left allmulticast mode
[   18.572063] pimreg: left allmulticast mode
[   18.572365] pimreg: left allmulticast mode
[   18.572623] pimreg: left allmulticast mode
[   18.572877] pimreg: left allmulticast mode
[   18.573130] pimreg: left allmulticast mode
[   18.573832] pimreg: left allmulticast mode
[   18.574148] pimreg: left allmulticast mode
[   18.575503] pimreg: left allmulticast mode
[   18.591093] pimreg: entered allmulticast mode
[   18.613364] pimreg: entered allmulticast mode
[   18.627704] pimreg: entered allmulticast mode
[   18.645963] pimreg: entered allmulticast mode
[   18.667334] pimreg: entered allmulticast mode
[   18.686089] pimreg: entered allmulticast mode
[   18.713825] pimreg: entered allmulticast mode
[   18.750434] pimreg: entered allmulticast mode
[   18.778481] pimreg: entered allmulticast mode
[   18.801977] pimreg: entered allmulticast mode
[   18.806651] pimreg: left allmulticast mode
[   18.806993] pimreg: left allmulticast mode
[   18.807272] pimreg: left allmulticast mode
[   18.807541] pimreg: left allmulticast mode
[   18.807821] pimreg: left allmulticast mode
[   18.808441] pimreg: left allmulticast mode
[   18.809049] pimreg: left allmulticast mode
[   18.809624] pimreg: left allmulticast mode
[   18.809974] pimreg: left allmulticast mode
[   18.810280] pimreg: left allmulticast mode
[   18.826616] pimreg: entered allmulticast mode
[   18.852482] pimreg: entered allmulticast mode
[   18.883459] pimreg: entered allmulticast mode
[   18.899875] pimreg: entered allmulticast mode
[   18.910337] pimreg: entered allmulticast mode
[   18.933761] pimreg: entered allmulticast mode
[   18.959361] pimreg: entered allmulticast mode
[   18.982628] pimreg: entered allmulticast mode
[   19.007312] pimreg: entered allmulticast mode
[   19.018855] pimreg: left allmulticast mode
[   19.019158] pimreg: left allmulticast mode
[   19.019432] pimreg: left allmulticast mode
[   19.019685] pimreg: left allmulticast mode
[   19.019985] pimreg: left allmulticast mode
[   19.020303] pimreg: left allmulticast mode
[   19.020596] pimreg: left allmulticast mode
[   19.020904] pimreg: left allmulticast mode
[   19.021199] pimreg: left allmulticast mode
[   19.035595] pimreg: entered allmulticast mode
[   19.058010] pimreg: entered allmulticast mode
[   19.081172] pimreg: entered allmulticast mode
[   19.094679] pimreg: entered allmulticast mode
[   19.118591] pimreg: entered allmulticast mode
[   19.142022] pimreg: entered allmulticast mode
[   19.165739] pimreg: entered allmulticast mode
[   19.191512] pimreg: entered allmulticast mode
[   19.191866] pimreg: left allmulticast mode
[   19.192134] pimreg: left allmulticast mode
[   19.192406] pimreg: left allmulticast mode
[   19.192671] pimreg: left allmulticast mode
[   19.192934] pimreg: left allmulticast mode
[   19.193180] pimreg: left allmulticast mode
[   19.193775] pimreg: left allmulticast mode
[   19.207559] pimreg: entered allmulticast mode
[   19.238914] pimreg: entered allmulticast mode
[   19.271141] pimreg: entered allmulticast mode
[   19.290100] pimreg: entered allmulticast mode
[   19.313885] pimreg: entered allmulticast mode
[   19.334132] pimreg: entered allmulticast mode
[   19.357978] pimreg: entered allmulticast mode
[   19.374211] pimreg: left allmulticast mode
[   19.374750] pimreg: left allmulticast mode
[   19.375032] pimreg: left allmulticast mode
[   19.375293] pimreg: left allmulticast mode
[   19.376126] pimreg: left allmulticast mode
[   19.376447] pimreg: left allmulticast mode
[   19.376739] pimreg: left allmulticast mode
[   19.377038] pimreg: left allmulticast mode
[   19.389596] pimreg: entered allmulticast mode
[   19.411717] pimreg: entered allmulticast mode
[   19.432130] pimreg: entered allmulticast mode
[   19.462542] pimreg: entered allmulticast mode
[   19.493852] pimreg: entered allmulticast mode
[   19.525923] pimreg: entered allmulticast mode
[   19.557770] pimreg: entered allmulticast mode
[   19.586049] pimreg: entered allmulticast mode
[   19.611054] pimreg: left allmulticast mode
[   19.611364] pimreg: left allmulticast mode
[   19.611623] pimreg: left allmulticast mode
[   19.611881] pimreg: left allmulticast mode
[   19.612136] pimreg: left allmulticast mode
[   19.612391] pimreg: left allmulticast mode
[   19.612649] pimreg: left allmulticast mode
[   19.612947] pimreg: left allmulticast mode
[   19.626896] pimreg: entered allmulticast mode
[   19.648799] pimreg: entered allmulticast mode
[   19.676696] pimreg: entered allmulticast mode
[   19.698204] pimreg: entered allmulticast mode
[   19.721797] pimreg: entered allmulticast mode
[   19.741898] pimreg: entered allmulticast mode
[   19.765946] pimreg: entered allmulticast mode
[   19.793531] pimreg: entered allmulticast mode
[   19.822001] pimreg: entered allmulticast mode
[   19.827062] pimreg: left allmulticast mode
[   19.827378] pimreg: left allmulticast mode
[   19.827626] pimreg: left allmulticast mode
[   19.827898] pimreg: left allmulticast mode
[   19.828196] pimreg: left allmulticast mode
[   19.828519] pimreg: left allmulticast mode
[   19.828828] pimreg: left allmulticast mode
[   19.829130] pimreg: left allmulticast mode
[   19.829481] pimreg: left allmulticast mode
[   19.844232] pimreg: entered allmulticast mode
[   19.865143] pimreg: entered allmulticast mode
[   19.897607] pimreg: entered allmulticast mode
[   19.922402] pimreg: entered allmulticast mode
[   19.942052] pimreg: entered allmulticast mode
[   19.969699] pimreg: entered allmulticast mode
[   20.002296] pimreg: entered allmulticast mode
[   20.033505] pimreg: entered allmulticast mode
[   20.067221] pimreg: entered allmulticast mode
[   20.079525] pimreg: left allmulticast mode
[   20.080016] pimreg: left allmulticast mode
[   20.080312] pimreg: left allmulticast mode
[   20.080561] pimreg: left allmulticast mode
[   20.080855] pimreg: left allmulticast mode
[   20.081151] pimreg: left allmulticast mode
[   20.081493] pimreg: left allmulticast mode
[   20.081804] pimreg: left allmulticast mode
[   20.082127] pimreg: left allmulticast mode
[   20.097500] pimreg: entered allmulticast mode
[   20.124456] pimreg: entered allmulticast mode
[   20.150555] pimreg: entered allmulticast mode
[   20.169896] pimreg: entered allmulticast mode
[   20.189608] pimreg: entered allmulticast mode
[   20.213824] pimreg: entered allmulticast mode
[   20.238194] pimreg: entered allmulticast mode
[   20.261852] pimreg: entered allmulticast mode
[   20.286065] pimreg: entered allmulticast mode
[   20.290940] pimreg: left allmulticast mode
[   20.291257] pimreg: left allmulticast mode
[   20.291520] pimreg: left allmulticast mode
[   20.291766] pimreg: left allmulticast mode
[   20.292013] pimreg: left allmulticast mode
[   20.292266] pimreg: left allmulticast mode
[   20.292566] pimreg: left allmulticast mode
[   20.292857] pimreg: left allmulticast mode
[   20.307205] pimreg: entered allmulticast mode
[   20.324396] pimreg: entered allmulticast mode
[   20.339278] pimreg: entered allmulticast mode
[   20.363019] pimreg: entered allmulticast mode
[   20.385854] pimreg: entered allmulticast mode
[   20.414597] pimreg: entered allmulticast mode
[   20.432574] pimreg: left allmulticast mode
[   20.432917] pimreg: left allmulticast mode
[   20.433251] pimreg: left allmulticast mode
[   20.433798] pimreg: left allmulticast mode
[   20.434127] pimreg: left allmulticast mode
[   20.434433] pimreg: left allmulticast mode
[   20.434717] pimreg: left allmulticast mode
[   20.445271] pimreg: entered allmulticast mode
[   20.466136] pimreg: entered allmulticast mode
[   20.494356] pimreg: entered allmulticast mode
[   20.522089] pimreg: entered allmulticast mode
[   20.542533] pimreg: entered allmulticast mode
[   20.561861] pimreg: entered allmulticast mode
[   20.582114] pimreg: entered allmulticast mode
[   20.609704] pimreg: entered allmulticast mode
[   20.626251] pimreg: left allmulticast mode
[   20.626591] pimreg: left allmulticast mode
[   20.626851] pimreg: left allmulticast mode
[   20.627100] pimreg: left allmulticast mode
[   20.627423] pimreg: left allmulticast mode
[   20.628819] pimreg: left allmulticast mode
[   20.629173] pimreg: left allmulticast mode
[   20.629871] pimreg: left allmulticast mode
[   20.642532] pimreg: entered allmulticast mode
[   20.670620] pimreg: entered allmulticast mode
[   20.703085] pimreg: entered allmulticast mode
[   20.730649] pimreg: entered allmulticast mode
[   20.745496] pimreg: entered allmulticast mode
[   20.766474] pimreg: entered allmulticast mode
[   20.786251] pimreg: entered allmulticast mode
[   20.806289] pimreg: entered allmulticast mode
[   20.822386] pimreg: left allmulticast mode
[   20.822730] pimreg: left allmulticast mode
[   20.823043] pimreg: left allmulticast mode
[   20.824090] pimreg: left allmulticast mode
[   20.824447] pimreg: left allmulticast mode
[   20.824750] pimreg: left allmulticast mode
[   20.825045] pimreg: left allmulticast mode
[   20.825367] pimreg: left allmulticast mode
[   20.838339] pimreg: entered allmulticast mode
[   20.859752] pimreg: entered allmulticast mode
[   20.881473] pimreg: entered allmulticast mode
[   20.902487] pimreg: entered allmulticast mode
[   20.929731] pimreg: entered allmulticast mode
[   20.957789] pimreg: entered allmulticast mode
[   20.985782] pimreg: entered allmulticast mode
[   21.014007] pimreg: entered allmulticast mode
[   21.038284] pimreg: left allmulticast mode
[   21.038606] pimreg: left allmulticast mode
[   21.038856] pimreg: left allmulticast mode
[   21.039177] pimreg: left allmulticast mode
[   21.039506] pimreg: left allmulticast mode
[   21.041115] pimreg: left allmulticast mode
[   21.041836] pimreg: left allmulticast mode
[   21.042170] pimreg: left allmulticast mode
[   21.055725] pimreg: entered allmulticast mode
[   21.075665] pimreg: entered allmulticast mode
[   21.100861] pimreg: entered allmulticast mode
[   21.130010] pimreg: entered allmulticast mode
[   21.169479] pimreg: entered allmulticast mode
[   21.194286] pimreg: entered allmulticast mode
[   21.223719] pimreg: entered allmulticast mode
[   21.238485] pimreg: entered allmulticast mode
[   21.250874] pimreg: left allmulticast mode
[   21.251406] pimreg: left allmulticast mode
[   21.251726] pimreg: left allmulticast mode
[   21.252033] pimreg: left allmulticast mode
[   21.252337] pimreg: left allmulticast mode
[   21.252629] pimreg: left allmulticast mode
[   21.252917] pimreg: left allmulticast mode
[   21.253211] pimreg: left allmulticast mode
[   21.267581] pimreg: entered allmulticast mode
[   21.286874] pimreg: entered allmulticast mode
[   21.317135] pimreg: entered allmulticast mode
[   21.339129] pimreg: entered allmulticast mode
[   21.358524] pimreg: entered allmulticast mode
[   21.378051] pimreg: entered allmulticast mode
[   21.398430] pimreg: entered allmulticast mode
[   21.418077] pimreg: entered allmulticast mode
[   21.442801] pimreg: left allmulticast mode
[   21.443159] pimreg: left allmulticast mode
[   21.443450] pimreg: left allmulticast mode
[   21.443748] pimreg: left allmulticast mode
[   21.444048] pimreg: left allmulticast mode
[   21.444477] pimreg: left allmulticast mode
[   21.444778] pimreg: left allmulticast mode
[   21.445068] pimreg: left allmulticast mode
[   21.458491] pimreg: entered allmulticast mode
[   21.481196] pimreg: entered allmulticast mode
[   21.501900] pimreg: entered allmulticast mode
[   21.521350] pimreg: entered allmulticast mode
[   21.550255] pimreg: entered allmulticast mode
[   21.578055] pimreg: entered allmulticast mode
[   21.602509] pimreg: entered allmulticast mode
[   21.625665] pimreg: entered allmulticast mode
[   21.653899] pimreg: entered allmulticast mode
[   21.675732] pimreg: left allmulticast mode
[   21.676044] pimreg: left allmulticast mode
[   21.676343] pimreg: left allmulticast mode
[   21.676654] pimreg: left allmulticast mode
[   21.676952] pimreg: left allmulticast mode
[   21.677368] pimreg: left allmulticast mode
[   21.677978] pimreg: left allmulticast mode
[   21.678309] pimreg: left allmulticast mode
[   21.678600] pimreg: left allmulticast mode
[   21.693401] pimreg: entered allmulticast mode
[   21.724086] pimreg: entered allmulticast mode
[   21.763526] pimreg: entered allmulticast mode
[   21.781660] pimreg: entered allmulticast mode
[   21.813593] pimreg: entered allmulticast mode
[   21.845782] pimreg: entered allmulticast mode
[   21.877865] pimreg: entered allmulticast mode
[   21.905992] pimreg: entered allmulticast mode
[   21.933657] pimreg: entered allmulticast mode
[   21.962732] pimreg: entered allmulticast mode
[   21.966520] pimreg: left allmulticast mode
[   21.966917] pimreg: left allmulticast mode
[   21.967257] pimreg: left allmulticast mode
[   21.967552] pimreg: left allmulticast mode
[   21.967844] pimreg: left allmulticast mode
[   21.968137] pimreg: left allmulticast mode
[   21.968440] pimreg: left allmulticast mode
[   21.968730] pimreg: left allmulticast mode
[   21.969038] pimreg: left allmulticast mode
[   21.985962] pimreg: entered allmulticast mode
[   22.012774] pimreg: entered allmulticast mode
[   22.022534] pimreg: entered allmulticast mode
[   22.043420] pimreg: entered allmulticast mode
[   22.066240] pimreg: entered allmulticast mode
[   22.089451] pimreg: entered allmulticast mode
[   22.119032] pimreg: entered allmulticast mode
[   22.134557] pimreg: entered allmulticast mode
[   22.154139] pimreg: entered allmulticast mode
[   22.181866] pimreg: entered allmulticast mode
[   22.187091] pimreg: left allmulticast mode
[   22.187445] pimreg: left allmulticast mode
[   22.187692] pimreg: left allmulticast mode
[   22.187989] pimreg: left allmulticast mode
[   22.188290] pimreg: left allmulticast mode
[   22.189887] pimreg: left allmulticast mode
[   22.190173] pimreg: left allmulticast mode
[   22.190439] pimreg: left allmulticast mode
[   22.190692] pimreg: left allmulticast mode
[   22.190937] pimreg: left allmulticast mode
[   22.193032] pimreg: left allmulticast mode
[   22.211036] pimreg: entered allmulticast mode
[   22.246280] pimreg: entered allmulticast mode
[   22.273632] pimreg: entered allmulticast mode
[   22.298551] pimreg: entered allmulticast mode
[   22.313723] pimreg: entered allmulticast mode
[   22.333536] pimreg: entered allmulticast mode
[   22.361526] pimreg: entered allmulticast mode
[   22.389668] pimreg: entered allmulticast mode
[   22.418966] pimreg: entered allmulticast mode
[   22.445925] pimreg: entered allmulticast mode
[   22.459752] pimreg: left allmulticast mode
[   22.460300] pimreg: left allmulticast mode
[   22.460591] pimreg: left allmulticast mode
[   22.460902] pimreg: left allmulticast mode
[   22.461218] pimreg: left allmulticast mode
[   22.461567] pimreg: left allmulticast mode
[   22.461872] pimreg: left allmulticast mode
[   22.462165] pimreg: left allmulticast mode
[   22.462469] pimreg: left allmulticast mode
[   22.462766] pimreg: left allmulticast mode
[   22.479191] pimreg: entered allmulticast mode
[   22.512402] pimreg: entered allmulticast mode
[   22.534736] pimreg: entered allmulticast mode
[   22.558244] pimreg: entered allmulticast mode
[   22.585686] pimreg: entered allmulticast mode
[   22.613629] pimreg: entered allmulticast mode
[   22.641793] pimreg: entered allmulticast mode
[   22.669657] pimreg: entered allmulticast mode
[   22.698361] pimreg: entered allmulticast mode
[   22.717828] pimreg: entered allmulticast mode
[   22.730566] pimreg: left allmulticast mode
[   22.730882] pimreg: left allmulticast mode
[   22.731381] pimreg: left allmulticast mode
[   22.731656] pimreg: left allmulticast mode
[   22.731948] pimreg: left allmulticast mode
[   22.732250] pimreg: left allmulticast mode
[   22.732551] pimreg: left allmulticast mode
[   22.732843] pimreg: left allmulticast mode
[   22.733126] pimreg: left allmulticast mode
[   22.733442] pimreg: left allmulticast mode
[   22.749148] pimreg: entered allmulticast mode
[   22.772007] pimreg: entered allmulticast mode
[   22.800091] pimreg: entered allmulticast mode
[   22.817575] pimreg: entered allmulticast mode
[   22.845334] pimreg: entered allmulticast mode
[   22.873778] pimreg: entered allmulticast mode
[   22.897536] pimreg: entered allmulticast mode
[   22.925601] pimreg: entered allmulticast mode
[   22.949849] pimreg: entered allmulticast mode
[   22.974406] pimreg: entered allmulticast mode
[   22.994386] pimreg: left allmulticast mode
[   22.994971] pimreg: left allmulticast mode
[   22.995372] pimreg: left allmulticast mode
[   22.995638] pimreg: left allmulticast mode
[   22.995911] pimreg: left allmulticast mode
[   22.996169] pimreg: left allmulticast mode
[   22.996475] pimreg: left allmulticast mode
[   22.996777] pimreg: left allmulticast mode
[   22.997082] pimreg: left allmulticast mode
[   22.997475] pimreg: left allmulticast mode
[   23.012782] pimreg: entered allmulticast mode
[   23.033720] pimreg: entered allmulticast mode
[   23.050106] pimreg: entered allmulticast mode
[   23.074143] pimreg: entered allmulticast mode
[   23.093808] pimreg: entered allmulticast mode
[   23.113719] pimreg: entered allmulticast mode
[   23.133812] pimreg: entered allmulticast mode
[   23.154174] pimreg: entered allmulticast mode
[   23.174116] pimreg: entered allmulticast mode
[   23.194399] pimreg: entered allmulticast mode
[   23.194772] pimreg: left allmulticast mode
[   23.195095] pimreg: left allmulticast mode
[   23.195352] pimreg: left allmulticast mode
[   23.195678] pimreg: left allmulticast mode
[   23.195933] pimreg: left allmulticast mode
[   23.196188] pimreg: left allmulticast mode
[   23.196489] pimreg: left allmulticast mode
[   23.196802] pimreg: left allmulticast mode
[   23.197399] pimreg: left allmulticast mode
[   23.212631] pimreg: entered allmulticast mode
[   23.244045] pimreg: entered allmulticast mode
[   23.267036] pimreg: entered allmulticast mode
[   23.298390] pimreg: entered allmulticast mode
[   23.321644] pimreg: entered allmulticast mode
[   23.345776] pimreg: entered allmulticast mode
[   23.373367] pimreg: entered allmulticast mode
[   23.401587] pimreg: entered allmulticast mode
[   23.430165] pimreg: entered allmulticast mode
[   23.450351] pimreg: left allmulticast mode
[   23.450682] pimreg: left allmulticast mode
[   23.450935] pimreg: left allmulticast mode
[   23.451201] pimreg: left allmulticast mode
[   23.451457] pimreg: left allmulticast mode
[   23.452811] pimreg: left allmulticast mode
[   23.453608] pimreg: left allmulticast mode
[   23.453944] pimreg: left allmulticast mode
[   23.454261] pimreg: left allmulticast mode
[   23.454580] pimreg: left allmulticast mode
[   23.469817] pimreg: entered allmulticast mode
[   23.498404] pimreg: entered allmulticast mode
[   23.525655] pimreg: entered allmulticast mode
[   23.553912] pimreg: entered allmulticast mode
[   23.567206] pimreg: entered allmulticast mode
[   23.598248] pimreg: entered allmulticast mode
[   23.629493] pimreg: entered allmulticast mode
[   23.661724] pimreg: entered allmulticast mode
[   23.693385] pimreg: entered allmulticast mode
[   23.709959] pimreg: entered allmulticast mode
[   23.714619] pimreg: left allmulticast mode
[   23.714964] pimreg: left allmulticast mode
[   23.715315] pimreg: left allmulticast mode
[   23.715610] pimreg: left allmulticast mode
[   23.715918] pimreg: left allmulticast mode
[   23.716226] pimreg: left allmulticast mode
[   23.716522] pimreg: left allmulticast mode
[   23.716811] pimreg: left allmulticast mode
[   23.717112] pimreg: left allmulticast mode
[   23.732542] pimreg: entered allmulticast mode
[   23.755239] pimreg: entered allmulticast mode
[   23.790284] pimreg: entered allmulticast mode
[   23.813541] pimreg: entered allmulticast mode
[   23.834458] pimreg: entered allmulticast mode
[   23.857586] pimreg: entered allmulticast mode
[   23.885558] pimreg: entered allmulticast mode
[   23.914439] pimreg: entered allmulticast mode
[   23.943312] pimreg: left allmulticast mode
[   23.943635] pimreg: left allmulticast mode
[   23.943886] pimreg: left allmulticast mode
[   23.944155] pimreg: left allmulticast mode
[   23.944412] pimreg: left allmulticast mode
[   23.944852] pimreg: left allmulticast mode
[   23.945186] pimreg: left allmulticast mode
[   23.945880] pimreg: left allmulticast mode
[   23.946218] pimreg: left allmulticast mode
[   23.959978] pimreg: entered allmulticast mode
[   23.996682] pimreg: entered allmulticast mode
[   24.029187] pimreg: entered allmulticast mode
[   24.054227] pimreg: entered allmulticast mode
[   24.073825] pimreg: entered allmulticast mode
[   24.085903] pimreg: entered allmulticast mode
[   24.118155] pimreg: entered allmulticast mode
[   24.145631] pimreg: entered allmulticast mode
[   24.174171] pimreg: entered allmulticast mode
[   24.178600] pimreg: left allmulticast mode
[   24.178959] pimreg: left allmulticast mode
[   24.179306] pimreg: left allmulticast mode
[   24.179608] pimreg: left allmulticast mode
[   24.179903] pimreg: left allmulticast mode
[   24.180199] pimreg: left allmulticast mode
[   24.180494] pimreg: left allmulticast mode
[   24.180789] pimreg: left allmulticast mode
[   24.194290] pimreg: entered allmulticast mode
[   24.226175] pimreg: entered allmulticast mode
[   24.252268] pimreg: entered allmulticast mode
[   24.270675] pimreg: entered allmulticast mode
[   24.286242] pimreg: entered allmulticast mode
[   24.305338] pimreg: entered allmulticast mode
[   24.337965] pimreg: entered allmulticast mode
[   24.365834] pimreg: entered allmulticast mode
[   24.393803] pimreg: entered allmulticast mode
[   24.398971] pimreg: left allmulticast mode
[   24.399277] pimreg: left allmulticast mode
[   24.399525] pimreg: left allmulticast mode
[   24.399822] pimreg: left allmulticast mode
[   24.400123] pimreg: left allmulticast mode
[   24.400427] pimreg: left allmulticast mode
[   24.400712] pimreg: left allmulticast mode
[   24.401000] pimreg: left allmulticast mode
[   24.401294] pimreg: left allmulticast mode
[   24.401619] pimreg: left allmulticast mode
[   24.418521] pimreg: entered allmulticast mode
[   24.440030] pimreg: entered allmulticast mode
[   24.459675] pimreg: entered allmulticast mode
[   24.482096] pimreg: entered allmulticast mode
[   24.506123] pimreg: entered allmulticast mode
[   24.533926] pimreg: entered allmulticast mode
[   24.554069] pimreg: entered allmulticast mode
[   24.573935] pimreg: entered allmulticast mode
[   24.594902] pimreg: entered allmulticast mode
[   24.614905] pimreg: left allmulticast mode
[   24.615360] pimreg: left allmulticast mode
[   24.615629] pimreg: left allmulticast mode
[   24.615890] pimreg: left allmulticast mode
[   24.616160] pimreg: left allmulticast mode
[   24.616471] pimreg: left allmulticast mode
[   24.616768] pimreg: left allmulticast mode
[   24.617058] pimreg: left allmulticast mode
[   24.617359] pimreg: left allmulticast mode
[   24.631695] pimreg: entered allmulticast mode
[   24.654549] pimreg: entered allmulticast mode
[   24.668694] pimreg: entered allmulticast mode
[   24.694815] pimreg: entered allmulticast mode
[   24.717806] pimreg: entered allmulticast mode
[   24.738366] pimreg: entered allmulticast mode
[   24.757688] pimreg: entered allmulticast mode
[   24.778309] pimreg: entered allmulticast mode
[   24.797300] pimreg: entered allmulticast mode
[   24.810775] pimreg: left allmulticast mode
[   24.811146] pimreg: left allmulticast mode
[   24.811426] pimreg: left allmulticast mode
[   24.811752] pimreg: left allmulticast mode
[   24.812051] pimreg: left allmulticast mode
[   24.812362] pimreg: left allmulticast mode
[   24.812658] pimreg: left allmulticast mode
[   24.812945] pimreg: left allmulticast mode
[   24.813254] pimreg: left allmulticast mode
[   24.829059] pimreg: entered allmulticast mode
[   24.859302] pimreg: entered allmulticast mode
[   24.889499] pimreg: entered allmulticast mode
[   24.914277] pimreg: entered allmulticast mode
[   24.929028] pimreg: entered allmulticast mode
[   24.965053] pimreg: entered allmulticast mode
[   24.997729] pimreg: entered allmulticast mode
[   25.025639] pimreg: entered allmulticast mode
[   25.057668] pimreg: entered allmulticast mode
[   25.075455] pimreg: left allmulticast mode
[   25.075812] pimreg: left allmulticast mode
[   25.076104] pimreg: left allmulticast mode
[   25.076376] pimreg: left allmulticast mode
[   25.076627] pimreg: left allmulticast mode
[   25.076927] pimreg: left allmulticast mode
[   25.077248] pimreg: left allmulticast mode
[   25.077574] pimreg: left allmulticast mode
[   25.077883] pimreg: left allmulticast mode
[   25.093237] pimreg: entered allmulticast mode
[   25.126888] pimreg: entered allmulticast mode
[   25.138910] pimreg: entered allmulticast mode
[   25.162518] pimreg: entered allmulticast mode
[   25.173495] pimreg: entered allmulticast mode
[   25.197842] pimreg: entered allmulticast mode
[   25.217313] pimreg: entered allmulticast mode
[   25.242193] pimreg: entered allmulticast mode
[   25.247452] pimreg: left allmulticast mode
[   25.247810] pimreg: left allmulticast mode
[   25.248153] pimreg: left allmulticast mode
[   25.248465] pimreg: left allmulticast mode
[   25.248770] pimreg: left allmulticast mode
[   25.249072] pimreg: left allmulticast mode
[   25.249374] pimreg: left allmulticast mode
[   25.265985] pimreg: entered allmulticast mode
[   25.296765] pimreg: entered allmulticast mode
[   25.317071] pimreg: entered allmulticast mode
[   25.342021] pimreg: entered allmulticast mode
[   25.362453] pimreg: entered allmulticast mode
[   25.390241] pimreg: entered allmulticast mode
[   25.409509] pimreg: entered allmulticast mode
[   25.429938] pimreg: entered allmulticast mode
[   25.430314] pimreg: left allmulticast mode
[   25.430628] pimreg: left allmulticast mode
[   25.430888] pimreg: left allmulticast mode
[   25.431167] pimreg: left allmulticast mode
[   25.431420] pimreg: left allmulticast mode
[   25.431671] pimreg: left allmulticast mode
[   25.431972] pimreg: left allmulticast mode
[   25.432281] pimreg: left allmulticast mode
[   25.447312] pimreg: entered allmulticast mode
[   25.483670] pimreg: entered allmulticast mode
[   25.514798] pimreg: entered allmulticast mode
[   25.541807] pimreg: entered allmulticast mode
[   25.573604] pimreg: entered allmulticast mode
[   25.601388] pimreg: entered allmulticast mode
[   25.626133] pimreg: entered allmulticast mode
[   25.653856] pimreg: entered allmulticast mode
[   25.685725] pimreg: entered allmulticast mode
[   25.690322] pimreg: left allmulticast mode
[   25.690915] pimreg: left allmulticast mode
[   25.691201] pimreg: left allmulticast mode
[   25.691466] pimreg: left allmulticast mode
[   25.691725] pimreg: left allmulticast mode
[   25.692041] pimreg: left allmulticast mode
[   25.692348] pimreg: left allmulticast mode
[   25.692650] pimreg: left allmulticast mode
[   25.692944] pimreg: left allmulticast mode
[   25.709749] pimreg: entered allmulticast mode
[   25.740700] pimreg: entered allmulticast mode
[   25.769445] pimreg: entered allmulticast mode
[   25.782467] pimreg: entered allmulticast mode
[   25.807042] pimreg: entered allmulticast mode
[   25.818601] pimreg: left allmulticast mode
[   25.819163] pimreg: left allmulticast mode
[   25.819440] pimreg: left allmulticast mode
[   25.819692] pimreg: left allmulticast mode
[   25.820003] pimreg: left allmulticast mode
[   25.820312] pimreg: left allmulticast mode
[   25.831811] pimreg: entered allmulticast mode
[   25.849927] pimreg: entered allmulticast mode
[   25.880550] pimreg: entered allmulticast mode
[   25.913951] pimreg: entered allmulticast mode
[   25.953681] pimreg: entered allmulticast mode
[   25.981730] pimreg: entered allmulticast mode
[   26.010029] pimreg: entered allmulticast mode
[   26.031029] pimreg: left allmulticast mode
[   26.031343] pimreg: left allmulticast mode
[   26.031611] pimreg: left allmulticast mode
[   26.031922] pimreg: left allmulticast mode
[   26.032241] pimreg: left allmulticast mode
[   26.032668] pimreg: left allmulticast mode
[   26.032984] pimreg: left allmulticast mode
[   26.046063] pimreg: entered allmulticast mode
[   26.070127] pimreg: entered allmulticast mode
[   26.104771] pimreg: entered allmulticast mode
[   26.129987] pimreg: entered allmulticast mode
[   26.157885] pimreg: entered allmulticast mode
[   26.198172] pimreg: entered allmulticast mode
[   26.221754] pimreg: entered allmulticast mode
[   26.249776] pimreg: entered allmulticast mode
[   26.266901] pimreg: left allmulticast mode
[   26.267251] pimreg: left allmulticast mode
[   26.267669] pimreg: left allmulticast mode
[   26.267938] pimreg: left allmulticast mode
[   26.268197] pimreg: left allmulticast mode
[   26.268578] pimreg: left allmulticast mode
[   26.268853] pimreg: left allmulticast mode
[   26.269169] pimreg: left allmulticast mode
[   26.282193] pimreg: entered allmulticast mode
[   26.310404] pimreg: entered allmulticast mode
[   26.331513] pimreg: entered allmulticast mode
[   26.354665] pimreg: entered allmulticast mode
[   26.377973] pimreg: entered allmulticast mode
[   26.402047] pimreg: entered allmulticast mode
[   26.421602] pimreg: entered allmulticast mode
[   26.441687] pimreg: entered allmulticast mode
[   26.466269] pimreg: left allmulticast mode
[   26.466631] pimreg: left allmulticast mode
[   26.466950] pimreg: left allmulticast mode
[   26.467286] pimreg: left allmulticast mode
[   26.467596] pimreg: left allmulticast mode
[   26.469291] pimreg: left allmulticast mode
[   26.469670] pimreg: left allmulticast mode
[   26.469990] pimreg: left allmulticast mode
[   26.483073] pimreg: entered allmulticast mode
[   26.509593] pimreg: entered allmulticast mode
[   26.535713] pimreg: entered allmulticast mode
[   26.554919] pimreg: entered allmulticast mode
[   26.578235] pimreg: entered allmulticast mode
[   26.598306] pimreg: entered allmulticast mode
[   26.617928] pimreg: entered allmulticast mode
[   26.646068] pimreg: entered allmulticast mode
[   26.659258] pimreg: left allmulticast mode
[   26.659725] pimreg: left allmulticast mode
[   26.660020] pimreg: left allmulticast mode
[   26.660297] pimreg: left allmulticast mode
[   26.660545] pimreg: left allmulticast mode
[   26.660794] pimreg: left allmulticast mode
[   26.661051] pimreg: left allmulticast mode
[   26.661350] pimreg: left allmulticast mode
[   26.675480] pimreg: entered allmulticast mode
[   26.703562] pimreg: entered allmulticast mode
[   26.724481] pimreg: entered allmulticast mode
[   26.746511] pimreg: entered allmulticast mode
[   26.761930] pimreg: entered allmulticast mode
[   26.785731] pimreg: entered allmulticast mode
[   26.817911] pimreg: entered allmulticast mode
[   26.846297] pimreg: entered allmulticast mode
[   26.866829] pimreg: left allmulticast mode
[   26.867175] pimreg: left allmulticast mode
[   26.867442] pimreg: left allmulticast mode
[   26.867703] pimreg: left allmulticast mode
[   26.867960] pimreg: left allmulticast mode
[   26.868273] pimreg: left allmulticast mode
[   26.868581] pimreg: left allmulticast mode
[   26.868872] pimreg: left allmulticast mode
[   26.882241] pimreg: entered allmulticast mode
[   26.903282] pimreg: entered allmulticast mode
[   26.946886] pimreg: entered allmulticast mode
[   26.978244] pimreg: entered allmulticast mode
[   27.009377] pimreg: entered allmulticast mode
[   27.041888] pimreg: entered allmulticast mode
[   27.069482] pimreg: entered allmulticast mode
[   27.101574] pimreg: entered allmulticast mode
[   27.130441] pimreg: left allmulticast mode
[   27.130835] pimreg: left allmulticast mode
[   27.131161] pimreg: left allmulticast mode
[   27.131477] pimreg: left allmulticast mode
[   27.131799] pimreg: left allmulticast mode
[   27.132129] pimreg: left allmulticast mode
[   27.132432] pimreg: left allmulticast mode
[   27.132735] pimreg: left allmulticast mode
[   27.145321] pimreg: entered allmulticast mode
[   27.166375] pimreg: entered allmulticast mode
[   27.194562] pimreg: entered allmulticast mode
[   27.222332] pimreg: entered allmulticast mode
[   27.241881] pimreg: entered allmulticast mode
[   27.258412] pimreg: entered allmulticast mode
[   27.282283] pimreg: entered allmulticast mode
[   27.301845] pimreg: entered allmulticast mode
[   27.322138] pimreg: entered allmulticast mode
[   27.322501] pimreg: left allmulticast mode
[   27.322866] pimreg: left allmulticast mode
[   27.323200] pimreg: left allmulticast mode
[   27.323501] pimreg: left allmulticast mode
[   27.323802] pimreg: left allmulticast mode
[   27.324115] pimreg: left allmulticast mode
[   27.324414] pimreg: left allmulticast mode
[   27.324703] pimreg: left allmulticast mode
[   27.343143] pimreg: entered allmulticast mode
[   27.367255] pimreg: entered allmulticast mode
[   27.389529] pimreg: entered allmulticast mode
[   27.410724] pimreg: entered allmulticast mode
[   27.430252] pimreg: entered allmulticast mode
[   27.449742] pimreg: entered allmulticast mode
[   27.470058] pimreg: entered allmulticast mode
[   27.494553] pimreg: entered allmulticast mode
[   27.510280] pimreg: left allmulticast mode
[   27.511107] pimreg: left allmulticast mode
[   27.511509] pimreg: left allmulticast mode
[   27.511804] pimreg: left allmulticast mode
[   27.512087] pimreg: left allmulticast mode
[   27.512364] pimreg: left allmulticast mode
[   27.512675] pimreg: left allmulticast mode
[   27.512997] pimreg: left allmulticast mode
[   27.513322] pimreg: left allmulticast mode
[   27.527182] pimreg: entered allmulticast mode
[   27.548338] pimreg: entered allmulticast mode
[   27.579501] pimreg: entered allmulticast mode
[   27.597932] pimreg: entered allmulticast mode
[   27.618024] pimreg: entered allmulticast mode
[   27.637463] pimreg: entered allmulticast mode
[   27.661930] pimreg: entered allmulticast mode
[   27.681792] pimreg: entered allmulticast mode
[   27.702462] pimreg: entered allmulticast mode
[   27.703505] pimreg: left allmulticast mode
[   27.703860] pimreg: left allmulticast mode
[   27.704141] pimreg: left allmulticast mode
[   27.704393] pimreg: left allmulticast mode
[   27.704694] pimreg: left allmulticast mode
[   27.705005] pimreg: left allmulticast mode
[   27.705301] pimreg: left allmulticast mode
[   27.705677] pimreg: left allmulticast mode
[   27.719941] pimreg: entered allmulticast mode
[   27.747095] pimreg: entered allmulticast mode
[   27.761081] pimreg: entered allmulticast mode
[   27.793675] pimreg: entered allmulticast mode
[   27.826247] pimreg: entered allmulticast mode
[   27.853597] pimreg: entered allmulticast mode
[   27.885678] pimreg: entered allmulticast mode
[   27.913824] pimreg: entered allmulticast mode
[   27.942281] pimreg: left allmulticast mode
[   27.942630] pimreg: left allmulticast mode
[   27.942962] pimreg: left allmulticast mode
[   27.943297] pimreg: left allmulticast mode
[   27.943638] pimreg: left allmulticast mode
[   27.944073] pimreg: left allmulticast mode
[   27.944775] pimreg: left allmulticast mode
[   27.945119] pimreg: left allmulticast mode
[   27.945847] pimreg: left allmulticast mode
[   27.960181] pimreg: entered allmulticast mode
[   27.987391] pimreg: entered allmulticast mode
[   28.005580] pimreg: entered allmulticast mode
[   28.030131] pimreg: entered allmulticast mode
[   28.042049] pimreg: entered allmulticast mode
[   28.066367] pimreg: entered allmulticast mode
[   28.089497] pimreg: entered allmulticast mode
[   28.111375] pimreg: entered allmulticast mode
[   28.119726] pimreg: left allmulticast mode
[   28.120082] pimreg: left allmulticast mode
[   28.120333] pimreg: left allmulticast mode
[   28.120654] pimreg: left allmulticast mode
[   28.120959] pimreg: left allmulticast mode
[   28.121934] pimreg: left allmulticast mode
[   28.122263] pimreg: left allmulticast mode
[   28.122559] pimreg: left allmulticast mode
[   28.135715] pimreg: entered allmulticast mode
[   28.155248] pimreg: entered allmulticast mode
[   28.182693] pimreg: entered allmulticast mode
[   28.202486] pimreg: entered allmulticast mode
[   28.222595] pimreg: entered allmulticast mode
[   28.242136] pimreg: entered allmulticast mode
[   28.262123] pimreg: entered allmulticast mode
[   28.282552] pimreg: entered allmulticast mode
[   28.298801] pimreg: left allmulticast mode
[   28.299100] pimreg: left allmulticast mode
[   28.299397] pimreg: left allmulticast mode
[   28.299703] pimreg: left allmulticast mode
[   28.300012] pimreg: left allmulticast mode
[   28.300313] pimreg: left allmulticast mode
[   28.300604] pimreg: left allmulticast mode
[   28.300901] pimreg: left allmulticast mode
[   28.313493] pimreg: entered allmulticast mode
[   28.335526] pimreg: entered allmulticast mode
[   28.350198] pimreg: entered allmulticast mode
[   28.378596] pimreg: entered allmulticast mode
[   28.394125] pimreg: entered allmulticast mode
[   28.414441] pimreg: entered allmulticast mode
[   28.434104] pimreg: entered allmulticast mode
[   28.454390] pimreg: entered allmulticast mode
[   28.482053] pimreg: entered allmulticast mode
[   28.482661] pimreg: left allmulticast mode
[   28.483089] pimreg: left allmulticast mode
[   28.483437] pimreg: left allmulticast mode
[   28.483735] pimreg: left allmulticast mode
[   28.484038] pimreg: left allmulticast mode
[   28.484395] pimreg: left allmulticast mode
[   28.484695] pimreg: left allmulticast mode
[   28.484990] pimreg: left allmulticast mode
[   28.500161] pimreg: entered allmulticast mode
[   28.534615] pimreg: entered allmulticast mode
[   28.556811] pimreg: entered allmulticast mode
[   28.582504] pimreg: entered allmulticast mode
[   28.597827] pimreg: entered allmulticast mode
[   28.617675] pimreg: entered allmulticast mode
[   28.641710] pimreg: entered allmulticast mode
[   28.674247] pimreg: entered allmulticast mode
[   28.678595] pimreg: left allmulticast mode
[   28.678943] pimreg: left allmulticast mode
[   28.679213] pimreg: left allmulticast mode
[   28.679457] pimreg: left allmulticast mode
[   28.679755] pimreg: left allmulticast mode
[   28.680446] pimreg: left allmulticast mode
[   28.680806] pimreg: left allmulticast mode
[   28.681133] pimreg: left allmulticast mode
[   28.682047] pimreg: left allmulticast mode
[   28.696026] pimreg: entered allmulticast mode
[   28.716609] pimreg: entered allmulticast mode
[   28.738715] pimreg: entered allmulticast mode
[   28.754216] pimreg: entered allmulticast mode
[   28.778536] pimreg: entered allmulticast mode
[   28.802121] pimreg: entered allmulticast mode
[   28.826146] pimreg: entered allmulticast mode
[   28.842960] pimreg: left allmulticast mode
[   28.843305] pimreg: left allmulticast mode
[   28.843617] pimreg: left allmulticast mode
[   28.843919] pimreg: left allmulticast mode
[   28.844218] pimreg: left allmulticast mode
[   28.844522] pimreg: left allmulticast mode
[   28.844818] pimreg: left allmulticast mode
[   28.856643] pimreg: entered allmulticast mode
[   28.886212] pimreg: entered allmulticast mode
[   28.912878] pimreg: entered allmulticast mode
[   28.937517] pimreg: entered allmulticast mode
[   28.969522] pimreg: entered allmulticast mode
[   29.001859] pimreg: entered allmulticast mode
[   29.034366] pimreg: entered allmulticast mode
[   29.057497] pimreg: entered allmulticast mode
[   29.070402] pimreg: left allmulticast mode
[   29.070746] pimreg: left allmulticast mode
[   29.071010] pimreg: left allmulticast mode
[   29.071256] pimreg: left allmulticast mode
[   29.071561] pimreg: left allmulticast mode
[   29.071873] pimreg: left allmulticast mode
[   29.072188] pimreg: left allmulticast mode
[   29.073040] pimreg: left allmulticast mode
[   29.087069] pimreg: entered allmulticast mode
[   29.102647] pimreg: entered allmulticast mode
[   29.117253] pimreg: entered allmulticast mode
[   29.141952] pimreg: entered allmulticast mode
[   29.169567] pimreg: entered allmulticast mode
[   29.194834] pimreg: left allmulticast mode
[   29.195138] pimreg: left allmulticast mode
[   29.195386] pimreg: left allmulticast mode
[   29.195696] pimreg: left allmulticast mode
[   29.196009] pimreg: left allmulticast mode
[   29.206300] pimreg: entered allmulticast mode
[   29.234103] pimreg: entered allmulticast mode
[   29.257368] pimreg: entered allmulticast mode
[   29.270498] pimreg: entered allmulticast mode
[   29.294435] pimreg: entered allmulticast mode
[   29.317904] pimreg: entered allmulticast mode
[   29.322746] pimreg: left allmulticast mode
[   29.323140] pimreg: left allmulticast mode
[   29.323593] pimreg: left allmulticast mode
[   29.324749] pimreg: left allmulticast mode
[   29.326098] pimreg: left allmulticast mode
[   29.326547] pimreg: left allmulticast mode
[   29.338299] pimreg: entered allmulticast mode
[   29.357875] pimreg: entered allmulticast mode
[   29.387757] pimreg: entered allmulticast mode
[   29.409556] pimreg: entered allmulticast mode
[   29.437846] pimreg: entered allmulticast mode
[   29.465385] pimreg: entered allmulticast mode
[   29.494065] pimreg: entered allmulticast mode
[   29.518024] pimreg: left allmulticast mode
[   29.518359] pimreg: left allmulticast mode
[   29.518630] pimreg: left allmulticast mode
[   29.518880] pimreg: left allmulticast mode
[   29.519192] pimreg: left allmulticast mode
[   29.519797] pimreg: left allmulticast mode
[   29.520288] pimreg: left allmulticast mode
[   29.531838] pimreg: entered allmulticast mode
[   29.550939] pimreg: entered allmulticast mode
[   29.572316] pimreg: entered allmulticast mode
[   29.594802] pimreg: entered allmulticast mode
[   29.621794] pimreg: entered allmulticast mode
[   29.654150] pimreg: entered allmulticast mode
[   29.685719] pimreg: entered allmulticast mode
[   29.717994] pimreg: entered allmulticast mode
[   29.735311] pimreg: left allmulticast mode
[   29.735663] pimreg: left allmulticast mode
[   29.736024] pimreg: left allmulticast mode
[   29.736332] pimreg: left allmulticast mode
[   29.736630] pimreg: left allmulticast mode
[   29.736934] pimreg: left allmulticast mode
[   29.737256] pimreg: left allmulticast mode
[   29.737586] pimreg: left allmulticast mode
[   29.751814] pimreg: entered allmulticast mode
[   29.771112] pimreg: entered allmulticast mode
[   29.795248] pimreg: entered allmulticast mode
[   29.818336] pimreg: entered allmulticast mode
[   29.850022] pimreg: entered allmulticast mode
[   29.881662] pimreg: entered allmulticast mode
[   29.909659] pimreg: entered allmulticast mode
[   29.942077] pimreg: entered allmulticast mode
[   29.970499] pimreg: left allmulticast mode
[   29.970832] pimreg: left allmulticast mode
[   29.971106] pimreg: left allmulticast mode
[   29.971355] pimreg: left allmulticast mode
[   29.971619] pimreg: left allmulticast mode
[   29.973191] pimreg: left allmulticast mode
[   29.973536] pimreg: left allmulticast mode
[   29.973797] pimreg: left allmulticast mode
[   29.986611] pimreg: entered allmulticast mode
[   30.006998] pimreg: entered allmulticast mode
[   30.036272] pimreg: entered allmulticast mode
[   30.047229] pimreg: entered allmulticast mode
[   30.070310] pimreg: entered allmulticast mode
[   30.094358] pimreg: entered allmulticast mode
[   30.118782] pimreg: entered allmulticast mode
[   30.136101] pimreg: entered allmulticast mode
[   30.143322] pimreg: left allmulticast mode
[   30.143636] pimreg: left allmulticast mode
[   30.143914] pimreg: left allmulticast mode
[   30.144161] pimreg: left allmulticast mode
[   30.144454] pimreg: left allmulticast mode
[   30.144754] pimreg: left allmulticast mode
[   30.145054] pimreg: left allmulticast mode
[   30.145365] pimreg: left allmulticast mode
[   30.158907] pimreg: entered allmulticast mode
[   30.190443] pimreg: entered allmulticast mode
[   30.203700] pimreg: entered allmulticast mode
[   30.221678] pimreg: entered allmulticast mode
[   30.254193] pimreg: entered allmulticast mode
[   30.285740] pimreg: entered allmulticast mode
[   30.317592] pimreg: entered allmulticast mode
[   30.345119] pimreg: entered allmulticast mode
[   30.377496] pimreg: entered allmulticast mode
[   30.382528] pimreg: left allmulticast mode
[   30.382869] pimreg: left allmulticast mode
[   30.383186] pimreg: left allmulticast mode
[   30.383488] pimreg: left allmulticast mode
[   30.383789] pimreg: left allmulticast mode
[   30.384097] pimreg: left allmulticast mode
[   30.384402] pimreg: left allmulticast mode
[   30.384698] pimreg: left allmulticast mode
[   30.400976] pimreg: entered allmulticast mode
[   30.430274] pimreg: entered allmulticast mode
[   30.462142] pimreg: entered allmulticast mode
[   30.490860] pimreg: entered allmulticast mode
[   30.506144] pimreg: entered allmulticast mode
[   30.526436] pimreg: entered allmulticast mode
[   30.546143] pimreg: entered allmulticast mode
[   30.566501] pimreg: entered allmulticast mode
[   30.582267] pimreg: left allmulticast mode
[   30.582611] pimreg: left allmulticast mode
[   30.582881] pimreg: left allmulticast mode
[   30.583142] pimreg: left allmulticast mode
[   30.583390] pimreg: left allmulticast mode
[   30.584444] pimreg: left allmulticast mode
[   30.584746] pimreg: left allmulticast mode
[   30.585017] pimreg: left allmulticast mode
[   30.585321] pimreg: left allmulticast mode
[   30.599520] pimreg: entered allmulticast mode
[   30.619249] pimreg: entered allmulticast mode
[   30.642658] pimreg: entered allmulticast mode
[   30.670147] pimreg: entered allmulticast mode
[   30.697914] pimreg: entered allmulticast mode
[   30.725566] pimreg: entered allmulticast mode
[   30.753565] pimreg: entered allmulticast mode
[   30.781855] pimreg: entered allmulticast mode
[   30.809847] pimreg: entered allmulticast mode
[   30.823576] pimreg: left allmulticast mode
[   30.824258] pimreg: left allmulticast mode
[   30.824543] pimreg: left allmulticast mode
[   30.824803] pimreg: left allmulticast mode
[   30.825126] pimreg: left allmulticast mode
[   30.825453] pimreg: left allmulticast mode
[   30.825760] pimreg: left allmulticast mode
[   30.826068] pimreg: left allmulticast mode
[   30.826369] pimreg: left allmulticast mode
[   30.840794] pimreg: entered allmulticast mode
[   30.868900] pimreg: entered allmulticast mode
[   30.892302] pimreg: entered allmulticast mode
[   30.910818] pimreg: entered allmulticast mode
[   30.941722] pimreg: entered allmulticast mode
[   30.978332] pimreg: entered allmulticast mode
[   31.006503] pimreg: left allmulticast mode
[   31.006964] pimreg: left allmulticast mode
[   31.007285] pimreg: left allmulticast mode
[   31.007601] pimreg: left allmulticast mode
[   31.008066] pimreg: left allmulticast mode
[   31.008370] pimreg: left allmulticast mode
[   31.018913] pimreg: entered allmulticast mode
[   31.036353] pimreg: entered allmulticast mode
[   31.046541] pimreg: entered allmulticast mode
[   31.058733] pimreg: entered allmulticast mode
[   31.082339] pimreg: entered allmulticast mode
[   31.105923] pimreg: entered allmulticast mode
[   31.129929] pimreg: entered allmulticast mode
[   31.149871] pimreg: entered allmulticast mode
[   31.162523] pimreg: left allmulticast mode
[   31.162858] pimreg: left allmulticast mode
[   31.163123] pimreg: left allmulticast mode
[   31.163382] pimreg: left allmulticast mode
[   31.163628] pimreg: left allmulticast mode
[   31.163948] pimreg: left allmulticast mode
[   31.164250] pimreg: left allmulticast mode
[   31.164541] pimreg: left allmulticast mode
[   31.178653] pimreg: entered allmulticast mode
[   31.207843] pimreg: entered allmulticast mode
[   31.240226] pimreg: entered allmulticast mode
[   31.254429] pimreg: entered allmulticast mode
[   31.277587] pimreg: entered allmulticast mode
[   31.305478] pimreg: entered allmulticast mode
[   31.322615] pimreg: left allmulticast mode
[   31.322980] pimreg: left allmulticast mode
[   31.323243] pimreg: left allmulticast mode
[   31.324196] pimreg: left allmulticast mode
[   31.324531] pimreg: left allmulticast mode
[   31.324878] pimreg: left allmulticast mode
[   31.335714] pimreg: entered allmulticast mode
[   31.361083] pimreg: entered allmulticast mode
[   31.386864] pimreg: entered allmulticast mode
[   31.410251] pimreg: entered allmulticast mode
[   31.426195] pimreg: entered allmulticast mode
[   31.451156] pimreg: entered allmulticast mode
[   31.466107] pimreg: entered allmulticast mode
[   31.482050] pimreg: left allmulticast mode
[   31.482385] pimreg: left allmulticast mode
[   31.482691] pimreg: left allmulticast mode
[   31.483029] pimreg: left allmulticast mode
[   31.483349] pimreg: left allmulticast mode
[   31.484731] pimreg: left allmulticast mode
[   31.485094] pimreg: left allmulticast mode
[   31.496838] pimreg: entered allmulticast mode
[   31.519333] pimreg: entered allmulticast mode
[   31.531175] pimreg: entered allmulticast mode
[   31.549651] pimreg: entered allmulticast mode
[   31.574140] pimreg: entered allmulticast mode
[   31.594482] pimreg: entered allmulticast mode
[   31.609876] pimreg: entered allmulticast mode
[   31.630045] pimreg: entered allmulticast mode
[   31.650312] pimreg: left allmulticast mode
[   31.650658] pimreg: left allmulticast mode
[   31.650930] pimreg: left allmulticast mode
[   31.651226] pimreg: left allmulticast mode
[   31.651530] pimreg: left allmulticast mode
[   31.653015] pimreg: left allmulticast mode
[   31.653512] pimreg: left allmulticast mode
[   31.653857] pimreg: left allmulticast mode
[   31.667155] pimreg: entered allmulticast mode
[   31.694282] pimreg: entered allmulticast mode
[   31.709966] pimreg: entered allmulticast mode
[   31.734544] pimreg: entered allmulticast mode
[   31.758476] pimreg: entered allmulticast mode
[   31.773879] pimreg: entered allmulticast mode
[   31.791926] pimreg: entered allmulticast mode
[   31.810535] pimreg: left allmulticast mode
[   31.810895] pimreg: left allmulticast mode
[   31.811145] pimreg: left allmulticast mode
[   31.811452] pimreg: left allmulticast mode
[   31.811765] pimreg: left allmulticast mode
[   31.812979] pimreg: left allmulticast mode
[   31.813290] pimreg: left allmulticast mode
[   31.825181] pimreg: entered allmulticast mode
[   31.845672] pimreg: entered allmulticast mode
[   31.863458] pimreg: entered allmulticast mode
[   31.877500] pimreg: entered allmulticast mode
[   31.901198] pimreg: entered allmulticast mode
[   31.926155] pimreg: entered allmulticast mode
[   31.950280] pimreg: entered allmulticast mode
[   31.970213] pimreg: left allmulticast mode
[   31.970558] pimreg: left allmulticast mode
[   31.970818] pimreg: left allmulticast mode
[   31.971074] pimreg: left allmulticast mode
[   31.971380] pimreg: left allmulticast mode
[   31.973032] pimreg: left allmulticast mode
[   31.973366] pimreg: left allmulticast mode
[   31.985549] pimreg: entered allmulticast mode
[   32.005686] pimreg: entered allmulticast mode
[   32.038277] pimreg: entered allmulticast mode
[   32.065990] pimreg: entered allmulticast mode
[   32.097524] pimreg: entered allmulticast mode
[   32.121268] pimreg: entered allmulticast mode
[   32.153819] pimreg: entered allmulticast mode
[   32.182504] pimreg: left allmulticast mode
[   32.182847] pimreg: left allmulticast mode
[   32.183112] pimreg: left allmulticast mode
[   32.183360] pimreg: left allmulticast mode
[   32.183674] pimreg: left allmulticast mode
[   32.185084] pimreg: left allmulticast mode
[   32.185463] pimreg: left allmulticast mode
[   32.197231] pimreg: entered allmulticast mode
[   32.217614] pimreg: entered allmulticast mode
[   32.245193] pimreg: entered allmulticast mode
[   32.266586] pimreg: entered allmulticast mode
[   32.286021] pimreg: entered allmulticast mode
[   32.306157] pimreg: entered allmulticast mode
[   32.325922] pimreg: entered allmulticast mode
[   32.350217] pimreg: entered allmulticast mode
[   32.378352] pimreg: left allmulticast mode
[   32.378697] pimreg: left allmulticast mode
[   32.379033] pimreg: left allmulticast mode
[   32.379357] pimreg: left allmulticast mode
[   32.381046] pimreg: left allmulticast mode
[   32.381385] pimreg: left allmulticast mode
[   32.381748] pimreg: left allmulticast mode
[   32.382063] pimreg: left allmulticast mode
[   32.395127] pimreg: entered allmulticast mode
[   32.414202] pimreg: entered allmulticast mode
[   32.429518] pimreg: entered allmulticast mode
[   32.454205] pimreg: entered allmulticast mode
[   32.482260] pimreg: entered allmulticast mode
[   32.510132] pimreg: entered allmulticast mode
[   32.541894] pimreg: entered allmulticast mode
[   32.562005] pimreg: entered allmulticast mode
[   32.571339] pimreg: left allmulticast mode
[   32.571900] pimreg: left allmulticast mode
[   32.572243] pimreg: left allmulticast mode
[   32.572544] pimreg: left allmulticast mode
[   32.572855] pimreg: left allmulticast mode
[   32.573148] pimreg: left allmulticast mode
[   32.573471] pimreg: left allmulticast mode
[   32.573783] pimreg: left allmulticast mode
[   32.586477] pimreg: entered allmulticast mode
[   32.617597] pimreg: entered allmulticast mode
[   32.640768] pimreg: entered allmulticast mode
[   32.667160] pimreg: entered allmulticast mode
[   32.689925] pimreg: entered allmulticast mode
[   32.713396] pimreg: entered allmulticast mode
[   32.733498] pimreg: entered allmulticast mode
[   32.761691] pimreg: entered allmulticast mode
[   32.766304] pimreg: left allmulticast mode
[   32.766653] pimreg: left allmulticast mode
[   32.766937] pimreg: left allmulticast mode
[   32.767192] pimreg: left allmulticast mode
[   32.767438] pimreg: left allmulticast mode
[   32.767752] pimreg: left allmulticast mode
[   32.768065] pimreg: left allmulticast mode
[   32.769030] pimreg: left allmulticast mode
[   32.783580] pimreg: entered allmulticast mode
[   32.814947] pimreg: entered allmulticast mode
[   32.840841] pimreg: entered allmulticast mode
[   32.863309] pimreg: entered allmulticast mode
[   32.882083] pimreg: entered allmulticast mode
[   32.909929] pimreg: entered allmulticast mode
[   32.931122] pimreg: left allmulticast mode
[   32.931409] pimreg: left allmulticast mode
[   32.931658] pimreg: left allmulticast mode
[   32.931988] pimreg: left allmulticast mode
[   32.932393] pimreg: left allmulticast mode
[   32.932685] pimreg: left allmulticast mode
[   32.942874] pimreg: entered allmulticast mode
[   32.965907] pimreg: entered allmulticast mode
[   32.997250] pimreg: entered allmulticast mode
[   33.019282] pimreg: entered allmulticast mode
[   33.038117] pimreg: entered allmulticast mode
[   33.038509] pimreg: left allmulticast mode
[   33.038890] pimreg: left allmulticast mode
[   33.039220] pimreg: left allmulticast mode
[   33.039872] pimreg: left allmulticast mode
[   33.049396] pimreg: entered allmulticast mode
[   33.066867] pimreg: entered allmulticast mode
[   33.084006] pimreg: entered allmulticast mode
[   33.102367] pimreg: entered allmulticast mode
[   33.126506] pimreg: entered allmulticast mode
[   33.146482] pimreg: entered allmulticast mode
[   33.146889] pimreg: left allmulticast mode
[   33.147246] pimreg: left allmulticast mode
[   33.147517] pimreg: left allmulticast mode
[   33.147803] pimreg: left allmulticast mode
[   33.148107] pimreg: left allmulticast mode
[   33.148394] pimreg: left allmulticast mode
[   33.160779] pimreg: entered allmulticast mode
[   33.196677] pimreg: entered allmulticast mode
[   33.225037] pimreg: entered allmulticast mode
[   33.249944] pimreg: entered allmulticast mode
[   33.274454] pimreg: entered allmulticast mode
[   33.290005] pimreg: entered allmulticast mode
[   33.311245] pimreg: entered allmulticast mode
[   33.322551] pimreg: left allmulticast mode
[   33.323065] pimreg: left allmulticast mode
[   33.323330] pimreg: left allmulticast mode
[   33.323584] pimreg: left allmulticast mode
[   33.323892] pimreg: left allmulticast mode
[   33.324238] pimreg: left allmulticast mode
[   33.324544] pimreg: left allmulticast mode
[   33.337192] pimreg: entered allmulticast mode
[   33.369691] pimreg: entered allmulticast mode
[   33.382124] pimreg: entered allmulticast mode
[   33.405463] pimreg: entered allmulticast mode
[   33.426430] pimreg: entered allmulticast mode
[   33.441726] pimreg: entered allmulticast mode
[   33.461811] pimreg: entered allmulticast mode
[   33.489889] pimreg: entered allmulticast mode
[   33.503224] pimreg: left allmulticast mode
[   33.503856] pimreg: left allmulticast mode
[   33.504152] pimreg: left allmulticast mode
[   33.504426] pimreg: left allmulticast mode
[   33.504754] pimreg: left allmulticast mode
[   33.505058] pimreg: left allmulticast mode
[   33.505348] pimreg: left allmulticast mode
[   33.505698] pimreg: left allmulticast mode
[   33.506021] pimreg: left allmulticast mode
[   33.520814] pimreg: entered allmulticast mode
[   33.551793] pimreg: entered allmulticast mode
[   33.580541] pimreg: entered allmulticast mode
[   33.606470] pimreg: entered allmulticast mode
[   33.622170] pimreg: entered allmulticast mode
[   33.642296] pimreg: entered allmulticast mode
[   33.662003] pimreg: entered allmulticast mode
[   33.686334] pimreg: entered allmulticast mode
[   33.706979] pimreg: entered allmulticast mode
[   33.722422] pimreg: left allmulticast mode
[   33.722780] pimreg: left allmulticast mode
[   33.723043] pimreg: left allmulticast mode
[   33.723301] pimreg: left allmulticast mode
[   33.724209] pimreg: left allmulticast mode
[   33.724489] pimreg: left allmulticast mode
[   33.724802] pimreg: left allmulticast mode
[   33.725101] pimreg: left allmulticast mode
[   33.725603] pimreg: left allmulticast mode
[   33.739621] pimreg: entered allmulticast mode
[   33.760445] pimreg: entered allmulticast mode
[   33.785391] pimreg: entered allmulticast mode
[   33.814368] pimreg: entered allmulticast mode
[   33.841634] pimreg: entered allmulticast mode
[   33.865745] pimreg: entered allmulticast mode
[   33.894148] pimreg: entered allmulticast mode
[   33.922474] pimreg: entered allmulticast mode
[   33.947048] pimreg: left allmulticast mode
[   33.947381] pimreg: left allmulticast mode
[   33.947672] pimreg: left allmulticast mode
[   33.947985] pimreg: left allmulticast mode
[   33.948288] pimreg: left allmulticast mode
[   33.948591] pimreg: left allmulticast mode
[   33.948907] pimreg: left allmulticast mode
[   33.949200] pimreg: left allmulticast mode
[   33.962511] pimreg: entered allmulticast mode
[   33.987282] pimreg: entered allmulticast mode
[   34.001490] pimreg: entered allmulticast mode
[   34.014294] pimreg: entered allmulticast mode
[   34.043020] pimreg: entered allmulticast mode
[   34.054681] pimreg: left allmulticast mode
[   34.055355] pimreg: left allmulticast mode
[   34.055644] pimreg: left allmulticast mode
[   34.055977] pimreg: left allmulticast mode
[   34.056304] pimreg: left allmulticast mode
[   34.066625] pimreg: entered allmulticast mode
[   34.090803] pimreg: entered allmulticast mode
[   34.103257] pimreg: entered allmulticast mode
[   34.130653] pimreg: entered allmulticast mode
[   34.158566] pimreg: entered allmulticast mode
[   34.189841] pimreg: entered allmulticast mode
[   34.218763] pimreg: left allmulticast mode
[   34.219083] pimreg: left allmulticast mode
[   34.219337] pimreg: left allmulticast mode
[   34.219585] pimreg: left allmulticast mode
[   34.219839] pimreg: left allmulticast mode
[   34.220138] pimreg: left allmulticast mode
[   34.230813] pimreg: entered allmulticast mode
[   34.257541] pimreg: entered allmulticast mode
[   34.284809] pimreg: entered allmulticast mode
[   34.310404] pimreg: entered allmulticast mode
[   34.321661] pimreg: entered allmulticast mode
[   34.341880] pimreg: entered allmulticast mode
[   34.370190] pimreg: entered allmulticast mode
[   34.390238] pimreg: left allmulticast mode
[   34.390586] pimreg: left allmulticast mode
[   34.390871] pimreg: left allmulticast mode
[   34.391118] pimreg: left allmulticast mode
[   34.392877] pimreg: left allmulticast mode
[   34.393200] pimreg: left allmulticast mode
[   34.394077] pimreg: left allmulticast mode
[   34.406925] pimreg: entered allmulticast mode
[   34.431401] pimreg: entered allmulticast mode
[   34.452411] pimreg: entered allmulticast mode
[   34.478633] pimreg: entered allmulticast mode
[   34.501890] pimreg: entered allmulticast mode
[   34.525559] pimreg: entered allmulticast mode
[   34.545748] pimreg: entered allmulticast mode
[   34.570519] pimreg: left allmulticast mode
[   34.570879] pimreg: left allmulticast mode
[   34.571212] pimreg: left allmulticast mode
[   34.571541] pimreg: left allmulticast mode
[   34.571860] pimreg: left allmulticast mode
[   34.573503] pimreg: left allmulticast mode
[   34.573862] pimreg: left allmulticast mode
[   34.585735] pimreg: entered allmulticast mode
[   34.608928] pimreg: entered allmulticast mode
[   34.637188] pimreg: entered allmulticast mode
[   34.662944] pimreg: entered allmulticast mode
[   34.685991] pimreg: entered allmulticast mode
[   34.710254] pimreg: entered allmulticast mode
[   34.734054] pimreg: entered allmulticast mode
[   34.753891] pimreg: entered allmulticast mode
[   34.774414] pimreg: left allmulticast mode
[   34.774768] pimreg: left allmulticast mode
[   34.775024] pimreg: left allmulticast mode
[   34.775328] pimreg: left allmulticast mode
[   34.775635] pimreg: left allmulticast mode
[   34.776447] pimreg: left allmulticast mode
[   34.776785] pimreg: left allmulticast mode
[   34.777100] pimreg: left allmulticast mode
[   34.790724] pimreg: entered allmulticast mode
[   34.818590] pimreg: entered allmulticast mode
[   34.838738] pimreg: entered allmulticast mode
[   34.870776] pimreg: entered allmulticast mode
[   34.901796] pimreg: entered allmulticast mode
[   34.925502] pimreg: entered allmulticast mode
[   34.958121] pimreg: entered allmulticast mode
[   34.962672] pimreg: left allmulticast mode
[   34.963050] pimreg: left allmulticast mode
[   34.963313] pimreg: left allmulticast mode
[   34.963596] pimreg: left allmulticast mode
[   34.963941] pimreg: left allmulticast mode
[   34.964257] pimreg: left allmulticast mode
[   34.982040] pimreg: entered allmulticast mode
[   34.999720] pimreg: entered allmulticast mode
[   35.021842] pimreg: entered allmulticast mode
[   35.050168] pimreg: entered allmulticast mode
[   35.082241] pimreg: entered allmulticast mode
[   35.114226] pimreg: entered allmulticast mode
[   35.142406] pimreg: left allmulticast mode
[   35.143192] pimreg: left allmulticast mode
[   35.143521] pimreg: left allmulticast mode
[   35.143996] pimreg: left allmulticast mode
[   35.144319] pimreg: left allmulticast mode
[   35.144612] pimreg: left allmulticast mode
[   35.144915] pimreg: left allmulticast mode
[   35.156507] pimreg: entered allmulticast mode
[   35.182067] pimreg: entered allmulticast mode
[   35.206490] pimreg: entered allmulticast mode
[   35.234661] pimreg: entered allmulticast mode
[   35.249828] pimreg: entered allmulticast mode
[   35.269985] pimreg: entered allmulticast mode
[   35.293957] pimreg: entered allmulticast mode
[   35.314103] pimreg: entered allmulticast mode
[   35.314504] pimreg: left allmulticast mode
[   35.314881] pimreg: left allmulticast mode
[   35.315817] pimreg: left allmulticast mode
[   35.316134] pimreg: left allmulticast mode
[   35.316429] pimreg: left allmulticast mode
[   35.316739] pimreg: left allmulticast mode
[   35.317035] pimreg: left allmulticast mode
[   35.331248] pimreg: entered allmulticast mode
[   35.355210] pimreg: entered allmulticast mode
[   35.381374] pimreg: entered allmulticast mode
[   35.405633] pimreg: entered allmulticast mode
[   35.429890] pimreg: entered allmulticast mode
[   35.449977] pimreg: entered allmulticast mode
[   35.478269] pimreg: entered allmulticast mode
[   35.505721] pimreg: entered allmulticast mode
[   35.510976] pimreg: left allmulticast mode
[   35.511274] pimreg: left allmulticast mode
[   35.511530] pimreg: left allmulticast mode
[   35.511804] pimreg: left allmulticast mode
[   35.512051] pimreg: left allmulticast mode
[   35.512298] pimreg: left allmulticast mode
[   35.512600] pimreg: left allmulticast mode
[   35.512920] pimreg: left allmulticast mode
[   35.513211] pimreg: left allmulticast mode
[   35.528262] pimreg: entered allmulticast mode
[   35.548353] pimreg: entered allmulticast mode
[   35.566572] pimreg: entered allmulticast mode
[   35.598111] pimreg: entered allmulticast mode
[   35.629667] pimreg: entered allmulticast mode
[   35.662231] pimreg: entered allmulticast mode
[   35.694075] pimreg: entered allmulticast mode
[   35.725676] pimreg: entered allmulticast mode
[   35.757598] pimreg: entered allmulticast mode
[   35.775276] pimreg: left allmulticast mode
[   35.775984] pimreg: left allmulticast mode
[   35.776260] pimreg: left allmulticast mode
[   35.776515] pimreg: left allmulticast mode
[   35.776779] pimreg: left allmulticast mode
[   35.777026] pimreg: left allmulticast mode
[   35.777325] pimreg: left allmulticast mode
[   35.777926] pimreg: left allmulticast mode
[   35.778191] pimreg: left allmulticast mode
[   35.793066] pimreg: entered allmulticast mode
[   35.825959] pimreg: entered allmulticast mode
[   35.853090] pimreg: entered allmulticast mode
[   35.879000] pimreg: entered allmulticast mode
[   35.902392] pimreg: entered allmulticast mode
[   35.922820] pimreg: entered allmulticast mode
[   35.938378] pimreg: left allmulticast mode
[   35.939182] pimreg: left allmulticast mode
[   35.939575] pimreg: left allmulticast mode
[   35.939905] pimreg: left allmulticast mode
[   35.940174] pimreg: left allmulticast mode
[   35.940427] pimreg: left allmulticast mode
[   35.951690] pimreg: entered allmulticast mode
[   35.984091] pimreg: entered allmulticast mode
[   35.996032] pimreg: entered allmulticast mode
[   36.019622] pimreg: entered allmulticast mode
[   36.037773] pimreg: entered allmulticast mode
[   36.042818] pimreg: left allmulticast mode
[   36.043136] pimreg: left allmulticast mode
[   36.043385] pimreg: left allmulticast mode
[   36.043690] pimreg: left allmulticast mode
[   36.057268] pimreg: entered allmulticast mode
[   36.074700] pimreg: entered allmulticast mode
[   36.104193] pimreg: entered allmulticast mode
[   36.114801] pimreg: entered allmulticast mode
[   36.137804] pimreg: entered allmulticast mode
[   36.162699] pimreg: left allmulticast mode
[   36.162995] pimreg: left allmulticast mode
[   36.163240] pimreg: left allmulticast mode
[   36.163541] pimreg: left allmulticast mode
[   36.163842] pimreg: left allmulticast mode
[   36.164485] pimreg: left allmulticast mode
[   36.175586] pimreg: entered allmulticast mode
[   36.202070] pimreg: entered allmulticast mode
[   36.216658] pimreg: entered allmulticast mode
[   36.241951] pimreg: entered allmulticast mode
[   36.265856] pimreg: entered allmulticast mode
[   36.289908] pimreg: entered allmulticast mode
[   36.310357] pimreg: entered allmulticast mode
[   36.338556] pimreg: left allmulticast mode
[   36.338924] pimreg: left allmulticast mode
[   36.339189] pimreg: left allmulticast mode
[   36.339438] pimreg: left allmulticast mode
[   36.339766] pimreg: left allmulticast mode
[   36.340086] pimreg: left allmulticast mode
[   36.340412] pimreg: left allmulticast mode
[   36.351770] pimreg: entered allmulticast mode
[   36.374457] pimreg: entered allmulticast mode
[   36.403228] pimreg: entered allmulticast mode
[   36.421627] pimreg: entered allmulticast mode
[   36.442660] pimreg: entered allmulticast mode
[   36.461982] pimreg: entered allmulticast mode
[   36.482197] pimreg: entered allmulticast mode
[   36.502119] pimreg: entered allmulticast mode
[   36.522217] pimreg: left allmulticast mode
[   36.522545] pimreg: left allmulticast mode
[   36.522855] pimreg: left allmulticast mode
[   36.523845] pimreg: left allmulticast mode
[   36.524174] pimreg: left allmulticast mode
[   36.524461] pimreg: left allmulticast mode
[   36.524761] pimreg: left allmulticast mode
[   36.525065] pimreg: left allmulticast mode
[   36.538663] pimreg: entered allmulticast mode
[   36.559871] pimreg: entered allmulticast mode
[   36.589561] pimreg: entered allmulticast mode
[   36.615566] pimreg: entered allmulticast mode
[   36.638024] pimreg: entered allmulticast mode
[   36.665610] pimreg: entered allmulticast mode
[   36.679177] pimreg: left allmulticast mode
[   36.679716] pimreg: left allmulticast mode
[   36.679989] pimreg: left allmulticast mode
[   36.680247] pimreg: left allmulticast mode
[   36.680494] pimreg: left allmulticast mode
[   36.680809] pimreg: left allmulticast mode
[   36.691798] pimreg: entered allmulticast mode
[   36.719878] pimreg: entered allmulticast mode
[   36.742074] pimreg: entered allmulticast mode
[   36.765383] pimreg: entered allmulticast mode
[   36.790006] pimreg: entered allmulticast mode
[   36.818241] pimreg: entered allmulticast mode
[   36.845869] pimreg: entered allmulticast mode
[   36.870520] pimreg: left allmulticast mode
[   36.870886] pimreg: left allmulticast mode
[   36.871152] pimreg: left allmulticast mode
[   36.871420] pimreg: left allmulticast mode
[   36.871697] pimreg: left allmulticast mode
[   36.872339] pimreg: left allmulticast mode
[   36.872655] pimreg: left allmulticast mode
[   36.884286] pimreg: entered allmulticast mode
[   36.901052] pimreg: entered allmulticast mode
[   36.929620] pimreg: entered allmulticast mode
[   36.954142] pimreg: entered allmulticast mode
[   36.982168] pimreg: entered allmulticast mode
[   37.009735] pimreg: entered allmulticast mode
[   37.037996] pimreg: entered allmulticast mode
[   37.057887] pimreg: entered allmulticast mode
[   37.070181] pimreg: left allmulticast mode
[   37.070542] pimreg: left allmulticast mode
[   37.070883] pimreg: left allmulticast mode
[   37.071195] pimreg: left allmulticast mode
[   37.071483] pimreg: left allmulticast mode
[   37.071794] pimreg: left allmulticast mode
[   37.072099] pimreg: left allmulticast mode
[   37.072387] pimreg: left allmulticast mode
[   37.084990] pimreg: entered allmulticast mode
[   37.117972] pimreg: entered allmulticast mode
[   37.149127] pimreg: entered allmulticast mode
[   37.162808] pimreg: entered allmulticast mode
[   37.177552] pimreg: entered allmulticast mode
[   37.202353] pimreg: entered allmulticast mode
[   37.226276] pimreg: left allmulticast mode
[   37.227078] pimreg: left allmulticast mode
[   37.227482] pimreg: left allmulticast mode
[   37.228280] pimreg: left allmulticast mode
[   37.228630] pimreg: left allmulticast mode
[   37.228942] pimreg: left allmulticast mode
[   37.239688] pimreg: entered allmulticast mode
[   37.274074] pimreg: entered allmulticast mode
[   37.300544] pimreg: entered allmulticast mode
[   37.325862] pimreg: entered allmulticast mode
[   37.350031] pimreg: entered allmulticast mode
[   37.373304] pimreg: entered allmulticast mode
[   37.393284] pimreg: entered allmulticast mode
[   37.414735] pimreg: left allmulticast mode
[   37.415060] pimreg: left allmulticast mode
[   37.415324] pimreg: left allmulticast mode
[   37.415577] pimreg: left allmulticast mode
[   37.415909] pimreg: left allmulticast mode
[   37.416416] pimreg: left allmulticast mode
[   37.416838] pimreg: left allmulticast mode
[   37.429162] pimreg: entered allmulticast mode
[   37.450121] pimreg: entered allmulticast mode
[   37.475996] pimreg: entered allmulticast mode
[   37.497679] pimreg: entered allmulticast mode
[   37.512240] pimreg: entered allmulticast mode
[   37.541765] pimreg: entered allmulticast mode
[   37.573920] pimreg: entered allmulticast mode
[   37.598235] pimreg: entered allmulticast mode
[   37.627032] pimreg: left allmulticast mode
[   37.627361] pimreg: left allmulticast mode
[   37.627678] pimreg: left allmulticast mode
[   37.628010] pimreg: left allmulticast mode
[   37.628314] pimreg: left allmulticast mode
[   37.629747] pimreg: left allmulticast mode
[   37.630059] pimreg: left allmulticast mode
[   37.630305] pimreg: left allmulticast mode
[   37.643255] pimreg: entered allmulticast mode
[   37.667037] pimreg: entered allmulticast mode
[   37.700737] pimreg: entered allmulticast mode
[   37.730659] pimreg: entered allmulticast mode
[   37.753946] pimreg: entered allmulticast mode
[   37.782125] pimreg: entered allmulticast mode
[   37.810280] pimreg: entered allmulticast mode
[   37.814552] pimreg: left allmulticast mode
[   37.814907] pimreg: left allmulticast mode
[   37.815175] pimreg: left allmulticast mode
[   37.815425] pimreg: left allmulticast mode
[   37.815687] pimreg: left allmulticast mode
[   37.815970] pimreg: left allmulticast mode
[   37.834017] pimreg: entered allmulticast mode
[   37.859991] pimreg: entered allmulticast mode
[   37.878937] pimreg: entered allmulticast mode
[   37.902158] pimreg: entered allmulticast mode
[   37.921817] pimreg: entered allmulticast mode
[   37.942082] pimreg: entered allmulticast mode
[   37.966439] pimreg: left allmulticast mode
[   37.966801] pimreg: left allmulticast mode
[   37.967066] pimreg: left allmulticast mode
[   37.967315] pimreg: left allmulticast mode
[   37.967626] pimreg: left allmulticast mode
[   37.967945] pimreg: left allmulticast mode
[   37.968249] pimreg: left allmulticast mode
[   37.980850] pimreg: entered allmulticast mode
[   37.994039] pimreg: entered allmulticast mode
[   38.017917] pimreg: entered allmulticast mode
[   38.043449] pimreg: entered allmulticast mode
[   38.057777] pimreg: entered allmulticast mode
[   38.081756] pimreg: entered allmulticast mode
[   38.106757] pimreg: entered allmulticast mode
[   38.107286] pimreg: left allmulticast mode
[   38.107657] pimreg: left allmulticast mode
[   38.107941] pimreg: left allmulticast mode
[   38.108204] pimreg: left allmulticast mode
[   38.108451] pimreg: left allmulticast mode
[   38.108729] pimreg: left allmulticast mode
[   38.123532] pimreg: entered allmulticast mode
[   38.138988] pimreg: entered allmulticast mode
[   38.168355] pimreg: entered allmulticast mode
[   38.189629] pimreg: entered allmulticast mode
[   38.218026] pimreg: entered allmulticast mode
[   38.237287] pimreg: entered allmulticast mode
[   38.262255] pimreg: entered allmulticast mode
[   38.282213] pimreg: left allmulticast mode
[   38.282546] pimreg: left allmulticast mode
[   38.282814] pimreg: left allmulticast mode
[   38.283108] pimreg: left allmulticast mode
[   38.284062] pimreg: left allmulticast mode
[   38.284519] pimreg: left allmulticast mode
[   38.284841] pimreg: left allmulticast mode
[   38.285140] pimreg: left allmulticast mode
[   38.298204] pimreg: entered allmulticast mode
[   38.323496] pimreg: entered allmulticast mode
[   38.350747] pimreg: entered allmulticast mode
[   38.373990] pimreg: entered allmulticast mode
[   38.401839] pimreg: entered allmulticast mode
[   38.429812] pimreg: entered allmulticast mode
[   38.461826] pimreg: entered allmulticast mode
[   38.493842] pimreg: entered allmulticast mode
[   38.525833] pimreg: entered allmulticast mode
[   38.530697] pimreg: left allmulticast mode
[   38.531081] pimreg: left allmulticast mode
[   38.531389] pimreg: left allmulticast mode
[   38.531710] pimreg: left allmulticast mode
[   38.532006] pimreg: left allmulticast mode
[   38.532307] pimreg: left allmulticast mode
[   38.532621] pimreg: left allmulticast mode
[   38.532912] pimreg: left allmulticast mode
[   38.554047] pimreg: entered allmulticast mode
[   38.577937] pimreg: entered allmulticast mode
[   38.592040] pimreg: entered allmulticast mode
[   38.610710] pimreg: entered allmulticast mode
[   38.630251] pimreg: entered allmulticast mode
[   38.650473] pimreg: entered allmulticast mode
[   38.670025] pimreg: entered allmulticast mode
[   38.690202] pimreg: entered allmulticast mode
[   38.718707] pimreg: entered allmulticast mode
[   38.719086] pimreg: left allmulticast mode
[   38.719417] pimreg: left allmulticast mode
[   38.719691] pimreg: left allmulticast mode
[   38.719988] pimreg: left allmulticast mode
[   38.720320] pimreg: left allmulticast mode
[   38.720628] pimreg: left allmulticast mode
[   38.720927] pimreg: left allmulticast mode
[   38.721225] pimreg: left allmulticast mode
[   38.721596] pimreg: left allmulticast mode
[   38.736972] pimreg: entered allmulticast mode
[   38.771844] pimreg: entered allmulticast mode
[   38.802370] pimreg: entered allmulticast mode
[   38.830423] pimreg: entered allmulticast mode
[   38.858284] pimreg: entered allmulticast mode
[   38.885933] pimreg: entered allmulticast mode
[   38.913619] pimreg: entered allmulticast mode
[   38.937810] pimreg: entered allmulticast mode
[   38.966090] pimreg: entered allmulticast mode
[   38.979158] pimreg: left allmulticast mode
[   38.979713] pimreg: left allmulticast mode
[   38.979970] pimreg: left allmulticast mode
[   38.980233] pimreg: left allmulticast mode
[   38.980488] pimreg: left allmulticast mode
[   38.980746] pimreg: left allmulticast mode
[   38.980993] pimreg: left allmulticast mode
[   38.981296] pimreg: left allmulticast mode
[   38.981650] pimreg: left allmulticast mode
[   38.981967] pimreg: left allmulticast mode
[   38.998680] pimreg: entered allmulticast mode
[   39.026908] pimreg: entered allmulticast mode
[   39.050378] pimreg: entered allmulticast mode
[   39.073978] pimreg: entered allmulticast mode
[   39.106356] pimreg: entered allmulticast mode
[   39.134181] pimreg: entered allmulticast mode
[   39.166046] pimreg: entered allmulticast mode
[   39.193936] pimreg: entered allmulticast mode
[   39.225954] pimreg: entered allmulticast mode
[   39.259972] pimreg: entered allmulticast mode
[   39.271714] pimreg: left allmulticast mode
[   39.272047] pimreg: left allmulticast mode
[   39.272295] pimreg: left allmulticast mode
[   39.272630] pimreg: left allmulticast mode
[   39.272943] pimreg: left allmulticast mode
[   39.274034] pimreg: left allmulticast mode
[   39.274370] pimreg: left allmulticast mode
[   39.274680] pimreg: left allmulticast mode
[   39.274973] pimreg: left allmulticast mode
[   39.275278] pimreg: left allmulticast mode
[   39.292336] pimreg: entered allmulticast mode
[   39.323590] pimreg: entered allmulticast mode
[   39.353840] pimreg: entered allmulticast mode
[   39.367603] pimreg: entered allmulticast mode
[   39.391560] pimreg: entered allmulticast mode
[   39.410201] pimreg: entered allmulticast mode
[   39.438540] pimreg: entered allmulticast mode
[   39.462275] pimreg: entered allmulticast mode
[   39.467882] pimreg: left allmulticast mode
[   39.468229] pimreg: left allmulticast mode
[   39.468709] pimreg: left allmulticast mode
[   39.469634] pimreg: left allmulticast mode
[   39.470724] pimreg: left allmulticast mode
[   39.471396] pimreg: left allmulticast mode
[   39.471742] pimreg: left allmulticast mode
[   39.472040] pimreg: left allmulticast mode
[   39.486841] pimreg: entered allmulticast mode
[   39.514697] pimreg: entered allmulticast mode
[   39.545076] pimreg: entered allmulticast mode
[   39.569507] pimreg: entered allmulticast mode
[   39.602081] pimreg: entered allmulticast mode
[   39.626202] pimreg: entered allmulticast mode
[   39.654006] pimreg: entered allmulticast mode
[   39.682001] pimreg: entered allmulticast mode
[   39.702588] pimreg: left allmulticast mode
[   39.702932] pimreg: left allmulticast mode
[   39.703252] pimreg: left allmulticast mode
[   39.703574] pimreg: left allmulticast mode
[   39.703880] pimreg: left allmulticast mode
[   39.705549] pimreg: left allmulticast mode
[   39.705886] pimreg: left allmulticast mode
[   39.706196] pimreg: left allmulticast mode
[   39.720019] pimreg: entered allmulticast mode
[   39.746679] pimreg: entered allmulticast mode
[   39.769807] pimreg: entered allmulticast mode
[   39.795386] pimreg: entered allmulticast mode
[   39.810927] pimreg: entered allmulticast mode
[   39.829450] pimreg: entered allmulticast mode
[   39.855658] pimreg: entered allmulticast mode
[   39.856232] pimreg: left allmulticast mode
[   39.856624] pimreg: left allmulticast mode
[   39.856916] pimreg: left allmulticast mode
[   39.857170] pimreg: left allmulticast mode
[   39.858170] pimreg: left allmulticast mode
[   39.858515] pimreg: left allmulticast mode
[   39.858823] pimreg: left allmulticast mode
[   39.872869] pimreg: entered allmulticast mode
[   39.901943] pimreg: entered allmulticast mode
[   39.926430] pimreg: entered allmulticast mode
[   39.942385] pimreg: entered allmulticast mode
[   39.968539] pimreg: entered allmulticast mode
[   39.986020] pimreg: entered allmulticast mode
[   40.010002] pimreg: entered allmulticast mode
[   40.038076] pimreg: entered allmulticast mode
[   40.066325] pimreg: entered allmulticast mode
[   40.087072] pimreg: left allmulticast mode
[   40.087412] pimreg: left allmulticast mode
[   40.087695] pimreg: left allmulticast mode
[   40.088005] pimreg: left allmulticast mode
[   40.089555] pimreg: left allmulticast mode
[   40.089872] pimreg: left allmulticast mode
[   40.090131] pimreg: left allmulticast mode
[   40.090379] pimreg: left allmulticast mode
[   40.090672] pimreg: left allmulticast mode
[   40.090962] pimreg: left allmulticast mode
[   40.106441] pimreg: entered allmulticast mode
[   40.126606] pimreg: entered allmulticast mode
[   40.150772] pimreg: entered allmulticast mode
[   40.174450] pimreg: entered allmulticast mode
[   40.194038] pimreg: entered allmulticast mode
[   40.214150] pimreg: entered allmulticast mode
[   40.234130] pimreg: entered allmulticast mode
[   40.249683] pimreg: entered allmulticast mode
[   40.273796] pimreg: entered allmulticast mode
[   40.299680] pimreg: entered allmulticast mode
[   40.310734] pimreg: left allmulticast mode
[   40.311054] pimreg: left allmulticast mode
[   40.311347] pimreg: left allmulticast mode
[   40.311649] pimreg: left allmulticast mode
[   40.311938] pimreg: left allmulticast mode
[   40.312251] pimreg: left allmulticast mode
[   40.312551] pimreg: left allmulticast mode
[   40.312830] pimreg: left allmulticast mode
[   40.313111] pimreg: left allmulticast mode
[   40.327818] pimreg: entered allmulticast mode
[   40.348125] pimreg: entered allmulticast mode
[   40.371308] pimreg: entered allmulticast mode
[   40.397869] pimreg: entered allmulticast mode
[   40.426000] pimreg: entered allmulticast mode
[   40.449871] pimreg: entered allmulticast mode
[   40.473788] pimreg: entered allmulticast mode
[   40.497990] pimreg: entered allmulticast mode
[   40.523318] pimreg: entered allmulticast mode
[   40.535673] pimreg: left allmulticast mode
[   40.535983] pimreg: left allmulticast mode
[   40.536235] pimreg: left allmulticast mode
[   40.536497] pimreg: left allmulticast mode
[   40.536743] pimreg: left allmulticast mode
[   40.537037] pimreg: left allmulticast mode
[   40.537332] pimreg: left allmulticast mode
[   40.537985] pimreg: left allmulticast mode
[   40.538284] pimreg: left allmulticast mode
[   40.552702] pimreg: entered allmulticast mode
[   40.587095] pimreg: entered allmulticast mode
[   40.603588] pimreg: entered allmulticast mode
[   40.622346] pimreg: entered allmulticast mode
[   40.650372] pimreg: entered allmulticast mode
[   40.678117] pimreg: entered allmulticast mode
[   40.702058] pimreg: entered allmulticast mode
[   40.725845] pimreg: entered allmulticast mode
[   40.749820] pimreg: entered allmulticast mode
[   40.770992] pimreg: left allmulticast mode
[   40.771341] pimreg: left allmulticast mode
[   40.771615] pimreg: left allmulticast mode
[   40.771871] pimreg: left allmulticast mode
[   40.772172] pimreg: left allmulticast mode
[   40.772485] pimreg: left allmulticast mode
[   40.772783] pimreg: left allmulticast mode
[   40.773065] pimreg: left allmulticast mode
[   40.773357] pimreg: left allmulticast mode
[   40.787278] pimreg: entered allmulticast mode
[   40.813881] pimreg: entered allmulticast mode
[   40.829641] pimreg: entered allmulticast mode
[   40.842344] pimreg: entered allmulticast mode
[   40.865816] pimreg: entered allmulticast mode
[   40.890639] pimreg: entered allmulticast mode
[   40.913939] pimreg: entered allmulticast mode
[   40.937927] pimreg: entered allmulticast mode
[   40.969714] pimreg: entered allmulticast mode
[   40.995082] pimreg: left allmulticast mode
[   40.995521] pimreg: left allmulticast mode
[   40.995807] pimreg: left allmulticast mode
[   40.996052] pimreg: left allmulticast mode
[   40.996299] pimreg: left allmulticast mode
[   40.996564] pimreg: left allmulticast mode
[   40.996863] pimreg: left allmulticast mode
[   40.997153] pimreg: left allmulticast mode
[   40.997848] pimreg: left allmulticast mode
[   41.011628] pimreg: entered allmulticast mode
[   41.032781] pimreg: entered allmulticast mode
[   41.056894] pimreg: entered allmulticast mode
[   41.078835] pimreg: entered allmulticast mode
[   41.101961] pimreg: entered allmulticast mode
[   41.122532] pimreg: entered allmulticast mode
[   41.142002] pimreg: entered allmulticast mode
[   41.162658] pimreg: entered allmulticast mode
[   41.183217] pimreg: left allmulticast mode
[   41.183551] pimreg: left allmulticast mode
[   41.183801] pimreg: left allmulticast mode
[   41.184116] pimreg: left allmulticast mode
[   41.184424] pimreg: left allmulticast mode
[   41.184751] pimreg: left allmulticast mode
[   41.185045] pimreg: left allmulticast mode
[   41.185323] pimreg: left allmulticast mode
[   41.199088] pimreg: entered allmulticast mode
[   41.222149] pimreg: entered allmulticast mode
[   41.248149] pimreg: entered allmulticast mode
[   41.265511] pimreg: entered allmulticast mode
[   41.278158] pimreg: entered allmulticast mode
[   41.298439] pimreg: entered allmulticast mode
[   41.318029] pimreg: entered allmulticast mode
[   41.342692] pimreg: entered allmulticast mode
[   41.362672] pimreg: left allmulticast mode
[   41.363018] pimreg: left allmulticast mode
[   41.363289] pimreg: left allmulticast mode
[   41.364814] pimreg: left allmulticast mode
[   41.365165] pimreg: left allmulticast mode
[   41.365495] pimreg: left allmulticast mode
[   41.365795] pimreg: left allmulticast mode
[   41.366079] pimreg: left allmulticast mode
[   41.366385] pimreg: left allmulticast mode
[   41.379789] pimreg: entered allmulticast mode
[   41.407780] pimreg: entered allmulticast mode
[   41.418501] pimreg: entered allmulticast mode
[   41.442147] pimreg: entered allmulticast mode
[   41.466884] pimreg: entered allmulticast mode
[   41.490874] pimreg: entered allmulticast mode
[   41.510204] pimreg: entered allmulticast mode
[   41.533811] pimreg: entered allmulticast mode
[   41.553698] pimreg: entered allmulticast mode
[   41.562370] pimreg: left allmulticast mode
[   41.562836] pimreg: left allmulticast mode
[   41.563087] pimreg: left allmulticast mode
[   41.563383] pimreg: left allmulticast mode
[   41.563691] pimreg: left allmulticast mode
[   41.564000] pimreg: left allmulticast mode
[   41.564293] pimreg: left allmulticast mode
[   41.564602] pimreg: left allmulticast mode
[   41.578967] pimreg: entered allmulticast mode
[   41.599689] pimreg: entered allmulticast mode
[   41.616689] pimreg: entered allmulticast mode
[   41.637698] pimreg: entered allmulticast mode
[   41.657814] pimreg: entered allmulticast mode
[   41.677929] pimreg: entered allmulticast mode
[   41.697958] pimreg: entered allmulticast mode
[   41.718761] pimreg: entered allmulticast mode
[   41.734291] pimreg: left allmulticast mode
[   41.734648] pimreg: left allmulticast mode
[   41.734911] pimreg: left allmulticast mode
[   41.736132] pimreg: left allmulticast mode
[   41.736481] pimreg: left allmulticast mode
[   41.736779] pimreg: left allmulticast mode
[   41.737063] pimreg: left allmulticast mode
[   41.737366] pimreg: left allmulticast mode
[   41.750584] pimreg: entered allmulticast mode
[   41.771221] pimreg: entered allmulticast mode
[   41.794443] pimreg: entered allmulticast mode
[   41.817999] pimreg: entered allmulticast mode
[   41.842387] pimreg: entered allmulticast mode
[   41.866027] pimreg: entered allmulticast mode
[   41.886481] pimreg: entered allmulticast mode
[   41.906098] pimreg: entered allmulticast mode
[   41.906466] pimreg: left allmulticast mode
[   41.906795] pimreg: left allmulticast mode
[   41.907130] pimreg: left allmulticast mode
[   41.907434] pimreg: left allmulticast mode
[   41.907726] pimreg: left allmulticast mode
[   41.908009] pimreg: left allmulticast mode
[   41.908302] pimreg: left allmulticast mode
[   41.923591] pimreg: entered allmulticast mode
[   41.937686] pimreg: entered allmulticast mode
[   41.960170] pimreg: entered allmulticast mode
[   41.981496] pimreg: entered allmulticast mode
[   41.995959] pimreg: entered allmulticast mode
[   42.017835] pimreg: entered allmulticast mode
[   42.041832] pimreg: entered allmulticast mode
[   42.062191] pimreg: left allmulticast mode
[   42.062551] pimreg: left allmulticast mode
[   42.062828] pimreg: left allmulticast mode
[   42.063140] pimreg: left allmulticast mode
[   42.063467] pimreg: left allmulticast mode
[   42.063973] pimreg: left allmulticast mode
[   42.064439] pimreg: left allmulticast mode
[   42.064766] pimreg: left allmulticast mode
[   42.077281] pimreg: entered allmulticast mode
[   42.110367] pimreg: entered allmulticast mode
[   42.123925] pimreg: entered allmulticast mode
[   42.142332] pimreg: entered allmulticast mode
[   42.166409] pimreg: entered allmulticast mode
[   42.189841] pimreg: entered allmulticast mode
[   42.210125] pimreg: entered allmulticast mode
[   42.234700] pimreg: entered allmulticast mode
[   42.254886] pimreg: entered allmulticast mode
[   42.255231] pimreg: left allmulticast mode
[   42.255553] pimreg: left allmulticast mode
[   42.255819] pimreg: left allmulticast mode
[   42.256079] pimreg: left allmulticast mode
[   42.256391] pimreg: left allmulticast mode
[   42.256700] pimreg: left allmulticast mode
[   42.257005] pimreg: left allmulticast mode
[   42.257307] pimreg: left allmulticast mode
[   42.274636] pimreg: entered allmulticast mode
[   42.294685] pimreg: entered allmulticast mode
[   42.307775] pimreg: entered allmulticast mode
[   42.324651] pimreg: entered allmulticast mode
[   42.346507] pimreg: entered allmulticast mode
[   42.373765] pimreg: entered allmulticast mode
[   42.397853] pimreg: entered allmulticast mode
[   42.422114] pimreg: entered allmulticast mode
[   42.450285] pimreg: entered allmulticast mode
[   42.468174] pimreg: left allmulticast mode
[   42.468522] pimreg: left allmulticast mode
[   42.468783] pimreg: left allmulticast mode
[   42.469041] pimreg: left allmulticast mode
[   42.469344] pimreg: left allmulticast mode
[   42.469939] pimreg: left allmulticast mode
[   42.470260] pimreg: left allmulticast mode
[   42.470564] pimreg: left allmulticast mode
[   42.470853] pimreg: left allmulticast mode
[   42.471150] pimreg: left allmulticast mode
[   42.485103] pimreg: entered allmulticast mode
[   42.520764] pimreg: entered allmulticast mode
[   42.545042] pimreg: entered allmulticast mode
[   42.561654] pimreg: entered allmulticast mode
[   42.585808] pimreg: entered allmulticast mode
[   42.610394] pimreg: entered allmulticast mode
[   42.630483] pimreg: entered allmulticast mode
[   42.649813] pimreg: entered allmulticast mode
[   42.670793] pimreg: entered allmulticast mode
[   42.671149] pimreg: left allmulticast mode
[   42.671488] pimreg: left allmulticast mode
[   42.671747] pimreg: left allmulticast mode
[   42.672007] pimreg: left allmulticast mode
[   42.672263] pimreg: left allmulticast mode
[   42.672518] pimreg: left allmulticast mode
[   42.672814] pimreg: left allmulticast mode
[   42.673110] pimreg: left allmulticast mode
[   42.688379] pimreg: entered allmulticast mode
[   42.706724] pimreg: entered allmulticast mode
[   42.730173] pimreg: entered allmulticast mode
[   42.754440] pimreg: entered allmulticast mode
[   42.773602] pimreg: entered allmulticast mode
[   42.794000] pimreg: entered allmulticast mode
[   42.817850] pimreg: entered allmulticast mode
[   42.842048] pimreg: entered allmulticast mode
[   42.846567] pimreg: left allmulticast mode
[   42.846880] pimreg: left allmulticast mode
[   42.847178] pimreg: left allmulticast mode
[   42.847477] pimreg: left allmulticast mode
[   42.847941] pimreg: left allmulticast mode
[   42.848274] pimreg: left allmulticast mode
[   42.848579] pimreg: left allmulticast mode
[   42.848865] pimreg: left allmulticast mode
[   42.849150] pimreg: left allmulticast mode
[   42.863728] pimreg: entered allmulticast mode
[   42.890898] pimreg: entered allmulticast mode
[   42.914063] pimreg: entered allmulticast mode
[   42.938511] pimreg: entered allmulticast mode
[   42.966013] pimreg: entered allmulticast mode
[   42.985814] pimreg: entered allmulticast mode
[   43.006179] pimreg: entered allmulticast mode
[   43.026031] pimreg: entered allmulticast mode
[   43.046170] pimreg: entered allmulticast mode
[   43.063170] pimreg: left allmulticast mode
[   43.063492] pimreg: left allmulticast mode
[   43.063764] pimreg: left allmulticast mode
[   43.064034] pimreg: left allmulticast mode
[   43.064292] pimreg: left allmulticast mode
[   43.065612] pimreg: left allmulticast mode
[   43.065915] pimreg: left allmulticast mode
[   43.066212] pimreg: left allmulticast mode
[   43.066512] pimreg: left allmulticast mode
[   43.080825] pimreg: entered allmulticast mode
[   43.108967] pimreg: entered allmulticast mode
[   43.127139] pimreg: entered allmulticast mode
[   43.150252] pimreg: entered allmulticast mode
[   43.169556] pimreg: entered allmulticast mode
[   43.190127] pimreg: entered allmulticast mode
[   43.213668] pimreg: entered allmulticast mode
[   43.241861] pimreg: entered allmulticast mode
[   43.266902] pimreg: entered allmulticast mode
[   43.287139] pimreg: left allmulticast mode
[   43.287589] pimreg: left allmulticast mode
[   43.287857] pimreg: left allmulticast mode
[   43.288103] pimreg: left allmulticast mode
[   43.288401] pimreg: left allmulticast mode
[   43.288713] pimreg: left allmulticast mode
[   43.289017] pimreg: left allmulticast mode
[   43.289308] pimreg: left allmulticast mode
[   43.290207] pimreg: left allmulticast mode
[   43.304134] pimreg: entered allmulticast mode
[   43.331462] pimreg: entered allmulticast mode
[   43.341603] pimreg: entered allmulticast mode
[   43.370472] pimreg: entered allmulticast mode
[   43.397904] pimreg: entered allmulticast mode
[   43.421781] pimreg: entered allmulticast mode
[   43.454136] pimreg: entered allmulticast mode
[   43.486325] pimreg: entered allmulticast mode
[   43.510184] pimreg: entered allmulticast mode
[   43.534072] pimreg: entered allmulticast mode
[   43.547231] pimreg: left allmulticast mode
[   43.547579] pimreg: left allmulticast mode
[   43.547842] pimreg: left allmulticast mode
[   43.548135] pimreg: left allmulticast mode
[   43.548454] pimreg: left allmulticast mode
[   43.548753] pimreg: left allmulticast mode
[   43.549040] pimreg: left allmulticast mode
[   43.549337] pimreg: left allmulticast mode
[   43.549760] pimreg: left allmulticast mode
[   43.550105] pimreg: left allmulticast mode
[   43.566458] pimreg: entered allmulticast mode
[   43.594004] pimreg: entered allmulticast mode
[   43.622374] pimreg: entered allmulticast mode
[   43.637902] pimreg: entered allmulticast mode
[   43.649943] pimreg: entered allmulticast mode
[   43.678397] pimreg: entered allmulticast mode
[   43.705986] pimreg: entered allmulticast mode
[   43.730830] pimreg: left allmulticast mode
[   43.731552] pimreg: left allmulticast mode
[   43.731832] pimreg: left allmulticast mode
[   43.732094] pimreg: left allmulticast mode
[   43.732507] pimreg: left allmulticast mode
[   43.732774] pimreg: left allmulticast mode
[   43.733021] pimreg: left allmulticast mode
[   43.744858] pimreg: entered allmulticast mode
[   43.765960] pimreg: entered allmulticast mode
[   43.787946] pimreg: entered allmulticast mode
[   43.805879] pimreg: entered allmulticast mode
[   43.830165] pimreg: entered allmulticast mode
[   43.849969] pimreg: entered allmulticast mode
[   43.874531] pimreg: entered allmulticast mode
[   43.893770] pimreg: entered allmulticast mode
[   43.906330] pimreg: left allmulticast mode
[   43.906689] pimreg: left allmulticast mode
[   43.906955] pimreg: left allmulticast mode
[   43.907220] pimreg: left allmulticast mode
[   43.907494] pimreg: left allmulticast mode
[   43.907757] pimreg: left allmulticast mode
[   43.908043] pimreg: left allmulticast mode
[   43.908328] pimreg: left allmulticast mode
[   43.923270] pimreg: entered allmulticast mode
[   43.939782] pimreg: entered allmulticast mode
[   43.963029] pimreg: entered allmulticast mode
[   43.975159] pimreg: entered allmulticast mode
[   43.986725] pimreg: entered allmulticast mode
[   44.015201] pimreg: entered allmulticast mode
[   44.029680] pimreg: entered allmulticast mode
[   44.050288] pimreg: entered allmulticast mode
[   44.054714] pimreg: left allmulticast mode
[   44.055058] pimreg: left allmulticast mode
[   44.055449] pimreg: left allmulticast mode
[   44.055790] pimreg: left allmulticast mode
[   44.056205] pimreg: left allmulticast mode
[   44.056746] pimreg: left allmulticast mode
[   44.057086] pimreg: left allmulticast mode
[   44.057982] pimreg: left allmulticast mode
[   44.071188] pimreg: entered allmulticast mode
[   44.090514] pimreg: entered allmulticast mode
[   44.105069] pimreg: entered allmulticast mode
[   44.126756] pimreg: entered allmulticast mode
[   44.146864] pimreg: entered allmulticast mode
[   44.170498] pimreg: entered allmulticast mode
[   44.194520] pimreg: entered allmulticast mode
[   44.214715] pimreg: entered allmulticast mode
[   44.230389] pimreg: left allmulticast mode
[   44.230728] pimreg: left allmulticast mode
[   44.230992] pimreg: left allmulticast mode
[   44.231744] pimreg: left allmulticast mode
[   44.232511] pimreg: left allmulticast mode
[   44.232796] pimreg: left allmulticast mode
[   44.233052] pimreg: left allmulticast mode
[   44.233300] pimreg: left allmulticast mode
[   44.246500] pimreg: entered allmulticast mode
[   44.271046] pimreg: entered allmulticast mode
[   44.294488] pimreg: entered allmulticast mode
[   44.314189] pimreg: entered allmulticast mode
[   44.333738] pimreg: entered allmulticast mode
[   44.357864] pimreg: entered allmulticast mode
[   44.385738] pimreg: entered allmulticast mode
[   44.411071] pimreg: entered allmulticast mode
[   44.423038] pimreg: left allmulticast mode
[   44.423390] pimreg: left allmulticast mode
[   44.423646] pimreg: left allmulticast mode
[   44.423910] pimreg: left allmulticast mode
[   44.424159] pimreg: left allmulticast mode
[   44.424778] pimreg: left allmulticast mode
[   44.425082] pimreg: left allmulticast mode
[   44.425824] pimreg: left allmulticast mode
[   44.439758] pimreg: entered allmulticast mode
[   44.471654] pimreg: entered allmulticast mode
[   44.490795] pimreg: entered allmulticast mode
[   44.514248] pimreg: entered allmulticast mode
[   44.533806] pimreg: entered allmulticast mode
[   44.554052] pimreg: entered allmulticast mode
[   44.577984] pimreg: entered allmulticast mode
[   44.602867] pimreg: entered allmulticast mode
[   44.603307] pimreg: left allmulticast mode
[   44.603647] pimreg: left allmulticast mode
[   44.603908] pimreg: left allmulticast mode
[   44.604170] pimreg: left allmulticast mode
[   44.604483] pimreg: left allmulticast mode
[   44.604774] pimreg: left allmulticast mode
[   44.605070] pimreg: left allmulticast mode
[   44.617283] pimreg: entered allmulticast mode
[   44.638713] pimreg: entered allmulticast mode
[   44.662944] pimreg: entered allmulticast mode
[   44.686863] pimreg: entered allmulticast mode
[   44.702037] pimreg: entered allmulticast mode
[   44.722575] pimreg: entered allmulticast mode
[   44.742307] pimreg: entered allmulticast mode
[   44.761619] pimreg: entered allmulticast mode
[   44.770545] pimreg: left allmulticast mode
[   44.770880] pimreg: left allmulticast mode
[   44.771136] pimreg: left allmulticast mode
[   44.771406] pimreg: left allmulticast mode
[   44.771699] pimreg: left allmulticast mode
[   44.772015] pimreg: left allmulticast mode
[   44.772312] pimreg: left allmulticast mode
[   44.772636] pimreg: left allmulticast mode
[   44.773911] pimreg: left allmulticast mode
[   44.790496] pimreg: entered allmulticast mode
[   44.812465] pimreg: entered allmulticast mode
[   44.832929] pimreg: entered allmulticast mode
[   44.853604] pimreg: entered allmulticast mode
[   44.878416] pimreg: entered allmulticast mode
[   44.897329] pimreg: entered allmulticast mode
[   44.917562] pimreg: entered allmulticast mode
[   44.942298] pimreg: entered allmulticast mode
[   44.966487] pimreg: entered allmulticast mode
[   44.971458] pimreg: left allmulticast mode
[   44.971781] pimreg: left allmulticast mode
[   44.972104] pimreg: left allmulticast mode
[   44.972397] pimreg: left allmulticast mode
[   44.972686] pimreg: left allmulticast mode
[   44.972968] pimreg: left allmulticast mode
[   44.973258] pimreg: left allmulticast mode
[   44.973892] pimreg: left allmulticast mode
[   44.974208] pimreg: left allmulticast mode
[   44.989282] pimreg: entered allmulticast mode
[   45.019528] pimreg: entered allmulticast mode
[   45.044462] pimreg: entered allmulticast mode
[   45.061126] pimreg: entered allmulticast mode
[   45.082636] pimreg: entered allmulticast mode
[   45.101483] pimreg: entered allmulticast mode
[   45.130121] pimreg: entered allmulticast mode
[   45.150229] pimreg: entered allmulticast mode
[   45.177942] pimreg: entered allmulticast mode
[   45.198550] pimreg: left allmulticast mode
[   45.198895] pimreg: left allmulticast mode
[   45.199157] pimreg: left allmulticast mode
[   45.199525] pimreg: left allmulticast mode
[   45.199879] pimreg: left allmulticast mode
[   45.201338] pimreg: left allmulticast mode
[   45.202082] pimreg: left allmulticast mode
[   45.202457] pimreg: left allmulticast mode
[   45.202799] pimreg: left allmulticast mode
[   45.217129] pimreg: entered allmulticast mode
[   45.242645] pimreg: entered allmulticast mode
[   45.263863] pimreg: entered allmulticast mode
[   45.285884] pimreg: entered allmulticast mode
[   45.310846] pimreg: entered allmulticast mode
[   45.329570] pimreg: entered allmulticast mode
[   45.358504] pimreg: entered allmulticast mode
[   45.381685] pimreg: entered allmulticast mode
[   45.406149] pimreg: entered allmulticast mode
[   45.426677] pimreg: left allmulticast mode
[   45.427048] pimreg: left allmulticast mode
[   45.427366] pimreg: left allmulticast mode
[   45.427653] pimreg: left allmulticast mode
[   45.427917] pimreg: left allmulticast mode
[   45.428527] pimreg: left allmulticast mode
[   45.428911] pimreg: left allmulticast mode
[   45.429206] pimreg: left allmulticast mode
[   45.429877] pimreg: left allmulticast mode
[   45.443613] pimreg: entered allmulticast mode
[   45.464128] pimreg: entered allmulticast mode
[   45.486505] pimreg: entered allmulticast mode
[   45.506706] pimreg: entered allmulticast mode
[   45.529814] pimreg: entered allmulticast mode
[   45.549696] pimreg: entered allmulticast mode
[   45.578339] pimreg: entered allmulticast mode
[   45.593864] pimreg: entered allmulticast mode
[   45.614283] pimreg: entered allmulticast mode
[   45.618618] pimreg: left allmulticast mode
[   45.618950] pimreg: left allmulticast mode
[   45.619219] pimreg: left allmulticast mode
[   45.619480] pimreg: left allmulticast mode
[   45.619727] pimreg: left allmulticast mode
[   45.620310] pimreg: left allmulticast mode
[   45.620679] pimreg: left allmulticast mode
[   45.620955] pimreg: left allmulticast mode
[   45.621261] pimreg: left allmulticast mode
[   45.636202] pimreg: entered allmulticast mode
[   45.656481] pimreg: entered allmulticast mode
[   45.667246] pimreg: entered allmulticast mode
[   45.679375] pimreg: entered allmulticast mode
[   45.701692] pimreg: entered allmulticast mode
[   45.730331] pimreg: entered allmulticast mode
[   45.761655] pimreg: entered allmulticast mode
[   45.785942] pimreg: entered allmulticast mode
[   45.799176] pimreg: left allmulticast mode
[   45.799866] pimreg: left allmulticast mode
[   45.800186] pimreg: left allmulticast mode
[   45.800503] pimreg: left allmulticast mode
[   45.800795] pimreg: left allmulticast mode
[   45.801072] pimreg: left allmulticast mode
[   45.801369] pimreg: left allmulticast mode
[   45.802019] pimreg: left allmulticast mode
[   45.815381] pimreg: entered allmulticast mode
[   45.834479] pimreg: entered allmulticast mode
[   45.863879] pimreg: entered allmulticast mode
[   45.886143] pimreg: entered allmulticast mode
[   45.909876] pimreg: entered allmulticast mode
[   45.934285] pimreg: entered allmulticast mode
[   45.957967] pimreg: entered allmulticast mode
[   45.981394] pimreg: entered allmulticast mode
[   46.009323] pimreg: entered allmulticast mode
[   46.014429] pimreg: left allmulticast mode
[   46.014970] pimreg: left allmulticast mode
[   46.015235] pimreg: left allmulticast mode
[   46.015533] pimreg: left allmulticast mode
[   46.015802] pimreg: left allmulticast mode
[   46.016085] pimreg: left allmulticast mode
[   46.016382] pimreg: left allmulticast mode
[   46.016667] pimreg: left allmulticast mode
[   46.033445] pimreg: entered allmulticast mode
[   46.058836] pimreg: entered allmulticast mode
[   46.083057] pimreg: entered allmulticast mode
[   46.105801] pimreg: entered allmulticast mode
[   46.130399] pimreg: entered allmulticast mode
[   46.153855] pimreg: entered allmulticast mode
[   46.183556] pimreg: entered allmulticast mode
[   46.183925] pimreg: left allmulticast mode
[   46.184322] pimreg: left allmulticast mode
[   46.184662] pimreg: left allmulticast mode
[   46.184949] pimreg: left allmulticast mode
[   46.185258] pimreg: left allmulticast mode
[   46.185706] pimreg: left allmulticast mode
[   46.186285] pimreg: left allmulticast mode
[   46.186636] pimreg: left allmulticast mode
[   46.203216] pimreg: entered allmulticast mode
[   46.221838] pimreg: entered allmulticast mode
[   46.247151] pimreg: entered allmulticast mode
[   46.269674] pimreg: entered allmulticast mode
[   46.289527] pimreg: entered allmulticast mode
[   46.314239] pimreg: entered allmulticast mode
[   46.337524] pimreg: entered allmulticast mode
[   46.366077] pimreg: entered allmulticast mode
[   46.386543] pimreg: left allmulticast mode
[   46.387240] pimreg: left allmulticast mode
[   46.387540] pimreg: left allmulticast mode
[   46.387954] pimreg: left allmulticast mode
[   46.388225] pimreg: left allmulticast mode
[   46.388496] pimreg: left allmulticast mode
[   46.388743] pimreg: left allmulticast mode
[   46.389056] pimreg: left allmulticast mode
[   46.401923] pimreg: entered allmulticast mode
[   46.423465] pimreg: entered allmulticast mode
[   46.448757] pimreg: entered allmulticast mode
[   46.470507] pimreg: entered allmulticast mode
[   46.495485] pimreg: entered allmulticast mode
[   46.518006] pimreg: entered allmulticast mode
[   46.537564] pimreg: entered allmulticast mode
[   46.542998] pimreg: left allmulticast mode
[   46.543302] pimreg: left allmulticast mode
[   46.543552] pimreg: left allmulticast mode
[   46.543796] pimreg: left allmulticast mode
[   46.544039] pimreg: left allmulticast mode
[   46.544355] pimreg: left allmulticast mode
[   46.544642] pimreg: left allmulticast mode
[   46.557125] pimreg: entered allmulticast mode
[   46.578678] pimreg: entered allmulticast mode
[   46.604654] pimreg: entered allmulticast mode
[   46.626754] pimreg: entered allmulticast mode
[   46.649739] pimreg: entered allmulticast mode
[   46.673897] pimreg: entered allmulticast mode
[   46.694598] pimreg: entered allmulticast mode
[   46.714443] pimreg: left allmulticast mode
[   46.714775] pimreg: left allmulticast mode
[   46.715032] pimreg: left allmulticast mode
[   46.715301] pimreg: left allmulticast mode
[   46.715601] pimreg: left allmulticast mode
[   46.715896] pimreg: left allmulticast mode
[   46.716191] pimreg: left allmulticast mode
[   46.716936] pimreg: left allmulticast mode
[   46.730394] pimreg: entered allmulticast mode
[   46.755312] pimreg: entered allmulticast mode
[   46.774720] pimreg: entered allmulticast mode
[   46.798505] pimreg: entered allmulticast mode
[   46.823010] pimreg: entered allmulticast mode
[   46.842207] pimreg: entered allmulticast mode
[   46.861976] pimreg: entered allmulticast mode
[   46.862559] pimreg: left allmulticast mode
[   46.862969] pimreg: left allmulticast mode
[   46.863307] pimreg: left allmulticast mode
[   46.863610] pimreg: left allmulticast mode
[   46.863906] pimreg: left allmulticast mode
[   46.864234] pimreg: left allmulticast mode
[   46.875967] pimreg: entered allmulticast mode
[   46.893808] pimreg: entered allmulticast mode
[   46.919264] pimreg: entered allmulticast mode
[   46.942559] pimreg: entered allmulticast mode
[   46.962510] pimreg: entered allmulticast mode
[   46.981955] pimreg: entered allmulticast mode
[   47.001967] pimreg: entered allmulticast mode
[   47.022398] pimreg: left allmulticast mode
[   47.022750] pimreg: left allmulticast mode
[   47.023069] pimreg: left allmulticast mode
[   47.023985] pimreg: left allmulticast mode
[   47.024348] pimreg: left allmulticast mode
[   47.024661] pimreg: left allmulticast mode
[   47.024964] pimreg: left allmulticast mode
[   47.036992] pimreg: entered allmulticast mode
[   47.058164] pimreg: entered allmulticast mode
[   47.085250] pimreg: entered allmulticast mode
[   47.106028] pimreg: entered allmulticast mode
[   47.121782] pimreg: entered allmulticast mode
[   47.141873] pimreg: entered allmulticast mode
[   47.166727] pimreg: entered allmulticast mode
[   47.194587] pimreg: entered allmulticast mode
[   47.206927] pimreg: left allmulticast mode
[   47.207530] pimreg: left allmulticast mode
[   47.207805] pimreg: left allmulticast mode
[   47.208061] pimreg: left allmulticast mode
[   47.208363] pimreg: left allmulticast mode
[   47.208649] pimreg: left allmulticast mode
[   47.208945] pimreg: left allmulticast mode
[   47.209236] pimreg: left allmulticast mode
[   47.223665] pimreg: entered allmulticast mode
[   47.243795] pimreg: entered allmulticast mode
[   47.259052] pimreg: entered allmulticast mode
[   47.277933] pimreg: entered allmulticast mode
[   47.301919] pimreg: entered allmulticast mode
[   47.322043] pimreg: entered allmulticast mode
[   47.342122] pimreg: entered allmulticast mode
[   47.362503] pimreg: entered allmulticast mode
[   47.378730] pimreg: left allmulticast mode
[   47.379015] pimreg: left allmulticast mode
[   47.379282] pimreg: left allmulticast mode
[   47.379526] pimreg: left allmulticast mode
[   47.379834] pimreg: left allmulticast mode
[   47.380475] pimreg: left allmulticast mode
[   47.380796] pimreg: left allmulticast mode
[   47.381091] pimreg: left allmulticast mode
[   47.394058] pimreg: entered allmulticast mode
[   47.416132] pimreg: entered allmulticast mode
[   47.427282] pimreg: entered allmulticast mode
[   47.447104] pimreg: entered allmulticast mode
[   47.466209] pimreg: entered allmulticast mode
[   47.485879] pimreg: entered allmulticast mode
[   47.510570] pimreg: entered allmulticast mode
[   47.526331] pimreg: left allmulticast mode
[   47.526668] pimreg: left allmulticast mode
[   47.526922] pimreg: left allmulticast mode
[   47.527398] pimreg: left allmulticast mode
[   47.527948] pimreg: left allmulticast mode
[   47.528299] pimreg: left allmulticast mode
[   47.528585] pimreg: left allmulticast mode
[   47.539658] pimreg: entered allmulticast mode
[   47.557931] pimreg: entered allmulticast mode
[   47.596243] pimreg: entered allmulticast mode
[   47.616746] pimreg: entered allmulticast mode
[   47.622717] pimreg: left allmulticast mode
[   47.623075] pimreg: left allmulticast mode
[   47.623372] pimreg: left allmulticast mode
[   47.623670] pimreg: left allmulticast mode
[   47.641740] pimreg: entered allmulticast mode
[   47.654083] pimreg: entered allmulticast mode
[   47.667644] pimreg: entered allmulticast mode
[   47.678212] pimreg: entered allmulticast mode
[   47.697951] pimreg: entered allmulticast mode
[   47.702085] pimreg: left allmulticast mode
[   47.702435] pimreg: left allmulticast mode
[   47.702686] pimreg: left allmulticast mode
[   47.702933] pimreg: left allmulticast mode
[   47.713599] pimreg: entered allmulticast mode
[   47.742278] pimreg: entered allmulticast mode
[   47.763614] pimreg: entered allmulticast mode
[   47.781735] pimreg: entered allmulticast mode
[   47.793566] pimreg: entered allmulticast mode
[   47.818443] pimreg: entered allmulticast mode
[   47.834292] pimreg: left allmulticast mode
[   47.834654] pimreg: left allmulticast mode
[   47.834961] pimreg: left allmulticast mode
[   47.835270] pimreg: left allmulticast mode
[   47.835576] pimreg: left allmulticast mode
[   47.835851] pimreg: left allmulticast mode
[   47.836124] pimreg: left allmulticast mode
[   47.847700] pimreg: entered allmulticast mode
[   47.878538] pimreg: entered allmulticast mode
[   47.902964] pimreg: entered allmulticast mode
[   47.926658] pimreg: entered allmulticast mode
[   47.945473] pimreg: entered allmulticast mode
[   47.973786] pimreg: entered allmulticast mode
[   47.997998] pimreg: entered allmulticast mode
[   48.002334] pimreg: left allmulticast mode
[   48.002717] pimreg: left allmulticast mode
[   48.003007] pimreg: left allmulticast mode
[   48.003338] pimreg: left allmulticast mode
[   48.003635] pimreg: left allmulticast mode
[   48.004146] pimreg: left allmulticast mode
[   48.004591] pimreg: left allmulticast mode
[   48.018595] pimreg: entered allmulticast mode
[   48.042552] pimreg: entered allmulticast mode
[   48.067986] pimreg: entered allmulticast mode
[   48.086036] pimreg: entered allmulticast mode
[   48.110291] pimreg: entered allmulticast mode
[   48.137641] pimreg: entered allmulticast mode
[   48.162611] pimreg: entered allmulticast mode
[   48.186228] pimreg: entered allmulticast mode
[   48.198813] pimreg: left allmulticast mode
[   48.199141] pimreg: left allmulticast mode
[   48.199402] pimreg: left allmulticast mode
[   48.199702] pimreg: left allmulticast mode
[   48.200016] pimreg: left allmulticast mode
[   48.200313] pimreg: left allmulticast mode
[   48.200607] pimreg: left allmulticast mode
[   48.200895] pimreg: left allmulticast mode
[   48.214259] pimreg: entered allmulticast mode
[   48.242328] pimreg: entered allmulticast mode
[   48.266905] pimreg: entered allmulticast mode
[   48.277216] pimreg: entered allmulticast mode
[   48.302793] pimreg: entered allmulticast mode
[   48.305806] systemd-journald[144]: Data hash table of /run/log/journal/938775788448454bb5b34822d5730c41/system.journal has a fill level at 75.0 (5360 of 7146 items, 4116480 file size, 768 bytes per hash table item), suggesting rotation.
[   48.307255] systemd-journald[144]: /run/log/journal/938775788448454bb5b34822d5730c41/system.journal: Journal header limits reached or header out-of-date, rotating.
[   48.319132] pimreg: entered allmulticast mode
[   48.335079] pimreg: entered allmulticast mode
[   48.358075] pimreg: entered allmulticast mode
[   48.378265] pimreg: entered allmulticast mode
[   48.386010] pimreg: left allmulticast mode
[   48.386365] pimreg: left allmulticast mode
[   48.386674] pimreg: left allmulticast mode
[   48.386973] pimreg: left allmulticast mode
[   48.387675] pimreg: left allmulticast mode
[   48.388005] pimreg: left allmulticast mode
[   48.388324] pimreg: left allmulticast mode
[   48.388625] pimreg: left allmulticast mode
[   48.388924] pimreg: left allmulticast mode
[   48.403197] pimreg: entered allmulticast mode
[   48.429643] pimreg: entered allmulticast mode
[   48.459099] pimreg: entered allmulticast mode
[   48.470320] pimreg: entered allmulticast mode
[   48.491465] pimreg: entered allmulticast mode
[   48.513872] pimreg: entered allmulticast mode
[   48.538045] pimreg: entered allmulticast mode
[   48.561799] pimreg: entered allmulticast mode
[   48.582339] pimreg: entered allmulticast mode
[   48.586620] pimreg: left allmulticast mode
[   48.586969] pimreg: left allmulticast mode
[   48.587249] pimreg: left allmulticast mode
[   48.587509] pimreg: left allmulticast mode
[   48.587758] pimreg: left allmulticast mode
[   48.588067] pimreg: left allmulticast mode
[   48.588388] pimreg: left allmulticast mode
[   48.588683] pimreg: left allmulticast mode
[   48.610401] pimreg: entered allmulticast mode
[   48.628031] pimreg: entered allmulticast mode
[   48.651987] pimreg: entered allmulticast mode
[   48.678287] pimreg: entered allmulticast mode
[   48.701464] pimreg: entered allmulticast mode
[   48.722819] pimreg: entered allmulticast mode
[   48.741743] pimreg: entered allmulticast mode
[   48.765648] pimreg: entered allmulticast mode
[   48.786331] pimreg: entered allmulticast mode
[   48.795068] pimreg: left allmulticast mode
[   48.795412] pimreg: left allmulticast mode
[   48.795684] pimreg: left allmulticast mode
[   48.795991] pimreg: left allmulticast mode
[   48.796308] pimreg: left allmulticast mode
[   48.796605] pimreg: left allmulticast mode
[   48.796901] pimreg: left allmulticast mode
[   48.797203] pimreg: left allmulticast mode
[   48.797545] pimreg: left allmulticast mode
[   48.797860] pimreg: left allmulticast mode
[   48.813874] pimreg: entered allmulticast mode
[   48.843919] pimreg: entered allmulticast mode
[   48.868225] pimreg: entered allmulticast mode
[   48.894472] pimreg: entered allmulticast mode
[   48.917642] pimreg: entered allmulticast mode
[   48.946342] pimreg: entered allmulticast mode
[   48.969670] pimreg: entered allmulticast mode
[   48.993572] pimreg: entered allmulticast mode
[   49.017632] pimreg: entered allmulticast mode
[   49.041841] pimreg: entered allmulticast mode
[   49.046694] pimreg: left allmulticast mode
[   49.047560] pimreg: left allmulticast mode
[   49.048242] pimreg: left allmulticast mode
[   49.048518] pimreg: left allmulticast mode
[   49.048766] pimreg: left allmulticast mode
[   49.049066] pimreg: left allmulticast mode
[   49.049382] pimreg: left allmulticast mode
[   49.049762] pimreg: left allmulticast mode
[   49.050069] pimreg: left allmulticast mode
[   49.050375] pimreg: left allmulticast mode
[   49.066688] pimreg: entered allmulticast mode
[   49.087791] pimreg: entered allmulticast mode
[   49.112425] pimreg: entered allmulticast mode
[   49.142968] pimreg: entered allmulticast mode
[   49.162087] pimreg: entered allmulticast mode
[   49.181544] pimreg: entered allmulticast mode
[   49.205749] pimreg: entered allmulticast mode
[   49.229905] pimreg: entered allmulticast mode
[   49.253823] pimreg: entered allmulticast mode
[   49.277982] pimreg: entered allmulticast mode
[   49.291463] pimreg: left allmulticast mode
[   49.292063] pimreg: left allmulticast mode
[   49.292422] pimreg: left allmulticast mode
[   49.292722] pimreg: left allmulticast mode
[   49.293019] pimreg: left allmulticast mode
[   49.293333] pimreg: left allmulticast mode
[   49.293681] pimreg: left allmulticast mode
[   49.293984] pimreg: left allmulticast mode
[   49.294292] pimreg: left allmulticast mode
[   49.294587] pimreg: left allmulticast mode
[   49.311192] pimreg: entered allmulticast mode
[   49.331974] pimreg: entered allmulticast mode
[   49.354803] pimreg: entered allmulticast mode
[   49.378592] pimreg: entered allmulticast mode
[   49.389486] pimreg: entered allmulticast mode
[   49.421810] pimreg: entered allmulticast mode
[   49.446168] pimreg: entered allmulticast mode
[   49.469917] pimreg: entered allmulticast mode
[   49.497892] pimreg: entered allmulticast mode
[   49.511542] pimreg: left allmulticast mode
[   49.512233] pimreg: left allmulticast mode
[   49.512523] pimreg: left allmulticast mode
[   49.512770] pimreg: left allmulticast mode
[   49.513073] pimreg: left allmulticast mode
[   49.513441] pimreg: left allmulticast mode
[   49.513752] pimreg: left allmulticast mode
[   49.514052] pimreg: left allmulticast mode
[   49.514357] pimreg: left allmulticast mode
[   49.529644] pimreg: entered allmulticast mode
[   49.551699] pimreg: entered allmulticast mode
[   49.577215] pimreg: entered allmulticast mode
[   49.606327] pimreg: entered allmulticast mode
[   49.629959] pimreg: entered allmulticast mode
[   49.654503] pimreg: entered allmulticast mode
[   49.678102] pimreg: entered allmulticast mode
[   49.701449] pimreg: entered allmulticast mode
[   49.725863] pimreg: entered allmulticast mode
[   49.739128] pimreg: left allmulticast mode
[   49.739443] pimreg: left allmulticast mode
[   49.739734] pimreg: left allmulticast mode
[   49.740018] pimreg: left allmulticast mode
[   49.740310] pimreg: left allmulticast mode
[   49.740594] pimreg: left allmulticast mode
[   49.740879] pimreg: left allmulticast mode
[   49.741163] pimreg: left allmulticast mode
[   49.741460] pimreg: left allmulticast mode
[   49.756196] pimreg: entered allmulticast mode
[   49.775746] pimreg: entered allmulticast mode
[   49.802230] pimreg: entered allmulticast mode
[   49.830053] pimreg: entered allmulticast mode
[   49.858727] pimreg: entered allmulticast mode
[   49.881844] pimreg: entered allmulticast mode
[   49.906148] pimreg: entered allmulticast mode
[   49.926023] pimreg: entered allmulticast mode
[   49.945571] pimreg: entered allmulticast mode
[   49.950600] pimreg: left allmulticast mode
[   49.950939] pimreg: left allmulticast mode
[   49.951209] pimreg: left allmulticast mode
[   49.951510] pimreg: left allmulticast mode
[   49.951803] pimreg: left allmulticast mode
[   49.952108] pimreg: left allmulticast mode
[   49.952713] pimreg: left allmulticast mode
[   49.953046] pimreg: left allmulticast mode
[   49.953339] pimreg: left allmulticast mode
[   49.968245] pimreg: entered allmulticast mode
[   49.995541] pimreg: entered allmulticast mode
[   50.027490] pimreg: entered allmulticast mode
[   50.054689] pimreg: entered allmulticast mode
[   50.077362] pimreg: entered allmulticast mode
[   50.105814] pimreg: entered allmulticast mode
[   50.134460] pimreg: entered allmulticast mode
[   50.157525] pimreg: entered allmulticast mode
[   50.186207] pimreg: entered allmulticast mode
[   50.198318] pimreg: left allmulticast mode
[   50.198642] pimreg: left allmulticast mode
[   50.198894] pimreg: left allmulticast mode
[   50.199157] pimreg: left allmulticast mode
[   50.199404] pimreg: left allmulticast mode
[   50.199695] pimreg: left allmulticast mode
[   50.200170] pimreg: left allmulticast mode
[   50.200933] pimreg: left allmulticast mode
[   50.201219] pimreg: left allmulticast mode
[   50.216767] pimreg: entered allmulticast mode
[   50.251026] pimreg: entered allmulticast mode
[   50.270608] pimreg: entered allmulticast mode
[   50.294717] pimreg: entered allmulticast mode
[   50.313944] pimreg: entered allmulticast mode
[   50.334630] pimreg: entered allmulticast mode
[   50.354431] pimreg: entered allmulticast mode
[   50.354794] pimreg: left allmulticast mode
[   50.355171] pimreg: left allmulticast mode
[   50.355480] pimreg: left allmulticast mode
[   50.355781] pimreg: left allmulticast mode
[   50.356076] pimreg: left allmulticast mode
[   50.356376] pimreg: left allmulticast mode
[   50.367444] pimreg: entered allmulticast mode
[   50.385646] pimreg: entered allmulticast mode
[   50.412083] pimreg: entered allmulticast mode
[   50.434341] pimreg: entered allmulticast mode
[   50.458376] pimreg: entered allmulticast mode
[   50.469704] pimreg: entered allmulticast mode
[   50.494286] pimreg: entered allmulticast mode
[   50.499044] pimreg: left allmulticast mode
[   50.499405] pimreg: left allmulticast mode
[   50.499726] pimreg: left allmulticast mode
[   50.500036] pimreg: left allmulticast mode
[   50.500348] pimreg: left allmulticast mode
[   50.500643] pimreg: left allmulticast mode
[   50.500938] pimreg: left allmulticast mode
[   50.519350] pimreg: entered allmulticast mode
[   50.537505] pimreg: entered allmulticast mode
[   50.558560] pimreg: entered allmulticast mode
[   50.582173] pimreg: entered allmulticast mode
[   50.606180] pimreg: entered allmulticast mode
[   50.630192] pimreg: entered allmulticast mode
[   50.654564] pimreg: left allmulticast mode
[   50.654869] pimreg: left allmulticast mode
[   50.655137] pimreg: left allmulticast mode
[   50.655416] pimreg: left allmulticast mode
[   50.655678] pimreg: left allmulticast mode
[   50.655930] pimreg: left allmulticast mode
[   50.656204] pimreg: left allmulticast mode
[   50.667462] pimreg: entered allmulticast mode
[   50.687739] pimreg: entered allmulticast mode
[   50.717094] pimreg: entered allmulticast mode
[   50.742382] pimreg: entered allmulticast mode
[   50.769399] pimreg: entered allmulticast mode
[   50.801538] pimreg: entered allmulticast mode
[   50.829846] pimreg: entered allmulticast mode
[   50.857644] pimreg: entered allmulticast mode
[   50.862689] pimreg: left allmulticast mode
[   50.863146] pimreg: left allmulticast mode
[   50.863511] pimreg: left allmulticast mode
[   50.863846] pimreg: left allmulticast mode
[   50.864250] pimreg: left allmulticast mode
[   50.864560] pimreg: left allmulticast mode
[   50.864843] pimreg: left allmulticast mode
[   50.865157] pimreg: left allmulticast mode
[   50.881838] pimreg: entered allmulticast mode
[   50.914216] pimreg: entered allmulticast mode
[   50.944487] pimreg: entered allmulticast mode
[   50.985641] pimreg: entered allmulticast mode
[   51.013979] pimreg: entered allmulticast mode
[   51.041649] pimreg: entered allmulticast mode
[   51.069966] pimreg: entered allmulticast mode
[   51.090139] pimreg: entered allmulticast mode
[   51.118034] pimreg: entered allmulticast mode
[   51.122383] pimreg: left allmulticast mode
[   51.122761] pimreg: left allmulticast mode
[   51.123055] pimreg: left allmulticast mode
[   51.123362] pimreg: left allmulticast mode
[   51.124376] pimreg: left allmulticast mode
[   51.124772] pimreg: left allmulticast mode
[   51.125065] pimreg: left allmulticast mode
[   51.125391] pimreg: left allmulticast mode
[   51.125734] pimreg: left allmulticast mode
[   51.140820] pimreg: entered allmulticast mode
[   51.162902] pimreg: entered allmulticast mode
[   51.177296] pimreg: entered allmulticast mode
[   51.190946] pimreg: entered allmulticast mode
[   51.214259] pimreg: entered allmulticast mode
[   51.230557] pimreg: left allmulticast mode
[   51.230903] pimreg: left allmulticast mode
[   51.231243] pimreg: left allmulticast mode
[   51.231578] pimreg: left allmulticast mode
[   51.231905] pimreg: left allmulticast mode
[   51.241829] pimreg: entered allmulticast mode
[   51.270938] pimreg: entered allmulticast mode
[   51.293210] pimreg: entered allmulticast mode
[   51.313243] pimreg: entered allmulticast mode
[   51.334476] pimreg: entered allmulticast mode
[   51.354252] pimreg: entered allmulticast mode
[   51.370423] pimreg: left allmulticast mode
[   51.370761] pimreg: left allmulticast mode
[   51.371285] pimreg: left allmulticast mode
[   51.371662] pimreg: left allmulticast mode
[   51.371972] pimreg: left allmulticast mode
[   51.372285] pimreg: left allmulticast mode
[   51.382828] pimreg: entered allmulticast mode
[   51.400838] pimreg: entered allmulticast mode
[   51.421207] pimreg: entered allmulticast mode
[   51.446551] pimreg: entered allmulticast mode
[   51.474052] pimreg: entered allmulticast mode
[   51.501578] pimreg: entered allmulticast mode
[   51.529825] pimreg: entered allmulticast mode
[   51.550313] pimreg: left allmulticast mode
[   51.550652] pimreg: left allmulticast mode
[   51.550975] pimreg: left allmulticast mode
[   51.551302] pimreg: left allmulticast mode
[   51.551614] pimreg: left allmulticast mode
[   51.552099] pimreg: left allmulticast mode
[   51.552412] pimreg: left allmulticast mode
[   51.563908] pimreg: entered allmulticast mode
[   51.596363] pimreg: entered allmulticast mode
[   51.622590] pimreg: entered allmulticast mode
[   51.635455] pimreg: entered allmulticast mode
[   51.649846] pimreg: entered allmulticast mode
[   51.669635] pimreg: entered allmulticast mode
[   51.689794] pimreg: entered allmulticast mode
[   51.718034] pimreg: entered allmulticast mode
[   51.722382] pimreg: left allmulticast mode
[   51.722764] pimreg: left allmulticast mode
[   51.723108] pimreg: left allmulticast mode
[   51.723416] pimreg: left allmulticast mode
[   51.723701] pimreg: left allmulticast mode
[   51.723994] pimreg: left allmulticast mode
[   51.724868] pimreg: left allmulticast mode
[   51.725247] pimreg: left allmulticast mode
[   51.739599] pimreg: entered allmulticast mode
[   51.758866] pimreg: entered allmulticast mode
[   51.789084] pimreg: entered allmulticast mode
[   51.802687] pimreg: entered allmulticast mode
[   51.841629] pimreg: entered allmulticast mode
[   51.873667] pimreg: entered allmulticast mode
[   51.897695] pimreg: entered allmulticast mode
[   51.902567] pimreg: left allmulticast mode
[   51.902904] pimreg: left allmulticast mode
[   51.903193] pimreg: left allmulticast mode
[   51.903494] pimreg: left allmulticast mode
[   51.903792] pimreg: left allmulticast mode
[   51.904404] pimreg: left allmulticast mode
[   51.904746] pimreg: left allmulticast mode
[   51.917383] pimreg: entered allmulticast mode
[   51.949777] pimreg: entered allmulticast mode
[   51.973302] pimreg: entered allmulticast mode
[   51.986470] pimreg: entered allmulticast mode
[   52.009980] pimreg: entered allmulticast mode
[   52.030849] pimreg: left allmulticast mode
[   52.031209] pimreg: left allmulticast mode
[   52.031533] pimreg: left allmulticast mode
[   52.031828] pimreg: left allmulticast mode
[   52.032151] pimreg: left allmulticast mode
[   52.041220] pimreg: entered allmulticast mode
[   52.062015] pimreg: entered allmulticast mode
[   52.089163] pimreg: entered allmulticast mode
[   52.114185] pimreg: entered allmulticast mode
[   52.129846] pimreg: entered allmulticast mode
[   52.149947] pimreg: entered allmulticast mode
[   52.174366] pimreg: left allmulticast mode
[   52.174769] pimreg: left allmulticast mode
[   52.175106] pimreg: left allmulticast mode
[   52.175398] pimreg: left allmulticast mode
[   52.176063] pimreg: left allmulticast mode
[   52.176366] pimreg: left allmulticast mode
[   52.186887] pimreg: entered allmulticast mode
[   52.205118] pimreg: entered allmulticast mode
[   52.238094] pimreg: entered allmulticast mode
[   52.270147] pimreg: entered allmulticast mode
[   52.294539] pimreg: entered allmulticast mode
[   52.306384] pimreg: entered allmulticast mode
[   52.314107] pimreg: left allmulticast mode
[   52.315069] pimreg: left allmulticast mode
[   52.315343] pimreg: left allmulticast mode
[   52.315628] pimreg: left allmulticast mode
[   52.315887] pimreg: left allmulticast mode
[   52.316154] pimreg: left allmulticast mode
[   52.327644] pimreg: entered allmulticast mode
[   52.356514] pimreg: entered allmulticast mode
[   52.379153] pimreg: entered allmulticast mode
[   52.398800] pimreg: entered allmulticast mode
[   52.421729] pimreg: entered allmulticast mode
[   52.442187] pimreg: entered allmulticast mode
[   52.457824] pimreg: entered allmulticast mode
[   52.466305] pimreg: left allmulticast mode
[   52.466646] pimreg: left allmulticast mode
[   52.466897] pimreg: left allmulticast mode
[   52.467161] pimreg: left allmulticast mode
[   52.467409] pimreg: left allmulticast mode
[   52.467674] pimreg: left allmulticast mode
[   52.467921] pimreg: left allmulticast mode
[   52.480777] pimreg: entered allmulticast mode
[   52.501770] pimreg: entered allmulticast mode
[   52.526280] pimreg: entered allmulticast mode
[   52.550409] pimreg: entered allmulticast mode
[   52.566096] pimreg: entered allmulticast mode
[   52.585336] pimreg: entered allmulticast mode
[   52.613637] pimreg: entered allmulticast mode
[   52.638446] pimreg: left allmulticast mode
[   52.639195] pimreg: left allmulticast mode
[   52.639479] pimreg: left allmulticast mode
[   52.639766] pimreg: left allmulticast mode
[   52.640020] pimreg: left allmulticast mode
[   52.640293] pimreg: left allmulticast mode
[   52.640542] pimreg: left allmulticast mode
[   52.651632] pimreg: entered allmulticast mode
[   52.670154] pimreg: entered allmulticast mode
[   52.689596] pimreg: entered allmulticast mode
[   52.701578] pimreg: entered allmulticast mode
[   52.721774] pimreg: entered allmulticast mode
[   52.738047] pimreg: entered allmulticast mode
[   52.762080] pimreg: entered allmulticast mode
[   52.790821] pimreg: left allmulticast mode
[   52.791187] pimreg: left allmulticast mode
[   52.791478] pimreg: left allmulticast mode
[   52.791790] pimreg: left allmulticast mode
[   52.792134] pimreg: left allmulticast mode
[   52.792456] pimreg: left allmulticast mode
[   52.792754] pimreg: left allmulticast mode
[   52.807438] pimreg: entered allmulticast mode
[   52.833738] pimreg: entered allmulticast mode
[   52.860643] pimreg: entered allmulticast mode
[   52.886185] pimreg: entered allmulticast mode
[   52.909758] pimreg: entered allmulticast mode
[   52.926150] pimreg: entered allmulticast mode
[   52.945865] pimreg: entered allmulticast mode
[   52.966420] pimreg: entered allmulticast mode
[   52.966791] pimreg: left allmulticast mode
[   52.967173] pimreg: left allmulticast mode
[   52.967499] pimreg: left allmulticast mode
[   52.967801] pimreg: left allmulticast mode
[   52.968099] pimreg: left allmulticast mode
[   52.968414] pimreg: left allmulticast mode
[   52.968706] pimreg: left allmulticast mode
[   52.981319] pimreg: entered allmulticast mode
[   53.002666] pimreg: entered allmulticast mode
[   53.028910] pimreg: entered allmulticast mode
[   53.050311] pimreg: entered allmulticast mode
[   53.069751] pimreg: entered allmulticast mode
[   53.089829] pimreg: entered allmulticast mode
[   53.109771] pimreg: entered allmulticast mode
[   53.130635] pimreg: entered allmulticast mode
[   53.131019] pimreg: left allmulticast mode
[   53.131398] pimreg: left allmulticast mode
[   53.131729] pimreg: left allmulticast mode
[   53.132040] pimreg: left allmulticast mode
[   53.132350] pimreg: left allmulticast mode
[   53.132651] pimreg: left allmulticast mode
[   53.132948] pimreg: left allmulticast mode
[   53.133267] pimreg: left allmulticast mode
[   53.133590] pimreg: left allmulticast mode
[   53.148971] pimreg: entered allmulticast mode
[   53.172432] pimreg: entered allmulticast mode
[   53.205744] pimreg: entered allmulticast mode
[   53.237566] pimreg: entered allmulticast mode
[   53.278051] pimreg: entered allmulticast mode
[   53.310313] pimreg: entered allmulticast mode
[   53.341953] pimreg: entered allmulticast mode
[   53.369332] pimreg: entered allmulticast mode
[   53.401529] pimreg: entered allmulticast mode
[   53.406677] pimreg: left allmulticast mode
[   53.407048] pimreg: left allmulticast mode
[   53.407372] pimreg: left allmulticast mode
[   53.407670] pimreg: left allmulticast mode
[   53.407967] pimreg: left allmulticast mode
[   53.408268] pimreg: left allmulticast mode
[   53.408555] pimreg: left allmulticast mode
[   53.408848] pimreg: left allmulticast mode
[   53.425055] pimreg: entered allmulticast mode
[   53.458437] pimreg: entered allmulticast mode
[   53.485132] pimreg: entered allmulticast mode
[   53.506491] pimreg: entered allmulticast mode
[   53.525983] pimreg: entered allmulticast mode
[   53.545962] pimreg: entered allmulticast mode
[   53.566015] pimreg: entered allmulticast mode
[   53.586579] pimreg: entered allmulticast mode
[   53.610935] pimreg: left allmulticast mode
[   53.611344] pimreg: left allmulticast mode
[   53.611606] pimreg: left allmulticast mode
[   53.611855] pimreg: left allmulticast mode
[   53.612111] pimreg: left allmulticast mode
[   53.612457] pimreg: left allmulticast mode
[   53.612770] pimreg: left allmulticast mode
[   53.613080] pimreg: left allmulticast mode
[   53.613375] pimreg: left allmulticast mode
[   53.627225] pimreg: entered allmulticast mode
[   53.648340] pimreg: entered allmulticast mode
[   53.658663] pimreg: entered allmulticast mode
[   53.677706] pimreg: entered allmulticast mode
[   53.689381] pimreg: entered allmulticast mode
[   53.726179] pimreg: entered allmulticast mode
[   53.750093] pimreg: entered allmulticast mode
[   53.770169] pimreg: entered allmulticast mode
[   53.789711] pimreg: entered allmulticast mode
[   53.802384] pimreg: left allmulticast mode
[   53.802705] pimreg: left allmulticast mode
[   53.803026] pimreg: left allmulticast mode
[   53.803311] pimreg: left allmulticast mode
[   53.803617] pimreg: left allmulticast mode
[   53.803920] pimreg: left allmulticast mode
[   53.804225] pimreg: left allmulticast mode
[   53.804516] pimreg: left allmulticast mode
[   53.804803] pimreg: left allmulticast mode
[   53.819556] pimreg: entered allmulticast mode
[   53.847300] pimreg: entered allmulticast mode
[   53.877738] pimreg: entered allmulticast mode
[   53.897542] pimreg: entered allmulticast mode
[   53.926086] pimreg: entered allmulticast mode
[   53.953770] pimreg: entered allmulticast mode
[   53.977840] pimreg: entered allmulticast mode
[   54.005528] pimreg: entered allmulticast mode
[   54.045667] pimreg: entered allmulticast mode
[   54.070341] pimreg: left allmulticast mode
[   54.070673] pimreg: left allmulticast mode
[   54.070926] pimreg: left allmulticast mode
[   54.071218] pimreg: left allmulticast mode
[   54.071486] pimreg: left allmulticast mode
[   54.072017] pimreg: left allmulticast mode
[   54.072382] pimreg: left allmulticast mode
[   54.072675] pimreg: left allmulticast mode
[   54.072965] pimreg: left allmulticast mode
[   54.087005] pimreg: entered allmulticast mode
[   54.109015] pimreg: entered allmulticast mode
[   54.132264] pimreg: entered allmulticast mode
[   54.151160] pimreg: entered allmulticast mode
[   54.174429] pimreg: entered allmulticast mode
[   54.197705] pimreg: entered allmulticast mode
[   54.221898] pimreg: entered allmulticast mode
[   54.241652] pimreg: entered allmulticast mode
[   54.273855] pimreg: entered allmulticast mode
[   54.298756] pimreg: left allmulticast mode
[   54.299059] pimreg: left allmulticast mode
[   54.299316] pimreg: left allmulticast mode
[   54.299585] pimreg: left allmulticast mode
[   54.299896] pimreg: left allmulticast mode
[   54.300213] pimreg: left allmulticast mode
[   54.300501] pimreg: left allmulticast mode
[   54.300793] pimreg: left allmulticast mode
[   54.301093] pimreg: left allmulticast mode
[   54.314792] pimreg: entered allmulticast mode
[   54.336690] pimreg: entered allmulticast mode
[   54.363016] pimreg: entered allmulticast mode
[   54.386387] pimreg: entered allmulticast mode
[   54.417757] pimreg: entered allmulticast mode
[   54.445549] pimreg: entered allmulticast mode
[   54.473351] pimreg: entered allmulticast mode
[   54.501498] pimreg: entered allmulticast mode
[   54.529952] pimreg: entered allmulticast mode
[   54.543676] pimreg: left allmulticast mode
[   54.544245] pimreg: left allmulticast mode
[   54.544552] pimreg: left allmulticast mode
[   54.544859] pimreg: left allmulticast mode
[   54.545184] pimreg: left allmulticast mode
[   54.545509] pimreg: left allmulticast mode
[   54.545816] pimreg: left allmulticast mode
[   54.546121] pimreg: left allmulticast mode
[   54.546420] pimreg: left allmulticast mode
[   54.561957] pimreg: entered allmulticast mode
[   54.583403] pimreg: entered allmulticast mode
[   54.614691] pimreg: entered allmulticast mode
[   54.641605] pimreg: entered allmulticast mode
[   54.669850] pimreg: entered allmulticast mode
[   54.689337] pimreg: entered allmulticast mode
[   54.713784] pimreg: entered allmulticast mode
[   54.742005] pimreg: entered allmulticast mode
[   54.770359] pimreg: entered allmulticast mode
[   54.774853] pimreg: left allmulticast mode
[   54.775262] pimreg: left allmulticast mode
[   54.775566] pimreg: left allmulticast mode
[   54.775869] pimreg: left allmulticast mode
[   54.776226] pimreg: left allmulticast mode
[   54.776804] pimreg: left allmulticast mode
[   54.777132] pimreg: left allmulticast mode
[   54.779568] pimreg: left allmulticast mode
[   54.780001] pimreg: left allmulticast mode
[   54.794822] pimreg: entered allmulticast mode
[   54.827249] pimreg: entered allmulticast mode
[   54.849912] pimreg: entered allmulticast mode
[   54.882394] pimreg: entered allmulticast mode
[   54.894936] pimreg: entered allmulticast mode
[   54.917749] pimreg: entered allmulticast mode
[   54.941926] pimreg: entered allmulticast mode
[   54.965968] pimreg: entered allmulticast mode
[   54.994430] pimreg: entered allmulticast mode
[   54.998870] pimreg: left allmulticast mode
[   54.999551] pimreg: left allmulticast mode
[   54.999824] pimreg: left allmulticast mode
[   55.000149] pimreg: left allmulticast mode
[   55.000491] pimreg: left allmulticast mode
[   55.000795] pimreg: left allmulticast mode
[   55.001100] pimreg: left allmulticast mode
[   55.001398] pimreg: left allmulticast mode
[   55.016040] pimreg: entered allmulticast mode
[   55.030477] pimreg: entered allmulticast mode
[   55.057994] pimreg: entered allmulticast mode
[   55.089401] pimreg: entered allmulticast mode
[   55.117895] pimreg: entered allmulticast mode
[   55.149623] pimreg: entered allmulticast mode
[   55.181566] pimreg: entered allmulticast mode
[   55.213593] pimreg: entered allmulticast mode
[   55.218593] pimreg: left allmulticast mode
[   55.218947] pimreg: left allmulticast mode
[   55.219256] pimreg: left allmulticast mode
[   55.219560] pimreg: left allmulticast mode
[   55.219861] pimreg: left allmulticast mode
[   55.220168] pimreg: left allmulticast mode
[   55.220463] pimreg: left allmulticast mode
[   55.220754] pimreg: left allmulticast mode
[   55.242223] pimreg: entered allmulticast mode
[   55.266168] pimreg: entered allmulticast mode
[   55.291375] pimreg: entered allmulticast mode
[   55.306099] pimreg: entered allmulticast mode
[   55.326038] pimreg: entered allmulticast mode
[   55.353763] pimreg: entered allmulticast mode
[   55.378256] pimreg: entered allmulticast mode
[   55.393837] pimreg: entered allmulticast mode
[   55.398634] pimreg: left allmulticast mode
[   55.398980] pimreg: left allmulticast mode
[   55.399256] pimreg: left allmulticast mode
[   55.399502] pimreg: left allmulticast mode
[   55.399748] pimreg: left allmulticast mode
[   55.400560] pimreg: left allmulticast mode
[   55.401217] pimreg: left allmulticast mode
[   55.401556] pimreg: left allmulticast mode
[   55.401860] pimreg: left allmulticast mode
[   55.416404] pimreg: entered allmulticast mode
[   55.432408] pimreg: entered allmulticast mode
[   55.459228] pimreg: entered allmulticast mode
[   55.470020] pimreg: entered allmulticast mode
[   55.497567] pimreg: entered allmulticast mode
[   55.526096] pimreg: entered allmulticast mode
[   55.553940] pimreg: entered allmulticast mode
[   55.582081] pimreg: entered allmulticast mode
[   55.609609] pimreg: entered allmulticast mode
[   55.614631] pimreg: left allmulticast mode
[   55.614989] pimreg: left allmulticast mode
[   55.615239] pimreg: left allmulticast mode
[   55.615528] pimreg: left allmulticast mode
[   55.615815] pimreg: left allmulticast mode
[   55.617687] pimreg: left allmulticast mode
[   55.618052] pimreg: left allmulticast mode
[   55.618347] pimreg: left allmulticast mode
[   55.618648] pimreg: left allmulticast mode
[   55.635549] pimreg: entered allmulticast mode
[   55.655576] pimreg: entered allmulticast mode
[   55.695749] pimreg: entered allmulticast mode
[   55.715435] pimreg: entered allmulticast mode
[   55.737996] pimreg: entered allmulticast mode
[   55.753994] pimreg: entered allmulticast mode
[   55.773595] pimreg: entered allmulticast mode
[   55.801495] pimreg: entered allmulticast mode
[   55.833857] pimreg: entered allmulticast mode
[   55.854660] pimreg: left allmulticast mode
[   55.855012] pimreg: left allmulticast mode
[   55.855287] pimreg: left allmulticast mode
[   55.855606] pimreg: left allmulticast mode
[   55.855967] pimreg: left allmulticast mode
[   55.856286] pimreg: left allmulticast mode
[   55.856572] pimreg: left allmulticast mode
[   55.856976] pimreg: left allmulticast mode
[   55.857655] pimreg: left allmulticast mode
[   55.872667] pimreg: entered allmulticast mode
[   55.883039] pimreg: entered allmulticast mode
[   55.903129] pimreg: entered allmulticast mode
[   55.926651] pimreg: entered allmulticast mode
[   55.949675] pimreg: entered allmulticast mode
[   55.978224] pimreg: entered allmulticast mode
[   55.997309] pimreg: entered allmulticast mode
[   56.022997] pimreg: entered allmulticast mode
[   56.045568] pimreg: entered allmulticast mode
[   56.051536] pimreg: left allmulticast mode
[   56.052106] pimreg: left allmulticast mode
[   56.052452] pimreg: left allmulticast mode
[   56.052757] pimreg: left allmulticast mode
[   56.053053] pimreg: left allmulticast mode
[   56.053355] pimreg: left allmulticast mode
[   56.053798] pimreg: left allmulticast mode
[   56.054107] pimreg: left allmulticast mode
[   56.067361] pimreg: entered allmulticast mode
[   56.086962] pimreg: entered allmulticast mode
[   56.117726] pimreg: entered allmulticast mode
[   56.133499] pimreg: entered allmulticast mode
[   56.146386] pimreg: entered allmulticast mode
[   56.177534] pimreg: entered allmulticast mode
[   56.206009] pimreg: entered allmulticast mode
[   56.237552] pimreg: entered allmulticast mode
[   56.242539] pimreg: left allmulticast mode
[   56.243178] pimreg: left allmulticast mode
[   56.243512] pimreg: left allmulticast mode
[   56.243812] pimreg: left allmulticast mode
[   56.244127] pimreg: left allmulticast mode
[   56.244415] pimreg: left allmulticast mode
[   56.244700] pimreg: left allmulticast mode
[   56.244998] pimreg: left allmulticast mode
[   56.261064] pimreg: entered allmulticast mode
[   56.290642] pimreg: entered allmulticast mode
[   56.316357] pimreg: entered allmulticast mode
[   56.337758] pimreg: entered allmulticast mode
[   56.350583] pimreg: entered allmulticast mode
[   56.381655] pimreg: entered allmulticast mode
[   56.417166] pimreg: entered allmulticast mode
[   56.445617] pimreg: entered allmulticast mode
[   56.450553] pimreg: left allmulticast mode
[   56.450872] pimreg: left allmulticast mode
[   56.451148] pimreg: left allmulticast mode
[   56.451443] pimreg: left allmulticast mode
[   56.451720] pimreg: left allmulticast mode
[   56.452015] pimreg: left allmulticast mode
[   56.452305] pimreg: left allmulticast mode
[   56.452587] pimreg: left allmulticast mode
[   56.465253] pimreg: entered allmulticast mode
[   56.477133] pimreg: entered allmulticast mode
[   56.488622] pimreg: entered allmulticast mode
[   56.515015] pimreg: entered allmulticast mode
[   56.542437] pimreg: entered allmulticast mode
[   56.573873] pimreg: entered allmulticast mode
[   56.601725] pimreg: entered allmulticast mode
[   56.630057] pimreg: entered allmulticast mode
[   56.661611] pimreg: entered allmulticast mode
[   56.693690] pimreg: entered allmulticast mode
[   56.698670] pimreg: left allmulticast mode
[   56.699045] pimreg: left allmulticast mode
[   56.699357] pimreg: left allmulticast mode
[   56.699651] pimreg: left allmulticast mode
[   56.699960] pimreg: left allmulticast mode
[   56.700263] pimreg: left allmulticast mode
[   56.700558] pimreg: left allmulticast mode
[   56.700855] pimreg: left allmulticast mode
[   56.701165] pimreg: left allmulticast mode
[   56.701514] pimreg: left allmulticast mode
[   56.718961] pimreg: entered allmulticast mode
[   56.749141] pimreg: entered allmulticast mode
[   56.774389] pimreg: entered allmulticast mode
[   56.802692] pimreg: entered allmulticast mode
[   56.817557] pimreg: entered allmulticast mode
[   56.838354] pimreg: entered allmulticast mode
[   56.870419] pimreg: entered allmulticast mode
[   56.890078] pimreg: entered allmulticast mode
[   56.910485] pimreg: entered allmulticast mode
[   56.930502] pimreg: entered allmulticast mode
[   56.930881] pimreg: left allmulticast mode
[   56.931328] pimreg: left allmulticast mode
[   56.931608] pimreg: left allmulticast mode
[   56.931866] pimreg: left allmulticast mode
[   56.932124] pimreg: left allmulticast mode
[   56.932429] pimreg: left allmulticast mode
[   56.932741] pimreg: left allmulticast mode
[   56.933045] pimreg: left allmulticast mode
[   56.933339] pimreg: left allmulticast mode
[   56.933682] pimreg: left allmulticast mode
[   56.950141] pimreg: entered allmulticast mode
[   56.977066] pimreg: entered allmulticast mode
[   56.994593] pimreg: entered allmulticast mode
[   57.013539] pimreg: entered allmulticast mode
[   57.038308] pimreg: entered allmulticast mode
[   57.053697] pimreg: entered allmulticast mode
[   57.073766] pimreg: entered allmulticast mode
[   57.113593] pimreg: entered allmulticast mode
[   57.141922] pimreg: entered allmulticast mode
[   57.170965] pimreg: entered allmulticast mode
[   57.194858] pimreg: left allmulticast mode
[   57.195222] pimreg: left allmulticast mode
[   57.195562] pimreg: left allmulticast mode
[   57.195894] pimreg: left allmulticast mode
[   57.196664] pimreg: left allmulticast mode
[   57.197021] pimreg: left allmulticast mode
[   57.197325] pimreg: left allmulticast mode
[   57.197682] pimreg: left allmulticast mode
[   57.198002] pimreg: left allmulticast mode
[   57.198297] pimreg: left allmulticast mode
[   57.198587] pimreg: left allmulticast mode
[   57.214531] pimreg: entered allmulticast mode
[   57.241757] pimreg: entered allmulticast mode
[   57.270217] pimreg: entered allmulticast mode
[   57.287632] pimreg: entered allmulticast mode
[   57.310605] pimreg: entered allmulticast mode
[   57.333644] pimreg: entered allmulticast mode
[   57.357869] pimreg: entered allmulticast mode
[   57.385695] pimreg: entered allmulticast mode
[   57.413673] pimreg: entered allmulticast mode
[   57.446122] pimreg: entered allmulticast mode
[   57.473638] pimreg: entered allmulticast mode
[   57.499141] pimreg: left allmulticast mode
[   57.499512] pimreg: left allmulticast mode
[   57.499839] pimreg: left allmulticast mode
[   57.500156] pimreg: left allmulticast mode
[   57.500444] pimreg: left allmulticast mode
[   57.500745] pimreg: left allmulticast mode
[   57.501051] pimreg: left allmulticast mode
[   57.501336] pimreg: left allmulticast mode
[   57.501676] pimreg: left allmulticast mode
[   57.501982] pimreg: left allmulticast mode
[   57.502264] pimreg: left allmulticast mode
[   57.518870] pimreg: entered allmulticast mode
[   57.538679] pimreg: entered allmulticast mode
[   57.560677] pimreg: entered allmulticast mode
[   57.583174] pimreg: entered allmulticast mode
[   57.626538] pimreg: entered allmulticast mode
[   57.649746] pimreg: entered allmulticast mode
[   57.678104] pimreg: entered allmulticast mode
[   57.705925] pimreg: entered allmulticast mode
[   57.723610] pimreg: left allmulticast mode
[   57.724192] pimreg: left allmulticast mode
[   57.724464] pimreg: left allmulticast mode
[   57.724720] pimreg: left allmulticast mode
[   57.725035] pimreg: left allmulticast mode
[   57.725337] pimreg: left allmulticast mode
[   57.725674] pimreg: left allmulticast mode
[   57.725984] pimreg: left allmulticast mode
[   57.739534] pimreg: entered allmulticast mode
[   57.758814] pimreg: entered allmulticast mode
[   57.787834] pimreg: entered allmulticast mode
[   57.806104] pimreg: entered allmulticast mode
[   57.834197] pimreg: entered allmulticast mode
[   57.865701] pimreg: entered allmulticast mode
[   57.890177] pimreg: entered allmulticast mode
[   57.913776] pimreg: entered allmulticast mode
[   57.937613] pimreg: entered allmulticast mode
[   57.942703] pimreg: left allmulticast mode
[   57.943138] pimreg: left allmulticast mode
[   57.943909] pimreg: left allmulticast mode
[   57.944194] pimreg: left allmulticast mode
[   57.944444] pimreg: left allmulticast mode
[   57.944693] pimreg: left allmulticast mode
[   57.944956] pimreg: left allmulticast mode
[   57.945252] pimreg: left allmulticast mode
[   57.959442] pimreg: entered allmulticast mode
[   57.978709] pimreg: entered allmulticast mode
[   58.008797] pimreg: entered allmulticast mode
[   58.037748] pimreg: entered allmulticast mode
[   58.065688] pimreg: entered allmulticast mode
[   58.093630] pimreg: entered allmulticast mode
[   58.122040] pimreg: entered allmulticast mode
[   58.149852] pimreg: entered allmulticast mode
[   58.174809] pimreg: left allmulticast mode
[   58.175604] pimreg: left allmulticast mode
[   58.175914] pimreg: left allmulticast mode
[   58.176229] pimreg: left allmulticast mode
[   58.176517] pimreg: left allmulticast mode
[   58.176780] pimreg: left allmulticast mode
[   58.177056] pimreg: left allmulticast mode
[   58.177305] pimreg: left allmulticast mode
[   58.178016] pimreg: left allmulticast mode
[   58.192388] pimreg: entered allmulticast mode
[   58.212911] pimreg: entered allmulticast mode
[   58.231581] pimreg: entered allmulticast mode
[   58.254144] pimreg: entered allmulticast mode
[   58.278092] pimreg: entered allmulticast mode
[   58.293991] pimreg: entered allmulticast mode
[   58.313645] pimreg: entered allmulticast mode
[   58.341517] pimreg: entered allmulticast mode
[   58.369631] pimreg: entered allmulticast mode
[   58.394551] pimreg: left allmulticast mode
[   58.394910] pimreg: left allmulticast mode
[   58.395172] pimreg: left allmulticast mode
[   58.395430] pimreg: left allmulticast mode
[   58.395736] pimreg: left allmulticast mode
[   58.396693] pimreg: left allmulticast mode
[   58.397032] pimreg: left allmulticast mode
[   58.397332] pimreg: left allmulticast mode
[   58.397676] pimreg: left allmulticast mode
[   58.411214] pimreg: entered allmulticast mode
[   58.435684] pimreg: entered allmulticast mode
[   58.462645] pimreg: entered allmulticast mode
[   58.485975] pimreg: entered allmulticast mode
[   58.518223] pimreg: entered allmulticast mode
[   58.550238] pimreg: entered allmulticast mode
[   58.581574] pimreg: entered allmulticast mode
[   58.614600] pimreg: entered allmulticast mode
[   58.653392] pimreg: entered allmulticast mode
[   58.682757] pimreg: left allmulticast mode
[   58.683100] pimreg: left allmulticast mode
[   58.683385] pimreg: left allmulticast mode
[   58.683653] pimreg: left allmulticast mode
[   58.683923] pimreg: left allmulticast mode
[   58.684184] pimreg: left allmulticast mode
[   58.684495] pimreg: left allmulticast mode
[   58.684791] pimreg: left allmulticast mode
[   58.685121] pimreg: left allmulticast mode
[   58.699402] pimreg: entered allmulticast mode
[   58.719931] pimreg: entered allmulticast mode
[   58.742169] pimreg: entered allmulticast mode
[   58.766559] pimreg: entered allmulticast mode
[   58.790089] pimreg: entered allmulticast mode
[   58.817759] pimreg: entered allmulticast mode
[   58.845785] pimreg: entered allmulticast mode
[   58.874047] pimreg: entered allmulticast mode
[   58.901984] pimreg: entered allmulticast mode
[   58.926893] pimreg: left allmulticast mode
[   58.927590] pimreg: left allmulticast mode
[   58.927911] pimreg: left allmulticast mode
[   58.928203] pimreg: left allmulticast mode
[   58.928868] pimreg: left allmulticast mode
[   58.929152] pimreg: left allmulticast mode
[   58.929704] pimreg: left allmulticast mode
[   58.929988] pimreg: left allmulticast mode
[   58.930238] pimreg: left allmulticast mode
[   58.944540] pimreg: entered allmulticast mode
[   58.972981] pimreg: entered allmulticast mode
[   59.003347] pimreg: entered allmulticast mode
[   59.026160] pimreg: entered allmulticast mode
[   59.050249] pimreg: entered allmulticast mode
[   59.077875] pimreg: entered allmulticast mode
[   59.101943] pimreg: entered allmulticast mode
[   59.118535] pimreg: entered allmulticast mode
[   59.137916] pimreg: entered allmulticast mode
[   59.142643] pimreg: left allmulticast mode
[   59.143053] pimreg: left allmulticast mode
[   59.143375] pimreg: left allmulticast mode
[   59.143674] pimreg: left allmulticast mode
[   59.143975] pimreg: left allmulticast mode
[   59.144547] pimreg: left allmulticast mode
[   59.144892] pimreg: left allmulticast mode
[   59.145186] pimreg: left allmulticast mode
[   59.145518] pimreg: left allmulticast mode
[   59.160799] pimreg: entered allmulticast mode
[   59.184347] pimreg: entered allmulticast mode
[   59.201721] pimreg: entered allmulticast mode
[   59.221877] pimreg: entered allmulticast mode
[   59.233544] pimreg: entered allmulticast mode
[   59.257515] pimreg: entered allmulticast mode
[   59.277923] pimreg: entered allmulticast mode
[   59.297991] pimreg: entered allmulticast mode
[   59.311383] pimreg: left allmulticast mode
[   59.311707] pimreg: left allmulticast mode
[   59.311974] pimreg: left allmulticast mode
[   59.312221] pimreg: left allmulticast mode
[   59.312538] pimreg: left allmulticast mode
[   59.312841] pimreg: left allmulticast mode
[   59.313148] pimreg: left allmulticast mode
[   59.313468] pimreg: left allmulticast mode
[   59.327757] pimreg: entered allmulticast mode
[   59.355337] pimreg: entered allmulticast mode
[   59.378509] pimreg: entered allmulticast mode
[   59.405667] pimreg: entered allmulticast mode
[   59.437541] pimreg: entered allmulticast mode
[   59.482337] pimreg: entered allmulticast mode
[   59.509857] pimreg: entered allmulticast mode
[   59.537273] pimreg: entered allmulticast mode
[   59.562697] pimreg: left allmulticast mode
[   59.563147] pimreg: left allmulticast mode
[   59.563476] pimreg: left allmulticast mode
[   59.563813] pimreg: left allmulticast mode
[   59.564150] pimreg: left allmulticast mode
[   59.564467] pimreg: left allmulticast mode
[   59.564754] pimreg: left allmulticast mode
[   59.565058] pimreg: left allmulticast mode
[   59.578440] pimreg: entered allmulticast mode
[   59.596204] pimreg: entered allmulticast mode
[   59.618552] pimreg: entered allmulticast mode
[   59.646032] pimreg: entered allmulticast mode
[   59.674248] pimreg: entered allmulticast mode
[   59.702262] pimreg: entered allmulticast mode
[   59.730290] pimreg: entered allmulticast mode
[   59.761977] pimreg: entered allmulticast mode
[   59.786716] pimreg: left allmulticast mode
[   59.787464] pimreg: left allmulticast mode
[   59.787821] pimreg: left allmulticast mode
[   59.789191] pimreg: left allmulticast mode
[   59.789613] pimreg: left allmulticast mode
[   59.789933] pimreg: left allmulticast mode
[   59.790238] pimreg: left allmulticast mode
[   59.790539] pimreg: left allmulticast mode
[   59.803619] pimreg: entered allmulticast mode
[   59.827437] pimreg: entered allmulticast mode
[   59.851684] pimreg: entered allmulticast mode
[   59.874216] pimreg: entered allmulticast mode
[   59.898869] pimreg: entered allmulticast mode
[   59.921808] pimreg: entered allmulticast mode
[   59.949845] pimreg: entered allmulticast mode
[   59.977751] pimreg: entered allmulticast mode
[   60.005685] pimreg: entered allmulticast mode
[   60.011174] pimreg: left allmulticast mode
[   60.011468] pimreg: left allmulticast mode
[   60.011714] pimreg: left allmulticast mode
[   60.012017] pimreg: left allmulticast mode
[   60.012306] pimreg: left allmulticast mode
[   60.012639] pimreg: left allmulticast mode
[   60.012947] pimreg: left allmulticast mode
[   60.013247] pimreg: left allmulticast mode
[   60.013577] pimreg: left allmulticast mode
[   60.028999] pimreg: entered allmulticast mode
[   60.058811] pimreg: entered allmulticast mode
[   60.088036] pimreg: entered allmulticast mode
[   60.109721] pimreg: entered allmulticast mode
[   60.138290] pimreg: entered allmulticast mode
[   60.165893] pimreg: entered allmulticast mode
[   60.194138] pimreg: entered allmulticast mode
[   60.225796] pimreg: entered allmulticast mode
[   60.250792] pimreg: entered allmulticast mode
[   60.259647] pimreg: left allmulticast mode
[   60.260046] pimreg: left allmulticast mode
[   60.260360] pimreg: left allmulticast mode
[   60.260653] pimreg: left allmulticast mode
[   60.260970] pimreg: left allmulticast mode
[   60.261265] pimreg: left allmulticast mode
[   60.261584] pimreg: left allmulticast mode
[   60.261888] pimreg: left allmulticast mode
[   60.262186] pimreg: left allmulticast mode
[   60.277454] pimreg: entered allmulticast mode
[   60.309347] pimreg: entered allmulticast mode
