c[?7l[2J[0mSeaBIOS (version rel-1.16.3-0-ga6ed6b701f0a-prebuilt.qemu.org)


iPXE (http://ipxe.org) 00:03.0 CA00 PCI2.10 PnP PMM+7EFD0D60+7EF30D60 CA00
Press Ctrl-B to configure iPXE (PCI 00:03.0)...                                                                               


Booting from ROM...
c[?7l[2J[    0.000000] Linux version 7.1.0-rc1-37e6f01e7f6e+ (root@gnr-800442) (gcc (GCC) 11.5.0 20240719 (Red Hat 11.5.0-14), GNU ld version 2.35.2-66.el9) #1 SMP PREEMPT_DYNAMIC Wed May  6 10:28:12 CST 2026
[    0.000000] Command line: console=ttyS0 root=/dev/sda earlyprintk=serial net.ifnames=0 thunderbolt.dyndbg
[    0.000000] KERNEL supported cpus:
[    0.000000]   Intel GenuineIntel
[    0.000000]   AMD AuthenticAMD
[    0.000000]   Hygon HygonGenuine
[    0.000000]   Centaur CentaurHauls
[    0.000000]   zhaoxin   Shanghai  
[    0.000000] x86/CPU: Model not found in latest microcode list
[    0.000000] x86/split lock detection: #DB: warning on user-space bus_locks
[    0.000000] BIOS-provided physical RAM map:
[    0.000000] BIOS-e820: [mem 0x0000000000000000-0x000000000009fbff]  System RAM
[    0.000000] BIOS-e820: [mem 0x000000000009fc00-0x000000000009ffff]  device reserved
[    0.000000] BIOS-e820: [gap 0x00000000000a0000-0x00000000000effff]
[    0.000000] BIOS-e820: [mem 0x00000000000f0000-0x00000000000fffff]  device reserved
[    0.000000] BIOS-e820: [mem 0x0000000000100000-0x000000007ffdffff]  System RAM
[    0.000000] BIOS-e820: [mem 0x000000007ffe0000-0x000000007fffffff]  device reserved
[    0.000000] BIOS-e820: [gap 0x0000000080000000-0x00000000feffbfff]
[    0.000000] BIOS-e820: [mem 0x00000000feffc000-0x00000000feffffff]  device reserved
[    0.000000] BIOS-e820: [gap 0x00000000ff000000-0x00000000fffbffff]
[    0.000000] BIOS-e820: [mem 0x00000000fffc0000-0x00000000ffffffff]  device reserved
[    0.000000] printk: legacy bootconsole [earlyser0] enabled
[    0.000000] NX (Execute Disable) protection: active
[    0.000000] APIC: Static calls initialized
[    0.000000] DMI: SMBIOS 3.0.0 present.
[    0.000000] DMI: QEMU Standard PC (i440FX + PIIX, 1996), BIOS rel-1.16.3-0-ga6ed6b701f0a-prebuilt.qemu.org 04/01/2014
[    0.000000] DMI: Memory slots populated: 1/1
[    0.000000] Hypervisor detected: KVM
[    0.000000] last_pfn = 0x7ffe0 max_arch_pfn = 0x10000000000
[    0.000000] kvm-clock: Using msrs 4b564d01 and 4b564d00
[    0.000004] kvm-clock: using sched offset of 738635942 cycles
[    0.000515] clocksource: kvm-clock: mask: 0xffffffffffffffff max_cycles: 0x1cd42e4dffb, max_idle_ns: 881590591483 ns
[    0.002138] tsc: Detected 2500.000 MHz processor
[    0.009768] last_pfn = 0x7ffe0 max_arch_pfn = 0x10000000000
[    0.010325] MTRR map: 4 entries (3 fixed + 1 variable; max 19), built from 8 variable MTRRs
[    0.011180] x86/PAT: Configuration [0-7]: WB  WC  UC- UC  WB  WP  UC- WT  
[    0.016662] found SMP MP-table at [mem 0x000f5480-0x000f548f]
[    0.017241] Using GB pages for direct mapping
[    0.019745] ACPI: Early table checksum verification disabled
[    0.020333] ACPI: RSDP 0x00000000000F52A0 000014 (v00 BOCHS )
[    0.020933] ACPI: RSDT 0x000000007FFE1C9B 000034 (v01 BOCHS  BXPC     00000001 BXPC 00000001)
[    0.021809] ACPI: FACP 0x000000007FFE1B47 000074 (v01 BOCHS  BXPC     00000001 BXPC 00000001)
[    0.022682] ACPI: DSDT 0x000000007FFE0040 001B07 (v01 BOCHS  BXPC     00000001 BXPC 00000001)
[    0.023556] ACPI: FACS 0x000000007FFE0000 000040
[    0.024039] ACPI: APIC 0x000000007FFE1BBB 000080 (v03 BOCHS  BXPC     00000001 BXPC 00000001)
[    0.024921] ACPI: HPET 0x000000007FFE1C3B 000038 (v01 BOCHS  BXPC     00000001 BXPC 00000001)
[    0.025796] ACPI: WAET 0x000000007FFE1C73 000028 (v01 BOCHS  BXPC     00000001 BXPC 00000001)
[    0.026662] ACPI: Reserving FACP table memory at [mem 0x7ffe1b47-0x7ffe1bba]
[    0.027383] ACPI: Reserving DSDT table memory at [mem 0x7ffe0040-0x7ffe1b46]
[    0.028091] ACPI: Reserving FACS table memory at [mem 0x7ffe0000-0x7ffe003f]
[    0.028814] ACPI: Reserving APIC table memory at [mem 0x7ffe1bbb-0x7ffe1c3a]
[    0.029523] ACPI: Reserving HPET table memory at [mem 0x7ffe1c3b-0x7ffe1c72]
[    0.030241] ACPI: Reserving WAET table memory at [mem 0x7ffe1c73-0x7ffe1c9a]
[    0.031505] No NUMA configuration found
[    0.031904] Faking a node at [mem 0x0000000000000000-0x000000007ffdffff]
[    0.032613] NODE_DATA(0) allocated [mem 0x7ffb4bc0-0x7ffdfcbf]
[    0.104264] KernelAddressSanitizer initialized (generic)
[    0.105099] ACPI: PM-Timer IO Port: 0x608
[    0.105486] ACPI: LAPIC_NMI (acpi_id[0xff] dfl dfl lint[0x1])
[    0.106103] IOAPIC[0]: apic_id 0, version 17, address 0xfec00000, GSI 0-23
[    0.106823] ACPI: INT_SRC_OVR (bus 0 bus_irq 0 global_irq 2 dfl dfl)
[    0.107464] ACPI: INT_SRC_OVR (bus 0 bus_irq 5 global_irq 5 high level)
[    0.108136] ACPI: INT_SRC_OVR (bus 0 bus_irq 9 global_irq 9 high level)
[    0.108810] ACPI: INT_SRC_OVR (bus 0 bus_irq 10 global_irq 10 high level)
[    0.109489] ACPI: INT_SRC_OVR (bus 0 bus_irq 11 global_irq 11 high level)
[    0.110194] ACPI: Using ACPI (MADT) for SMP configuration information
[    0.110851] ACPI: HPET id: 0x8086a201 base: 0xfed00000
[    0.111383] TSC deadline timer available
[    0.111799] CPU topo: Max. logical packages:   1
[    0.112264] CPU topo: Max. logical nodes:      1
[    0.112727] CPU topo: Num. nodes per package:  1
[    0.113211] CPU topo: Max. logical dies:       1
[    0.113671] CPU topo: Max. dies per package:   1
[    0.114146] CPU topo: Max. threads per core:   1
[    0.114605] CPU topo: Num. cores per package:     2
[    0.115095] CPU topo: Num. threads per package:   2
[    0.115578] CPU topo: Allowing 2 present CPUs plus 0 hotplug CPUs
[    0.116245] kvm-guest: APIC: eoi() replaced with kvm_guest_apic_eoi_write()
[    0.116987] kvm-guest: KVM setup pv remote TLB flush
[    0.117482] kvm-guest: setup PV sched yield
[    0.117951] PM: hibernation: Registered nosave memory: [mem 0x00000000-0x00000fff]
[    0.118706] PM: hibernation: Registered nosave memory: [mem 0x0009f000-0x000fffff]
[    0.119476] [gap 0x80000000-0xfeffbfff] available for PCI devices
[    0.120089] Booting paravirtualized kernel on KVM
[    0.120571] clocksource: refined-jiffies: mask: 0xffffffff max_cycles: 0xffffffff, max_idle_ns: 7645519600211568 ns
[    0.122235] Zone ranges:
[    0.122540]   DMA      [mem 0x0000000000001000-0x0000000000ffffff]
[    0.123184]   DMA32    [mem 0x0000000001000000-0x000000007ffdffff]
[    0.123808]   Normal   empty
[    0.124103]   Device   empty
[    0.124397] Movable zone start for each node
[    0.124847] Early memory node ranges
[    0.125201]   node   0: [mem 0x0000000000001000-0x000000000009efff]
[    0.125832]   node   0: [mem 0x0000000000100000-0x000000007ffdffff]
[    0.126461] Initmem setup node 0 [mem 0x0000000000001000-0x000000007ffdffff]
[    0.127528] On node 0, zone DMA: 1 pages in unavailable ranges
[    0.128353] On node 0, zone DMA: 97 pages in unavailable ranges
[    0.156399] On node 0, zone DMA32: 32 pages in unavailable ranges
[    0.157059] setup_percpu: NR_CPUS:8192 nr_cpumask_bits:2 nr_cpu_ids:2 nr_node_ids:1
[    0.158473] percpu: Embedded 81 pages/cpu s294912 r8192 d28672 u1048576
[    0.159393] kvm-guest: PV spinlocks enabled
[    0.159841] PV qspinlock hash table entries: 256 (order: 0, 4096 bytes, linear)
[    0.160593] Kernel command line: net.ifnames=0 console=ttyS0 root=/dev/sda earlyprintk=serial net.ifnames=0 thunderbolt.dyndbg
[    0.162037] random: crng init done
[    0.162388] printk: log buffer data + meta data: 262144 + 1114112 = 1376256 bytes
[    0.163703] Dentry cache hash table entries: 262144 (order: 9, 2097152 bytes, linear)
[    0.165023] Inode-cache hash table entries: 131072 (order: 8, 1048576 bytes, linear)
[    0.166150] Fallback order for Node 0: 0 
[    0.166164] Built 1 zonelists, mobility grouping on.  Total pages: 524158
[    0.167212] Policy zone: DMA32
[    0.167512] mem auto-init: stack:off, heap alloc:off, heap free:off
[    0.168123] stackdepot: allocating hash table via alloc_large_system_hash
[    0.168779] stackdepot hash table entries: 1048576 (order: 12, 16777216 bytes, linear)
[    0.173861] stackdepot: allocating space for 8192 stack pools via memblock
[    0.222867] SLUB: HWalign=64, Order=0-3, MinObjects=0, CPUs=2, Nodes=1
[    0.223503] kmemleak: Kernel memory leak detector disabled
[    0.262881] ftrace: allocating 76243 entries in 300 pages
[    0.263366] ftrace: allocated 300 pages with 4 groups
[    0.266582] Dynamic Preempt: lazy
[    0.267471] Running RCU self tests
[    0.267780] Running RCU synchronous self tests
[    0.268178] rcu: Preemptible hierarchical RCU implementation.
[    0.268689] rcu: 	RCU lockdep checking is enabled.
[    0.269120] rcu: 	RCU restricting CPUs from NR_CPUS=8192 to nr_cpu_ids=2.
[    0.269723] 	Trampoline variant of Tasks RCU enabled.
[    0.270176] 	Rude variant of Tasks RCU enabled.
[    0.270580] 	Tracing variant of Tasks RCU enabled.
[    0.271017] rcu: RCU calculated value of scheduler-enlistment delay is 25 jiffies.
[    0.271692] rcu: Adjusting geometry for rcu_fanout_leaf=16, nr_cpu_ids=2
[    0.272380] Running RCU synchronous self tests
[    0.272791] RCU Tasks: Setting shift to 1 and lim to 1 rcu_task_cb_adjust=1 rcu_task_cpu_ids=2.
[    0.273575] RCU Tasks Rude: Setting shift to 1 and lim to 1 rcu_task_cb_adjust=1 rcu_task_cpu_ids=2.
[    0.346494] NR_IRQS: 524544, nr_irqs: 440, preallocated irqs: 16
[    0.347783] rcu: srcu_init: Setting srcu_struct sizes based on contention.
[    0.356723] Console: colour VGA+ 80x25
[    0.357133] printk: legacy console [ttyS0] enabled
[    0.357133] printk: legacy console [ttyS0] enabled
[    0.358046] printk: legacy bootconsole [earlyser0] disabled
[    0.358046] printk: legacy bootconsole [earlyser0] disabled
[    0.359173] Lock dependency validator: Copyright (c) 2006 Red Hat, Inc., Ingo Molnar
[    0.359935] ... MAX_LOCKDEP_SUBCLASSES:  8
[    0.360341] ... MAX_LOCK_DEPTH:          48
[    0.360764] ... MAX_LOCKDEP_KEYS:        8192
[    0.361193] ... CLASSHASH_SIZE:          4096
[    0.361616] ... MAX_LOCKDEP_ENTRIES:     32768
[    0.362056] ... MAX_LOCKDEP_CHAINS:      65536
[    0.362496] ... CHAINHASH_SIZE:          32768
[    0.362934]  memory used by lock dependency info: 6429 kB
[    0.363466]  memory used for stack traces: 16896 kB
[    0.363958]  per task-struct memory footprint: 1920 bytes
[    0.364600] ACPI: Core revision 20251212
[    0.365520] clocksource: hpet: mask: 0xffffffff max_cycles: 0xffffffff, max_idle_ns: 19112604467 ns
[    0.366622] APIC: Switch to symmetric I/O mode setup
[    0.367523] x2apic enabled
[    0.368227] APIC: Switched APIC routing to: physical x2apic
[    0.368790] kvm-guest: APIC: send_IPI_mask() replaced with kvm_send_ipi_mask()
[    0.369514] kvm-guest: APIC: send_IPI_mask_allbutself() replaced with kvm_send_ipi_mask_allbutself()
[    0.370409] kvm-guest: setup PV IPIs
[    0.372107] ..TIMER: vector=0x30 apic1=0 pin1=2 apic2=-1 pin2=-1
[    0.372690] clocksource: tsc-early: mask: 0xffffffffffffffff max_cycles: 0x240939f1bb2, max_idle_ns: 440795263295 ns
[    0.373736] Calibrating delay loop (skipped) preset value.. 5000.00 BogoMIPS (lpj=10000000)
[    0.377789] x86/cpu: User Mode Instruction Prevention (UMIP) activated
[    0.378532] Last level iTLB entries: 4KB 0, 2MB 0, 4MB 0
[    0.379068] Last level dTLB entries: 4KB 0, 2MB 0, 4MB 0, 1GB 0
[    0.379660] mitigations: Enabled attack vectors: user_kernel, user_user, guest_host, guest_guest, SMT mitigations: auto
[    0.380719] Speculative Store Bypass: Mitigation: Speculative Store Bypass disabled via prctl
[    0.381538] Spectre V2 : Mitigation: Enhanced / Automatic IBRS
[    0.381725] ITS: Mitigation: Aligned branch/return thunks
[    0.382244] Spectre V1 : Mitigation: usercopy/swapgs barriers and __user pointer sanitization
[    0.383064] Spectre V2 : WARNING: Unprivileged eBPF is enabled with eIBRS on, data leaks possible via Spectre v2 BHB attacks!
[    0.384152] Spectre V2 : Spectre v2 / PBRSB-eIBRS: Retire a single CALL on VMEXIT
[    0.384855] Spectre V2 : mitigation: Enabling conditional Indirect Branch Prediction Barrier
[    0.385728] active return thunk: its_return_thunk
[    0.386187] Spectre V2 : Spectre BHI mitigation: SW BHB clearing on syscall and VM exit
[    0.386976] x86/fpu: Supporting XSAVE feature 0x001: 'x87 floating point registers'
[    0.387701] x86/fpu: Supporting XSAVE feature 0x002: 'SSE registers'
[    0.388288] x86/fpu: Supporting XSAVE feature 0x004: 'AVX registers'
[    0.388885] x86/fpu: Supporting XSAVE feature 0x020: 'AVX-512 opmask'
[    0.389732] x86/fpu: Supporting XSAVE feature 0x040: 'AVX-512 Hi256'
[    0.390340] x86/fpu: Supporting XSAVE feature 0x080: 'AVX-512 ZMM_Hi256'
[    0.390973] x86/fpu: Supporting XSAVE feature 0x200: 'Protection Keys User registers'
[    0.391706] x86/fpu: Supporting XSAVE feature 0x20000: 'AMX Tile config'
[    0.392329] x86/fpu: Supporting XSAVE feature 0x40000: 'AMX Tile data'
[    0.392945] x86/fpu: xstate_offset[2]:  576, xstate_sizes[2]:  256
[    0.393732] x86/fpu: xstate_offset[5]:  832, xstate_sizes[5]:   64
[    0.394314] x86/fpu: xstate_offset[6]:  896, xstate_sizes[6]:  512
[    0.394889] x86/fpu: xstate_offset[7]: 1408, xstate_sizes[7]: 1024
[    0.395461] x86/fpu: xstate_offset[9]: 2432, xstate_sizes[9]:    8
[    0.396037] x86/fpu: xstate_offset[17]: 2496, xstate_sizes[17]:   64
[    0.396636] x86/fpu: xstate_offset[18]: 2560, xstate_sizes[18]: 8192
[    0.397237] x86/fpu: Enabled xstate features 0x602e7, context size is 10752 bytes, using 'compacted' format.
[    0.563334] pid_max: default: 32768 minimum: 301
[    0.564286] Yama: becoming mindful.
[    0.565099] Mount-cache hash table entries: 4096 (order: 3, 32768 bytes, linear)
[    0.565734] Mountpoint-cache hash table entries: 4096 (order: 3, 32768 bytes, linear)
[    0.567180] VFS: Finished mounting rootfs on nullfs
[    0.569046] Running RCU synchronous self tests
[    0.569492] Running RCU synchronous self tests
[    0.570122] smpboot: CPU0: Intel GENUINE INTEL(R) XEON(R) (family: 0x6, model: 0xad, stepping: 0x0)
[    0.571874] Performance Events: PEBS fmt0-, Granite Rapids events, 
[    0.571961] core: The event 0x400 is not supported as a normal event.
[    0.573227] core: The event 0x8000 is not supported as a normal event.
[    0.573720] core: The event 0x8100 is not supported as a normal event.
[    0.573736] core: The event 0x8200 is not supported as a normal event.
[    0.574365] core: The event 0x8300 is not supported as a normal event.
[    0.575008] core: The event 0x8400 is not supported as a normal event.
[    0.575654] core: The event 0x8500 is not supported as a normal event.
[    0.576284] core: The event 0x8600 is not supported as a normal event.
[    0.576933] core: The event 0x8700 is not supported as a normal event.
[    0.577600] full-width counters, Intel PMU driver.
[    0.577733] ... version:                   2
[    0.578152] ... bit width:                 48
[    0.578579] ... generic counters:          8
[    0.578991] ... generic bitmap:            00000000000000ff
[    0.579542] ... fixed-purpose counters:    3
[    0.579952] ... fixed-purpose bitmap:      0000000000000007
[    0.580496] ... value mask:                0000ffffffffffff
[    0.581021] ... max period:                00007fffffffffff
[    0.581573] ... global_ctrl mask:          00000007000000ff
[    0.582260] signal: max sigframe size: 11952
[    0.582835] rcu: Hierarchical SRCU implementation.
[    0.583311] rcu: 	Max phase no-delay instances is 1000.
[    0.584050] Timer migration: 1 hierarchy levels; 8 children per group; 1 crossnode level
[    0.607418] smp: Bringing up secondary CPUs ...
[    0.608478] smpboot: x86: Booting SMP configuration:
[    0.608979] .... node  #0, CPUs:      #1
[    0.609772] smp: Brought up 1 node, 2 CPUs
[    0.610558] smpboot: Total of 2 processors activated (10000.00 BogoMIPS)
[    0.612038] Memory: 1574872K/2096632K available (81902K kernel code, 15885K rwdata, 19560K rodata, 16684K init, 34600K bss, 509384K reserved, 0K cma-reserved)
[    0.614753] devtmpfs: initialized
[    0.614971] x86/mm: Memory block size: 128MB
[    0.628176] Running RCU synchronous self tests
[    0.629755] Running RCU synchronous self tests
[    0.630227] Running RCU Tasks wait API self tests
[    0.630282] Running RCU Tasks Rude wait API self tests
[    0.633759] Running RCU Tasks Trace wait API self tests
[    0.634404] clocksource: jiffies: mask: 0xffffffff max_cycles: 0xffffffff, max_idle_ns: 7645041785100000 ns
[    0.634912] posixtimers hash table entries: 1024 (order: 5, 73728 bytes, linear)
[    0.635701] futex hash table entries: 512 (65536 bytes on 1 NUMA nodes, total 64 KiB, linear).
[    0.639914] 
[    0.640093] *************************************************************
[    0.640761] **     NOTICE NOTICE NOTICE NOTICE NOTICE NOTICE NOTICE    **
[    0.641433] **                                                         **
[    0.641761] **  IOMMU DebugFS SUPPORT HAS BEEN ENABLED IN THIS KERNEL  **
[    0.642438] **                                                         **
[    0.643108] ** This means that this kernel is built to expose internal **
[    0.643766] ** IOMMU data structures, which may compromise security on **
[    0.644432] ** your system.                                            **
[    0.645103] **                                                         **
[    0.645725] ** If you see this message and you are not debugging the   **
[    0.646382] ** kernel, report this immediately to your vendor!         **
[    0.647049] **                                                         **
[    0.647700] **     NOTICE NOTICE NOTICE NOTICE NOTICE NOTICE NOTICE    **
[    0.648369] *************************************************************
[    0.649114] PM: RTC time: 02:29:36, date: 2026-05-06
[    0.652486] NET: Registered PF_NETLINK/PF_ROUTE protocol family
[    0.654936] DMA: preallocated 256 KiB GFP_KERNEL|GFP_DMA pool for atomic allocations
[    0.655733] DMA: preallocated 256 KiB GFP_KERNEL|GFP_DMA32 pool for atomic allocations
[    0.656617] audit: initializing netlink subsys (disabled)
[    0.657232] audit: type=2000 audit(1778034576.976:1): state=initialized audit_enabled=0 res=1
[    0.657232] thermal_sys: Registered thermal governor 'fair_share'
[    0.657232] thermal_sys: Registered thermal governor 'bang_bang'
[    0.657232] thermal_sys: Registered thermal governor 'step_wise'
[    0.657232] thermal_sys: Registered thermal governor 'user_space'
[    0.657752] cpuidle: using governor ladder
[    0.661796] Callback from call_rcu_tasks_trace() invoked.
[    0.663087] cpuidle: using governor menu
[    0.663087] Freeing SMP alternatives memory: 64K
[    0.663576] acpiphp: ACPI Hot Plug PCI Controller Driver version: 0.5
[    0.667641] PCI: Using configuration type 1 for base access
[    0.668426] virt/tdx: TDX not supported by the host platform
[    0.669174] kprobes: kprobe jump-optimization is enabled. All kprobes are optimized if possible.
[    0.677832] HugeTLB: registered 1.00 GiB page size, pre-allocated 0 pages
[    0.678530] HugeTLB: 16380 KiB vmemmap can be freed for a 1.00 GiB page
[    0.679210] HugeTLB: registered 2.00 MiB page size, pre-allocated 0 pages
[    0.679898] HugeTLB: 28 KiB vmemmap can be freed for a 2.00 MiB page
[    0.724420] ACPI: Added _OSI(Module Device)
[    0.724873] ACPI: Added _OSI(Processor Device)
[    0.725324] ACPI: Added _OSI(Processor Aggregator Device)
[    0.759238] ACPI: 1 ACPI AML tables successfully acquired and loaded
[    0.792204] ACPI: \_SB_: platform _OSC: OS support mask [002e7eff]
[    0.795652] ACPI: Interpreter enabled
[    0.796155] ACPI: PM: (supports S0 S3 S4 S5)
[    0.796541] ACPI: Using IOAPIC for interrupt routing
[    0.797120] PCI: Using host bridge windows from ACPI; if necessary, use "pci=nocrs" and report a bug
[    0.797727] PCI: Using E820 reservations for host bridge windows
[    0.799663] ACPI: Enabled 2 GPEs in block 00 to 0F
[    0.844795] ACPI: PCI Root Bridge [PCI0] (domain 0000 [bus 00-ff])
[    0.845465] acpi PNP0A03:00: _OSC: OS supports [ASPM ClockPM Segments MSI EDR HPX-Type3]
[    0.845731] acpi PNP0A03:00: _OSC: not requesting OS control; OS requires [ExtendedConfig ASPM ClockPM MSI]
[    0.846740] acpi PNP0A03:00: _OSC: platform retains control of PCIe features (AE_ERROR)
[    0.847616] acpi PNP0A03:00: fail to add MMCONFIG information, can't access extended configuration space under this bridge
[    0.854123] acpiphp: Slot [3] registered
[    0.854625] acpiphp: Slot [4] registered
[    0.855177] acpiphp: Slot [5] registered
[    0.855719] acpiphp: Slot [6] registered
[    0.856259] acpiphp: Slot [7] registered
[    0.856808] acpiphp: Slot [8] registered
[    0.857353] acpiphp: Slot [9] registered
[    0.857907] acpiphp: Slot [10] registered
[    0.858454] acpiphp: Slot [11] registered
[    0.858994] acpiphp: Slot [12] registered
[    0.859532] acpiphp: Slot [13] registered
[    0.860092] acpiphp: Slot [14] registered
[    0.860631] acpiphp: Slot [15] registered
[    0.861186] acpiphp: Slot [16] registered
[    0.861743] acpiphp: Slot [17] registered
[    0.862278] acpiphp: Slot [18] registered
[    0.862824] acpiphp: Slot [19] registered
[    0.863355] acpiphp: Slot [20] registered
[    0.863901] acpiphp: Slot [21] registered
[    0.864436] acpiphp: Slot [22] registered
[    0.864978] acpiphp: Slot [23] registered
[    0.865513] acpiphp: Slot [24] registered
[    0.865876] acpiphp: Slot [25] registered
[    0.866435] acpiphp: Slot [26] registered
[    0.866965] acpiphp: Slot [27] registered
[    0.867511] acpiphp: Slot [28] registered
[    0.868047] acpiphp: Slot [29] registered
[    0.868596] acpiphp: Slot [30] registered
[    0.869128] acpiphp: Slot [31] registered
[    0.869590] PCI host bridge to bus 0000:00
[    0.869784] pci_bus 0000:00: root bus resource [io  0x0000-0x0cf7 window]
[    0.870443] pci_bus 0000:00: root bus resource [io  0x0d00-0xffff window]
[    0.871092] pci_bus 0000:00: root bus resource [mem 0x000a0000-0x000bffff window]
[    0.871813] pci_bus 0000:00: root bus resource [mem 0x80000000-0xfebfffff window]
[    0.872531] pci_bus 0000:00: root bus resource [mem 0x100000000-0x17fffffff window]
[    0.873268] pci_bus 0000:00: root bus resource [bus 00-ff]
[    0.873847] pci 0000:00:00.0: [8086:1237] type 00 class 0x060000 conventional PCI endpoint
[    0.876335] pci 0000:00:01.0: [8086:7000] type 00 class 0x060100 conventional PCI endpoint
[    0.878600] pci 0000:00:01.1: [8086:7010] type 00 class 0x010180 conventional PCI endpoint
[    0.879939] pci 0000:00:01.1: BAR 4 [io  0xc040-0xc04f]
[    0.880487] pci 0000:00:01.1: BAR 0 [io  0x01f0-0x01f7]: legacy IDE quirk
[    0.881132] pci 0000:00:01.1: BAR 1 [io  0x03f6]: legacy IDE quirk
[    0.881719] pci 0000:00:01.1: BAR 2 [io  0x0170-0x0177]: legacy IDE quirk
[    0.882383] pci 0000:00:01.1: BAR 3 [io  0x0376]: legacy IDE quirk
[    0.884162] pci 0000:00:01.3: [8086:7113] type 00 class 0x068000 conventional PCI endpoint
[    0.885241] pci 0000:00:01.3: quirk: [io  0x0600-0x063f] claimed by PIIX4 ACPI
[    0.885734] pci 0000:00:01.3: quirk: [io  0x0700-0x070f] claimed by PIIX4 SMB
[    0.887603] pci 0000:00:02.0: [1234:1111] type 00 class 0x030000 conventional PCI endpoint
[    0.893779] pci 0000:00:02.0: BAR 0 [mem 0xfd000000-0xfdffffff pref]
[    0.894460] pci 0000:00:02.0: BAR 2 [mem 0xfebf0000-0xfebf0fff]
[    0.895101] pci 0000:00:02.0: ROM [mem 0xfebe0000-0xfebeffff pref]
[    0.895878] pci 0000:00:02.0: Video device with shadowed ROM at [mem 0x000c0000-0x000dffff]
[    0.898125] pci 0000:00:03.0: [8086:100e] type 00 class 0x020000 conventional PCI endpoint
[    0.902221] pci 0000:00:03.0: BAR 0 [mem 0xfebc0000-0xfebdffff]
[    0.903009] pci 0000:00:03.0: BAR 1 [io  0xc000-0xc03f]
[    0.903517] pci 0000:00:03.0: ROM [mem 0xfeb80000-0xfebbffff pref]
[    0.930076] ACPI: PCI: Interrupt link LNKA configured for IRQ 10
[    0.931711] ACPI: PCI: Interrupt link LNKB configured for IRQ 10
[    0.933308] ACPI: PCI: Interrupt link LNKC configured for IRQ 11
[    0.934723] ACPI: PCI: Interrupt link LNKD configured for IRQ 11
[    0.935757] ACPI: PCI: Interrupt link LNKS configured for IRQ 9
[    0.940072] iommu: Default domain type: Translated
[    0.940543] iommu: DMA domain TLB invalidation policy: lazy mode
[    0.944376] SCSI subsystem initialized
[    0.950307] ACPI: bus type USB registered
[    0.951006] usbcore: registered new interface driver usbfs
[    0.951683] usbcore: registered new interface driver hub
[    0.952306] usbcore: registered new device driver usb
[    0.953191] pps_core: LinuxPPS API ver. 1 registered
[    0.953709] pps_core: Software ver. 5.3.6 - Copyright 2005-2007 Rodolfo Giometti <giometti@linux.it>
[    0.953765] PTP clock support registered
[    0.954491] EDAC MC: Ver: 3.0.0
[    0.960715] NetLabel: Initializing
[    0.961088] NetLabel:  domain hash size = 128
[    0.961498] NetLabel:  protocols = UNLABELED CIPSOv4 CALIPSO
[    0.961864] NetLabel:  unlabeled traffic allowed by default
[    0.962752] PCI: Using ACPI for IRQ routing
[    0.965775] e820: register RAM buffer resource [mem 0x0009fc00-0x0009ffff]
[    0.965775] e820: register RAM buffer resource [mem 0x7ffe0000-0x7fffffff]
[    0.965775] pci 0000:00:02.0: vgaarb: setting as boot VGA device
[    0.965775] pci 0000:00:02.0: vgaarb: bridge control possible
[    0.965775] pci 0000:00:02.0: vgaarb: VGA device added: decodes=io+mem,owns=io+mem,locks=none
[    0.969734] vgaarb: loaded
[    0.974284] hpet0: at MMIO 0xfed00000, IRQs 2, 8, 0
[    0.974782] hpet0: 3 comparators, 64-bit 100.000000 MHz counter
[    0.978042] clocksource: Switched to clocksource kvm-clock
[    0.980126] VFS: Disk quotas dquot_6.6.0
[    0.980561] VFS: Dquot-cache hash table entries: 512 (order 0, 4096 bytes)
[    0.984170] pnp: PnP ACPI init
[    0.988685] pnp: PnP ACPI: found 5 devices
[    1.009893] clocksource: acpi_pm: mask: 0xffffff max_cycles: 0xffffff, max_idle_ns: 2085701024 ns
[    1.011308] NET: Registered PF_INET protocol family
[    1.012311] IP idents hash table entries: 32768 (order: 6, 262144 bytes, linear)
[    1.014912] tcp_listen_portaddr_hash hash table entries: 1024 (order: 5, 73728 bytes, linear)
[    1.015801] Table-perturb hash table entries: 65536 (order: 6, 262144 bytes, linear)
[    1.016644] TCP established hash table entries: 16384 (order: 5, 131072 bytes, linear)
[    1.017912] TCP bind hash table entries: 16384 (order: 10, 2359296 bytes, linear)
[    1.019913] TCP: Hash tables configured (established 16384 bind 16384)
[    1.020694] UDP hash table entries: 1024 (order: 6, 262144 bytes, linear)
[    1.021760] NET: Registered PF_UNIX/PF_LOCAL protocol family
[    1.024800] RPC: Registered named UNIX socket transport module.
[    1.025472] RPC: Registered udp transport module.
[    1.025983] RPC: Registered tcp transport module.
[    1.026433] RPC: Registered tcp-with-tls transport module.
[    1.026982] RPC: Registered tcp NFSv4.1 backchannel transport module.
[    1.027636] pci_bus 0000:00: resource 4 [io  0x0000-0x0cf7 window]
[    1.028235] pci_bus 0000:00: resource 5 [io  0x0d00-0xffff window]
[    1.028856] pci_bus 0000:00: resource 6 [mem 0x000a0000-0x000bffff window]
[    1.029542] pci_bus 0000:00: resource 7 [mem 0x80000000-0xfebfffff window]
[    1.030200] pci_bus 0000:00: resource 8 [mem 0x100000000-0x17fffffff window]
[    1.031286] pci 0000:00:01.0: PIIX3: Enabling Passive Release
[    1.031870] pci 0000:00:00.0: Limiting direct PCI/PCI transfers
[    1.032536] PCI: CLS 0 bytes, default 64
[    1.033037] ACPI: bus type thunderbolt registered
[    1.034303] clocksource: tsc: mask: 0xffffffffffffffff max_cycles: 0x240939f1bb2, max_idle_ns: 440795263295 ns
[    1.047577] Initialise system trusted keyrings
[    1.048163] Key type blacklist registered
[    1.048779] workingset: timestamp_bits=36 (anon: 32) max_order=19 bucket_order=0 (anon: 0)
[    1.052117] squashfs: version 4.0 (2009/01/31) Phillip Lougher
[    1.055051] NFS: Registering the id_resolver key type
[    1.055618] Key type id_resolver registered
[    1.056080] Key type id_legacy registered
[    1.056548] nfs4filelayout_init: NFSv4 File Layout Driver Registering...
[    1.057238] nfs4flexfilelayout_init: NFSv4 Flexfile Layout Driver Registering...
[    1.058348] fuse: init (API version 7.45)
[    1.059410] SGI XFS with ACLs, security attributes, realtime, quota, no debug enabled
[    1.062880] 9p: Installing v9fs 9p2000 file system support
[    1.076756] Key type asymmetric registered
[    1.077149] Asymmetric key parser 'x509' registered
[    1.077809] Block layer SCSI generic (bsg) driver version 0.4 loaded (major 241)
[    1.078799] io scheduler mq-deadline registered
[    1.079384] io scheduler bfq registered
[    1.081450] ledtrig-cpu: registered to indicate activity on CPUs
[    1.083802] IPMI message handler: version 39.2
[    1.084327] ipmi device interface
[    1.087229] input: Power Button as /devices/platform/LNXPWRBN:00/input/input0
[    1.088387] ACPI: button: Power Button [PWRF]
[    1.092413] ERST DBG: ERST support is disabled.
[    1.094459] Serial: 8250/16550 driver, 32 ports, IRQ sharing enabled
[    1.096963] 00:04: ttyS0 at I/O 0x3f8 (irq = 4, base_baud = 115200) is a 16550A
[    1.134638] ACPI: bus type drm_connector registered
[    1.162573] brd: module loaded
[    1.179546] loop: module loaded
[    1.195767] scsi host0: ata_piix
[    1.197379] scsi host1: ata_piix
[    1.198241] ata1: PATA max MWDMA2 cmd 0x1f0 ctl 0x3f6 bmdma 0xc040 irq 14 lpm-pol 0
[    1.199064] ata2: PATA max MWDMA2 cmd 0x170 ctl 0x376 bmdma 0xc048 irq 15 lpm-pol 0
[    1.203043] tun: Universal TUN/TAP device driver, 1.6
[    1.203964] e100: Intel(R) PRO/100 Network Driver
[    1.204406] e100: Copyright(c) 1999-2006 Intel Corporation
[    1.205121] e1000: Intel(R) PRO/1000 Network Driver
[    1.205644] e1000: Copyright (c) 1999-2006 Intel Corporation.
[    1.358761] ata2: found unknown device (class 0)
[    1.359641] ata1: found unknown device (class 0)
[    1.360631] ata2.00: ATAPI: QEMU DVD-ROM, 2.5+, max UDMA/100
[    1.361836] ata1.00: Model 'QEMU HARDDISK', rev '2.5+', applying quirks: bridgeok
[    1.362534] ata1.00: ATA-7: QEMU HARDDISK, 2.5+, max UDMA/100
[    1.363101] ata1.00: 17196647 sectors, multi 16: LBA48 
[    1.367300] scsi 0:0:0:0: Direct-Access     ATA      QEMU HARDDISK    2.5+ PQ: 0 ANSI: 5
[    1.372481] sd 0:0:0:0: [sda] 17196647 512-byte logical blocks: (8.80 GB/8.20 GiB)
[    1.373404] sd 0:0:0:0: Attached scsi generic sg0 type 0
[    1.374010] sd 0:0:0:0: [sda] Write Protect is off
[    1.374618] sd 0:0:0:0: [sda] Write cache: enabled, read cache: enabled, doesn't support DPO or FUA
[    1.378027] scsi 1:0:0:0: CD-ROM            QEMU     QEMU DVD-ROM     2.5+ PQ: 0 ANSI: 5
[    1.379017] sd 0:0:0:0: [sda] Preferred minimum I/O size 512 bytes
[    1.411947] scsi 1:0:0:0: Attached scsi generic sg1 type 5
[    1.418754] sd 0:0:0:0: [sda] Attached SCSI disk
[    2.017089] ACPI: \_SB_.LNKC: Enabled at IRQ 11
[    2.334249] e1000 0000:00:03.0 eth0: (PCI:33MHz:32-bit) 52:54:00:12:34:56
[    2.334989] e1000 0000:00:03.0 eth0: Intel(R) PRO/1000 Network Connection
[    2.335873] e1000e: Intel(R) PRO/1000 Network Driver
[    2.336378] e1000e: Copyright(c) 1999 - 2015 Intel Corporation.
[    2.337141] igb: Intel(R) Gigabit Ethernet Network Driver
[    2.337730] igb: Copyright (c) 2007-2014 Intel Corporation.
[    2.338673] PPP generic driver version 2.4.2
[    2.339925] VFIO - User Level meta-driver version: 0.3
[    2.341920] usbcore: registered new interface driver uas
[    2.342592] usbcore: registered new interface driver usb-storage
[    2.343486] i8042: PNP: PS/2 Controller [PNP0303:KBD,PNP0f13:MOU] at 0x60,0x64 irq 1,12
[    2.345490] serio: i8042 KBD port at 0x60,0x64 irq 1
[    2.346085] serio: i8042 AUX port at 0x60,0x64 irq 12
[    2.347943] mousedev: PS/2 mouse device common for all mice
[    2.350095] input: AT Translated Set 2 keyboard as /devices/platform/i8042/serio0/input/input1
[    2.352530] rtc_cmos PNP0B00:00: RTC can wake from S4
[    2.355480] rtc_cmos PNP0B00:00: registered as rtc0
[    2.356608] input: VirtualPS/2 VMware VMMouse as /devices/platform/i8042/serio1/input/input4
[    2.358199] rtc_cmos PNP0B00:00: setting system clock to 2026-05-06T02:29:38 UTC (1778034578)
[    2.359423] rtc_cmos PNP0B00:00: alarms up to one day, y3k, 242 bytes nvram, hpet irqs
[    2.360264] i2c_dev: i2c /dev entries driver
[    2.360826] device-mapper: core: CONFIG_IMA_DISABLE_HTABLE is disabled. Duplicate IMA measurements will not be recorded in the IMA log.
[    2.362111] device-mapper: uevent: version 1.0.3
[    2.363052] device-mapper: ioctl: 4.50.0-ioctl (2025-04-28) initialised: dm-devel@lists.linux.dev
[    2.363933] intel_pstate: CPU model not supported
[    2.365709] input: VirtualPS/2 VMware VMMouse as /devices/platform/i8042/serio1/input/input3
[    2.367971] drop_monitor: Initializing network drop monitor service
[    2.369119] NET: Registered PF_INET6 protocol family
[    2.373649] Segment Routing with IPv6
[    2.374100] In-situ OAM (IOAM) with IPv6
[    2.374539] NET: Registered PF_PACKET protocol family
[    2.375299] 9pnet: Installing 9P2000 support
[    2.375862] Key type dns_resolver registered
[    2.378975] IPI shorthand broadcast: enabled
[    2.449807] sched_clock: Marking stable (2432004601, 17248563)->(2463491992, -14238828)
[    2.451535] registered taskstats version 1
[    2.452956] Loading compiled-in X.509 certificates
[    2.542758] Demotion targets for Node 0: null
[    2.544783] Key type .fscrypt registered
[    2.545223] Key type fscrypt-provisioning registered
[    2.551689] Key type encrypted registered
[    2.552154] ima: No TPM chip found, activating TPM-bypass!
[    2.552700] ima: Allocated hash algorithm: sha1
[    2.553283] ima: No architecture policies found
[    2.553916] evm: Initialising EVM extended attributes:
[    2.554435] evm: security.selinux
[    2.554783] evm: security.SMACK64
[    2.555116] evm: security.SMACK64EXEC
[    2.555494] evm: security.SMACK64TRANSMUTE
[    2.555906] evm: security.SMACK64MMAP
[    2.556277] evm: security.apparmor
[    2.556631] evm: security.ima
[    2.556932] evm: security.capability
[    2.557307] evm: HMAC attrs: 0x1
[    2.560150] PM:   Magic number: 10:578:459
[    2.561887] RAS: Correctable Errors collector initialized.
[    3.692953] clk: Disabling unused clocks
[    3.693426] PM: genpd: Disabling unused power domains
[    3.694787] md: Waiting for all devices to be available before autodetect
[    3.695176] md: If you don't use raid, use raid=noautodetect
[    3.695495] md: Autodetecting RAID arrays.
[    3.695775] md: autorun ...
[    3.695965] md: ... autorun DONE.
[    3.711348] EXT4-fs (sda): INFO: recovery required on readonly filesystem
[    3.711887] EXT4-fs (sda): write access will be enabled during recovery
[    3.783043] EXT4-fs (sda): recovery complete
[    3.787109] EXT4-fs (sda): mounted filesystem 088740a9-c8b4-422c-999d-a804eb68a4da ro with ordered data mode. Quota mode: none.
[    3.787902] VFS: Mounted root (ext4 filesystem) readonly on device 8:0.
[    3.791725] devtmpfs: mounted
[    3.792449] VFS: Pivoted into new rootfs
[    3.809674] Callback from call_rcu_tasks() invoked.
[    3.812113] Freeing unused decrypted memory: 2036K
[    3.818934] Freeing unused kernel image (initmem) memory: 16684K
[    3.819450] Write protecting the kernel read-only data: 102400k
[    3.821385] Freeing unused kernel image (text/rodata gap) memory: 16K
[    3.822894] Freeing unused kernel image (rodata/data gap) memory: 920K
[    4.830984] x86/mm: Checked W+X mappings: passed, no W+X pages found.
[    4.831416] Run /sbin/init as init process
[    5.100478] systemd[1]: systemd 252-15.el9 running in system mode (+PAM +AUDIT +SELINUX -APPARMOR +IMA +SMACK +SECCOMP +GCRYPT +GNUTLS +OPENSSL +ACL +BLKID +CURL +ELFUTILS -FIDO2 +IDN2 -IDN -IPTC +KMOD +LIBCRYPTSETUP +LIBFDISK +PCRE2 -PWQUALITY +P11KIT -QRENCODE +TPM2 +BZIP2 +LZ4 +XZ +ZLIB +ZSTD -BPF_FRAMEWORK +XKBCOMMON +UTMP +SYSVINIT default-hierarchy=unified)
[    5.102582] systemd[1]: Detected virtualization kvm.
[    5.102915] systemd[1]: Detected architecture x86-64.

Welcome to [0;31mCentOS Stream 9[0m!

[    5.111363] systemd[1]: Hostname set to <test>.
[    5.371574] systemd-rc-local-generator[122]: /etc/rc.d/rc.local is not marked executable, skipping.
[    5.855225] systemd[1]: Queued start job for default target Multi-User System.
[    5.872445] systemd[1]: Created slice Virtual Machine and Container Slice.
[[0;32m  OK  [0m] Created slice [0;1;39mVirtual Machine and Container Slice[0m.
[    5.878023] systemd[1]: Created slice Slice /system/getty.
[[0;32m  OK  [0m] Created slice [0;1;39mSlice /system/getty[0m.
[    5.881388] systemd[1]: Created slice Slice /system/modprobe.
[[0;32m  OK  [0m] Created slice [0;1;39mSlice /system/modprobe[0m.
[    5.884724] systemd[1]: Created slice Slice /system/serial-getty.
[[0;32m  OK  [0m] Created slice [0;1;39mSlice /system/serial-getty[0m.
[    5.887955] systemd[1]: Created slice Slice /system/sshd-keygen.
[[0;32m  OK  [0m] Created slice [0;1;39mSlice /system/sshd-keygen[0m.
[    5.890962] systemd[1]: Created slice User and Session Slice.
[[0;32m  OK  [0m] Created slice [0;1;39mUser and Session Slice[0m.
[    5.892456] systemd[1]: Started Forward Password Requests to Wall Directory Watch.
[[0;32m  OK  [0m] Started [0;1;39mForward Password R…uests to Wall Directory Watch[0m.
[    5.894920] systemd[1]: Set up automount Arbitrary Executable File Formats File System Automount Point.
[[0;32m  OK  [0m] Set up automount [0;1;39mArbitrary…s File System Automount Point[0m.
[    5.896500] systemd[1]: Reached target Local Integrity Protected Volumes.
[[0;32m  OK  [0m] Reached target [0;1;39mLocal Integrity Protected Volumes[0m.
[    5.897872] systemd[1]: Reached target Slice Units.
[[0;32m  OK  [0m] Reached target [0;1;39mSlice Units[0m.
[    5.898799] systemd[1]: Reached target Swaps.
[[0;32m  OK  [0m] Reached target [0;1;39mSwaps[0m.
[    5.900098] systemd[1]: Reached target Local Verity Protected Volumes.
[[0;32m  OK  [0m] Reached target [0;1;39mLocal Verity Protected Volumes[0m.
[    5.901691] systemd[1]: Listening on Device-mapper event daemon FIFOs.
[[0;32m  OK  [0m] Listening on [0;1;39mDevice-mapper event daemon FIFOs[0m.
[    5.903536] systemd[1]: Listening on LVM2 poll daemon socket.
[[0;32m  OK  [0m] Listening on [0;1;39mLVM2 poll daemon socket[0m.
[    5.904829] systemd[1]: multipathd control socket was skipped because of an unmet condition check (ConditionPathExists=/etc/multipath.conf).
[    5.905637] clocksource: Watchdog remote CPU 1 read timed out
[    5.949707] systemd[1]: Listening on RPCbind Server Activation Socket.
[[0;32m  OK  [0m] Listening on [0;1;39mRPCbind Server Activation Socket[0m.
[    5.951525] systemd[1]: Reached target RPC Port Mapper.
[[0;32m  OK  [0m] Reached target [0;1;39mRPC Port Mapper[0m.
[    5.955593] systemd[1]: Listening on Process Core Dump Socket.
[[0;32m  OK  [0m] Listening on [0;1;39mProcess Core Dump Socket[0m.
[    5.957438] systemd[1]: Listening on initctl Compatibility Named Pipe.
[[0;32m  OK  [0m] Listening on [0;1;39minitctl Compatibility Named Pipe[0m.
[    5.959713] systemd[1]: Listening on Journal Socket (/dev/log).
[[0;32m  OK  [0m] Listening on [0;1;39mJournal Socket (/dev/log)[0m.
[    5.961881] systemd[1]: Listening on Journal Socket.
[[0;32m  OK  [0m] Listening on [0;1;39mJournal Socket[0m.
[    5.963651] systemd[1]: Listening on udev Control Socket.
[[0;32m  OK  [0m] Listening on [0;1;39mudev Control Socket[0m.
[    5.965515] systemd[1]: Listening on udev Kernel Socket.
[[0;32m  OK  [0m] Listening on [0;1;39mudev Kernel Socket[0m.
[    5.982087] systemd[1]: Mounting Huge Pages File System...
         Mounting [0;1;39mHuge Pages File System[0m...
[    5.989337] systemd[1]: Mounting POSIX Message Queue File System...
         Mounting [0;1;39mPOSIX Message Queue File System[0m...
[    6.003689] systemd[1]: Mounting Kernel Debug File System...
         Mounting [0;1;39mKernel Debug File System[0m...
[    6.012582] systemd[1]: Mounting Kernel Trace File System...
         Mounting [0;1;39mKernel Trace File System[0m...
[    6.014633] systemd[1]: Kernel Module supporting RPCSEC_GSS was skipped because of an unmet condition check (ConditionPathExists=/etc/krb5.keytab).
[    6.015660] systemd[1]: Create List of Static Device Nodes was skipped because of an unmet condition check (ConditionFileNotEmpty=/lib/modules/7.1.0-rc1-37e6f01e7f6e+/modules.devname).
[    6.034480] systemd[1]: Starting Monitoring of LVM2 mirrors, snapshots etc. using dmeventd or progress polling...
         Starting [0;1;39mMonitoring of LVM…meventd or progress polling[0m...
[    6.045044] systemd[1]: Starting Load Kernel Module configfs...
         Starting [0;1;39mLoad Kernel Module configfs[0m...
[    6.054475] systemd[1]: Starting Load Kernel Module drm...
         Starting [0;1;39mLoad Kernel Module drm[0m...
[    6.067093] systemd[1]: Starting Load Kernel Module fuse...
         Starting [0;1;39mLoad Kernel Module fuse[0m...
[    6.079543] systemd[1]: Starting Read and set NIS domainname from /etc/sysconfig/network...
         Starting [0;1;39mRead and set NIS …from /etc/sysconfig/network[0m...
[    6.122247] systemd[1]: Starting Journal Service...
         Starting [0;1;39mJournal Service[0m...
[    6.131745] systemd[1]: Starting Load Kernel Modules...
         Starting [0;1;39mLoad Kernel Modules[0m...
[    6.138524] systemd[1]: Starting Generate network units from Kernel command line...
         Starting [0;1;39mGenerate network …ts from Kernel command line[0m...
[    6.145913] systemd[1]: Starting Remount Root and Kernel File Systems...
         Starting [0;1;39mRemount Root and Kernel File Systems[0m...
[    6.151011] systemd[1]: Repartition Root Disk was skipped because no trigger condition checks were met.
[    6.186365] systemd[1]: Starting Coldplug All udev Devices...
         Starting [0;1;39mColdplug All udev Devices[0m...
[    6.210061] systemd[1]: Mounted Huge Pages File System.
[[0;32m  OK  [0m] Mounted [0;1;39mHuge Pages File System[0m.
[    6.214612] systemd[1]: Mounted POSIX Message Queue File System.
[[0;32m  OK  [0m] Mounted [0;1;39mPOSIX Message Queue File System[0m.
[    6.218764] systemd[1]: Mounted Kernel Debug File System.
[[0;32m  OK  [0m] Mounted [0;1;39mKernel Debug File System[0m.
[    6.220454] systemd[1]: Mounted Kernel Trace File System.
[[0;32m  OK  [0m] Mounted [0;1;39mKernel Trace File System[0m.
[    6.231329] systemd[1]: Finished Monitoring of LVM2 mirrors, snapshots etc. using dmeventd or progress polling.
[[0;32m  OK  [0m] Finished [0;1;39mMonitoring of LVM… dmeventd or progress polling[0m.
[    6.239377] systemd[1]: modprobe@configfs.service: Deactivated successfully.
[    6.243005] systemd[1]: Finished Load Kernel Module configfs.
[[0;32m  OK  [0m] Finished [0;1;39mLoad Kernel Module configfs[0m.
[    6.249232] systemd[1]: modprobe@drm.service: Deactivated successfully.
[    6.252343] EXT4-fs (sda): re-mounted 088740a9-c8b4-422c-999d-a804eb68a4da r/w.
[    6.254174] systemd[1]: Finished Load Kernel Module drm.
[[0;32m  OK  [0m] Finished [0;1;39mLoad Kernel Module drm[0m.
[    6.268667] systemd[1]: modprobe@fuse.service: Deactivated successfully.
[    6.273485] systemd[1]: Finished Load Kernel Module fuse.
[[0;32m  OK  [0m] Finished [0;1;39mLoad Kernel Module fuse[0m.
[    6.282436] systemd[1]: Finished Read and set NIS domainname from /etc/sysconfig/network.
[[0;32m  OK  [0m] Finished [0;1;39mRead and set NIS …e from /etc/sysconfig/network[0m.
[    6.286520] systemd[1]: systemd-modules-load.service: Main process exited, code=exited, status=1/FAILURE
[    6.291432] systemd[1]: systemd-modules-load.service: Failed with result 'exit-code'.
[    6.293178] systemd[1]: Failed to start Load Kernel Modules.
[[0;1;31mFAILED[0m] Failed to start [0;1;39mLoad Kernel Modules[0m.
See 'systemctl status systemd-modules-load.service' for details.
[    6.300222] systemd[1]: Started Journal Service.
[[0;32m  OK  [0m] Started [0;1;39mJournal Service[0m.
[[0;32m  OK  [0m] Finished [0;1;39mGenerate network units from Kernel command line[0m.
[[0;32m  OK  [0m] Finished [0;1;39mRemount Root and Kernel File Systems[0m.
[[0;32m  OK  [0m] Reached target [0;1;39mPreparation for Network[0m.
         Mounting [0;1;39mFUSE Control File System[0m...
         Mounting [0;1;39mKernel Configuration File System[0m...
         Starting [0;1;39mFlush Journal to Persistent Storage[0m...
         Starting [0;1;39mLoad/Save Random Seed[0m...
         Starting [0;1;39mApply Kernel Variables[0m...
[    6.423431] systemd-journald[144]: Received client request to flush runtime journal.
         Starting [0;1;39mCreate Static Device Nodes in /dev[0m...
         Starting [0;1;39mSetup Virtual Console[0m...
[[0;32m  OK  [0m] Mounted [0;1;39mFUSE Control File System[0m.
[[0;32m  OK  [0m] Mounted [0;1;39mKernel Configuration File System[0m.
[[0;32m  OK  [0m] Finished [0;1;39mFlush Journal to Persistent Storage[0m.
[[0;32m  OK  [0m] Finished [0;1;39mLoad/Save Random Seed[0m.
[[0;32m  OK  [0m] Finished [0;1;39mApply Kernel Variables[0m.
[[0;32m  OK  [0m] Finished [0;1;39mCreate Static Device Nodes in /dev[0m.
         Starting [0;1;39mRule-based Manage…for Device Events and Files[0m...
[[0;32m  OK  [0m] Started [0;1;39mRule-based Manager for Device Events and Files[0m.
         Starting [0;1;39mAuto-connect to s…E devices found during boot[0m...
[[0;32m  OK  [0m] Finished [0;1;39mAuto-connect to s…VME devices found during boot[0m.
[[0;32m  OK  [0m] Finished [0;1;39mSetup Virtual Console[0m.
[[0;32m  OK  [0m] Finished [0;1;39mColdplug All udev Devices[0m.
         Starting [0;1;39mShow Plymouth Boot Screen[0m...
         Starting [0;1;39mWait for udev To …plete Device Initialization[0m...
[2J[3J[-1;-1f[[0;32m  OK  [0m] Started [0;1;39mShow Plymouth Boot Screen[0m.
[[0;32m  OK  [0m] Started [0;1;39mForward Password R…s to Plymouth Directory Watch[0m.
[[0;32m  OK  [0m] Reached target [0;1;39mLocal Encrypted Volumes[0m.
[[0;32m  OK  [0m] Reached target [0;1;39mPath Units[0m.
[[0;32m  OK  [0m] Found device [0;1;39m/dev/ttyS0[0m.
[[0;32m  OK  [0m] Listening on [0;1;39mLoad/Save RF …itch Status /dev/rfkill Watch[0m.
[[0;32m  OK  [0m] Finished [0;1;39mWait for udev To Complete Device Initialization[0m.
[[0;32m  OK  [0m] Reached target [0;1;39mPreparation for Local File Systems[0m.
[[0;32m  OK  [0m] Reached target [0;1;39mLocal File Systems[0m.
         Starting [0;1;39mTell Plymouth To Write Out Runtime Data[0m...
         Starting [0;1;39mAutomatic Boot Loader Update[0m...
         Starting [0;1;39mCreate Volatile Files and Directories[0m...
[[0;32m  OK  [0m] Finished [0;1;39mTell Plymouth To Write Out Runtime Data[0m.
[[0;32m  OK  [0m] Finished [0;1;39mAutomatic Boot Loader Update[0m.
[[0;32m  OK  [0m] Finished [0;1;39mCreate Volatile Files and Directories[0m.
         Mounting [0;1;39mRPC Pipe File System[0m...
         Starting [0;1;39mSecurity Auditing Service[0m...
         Starting [0;1;39mRPC Bind[0m...
[[0;32m  OK  [0m] Mounted [0;1;39mRPC Pipe File System[0m.
[[0;32m  OK  [0m] Reached target [0;1;39mrpc_pipefs.target[0m.
[[0;32m  OK  [0m] Started [0;1;39mRPC Bind[0m.
[[0;32m  OK  [0m] Started [0;1;39mSecurity Auditing Service[0m.
         Starting [0;1;39mRecord System Boot/Shutdown in UTMP[0m...
[[0;32m  OK  [0m] Finished [0;1;39mRecord System Boot/Shutdown in UTMP[0m.
[[0;32m  OK  [0m] Reached target [0;1;39mSystem Initialization[0m.
[[0;32m  OK  [0m] Started [0;1;39mDaily rotation of log files[0m.
[[0;32m  OK  [0m] Started [0;1;39mUpdates mlocate database every day[0m.
[[0;32m  OK  [0m] Started [0;1;39mDaily Cleanup of Temporary Directories[0m.
[[0;32m  OK  [0m] Started [0;1;39mdaily update of the root trust anchor for DNSSEC[0m.
[[0;32m  OK  [0m] Reached target [0;1;39mTimer Units[0m.
[[0;32m  OK  [0m] Listening on [0;1;39mD-Bus System Message Bus Socket[0m.
[[0;32m  OK  [0m] Listening on [0;1;39mOpen-iSCSI iscsid Socket[0m.
[[0;32m  OK  [0m] Listening on [0;1;39mOpen-iSCSI iscsiuio Socket[0m.
[[0;32m  OK  [0m] Listening on [0;1;39mSSSD Kerberos…ache Manager responder socket[0m.
[[0;32m  OK  [0m] Listening on [0;1;39mLibvirt interface local socket[0m.
[[0;32m  OK  [0m] Listening on [0;1;39mVirtual machine lock manager socket[0m.
[[0;32m  OK  [0m] Listening on [0;1;39mVirtual machine log manager socket[0m.
[[0;32m  OK  [0m] Listening on [0;1;39mLibvirt network local socket[0m.
[[0;32m  OK  [0m] Listening on [0;1;39mLibvirt nodedev local socket[0m.
[[0;32m  OK  [0m] Listening on [0;1;39mLibvirt nwfilter local socket[0m.
[[0;32m  OK  [0m] Listening on [0;1;39mLibvirt proxy local socket[0m.
[[0;32m  OK  [0m] Listening on [0;1;39mLibvirt qemu local socket[0m.
[[0;32m  OK  [0m] Listening on [0;1;39mLibvirt qemu admin socket[0m.
[[0;32m  OK  [0m] Listening on [0;1;39mLibvirt qemu local read-only socket[0m.
[[0;32m  OK  [0m] Listening on [0;1;39mLibvirt secret local socket[0m.
[[0;32m  OK  [0m] Listening on [0;1;39mLibvirt storage local socket[0m.
[[0;32m  OK  [0m] Reached target [0;1;39mSocket Units[0m.
         Starting [0;1;39mD-Bus System Message Bus[0m...
[[0;32m  OK  [0m] Started [0;1;39mD-Bus System Message Bus[0m.
[[0;32m  OK  [0m] Reached target [0;1;39mBasic System[0m.
         Starting [0;1;39mNetwork Manager[0m...
         Starting [0;1;39mNTP client/server[0m...
         Starting [0;1;39mRestore /run/initramfs on shutdown[0m...
[[0;32m  OK  [0m] Started [0;1;39mirqbalance daemon[0m.
[[0;32m  OK  [0m] Started [0;1;39mlibstoragemgmt plug-in server daemon[0m.
[[0;32m  OK  [0m] Started [0;1;39mMachine Check Exception Logging Daemon[0m.
[[0;32m  OK  [0m] Reached target [0;1;39msshd-keygen.target[0m.
[[0;32m  OK  [0m] Reached target [0;1;39mUser and Group Name Lookups[0m.
         Starting [0;1;39mUser Login Management[0m...
         Starting [0;1;39mVirtual Machine a…tainer Registration Service[0m...
[[0;32m  OK  [0m] Finished [0;1;39mRestore /run/initramfs on shutdown[0m.
         Starting [0;1;39mHostname Service[0m...
[[0;32m  OK  [0m] Started [0;1;39mVirtual Machine an…ontainer Registration Service[0m.
[[0;32m  OK  [0m] Started [0;1;39mNTP client/server[0m.
[[0;32m  OK  [0m] Started [0;1;39mUser Login Management[0m.
[[0;32m  OK  [0m] Started [0;1;39mHostname Service[0m.
         Starting [0;1;39mNetwork Manager Script Dispatcher Service[0m...
[[0;32m  OK  [0m] Started [0;1;39mNetwork Manager Script Dispatcher Service[0m.
[   10.045853] e1000: eth0 NIC Link is Up 1000 Mbps Full Duplex, Flow Control: RX
[[0;32m  OK  [0m] Started [0;1;39mNetwork Manager[0m.
[[0;32m  OK  [0m] Reached target [0;1;39mNetwork[0m.
[[0;32m  OK  [0m] Reached target [0;1;39mNetwork is Online[0m.
         Starting [0;1;39mGSSAPI Proxy Daemon[0m...
         Starting [0;1;39mNotify NFS peers of a restart[0m...
         Starting [0;1;39mSystem Logging Service[0m...
         Starting [0;1;39mOpenSSH server daemon[0m...
         Starting [0;1;39mDynamic System Tuning Daemon[0m...
[[0;32m  OK  [0m] Started [0;1;39mNotify NFS peers of a restart[0m.
[[0;32m  OK  [0m] Started [0;1;39mOpenSSH server daemon[0m.
[[0;32m  OK  [0m] Started [0;1;39mGSSAPI Proxy Daemon[0m.
[[0;32m  OK  [0m] Reached target [0;1;39mNFS client services[0m.
[[0;32m  OK  [0m] Reached target [0;1;39mPreparation for Remote File Systems[0m.
[[0;32m  OK  [0m] Reached target [0;1;39mRemote File Systems[0m.
         Starting [0;1;39mPermit User Sessions[0m...
         Starting [0;1;39mVirtualization qemu daemon[0m...
[[0;32m  OK  [0m] Finished [0;1;39mPermit User Sessions[0m.
[[0;32m  OK  [0m] Started [0;1;39mDeferred execution scheduler[0m.
[[0;32m  OK  [0m] Started [0;1;39mCommand Scheduler[0m.
         Starting [0;1;39mHold until boot process finishes up[0m...
         Starting [0;1;39mTerminate Plymouth Boot Screen[0m...
[[0;32m  OK  [0m] Started [0;1;39mSystem Logging Service[0m.

CentOS Stream 9
Kernel 7.1.0-rc1-37e6f01e7f6e+ on an x86_64

Activate the web console with: systemctl enable --now cockpit.socket

test login: [   17.681617] pimreg: entered allmulticast mode
[   17.702635] pimreg: entered allmulticast mode
[   17.710294] pimreg: left allmulticast mode
[   17.719092] pimreg: entered allmulticast mode
[   17.741898] pimreg: entered allmulticast mode
[   17.775948] pimreg: entered allmulticast mode
[   17.785989] pimreg: left allmulticast mode
[   17.786345] pimreg: left allmulticast mode
[   17.786652] pimreg: left allmulticast mode
[   17.795218] pimreg: entered allmulticast mode
[   17.818694] pimreg: entered allmulticast mode
[   17.843357] pimreg: entered allmulticast mode
[   17.870461] pimreg: entered allmulticast mode
[   17.893564] pimreg: entered allmulticast mode
[   17.910199] pimreg: left allmulticast mode
[   17.910556] pimreg: left allmulticast mode
[   17.910821] pimreg: left allmulticast mode
[   17.911094] pimreg: left allmulticast mode
[   17.912101] pimreg: left allmulticast mode
[   17.923244] pimreg: entered allmulticast mode
[   17.949932] pimreg: entered allmulticast mode
[   17.982923] pimreg: entered allmulticast mode
[   17.997988] pimreg: entered allmulticast mode
[   18.018460] pimreg: entered allmulticast mode
[   18.046043] pimreg: entered allmulticast mode
[   18.050096] pimreg: left allmulticast mode
[   18.050438] pimreg: left allmulticast mode
[   18.050696] pimreg: left allmulticast mode
[   18.050981] pimreg: left allmulticast mode
[   18.051740] pimreg: left allmulticast mode
[   18.052040] pimreg: left allmulticast mode
[   18.063259] pimreg: entered allmulticast mode
[   18.088226] pimreg: entered allmulticast mode
[   18.114255] pimreg: entered allmulticast mode
[   18.145952] pimreg: entered allmulticast mode
[   18.185762] pimreg: entered allmulticast mode
[   18.230518] pimreg: entered allmulticast mode
[   18.266055] pimreg: entered allmulticast mode
[   18.287682] pimreg: left allmulticast mode
[   18.288037] pimreg: left allmulticast mode
[   18.288306] pimreg: left allmulticast mode
[   18.288554] pimreg: left allmulticast mode
[   18.288855] pimreg: left allmulticast mode
[   18.289174] pimreg: left allmulticast mode
[   18.289549] pimreg: left allmulticast mode
[   18.301986] pimreg: entered allmulticast mode
[   18.336685] pimreg: entered allmulticast mode
[   18.366733] pimreg: entered allmulticast mode
[   18.386219] pimreg: entered allmulticast mode
[   18.411180] pimreg: entered allmulticast mode
[   18.429915] pimreg: entered allmulticast mode
[   18.451145] pimreg: entered allmulticast mode
[   18.466478] pimreg: left allmulticast mode
[   18.466829] pimreg: left allmulticast mode
[   18.467125] pimreg: left allmulticast mode
[   18.467811] pimreg: left allmulticast mode
[   18.468506] pimreg: left allmulticast mode
[   18.468855] pimreg: left allmulticast mode
[   18.469160] pimreg: left allmulticast mode
[   18.480723] pimreg: entered allmulticast mode
[   18.508879] pimreg: entered allmulticast mode
[   18.534749] pimreg: entered allmulticast mode
[   18.558443] pimreg: entered allmulticast mode
[   18.582085] pimreg: entered allmulticast mode
[   18.601604] pimreg: entered allmulticast mode
[   18.630158] pimreg: entered allmulticast mode
[   18.634809] pimreg: left allmulticast mode
[   18.635119] pimreg: left allmulticast mode
[   18.635372] pimreg: left allmulticast mode
[   18.635619] pimreg: left allmulticast mode
[   18.635933] pimreg: left allmulticast mode
[   18.636237] pimreg: left allmulticast mode
[   18.636534] pimreg: left allmulticast mode
[   18.649166] pimreg: entered allmulticast mode
[   18.684879] pimreg: entered allmulticast mode
[   18.719743] pimreg: entered allmulticast mode
[   18.738647] pimreg: entered allmulticast mode
[   18.758454] pimreg: entered allmulticast mode
[   18.782043] pimreg: entered allmulticast mode
[   18.805842] pimreg: entered allmulticast mode
[   18.826135] pimreg: left allmulticast mode
[   18.826481] pimreg: left allmulticast mode
[   18.826748] pimreg: left allmulticast mode
[   18.827491] pimreg: left allmulticast mode
[   18.827986] pimreg: left allmulticast mode
[   18.828335] pimreg: left allmulticast mode
[   18.828634] pimreg: left allmulticast mode
[   18.840555] pimreg: entered allmulticast mode
[   18.872654] pimreg: entered allmulticast mode
[   18.900399] pimreg: entered allmulticast mode
[   18.925882] pimreg: entered allmulticast mode
[   18.937288] pimreg: entered allmulticast mode
[   18.969599] pimreg: entered allmulticast mode
[   18.990138] pimreg: left allmulticast mode
[   18.990485] pimreg: left allmulticast mode
[   18.990753] pimreg: left allmulticast mode
[   18.991404] pimreg: left allmulticast mode
[   18.991893] pimreg: left allmulticast mode
[   18.992226] pimreg: left allmulticast mode
[   19.003145] pimreg: entered allmulticast mode
[   19.038178] pimreg: entered allmulticast mode
[   19.066640] pimreg: entered allmulticast mode
[   19.093718] pimreg: entered allmulticast mode
[   19.125640] pimreg: entered allmulticast mode
[   19.153958] pimreg: entered allmulticast mode
[   19.185731] pimreg: entered allmulticast mode
[   19.212263] pimreg: left allmulticast mode
[   19.212581] pimreg: left allmulticast mode
[   19.212890] pimreg: left allmulticast mode
[   19.213149] pimreg: left allmulticast mode
[   19.213493] pimreg: left allmulticast mode
[   19.213840] pimreg: left allmulticast mode
[   19.214154] pimreg: left allmulticast mode
[   19.225725] pimreg: entered allmulticast mode
[   19.262104] pimreg: entered allmulticast mode
[   19.286301] pimreg: entered allmulticast mode
[   19.306311] pimreg: entered allmulticast mode
[   19.329675] pimreg: entered allmulticast mode
[   19.357690] pimreg: entered allmulticast mode
[   19.397665] pimreg: entered allmulticast mode
[   19.422926] pimreg: left allmulticast mode
[   19.423217] pimreg: left allmulticast mode
[   19.423553] pimreg: left allmulticast mode
[   19.423871] pimreg: left allmulticast mode
[   19.424166] pimreg: left allmulticast mode
[   19.424466] pimreg: left allmulticast mode
[   19.424750] pimreg: left allmulticast mode
[   19.436981] pimreg: entered allmulticast mode
[   19.459061] pimreg: entered allmulticast mode
[   19.478611] pimreg: entered allmulticast mode
[   19.497882] pimreg: entered allmulticast mode
[   19.521540] pimreg: entered allmulticast mode
[   19.542020] pimreg: entered allmulticast mode
[   19.561818] pimreg: entered allmulticast mode
[   19.585502] pimreg: entered allmulticast mode
[   19.598198] pimreg: left allmulticast mode
[   19.598543] pimreg: left allmulticast mode
[   19.598811] pimreg: left allmulticast mode
[   19.599063] pimreg: left allmulticast mode
[   19.599381] pimreg: left allmulticast mode
[   19.599684] pimreg: left allmulticast mode
[   19.600018] pimreg: left allmulticast mode
[   19.600313] pimreg: left allmulticast mode
[   19.614060] pimreg: entered allmulticast mode
[   19.650823] pimreg: entered allmulticast mode
[   19.679149] pimreg: entered allmulticast mode
[   19.702398] pimreg: entered allmulticast mode
[   19.725704] pimreg: entered allmulticast mode
[   19.745117] pimreg: entered allmulticast mode
[   19.765476] pimreg: entered allmulticast mode
[   19.789216] pimreg: entered allmulticast mode
[   19.815105] pimreg: entered allmulticast mode
[   19.815482] pimreg: left allmulticast mode
[   19.815827] pimreg: left allmulticast mode
[   19.816150] pimreg: left allmulticast mode
[   19.816461] pimreg: left allmulticast mode
[   19.816754] pimreg: left allmulticast mode
[   19.817066] pimreg: left allmulticast mode
[   19.817932] pimreg: left allmulticast mode
[   19.818259] pimreg: left allmulticast mode
[   19.833606] pimreg: entered allmulticast mode
[   19.859496] pimreg: entered allmulticast mode
[   19.886879] pimreg: entered allmulticast mode
[   19.910121] pimreg: entered allmulticast mode
[   19.930347] pimreg: entered allmulticast mode
[   19.946363] pimreg: entered allmulticast mode
[   19.966192] pimreg: entered allmulticast mode
[   19.985444] pimreg: entered allmulticast mode
[   20.011099] pimreg: entered allmulticast mode
[   20.011460] pimreg: left allmulticast mode
[   20.011740] pimreg: left allmulticast mode
[   20.012009] pimreg: left allmulticast mode
[   20.012267] pimreg: left allmulticast mode
[   20.012529] pimreg: left allmulticast mode
[   20.012782] pimreg: left allmulticast mode
[   20.013042] pimreg: left allmulticast mode
[   20.013651] pimreg: left allmulticast mode
[   20.013965] pimreg: left allmulticast mode
[   20.032279] pimreg: entered allmulticast mode
[   20.051078] pimreg: entered allmulticast mode
[   20.069955] pimreg: entered allmulticast mode
[   20.094314] pimreg: entered allmulticast mode
[   20.122057] pimreg: entered allmulticast mode
[   20.145649] pimreg: entered allmulticast mode
[   20.169329] pimreg: entered allmulticast mode
[   20.193861] pimreg: entered allmulticast mode
[   20.220913] pimreg: entered allmulticast mode
[   20.234792] pimreg: left allmulticast mode
[   20.235276] pimreg: left allmulticast mode
[   20.235547] pimreg: left allmulticast mode
[   20.235818] pimreg: left allmulticast mode
[   20.236078] pimreg: left allmulticast mode
[   20.236326] pimreg: left allmulticast mode
[   20.236625] pimreg: left allmulticast mode
[   20.236920] pimreg: left allmulticast mode
[   20.237232] pimreg: left allmulticast mode
[   20.237692] pimreg: left allmulticast mode
[   20.254233] pimreg: entered allmulticast mode
[   20.286331] pimreg: entered allmulticast mode
[   20.322025] pimreg: entered allmulticast mode
[   20.334484] pimreg: entered allmulticast mode
[   20.354299] pimreg: entered allmulticast mode
[   20.377855] pimreg: entered allmulticast mode
[   20.397701] pimreg: entered allmulticast mode
[   20.421862] pimreg: entered allmulticast mode
[   20.445752] pimreg: entered allmulticast mode
[   20.469805] pimreg: entered allmulticast mode
[   20.490385] pimreg: left allmulticast mode
[   20.490749] pimreg: left allmulticast mode
[   20.491037] pimreg: left allmulticast mode
[   20.491296] pimreg: left allmulticast mode
[   20.492262] pimreg: left allmulticast mode
[   20.492556] pimreg: left allmulticast mode
[   20.492829] pimreg: left allmulticast mode
[   20.493114] pimreg: left allmulticast mode
[   20.494017] pimreg: left allmulticast mode
[   20.494395] pimreg: left allmulticast mode
[   20.510284] pimreg: entered allmulticast mode
[   20.535444] pimreg: entered allmulticast mode
[   20.560387] pimreg: entered allmulticast mode
[   20.586335] pimreg: entered allmulticast mode
[   20.609204] pimreg: entered allmulticast mode
[   20.633469] pimreg: entered allmulticast mode
[   20.658260] pimreg: entered allmulticast mode
[   20.677770] pimreg: entered allmulticast mode
[   20.702101] pimreg: entered allmulticast mode
[   20.734045] pimreg: entered allmulticast mode
[   20.738423] pimreg: left allmulticast mode
[   20.738744] pimreg: left allmulticast mode
[   20.739021] pimreg: left allmulticast mode
[   20.739322] pimreg: left allmulticast mode
[   20.739630] pimreg: left allmulticast mode
[   20.739913] pimreg: left allmulticast mode
[   20.740620] pimreg: left allmulticast mode
[   20.740975] pimreg: left allmulticast mode
[   20.741835] pimreg: left allmulticast mode
[   20.757524] pimreg: entered allmulticast mode
[   20.791292] pimreg: entered allmulticast mode
[   20.813155] pimreg: entered allmulticast mode
[   20.825351] pimreg: entered allmulticast mode
[   20.849760] pimreg: entered allmulticast mode
[   20.873536] pimreg: entered allmulticast mode
[   20.897245] pimreg: entered allmulticast mode
[   20.925645] pimreg: entered allmulticast mode
[   20.947027] pimreg: left allmulticast mode
[   20.947352] pimreg: left allmulticast mode
[   20.947661] pimreg: left allmulticast mode
[   20.947970] pimreg: left allmulticast mode
[   20.948273] pimreg: left allmulticast mode
[   20.948607] pimreg: left allmulticast mode
[   20.948911] pimreg: left allmulticast mode
[   20.949205] pimreg: left allmulticast mode
[   20.949538] pimreg: left allmulticast mode
[   20.963681] pimreg: entered allmulticast mode
[   20.989149] pimreg: entered allmulticast mode
[   21.004258] pimreg: entered allmulticast mode
[   21.022085] pimreg: entered allmulticast mode
[   21.045362] pimreg: entered allmulticast mode
[   21.069647] pimreg: entered allmulticast mode
[   21.089674] pimreg: entered allmulticast mode
[   21.110853] pimreg: entered allmulticast mode
[   21.129121] pimreg: entered allmulticast mode
[   21.142285] pimreg: left allmulticast mode
[   21.142613] pimreg: left allmulticast mode
[   21.142883] pimreg: left allmulticast mode
[   21.143132] pimreg: left allmulticast mode
[   21.143443] pimreg: left allmulticast mode
[   21.143751] pimreg: left allmulticast mode
[   21.144047] pimreg: left allmulticast mode
[   21.144353] pimreg: left allmulticast mode
[   21.144672] pimreg: left allmulticast mode
[   21.159713] pimreg: entered allmulticast mode
[   21.195472] pimreg: entered allmulticast mode
[   21.216197] pimreg: entered allmulticast mode
[   21.238189] pimreg: entered allmulticast mode
[   21.270060] pimreg: entered allmulticast mode
[   21.293934] pimreg: entered allmulticast mode
[   21.326140] pimreg: entered allmulticast mode
[   21.347214] pimreg: entered allmulticast mode
[   21.366920] pimreg: entered allmulticast mode
[   21.379446] pimreg: left allmulticast mode
[   21.379793] pimreg: left allmulticast mode
[   21.380052] pimreg: left allmulticast mode
[   21.380354] pimreg: left allmulticast mode
[   21.380644] pimreg: left allmulticast mode
[   21.380964] pimreg: left allmulticast mode
[   21.381318] pimreg: left allmulticast mode
[   21.381613] pimreg: left allmulticast mode
[   21.381935] pimreg: left allmulticast mode
[   21.396331] pimreg: entered allmulticast mode
[   21.421103] pimreg: entered allmulticast mode
[   21.452535] pimreg: entered allmulticast mode
[   21.474933] pimreg: entered allmulticast mode
[   21.490050] pimreg: entered allmulticast mode
[   21.517618] pimreg: entered allmulticast mode
[   21.541663] pimreg: entered allmulticast mode
[   21.565422] pimreg: entered allmulticast mode
[   21.589445] pimreg: entered allmulticast mode
[   21.610179] pimreg: left allmulticast mode
[   21.610524] pimreg: left allmulticast mode
[   21.610796] pimreg: left allmulticast mode
[   21.611058] pimreg: left allmulticast mode
[   21.611316] pimreg: left allmulticast mode
[   21.612181] pimreg: left allmulticast mode
[   21.612512] pimreg: left allmulticast mode
[   21.612814] pimreg: left allmulticast mode
[   21.613119] pimreg: left allmulticast mode
[   21.628270] pimreg: entered allmulticast mode
[   21.650809] pimreg: entered allmulticast mode
[   21.679613] pimreg: entered allmulticast mode
[   21.701318] pimreg: entered allmulticast mode
[   21.725550] pimreg: entered allmulticast mode
[   21.749927] pimreg: entered allmulticast mode
[   21.769490] pimreg: entered allmulticast mode
[   21.793726] pimreg: entered allmulticast mode
[   21.816929] pimreg: entered allmulticast mode
[   21.830499] pimreg: left allmulticast mode
[   21.831126] pimreg: left allmulticast mode
[   21.831401] pimreg: left allmulticast mode
[   21.831657] pimreg: left allmulticast mode
[   21.831965] pimreg: left allmulticast mode
[   21.832270] pimreg: left allmulticast mode
[   21.832576] pimreg: left allmulticast mode
[   21.832875] pimreg: left allmulticast mode
[   21.833163] pimreg: left allmulticast mode
[   21.849375] pimreg: entered allmulticast mode
[   21.887089] pimreg: entered allmulticast mode
[   21.913100] pimreg: entered allmulticast mode
[   21.925018] pimreg: entered allmulticast mode
[   21.945468] pimreg: entered allmulticast mode
[   21.965499] pimreg: entered allmulticast mode
[   21.989124] pimreg: entered allmulticast mode
[   22.013482] pimreg: entered allmulticast mode
[   22.037671] pimreg: entered allmulticast mode
[   22.043053] pimreg: left allmulticast mode
[   22.043390] pimreg: left allmulticast mode
[   22.043647] pimreg: left allmulticast mode
[   22.043906] pimreg: left allmulticast mode
[   22.044206] pimreg: left allmulticast mode
[   22.044494] pimreg: left allmulticast mode
[   22.044795] pimreg: left allmulticast mode
[   22.045088] pimreg: left allmulticast mode
[   22.059022] pimreg: entered allmulticast mode
[   22.086281] pimreg: entered allmulticast mode
[   22.109465] pimreg: entered allmulticast mode
[   22.126463] pimreg: entered allmulticast mode
[   22.150072] pimreg: entered allmulticast mode
[   22.165601] pimreg: entered allmulticast mode
[   22.185508] pimreg: entered allmulticast mode
[   22.207929] pimreg: entered allmulticast mode
[   22.219335] pimreg: left allmulticast mode
[   22.219719] pimreg: left allmulticast mode
[   22.220004] pimreg: left allmulticast mode
[   22.220259] pimreg: left allmulticast mode
[   22.220558] pimreg: left allmulticast mode
[   22.220860] pimreg: left allmulticast mode
[   22.221161] pimreg: left allmulticast mode
[   22.221701] pimreg: left allmulticast mode
[   22.222020] pimreg: left allmulticast mode
[   22.238111] pimreg: entered allmulticast mode
[   22.270852] pimreg: entered allmulticast mode
[   22.297466] pimreg: entered allmulticast mode
[   22.317914] pimreg: entered allmulticast mode
[   22.345369] pimreg: entered allmulticast mode
[   22.369563] pimreg: entered allmulticast mode
[   22.394032] pimreg: entered allmulticast mode
[   22.417480] pimreg: entered allmulticast mode
[   22.438535] pimreg: left allmulticast mode
[   22.438909] pimreg: left allmulticast mode
[   22.439225] pimreg: left allmulticast mode
[   22.439516] pimreg: left allmulticast mode
[   22.439834] pimreg: left allmulticast mode
[   22.441491] pimreg: left allmulticast mode
[   22.441813] pimreg: left allmulticast mode
[   22.442071] pimreg: left allmulticast mode
[   22.455413] pimreg: entered allmulticast mode
[   22.486576] pimreg: entered allmulticast mode
[   22.504431] pimreg: entered allmulticast mode
[   22.521807] pimreg: entered allmulticast mode
[   22.545421] pimreg: entered allmulticast mode
[   22.569476] pimreg: entered allmulticast mode
[   22.593311] pimreg: entered allmulticast mode
[   22.606210] pimreg: left allmulticast mode
[   22.606538] pimreg: left allmulticast mode
[   22.606806] pimreg: left allmulticast mode
[   22.607069] pimreg: left allmulticast mode
[   22.607326] pimreg: left allmulticast mode
[   22.607618] pimreg: left allmulticast mode
[   22.607926] pimreg: left allmulticast mode
[   22.621610] pimreg: entered allmulticast mode
[   22.653545] pimreg: entered allmulticast mode
[   22.668952] pimreg: entered allmulticast mode
[   22.682762] pimreg: entered allmulticast mode
[   22.706586] pimreg: entered allmulticast mode
[   22.729606] pimreg: entered allmulticast mode
[   22.750308] pimreg: left allmulticast mode
[   22.750662] pimreg: left allmulticast mode
[   22.751396] pimreg: left allmulticast mode
[   22.751890] pimreg: left allmulticast mode
[   22.752227] pimreg: left allmulticast mode
[   22.752518] pimreg: left allmulticast mode
[   22.764111] pimreg: entered allmulticast mode
[   22.781966] pimreg: entered allmulticast mode
[   22.801567] pimreg: entered allmulticast mode
[   22.821583] pimreg: entered allmulticast mode
[   22.845357] pimreg: entered allmulticast mode
[   22.877779] pimreg: entered allmulticast mode
[   22.902026] pimreg: entered allmulticast mode
[   22.925536] pimreg: entered allmulticast mode
[   22.930774] pimreg: left allmulticast mode
[   22.931138] pimreg: left allmulticast mode
[   22.931408] pimreg: left allmulticast mode
[   22.931693] pimreg: left allmulticast mode
[   22.931958] pimreg: left allmulticast mode
[   22.932210] pimreg: left allmulticast mode
[   22.932460] pimreg: left allmulticast mode
[   22.953294] pimreg: entered allmulticast mode
[   22.973532] pimreg: entered allmulticast mode
[   22.996993] pimreg: entered allmulticast mode
[   23.013748] pimreg: entered allmulticast mode
[   23.046081] pimreg: entered allmulticast mode
[   23.073595] pimreg: entered allmulticast mode
[   23.101646] pimreg: entered allmulticast mode
[   23.125060] pimreg: entered allmulticast mode
[   23.138200] pimreg: left allmulticast mode
[   23.138539] pimreg: left allmulticast mode
[   23.138809] pimreg: left allmulticast mode
[   23.139059] pimreg: left allmulticast mode
[   23.139316] pimreg: left allmulticast mode
[   23.139953] pimreg: left allmulticast mode
[   23.140399] pimreg: left allmulticast mode
[   23.140717] pimreg: left allmulticast mode
[   23.141001] pimreg: left allmulticast mode
[   23.157165] pimreg: entered allmulticast mode
[   23.184937] pimreg: entered allmulticast mode
[   23.211049] pimreg: entered allmulticast mode
[   23.222220] pimreg: entered allmulticast mode
[   23.242351] pimreg: left allmulticast mode
[   23.242824] pimreg: left allmulticast mode
[   23.243148] pimreg: left allmulticast mode
[   23.243449] pimreg: left allmulticast mode
[   23.251248] pimreg: entered allmulticast mode
[   23.278280] pimreg: entered allmulticast mode
[   23.297108] pimreg: entered allmulticast mode
[   23.310096] pimreg: entered allmulticast mode
[   23.326643] pimreg: entered allmulticast mode
[   23.342037] pimreg: entered allmulticast mode
[   23.361862] pimreg: entered allmulticast mode
[   23.366340] pimreg: left allmulticast mode
[   23.366864] pimreg: left allmulticast mode
[   23.367130] pimreg: left allmulticast mode
[   23.367398] pimreg: left allmulticast mode
[   23.367646] pimreg: left allmulticast mode
[   23.367926] pimreg: left allmulticast mode
[   23.385665] pimreg: entered allmulticast mode
[   23.411194] pimreg: entered allmulticast mode
[   23.425058] pimreg: entered allmulticast mode
[   23.453334] pimreg: entered allmulticast mode
[   23.477692] pimreg: entered allmulticast mode
[   23.498203] pimreg: left allmulticast mode
[   23.498542] pimreg: left allmulticast mode
[   23.498821] pimreg: left allmulticast mode
[   23.499088] pimreg: left allmulticast mode
[   23.500011] pimreg: left allmulticast mode
[   23.500311] pimreg: left allmulticast mode
[   23.511056] pimreg: entered allmulticast mode
[   23.540883] pimreg: entered allmulticast mode
[   23.563318] pimreg: entered allmulticast mode
[   23.581876] pimreg: entered allmulticast mode
[   23.606152] pimreg: entered allmulticast mode
[   23.629312] pimreg: entered allmulticast mode
[   23.649406] pimreg: entered allmulticast mode
[   23.669916] pimreg: left allmulticast mode
[   23.670267] pimreg: left allmulticast mode
[   23.670586] pimreg: left allmulticast mode
[   23.670911] pimreg: left allmulticast mode
[   23.671204] pimreg: left allmulticast mode
[   23.672010] pimreg: left allmulticast mode
[   23.672345] pimreg: left allmulticast mode
[   23.684468] pimreg: entered allmulticast mode
[   23.700889] pimreg: entered allmulticast mode
[   23.724132] pimreg: entered allmulticast mode
[   23.745306] pimreg: entered allmulticast mode
[   23.765595] pimreg: entered allmulticast mode
[   23.785548] pimreg: entered allmulticast mode
[   23.805282] pimreg: entered allmulticast mode
[   23.829926] pimreg: entered allmulticast mode
[   23.834358] pimreg: left allmulticast mode
[   23.834708] pimreg: left allmulticast mode
[   23.835014] pimreg: left allmulticast mode
[   23.835304] pimreg: left allmulticast mode
[   23.836147] pimreg: left allmulticast mode
[   23.836865] pimreg: left allmulticast mode
[   23.837204] pimreg: left allmulticast mode
[   23.837566] pimreg: left allmulticast mode
[   23.850683] pimreg: entered allmulticast mode
[   23.874267] pimreg: entered allmulticast mode
[   23.897073] pimreg: entered allmulticast mode
[   23.926622] pimreg: entered allmulticast mode
[   23.945727] pimreg: entered allmulticast mode
[   23.965550] pimreg: entered allmulticast mode
[   23.990036] pimreg: entered allmulticast mode
[   23.994340] pimreg: left allmulticast mode
[   23.994696] pimreg: left allmulticast mode
[   23.994973] pimreg: left allmulticast mode
[   23.995222] pimreg: left allmulticast mode
[   23.995526] pimreg: left allmulticast mode
[   23.996315] pimreg: left allmulticast mode
[   23.996670] pimreg: left allmulticast mode
[   24.009008] pimreg: entered allmulticast mode
[   24.034488] pimreg: entered allmulticast mode
[   24.046389] pimreg: entered allmulticast mode
[   24.069895] pimreg: entered allmulticast mode
[   24.089999] pimreg: entered allmulticast mode
[   24.109496] pimreg: entered allmulticast mode
[   24.133485] pimreg: entered allmulticast mode
[   24.157886] pimreg: entered allmulticast mode
[   24.182307] pimreg: left allmulticast mode
[   24.182653] pimreg: left allmulticast mode
[   24.182926] pimreg: left allmulticast mode
[   24.183176] pimreg: left allmulticast mode
[   24.183472] pimreg: left allmulticast mode
[   24.183969] pimreg: left allmulticast mode
[   24.184348] pimreg: left allmulticast mode
[   24.184602] pimreg: left allmulticast mode
[   24.197947] pimreg: entered allmulticast mode
[   24.230315] pimreg: entered allmulticast mode
[   24.255072] pimreg: entered allmulticast mode
[   24.273710] pimreg: entered allmulticast mode
[   24.293485] pimreg: entered allmulticast mode
[   24.317444] pimreg: entered allmulticast mode
[   24.341755] pimreg: entered allmulticast mode
[   24.366262] pimreg: entered allmulticast mode
[   24.366665] pimreg: left allmulticast mode
[   24.367017] pimreg: left allmulticast mode
[   24.367326] pimreg: left allmulticast mode
[   24.367659] pimreg: left allmulticast mode
[   24.367972] pimreg: left allmulticast mode
[   24.368286] pimreg: left allmulticast mode
[   24.368581] pimreg: left allmulticast mode
[   24.381090] pimreg: entered allmulticast mode
[   24.405898] pimreg: entered allmulticast mode
[   24.425721] pimreg: entered allmulticast mode
[   24.450667] pimreg: entered allmulticast mode
[   24.469241] pimreg: entered allmulticast mode
[   24.493327] pimreg: entered allmulticast mode
[   24.518018] pimreg: entered allmulticast mode
[   24.526821] pimreg: left allmulticast mode
[   24.527171] pimreg: left allmulticast mode
[   24.527432] pimreg: left allmulticast mode
[   24.527764] pimreg: left allmulticast mode
[   24.528070] pimreg: left allmulticast mode
[   24.528369] pimreg: left allmulticast mode
[   24.528695] pimreg: left allmulticast mode
[   24.528982] pimreg: left allmulticast mode
[   24.546656] pimreg: entered allmulticast mode
[   24.570508] pimreg: entered allmulticast mode
[   24.585879] pimreg: entered allmulticast mode
[   24.610760] pimreg: entered allmulticast mode
[   24.626021] pimreg: entered allmulticast mode
[   24.645154] pimreg: entered allmulticast mode
[   24.665308] pimreg: entered allmulticast mode
[   24.689397] pimreg: entered allmulticast mode
[   24.702352] pimreg: left allmulticast mode
[   24.702709] pimreg: left allmulticast mode
[   24.702967] pimreg: left allmulticast mode
[   24.703219] pimreg: left allmulticast mode
[   24.703523] pimreg: left allmulticast mode
[   24.704172] pimreg: left allmulticast mode
[   24.704543] pimreg: left allmulticast mode
[   24.704848] pimreg: left allmulticast mode
[   24.718775] pimreg: entered allmulticast mode
[   24.755581] pimreg: entered allmulticast mode
[   24.779722] pimreg: entered allmulticast mode
[   24.793841] pimreg: entered allmulticast mode
[   24.817554] pimreg: entered allmulticast mode
[   24.841606] pimreg: entered allmulticast mode
[   24.865430] pimreg: entered allmulticast mode
[   24.889805] pimreg: entered allmulticast mode
[   24.911138] pimreg: left allmulticast mode
[   24.911429] pimreg: left allmulticast mode
[   24.911752] pimreg: left allmulticast mode
[   24.912055] pimreg: left allmulticast mode
[   24.912366] pimreg: left allmulticast mode
[   24.913078] pimreg: left allmulticast mode
[   24.913718] pimreg: left allmulticast mode
[   24.914039] pimreg: left allmulticast mode
[   24.926824] pimreg: entered allmulticast mode
[   24.947214] pimreg: entered allmulticast mode
[   24.972470] pimreg: entered allmulticast mode
[   24.998035] pimreg: entered allmulticast mode
[   25.013234] pimreg: entered allmulticast mode
[   25.038100] pimreg: entered allmulticast mode
[   25.061623] pimreg: entered allmulticast mode
[   25.081520] pimreg: entered allmulticast mode
[   25.102092] pimreg: left allmulticast mode
[   25.102438] pimreg: left allmulticast mode
[   25.102713] pimreg: left allmulticast mode
[   25.102971] pimreg: left allmulticast mode
[   25.103272] pimreg: left allmulticast mode
[   25.104684] pimreg: left allmulticast mode
[   25.105025] pimreg: left allmulticast mode
[   25.105385] pimreg: left allmulticast mode
[   25.118714] pimreg: entered allmulticast mode
[   25.134918] pimreg: entered allmulticast mode
[   25.153787] pimreg: entered allmulticast mode
[   25.181432] pimreg: entered allmulticast mode
[   25.206041] pimreg: entered allmulticast mode
[   25.229690] pimreg: entered allmulticast mode
[   25.253447] pimreg: entered allmulticast mode
[   25.278428] pimreg: entered allmulticast mode
[   25.296055] pimreg: left allmulticast mode
[   25.296405] pimreg: left allmulticast mode
[   25.296696] pimreg: left allmulticast mode
[   25.296959] pimreg: left allmulticast mode
[   25.297527] pimreg: left allmulticast mode
[   25.297836] pimreg: left allmulticast mode
[   25.298130] pimreg: left allmulticast mode
[   25.298420] pimreg: left allmulticast mode
[   25.310337] pimreg: entered allmulticast mode
[   25.343047] pimreg: entered allmulticast mode
[   25.365786] pimreg: entered allmulticast mode
[   25.385343] pimreg: entered allmulticast mode
[   25.398188] pimreg: entered allmulticast mode
[   25.421773] pimreg: entered allmulticast mode
[   25.435005] pimreg: left allmulticast mode
[   25.435352] pimreg: left allmulticast mode
[   25.435680] pimreg: left allmulticast mode
[   25.436001] pimreg: left allmulticast mode
[   25.436291] pimreg: left allmulticast mode
[   25.436573] pimreg: left allmulticast mode
[   25.447705] pimreg: entered allmulticast mode
[   25.470833] pimreg: entered allmulticast mode
[   25.482795] pimreg: entered allmulticast mode
[   25.507924] pimreg: entered allmulticast mode
[   25.525507] pimreg: entered allmulticast mode
[   25.530179] pimreg: left allmulticast mode
[   25.530757] pimreg: left allmulticast mode
[   25.531026] pimreg: left allmulticast mode
[   25.531285] pimreg: left allmulticast mode
[   25.549841] pimreg: entered allmulticast mode
[   25.576262] pimreg: entered allmulticast mode
[   25.598029] pimreg: entered allmulticast mode
[   25.617098] pimreg: entered allmulticast mode
[   25.642297] pimreg: entered allmulticast mode
[   25.646214] pimreg: left allmulticast mode
[   25.646615] pimreg: left allmulticast mode
[   25.646947] pimreg: left allmulticast mode
[   25.647279] pimreg: left allmulticast mode
[   25.647587] pimreg: left allmulticast mode
[   25.665221] pimreg: entered allmulticast mode
[   25.680242] pimreg: entered allmulticast mode
[   25.704648] pimreg: entered allmulticast mode
[   25.721678] pimreg: entered allmulticast mode
[   25.741728] pimreg: entered allmulticast mode
[   25.761519] pimreg: entered allmulticast mode
[   25.778207] pimreg: left allmulticast mode
[   25.779254] pimreg: left allmulticast mode
[   25.779671] pimreg: left allmulticast mode
[   25.779928] pimreg: left allmulticast mode
[   25.780240] pimreg: left allmulticast mode
[   25.780542] pimreg: left allmulticast mode
[   25.780856] pimreg: left allmulticast mode
[   25.792651] pimreg: entered allmulticast mode
[   25.821628] pimreg: entered allmulticast mode
[   25.842503] pimreg: entered allmulticast mode
[   25.866054] pimreg: entered allmulticast mode
[   25.893326] pimreg: entered allmulticast mode
[   25.917761] pimreg: entered allmulticast mode
[   25.949805] pimreg: entered allmulticast mode
[   25.973734] pimreg: entered allmulticast mode
[   25.978856] pimreg: left allmulticast mode
[   25.979212] pimreg: left allmulticast mode
[   25.979476] pimreg: left allmulticast mode
[   25.979751] pimreg: left allmulticast mode
[   25.980063] pimreg: left allmulticast mode
[   25.980374] pimreg: left allmulticast mode
[   25.980692] pimreg: left allmulticast mode
[   26.001889] pimreg: entered allmulticast mode
[   26.025833] pimreg: entered allmulticast mode
[   26.045807] pimreg: entered allmulticast mode
[   26.069484] pimreg: entered allmulticast mode
[   26.093053] pimreg: entered allmulticast mode
[   26.106112] pimreg: left allmulticast mode
[   26.106469] pimreg: left allmulticast mode
[   26.106806] pimreg: left allmulticast mode
[   26.107100] pimreg: left allmulticast mode
[   26.107428] pimreg: left allmulticast mode
[   26.107743] pimreg: left allmulticast mode
[   26.118967] pimreg: entered allmulticast mode
[   26.143001] pimreg: entered allmulticast mode
[   26.171034] pimreg: entered allmulticast mode
[   26.189964] pimreg: entered allmulticast mode
[   26.213602] pimreg: entered allmulticast mode
[   26.241535] pimreg: entered allmulticast mode
[   26.265696] pimreg: entered allmulticast mode
[   26.289948] pimreg: left allmulticast mode
[   26.290305] pimreg: left allmulticast mode
[   26.290588] pimreg: left allmulticast mode
[   26.291861] pimreg: left allmulticast mode
[   26.292176] pimreg: left allmulticast mode
[   26.292439] pimreg: left allmulticast mode
[   26.292725] pimreg: left allmulticast mode
[   26.304309] pimreg: entered allmulticast mode
[   26.330156] pimreg: entered allmulticast mode
[   26.360841] pimreg: entered allmulticast mode
[   26.385349] pimreg: entered allmulticast mode
[   26.409657] pimreg: entered allmulticast mode
[   26.433485] pimreg: entered allmulticast mode
[   26.461826] pimreg: entered allmulticast mode
[   26.484939] pimreg: entered allmulticast mode
[   26.490999] pimreg: left allmulticast mode
[   26.491493] pimreg: left allmulticast mode
[   26.491791] pimreg: left allmulticast mode
[   26.492050] pimreg: left allmulticast mode
[   26.492300] pimreg: left allmulticast mode
[   26.492593] pimreg: left allmulticast mode
[   26.492876] pimreg: left allmulticast mode
[   26.513714] pimreg: entered allmulticast mode
[   26.539366] pimreg: entered allmulticast mode
[   26.554381] pimreg: entered allmulticast mode
[   26.566312] pimreg: entered allmulticast mode
[   26.589910] pimreg: entered allmulticast mode
[   26.609213] pimreg: entered allmulticast mode
[   26.629883] pimreg: entered allmulticast mode
[   26.653449] pimreg: entered allmulticast mode
[   26.658340] pimreg: left allmulticast mode
[   26.658704] pimreg: left allmulticast mode
[   26.658960] pimreg: left allmulticast mode
[   26.659279] pimreg: left allmulticast mode
[   26.659581] pimreg: left allmulticast mode
[   26.659884] pimreg: left allmulticast mode
[   26.660462] pimreg: left allmulticast mode
[   26.660917] pimreg: left allmulticast mode
[   26.661243] pimreg: left allmulticast mode
[   26.675911] pimreg: entered allmulticast mode
[   26.691258] pimreg: entered allmulticast mode
[   26.701695] pimreg: entered allmulticast mode
[   26.722174] pimreg: entered allmulticast mode
[   26.741623] pimreg: entered allmulticast mode
[   26.754001] pimreg: entered allmulticast mode
[   26.781915] pimreg: entered allmulticast mode
[   26.809985] pimreg: entered allmulticast mode
[   26.837792] pimreg: entered allmulticast mode
[   26.865128] pimreg: entered allmulticast mode
[   26.878824] pimreg: left allmulticast mode
[   26.879188] pimreg: left allmulticast mode
[   26.879787] pimreg: left allmulticast mode
[   26.880084] pimreg: left allmulticast mode
[   26.880340] pimreg: left allmulticast mode
[   26.880613] pimreg: left allmulticast mode
[   26.880864] pimreg: left allmulticast mode
[   26.881114] pimreg: left allmulticast mode
[   26.881451] pimreg: left allmulticast mode
[   26.881784] pimreg: left allmulticast mode
[   26.898487] pimreg: entered allmulticast mode
[   26.921114] pimreg: entered allmulticast mode
[   26.949227] pimreg: entered allmulticast mode
[   26.961325] pimreg: entered allmulticast mode
[   26.981659] pimreg: entered allmulticast mode
[   27.005633] pimreg: entered allmulticast mode
[   27.033372] pimreg: entered allmulticast mode
[   27.057614] pimreg: entered allmulticast mode
[   27.081287] pimreg: entered allmulticast mode
[   27.094477] pimreg: left allmulticast mode
[   27.094818] pimreg: left allmulticast mode
[   27.095070] pimreg: left allmulticast mode
[   27.095373] pimreg: left allmulticast mode
[   27.095689] pimreg: left allmulticast mode
[   27.095988] pimreg: left allmulticast mode
[   27.096282] pimreg: left allmulticast mode
[   27.096580] pimreg: left allmulticast mode
[   27.096870] pimreg: left allmulticast mode
[   27.114610] pimreg: entered allmulticast mode
[   27.135347] pimreg: entered allmulticast mode
[   27.159585] pimreg: entered allmulticast mode
[   27.169895] pimreg: entered allmulticast mode
[   27.189693] pimreg: entered allmulticast mode
[   27.209208] pimreg: entered allmulticast mode
[   27.222298] pimreg: left allmulticast mode
[   27.222665] pimreg: left allmulticast mode
[   27.222921] pimreg: left allmulticast mode
[   27.223168] pimreg: left allmulticast mode
[   27.223473] pimreg: left allmulticast mode
[   27.223789] pimreg: left allmulticast mode
[   27.235004] pimreg: entered allmulticast mode
[   27.257147] pimreg: entered allmulticast mode
[   27.279124] pimreg: entered allmulticast mode
[   27.309989] pimreg: entered allmulticast mode
[   27.333818] pimreg: entered allmulticast mode
[   27.356942] pimreg: entered allmulticast mode
[   27.381968] pimreg: entered allmulticast mode
[   27.390601] pimreg: left allmulticast mode
[   27.391009] pimreg: left allmulticast mode
[   27.391317] pimreg: left allmulticast mode
[   27.391841] pimreg: left allmulticast mode
[   27.392095] pimreg: left allmulticast mode
[   27.392346] pimreg: left allmulticast mode
[   27.392604] pimreg: left allmulticast mode
[   27.404738] pimreg: entered allmulticast mode
[   27.434312] pimreg: entered allmulticast mode
[   27.458754] pimreg: entered allmulticast mode
[   27.478211] pimreg: entered allmulticast mode
[   27.501863] pimreg: entered allmulticast mode
[   27.525436] pimreg: entered allmulticast mode
[   27.546072] pimreg: entered allmulticast mode
[   27.566033] pimreg: left allmulticast mode
[   27.566385] pimreg: left allmulticast mode
[   27.566664] pimreg: left allmulticast mode
[   27.566926] pimreg: left allmulticast mode
[   27.567177] pimreg: left allmulticast mode
[   27.568055] pimreg: left allmulticast mode
[   27.568335] pimreg: left allmulticast mode
[   27.579916] pimreg: entered allmulticast mode
[   27.610622] pimreg: entered allmulticast mode
[   27.629523] pimreg: entered allmulticast mode
[   27.650232] pimreg: entered allmulticast mode
[   27.665232] pimreg: entered allmulticast mode
[   27.685888] pimreg: entered allmulticast mode
[   27.709796] pimreg: entered allmulticast mode
[   27.733105] pimreg: entered allmulticast mode
[   27.746472] pimreg: left allmulticast mode
[   27.747096] pimreg: left allmulticast mode
[   27.747380] pimreg: left allmulticast mode
[   27.747643] pimreg: left allmulticast mode
[   27.747970] pimreg: left allmulticast mode
[   27.748262] pimreg: left allmulticast mode
[   27.749019] pimreg: left allmulticast mode
[   27.749762] pimreg: left allmulticast mode
[   27.763755] pimreg: entered allmulticast mode
[   27.783329] pimreg: entered allmulticast mode
[   27.806526] pimreg: entered allmulticast mode
[   27.837912] pimreg: entered allmulticast mode
[   27.853993] pimreg: entered allmulticast mode
[   27.873845] pimreg: entered allmulticast mode
[   27.897712] pimreg: entered allmulticast mode
[   27.921630] pimreg: entered allmulticast mode
[   27.949861] pimreg: entered allmulticast mode
[   27.954370] pimreg: left allmulticast mode
[   27.954737] pimreg: left allmulticast mode
[   27.955009] pimreg: left allmulticast mode
[   27.955274] pimreg: left allmulticast mode
[   27.955536] pimreg: left allmulticast mode
[   27.955790] pimreg: left allmulticast mode
[   27.956040] pimreg: left allmulticast mode
[   27.956751] pimreg: left allmulticast mode
[   27.957023] pimreg: left allmulticast mode
[   27.972448] pimreg: entered allmulticast mode
[   28.007418] pimreg: entered allmulticast mode
[   28.019904] pimreg: entered allmulticast mode
[   28.034056] pimreg: entered allmulticast mode
[   28.057694] pimreg: entered allmulticast mode
[   28.082030] pimreg: entered allmulticast mode
[   28.105654] pimreg: entered allmulticast mode
[   28.129068] pimreg: entered allmulticast mode
[   28.142206] pimreg: left allmulticast mode
[   28.142563] pimreg: left allmulticast mode
[   28.142841] pimreg: left allmulticast mode
[   28.143094] pimreg: left allmulticast mode
[   28.143717] pimreg: left allmulticast mode
[   28.143975] pimreg: left allmulticast mode
[   28.144286] pimreg: left allmulticast mode
[   28.144600] pimreg: left allmulticast mode
[   28.157549] pimreg: entered allmulticast mode
[   28.191060] pimreg: entered allmulticast mode
[   28.214836] pimreg: entered allmulticast mode
[   28.228649] pimreg: entered allmulticast mode
[   28.249696] pimreg: entered allmulticast mode
[   28.277677] pimreg: entered allmulticast mode
[   28.302927] pimreg: entered allmulticast mode
[   28.315102] pimreg: left allmulticast mode
[   28.315448] pimreg: left allmulticast mode
[   28.315713] pimreg: left allmulticast mode
[   28.315963] pimreg: left allmulticast mode
[   28.316266] pimreg: left allmulticast mode
[   28.316594] pimreg: left allmulticast mode
[   28.328140] pimreg: entered allmulticast mode
[   28.349021] pimreg: entered allmulticast mode
[   28.373897] pimreg: entered allmulticast mode
[   28.398897] pimreg: entered allmulticast mode
[   28.413580] pimreg: entered allmulticast mode
[   28.433559] pimreg: entered allmulticast mode
[   28.450700] pimreg: left allmulticast mode
[   28.451152] pimreg: left allmulticast mode
[   28.451525] pimreg: left allmulticast mode
[   28.451864] pimreg: left allmulticast mode
[   28.452185] pimreg: left allmulticast mode
[   28.452498] pimreg: left allmulticast mode
[   28.452821] pimreg: left allmulticast mode
[   28.464535] pimreg: entered allmulticast mode
[   28.490920] pimreg: entered allmulticast mode
[   28.515944] pimreg: entered allmulticast mode
[   28.533066] pimreg: entered allmulticast mode
[   28.557366] pimreg: entered allmulticast mode
[   28.581994] pimreg: entered allmulticast mode
[   28.605539] pimreg: entered allmulticast mode
[   28.626644] pimreg: entered allmulticast mode
[   28.634785] pimreg: left allmulticast mode
[   28.635134] pimreg: left allmulticast mode
[   28.635395] pimreg: left allmulticast mode
[   28.635677] pimreg: left allmulticast mode
[   28.635934] pimreg: left allmulticast mode
[   28.636248] pimreg: left allmulticast mode
[   28.636688] pimreg: left allmulticast mode
[   28.637049] pimreg: left allmulticast mode
[   28.650434] pimreg: entered allmulticast mode
[   28.682491] pimreg: entered allmulticast mode
[   28.713901] pimreg: entered allmulticast mode
[   28.726829] pimreg: entered allmulticast mode
[   28.749481] pimreg: entered allmulticast mode
[   28.773409] pimreg: entered allmulticast mode
[   28.797976] pimreg: entered allmulticast mode
[   28.818539] pimreg: left allmulticast mode
[   28.818890] pimreg: left allmulticast mode
[   28.819143] pimreg: left allmulticast mode
[   28.819395] pimreg: left allmulticast mode
[   28.819717] pimreg: left allmulticast mode
[   28.821229] pimreg: left allmulticast mode
[   28.821837] pimreg: left allmulticast mode
[   28.833307] pimreg: entered allmulticast mode
[   28.858281] pimreg: entered allmulticast mode
[   28.881811] pimreg: entered allmulticast mode
[   28.902363] pimreg: entered allmulticast mode
[   28.914008] pimreg: entered allmulticast mode
[   28.939257] pimreg: entered allmulticast mode
[   28.953843] pimreg: entered allmulticast mode
[   28.970131] pimreg: left allmulticast mode
[   28.970502] pimreg: left allmulticast mode
[   28.970772] pimreg: left allmulticast mode
[   28.971023] pimreg: left allmulticast mode
[   28.971286] pimreg: left allmulticast mode
[   28.971622] pimreg: left allmulticast mode
[   28.971924] pimreg: left allmulticast mode
[   28.983393] pimreg: entered allmulticast mode
[   29.006190] pimreg: entered allmulticast mode
[   29.032849] pimreg: entered allmulticast mode
[   29.058286] pimreg: entered allmulticast mode
[   29.073849] pimreg: entered allmulticast mode
[   29.093008] pimreg: entered allmulticast mode
[   29.106169] pimreg: left allmulticast mode
[   29.106501] pimreg: left allmulticast mode
[   29.106753] pimreg: left allmulticast mode
[   29.107043] pimreg: left allmulticast mode
[   29.107344] pimreg: left allmulticast mode
[   29.107970] pimreg: left allmulticast mode
[   29.120433] pimreg: entered allmulticast mode
[   29.143602] pimreg: entered allmulticast mode
[   29.155975] pimreg: entered allmulticast mode
[   29.177737] pimreg: entered allmulticast mode
[   29.206294] pimreg: entered allmulticast mode
[   29.229479] pimreg: entered allmulticast mode
[   29.254020] pimreg: entered allmulticast mode
[   29.258603] pimreg: left allmulticast mode
[   29.258972] pimreg: left allmulticast mode
[   29.259234] pimreg: left allmulticast mode
[   29.259580] pimreg: left allmulticast mode
[   29.259883] pimreg: left allmulticast mode
[   29.260184] pimreg: left allmulticast mode
[   29.274131] pimreg: entered allmulticast mode
[   29.303866] pimreg: entered allmulticast mode
[   29.314276] pimreg: entered allmulticast mode
[   29.337715] pimreg: entered allmulticast mode
[   29.361678] pimreg: entered allmulticast mode
[   29.389825] pimreg: entered allmulticast mode
[   29.416901] pimreg: entered allmulticast mode
[   29.426050] pimreg: left allmulticast mode
[   29.426393] pimreg: left allmulticast mode
[   29.426666] pimreg: left allmulticast mode
[   29.426960] pimreg: left allmulticast mode
[   29.427249] pimreg: left allmulticast mode
[   29.427568] pimreg: left allmulticast mode
[   29.427862] pimreg: left allmulticast mode
[   29.428347] pimreg: left allmulticast mode
[   29.442593] pimreg: entered allmulticast mode
[   29.466522] pimreg: entered allmulticast mode
[   29.499770] pimreg: entered allmulticast mode
[   29.517466] pimreg: entered allmulticast mode
[   29.529190] pimreg: entered allmulticast mode
[   29.549225] pimreg: entered allmulticast mode
[   29.554327] pimreg: left allmulticast mode
[   29.554676] pimreg: left allmulticast mode
[   29.554947] pimreg: left allmulticast mode
[   29.555195] pimreg: left allmulticast mode
[   29.555497] pimreg: left allmulticast mode
[   29.555787] pimreg: left allmulticast mode
[   29.567446] pimreg: entered allmulticast mode
[   29.595151] pimreg: entered allmulticast mode
[   29.606907] pimreg: entered allmulticast mode
[   29.625707] pimreg: entered allmulticast mode
[   29.645554] pimreg: entered allmulticast mode
[   29.665634] pimreg: entered allmulticast mode
[   29.689828] pimreg: entered allmulticast mode
[   29.710001] pimreg: left allmulticast mode
[   29.710354] pimreg: left allmulticast mode
[   29.710634] pimreg: left allmulticast mode
[   29.710885] pimreg: left allmulticast mode
[   29.711150] pimreg: left allmulticast mode
[   29.711492] pimreg: left allmulticast mode
[   29.711805] pimreg: left allmulticast mode
[   29.722981] pimreg: entered allmulticast mode
[   29.741068] pimreg: entered allmulticast mode
[   29.770033] pimreg: entered allmulticast mode
[   29.781650] pimreg: entered allmulticast mode
[   29.810410] pimreg: entered allmulticast mode
[   29.833456] pimreg: entered allmulticast mode
[   29.857701] pimreg: entered allmulticast mode
[   29.862098] pimreg: left allmulticast mode
[   29.862460] pimreg: left allmulticast mode
[   29.862727] pimreg: left allmulticast mode
[   29.862983] pimreg: left allmulticast mode
[   29.863232] pimreg: left allmulticast mode
[   29.863542] pimreg: left allmulticast mode
[   29.874432] pimreg: entered allmulticast mode
[   29.904670] pimreg: entered allmulticast mode
[   29.924737] pimreg: entered allmulticast mode
[   29.945245] pimreg: entered allmulticast mode
[   29.970080] pimreg: entered allmulticast mode
[   29.993498] pimreg: entered allmulticast mode
[   30.013359] pimreg: entered allmulticast mode
[   30.026397] pimreg: left allmulticast mode
[   30.026752] pimreg: left allmulticast mode
[   30.027494] pimreg: left allmulticast mode
[   30.028845] pimreg: left allmulticast mode
[   30.029166] pimreg: left allmulticast mode
[   30.029510] pimreg: left allmulticast mode
[   30.029780] pimreg: left allmulticast mode
[   30.030031] pimreg: left allmulticast mode
[   30.043223] pimreg: entered allmulticast mode
[   30.062849] pimreg: entered allmulticast mode
[   30.088779] pimreg: entered allmulticast mode
[   30.109605] pimreg: entered allmulticast mode
[   30.137536] pimreg: entered allmulticast mode
[   30.165740] pimreg: entered allmulticast mode
[   30.189512] pimreg: entered allmulticast mode
[   30.213479] pimreg: entered allmulticast mode
[   30.237493] pimreg: entered allmulticast mode
[   30.242339] pimreg: left allmulticast mode
[   30.242713] pimreg: left allmulticast mode
[   30.242969] pimreg: left allmulticast mode
[   30.243291] pimreg: left allmulticast mode
[   30.243598] pimreg: left allmulticast mode
[   30.243896] pimreg: left allmulticast mode
[   30.244189] pimreg: left allmulticast mode
[   30.245202] pimreg: left allmulticast mode
[   30.246177] pimreg: left allmulticast mode
[   30.261780] pimreg: entered allmulticast mode
[   30.290546] pimreg: entered allmulticast mode
[   30.310813] pimreg: entered allmulticast mode
[   30.334261] pimreg: entered allmulticast mode
[   30.365724] pimreg: entered allmulticast mode
[   30.385886] pimreg: entered allmulticast mode
[   30.409694] pimreg: entered allmulticast mode
[   30.433897] pimreg: entered allmulticast mode
[   30.460923] pimreg: entered allmulticast mode
[   30.474291] pimreg: left allmulticast mode
[   30.474820] pimreg: left allmulticast mode
[   30.475093] pimreg: left allmulticast mode
[   30.475355] pimreg: left allmulticast mode
[   30.475614] pimreg: left allmulticast mode
[   30.475872] pimreg: left allmulticast mode
[   30.476132] pimreg: left allmulticast mode
[   30.476406] pimreg: left allmulticast mode
[   30.476658] pimreg: left allmulticast mode
[   30.491450] pimreg: entered allmulticast mode
[   30.519031] pimreg: entered allmulticast mode
[   30.531138] pimreg: entered allmulticast mode
[   30.546792] pimreg: entered allmulticast mode
[   30.569819] pimreg: entered allmulticast mode
[   30.597677] pimreg: entered allmulticast mode
[   30.621732] pimreg: entered allmulticast mode
[   30.649600] pimreg: entered allmulticast mode
[   30.673769] pimreg: entered allmulticast mode
[   30.678334] pimreg: left allmulticast mode
[   30.678687] pimreg: left allmulticast mode
[   30.678955] pimreg: left allmulticast mode
[   30.679243] pimreg: left allmulticast mode
[   30.679560] pimreg: left allmulticast mode
[   30.679870] pimreg: left allmulticast mode
[   30.680349] pimreg: left allmulticast mode
[   30.680661] pimreg: left allmulticast mode
[   30.680962] pimreg: left allmulticast mode
[   30.695266] pimreg: entered allmulticast mode
[   30.721753] pimreg: entered allmulticast mode
[   30.749578] pimreg: entered allmulticast mode
[   30.770344] pimreg: entered allmulticast mode
[   30.790103] pimreg: entered allmulticast mode
[   30.813588] pimreg: entered allmulticast mode
[   30.837577] pimreg: entered allmulticast mode
[   30.858169] pimreg: entered allmulticast mode
[   30.878231] pimreg: entered allmulticast mode
[   30.887294] pimreg: left allmulticast mode
[   30.887684] pimreg: left allmulticast mode
[   30.887952] pimreg: left allmulticast mode
[   30.888204] pimreg: left allmulticast mode
[   30.888521] pimreg: left allmulticast mode
[   30.888829] pimreg: left allmulticast mode
[   30.889134] pimreg: left allmulticast mode
[   30.889519] pimreg: left allmulticast mode
[   30.889832] pimreg: left allmulticast mode
[   30.904383] pimreg: entered allmulticast mode
[   30.931590] pimreg: entered allmulticast mode
[   30.951613] pimreg: entered allmulticast mode
[   30.969901] pimreg: entered allmulticast mode
[   30.993322] pimreg: entered allmulticast mode
[   31.013766] pimreg: entered allmulticast mode
[   31.037593] pimreg: entered allmulticast mode
[   31.061402] pimreg: entered allmulticast mode
[   31.085636] pimreg: entered allmulticast mode
[   31.098729] pimreg: left allmulticast mode
[   31.099102] pimreg: left allmulticast mode
[   31.099395] pimreg: left allmulticast mode
[   31.099695] pimreg: left allmulticast mode
[   31.100018] pimreg: left allmulticast mode
[   31.100319] pimreg: left allmulticast mode
[   31.100646] pimreg: left allmulticast mode
[   31.100932] pimreg: left allmulticast mode
[   31.101220] pimreg: left allmulticast mode
[   31.116740] pimreg: entered allmulticast mode
[   31.139737] pimreg: entered allmulticast mode
[   31.164358] pimreg: entered allmulticast mode
[   31.185708] pimreg: entered allmulticast mode
[   31.197472] pimreg: entered allmulticast mode
[   31.222244] pimreg: entered allmulticast mode
[   31.245619] pimreg: entered allmulticast mode
[   31.262214] pimreg: left allmulticast mode
[   31.262596] pimreg: left allmulticast mode
[   31.262852] pimreg: left allmulticast mode
[   31.263101] pimreg: left allmulticast mode
[   31.263377] pimreg: left allmulticast mode
[   31.263804] pimreg: left allmulticast mode
[   31.264122] pimreg: left allmulticast mode
[   31.275735] pimreg: entered allmulticast mode
[   31.294602] pimreg: entered allmulticast mode
[   31.316163] pimreg: entered allmulticast mode
[   31.338268] pimreg: entered allmulticast mode
[   31.358064] pimreg: entered allmulticast mode
[   31.377677] pimreg: entered allmulticast mode
[   31.397696] pimreg: entered allmulticast mode
[   31.421741] pimreg: entered allmulticast mode
[   31.451085] pimreg: left allmulticast mode
[   31.451403] pimreg: left allmulticast mode
[   31.451715] pimreg: left allmulticast mode
[   31.452009] pimreg: left allmulticast mode
[   31.452300] pimreg: left allmulticast mode
[   31.452711] pimreg: left allmulticast mode
[   31.453031] pimreg: left allmulticast mode
[   31.453650] pimreg: left allmulticast mode
[   31.467037] pimreg: entered allmulticast mode
[   31.498621] pimreg: entered allmulticast mode
[   31.526439] pimreg: entered allmulticast mode
[   31.550561] pimreg: entered allmulticast mode
[   31.573415] pimreg: entered allmulticast mode
[   31.597290] pimreg: entered allmulticast mode
[   31.617625] pimreg: entered allmulticast mode
[   31.640966] pimreg: entered allmulticast mode
[   31.654186] pimreg: left allmulticast mode
[   31.654771] pimreg: left allmulticast mode
[   31.655047] pimreg: left allmulticast mode
[   31.655307] pimreg: left allmulticast mode
[   31.655589] pimreg: left allmulticast mode
[   31.655839] pimreg: left allmulticast mode
[   31.656802] pimreg: left allmulticast mode
[   31.657136] pimreg: left allmulticast mode
[   31.671109] pimreg: entered allmulticast mode
[   31.702547] pimreg: entered allmulticast mode
[   31.722642] pimreg: entered allmulticast mode
[   31.745725] pimreg: entered allmulticast mode
[   31.769860] pimreg: entered allmulticast mode
[   31.789370] pimreg: entered allmulticast mode
[   31.809737] pimreg: entered allmulticast mode
[   31.837842] pimreg: entered allmulticast mode
[   31.847069] pimreg: left allmulticast mode
[   31.847455] pimreg: left allmulticast mode
[   31.847766] pimreg: left allmulticast mode
[   31.848064] pimreg: left allmulticast mode
[   31.848363] pimreg: left allmulticast mode
[   31.848632] pimreg: left allmulticast mode
[   31.848881] pimreg: left allmulticast mode
[   31.862157] pimreg: entered allmulticast mode
[   31.893035] pimreg: entered allmulticast mode
[   31.913574] pimreg: entered allmulticast mode
[   31.943059] pimreg: entered allmulticast mode
[   31.965213] pimreg: entered allmulticast mode
[   31.985389] pimreg: entered allmulticast mode
[   32.009478] pimreg: entered allmulticast mode
[   32.033843] pimreg: entered allmulticast mode
[   32.046918] pimreg: left allmulticast mode
[   32.047274] pimreg: left allmulticast mode
[   32.047564] pimreg: left allmulticast mode
[   32.047821] pimreg: left allmulticast mode
[   32.048087] pimreg: left allmulticast mode
[   32.049031] pimreg: left allmulticast mode
[   32.049525] pimreg: left allmulticast mode
[   32.049816] pimreg: left allmulticast mode
[   32.050115] pimreg: left allmulticast mode
[   32.065457] pimreg: entered allmulticast mode
[   32.102384] pimreg: entered allmulticast mode
[   32.122835] pimreg: entered allmulticast mode
[   32.150244] pimreg: entered allmulticast mode
[   32.173358] pimreg: entered allmulticast mode
[   32.201623] pimreg: entered allmulticast mode
[   32.225223] pimreg: entered allmulticast mode
[   32.249406] pimreg: entered allmulticast mode
[   32.271421] pimreg: entered allmulticast mode
[   32.283781] pimreg: left allmulticast mode
[   32.284138] pimreg: left allmulticast mode
[   32.284430] pimreg: left allmulticast mode
[   32.284705] pimreg: left allmulticast mode
[   32.284956] pimreg: left allmulticast mode
[   32.285306] pimreg: left allmulticast mode
[   32.285645] pimreg: left allmulticast mode
[   32.285933] pimreg: left allmulticast mode
[   32.286233] pimreg: left allmulticast mode
[   32.302109] pimreg: entered allmulticast mode
[   32.329549] pimreg: entered allmulticast mode
[   32.355072] pimreg: entered allmulticast mode
[   32.377550] pimreg: entered allmulticast mode
[   32.406098] pimreg: entered allmulticast mode
[   32.425549] pimreg: entered allmulticast mode
[   32.449552] pimreg: entered allmulticast mode
[   32.473830] pimreg: entered allmulticast mode
[   32.497636] pimreg: entered allmulticast mode
[   32.518638] pimreg: left allmulticast mode
[   32.518979] pimreg: left allmulticast mode
[   32.519232] pimreg: left allmulticast mode
[   32.519561] pimreg: left allmulticast mode
[   32.520215] pimreg: left allmulticast mode
[   32.520509] pimreg: left allmulticast mode
[   32.520759] pimreg: left allmulticast mode
[   32.521058] pimreg: left allmulticast mode
[   32.521431] pimreg: left allmulticast mode
[   32.535219] pimreg: entered allmulticast mode
[   32.561078] pimreg: entered allmulticast mode
[   32.576945] pimreg: entered allmulticast mode
[   32.592898] pimreg: entered allmulticast mode
[   32.617628] pimreg: entered allmulticast mode
[   32.641349] pimreg: entered allmulticast mode
[   32.666114] pimreg: entered allmulticast mode
[   32.685584] pimreg: entered allmulticast mode
[   32.706119] pimreg: left allmulticast mode
[   32.706777] pimreg: left allmulticast mode
[   32.707093] pimreg: left allmulticast mode
[   32.707408] pimreg: left allmulticast mode
[   32.708049] pimreg: left allmulticast mode
[   32.708394] pimreg: left allmulticast mode
[   32.708691] pimreg: left allmulticast mode
[   32.708983] pimreg: left allmulticast mode
[   32.722054] pimreg: entered allmulticast mode
[   32.754612] pimreg: entered allmulticast mode
[   32.769422] pimreg: entered allmulticast mode
[   32.783232] pimreg: entered allmulticast mode
[   32.805065] pimreg: entered allmulticast mode
[   32.829613] pimreg: entered allmulticast mode
[   32.861373] pimreg: entered allmulticast mode
[   32.882165] pimreg: left allmulticast mode
[   32.882545] pimreg: left allmulticast mode
[   32.882807] pimreg: left allmulticast mode
[   32.883468] pimreg: left allmulticast mode
[   32.884139] pimreg: left allmulticast mode
[   32.884461] pimreg: left allmulticast mode
[   32.884713] pimreg: left allmulticast mode
[   32.896382] pimreg: entered allmulticast mode
[   32.922260] pimreg: entered allmulticast mode
[   32.964389] pimreg: entered allmulticast mode
[   32.989618] pimreg: entered allmulticast mode
[   33.017029] pimreg: entered allmulticast mode
[   33.045312] pimreg: entered allmulticast mode
[   33.073772] pimreg: entered allmulticast mode
[   33.101544] pimreg: entered allmulticast mode
[   33.106197] pimreg: left allmulticast mode
[   33.106570] pimreg: left allmulticast mode
[   33.106869] pimreg: left allmulticast mode
[   33.107328] pimreg: left allmulticast mode
[   33.107769] pimreg: left allmulticast mode
[   33.108089] pimreg: left allmulticast mode
[   33.108400] pimreg: left allmulticast mode
[   33.108696] pimreg: left allmulticast mode
[   33.122381] pimreg: entered allmulticast mode
[   33.158704] pimreg: entered allmulticast mode
[   33.178757] pimreg: entered allmulticast mode
[   33.197586] pimreg: entered allmulticast mode
[   33.221837] pimreg: entered allmulticast mode
[   33.245529] pimreg: entered allmulticast mode
[   33.269186] pimreg: entered allmulticast mode
[   33.289382] pimreg: entered allmulticast mode
[   33.318176] pimreg: entered allmulticast mode
[   33.322219] pimreg: left allmulticast mode
[   33.322657] pimreg: left allmulticast mode
[   33.322922] pimreg: left allmulticast mode
[   33.323183] pimreg: left allmulticast mode
[   33.323448] pimreg: left allmulticast mode
[   33.323762] pimreg: left allmulticast mode
[   33.324059] pimreg: left allmulticast mode
[   33.325000] pimreg: left allmulticast mode
[   33.325808] pimreg: left allmulticast mode
[   33.340484] pimreg: entered allmulticast mode
[   33.374663] pimreg: entered allmulticast mode
[   33.400597] pimreg: entered allmulticast mode
[   33.429610] pimreg: entered allmulticast mode
[   33.449236] pimreg: entered allmulticast mode
[   33.477764] pimreg: entered allmulticast mode
[   33.505372] pimreg: entered allmulticast mode
[   33.533355] pimreg: entered allmulticast mode
[   33.573400] pimreg: entered allmulticast mode
[   33.598139] pimreg: left allmulticast mode
[   33.598519] pimreg: left allmulticast mode
[   33.598775] pimreg: left allmulticast mode
[   33.599047] pimreg: left allmulticast mode
[   33.599316] pimreg: left allmulticast mode
[   33.599843] pimreg: left allmulticast mode
[   33.600236] pimreg: left allmulticast mode
[   33.600537] pimreg: left allmulticast mode
[   33.600837] pimreg: left allmulticast mode
[   33.615092] pimreg: entered allmulticast mode
[   33.646006] pimreg: entered allmulticast mode
[   33.666423] pimreg: entered allmulticast mode
[   33.685162] pimreg: entered allmulticast mode
[   33.717322] pimreg: entered allmulticast mode
[   33.745215] pimreg: entered allmulticast mode
[   33.785496] pimreg: entered allmulticast mode
[   33.817473] pimreg: entered allmulticast mode
[   33.861579] pimreg: entered allmulticast mode
[   33.893418] pimreg: entered allmulticast mode
[   33.899049] pimreg: left allmulticast mode
[   33.899534] pimreg: left allmulticast mode
[   33.899790] pimreg: left allmulticast mode
[   33.900086] pimreg: left allmulticast mode
[   33.900392] pimreg: left allmulticast mode
[   33.900811] pimreg: left allmulticast mode
[   33.901190] pimreg: left allmulticast mode
[   33.901628] pimreg: left allmulticast mode
[   33.901946] pimreg: left allmulticast mode
[   33.902594] pimreg: left allmulticast mode
[   33.917683] pimreg: entered allmulticast mode
[   33.940430] pimreg: entered allmulticast mode
[   33.967062] pimreg: entered allmulticast mode
[   33.989963] pimreg: entered allmulticast mode
[   34.018126] pimreg: entered allmulticast mode
[   34.041987] pimreg: entered allmulticast mode
[   34.065448] pimreg: entered allmulticast mode
[   34.093493] pimreg: entered allmulticast mode
[   34.121568] pimreg: entered allmulticast mode
[   34.146490] pimreg: left allmulticast mode
[   34.146908] pimreg: left allmulticast mode
[   34.147273] pimreg: left allmulticast mode
[   34.147600] pimreg: left allmulticast mode
[   34.147914] pimreg: left allmulticast mode
[   34.148233] pimreg: left allmulticast mode
[   34.148564] pimreg: left allmulticast mode
[   34.148852] pimreg: left allmulticast mode
[   34.149138] pimreg: left allmulticast mode
[   34.163314] pimreg: entered allmulticast mode
[   34.188874] pimreg: entered allmulticast mode
[   34.207665] pimreg: entered allmulticast mode
[   34.237942] pimreg: entered allmulticast mode
[   34.269371] pimreg: entered allmulticast mode
[   34.309314] pimreg: entered allmulticast mode
[   34.341310] pimreg: entered allmulticast mode
[   34.373463] pimreg: entered allmulticast mode
[   34.402612] pimreg: entered allmulticast mode
[   34.422492] pimreg: left allmulticast mode
[   34.422843] pimreg: left allmulticast mode
[   34.423109] pimreg: left allmulticast mode
[   34.423386] pimreg: left allmulticast mode
[   34.423639] pimreg: left allmulticast mode
[   34.425548] pimreg: left allmulticast mode
[   34.425873] pimreg: left allmulticast mode
[   34.426132] pimreg: left allmulticast mode
[   34.426398] pimreg: left allmulticast mode
[   34.439629] pimreg: entered allmulticast mode
[   34.470495] pimreg: entered allmulticast mode
[   34.481847] pimreg: entered allmulticast mode
[   34.498210] pimreg: entered allmulticast mode
[   34.522272] pimreg: entered allmulticast mode
[   34.538355] pimreg: entered allmulticast mode
[   34.557414] pimreg: entered allmulticast mode
[   34.585316] pimreg: entered allmulticast mode
[   34.613156] pimreg: entered allmulticast mode
[   34.641558] pimreg: entered allmulticast mode
[   34.646554] pimreg: left allmulticast mode
[   34.646904] pimreg: left allmulticast mode
[   34.647160] pimreg: left allmulticast mode
[   34.647472] pimreg: left allmulticast mode
[   34.647759] pimreg: left allmulticast mode
[   34.648392] pimreg: left allmulticast mode
[   34.648815] pimreg: left allmulticast mode
[   34.649120] pimreg: left allmulticast mode
[   34.649476] pimreg: left allmulticast mode
[   34.650276] pimreg: left allmulticast mode
[   34.665793] pimreg: entered allmulticast mode
[   34.687607] pimreg: entered allmulticast mode
[   34.707685] pimreg: entered allmulticast mode
[   34.734218] pimreg: entered allmulticast mode
[   34.761803] pimreg: entered allmulticast mode
[   34.789775] pimreg: entered allmulticast mode
[   34.817516] pimreg: entered allmulticast mode
[   34.845426] pimreg: entered allmulticast mode
[   34.869484] pimreg: entered allmulticast mode
[   34.893959] pimreg: entered allmulticast mode
[   34.914303] pimreg: left allmulticast mode
[   34.914656] pimreg: left allmulticast mode
[   34.914921] pimreg: left allmulticast mode
[   34.915173] pimreg: left allmulticast mode
[   34.916042] pimreg: left allmulticast mode
[   34.916443] pimreg: left allmulticast mode
[   34.916743] pimreg: left allmulticast mode
[   34.917050] pimreg: left allmulticast mode
[   34.918484] pimreg: left allmulticast mode
[   34.918853] pimreg: left allmulticast mode
[   34.933665] pimreg: entered allmulticast mode
[   34.958402] pimreg: entered allmulticast mode
[   34.972119] pimreg: entered allmulticast mode
[   34.988931] pimreg: entered allmulticast mode
[   35.002419] pimreg: entered allmulticast mode
[   35.021715] pimreg: entered allmulticast mode
[   35.041475] pimreg: entered allmulticast mode
[   35.061762] pimreg: entered allmulticast mode
[   35.082172] pimreg: entered allmulticast mode
[   35.102104] pimreg: entered allmulticast mode
[   35.106502] pimreg: left allmulticast mode
[   35.107121] pimreg: left allmulticast mode
[   35.107396] pimreg: left allmulticast mode
[   35.107655] pimreg: left allmulticast mode
[   35.107905] pimreg: left allmulticast mode
[   35.108203] pimreg: left allmulticast mode
[   35.108535] pimreg: left allmulticast mode
[   35.108832] pimreg: left allmulticast mode
[   35.109135] pimreg: left allmulticast mode
[   35.125169] pimreg: entered allmulticast mode
[   35.155066] pimreg: entered allmulticast mode
[   35.184673] pimreg: entered allmulticast mode
[   35.209541] pimreg: entered allmulticast mode
[   35.241362] pimreg: entered allmulticast mode
[   35.266271] pimreg: entered allmulticast mode
[   35.289557] pimreg: entered allmulticast mode
[   35.309591] pimreg: entered allmulticast mode
[   35.330271] pimreg: entered allmulticast mode
[   35.346263] pimreg: left allmulticast mode
[   35.347138] pimreg: left allmulticast mode
[   35.348133] pimreg: left allmulticast mode
[   35.348482] pimreg: left allmulticast mode
[   35.348738] pimreg: left allmulticast mode
[   35.348987] pimreg: left allmulticast mode
[   35.349373] pimreg: left allmulticast mode
[   35.349681] pimreg: left allmulticast mode
[   35.349977] pimreg: left allmulticast mode
[   35.350294] pimreg: left allmulticast mode
[   35.365682] pimreg: entered allmulticast mode
[   35.388908] pimreg: entered allmulticast mode
[   35.412815] pimreg: entered allmulticast mode
[   35.434383] pimreg: entered allmulticast mode
[   35.453826] pimreg: entered allmulticast mode
[   35.474010] pimreg: entered allmulticast mode
[   35.494191] pimreg: entered allmulticast mode
[   35.521507] pimreg: entered allmulticast mode
[   35.541667] pimreg: entered allmulticast mode
[   35.565312] pimreg: entered allmulticast mode
[   35.574474] pimreg: left allmulticast mode
[   35.575105] pimreg: left allmulticast mode
[   35.575399] pimreg: left allmulticast mode
[   35.575706] pimreg: left allmulticast mode
[   35.576017] pimreg: left allmulticast mode
[   35.576327] pimreg: left allmulticast mode
[   35.576617] pimreg: left allmulticast mode
[   35.576911] pimreg: left allmulticast mode
[   35.577221] pimreg: left allmulticast mode
[   35.577661] pimreg: left allmulticast mode
[   35.594160] pimreg: entered allmulticast mode
[   35.623958] pimreg: entered allmulticast mode
[   35.636245] pimreg: entered allmulticast mode
[   35.658606] pimreg: entered allmulticast mode
[   35.681431] pimreg: entered allmulticast mode
[   35.702095] pimreg: entered allmulticast mode
[   35.721636] pimreg: entered allmulticast mode
[   35.745790] pimreg: entered allmulticast mode
[   35.765355] pimreg: entered allmulticast mode
[   35.786213] pimreg: entered allmulticast mode
[   35.790393] pimreg: left allmulticast mode
[   35.790713] pimreg: left allmulticast mode
[   35.790972] pimreg: left allmulticast mode
[   35.791233] pimreg: left allmulticast mode
[   35.791481] pimreg: left allmulticast mode
[   35.791765] pimreg: left allmulticast mode
[   35.792073] pimreg: left allmulticast mode
[   35.792376] pimreg: left allmulticast mode
[   35.792682] pimreg: left allmulticast mode
[   35.792986] pimreg: left allmulticast mode
[   35.808494] pimreg: entered allmulticast mode
[   35.836924] pimreg: entered allmulticast mode
[   35.864491] pimreg: entered allmulticast mode
[   35.897489] pimreg: entered allmulticast mode
[   35.926167] pimreg: entered allmulticast mode
[   35.953572] pimreg: entered allmulticast mode
[   35.985478] pimreg: entered allmulticast mode
[   36.017421] pimreg: entered allmulticast mode
[   36.045857] pimreg: entered allmulticast mode
[   36.070486] pimreg: left allmulticast mode
[   36.070979] pimreg: left allmulticast mode
[   36.071689] pimreg: left allmulticast mode
[   36.072080] pimreg: left allmulticast mode
[   36.072434] pimreg: left allmulticast mode
[   36.072740] pimreg: left allmulticast mode
[   36.073042] pimreg: left allmulticast mode
[   36.073415] pimreg: left allmulticast mode
[   36.073734] pimreg: left allmulticast mode
[   36.087510] pimreg: entered allmulticast mode
[   36.112527] pimreg: entered allmulticast mode
[   36.137831] pimreg: entered allmulticast mode
[   36.162454] pimreg: entered allmulticast mode
[   36.181243] pimreg: entered allmulticast mode
[   36.209335] pimreg: entered allmulticast mode
[   36.238443] pimreg: entered allmulticast mode
[   36.277406] pimreg: entered allmulticast mode
[   36.305738] pimreg: entered allmulticast mode
[   36.319211] pimreg: left allmulticast mode
[   36.319544] pimreg: left allmulticast mode
[   36.320029] pimreg: left allmulticast mode
[   36.320308] pimreg: left allmulticast mode
[   36.320575] pimreg: left allmulticast mode
[   36.320828] pimreg: left allmulticast mode
[   36.321076] pimreg: left allmulticast mode
[   36.321407] pimreg: left allmulticast mode
[   36.321721] pimreg: left allmulticast mode
[   36.335660] pimreg: entered allmulticast mode
[   36.355634] pimreg: entered allmulticast mode
[   36.397159] pimreg: entered allmulticast mode
[   36.421807] pimreg: entered allmulticast mode
[   36.445621] pimreg: entered allmulticast mode
[   36.485450] pimreg: entered allmulticast mode
[   36.513368] pimreg: entered allmulticast mode
[   36.545203] pimreg: entered allmulticast mode
[   36.570131] pimreg: entered allmulticast mode
[   36.579262] pimreg: left allmulticast mode
[   36.579822] pimreg: left allmulticast mode
[   36.580106] pimreg: left allmulticast mode
[   36.580424] pimreg: left allmulticast mode
[   36.580720] pimreg: left allmulticast mode
[   36.581012] pimreg: left allmulticast mode
[   36.581358] pimreg: left allmulticast mode
[   36.581666] pimreg: left allmulticast mode
[   36.581964] pimreg: left allmulticast mode
[   36.597378] pimreg: entered allmulticast mode
[   36.627990] pimreg: entered allmulticast mode
[   36.652522] pimreg: entered allmulticast mode
[   36.677365] pimreg: entered allmulticast mode
[   36.709395] pimreg: entered allmulticast mode
[   36.737419] pimreg: entered allmulticast mode
[   36.769418] pimreg: entered allmulticast mode
[   36.809734] pimreg: entered allmulticast mode
[   36.841678] pimreg: entered allmulticast mode
[   36.870440] pimreg: left allmulticast mode
[   36.870862] pimreg: left allmulticast mode
[   36.871200] pimreg: left allmulticast mode
[   36.871501] pimreg: left allmulticast mode
[   36.871788] pimreg: left allmulticast mode
[   36.872091] pimreg: left allmulticast mode
[   36.872396] pimreg: left allmulticast mode
[   36.872679] pimreg: left allmulticast mode
[   36.872964] pimreg: left allmulticast mode
[   36.886480] pimreg: entered allmulticast mode
[   36.909122] pimreg: entered allmulticast mode
[   36.935284] pimreg: entered allmulticast mode
[   36.946141] pimreg: entered allmulticast mode
[   36.969579] pimreg: entered allmulticast mode
[   36.989118] pimreg: entered allmulticast mode
[   37.009688] pimreg: entered allmulticast mode
[   37.030123] pimreg: left allmulticast mode
[   37.030498] pimreg: left allmulticast mode
[   37.030802] pimreg: left allmulticast mode
[   37.031107] pimreg: left allmulticast mode
[   37.033020] pimreg: left allmulticast mode
[   37.033475] pimreg: left allmulticast mode
[   37.033795] pimreg: left allmulticast mode
[   37.045020] pimreg: entered allmulticast mode
[   37.066054] pimreg: entered allmulticast mode
[   37.092901] pimreg: entered allmulticast mode
[   37.113645] pimreg: entered allmulticast mode
[   37.138021] pimreg: entered allmulticast mode
[   37.157903] pimreg: entered allmulticast mode
[   37.178162] pimreg: entered allmulticast mode
[   37.210373] pimreg: left allmulticast mode
[   37.210732] pimreg: left allmulticast mode
[   37.210988] pimreg: left allmulticast mode
[   37.211269] pimreg: left allmulticast mode
[   37.211579] pimreg: left allmulticast mode
[   37.211898] pimreg: left allmulticast mode
[   37.212209] pimreg: left allmulticast mode
[   37.223789] pimreg: entered allmulticast mode
[   37.245582] pimreg: entered allmulticast mode
[   37.272484] pimreg: entered allmulticast mode
[   37.293723] pimreg: entered allmulticast mode
[   37.313544] pimreg: entered allmulticast mode
[   37.334252] pimreg: entered allmulticast mode
[   37.353857] pimreg: entered allmulticast mode
[   37.373811] pimreg: entered allmulticast mode
[   37.374204] pimreg: left allmulticast mode
[   37.374538] pimreg: left allmulticast mode
[   37.374791] pimreg: left allmulticast mode
[   37.375110] pimreg: left allmulticast mode
[   37.375423] pimreg: left allmulticast mode
[   37.375736] pimreg: left allmulticast mode
[   37.376027] pimreg: left allmulticast mode
[   37.388968] pimreg: entered allmulticast mode
[   37.426983] pimreg: entered allmulticast mode
[   37.455285] pimreg: entered allmulticast mode
[   37.481851] pimreg: entered allmulticast mode
[   37.509900] pimreg: entered allmulticast mode
[   37.537689] pimreg: entered allmulticast mode
[   37.565338] pimreg: entered allmulticast mode
[   37.590514] pimreg: left allmulticast mode
[   37.590827] pimreg: left allmulticast mode
[   37.591091] pimreg: left allmulticast mode
[   37.591353] pimreg: left allmulticast mode
[   37.591662] pimreg: left allmulticast mode
[   37.592960] pimreg: left allmulticast mode
[   37.593293] pimreg: left allmulticast mode
[   37.593578] pimreg: left allmulticast mode
[   37.606723] pimreg: entered allmulticast mode
[   37.638377] pimreg: entered allmulticast mode
[   37.657557] pimreg: entered allmulticast mode
[   37.670122] pimreg: entered allmulticast mode
[   37.693468] pimreg: entered allmulticast mode
[   37.725451] pimreg: entered allmulticast mode
[   37.753585] pimreg: entered allmulticast mode
[   37.781996] pimreg: entered allmulticast mode
[   37.807159] pimreg: left allmulticast mode
[   37.807490] pimreg: left allmulticast mode
[   37.808003] pimreg: left allmulticast mode
[   37.808283] pimreg: left allmulticast mode
[   37.808540] pimreg: left allmulticast mode
[   37.808807] pimreg: left allmulticast mode
[   37.809062] pimreg: left allmulticast mode
[   37.809437] pimreg: left allmulticast mode
[   37.822299] pimreg: entered allmulticast mode
[   37.847978] pimreg: entered allmulticast mode
[   37.881773] pimreg: entered allmulticast mode
[   37.905686] pimreg: entered allmulticast mode
[   37.917363] pimreg: entered allmulticast mode
[   37.945332] pimreg: entered allmulticast mode
[   37.973347] pimreg: entered allmulticast mode
[   38.005396] pimreg: entered allmulticast mode
[   38.010406] pimreg: left allmulticast mode
[   38.010784] pimreg: left allmulticast mode
[   38.011138] pimreg: left allmulticast mode
[   38.011442] pimreg: left allmulticast mode
[   38.011736] pimreg: left allmulticast mode
[   38.012034] pimreg: left allmulticast mode
[   38.012341] pimreg: left allmulticast mode
[   38.028794] pimreg: entered allmulticast mode
[   38.052744] pimreg: entered allmulticast mode
[   38.084237] pimreg: entered allmulticast mode
[   38.111025] pimreg: entered allmulticast mode
[   38.126268] pimreg: left allmulticast mode
[   38.126620] pimreg: left allmulticast mode
[   38.126927] pimreg: left allmulticast mode
[   38.127236] pimreg: left allmulticast mode
[   38.127559] pimreg: left allmulticast mode
[   38.137506] pimreg: entered allmulticast mode
[   38.167767] pimreg: entered allmulticast mode
[   38.186607] pimreg: entered allmulticast mode
[   38.201346] pimreg: entered allmulticast mode
[   38.226469] pimreg: entered allmulticast mode
[   38.238383] pimreg: left allmulticast mode
[   38.239046] pimreg: left allmulticast mode
[   38.239381] pimreg: left allmulticast mode
[   38.239648] pimreg: left allmulticast mode
[   38.239899] pimreg: left allmulticast mode
[   38.249699] pimreg: entered allmulticast mode
[   38.279065] pimreg: entered allmulticast mode
[   38.303169] pimreg: entered allmulticast mode
[   38.322405] pimreg: entered allmulticast mode
[   38.337560] pimreg: entered allmulticast mode
[   38.361347] pimreg: entered allmulticast mode
[   38.385894] pimreg: left allmulticast mode
[   38.386271] pimreg: left allmulticast mode
[   38.386542] pimreg: left allmulticast mode
[   38.386812] pimreg: left allmulticast mode
[   38.387082] pimreg: left allmulticast mode
[   38.387633] pimreg: left allmulticast mode
[   38.397924] pimreg: entered allmulticast mode
[   38.418245] pimreg: entered allmulticast mode
[   38.446902] pimreg: entered allmulticast mode
[   38.469783] pimreg: entered allmulticast mode
[   38.497993] pimreg: entered allmulticast mode
[   38.526110] pimreg: entered allmulticast mode
[   38.553344] pimreg: entered allmulticast mode
[   38.578188] pimreg: left allmulticast mode
[   38.578897] pimreg: left allmulticast mode
[   38.579210] pimreg: left allmulticast mode
[   38.579485] pimreg: left allmulticast mode
[   38.579739] pimreg: left allmulticast mode
[   38.579995] pimreg: left allmulticast mode
[   38.580257] pimreg: left allmulticast mode
[   38.591588] pimreg: entered allmulticast mode
[   38.614563] pimreg: entered allmulticast mode
[   38.635134] pimreg: entered allmulticast mode
[   38.645867] pimreg: entered allmulticast mode
[   38.669567] pimreg: entered allmulticast mode
[   38.693772] pimreg: entered allmulticast mode
[   38.706467] pimreg: left allmulticast mode
[   38.706814] pimreg: left allmulticast mode
[   38.707098] pimreg: left allmulticast mode
[   38.707348] pimreg: left allmulticast mode
[   38.707658] pimreg: left allmulticast mode
[   38.707958] pimreg: left allmulticast mode
[   38.719565] pimreg: entered allmulticast mode
[   38.748801] pimreg: entered allmulticast mode
[   38.779667] pimreg: entered allmulticast mode
[   38.798059] pimreg: entered allmulticast mode
[   38.841756] pimreg: entered allmulticast mode
[   38.873525] pimreg: entered allmulticast mode
[   38.901743] pimreg: entered allmulticast mode
[   38.906822] pimreg: left allmulticast mode
[   38.907271] pimreg: left allmulticast mode
[   38.907562] pimreg: left allmulticast mode
[   38.907846] pimreg: left allmulticast mode
[   38.908186] pimreg: left allmulticast mode
[   38.908496] pimreg: left allmulticast mode
[   38.908784] pimreg: left allmulticast mode
[   38.921665] pimreg: entered allmulticast mode
[   38.960271] pimreg: entered allmulticast mode
[   38.976192] pimreg: entered allmulticast mode
[   38.998127] pimreg: entered allmulticast mode
[   39.029407] pimreg: entered allmulticast mode
[   39.061646] pimreg: entered allmulticast mode
[   39.089430] pimreg: entered allmulticast mode
[   39.114044] pimreg: entered allmulticast mode
[   39.135126] pimreg: left allmulticast mode
[   39.135426] pimreg: left allmulticast mode
[   39.135678] pimreg: left allmulticast mode
[   39.135984] pimreg: left allmulticast mode
[   39.136298] pimreg: left allmulticast mode
[   39.136608] pimreg: left allmulticast mode
[   39.136908] pimreg: left allmulticast mode
[   39.137221] pimreg: left allmulticast mode
[   39.151039] pimreg: entered allmulticast mode
[   39.187329] pimreg: entered allmulticast mode
[   39.217906] pimreg: entered allmulticast mode
[   39.245033] pimreg: entered allmulticast mode
[   39.273490] pimreg: entered allmulticast mode
[   39.305993] pimreg: entered allmulticast mode
[   39.337425] pimreg: entered allmulticast mode
[   39.370629] pimreg: entered allmulticast mode
[   39.398016] pimreg: entered allmulticast mode
[   39.402515] pimreg: left allmulticast mode
[   39.402877] pimreg: left allmulticast mode
[   39.403189] pimreg: left allmulticast mode
[   39.403462] pimreg: left allmulticast mode
[   39.403736] pimreg: left allmulticast mode
[   39.404039] pimreg: left allmulticast mode
[   39.404356] pimreg: left allmulticast mode
[   39.404653] pimreg: left allmulticast mode
[   39.425368] pimreg: entered allmulticast mode
[   39.452344] pimreg: entered allmulticast mode
[   39.461833] pimreg: entered allmulticast mode
[   39.474239] pimreg: entered allmulticast mode
[   39.494537] pimreg: left allmulticast mode
[   39.494843] pimreg: left allmulticast mode
[   39.495107] pimreg: left allmulticast mode
[   39.495416] pimreg: left allmulticast mode
[   39.495726] pimreg: left allmulticast mode
[   39.505444] pimreg: entered allmulticast mode
[   39.529893] pimreg: entered allmulticast mode
[   39.549188] pimreg: entered allmulticast mode
[   39.573463] pimreg: entered allmulticast mode
[   39.597310] pimreg: entered allmulticast mode
[   39.621922] pimreg: entered allmulticast mode
[   39.626570] pimreg: left allmulticast mode
[   39.626891] pimreg: left allmulticast mode
[   39.627372] pimreg: left allmulticast mode
[   39.627638] pimreg: left allmulticast mode
[   39.627905] pimreg: left allmulticast mode
[   39.642752] pimreg: entered allmulticast mode
[   39.661749] pimreg: entered allmulticast mode
[   39.685904] pimreg: entered allmulticast mode
[   39.698365] pimreg: left allmulticast mode
[   39.698744] pimreg: left allmulticast mode
[   39.699028] pimreg: left allmulticast mode
[   39.699334] pimreg: left allmulticast mode
[   39.709480] pimreg: entered allmulticast mode
[   39.737138] pimreg: entered allmulticast mode
[   39.763452] pimreg: entered allmulticast mode
[   39.782509] pimreg: entered allmulticast mode
[   39.797195] pimreg: entered allmulticast mode
[   39.817777] pimreg: entered allmulticast mode
[   39.822281] pimreg: left allmulticast mode
[   39.822618] pimreg: left allmulticast mode
[   39.822873] pimreg: left allmulticast mode
[   39.823150] pimreg: left allmulticast mode
[   39.823403] pimreg: left allmulticast mode
[   39.823943] pimreg: left allmulticast mode
[   39.836093] pimreg: entered allmulticast mode
[   39.862981] pimreg: entered allmulticast mode
[   39.882200] pimreg: entered allmulticast mode
[   39.901967] pimreg: entered allmulticast mode
[   39.913305] pimreg: entered allmulticast mode
[   39.946288] pimreg: entered allmulticast mode
[   39.970170] pimreg: entered allmulticast mode
[   39.974414] pimreg: left allmulticast mode
[   39.974886] pimreg: left allmulticast mode
[   39.975235] pimreg: left allmulticast mode
[   39.975531] pimreg: left allmulticast mode
[   39.975837] pimreg: left allmulticast mode
[   39.976137] pimreg: left allmulticast mode
[   39.987219] pimreg: entered allmulticast mode
[   40.007963] pimreg: entered allmulticast mode
[   40.034672] pimreg: entered allmulticast mode
[   40.053315] pimreg: entered allmulticast mode
[   40.067009] pimreg: entered allmulticast mode
[   40.086290] pimreg: entered allmulticast mode
[   40.105188] pimreg: left allmulticast mode
[   40.105565] pimreg: left allmulticast mode
[   40.105828] pimreg: left allmulticast mode
[   40.106091] pimreg: left allmulticast mode
[   40.106398] pimreg: left allmulticast mode
[   40.106695] pimreg: left allmulticast mode
[   40.106991] pimreg: left allmulticast mode
[   40.117347] pimreg: entered allmulticast mode
[   40.137833] pimreg: entered allmulticast mode
[   40.168318] pimreg: entered allmulticast mode
[   40.194756] pimreg: entered allmulticast mode
[   40.214141] pimreg: entered allmulticast mode
[   40.233909] pimreg: entered allmulticast mode
[   40.250586] pimreg: left allmulticast mode
[   40.250899] pimreg: left allmulticast mode
[   40.251174] pimreg: left allmulticast mode
[   40.251437] pimreg: left allmulticast mode
[   40.251698] pimreg: left allmulticast mode
[   40.251957] pimreg: left allmulticast mode
[   40.262704] pimreg: entered allmulticast mode
[   40.292060] pimreg: entered allmulticast mode
[   40.316920] pimreg: entered allmulticast mode
[   40.330870] pimreg: entered allmulticast mode
[   40.350407] pimreg: left allmulticast mode
[   40.350769] pimreg: left allmulticast mode
[   40.351067] pimreg: left allmulticast mode
[   40.351353] pimreg: left allmulticast mode
[   40.360196] pimreg: entered allmulticast mode
[   40.374442] pimreg: entered allmulticast mode
[   40.386817] pimreg: entered allmulticast mode
[   40.409308] pimreg: entered allmulticast mode
[   40.437792] pimreg: entered allmulticast mode
[   40.466708] pimreg: entered allmulticast mode
[   40.478867] pimreg: left allmulticast mode
[   40.479239] pimreg: left allmulticast mode
[   40.479567] pimreg: left allmulticast mode
[   40.479887] pimreg: left allmulticast mode
[   40.480204] pimreg: left allmulticast mode
[   40.480490] pimreg: left allmulticast mode
[   40.492812] pimreg: entered allmulticast mode
[   40.540140] pimreg: entered allmulticast mode
[   40.564766] pimreg: entered allmulticast mode
[   40.586517] pimreg: entered allmulticast mode
[   40.609684] pimreg: entered allmulticast mode
[   40.638236] pimreg: entered allmulticast mode
[   40.653707] pimreg: entered allmulticast mode
[   40.658307] pimreg: left allmulticast mode
[   40.658652] pimreg: left allmulticast mode
[   40.658918] pimreg: left allmulticast mode
[   40.659195] pimreg: left allmulticast mode
[   40.659443] pimreg: left allmulticast mode
[   40.659746] pimreg: left allmulticast mode
[   40.660750] pimreg: left allmulticast mode
[   40.674448] pimreg: entered allmulticast mode
[   40.694807] pimreg: entered allmulticast mode
[   40.718279] pimreg: entered allmulticast mode
[   40.742003] pimreg: entered allmulticast mode
[   40.770101] pimreg: entered allmulticast mode
[   40.797211] pimreg: entered allmulticast mode
[   40.817813] pimreg: entered allmulticast mode
[   40.845487] pimreg: entered allmulticast mode
[   40.850198] pimreg: left allmulticast mode
[   40.850546] pimreg: left allmulticast mode
[   40.850800] pimreg: left allmulticast mode
[   40.851112] pimreg: left allmulticast mode
[   40.851433] pimreg: left allmulticast mode
[   40.851745] pimreg: left allmulticast mode
[   40.852051] pimreg: left allmulticast mode
[   40.853043] pimreg: left allmulticast mode
[   40.866985] pimreg: entered allmulticast mode
[   40.903558] pimreg: entered allmulticast mode
[   40.920523] pimreg: entered allmulticast mode
[   40.944496] pimreg: entered allmulticast mode
[   40.977865] pimreg: entered allmulticast mode
[   41.005661] pimreg: entered allmulticast mode
[   41.034078] pimreg: entered allmulticast mode
[   41.058193] pimreg: entered allmulticast mode
[   41.077942] pimreg: entered allmulticast mode
[   41.078534] pimreg: left allmulticast mode
[   41.078889] pimreg: left allmulticast mode
[   41.079197] pimreg: left allmulticast mode
[   41.079470] pimreg: left allmulticast mode
[   41.079731] pimreg: left allmulticast mode
[   41.080028] pimreg: left allmulticast mode
[   41.080331] pimreg: left allmulticast mode
[   41.080633] pimreg: left allmulticast mode
[   41.096778] pimreg: entered allmulticast mode
[   41.118219] pimreg: entered allmulticast mode
[   41.132688] pimreg: entered allmulticast mode
[   41.146633] pimreg: entered allmulticast mode
[   41.158057] pimreg: entered allmulticast mode
[   41.178395] pimreg: entered allmulticast mode
[   41.204750] pimreg: entered allmulticast mode
[   41.229990] pimreg: entered allmulticast mode
[   41.248652] pimreg: entered allmulticast mode
[   41.254604] pimreg: left allmulticast mode
[   41.254928] pimreg: left allmulticast mode
[   41.255216] pimreg: left allmulticast mode
[   41.255524] pimreg: left allmulticast mode
[   41.255811] pimreg: left allmulticast mode
[   41.256107] pimreg: left allmulticast mode
[   41.256393] pimreg: left allmulticast mode
[   41.256680] pimreg: left allmulticast mode
[   41.256960] pimreg: left allmulticast mode
[   41.271557] pimreg: entered allmulticast mode
[   41.318732] pimreg: entered allmulticast mode
[   41.361183] pimreg: entered allmulticast mode
[   41.382148] pimreg: entered allmulticast mode
[   41.409796] pimreg: entered allmulticast mode
[   41.429704] pimreg: entered allmulticast mode
[   41.449703] pimreg: entered allmulticast mode
[   41.469646] pimreg: entered allmulticast mode
[   41.498883] pimreg: entered allmulticast mode
[   41.499289] pimreg: left allmulticast mode
[   41.499626] pimreg: left allmulticast mode
[   41.499889] pimreg: left allmulticast mode
[   41.500214] pimreg: left allmulticast mode
[   41.500514] pimreg: left allmulticast mode
[   41.500817] pimreg: left allmulticast mode
[   41.501134] pimreg: left allmulticast mode
[   41.501479] pimreg: left allmulticast mode
[   41.501793] pimreg: left allmulticast mode
[   41.518181] pimreg: entered allmulticast mode
[   41.543782] pimreg: entered allmulticast mode
[   41.573223] pimreg: entered allmulticast mode
[   41.594739] pimreg: entered allmulticast mode
[   41.617775] pimreg: entered allmulticast mode
[   41.641560] pimreg: entered allmulticast mode
[   41.661587] pimreg: entered allmulticast mode
[   41.670152] pimreg: left allmulticast mode
[   41.670462] pimreg: left allmulticast mode
[   41.670718] pimreg: left allmulticast mode
[   41.670962] pimreg: left allmulticast mode
[   41.671261] pimreg: left allmulticast mode
[   41.671945] pimreg: left allmulticast mode
[   41.672693] pimreg: left allmulticast mode
[   41.673015] pimreg: left allmulticast mode
[   41.686239] pimreg: entered allmulticast mode
[   41.722926] pimreg: entered allmulticast mode
[   41.742627] pimreg: entered allmulticast mode
[   41.765721] pimreg: entered allmulticast mode
[   41.789570] pimreg: entered allmulticast mode
[   41.810728] pimreg: entered allmulticast mode
[   41.830374] pimreg: entered allmulticast mode
[   41.849482] pimreg: entered allmulticast mode
[   41.858513] pimreg: left allmulticast mode
[   41.858888] pimreg: left allmulticast mode
[   41.859176] pimreg: left allmulticast mode
[   41.859430] pimreg: left allmulticast mode
[   41.859735] pimreg: left allmulticast mode
[   41.860055] pimreg: left allmulticast mode
[   41.861003] pimreg: left allmulticast mode
[   41.861478] pimreg: left allmulticast mode
[   41.875660] pimreg: entered allmulticast mode
[   41.906803] pimreg: entered allmulticast mode
[   41.933351] pimreg: entered allmulticast mode
[   41.946804] pimreg: entered allmulticast mode
[   41.966744] pimreg: entered allmulticast mode
[   41.989621] pimreg: entered allmulticast mode
[   41.994814] pimreg: left allmulticast mode
[   41.995449] pimreg: left allmulticast mode
[   41.995722] pimreg: left allmulticast mode
[   41.995994] pimreg: left allmulticast mode
[   41.996245] pimreg: left allmulticast mode
[   42.007941] pimreg: entered allmulticast mode
[   42.038897] pimreg: entered allmulticast mode
[   42.062322] pimreg: entered allmulticast mode
[   42.081299] pimreg: entered allmulticast mode
[   42.106088] pimreg: entered allmulticast mode
[   42.125104] pimreg: entered allmulticast mode
[   42.142218] pimreg: left allmulticast mode
[   42.142565] pimreg: left allmulticast mode
[   42.142900] pimreg: left allmulticast mode
[   42.143224] pimreg: left allmulticast mode
[   42.143516] pimreg: left allmulticast mode
[   42.143813] pimreg: left allmulticast mode
[   42.144106] pimreg: left allmulticast mode
[   42.155283] pimreg: entered allmulticast mode
[   42.174742] pimreg: entered allmulticast mode
[   42.199494] pimreg: entered allmulticast mode
[   42.238018] pimreg: entered allmulticast mode
[   42.257916] pimreg: entered allmulticast mode
[   42.278132] pimreg: entered allmulticast mode
[   42.301160] pimreg: entered allmulticast mode
[   42.330132] pimreg: entered allmulticast mode
[   42.334430] pimreg: left allmulticast mode
[   42.335111] pimreg: left allmulticast mode
[   42.335406] pimreg: left allmulticast mode
[   42.335659] pimreg: left allmulticast mode
[   42.335918] pimreg: left allmulticast mode
[   42.336188] pimreg: left allmulticast mode
[   42.336485] pimreg: left allmulticast mode
[   42.353238] pimreg: entered allmulticast mode
[   42.405570] pimreg: entered allmulticast mode
[   42.426038] pimreg: entered allmulticast mode
[   42.446387] pimreg: entered allmulticast mode
[   42.461905] pimreg: entered allmulticast mode
[   42.485832] pimreg: entered allmulticast mode
[   42.513965] pimreg: entered allmulticast mode
[   42.537565] pimreg: entered allmulticast mode
[   42.558060] pimreg: left allmulticast mode
[   42.558658] pimreg: left allmulticast mode
[   42.558933] pimreg: left allmulticast mode
[   42.559212] pimreg: left allmulticast mode
[   42.560852] pimreg: left allmulticast mode
[   42.561234] pimreg: left allmulticast mode
[   42.561608] pimreg: left allmulticast mode
[   42.561913] pimreg: left allmulticast mode
[   42.562257] pimreg: left allmulticast mode
[   42.576720] pimreg: entered allmulticast mode
[   42.606685] pimreg: entered allmulticast mode
[   42.633063] pimreg: entered allmulticast mode
[   42.658398] pimreg: entered allmulticast mode
[   42.685498] pimreg: entered allmulticast mode
[   42.709613] pimreg: entered allmulticast mode
[   42.729369] pimreg: entered allmulticast mode
[   42.754922] pimreg: entered allmulticast mode
[   42.755298] pimreg: left allmulticast mode
[   42.755647] pimreg: left allmulticast mode
[   42.755904] pimreg: left allmulticast mode
[   42.756188] pimreg: left allmulticast mode
[   42.756453] pimreg: left allmulticast mode
[   42.756704] pimreg: left allmulticast mode
[   42.757026] pimreg: left allmulticast mode
[   42.770691] pimreg: entered allmulticast mode
[   42.818789] pimreg: entered allmulticast mode
[   42.842674] pimreg: entered allmulticast mode
[   42.866089] pimreg: entered allmulticast mode
[   42.894097] pimreg: entered allmulticast mode
[   42.918050] pimreg: entered allmulticast mode
[   42.941780] pimreg: entered allmulticast mode
[   42.966356] pimreg: entered allmulticast mode
[   42.970442] pimreg: left allmulticast mode
[   42.970791] pimreg: left allmulticast mode
[   42.971070] pimreg: left allmulticast mode
[   42.971366] pimreg: left allmulticast mode
[   42.971669] pimreg: left allmulticast mode
[   42.972195] pimreg: left allmulticast mode
[   42.972675] pimreg: left allmulticast mode
[   42.973004] pimreg: left allmulticast mode
[   42.973705] pimreg: left allmulticast mode
[   42.988287] pimreg: entered allmulticast mode
[   43.016140] pimreg: entered allmulticast mode
[   43.029768] pimreg: entered allmulticast mode
[   43.046174] pimreg: entered allmulticast mode
[   43.069321] pimreg: entered allmulticast mode
[   43.093394] pimreg: entered allmulticast mode
[   43.118487] pimreg: entered allmulticast mode
[   43.119074] pimreg: left allmulticast mode
[   43.119442] pimreg: left allmulticast mode
[   43.119722] pimreg: left allmulticast mode
[   43.119997] pimreg: left allmulticast mode
[   43.120298] pimreg: left allmulticast mode
[   43.120637] pimreg: left allmulticast mode
[   43.131456] pimreg: entered allmulticast mode
[   43.162590] pimreg: entered allmulticast mode
[   43.187801] pimreg: entered allmulticast mode
[   43.205870] pimreg: entered allmulticast mode
[   43.229903] pimreg: entered allmulticast mode
[   43.249831] pimreg: entered allmulticast mode
[   43.285922] pimreg: entered allmulticast mode
[   43.309960] pimreg: left allmulticast mode
[   43.310298] pimreg: left allmulticast mode
[   43.310561] pimreg: left allmulticast mode
[   43.310817] pimreg: left allmulticast mode
[   43.311078] pimreg: left allmulticast mode
[   43.311404] pimreg: left allmulticast mode
[   43.311712] pimreg: left allmulticast mode
[   43.312670] pimreg: left allmulticast mode
[   43.326255] pimreg: entered allmulticast mode
[   43.358365] pimreg: entered allmulticast mode
[   43.376542] pimreg: entered allmulticast mode
[   43.401708] pimreg: entered allmulticast mode
[   43.430205] pimreg: entered allmulticast mode
[   43.454145] pimreg: entered allmulticast mode
[   43.477696] pimreg: entered allmulticast mode
[   43.522462] pimreg: entered allmulticast mode
[   43.527002] pimreg: left allmulticast mode
[   43.527666] pimreg: left allmulticast mode
[   43.527973] pimreg: left allmulticast mode
[   43.528227] pimreg: left allmulticast mode
[   43.528520] pimreg: left allmulticast mode
[   43.528814] pimreg: left allmulticast mode
[   43.529120] pimreg: left allmulticast mode
[   43.549950] pimreg: entered allmulticast mode
[   43.575700] pimreg: entered allmulticast mode
[   43.586314] pimreg: entered allmulticast mode
[   43.598021] pimreg: entered allmulticast mode
[   43.615551] pimreg: entered allmulticast mode
[   43.622782] pimreg: left allmulticast mode
[   43.623151] pimreg: left allmulticast mode
[   43.623415] pimreg: left allmulticast mode
[   43.623677] pimreg: left allmulticast mode
[   43.623938] pimreg: left allmulticast mode
[   43.624240] pimreg: left allmulticast mode
[   43.635727] pimreg: entered allmulticast mode
[   43.656410] pimreg: entered allmulticast mode
[   43.675881] pimreg: entered allmulticast mode
[   43.694054] pimreg: entered allmulticast mode
[   43.710520] pimreg: entered allmulticast mode
[   43.729740] pimreg: entered allmulticast mode
[   43.754181] pimreg: entered allmulticast mode
[   43.774034] pimreg: left allmulticast mode
[   43.774370] pimreg: left allmulticast mode
[   43.774626] pimreg: left allmulticast mode
[   43.775998] pimreg: left allmulticast mode
[   43.776291] pimreg: left allmulticast mode
[   43.776588] pimreg: left allmulticast mode
[   43.776882] pimreg: left allmulticast mode
[   43.788300] pimreg: entered allmulticast mode
[   43.813558] pimreg: entered allmulticast mode
[   43.839352] pimreg: entered allmulticast mode
[   43.857360] pimreg: entered allmulticast mode
[   43.878068] pimreg: entered allmulticast mode
[   43.897708] pimreg: entered allmulticast mode
[   43.921386] pimreg: entered allmulticast mode
[   43.945767] pimreg: entered allmulticast mode
[   43.954962] pimreg: left allmulticast mode
[   43.955336] pimreg: left allmulticast mode
[   43.955608] pimreg: left allmulticast mode
[   43.955863] pimreg: left allmulticast mode
[   43.956130] pimreg: left allmulticast mode
[   43.956437] pimreg: left allmulticast mode
[   43.956734] pimreg: left allmulticast mode
[   43.957046] pimreg: left allmulticast mode
[   43.972285] pimreg: entered allmulticast mode
[   43.994278] pimreg: entered allmulticast mode
[   44.020940] pimreg: entered allmulticast mode
[   44.035347] pimreg: entered allmulticast mode
[   44.057598] pimreg: entered allmulticast mode
[   44.085850] pimreg: entered allmulticast mode
[   44.090802] pimreg: left allmulticast mode
[   44.091408] pimreg: left allmulticast mode
[   44.091665] pimreg: left allmulticast mode
[   44.091997] pimreg: left allmulticast mode
[   44.092291] pimreg: left allmulticast mode
[   44.102968] pimreg: entered allmulticast mode
[   44.135369] pimreg: entered allmulticast mode
[   44.176969] pimreg: entered allmulticast mode
[   44.221652] pimreg: entered allmulticast mode
[   44.249858] pimreg: entered allmulticast mode
[   44.274067] pimreg: entered allmulticast mode
[   44.294051] pimreg: left allmulticast mode
[   44.294402] pimreg: left allmulticast mode
[   44.294656] pimreg: left allmulticast mode
[   44.295813] pimreg: left allmulticast mode
[   44.296151] pimreg: left allmulticast mode
[   44.296416] pimreg: left allmulticast mode
[   44.296676] pimreg: left allmulticast mode
[   44.308611] pimreg: entered allmulticast mode
[   44.325470] pimreg: entered allmulticast mode
[   44.351794] pimreg: entered allmulticast mode
[   44.369545] pimreg: entered allmulticast mode
[   44.382076] pimreg: entered allmulticast mode
[   44.405152] pimreg: entered allmulticast mode
[   44.418418] pimreg: left allmulticast mode
[   44.418789] pimreg: left allmulticast mode
[   44.419089] pimreg: left allmulticast mode
[   44.419398] pimreg: left allmulticast mode
[   44.419698] pimreg: left allmulticast mode
[   44.420020] pimreg: left allmulticast mode
[   44.431901] pimreg: entered allmulticast mode
[   44.447498] pimreg: entered allmulticast mode
[   44.470085] pimreg: entered allmulticast mode
[   44.497233] pimreg: entered allmulticast mode
[   44.521328] pimreg: entered allmulticast mode
[   44.545615] pimreg: entered allmulticast mode
[   44.565484] pimreg: entered allmulticast mode
[   44.565848] pimreg: left allmulticast mode
[   44.566191] pimreg: left allmulticast mode
[   44.566444] pimreg: left allmulticast mode
[   44.566756] pimreg: left allmulticast mode
[   44.567076] pimreg: left allmulticast mode
[   44.567368] pimreg: left allmulticast mode
[   44.578031] pimreg: entered allmulticast mode
[   44.597702] pimreg: entered allmulticast mode
[   44.623047] pimreg: entered allmulticast mode
[   44.645204] pimreg: entered allmulticast mode
[   44.669147] pimreg: entered allmulticast mode
[   44.693520] pimreg: entered allmulticast mode
[   44.713630] pimreg: entered allmulticast mode
[   44.721950] pimreg: left allmulticast mode
[   44.722301] pimreg: left allmulticast mode
[   44.722569] pimreg: left allmulticast mode
[   44.722831] pimreg: left allmulticast mode
[   44.723137] pimreg: left allmulticast mode
[   44.723688] pimreg: left allmulticast mode
[   44.724398] pimreg: left allmulticast mode
[   44.724730] pimreg: left allmulticast mode
[   44.738834] pimreg: entered allmulticast mode
[   44.764438] pimreg: entered allmulticast mode
[   44.787857] pimreg: entered allmulticast mode
[   44.805892] pimreg: entered allmulticast mode
[   44.841791] pimreg: entered allmulticast mode
[   44.869947] pimreg: entered allmulticast mode
[   44.889631] pimreg: entered allmulticast mode
[   44.913989] pimreg: left allmulticast mode
[   44.914284] pimreg: left allmulticast mode
[   44.914535] pimreg: left allmulticast mode
[   44.914781] pimreg: left allmulticast mode
[   44.915059] pimreg: left allmulticast mode
[   44.915326] pimreg: left allmulticast mode
[   44.915606] pimreg: left allmulticast mode
[   44.926134] pimreg: entered allmulticast mode
[   44.945475] pimreg: entered allmulticast mode
[   44.961228] pimreg: entered allmulticast mode
[   44.972678] pimreg: entered allmulticast mode
[   44.997829] pimreg: entered allmulticast mode
[   45.025533] pimreg: entered allmulticast mode
[   45.050043] pimreg: entered allmulticast mode
[   45.082122] pimreg: entered allmulticast mode
[   45.086951] pimreg: left allmulticast mode
[   45.087249] pimreg: left allmulticast mode
[   45.087551] pimreg: left allmulticast mode
[   45.087864] pimreg: left allmulticast mode
[   45.088183] pimreg: left allmulticast mode
[   45.088486] pimreg: left allmulticast mode
[   45.088792] pimreg: left allmulticast mode
[   45.089097] pimreg: left allmulticast mode
[   45.103573] pimreg: entered allmulticast mode
[   45.134900] pimreg: entered allmulticast mode
[   45.154426] pimreg: entered allmulticast mode
[   45.178584] pimreg: entered allmulticast mode
[   45.200695] pimreg: entered allmulticast mode
[   45.225649] pimreg: entered allmulticast mode
[   45.249301] pimreg: entered allmulticast mode
[   45.270120] pimreg: left allmulticast mode
[   45.270463] pimreg: left allmulticast mode
[   45.270719] pimreg: left allmulticast mode
[   45.270997] pimreg: left allmulticast mode
[   45.271246] pimreg: left allmulticast mode
[   45.273041] pimreg: left allmulticast mode
[   45.273392] pimreg: left allmulticast mode
[   45.285667] pimreg: entered allmulticast mode
[   45.307433] pimreg: entered allmulticast mode
[   45.332878] pimreg: entered allmulticast mode
[   45.362450] pimreg: entered allmulticast mode
[   45.385152] pimreg: entered allmulticast mode
[   45.426222] pimreg: entered allmulticast mode
[   45.449553] pimreg: entered allmulticast mode
[   45.477415] pimreg: entered allmulticast mode
[   45.482219] pimreg: left allmulticast mode
[   45.482568] pimreg: left allmulticast mode
[   45.482822] pimreg: left allmulticast mode
[   45.483543] pimreg: left allmulticast mode
[   45.483936] pimreg: left allmulticast mode
[   45.484253] pimreg: left allmulticast mode
[   45.484558] pimreg: left allmulticast mode
[   45.484868] pimreg: left allmulticast mode
[   45.499174] pimreg: entered allmulticast mode
[   45.522874] pimreg: entered allmulticast mode
[   45.547499] pimreg: entered allmulticast mode
[   45.566186] pimreg: entered allmulticast mode
[   45.589647] pimreg: entered allmulticast mode
[   45.610003] pimreg: entered allmulticast mode
[   45.629722] pimreg: entered allmulticast mode
[   45.657312] pimreg: entered allmulticast mode
[   45.670312] pimreg: left allmulticast mode
[   45.670871] pimreg: left allmulticast mode
[   45.671189] pimreg: left allmulticast mode
[   45.671503] pimreg: left allmulticast mode
[   45.671800] pimreg: left allmulticast mode
[   45.672097] pimreg: left allmulticast mode
[   45.672385] pimreg: left allmulticast mode
[   45.672797] pimreg: left allmulticast mode
[   45.686533] pimreg: entered allmulticast mode
[   45.722365] pimreg: entered allmulticast mode
[   45.751615] pimreg: entered allmulticast mode
[   45.773665] pimreg: entered allmulticast mode
[   45.797983] pimreg: entered allmulticast mode
[   45.817966] pimreg: entered allmulticast mode
[   45.837566] pimreg: entered allmulticast mode
[   45.861804] pimreg: entered allmulticast mode
[   45.882395] pimreg: entered allmulticast mode
[   45.882764] pimreg: left allmulticast mode
[   45.883141] pimreg: left allmulticast mode
[   45.883462] pimreg: left allmulticast mode
[   45.883761] pimreg: left allmulticast mode
[   45.884056] pimreg: left allmulticast mode
[   45.884343] pimreg: left allmulticast mode
[   45.884628] pimreg: left allmulticast mode
[   45.884930] pimreg: left allmulticast mode
[   45.900571] pimreg: entered allmulticast mode
[   45.914447] pimreg: entered allmulticast mode
[   45.930796] pimreg: entered allmulticast mode
[   45.944744] pimreg: entered allmulticast mode
[   45.971205] pimreg: entered allmulticast mode
[   45.994043] pimreg: entered allmulticast mode
[   46.002779] pimreg: left allmulticast mode
[   46.003130] pimreg: left allmulticast mode
[   46.003384] pimreg: left allmulticast mode
[   46.003633] pimreg: left allmulticast mode
[   46.003939] pimreg: left allmulticast mode
[   46.004247] pimreg: left allmulticast mode
[   46.004550] pimreg: left allmulticast mode
[   46.019030] pimreg: entered allmulticast mode
[   46.049646] pimreg: entered allmulticast mode
[   46.074374] pimreg: entered allmulticast mode
[   46.098089] pimreg: entered allmulticast mode
[   46.122140] pimreg: entered allmulticast mode
[   46.141804] pimreg: entered allmulticast mode
[   46.161904] pimreg: left allmulticast mode
[   46.162231] pimreg: left allmulticast mode
[   46.162491] pimreg: left allmulticast mode
[   46.162740] pimreg: left allmulticast mode
[   46.163402] pimreg: left allmulticast mode
[   46.163677] pimreg: left allmulticast mode
[   46.174305] pimreg: entered allmulticast mode
[   46.194177] pimreg: entered allmulticast mode
[   46.219666] pimreg: entered allmulticast mode
[   46.237831] pimreg: entered allmulticast mode
[   46.261848] pimreg: entered allmulticast mode
[   46.298177] pimreg: entered allmulticast mode
[   46.341430] pimreg: entered allmulticast mode
[   46.362384] pimreg: left allmulticast mode
[   46.362722] pimreg: left allmulticast mode
[   46.362994] pimreg: left allmulticast mode
[   46.363301] pimreg: left allmulticast mode
[   46.363601] pimreg: left allmulticast mode
[   46.365080] pimreg: left allmulticast mode
[   46.365654] pimreg: left allmulticast mode
[   46.377776] pimreg: entered allmulticast mode
[   46.413787] pimreg: entered allmulticast mode
[   46.430283] pimreg: entered allmulticast mode
[   46.454252] pimreg: entered allmulticast mode
[   46.481192] pimreg: entered allmulticast mode
[   46.501964] pimreg: entered allmulticast mode
[   46.530156] pimreg: entered allmulticast mode
[   46.550402] pimreg: entered allmulticast mode
[   46.550813] pimreg: left allmulticast mode
[   46.551236] pimreg: left allmulticast mode
[   46.551588] pimreg: left allmulticast mode
[   46.551924] pimreg: left allmulticast mode
[   46.552236] pimreg: left allmulticast mode
[   46.552537] pimreg: left allmulticast mode
[   46.552855] pimreg: left allmulticast mode
[   46.567151] pimreg: entered allmulticast mode
[   46.585761] pimreg: entered allmulticast mode
[   46.609421] pimreg: entered allmulticast mode
[   46.648055] pimreg: entered allmulticast mode
[   46.670276] pimreg: entered allmulticast mode
[   46.709588] pimreg: entered allmulticast mode
[   46.733903] pimreg: entered allmulticast mode
[   46.773736] pimreg: entered allmulticast mode
[   46.817756] pimreg: entered allmulticast mode
[   46.822228] pimreg: left allmulticast mode
[   46.822563] pimreg: left allmulticast mode
[   46.822833] pimreg: left allmulticast mode
[   46.823138] pimreg: left allmulticast mode
[   46.823488] pimreg: left allmulticast mode
[   46.823872] pimreg: left allmulticast mode
[   46.824313] pimreg: left allmulticast mode
[   46.824615] pimreg: left allmulticast mode
[   46.824921] pimreg: left allmulticast mode
[   46.842129] pimreg: entered allmulticast mode
[   46.875374] pimreg: entered allmulticast mode
[   46.913591] pimreg: entered allmulticast mode
[   46.934753] pimreg: entered allmulticast mode
[   46.961728] pimreg: entered allmulticast mode
[   46.990233] pimreg: entered allmulticast mode
[   47.009591] pimreg: entered allmulticast mode
[   47.034364] pimreg: entered allmulticast mode
[   47.054372] pimreg: entered allmulticast mode
[   47.070206] pimreg: left allmulticast mode
[   47.070558] pimreg: left allmulticast mode
[   47.070827] pimreg: left allmulticast mode
[   47.071658] pimreg: left allmulticast mode
[   47.072271] pimreg: left allmulticast mode
[   47.072557] pimreg: left allmulticast mode
[   47.072852] pimreg: left allmulticast mode
[   47.073133] pimreg: left allmulticast mode
[   47.073801] pimreg: left allmulticast mode
[   47.074068] pimreg: left allmulticast mode
[   47.089517] pimreg: entered allmulticast mode
[   47.125061] pimreg: entered allmulticast mode
[   47.152639] pimreg: entered allmulticast mode
[   47.178027] pimreg: entered allmulticast mode
[   47.198254] pimreg: entered allmulticast mode
[   47.221567] pimreg: entered allmulticast mode
[   47.246032] pimreg: entered allmulticast mode
[   47.270210] pimreg: entered allmulticast mode
[   47.290366] pimreg: entered allmulticast mode
[   47.307040] pimreg: left allmulticast mode
[   47.307336] pimreg: left allmulticast mode
[   47.307650] pimreg: left allmulticast mode
[   47.307985] pimreg: left allmulticast mode
[   47.308308] pimreg: left allmulticast mode
[   47.308612] pimreg: left allmulticast mode
[   47.308933] pimreg: left allmulticast mode
[   47.309226] pimreg: left allmulticast mode
[   47.309599] pimreg: left allmulticast mode
[   47.322953] pimreg: entered allmulticast mode
[   47.345450] pimreg: entered allmulticast mode
[   47.370831] pimreg: entered allmulticast mode
[   47.390305] pimreg: entered allmulticast mode
[   47.405576] pimreg: entered allmulticast mode
[   47.425600] pimreg: entered allmulticast mode
[   47.449989] pimreg: entered allmulticast mode
[   47.473878] pimreg: entered allmulticast mode
[   47.501584] pimreg: entered allmulticast mode
[   47.522414] pimreg: left allmulticast mode
[   47.522776] pimreg: left allmulticast mode
[   47.523046] pimreg: left allmulticast mode
[   47.523330] pimreg: left allmulticast mode
[   47.523591] pimreg: left allmulticast mode
[   47.525160] pimreg: left allmulticast mode
[   47.525518] pimreg: left allmulticast mode
[   47.525810] pimreg: left allmulticast mode
[   47.526075] pimreg: left allmulticast mode
[   47.540450] pimreg: entered allmulticast mode
[   47.568320] pimreg: entered allmulticast mode
[   47.578235] pimreg: entered allmulticast mode
[   47.597231] pimreg: entered allmulticast mode
[   47.649668] pimreg: entered allmulticast mode
[   47.677941] pimreg: entered allmulticast mode
[   47.701908] pimreg: entered allmulticast mode
[   47.722042] pimreg: entered allmulticast mode
[   47.748992] pimreg: entered allmulticast mode
[   47.762511] pimreg: left allmulticast mode
[   47.762872] pimreg: left allmulticast mode
[   47.763127] pimreg: left allmulticast mode
[   47.763440] pimreg: left allmulticast mode
[   47.763732] pimreg: left allmulticast mode
[   47.764049] pimreg: left allmulticast mode
[   47.764344] pimreg: left allmulticast mode
[   47.764639] pimreg: left allmulticast mode
[   47.764935] pimreg: left allmulticast mode
[   47.780873] pimreg: entered allmulticast mode
[   47.815041] pimreg: entered allmulticast mode
[   47.828631] pimreg: entered allmulticast mode
[   47.845156] pimreg: entered allmulticast mode
[   47.869735] pimreg: entered allmulticast mode
[   47.894273] pimreg: entered allmulticast mode
[   47.922368] pimreg: entered allmulticast mode
[   47.961499] pimreg: entered allmulticast mode
[   47.994076] pimreg: entered allmulticast mode
[   48.018399] pimreg: left allmulticast mode
[   48.018860] pimreg: left allmulticast mode
[   48.019187] pimreg: left allmulticast mode
[   48.019480] pimreg: left allmulticast mode
[   48.020095] pimreg: left allmulticast mode
[   48.020391] pimreg: left allmulticast mode
[   48.020678] pimreg: left allmulticast mode
[   48.020978] pimreg: left allmulticast mode
[   48.021291] pimreg: left allmulticast mode
[   48.035411] pimreg: entered allmulticast mode
[   48.080630] pimreg: entered allmulticast mode
[   48.104615] pimreg: entered allmulticast mode
[   48.134976] pimreg: entered allmulticast mode
[   48.154041] pimreg: entered allmulticast mode
[   48.181671] pimreg: entered allmulticast mode
[   48.205133] pimreg: entered allmulticast mode
[   48.229911] pimreg: entered allmulticast mode
[   48.234608] pimreg: left allmulticast mode
[   48.234991] pimreg: left allmulticast mode
[   48.235247] pimreg: left allmulticast mode
[   48.235496] pimreg: left allmulticast mode
[   48.235813] pimreg: left allmulticast mode
[   48.236567] pimreg: left allmulticast mode
[   48.236930] pimreg: left allmulticast mode
[   48.237228] pimreg: left allmulticast mode
[   48.250803] pimreg: entered allmulticast mode
[   48.276512] pimreg: entered allmulticast mode
[   48.294632] pimreg: entered allmulticast mode
[   48.313373] pimreg: entered allmulticast mode
[   48.325919] pimreg: entered allmulticast mode
[   48.349889] pimreg: entered allmulticast mode
[   48.374916] pimreg: entered allmulticast mode
[   48.386289] pimreg: left allmulticast mode
[   48.386780] pimreg: left allmulticast mode
[   48.387038] pimreg: left allmulticast mode
[   48.387348] pimreg: left allmulticast mode
[   48.387650] pimreg: left allmulticast mode
[   48.387963] pimreg: left allmulticast mode
[   48.388264] pimreg: left allmulticast mode
[   48.401142] pimreg: entered allmulticast mode
[   48.429884] pimreg: entered allmulticast mode
[   48.473193] pimreg: entered allmulticast mode
[   48.485576] pimreg: entered allmulticast mode
[   48.505621] pimreg: entered allmulticast mode
[   48.542344] pimreg: entered allmulticast mode
[   48.546378] pimreg: left allmulticast mode
[   48.546991] pimreg: left allmulticast mode
[   48.547303] pimreg: left allmulticast mode
[   48.547616] pimreg: left allmulticast mode
[   48.547940] pimreg: left allmulticast mode
[   48.565602] pimreg: entered allmulticast mode
[   48.591175] pimreg: entered allmulticast mode
[   48.621908] pimreg: entered allmulticast mode
[   48.650149] pimreg: entered allmulticast mode
[   48.705034] pimreg: entered allmulticast mode
[   48.726134] pimreg: entered allmulticast mode
[   48.730352] pimreg: left allmulticast mode
[   48.730747] pimreg: left allmulticast mode
[   48.731040] pimreg: left allmulticast mode
[   48.731307] pimreg: left allmulticast mode
[   48.731562] pimreg: left allmulticast mode
[   48.731887] pimreg: left allmulticast mode
[   48.743608] pimreg: entered allmulticast mode
[   48.771598] pimreg: entered allmulticast mode
[   48.793647] pimreg: entered allmulticast mode
[   48.813509] pimreg: entered allmulticast mode
[   48.838069] pimreg: entered allmulticast mode
[   48.861653] pimreg: entered allmulticast mode
[   48.881902] pimreg: entered allmulticast mode
[   48.901949] pimreg: entered allmulticast mode
[   48.902311] pimreg: left allmulticast mode
[   48.902662] pimreg: left allmulticast mode
[   48.902991] pimreg: left allmulticast mode
[   48.903297] pimreg: left allmulticast mode
[   48.903585] pimreg: left allmulticast mode
[   48.903884] pimreg: left allmulticast mode
[   48.904185] pimreg: left allmulticast mode
[   48.904469] pimreg: left allmulticast mode
[   48.918157] pimreg: entered allmulticast mode
[   48.970665] pimreg: entered allmulticast mode
[   49.002923] pimreg: entered allmulticast mode
[   49.025773] pimreg: entered allmulticast mode
[   49.057616] pimreg: entered allmulticast mode
[   49.089561] pimreg: entered allmulticast mode
[   49.129415] pimreg: entered allmulticast mode
[   49.153573] pimreg: entered allmulticast mode
[   49.185124] pimreg: entered allmulticast mode
[   49.190529] pimreg: left allmulticast mode
[   49.190881] pimreg: left allmulticast mode
[   49.191191] pimreg: left allmulticast mode
[   49.191476] pimreg: left allmulticast mode
[   49.191784] pimreg: left allmulticast mode
[   49.192068] pimreg: left allmulticast mode
[   49.192354] pimreg: left allmulticast mode
[   49.192644] pimreg: left allmulticast mode
[   49.192942] pimreg: left allmulticast mode
[   49.212453] pimreg: entered allmulticast mode
[   49.233124] pimreg: entered allmulticast mode
[   49.276174] pimreg: entered allmulticast mode
[   49.301884] pimreg: entered allmulticast mode
[   49.329348] pimreg: entered allmulticast mode
[   49.357716] pimreg: entered allmulticast mode
[   49.381784] pimreg: entered allmulticast mode
[   49.409201] pimreg: entered allmulticast mode
[   49.437644] pimreg: entered allmulticast mode
[   49.462213] pimreg: left allmulticast mode
[   49.462547] pimreg: left allmulticast mode
[   49.462850] pimreg: left allmulticast mode
[   49.463151] pimreg: left allmulticast mode
[   49.463456] pimreg: left allmulticast mode
[   49.463932] pimreg: left allmulticast mode
[   49.464336] pimreg: left allmulticast mode
[   49.464628] pimreg: left allmulticast mode
[   49.464930] pimreg: left allmulticast mode
[   49.465230] pimreg: left allmulticast mode
[   49.480417] pimreg: entered allmulticast mode
[   49.511429] pimreg: entered allmulticast mode
[   49.541494] pimreg: entered allmulticast mode
[   49.554659] pimreg: entered allmulticast mode
[   49.578128] pimreg: entered allmulticast mode
[   49.594072] pimreg: left allmulticast mode
[   49.594376] pimreg: left allmulticast mode
[   49.594623] pimreg: left allmulticast mode
[   49.594949] pimreg: left allmulticast mode
[   49.595279] pimreg: left allmulticast mode
[   49.595570] pimreg: left allmulticast mode
[   49.606294] pimreg: entered allmulticast mode
[   49.636147] pimreg: entered allmulticast mode
[   49.648618] pimreg: entered allmulticast mode
[   49.673938] pimreg: entered allmulticast mode
[   49.698006] pimreg: entered allmulticast mode
[   49.721920] pimreg: entered allmulticast mode
[   49.742081] pimreg: left allmulticast mode
[   49.742440] pimreg: left allmulticast mode
[   49.742708] pimreg: left allmulticast mode
[   49.743010] pimreg: left allmulticast mode
[   49.743323] pimreg: left allmulticast mode
[   49.752469] pimreg: entered allmulticast mode
[   49.777567] pimreg: entered allmulticast mode
[   49.804146] pimreg: entered allmulticast mode
[   49.834167] pimreg: entered allmulticast mode
[   49.858100] pimreg: entered allmulticast mode
[   49.878161] pimreg: entered allmulticast mode
[   49.897920] pimreg: left allmulticast mode
[   49.898274] pimreg: left allmulticast mode
[   49.898614] pimreg: left allmulticast mode
[   49.899540] pimreg: left allmulticast mode
[   49.900296] pimreg: left allmulticast mode
[   49.900665] pimreg: left allmulticast mode
[   49.912603] pimreg: entered allmulticast mode
[   49.937513] pimreg: entered allmulticast mode
[   49.941791] systemd-journald[144]: Data hash table of /run/log/journal/938775788448454bb5b34822d5730c41/system.journal has a fill level at 75.0 (5360 of 7146 items, 4116480 file size, 768 bytes per hash table item), suggesting rotation.
[   49.943212] systemd-journald[144]: /run/log/journal/938775788448454bb5b34822d5730c41/system.journal: Journal header limits reached or header out-of-date, rotating.
[   49.971961] pimreg: entered allmulticast mode
[   49.993524] pimreg: entered allmulticast mode
[   50.018142] pimreg: entered allmulticast mode
[   50.034087] pimreg: entered allmulticast mode
[   50.070301] pimreg: left allmulticast mode
[   50.070651] pimreg: left allmulticast mode
[   50.070920] pimreg: left allmulticast mode
[   50.071174] pimreg: left allmulticast mode
[   50.072398] pimreg: left allmulticast mode
[   50.072745] pimreg: left allmulticast mode
[   50.083479] pimreg: entered allmulticast mode
[   50.106489] pimreg: entered allmulticast mode
[   50.138439] pimreg: entered allmulticast mode
[   50.174690] pimreg: entered allmulticast mode
[   50.206053] pimreg: entered allmulticast mode
[   50.242249] pimreg: entered allmulticast mode
[   50.277716] pimreg: entered allmulticast mode
[   50.282103] pimreg: left allmulticast mode
[   50.282434] pimreg: left allmulticast mode
[   50.282770] pimreg: left allmulticast mode
[   50.283067] pimreg: left allmulticast mode
[   50.283373] pimreg: left allmulticast mode
[   50.283676] pimreg: left allmulticast mode
[   50.294989] pimreg: entered allmulticast mode
[   50.331438] pimreg: entered allmulticast mode
[   50.352727] pimreg: entered allmulticast mode
[   50.374315] pimreg: entered allmulticast mode
[   50.397668] pimreg: entered allmulticast mode
[   50.421379] pimreg: entered allmulticast mode
[   50.473482] pimreg: entered allmulticast mode
[   50.486615] pimreg: left allmulticast mode
[   50.487205] pimreg: left allmulticast mode
[   50.487494] pimreg: left allmulticast mode
[   50.487758] pimreg: left allmulticast mode
[   50.488055] pimreg: left allmulticast mode
[   50.488346] pimreg: left allmulticast mode
[   50.488636] pimreg: left allmulticast mode
[   50.488960] pimreg: left allmulticast mode
[   50.503526] pimreg: entered allmulticast mode
[   50.531083] pimreg: entered allmulticast mode
[   50.554497] pimreg: entered allmulticast mode
[   50.566161] pimreg: entered allmulticast mode
[   50.590361] pimreg: entered allmulticast mode
[   50.614151] pimreg: entered allmulticast mode
[   50.634250] pimreg: entered allmulticast mode
[   50.653892] pimreg: entered allmulticast mode
[   50.673884] pimreg: entered allmulticast mode
[   50.674276] pimreg: left allmulticast mode
[   50.674596] pimreg: left allmulticast mode
[   50.674875] pimreg: left allmulticast mode
[   50.675134] pimreg: left allmulticast mode
[   50.675426] pimreg: left allmulticast mode
[   50.675749] pimreg: left allmulticast mode
[   50.676036] pimreg: left allmulticast mode
[   50.676335] pimreg: left allmulticast mode
[   50.691056] pimreg: entered allmulticast mode
[   50.730961] pimreg: entered allmulticast mode
[   50.756096] pimreg: entered allmulticast mode
[   50.777719] pimreg: entered allmulticast mode
[   50.801888] pimreg: entered allmulticast mode
[   50.845294] pimreg: entered allmulticast mode
[   50.878149] pimreg: entered allmulticast mode
[   50.898574] pimreg: entered allmulticast mode
[   50.918613] pimreg: entered allmulticast mode
[   50.919562] pimreg: left allmulticast mode
[   50.919972] pimreg: left allmulticast mode
[   50.920250] pimreg: left allmulticast mode
[   50.920501] pimreg: left allmulticast mode
[   50.920808] pimreg: left allmulticast mode
[   50.921125] pimreg: left allmulticast mode
[   50.921493] pimreg: left allmulticast mode
[   50.922383] pimreg: left allmulticast mode
[   50.922787] pimreg: left allmulticast mode
[   50.937990] pimreg: entered allmulticast mode
[   50.957243] pimreg: entered allmulticast mode
[   50.982258] pimreg: entered allmulticast mode
[   51.001916] pimreg: entered allmulticast mode
[   51.029985] pimreg: entered allmulticast mode
[   51.065893] pimreg: entered allmulticast mode
[   51.089544] pimreg: entered allmulticast mode
[   51.126226] pimreg: entered allmulticast mode
[   51.150195] pimreg: entered allmulticast mode
[   51.170502] pimreg: left allmulticast mode
[   51.170880] pimreg: left allmulticast mode
[   51.171150] pimreg: left allmulticast mode
[   51.171431] pimreg: left allmulticast mode
[   51.171698] pimreg: left allmulticast mode
[   51.172177] pimreg: left allmulticast mode
[   51.172601] pimreg: left allmulticast mode
[   51.172936] pimreg: left allmulticast mode
[   51.173229] pimreg: left allmulticast mode
[   51.173601] pimreg: left allmulticast mode
[   51.188949] pimreg: entered allmulticast mode
[   51.215635] pimreg: entered allmulticast mode
[   51.242489] pimreg: entered allmulticast mode
[   51.266366] pimreg: entered allmulticast mode
[   51.281408] pimreg: entered allmulticast mode
[   51.301956] pimreg: entered allmulticast mode
[   51.321885] pimreg: entered allmulticast mode
[   51.342336] pimreg: entered allmulticast mode
[   51.362782] pimreg: entered allmulticast mode
[   51.363167] pimreg: left allmulticast mode
[   51.363497] pimreg: left allmulticast mode
[   51.363759] pimreg: left allmulticast mode
[   51.364078] pimreg: left allmulticast mode
[   51.364384] pimreg: left allmulticast mode
[   51.364696] pimreg: left allmulticast mode
[   51.364981] pimreg: left allmulticast mode
[   51.365340] pimreg: left allmulticast mode
[   51.379534] pimreg: entered allmulticast mode
[   51.407128] pimreg: entered allmulticast mode
[   51.436420] pimreg: entered allmulticast mode
[   51.465964] pimreg: entered allmulticast mode
[   51.514237] pimreg: entered allmulticast mode
[   51.542008] pimreg: entered allmulticast mode
[   51.585770] pimreg: entered allmulticast mode
[   51.625801] pimreg: entered allmulticast mode
[   51.662142] pimreg: left allmulticast mode
[   51.662506] pimreg: left allmulticast mode
[   51.662786] pimreg: left allmulticast mode
[   51.663048] pimreg: left allmulticast mode
[   51.663359] pimreg: left allmulticast mode
[   51.664704] pimreg: left allmulticast mode
[   51.665050] pimreg: left allmulticast mode
[   51.665424] pimreg: left allmulticast mode
[   51.665761] pimreg: left allmulticast mode
[   51.679507] pimreg: entered allmulticast mode
[   51.705663] pimreg: entered allmulticast mode
[   51.720086] pimreg: entered allmulticast mode
[   51.738269] pimreg: entered allmulticast mode
[   51.762054] pimreg: entered allmulticast mode
[   51.781907] pimreg: entered allmulticast mode
[   51.802277] pimreg: entered allmulticast mode
[   51.822070] pimreg: entered allmulticast mode
[   51.842483] pimreg: entered allmulticast mode
[   51.858284] pimreg: left allmulticast mode
[   51.858644] pimreg: left allmulticast mode
[   51.858913] pimreg: left allmulticast mode
[   51.859403] pimreg: left allmulticast mode
[   51.860533] pimreg: left allmulticast mode
[   51.860890] pimreg: left allmulticast mode
[   51.861205] pimreg: left allmulticast mode
[   51.861867] pimreg: left allmulticast mode
[   51.862173] pimreg: left allmulticast mode
[   51.876556] pimreg: entered allmulticast mode
[   51.910151] pimreg: entered allmulticast mode
[   51.930325] pimreg: entered allmulticast mode
[   51.949778] pimreg: entered allmulticast mode
[   51.969942] pimreg: entered allmulticast mode
[   51.989619] pimreg: entered allmulticast mode
[   52.009409] pimreg: entered allmulticast mode
[   52.033372] pimreg: entered allmulticast mode
[   52.088421] pimreg: left allmulticast mode
[   52.088790] pimreg: left allmulticast mode
[   52.089055] pimreg: left allmulticast mode
[   52.089351] pimreg: left allmulticast mode
[   52.089667] pimreg: left allmulticast mode
[   52.089978] pimreg: left allmulticast mode
[   52.090296] pimreg: left allmulticast mode
[   52.090603] pimreg: left allmulticast mode
[   52.102036] pimreg: entered allmulticast mode
[   52.134242] pimreg: entered allmulticast mode
[   52.157134] pimreg: entered allmulticast mode
[   52.169313] pimreg: entered allmulticast mode
[   52.190677] pimreg: entered allmulticast mode
[   52.214394] pimreg: entered allmulticast mode
[   52.249146] pimreg: entered allmulticast mode
[   52.266244] pimreg: left allmulticast mode
[   52.266547] pimreg: left allmulticast mode
[   52.266813] pimreg: left allmulticast mode
[   52.267128] pimreg: left allmulticast mode
[   52.267430] pimreg: left allmulticast mode
[   52.268785] pimreg: left allmulticast mode
[   52.269126] pimreg: left allmulticast mode
[   52.281080] pimreg: entered allmulticast mode
[   52.303072] pimreg: entered allmulticast mode
[   52.326820] pimreg: entered allmulticast mode
[   52.367597] pimreg: entered allmulticast mode
[   52.389594] pimreg: entered allmulticast mode
[   52.417708] pimreg: entered allmulticast mode
[   52.453880] pimreg: entered allmulticast mode
[   52.486205] pimreg: entered allmulticast mode
[   52.490418] pimreg: left allmulticast mode
[   52.490840] pimreg: left allmulticast mode
[   52.491177] pimreg: left allmulticast mode
[   52.491481] pimreg: left allmulticast mode
[   52.491802] pimreg: left allmulticast mode
[   52.492089] pimreg: left allmulticast mode
[   52.492376] pimreg: left allmulticast mode
[   52.509175] pimreg: entered allmulticast mode
[   52.526233] pimreg: entered allmulticast mode
[   52.545794] pimreg: entered allmulticast mode
[   52.571208] pimreg: entered allmulticast mode
[   52.590355] pimreg: entered allmulticast mode
[   52.617892] pimreg: entered allmulticast mode
[   52.646609] pimreg: left allmulticast mode
[   52.646954] pimreg: left allmulticast mode
[   52.647211] pimreg: left allmulticast mode
[   52.647469] pimreg: left allmulticast mode
[   52.647741] pimreg: left allmulticast mode
[   52.649104] pimreg: left allmulticast mode
[   52.649523] pimreg: left allmulticast mode
[   52.662049] pimreg: entered allmulticast mode
[   52.686338] pimreg: entered allmulticast mode
[   52.724328] pimreg: entered allmulticast mode
[   52.745729] pimreg: entered allmulticast mode
[   52.769699] pimreg: entered allmulticast mode
[   52.802135] pimreg: entered allmulticast mode
[   52.825669] pimreg: entered allmulticast mode
[   52.854083] pimreg: entered allmulticast mode
[   52.874130] pimreg: left allmulticast mode
[   52.874482] pimreg: left allmulticast mode
[   52.874783] pimreg: left allmulticast mode
[   52.875033] pimreg: left allmulticast mode
[   52.875900] pimreg: left allmulticast mode
[   52.876357] pimreg: left allmulticast mode
[   52.876712] pimreg: left allmulticast mode
[   52.877037] pimreg: left allmulticast mode
[   52.889927] pimreg: entered allmulticast mode
[   52.910701] pimreg: entered allmulticast mode
[   52.943497] pimreg: entered allmulticast mode
[   52.969539] pimreg: entered allmulticast mode
[   52.997680] pimreg: entered allmulticast mode
[   53.018151] pimreg: entered allmulticast mode
[   53.042354] pimreg: entered allmulticast mode
[   53.066208] pimreg: entered allmulticast mode
[   53.078178] pimreg: left allmulticast mode
[   53.078520] pimreg: left allmulticast mode
[   53.078830] pimreg: left allmulticast mode
[   53.079124] pimreg: left allmulticast mode
[   53.079426] pimreg: left allmulticast mode
[   53.080189] pimreg: left allmulticast mode
[   53.080500] pimreg: left allmulticast mode
[   53.080809] pimreg: left allmulticast mode
[   53.093742] pimreg: entered allmulticast mode
[   53.115699] pimreg: entered allmulticast mode
[   53.140171] pimreg: entered allmulticast mode
[   53.177527] pimreg: entered allmulticast mode
[   53.213537] pimreg: entered allmulticast mode
[   53.237431] pimreg: entered allmulticast mode
[   53.257244] pimreg: entered allmulticast mode
[   53.285858] pimreg: entered allmulticast mode
[   53.305978] pimreg: entered allmulticast mode
[   53.306339] pimreg: left allmulticast mode
[   53.306716] pimreg: left allmulticast mode
[   53.307017] pimreg: left allmulticast mode
[   53.307633] pimreg: left allmulticast mode
[   53.307940] pimreg: left allmulticast mode
[   53.308224] pimreg: left allmulticast mode
[   53.308513] pimreg: left allmulticast mode
[   53.308817] pimreg: left allmulticast mode
[   53.324010] pimreg: entered allmulticast mode
[   53.371371] pimreg: entered allmulticast mode
[   53.408771] pimreg: entered allmulticast mode
[   53.431302] pimreg: entered allmulticast mode
[   53.465216] pimreg: entered allmulticast mode
[   53.486506] pimreg: entered allmulticast mode
[   53.505663] pimreg: entered allmulticast mode
[   53.511222] pimreg: left allmulticast mode
[   53.511566] pimreg: left allmulticast mode
[   53.511823] pimreg: left allmulticast mode
[   53.512137] pimreg: left allmulticast mode
[   53.512446] pimreg: left allmulticast mode
[   53.512755] pimreg: left allmulticast mode
[   53.513049] pimreg: left allmulticast mode
[   53.533776] pimreg: entered allmulticast mode
[   53.558649] pimreg: entered allmulticast mode
[   53.582672] pimreg: entered allmulticast mode
[   53.605519] pimreg: entered allmulticast mode
[   53.634186] pimreg: entered allmulticast mode
[   53.662257] pimreg: entered allmulticast mode
[   53.686126] pimreg: entered allmulticast mode
[   53.714045] pimreg: left allmulticast mode
[   53.714398] pimreg: left allmulticast mode
[   53.714688] pimreg: left allmulticast mode
[   53.714939] pimreg: left allmulticast mode
[   53.715241] pimreg: left allmulticast mode
[   53.716226] pimreg: left allmulticast mode
[   53.716631] pimreg: left allmulticast mode
[   53.716940] pimreg: left allmulticast mode
[   53.730844] pimreg: entered allmulticast mode
[   53.755297] pimreg: entered allmulticast mode
[   53.779924] pimreg: entered allmulticast mode
[   53.805636] pimreg: entered allmulticast mode
[   53.849950] pimreg: entered allmulticast mode
[   53.869600] pimreg: entered allmulticast mode
[   53.882287] pimreg: entered allmulticast mode
[   53.905992] pimreg: entered allmulticast mode
[   53.911016] pimreg: left allmulticast mode
[   53.911617] pimreg: left allmulticast mode
[   53.911890] pimreg: left allmulticast mode
[   53.912196] pimreg: left allmulticast mode
[   53.912489] pimreg: left allmulticast mode
[   53.912799] pimreg: left allmulticast mode
[   53.913106] pimreg: left allmulticast mode
[   53.931019] pimreg: entered allmulticast mode
[   53.945824] pimreg: entered allmulticast mode
[   53.972475] pimreg: entered allmulticast mode
[   53.993982] pimreg: entered allmulticast mode
[   54.010870] pimreg: entered allmulticast mode
[   54.033301] pimreg: entered allmulticast mode
[   54.057640] pimreg: entered allmulticast mode
[   54.081888] pimreg: entered allmulticast mode
[   54.086424] pimreg: left allmulticast mode
[   54.086812] pimreg: left allmulticast mode
[   54.087076] pimreg: left allmulticast mode
[   54.087327] pimreg: left allmulticast mode
[   54.087654] pimreg: left allmulticast mode
[   54.087961] pimreg: left allmulticast mode
[   54.088256] pimreg: left allmulticast mode
[   54.088565] pimreg: left allmulticast mode
[   54.109915] pimreg: entered allmulticast mode
[   54.136626] pimreg: entered allmulticast mode
[   54.166278] pimreg: entered allmulticast mode
[   54.177942] pimreg: entered allmulticast mode
[   54.197946] pimreg: entered allmulticast mode
[   54.217937] pimreg: entered allmulticast mode
[   54.238221] pimreg: entered allmulticast mode
[   54.257932] pimreg: entered allmulticast mode
[   54.258323] pimreg: left allmulticast mode
[   54.258706] pimreg: left allmulticast mode
[   54.259003] pimreg: left allmulticast mode
[   54.259324] pimreg: left allmulticast mode
[   54.259631] pimreg: left allmulticast mode
[   54.259936] pimreg: left allmulticast mode
[   54.260237] pimreg: left allmulticast mode
[   54.260535] pimreg: left allmulticast mode
[   54.275054] pimreg: entered allmulticast mode
[   54.306865] pimreg: entered allmulticast mode
[   54.332941] pimreg: entered allmulticast mode
[   54.358226] pimreg: entered allmulticast mode
[   54.373462] pimreg: entered allmulticast mode
[   54.397973] pimreg: entered allmulticast mode
[   54.421768] pimreg: entered allmulticast mode
[   54.426333] pimreg: left allmulticast mode
[   54.426881] pimreg: left allmulticast mode
[   54.427138] pimreg: left allmulticast mode
[   54.427398] pimreg: left allmulticast mode
[   54.427715] pimreg: left allmulticast mode
[   54.428112] pimreg: left allmulticast mode
[   54.428411] pimreg: left allmulticast mode
[   54.428727] pimreg: left allmulticast mode
[   54.442637] pimreg: entered allmulticast mode
[   54.474567] pimreg: entered allmulticast mode
[   54.498386] pimreg: entered allmulticast mode
[   54.526916] pimreg: entered allmulticast mode
[   54.549741] pimreg: entered allmulticast mode
[   54.569896] pimreg: entered allmulticast mode
[   54.590027] pimreg: entered allmulticast mode
[   54.609770] pimreg: entered allmulticast mode
[   54.610140] pimreg: left allmulticast mode
[   54.610463] pimreg: left allmulticast mode
[   54.610724] pimreg: left allmulticast mode
[   54.610985] pimreg: left allmulticast mode
[   54.611237] pimreg: left allmulticast mode
[   54.611484] pimreg: left allmulticast mode
[   54.611798] pimreg: left allmulticast mode
[   54.623469] pimreg: entered allmulticast mode
[   54.642129] pimreg: entered allmulticast mode
[   54.668660] pimreg: entered allmulticast mode
[   54.693978] pimreg: entered allmulticast mode
[   54.713413] pimreg: entered allmulticast mode
[   54.734245] pimreg: entered allmulticast mode
[   54.753864] pimreg: entered allmulticast mode
[   54.773953] pimreg: entered allmulticast mode
[   54.778259] pimreg: left allmulticast mode
[   54.778612] pimreg: left allmulticast mode
[   54.778895] pimreg: left allmulticast mode
[   54.779189] pimreg: left allmulticast mode
[   54.779489] pimreg: left allmulticast mode
[   54.779752] pimreg: left allmulticast mode
[   54.780050] pimreg: left allmulticast mode
[   54.780349] pimreg: left allmulticast mode
[   54.801309] pimreg: entered allmulticast mode
[   54.826578] pimreg: entered allmulticast mode
[   54.853078] pimreg: entered allmulticast mode
[   54.865091] pimreg: entered allmulticast mode
[   54.898117] pimreg: entered allmulticast mode
[   54.941600] pimreg: entered allmulticast mode
[   54.978041] pimreg: entered allmulticast mode
[   55.001393] pimreg: entered allmulticast mode
[   55.014339] pimreg: left allmulticast mode
[   55.014915] pimreg: left allmulticast mode
[   55.015195] pimreg: left allmulticast mode
[   55.015460] pimreg: left allmulticast mode
[   55.015723] pimreg: left allmulticast mode
[   55.016019] pimreg: left allmulticast mode
[   55.016325] pimreg: left allmulticast mode
[   55.016634] pimreg: left allmulticast mode
[   55.016940] pimreg: left allmulticast mode
[   55.032240] pimreg: entered allmulticast mode
[   55.054894] pimreg: entered allmulticast mode
[   55.067657] pimreg: entered allmulticast mode
[   55.086920] pimreg: entered allmulticast mode
[   55.110376] pimreg: entered allmulticast mode
[   55.129945] pimreg: entered allmulticast mode
[   55.150255] pimreg: entered allmulticast mode
[   55.150625] pimreg: left allmulticast mode
[   55.150947] pimreg: left allmulticast mode
[   55.151214] pimreg: left allmulticast mode
[   55.151490] pimreg: left allmulticast mode
[   55.151798] pimreg: left allmulticast mode
[   55.152091] pimreg: left allmulticast mode
[   55.164963] pimreg: entered allmulticast mode
[   55.205647] pimreg: entered allmulticast mode
[   55.235410] pimreg: entered allmulticast mode
[   55.262065] pimreg: entered allmulticast mode
[   55.281483] pimreg: entered allmulticast mode
[   55.305918] pimreg: entered allmulticast mode
[   55.334105] pimreg: entered allmulticast mode
[   55.358556] pimreg: left allmulticast mode
[   55.358882] pimreg: left allmulticast mode
[   55.359156] pimreg: left allmulticast mode
[   55.359430] pimreg: left allmulticast mode
[   55.359709] pimreg: left allmulticast mode
[   55.359971] pimreg: left allmulticast mode
[   55.360227] pimreg: left allmulticast mode
[   55.360485] pimreg: left allmulticast mode
[   55.373301] pimreg: entered allmulticast mode
[   55.397757] pimreg: entered allmulticast mode
[   55.423403] pimreg: entered allmulticast mode
[   55.446057] pimreg: entered allmulticast mode
[   55.465659] pimreg: entered allmulticast mode
[   55.490456] pimreg: entered allmulticast mode
[   55.510581] pimreg: entered allmulticast mode
[   55.529990] pimreg: entered allmulticast mode
[   55.555070] pimreg: entered allmulticast mode
[   55.555473] pimreg: left allmulticast mode
[   55.555833] pimreg: left allmulticast mode
[   55.556113] pimreg: left allmulticast mode
[   55.556396] pimreg: left allmulticast mode
[   55.556665] pimreg: left allmulticast mode
[   55.556974] pimreg: left allmulticast mode
[   55.557430] pimreg: left allmulticast mode
[   55.557750] pimreg: left allmulticast mode
[   55.558714] pimreg: left allmulticast mode
[   55.573738] pimreg: entered allmulticast mode
[   55.610598] pimreg: entered allmulticast mode
[   55.637475] pimreg: entered allmulticast mode
[   55.669618] pimreg: entered allmulticast mode
[   55.709492] pimreg: entered allmulticast mode
[   55.745617] pimreg: entered allmulticast mode
[   55.781920] pimreg: entered allmulticast mode
[   55.805813] pimreg: entered allmulticast mode
[   55.829444] pimreg: entered allmulticast mode
[   55.854843] pimreg: left allmulticast mode
[   55.855226] pimreg: left allmulticast mode
[   55.855487] pimreg: left allmulticast mode
[   55.855806] pimreg: left allmulticast mode
[   55.856141] pimreg: left allmulticast mode
[   55.856471] pimreg: left allmulticast mode
[   55.856779] pimreg: left allmulticast mode
[   55.857074] pimreg: left allmulticast mode
[   55.857769] pimreg: left allmulticast mode
[   55.872109] pimreg: entered allmulticast mode
[   55.905706] pimreg: entered allmulticast mode
[   55.931915] pimreg: entered allmulticast mode
[   55.953904] pimreg: entered allmulticast mode
[   55.978381] pimreg: entered allmulticast mode
[   56.002089] pimreg: entered allmulticast mode
[   56.022032] pimreg: entered allmulticast mode
[   56.042484] pimreg: entered allmulticast mode
[   56.058224] pimreg: left allmulticast mode
[   56.058602] pimreg: left allmulticast mode
[   56.058872] pimreg: left allmulticast mode
[   56.059435] pimreg: left allmulticast mode
[   56.060177] pimreg: left allmulticast mode
[   56.060557] pimreg: left allmulticast mode
[   56.060874] pimreg: left allmulticast mode
[   56.061170] pimreg: left allmulticast mode
[   56.074586] pimreg: entered allmulticast mode
[   56.095381] pimreg: entered allmulticast mode
[   56.123734] pimreg: entered allmulticast mode
[   56.147145] pimreg: entered allmulticast mode
[   56.165690] pimreg: entered allmulticast mode
[   56.186334] pimreg: entered allmulticast mode
[   56.205173] pimreg: entered allmulticast mode
[   56.210392] pimreg: left allmulticast mode
[   56.210755] pimreg: left allmulticast mode
[   56.211031] pimreg: left allmulticast mode
[   56.211294] pimreg: left allmulticast mode
[   56.211558] pimreg: left allmulticast mode
[   56.211807] pimreg: left allmulticast mode
[   56.212119] pimreg: left allmulticast mode
[   56.225342] pimreg: entered allmulticast mode
[   56.250637] pimreg: entered allmulticast mode
[   56.275721] pimreg: entered allmulticast mode
[   56.298397] pimreg: entered allmulticast mode
[   56.318352] pimreg: entered allmulticast mode
[   56.337819] pimreg: entered allmulticast mode
[   56.357862] pimreg: entered allmulticast mode
[   56.378057] pimreg: entered allmulticast mode
[   56.378481] pimreg: left allmulticast mode
[   56.378864] pimreg: left allmulticast mode
[   56.379180] pimreg: left allmulticast mode
[   56.379483] pimreg: left allmulticast mode
[   56.379765] pimreg: left allmulticast mode
[   56.380058] pimreg: left allmulticast mode
[   56.380337] pimreg: left allmulticast mode
[   56.394815] pimreg: entered allmulticast mode
[   56.429122] pimreg: entered allmulticast mode
[   56.460842] pimreg: entered allmulticast mode
[   56.494103] pimreg: entered allmulticast mode
[   56.509622] pimreg: entered allmulticast mode
[   56.541664] pimreg: entered allmulticast mode
[   56.550445] pimreg: left allmulticast mode
[   56.550778] pimreg: left allmulticast mode
[   56.551032] pimreg: left allmulticast mode
[   56.551281] pimreg: left allmulticast mode
[   56.551611] pimreg: left allmulticast mode
[   56.551958] pimreg: left allmulticast mode
[   56.552275] pimreg: left allmulticast mode
[   56.566519] pimreg: entered allmulticast mode
[   56.585677] pimreg: entered allmulticast mode
[   56.611998] pimreg: entered allmulticast mode
[   56.633837] pimreg: entered allmulticast mode
[   56.658444] pimreg: entered allmulticast mode
[   56.677829] pimreg: entered allmulticast mode
[   56.698332] pimreg: entered allmulticast mode
[   56.718919] pimreg: entered allmulticast mode
[   56.719297] pimreg: left allmulticast mode
[   56.719677] pimreg: left allmulticast mode
[   56.720016] pimreg: left allmulticast mode
[   56.720324] pimreg: left allmulticast mode
[   56.720645] pimreg: left allmulticast mode
[   56.720958] pimreg: left allmulticast mode
[   56.721242] pimreg: left allmulticast mode
[   56.734121] pimreg: entered allmulticast mode
[   56.782505] pimreg: entered allmulticast mode
[   56.820671] pimreg: entered allmulticast mode
[   56.846051] pimreg: entered allmulticast mode
[   56.868575] pimreg: entered allmulticast mode
[   56.897482] pimreg: entered allmulticast mode
[   56.902290] pimreg: left allmulticast mode
[   56.902651] pimreg: left allmulticast mode
[   56.902906] pimreg: left allmulticast mode
[   56.903156] pimreg: left allmulticast mode
[   56.903471] pimreg: left allmulticast mode
[   56.903810] pimreg: left allmulticast mode
[   56.904131] pimreg: left allmulticast mode
[   56.917239] pimreg: entered allmulticast mode
[   56.949600] pimreg: entered allmulticast mode
[   56.974989] pimreg: entered allmulticast mode
[   56.997658] pimreg: entered allmulticast mode
[   57.021202] pimreg: entered allmulticast mode
[   57.053720] pimreg: entered allmulticast mode
[   57.077873] pimreg: entered allmulticast mode
[   57.117746] pimreg: entered allmulticast mode
[   57.130901] pimreg: left allmulticast mode
[   57.131511] pimreg: left allmulticast mode
[   57.131799] pimreg: left allmulticast mode
[   57.132064] pimreg: left allmulticast mode
[   57.132326] pimreg: left allmulticast mode
[   57.132638] pimreg: left allmulticast mode
[   57.132955] pimreg: left allmulticast mode
[   57.133292] pimreg: left allmulticast mode
[   57.147264] pimreg: entered allmulticast mode
[   57.178451] pimreg: entered allmulticast mode
[   57.204270] pimreg: entered allmulticast mode
[   57.225278] pimreg: entered allmulticast mode
[   57.249344] pimreg: entered allmulticast mode
[   57.278121] pimreg: entered allmulticast mode
[   57.305724] pimreg: entered allmulticast mode
[   57.329700] pimreg: entered allmulticast mode
[   57.366648] pimreg: left allmulticast mode
[   57.366944] pimreg: left allmulticast mode
[   57.367261] pimreg: left allmulticast mode
[   57.367591] pimreg: left allmulticast mode
[   57.367885] pimreg: left allmulticast mode
[   57.368201] pimreg: left allmulticast mode
[   57.368527] pimreg: left allmulticast mode
[   57.368821] pimreg: left allmulticast mode
[   57.381775] pimreg: entered allmulticast mode
[   57.404659] pimreg: entered allmulticast mode
[   57.433137] pimreg: entered allmulticast mode
[   57.446735] pimreg: entered allmulticast mode
[   57.469572] pimreg: entered allmulticast mode
[   57.494080] pimreg: entered allmulticast mode
[   57.511010] pimreg: left allmulticast mode
[   57.511361] pimreg: left allmulticast mode
[   57.511625] pimreg: left allmulticast mode
[   57.511883] pimreg: left allmulticast mode
[   57.512144] pimreg: left allmulticast mode
[   57.512455] pimreg: left allmulticast mode
[   57.522892] pimreg: entered allmulticast mode
[   57.545893] pimreg: entered allmulticast mode
[   57.576995] pimreg: entered allmulticast mode
[   57.605402] pimreg: entered allmulticast mode
[   57.633696] pimreg: entered allmulticast mode
[   57.657882] pimreg: entered allmulticast mode
[   57.685723] pimreg: entered allmulticast mode
[   57.705998] pimreg: left allmulticast mode
[   57.706342] pimreg: left allmulticast mode
[   57.706633] pimreg: left allmulticast mode
[   57.706897] pimreg: left allmulticast mode
[   57.708353] pimreg: left allmulticast mode
[   57.708679] pimreg: left allmulticast mode
[   57.708933] pimreg: left allmulticast mode
[   57.720336] pimreg: entered allmulticast mode
[   57.741725] pimreg: entered allmulticast mode
[   57.778791] pimreg: entered allmulticast mode
[   57.802252] pimreg: entered allmulticast mode
[   57.829668] pimreg: entered allmulticast mode
[   57.854215] pimreg: entered allmulticast mode
[   57.882298] pimreg: entered allmulticast mode
[   57.905558] pimreg: entered allmulticast mode
[   57.922171] pimreg: left allmulticast mode
[   57.922539] pimreg: left allmulticast mode
[   57.922811] pimreg: left allmulticast mode
[   57.923064] pimreg: left allmulticast mode
[   57.923313] pimreg: left allmulticast mode
[   57.924439] pimreg: left allmulticast mode
[   57.924759] pimreg: left allmulticast mode
[   57.925011] pimreg: left allmulticast mode
[   57.938563] pimreg: entered allmulticast mode
[   57.975176] pimreg: entered allmulticast mode
[   57.988290] pimreg: entered allmulticast mode
[   58.009527] pimreg: entered allmulticast mode
[   58.033660] pimreg: entered allmulticast mode
[   58.069597] pimreg: entered allmulticast mode
[   58.093740] pimreg: entered allmulticast mode
[   58.133840] pimreg: entered allmulticast mode
[   58.164977] pimreg: entered allmulticast mode
[   58.170385] pimreg: left allmulticast mode
[   58.170947] pimreg: left allmulticast mode
[   58.171216] pimreg: left allmulticast mode
[   58.171497] pimreg: left allmulticast mode
[   58.171756] pimreg: left allmulticast mode
[   58.172005] pimreg: left allmulticast mode
[   58.172256] pimreg: left allmulticast mode
[   58.172516] pimreg: left allmulticast mode
[   58.189419] pimreg: entered allmulticast mode
[   58.209863] pimreg: entered allmulticast mode
[   58.236253] pimreg: entered allmulticast mode
[   58.261605] pimreg: entered allmulticast mode
[   58.290977] pimreg: entered allmulticast mode
[   58.314283] pimreg: entered allmulticast mode
[   58.333954] pimreg: entered allmulticast mode
[   58.334324] pimreg: left allmulticast mode
[   58.334654] pimreg: left allmulticast mode
[   58.334908] pimreg: left allmulticast mode
[   58.335220] pimreg: left allmulticast mode
[   58.335542] pimreg: left allmulticast mode
[   58.335835] pimreg: left allmulticast mode
[   58.336124] pimreg: left allmulticast mode
[   58.350683] pimreg: entered allmulticast mode
[   58.395170] pimreg: entered allmulticast mode
[   58.422340] pimreg: entered allmulticast mode
[   58.446442] pimreg: entered allmulticast mode
[   58.461601] pimreg: entered allmulticast mode
[   58.481580] pimreg: entered allmulticast mode
[   58.506025] pimreg: entered allmulticast mode
[   58.527491] pimreg: left allmulticast mode
[   58.527781] pimreg: left allmulticast mode
[   58.528081] pimreg: left allmulticast mode
[   58.528414] pimreg: left allmulticast mode
[   58.528711] pimreg: left allmulticast mode
[   58.529902] pimreg: left allmulticast mode
[   58.530282] pimreg: left allmulticast mode
[   58.530592] pimreg: left allmulticast mode
[   58.543342] pimreg: entered allmulticast mode
[   58.574192] pimreg: entered allmulticast mode
[   58.600157] pimreg: entered allmulticast mode
[   58.618522] pimreg: entered allmulticast mode
[   58.638117] pimreg: entered allmulticast mode
[   58.658021] pimreg: entered allmulticast mode
[   58.677906] pimreg: entered allmulticast mode
[   58.702196] pimreg: entered allmulticast mode
[   58.718558] pimreg: left allmulticast mode
[   58.718856] pimreg: left allmulticast mode
[   58.719115] pimreg: left allmulticast mode
[   58.719374] pimreg: left allmulticast mode
[   58.719663] pimreg: left allmulticast mode
[   58.720295] pimreg: left allmulticast mode
[   58.720610] pimreg: left allmulticast mode
[   58.720904] pimreg: left allmulticast mode
[   58.733896] pimreg: entered allmulticast mode
[   58.759617] pimreg: entered allmulticast mode
[   58.773371] pimreg: entered allmulticast mode
[   58.802054] pimreg: entered allmulticast mode
[   58.833624] pimreg: entered allmulticast mode
[   58.865642] pimreg: entered allmulticast mode
[   58.901551] pimreg: entered allmulticast mode
[   58.925953] pimreg: entered allmulticast mode
[   58.950607] pimreg: left allmulticast mode
[   58.951102] pimreg: left allmulticast mode
[   58.952273] pimreg: left allmulticast mode
[   58.952619] pimreg: left allmulticast mode
[   58.952886] pimreg: left allmulticast mode
[   58.953147] pimreg: left allmulticast mode
[   58.953700] pimreg: left allmulticast mode
[   58.953972] pimreg: left allmulticast mode
[   58.967227] pimreg: entered allmulticast mode
[   59.010766] pimreg: entered allmulticast mode
[   59.032553] pimreg: entered allmulticast mode
[   59.054221] pimreg: entered allmulticast mode
[   59.078103] pimreg: entered allmulticast mode
[   59.101578] pimreg: entered allmulticast mode
[   59.133384] pimreg: entered allmulticast mode
[   59.157614] pimreg: entered allmulticast mode
[   59.190138] pimreg: left allmulticast mode
[   59.190510] pimreg: left allmulticast mode
[   59.190783] pimreg: left allmulticast mode
[   59.191069] pimreg: left allmulticast mode
[   59.191346] pimreg: left allmulticast mode
[   59.192873] pimreg: left allmulticast mode
[   59.193191] pimreg: left allmulticast mode
[   59.193536] pimreg: left allmulticast mode
[   59.206928] pimreg: entered allmulticast mode
[   59.242803] pimreg: entered allmulticast mode
[   59.265599] pimreg: entered allmulticast mode
[   59.294352] pimreg: entered allmulticast mode
[   59.318256] pimreg: entered allmulticast mode
[   59.357616] pimreg: entered allmulticast mode
[   59.382155] pimreg: entered allmulticast mode
[   59.422085] pimreg: entered allmulticast mode
[   59.454353] pimreg: left allmulticast mode
[   59.455083] pimreg: left allmulticast mode
[   59.455443] pimreg: left allmulticast mode
[   59.455766] pimreg: left allmulticast mode
[   59.456073] pimreg: left allmulticast mode
[   59.456379] pimreg: left allmulticast mode
[   59.456669] pimreg: left allmulticast mode
[   59.456966] pimreg: left allmulticast mode
[   59.470314] pimreg: entered allmulticast mode
[   59.502409] pimreg: entered allmulticast mode
[   59.516334] pimreg: entered allmulticast mode
[   59.534779] pimreg: entered allmulticast mode
[   59.553947] pimreg: entered allmulticast mode
[   59.578507] pimreg: entered allmulticast mode
[   59.601791] pimreg: entered allmulticast mode
[   59.621825] pimreg: entered allmulticast mode
[   59.641820] pimreg: entered allmulticast mode
[   59.642212] pimreg: left allmulticast mode
[   59.642552] pimreg: left allmulticast mode
[   59.642814] pimreg: left allmulticast mode
[   59.643072] pimreg: left allmulticast mode
[   59.643336] pimreg: left allmulticast mode
[   59.643657] pimreg: left allmulticast mode
[   59.643946] pimreg: left allmulticast mode
[   59.644264] pimreg: left allmulticast mode
[   59.662010] pimreg: entered allmulticast mode
[   59.694278] pimreg: entered allmulticast mode
[   59.719131] pimreg: entered allmulticast mode
[   59.746360] pimreg: entered allmulticast mode
[   59.765820] pimreg: entered allmulticast mode
[   59.785555] pimreg: entered allmulticast mode
[   59.805910] pimreg: entered allmulticast mode
[   59.825978] pimreg: entered allmulticast mode
[   59.845776] pimreg: entered allmulticast mode
[   59.846173] pimreg: left allmulticast mode
[   59.846505] pimreg: left allmulticast mode
[   59.846758] pimreg: left allmulticast mode
[   59.847067] pimreg: left allmulticast mode
[   59.847394] pimreg: left allmulticast mode
[   59.847706] pimreg: left allmulticast mode
[   59.847998] pimreg: left allmulticast mode
[   59.848291] pimreg: left allmulticast mode
[   59.848587] pimreg: left allmulticast mode
[   59.863451] pimreg: entered allmulticast mode
[   59.907649] pimreg: entered allmulticast mode
[   59.949200] pimreg: entered allmulticast mode
[   59.965371] pimreg: entered allmulticast mode
[   59.986158] pimreg: entered allmulticast mode
[   60.014065] pimreg: entered allmulticast mode
[   60.037208] pimreg: entered allmulticast mode
[   60.074112] pimreg: entered allmulticast mode
[   60.101811] pimreg: entered allmulticast mode
[   60.106688] pimreg: left allmulticast mode
[   60.107051] pimreg: left allmulticast mode
[   60.107334] pimreg: left allmulticast mode
[   60.107649] pimreg: left allmulticast mode
[   60.107965] pimreg: left allmulticast mode
[   60.108259] pimreg: left allmulticast mode
[   60.108577] pimreg: left allmulticast mode
[   60.108887] pimreg: left allmulticast mode
[   60.109185] pimreg: left allmulticast mode
[   60.125349] pimreg: entered allmulticast mode
[   60.154645] pimreg: entered allmulticast mode
[   60.168742] pimreg: entered allmulticast mode
[   60.190290] pimreg: entered allmulticast mode
[   60.201192] pimreg: entered allmulticast mode
[   60.225846] pimreg: entered allmulticast mode
[   60.257536] pimreg: entered allmulticast mode
[   60.282077] pimreg: entered allmulticast mode
[   60.302969] pimreg: left allmulticast mode
[   60.303318] pimreg: left allmulticast mode
[   60.303579] pimreg: left allmulticast mode
[   60.303891] pimreg: left allmulticast mode
[   60.304231] pimreg: left allmulticast mode
[   60.304535] pimreg: left allmulticast mode
[   60.304849] pimreg: left allmulticast mode
[   60.305139] pimreg: left allmulticast mode
[   60.305489] pimreg: left allmulticast mode
[   60.318949] pimreg: entered allmulticast mode
