c[?7l[2J[0mSeaBIOS (version rel-1.16.3-0-ga6ed6b701f0a-prebuilt.qemu.org)


iPXE (http://ipxe.org) 00:03.0 CA00 PCI2.10 PnP PMM+7EFD0D60+7EF30D60 CA00
Press Ctrl-B to configure iPXE (PCI 00:03.0)...                                                                               


Booting from ROM...
c[?7l[2J[    0.000000] Linux version 7.1.0-rc1-4438113be604+ (root@gnr-800442) (gcc (GCC) 11.5.0 20240719 (Red Hat 11.5.0-14), GNU ld version 2.35.2-66.el9) #1 SMP PREEMPT_DYNAMIC Wed May  6 11:30:02 CST 2026
[    0.000000] Command line: console=ttyS0 root=/dev/sda earlyprintk=serial net.ifnames=0 thunderbolt.dyndbg
[    0.000000] KERNEL supported cpus:
[    0.000000]   Intel GenuineIntel
[    0.000000]   AMD AuthenticAMD
[    0.000000]   Hygon HygonGenuine
[    0.000000]   Centaur CentaurHauls
[    0.000000]   zhaoxin   Shanghai  
[    0.000000] x86/CPU: Model not found in latest microcode list
[    0.000000] x86/split lock detection: #DB: warning on user-space bus_locks
[    0.000000] BIOS-provided physical RAM map:
[    0.000000] BIOS-e820: [mem 0x0000000000000000-0x000000000009fbff]  System RAM
[    0.000000] BIOS-e820: [mem 0x000000000009fc00-0x000000000009ffff]  device reserved
[    0.000000] BIOS-e820: [gap 0x00000000000a0000-0x00000000000effff]
[    0.000000] BIOS-e820: [mem 0x00000000000f0000-0x00000000000fffff]  device reserved
[    0.000000] BIOS-e820: [mem 0x0000000000100000-0x000000007ffdffff]  System RAM
[    0.000000] BIOS-e820: [mem 0x000000007ffe0000-0x000000007fffffff]  device reserved
[    0.000000] BIOS-e820: [gap 0x0000000080000000-0x00000000feffbfff]
[    0.000000] BIOS-e820: [mem 0x00000000feffc000-0x00000000feffffff]  device reserved
[    0.000000] BIOS-e820: [gap 0x00000000ff000000-0x00000000fffbffff]
[    0.000000] BIOS-e820: [mem 0x00000000fffc0000-0x00000000ffffffff]  device reserved
[    0.000000] printk: legacy bootconsole [earlyser0] enabled
[    0.000000] NX (Execute Disable) protection: active
[    0.000000] APIC: Static calls initialized
[    0.000000] DMI: SMBIOS 3.0.0 present.
[    0.000000] DMI: QEMU Standard PC (i440FX + PIIX, 1996), BIOS rel-1.16.3-0-ga6ed6b701f0a-prebuilt.qemu.org 04/01/2014
[    0.000000] DMI: Memory slots populated: 1/1
[    0.000000] Hypervisor detected: KVM
[    0.000000] last_pfn = 0x7ffe0 max_arch_pfn = 0x10000000000
[    0.000000] kvm-clock: Using msrs 4b564d01 and 4b564d00
[    0.000003] kvm-clock: using sched offset of 749302640 cycles
[    0.000509] clocksource: kvm-clock: mask: 0xffffffffffffffff max_cycles: 0x1cd42e4dffb, max_idle_ns: 881590591483 ns
[    0.002091] tsc: Detected 2500.000 MHz processor
[    0.010063] last_pfn = 0x7ffe0 max_arch_pfn = 0x10000000000
[    0.010616] MTRR map: 4 entries (3 fixed + 1 variable; max 19), built from 8 variable MTRRs
[    0.011458] x86/PAT: Configuration [0-7]: WB  WC  UC- UC  WB  WP  UC- WT  
[    0.016953] found SMP MP-table at [mem 0x000f5480-0x000f548f]
[    0.017530] Using GB pages for direct mapping
[    0.020040] ACPI: Early table checksum verification disabled
[    0.020564] ACPI: RSDP 0x00000000000F52A0 000014 (v00 BOCHS )
[    0.021147] ACPI: RSDT 0x000000007FFE1C9B 000034 (v01 BOCHS  BXPC     00000001 BXPC 00000001)
[    0.022004] ACPI: FACP 0x000000007FFE1B47 000074 (v01 BOCHS  BXPC     00000001 BXPC 00000001)
[    0.022862] ACPI: DSDT 0x000000007FFE0040 001B07 (v01 BOCHS  BXPC     00000001 BXPC 00000001)
[    0.023686] ACPI: FACS 0x000000007FFE0000 000040
[    0.024142] ACPI: APIC 0x000000007FFE1BBB 000080 (v03 BOCHS  BXPC     00000001 BXPC 00000001)
[    0.024982] ACPI: HPET 0x000000007FFE1C3B 000038 (v01 BOCHS  BXPC     00000001 BXPC 00000001)
[    0.025826] ACPI: WAET 0x000000007FFE1C73 000028 (v01 BOCHS  BXPC     00000001 BXPC 00000001)
[    0.026651] ACPI: Reserving FACP table memory at [mem 0x7ffe1b47-0x7ffe1bba]
[    0.027340] ACPI: Reserving DSDT table memory at [mem 0x7ffe0040-0x7ffe1b46]
[    0.028032] ACPI: Reserving FACS table memory at [mem 0x7ffe0000-0x7ffe003f]
[    0.028713] ACPI: Reserving APIC table memory at [mem 0x7ffe1bbb-0x7ffe1c3a]
[    0.029386] ACPI: Reserving HPET table memory at [mem 0x7ffe1c3b-0x7ffe1c72]
[    0.030067] ACPI: Reserving WAET table memory at [mem 0x7ffe1c73-0x7ffe1c9a]
[    0.031280] No NUMA configuration found
[    0.031659] Faking a node at [mem 0x0000000000000000-0x000000007ffdffff]
[    0.032342] NODE_DATA(0) allocated [mem 0x7ffb4bc0-0x7ffdfcbf]
[    0.107436] KernelAddressSanitizer initialized (generic)
[    0.108300] ACPI: PM-Timer IO Port: 0x608
[    0.108752] ACPI: LAPIC_NMI (acpi_id[0xff] dfl dfl lint[0x1])
[    0.109387] IOAPIC[0]: apic_id 0, version 17, address 0xfec00000, GSI 0-23
[    0.110098] ACPI: INT_SRC_OVR (bus 0 bus_irq 0 global_irq 2 dfl dfl)
[    0.110728] ACPI: INT_SRC_OVR (bus 0 bus_irq 5 global_irq 5 high level)
[    0.111377] ACPI: INT_SRC_OVR (bus 0 bus_irq 9 global_irq 9 high level)
[    0.112054] ACPI: INT_SRC_OVR (bus 0 bus_irq 10 global_irq 10 high level)
[    0.112736] ACPI: INT_SRC_OVR (bus 0 bus_irq 11 global_irq 11 high level)
[    0.113401] ACPI: Using ACPI (MADT) for SMP configuration information
[    0.114046] ACPI: HPET id: 0x8086a201 base: 0xfed00000
[    0.114556] TSC deadline timer available
[    0.114934] CPU topo: Max. logical packages:   1
[    0.115383] CPU topo: Max. logical nodes:      1
[    0.115846] CPU topo: Num. nodes per package:  1
[    0.116295] CPU topo: Max. logical dies:       1
[    0.116747] CPU topo: Max. dies per package:   1
[    0.117206] CPU topo: Max. threads per core:   1
[    0.117649] CPU topo: Num. cores per package:     2
[    0.118113] CPU topo: Num. threads per package:   2
[    0.118595] CPU topo: Allowing 2 present CPUs plus 0 hotplug CPUs
[    0.119233] kvm-guest: APIC: eoi() replaced with kvm_guest_apic_eoi_write()
[    0.119938] kvm-guest: KVM setup pv remote TLB flush
[    0.120403] kvm-guest: setup PV sched yield
[    0.120854] PM: hibernation: Registered nosave memory: [mem 0x00000000-0x00000fff]
[    0.121579] PM: hibernation: Registered nosave memory: [mem 0x0009f000-0x000fffff]
[    0.122297] [gap 0x80000000-0xfeffbfff] available for PCI devices
[    0.122886] Booting paravirtualized kernel on KVM
[    0.123342] clocksource: refined-jiffies: mask: 0xffffffff max_cycles: 0xffffffff, max_idle_ns: 7645519600211568 ns
[    0.124943] Zone ranges:
[    0.125238]   DMA      [mem 0x0000000000001000-0x0000000000ffffff]
[    0.125849]   DMA32    [mem 0x0000000001000000-0x000000007ffdffff]
[    0.126464]   Normal   empty
[    0.126752]   Device   empty
[    0.127030] Movable zone start for each node
[    0.127462] Early memory node ranges
[    0.127801]   node   0: [mem 0x0000000000001000-0x000000000009efff]
[    0.128412]   node   0: [mem 0x0000000000100000-0x000000007ffdffff]
[    0.129006] Initmem setup node 0 [mem 0x0000000000001000-0x000000007ffdffff]
[    0.130017] On node 0, zone DMA: 1 pages in unavailable ranges
[    0.130865] On node 0, zone DMA: 97 pages in unavailable ranges
[    0.159933] On node 0, zone DMA32: 32 pages in unavailable ranges
[    0.160576] setup_percpu: NR_CPUS:8192 nr_cpumask_bits:2 nr_cpu_ids:2 nr_node_ids:1
[    0.161962] percpu: Embedded 81 pages/cpu s294912 r8192 d28672 u1048576
[    0.162877] kvm-guest: PV spinlocks enabled
[    0.163314] PV qspinlock hash table entries: 256 (order: 0, 4096 bytes, linear)
[    0.164061] Kernel command line: net.ifnames=0 console=ttyS0 root=/dev/sda earlyprintk=serial net.ifnames=0 thunderbolt.dyndbg
[    0.165506] random: crng init done
[    0.165850] printk: log buffer data + meta data: 262144 + 1114112 = 1376256 bytes
[    0.167117] Dentry cache hash table entries: 262144 (order: 9, 2097152 bytes, linear)
[    0.168399] Inode-cache hash table entries: 131072 (order: 8, 1048576 bytes, linear)
[    0.169487] Fallback order for Node 0: 0 
[    0.169500] Built 1 zonelists, mobility grouping on.  Total pages: 524158
[    0.170510] Policy zone: DMA32
[    0.170799] mem auto-init: stack:off, heap alloc:off, heap free:off
[    0.171361] stackdepot: allocating hash table via alloc_large_system_hash
[    0.171998] stackdepot hash table entries: 1048576 (order: 12, 16777216 bytes, linear)
[    0.176926] stackdepot: allocating space for 8192 stack pools via memblock
[    0.227205] SLUB: HWalign=64, Order=0-3, MinObjects=0, CPUs=2, Nodes=1
[    0.227796] kmemleak: Kernel memory leak detector disabled
[    0.266881] ftrace: allocating 76248 entries in 300 pages
[    0.267397] ftrace: allocated 300 pages with 4 groups
[    0.270763] Dynamic Preempt: lazy
[    0.271626] Running RCU self tests
[    0.271930] Running RCU synchronous self tests
[    0.272322] rcu: Preemptible hierarchical RCU implementation.
[    0.272827] rcu: 	RCU lockdep checking is enabled.
[    0.273249] rcu: 	RCU restricting CPUs from NR_CPUS=8192 to nr_cpu_ids=2.
[    0.273849] 	Trampoline variant of Tasks RCU enabled.
[    0.274295] 	Rude variant of Tasks RCU enabled.
[    0.274702] 	Tracing variant of Tasks RCU enabled.
[    0.275125] rcu: RCU calculated value of scheduler-enlistment delay is 25 jiffies.
[    0.275793] rcu: Adjusting geometry for rcu_fanout_leaf=16, nr_cpu_ids=2
[    0.276468] Running RCU synchronous self tests
[    0.276871] RCU Tasks: Setting shift to 1 and lim to 1 rcu_task_cb_adjust=1 rcu_task_cpu_ids=2.
[    0.277651] RCU Tasks Rude: Setting shift to 1 and lim to 1 rcu_task_cb_adjust=1 rcu_task_cpu_ids=2.
[    0.350656] NR_IRQS: 524544, nr_irqs: 440, preallocated irqs: 16
[    0.351924] rcu: srcu_init: Setting srcu_struct sizes based on contention.
[    0.360807] Console: colour VGA+ 80x25
[    0.361213] printk: legacy console [ttyS0] enabled
[    0.361213] printk: legacy console [ttyS0] enabled
[    0.362141] printk: legacy bootconsole [earlyser0] disabled
[    0.362141] printk: legacy bootconsole [earlyser0] disabled
[    0.363236] Lock dependency validator: Copyright (c) 2006 Red Hat, Inc., Ingo Molnar
[    0.363985] ... MAX_LOCKDEP_SUBCLASSES:  8
[    0.364392] ... MAX_LOCK_DEPTH:          48
[    0.364812] ... MAX_LOCKDEP_KEYS:        8192
[    0.365238] ... CLASSHASH_SIZE:          4096
[    0.365672] ... MAX_LOCKDEP_ENTRIES:     32768
[    0.366112] ... MAX_LOCKDEP_CHAINS:      65536
[    0.366563] ... CHAINHASH_SIZE:          32768
[    0.366991]  memory used by lock dependency info: 6429 kB
[    0.367511]  memory used for stack traces: 16896 kB
[    0.367982]  per task-struct memory footprint: 1920 bytes
[    0.368614] ACPI: Core revision 20251212
[    0.369507] clocksource: hpet: mask: 0xffffffff max_cycles: 0xffffffff, max_idle_ns: 19112604467 ns
[    0.370583] APIC: Switch to symmetric I/O mode setup
[    0.371488] x2apic enabled
[    0.372175] APIC: Switched APIC routing to: physical x2apic
[    0.372719] kvm-guest: APIC: send_IPI_mask() replaced with kvm_send_ipi_mask()
[    0.373423] kvm-guest: APIC: send_IPI_mask_allbutself() replaced with kvm_send_ipi_mask_allbutself()
[    0.374288] kvm-guest: setup PV IPIs
[    0.375967] ..TIMER: vector=0x30 apic1=0 pin1=2 apic2=-1 pin2=-1
[    0.376572] clocksource: tsc-early: mask: 0xffffffffffffffff max_cycles: 0x240939f1bb2, max_idle_ns: 440795263295 ns
[    0.377577] Calibrating delay loop (skipped) preset value.. 5000.00 BogoMIPS (lpj=10000000)
[    0.378538] x86/cpu: User Mode Instruction Prevention (UMIP) activated
[    0.381709] Last level iTLB entries: 4KB 0, 2MB 0, 4MB 0
[    0.382225] Last level dTLB entries: 4KB 0, 2MB 0, 4MB 0, 1GB 0
[    0.382825] mitigations: Enabled attack vectors: user_kernel, user_user, guest_host, guest_guest, SMT mitigations: auto
[    0.383874] Speculative Store Bypass: Mitigation: Speculative Store Bypass disabled via prctl
[    0.384688] Spectre V2 : Mitigation: Enhanced / Automatic IBRS
[    0.385575] ITS: Mitigation: Aligned branch/return thunks
[    0.386115] Spectre V1 : Mitigation: usercopy/swapgs barriers and __user pointer sanitization
[    0.386919] Spectre V2 : WARNING: Unprivileged eBPF is enabled with eIBRS on, data leaks possible via Spectre v2 BHB attacks!
[    0.387987] Spectre V2 : Spectre v2 / PBRSB-eIBRS: Retire a single CALL on VMEXIT
[    0.388675] Spectre V2 : mitigation: Enabling conditional Indirect Branch Prediction Barrier
[    0.389579] active return thunk: its_return_thunk
[    0.390078] Spectre V2 : Spectre BHI mitigation: SW BHB clearing on syscall and VM exit
[    0.390868] x86/fpu: Supporting XSAVE feature 0x001: 'x87 floating point registers'
[    0.391567] x86/fpu: Supporting XSAVE feature 0x002: 'SSE registers'
[    0.392147] x86/fpu: Supporting XSAVE feature 0x004: 'AVX registers'
[    0.392729] x86/fpu: Supporting XSAVE feature 0x020: 'AVX-512 opmask'
[    0.393573] x86/fpu: Supporting XSAVE feature 0x040: 'AVX-512 Hi256'
[    0.394162] x86/fpu: Supporting XSAVE feature 0x080: 'AVX-512 ZMM_Hi256'
[    0.394767] x86/fpu: Supporting XSAVE feature 0x200: 'Protection Keys User registers'
[    0.395479] x86/fpu: Supporting XSAVE feature 0x20000: 'AMX Tile config'
[    0.396098] x86/fpu: Supporting XSAVE feature 0x40000: 'AMX Tile data'
[    0.396701] x86/fpu: xstate_offset[2]:  576, xstate_sizes[2]:  256
[    0.397576] x86/fpu: xstate_offset[5]:  832, xstate_sizes[5]:   64
[    0.398231] x86/fpu: xstate_offset[6]:  896, xstate_sizes[6]:  512
[    0.398831] x86/fpu: xstate_offset[7]: 1408, xstate_sizes[7]: 1024
[    0.399443] x86/fpu: xstate_offset[9]: 2432, xstate_sizes[9]:    8
[    0.400049] x86/fpu: xstate_offset[17]: 2496, xstate_sizes[17]:   64
[    0.400662] x86/fpu: xstate_offset[18]: 2560, xstate_sizes[18]: 8192
[    0.401573] x86/fpu: Enabled xstate features 0x602e7, context size is 10752 bytes, using 'compacted' format.
[    0.575883] pid_max: default: 32768 minimum: 301
[    0.577175] Yama: becoming mindful.
[    0.578225] Mount-cache hash table entries: 4096 (order: 3, 32768 bytes, linear)
[    0.579045] Mountpoint-cache hash table entries: 4096 (order: 3, 32768 bytes, linear)
[    0.580964] VFS: Finished mounting rootfs on nullfs
[    0.583280] Running RCU synchronous self tests
[    0.583800] Running RCU synchronous self tests
[    0.584838] smpboot: CPU0: Intel GENUINE INTEL(R) XEON(R) (family: 0x6, model: 0xad, stepping: 0x0)
[    0.585561] Performance Events: PEBS fmt0-, Granite Rapids events, 
[    0.585561] core: The event 0x400 is not supported as a normal event.
[    0.585561] core: The event 0x8000 is not supported as a normal event.
[    0.585588] core: The event 0x8100 is not supported as a normal event.
[    0.586230] core: The event 0x8200 is not supported as a normal event.
[    0.586894] core: The event 0x8300 is not supported as a normal event.
[    0.587559] core: The event 0x8400 is not supported as a normal event.
[    0.588197] core: The event 0x8500 is not supported as a normal event.
[    0.588859] core: The event 0x8600 is not supported as a normal event.
[    0.589498] core: The event 0x8700 is not supported as a normal event.
[    0.589604] full-width counters, Intel PMU driver.
[    0.590166] ... version:                   2
[    0.590616] ... bit width:                 48
[    0.591075] ... generic counters:          8
[    0.591548] ... generic bitmap:            00000000000000ff
[    0.592123] ... fixed-purpose counters:    3
[    0.592590] ... fixed-purpose bitmap:      0000000000000007
[    0.593138] ... value mask:                0000ffffffffffff
[    0.593572] ... max period:                00007fffffffffff
[    0.594120] ... global_ctrl mask:          00000007000000ff
[    0.596285] signal: max sigframe size: 11952
[    0.597104] rcu: Hierarchical SRCU implementation.
[    0.597578] rcu: 	Max phase no-delay instances is 1000.
[    0.598393] Timer migration: 1 hierarchy levels; 8 children per group; 1 crossnode level
[    0.627812] smp: Bringing up secondary CPUs ...
[    0.629119] smpboot: x86: Booting SMP configuration:
[    0.629636] .... node  #0, CPUs:      #1
[    0.630045] smp: Brought up 1 node, 2 CPUs
[    0.630741] smpboot: Total of 2 processors activated (10000.00 BogoMIPS)
[    0.634429] Memory: 1574872K/2096632K available (81902K kernel code, 15886K rwdata, 19560K rodata, 16684K init, 34600K bss, 509384K reserved, 0K cma-reserved)
[    0.638112] devtmpfs: initialized
[    0.638955] x86/mm: Memory block size: 128MB
[    0.655474] Running RCU synchronous self tests
[    0.655474] Running RCU synchronous self tests
[    0.657695] Running RCU Tasks wait API self tests
[    0.658150] Running RCU Tasks Rude wait API self tests
[    0.658150] Running RCU Tasks Trace wait API self tests
[    0.661659] clocksource: jiffies: mask: 0xffffffff max_cycles: 0xffffffff, max_idle_ns: 7645041785100000 ns
[    0.662749] posixtimers hash table entries: 1024 (order: 5, 73728 bytes, linear)
[    0.663524] futex hash table entries: 512 (65536 bytes on 1 NUMA nodes, total 64 KiB, linear).
[    0.667162] 
[    0.667367] *************************************************************
[    0.668058] **     NOTICE NOTICE NOTICE NOTICE NOTICE NOTICE NOTICE    **
[    0.668820] **                                                         **
[    0.669516] **  IOMMU DebugFS SUPPORT HAS BEEN ENABLED IN THIS KERNEL  **
[    0.669626] **                                                         **
[    0.670333] ** This means that this kernel is built to expose internal **
[    0.671065] ** IOMMU data structures, which may compromise security on **
[    0.671789] ** your system.                                            **
[    0.672480] **                                                         **
[    0.673143] ** If you see this message and you are not debugging the   **
[    0.673595] ** kernel, report this immediately to your vendor!         **
[    0.674300] **                                                         **
[    0.674985] **     NOTICE NOTICE NOTICE NOTICE NOTICE NOTICE NOTICE    **
[    0.675755] *************************************************************
[    0.676569] PM: RTC time: 03:31:27, date: 2026-05-06
[    0.680104] NET: Registered PF_NETLINK/PF_ROUTE protocol family
[    0.682714] DMA: preallocated 256 KiB GFP_KERNEL|GFP_DMA pool for atomic allocations
[    0.683486] DMA: preallocated 256 KiB GFP_KERNEL|GFP_DMA32 pool for atomic allocations
[    0.684551] audit: initializing netlink subsys (disabled)
[    0.685647] Callback from call_rcu_tasks_trace() invoked.
[    0.686374] audit: type=2000 audit(1778038287.926:1): state=initialized audit_enabled=0 res=1
[    0.687587] thermal_sys: Registered thermal governor 'fair_share'
[    0.687600] thermal_sys: Registered thermal governor 'bang_bang'
[    0.688196] thermal_sys: Registered thermal governor 'step_wise'
[    0.688753] thermal_sys: Registered thermal governor 'user_space'
[    0.689599] cpuidle: using governor ladder
[    0.689968] cpuidle: using governor menu
[    0.690430] Freeing SMP alternatives memory: 64K
[    0.691240] acpiphp: ACPI Hot Plug PCI Controller Driver version: 0.5
[    0.694049] PCI: Using configuration type 1 for base access
[    0.694784] virt/tdx: TDX not supported by the host platform
[    0.695506] kprobes: kprobe jump-optimization is enabled. All kprobes are optimized if possible.
[    0.705739] HugeTLB: registered 1.00 GiB page size, pre-allocated 0 pages
[    0.706393] HugeTLB: 16380 KiB vmemmap can be freed for a 1.00 GiB page
[    0.707020] HugeTLB: registered 2.00 MiB page size, pre-allocated 0 pages
[    0.707671] HugeTLB: 28 KiB vmemmap can be freed for a 2.00 MiB page
[    0.752282] ACPI: Added _OSI(Module Device)
[    0.752721] ACPI: Added _OSI(Processor Device)
[    0.753171] ACPI: Added _OSI(Processor Aggregator Device)
[    0.800136] ACPI: 1 ACPI AML tables successfully acquired and loaded
[    0.841145] ACPI: \_SB_: platform _OSC: OS support mask [002e7eff]
[    0.844842] ACPI: Interpreter enabled
[    0.845483] ACPI: PM: (supports S0 S3 S4 S5)
[    0.845576] ACPI: Using IOAPIC for interrupt routing
[    0.846300] PCI: Using host bridge windows from ACPI; if necessary, use "pci=nocrs" and report a bug
[    0.847289] PCI: Using E820 reservations for host bridge windows
[    0.849468] ACPI: Enabled 2 GPEs in block 00 to 0F
[    0.899893] ACPI: PCI Root Bridge [PCI0] (domain 0000 [bus 00-ff])
[    0.900734] acpi PNP0A03:00: _OSC: OS supports [ASPM ClockPM Segments MSI EDR HPX-Type3]
[    0.901579] acpi PNP0A03:00: _OSC: not requesting OS control; OS requires [ExtendedConfig ASPM ClockPM MSI]
[    0.902621] acpi PNP0A03:00: _OSC: platform retains control of PCIe features (AE_ERROR)
[    0.903569] acpi PNP0A03:00: fail to add MMCONFIG information, can't access extended configuration space under this bridge
[    0.910970] acpiphp: Slot [3] registered
[    0.911564] acpiphp: Slot [4] registered
[    0.912160] acpiphp: Slot [5] registered
[    0.912708] acpiphp: Slot [6] registered
[    0.913285] acpiphp: Slot [7] registered
[    0.913765] acpiphp: Slot [8] registered
[    0.914325] acpiphp: Slot [9] registered
[    0.914907] acpiphp: Slot [10] registered
[    0.915465] acpiphp: Slot [11] registered
[    0.916032] acpiphp: Slot [12] registered
[    0.916592] acpiphp: Slot [13] registered
[    0.917164] acpiphp: Slot [14] registered
[    0.917725] acpiphp: Slot [15] registered
[    0.918292] acpiphp: Slot [16] registered
[    0.918852] acpiphp: Slot [17] registered
[    0.919413] acpiphp: Slot [18] registered
[    0.919980] acpiphp: Slot [19] registered
[    0.920546] acpiphp: Slot [20] registered
[    0.921177] acpiphp: Slot [21] registered
[    0.921735] acpiphp: Slot [22] registered
[    0.922297] acpiphp: Slot [23] registered
[    0.922885] acpiphp: Slot [24] registered
[    0.923530] acpiphp: Slot [25] registered
[    0.924176] acpiphp: Slot [26] registered
[    0.924781] acpiphp: Slot [27] registered
[    0.925429] acpiphp: Slot [28] registered
[    0.925728] acpiphp: Slot [29] registered
[    0.926319] acpiphp: Slot [30] registered
[    0.926934] acpiphp: Slot [31] registered
[    0.927418] PCI host bridge to bus 0000:00
[    0.927901] pci_bus 0000:00: root bus resource [io  0x0000-0x0cf7 window]
[    0.928580] pci_bus 0000:00: root bus resource [io  0x0d00-0xffff window]
[    0.929264] pci_bus 0000:00: root bus resource [mem 0x000a0000-0x000bffff window]
[    0.929571] pci_bus 0000:00: root bus resource [mem 0x80000000-0xfebfffff window]
[    0.930326] pci_bus 0000:00: root bus resource [mem 0x100000000-0x17fffffff window]
[    0.931144] pci_bus 0000:00: root bus resource [bus 00-ff]
[    0.931873] pci 0000:00:00.0: [8086:1237] type 00 class 0x060000 conventional PCI endpoint
[    0.934827] pci 0000:00:01.0: [8086:7000] type 00 class 0x060100 conventional PCI endpoint
[    0.937239] pci 0000:00:01.1: [8086:7010] type 00 class 0x010180 conventional PCI endpoint
[    0.938275] pci 0000:00:01.1: BAR 4 [io  0xc040-0xc04f]
[    0.938848] pci 0000:00:01.1: BAR 0 [io  0x01f0-0x01f7]: legacy IDE quirk
[    0.939517] pci 0000:00:01.1: BAR 1 [io  0x03f6]: legacy IDE quirk
[    0.940124] pci 0000:00:01.1: BAR 2 [io  0x0170-0x0177]: legacy IDE quirk
[    0.940844] pci 0000:00:01.1: BAR 3 [io  0x0376]: legacy IDE quirk
[    0.942969] pci 0000:00:01.3: [8086:7113] type 00 class 0x068000 conventional PCI endpoint
[    0.944170] pci 0000:00:01.3: quirk: [io  0x0600-0x063f] claimed by PIIX4 ACPI
[    0.944977] pci 0000:00:01.3: quirk: [io  0x0700-0x070f] claimed by PIIX4 SMB
[    0.946756] pci 0000:00:02.0: [1234:1111] type 00 class 0x030000 conventional PCI endpoint
[    0.953593] pci 0000:00:02.0: BAR 0 [mem 0xfd000000-0xfdffffff pref]
[    0.954240] pci 0000:00:02.0: BAR 2 [mem 0xfebf0000-0xfebf0fff]
[    0.954865] pci 0000:00:02.0: ROM [mem 0xfebe0000-0xfebeffff pref]
[    0.955625] pci 0000:00:02.0: Video device with shadowed ROM at [mem 0x000c0000-0x000dffff]
[    0.957812] pci 0000:00:03.0: [8086:100e] type 00 class 0x020000 conventional PCI endpoint
[    0.962208] pci 0000:00:03.0: BAR 0 [mem 0xfebc0000-0xfebdffff]
[    0.962810] pci 0000:00:03.0: BAR 1 [io  0xc000-0xc03f]
[    0.963371] pci 0000:00:03.0: ROM [mem 0xfeb80000-0xfebbffff pref]
[    0.992595] ACPI: PCI: Interrupt link LNKA configured for IRQ 10
[    0.994494] ACPI: PCI: Interrupt link LNKB configured for IRQ 10
[    0.996176] ACPI: PCI: Interrupt link LNKC configured for IRQ 11
[    0.997854] ACPI: PCI: Interrupt link LNKD configured for IRQ 11
[    0.998909] ACPI: PCI: Interrupt link LNKS configured for IRQ 9
[    1.004036] iommu: Default domain type: Translated
[    1.004527] iommu: DMA domain TLB invalidation policy: lazy mode
[    1.008776] SCSI subsystem initialized
[    1.014176] ACPI: bus type USB registered
[    1.014905] usbcore: registered new interface driver usbfs
[    1.015584] usbcore: registered new interface driver hub
[    1.016192] usbcore: registered new device driver usb
[    1.017155] pps_core: LinuxPPS API ver. 1 registered
[    1.017571] pps_core: Software ver. 5.3.6 - Copyright 2005-2007 Rodolfo Giometti <giometti@linux.it>
[    1.018502] PTP clock support registered
[    1.021731] EDAC MC: Ver: 3.0.0
[    1.028760] NetLabel: Initializing
[    1.029118] NetLabel:  domain hash size = 128
[    1.029561] NetLabel:  protocols = UNLABELED CIPSOv4 CALIPSO
[    1.030308] NetLabel:  unlabeled traffic allowed by default
[    1.033578] PCI: Using ACPI for IRQ routing
[    1.033578] e820: register RAM buffer resource [mem 0x0009fc00-0x0009ffff]
[    1.033578] e820: register RAM buffer resource [mem 0x7ffe0000-0x7fffffff]
[    1.033578] pci 0000:00:02.0: vgaarb: setting as boot VGA device
[    1.033578] pci 0000:00:02.0: vgaarb: bridge control possible
[    1.033578] pci 0000:00:02.0: vgaarb: VGA device added: decodes=io+mem,owns=io+mem,locks=none
[    1.037578] vgaarb: loaded
[    1.038509] hpet0: at MMIO 0xfed00000, IRQs 2, 8, 0
[    1.038993] hpet0: 3 comparators, 64-bit 100.000000 MHz counter
[    1.043997] clocksource: Switched to clocksource kvm-clock
[    1.044859] VFS: Disk quotas dquot_6.6.0
[    1.045312] VFS: Dquot-cache hash table entries: 512 (order 0, 4096 bytes)
[    1.050287] pnp: PnP ACPI init
[    1.055243] pnp: PnP ACPI: found 5 devices
[    1.077831] clocksource: acpi_pm: mask: 0xffffff max_cycles: 0xffffff, max_idle_ns: 2085701024 ns
[    1.079310] NET: Registered PF_INET protocol family
[    1.080017] IP idents hash table entries: 32768 (order: 6, 262144 bytes, linear)
[    1.082637] tcp_listen_portaddr_hash hash table entries: 1024 (order: 5, 73728 bytes, linear)
[    1.083526] Table-perturb hash table entries: 65536 (order: 6, 262144 bytes, linear)
[    1.084382] TCP established hash table entries: 16384 (order: 5, 131072 bytes, linear)
[    1.085576] TCP bind hash table entries: 16384 (order: 10, 2359296 bytes, linear)
[    1.087600] TCP: Hash tables configured (established 16384 bind 16384)
[    1.088797] UDP hash table entries: 1024 (order: 6, 262144 bytes, linear)
[    1.089966] NET: Registered PF_UNIX/PF_LOCAL protocol family
[    1.092788] RPC: Registered named UNIX socket transport module.
[    1.093488] RPC: Registered udp transport module.
[    1.093987] RPC: Registered tcp transport module.
[    1.094443] RPC: Registered tcp-with-tls transport module.
[    1.094986] RPC: Registered tcp NFSv4.1 backchannel transport module.
[    1.095623] pci_bus 0000:00: resource 4 [io  0x0000-0x0cf7 window]
[    1.096223] pci_bus 0000:00: resource 5 [io  0x0d00-0xffff window]
[    1.096827] pci_bus 0000:00: resource 6 [mem 0x000a0000-0x000bffff window]
[    1.097492] pci_bus 0000:00: resource 7 [mem 0x80000000-0xfebfffff window]
[    1.098157] pci_bus 0000:00: resource 8 [mem 0x100000000-0x17fffffff window]
[    1.099247] pci 0000:00:01.0: PIIX3: Enabling Passive Release
[    1.099833] pci 0000:00:00.0: Limiting direct PCI/PCI transfers
[    1.100495] PCI: CLS 0 bytes, default 64
[    1.101406] ACPI: bus type thunderbolt registered
[    1.102300] clocksource: tsc: mask: 0xffffffffffffffff max_cycles: 0x240939f1bb2, max_idle_ns: 440795263295 ns
[    1.117329] Initialise system trusted keyrings
[    1.118040] Key type blacklist registered
[    1.119265] workingset: timestamp_bits=36 (anon: 32) max_order=19 bucket_order=0 (anon: 0)
[    1.122569] squashfs: version 4.0 (2009/01/31) Phillip Lougher
[    1.126041] NFS: Registering the id_resolver key type
[    1.126609] Key type id_resolver registered
[    1.127040] Key type id_legacy registered
[    1.127503] nfs4filelayout_init: NFSv4 File Layout Driver Registering...
[    1.128218] nfs4flexfilelayout_init: NFSv4 Flexfile Layout Driver Registering...
[    1.129360] fuse: init (API version 7.45)
[    1.130443] SGI XFS with ACLs, security attributes, realtime, quota, no debug enabled
[    1.133370] 9p: Installing v9fs 9p2000 file system support
[    1.147274] Key type asymmetric registered
[    1.147675] Asymmetric key parser 'x509' registered
[    1.148372] Block layer SCSI generic (bsg) driver version 0.4 loaded (major 241)
[    1.150753] io scheduler mq-deadline registered
[    1.151469] io scheduler bfq registered
[    1.153028] ledtrig-cpu: registered to indicate activity on CPUs
[    1.155344] IPMI message handler: version 39.2
[    1.155896] ipmi device interface
[    1.158999] input: Power Button as /devices/platform/LNXPWRBN:00/input/input0
[    1.160153] ACPI: button: Power Button [PWRF]
[    1.163805] ERST DBG: ERST support is disabled.
[    1.165956] Serial: 8250/16550 driver, 32 ports, IRQ sharing enabled
[    1.168413] 00:04: ttyS0 at I/O 0x3f8 (irq = 4, base_baud = 115200) is a 16550A
[    1.209131] ACPI: bus type drm_connector registered
[    1.236421] brd: module loaded
[    1.253092] loop: module loaded
[    1.266711] scsi host0: ata_piix
[    1.268277] scsi host1: ata_piix
[    1.269156] ata1: PATA max MWDMA2 cmd 0x1f0 ctl 0x3f6 bmdma 0xc040 irq 14 lpm-pol 0
[    1.269921] ata2: PATA max MWDMA2 cmd 0x170 ctl 0x376 bmdma 0xc048 irq 15 lpm-pol 0
[    1.274781] tun: Universal TUN/TAP device driver, 1.6
[    1.275669] e100: Intel(R) PRO/100 Network Driver
[    1.276151] e100: Copyright(c) 1999-2006 Intel Corporation
[    1.276847] e1000: Intel(R) PRO/1000 Network Driver
[    1.277344] e1000: Copyright (c) 1999-2006 Intel Corporation.
[    1.430533] ata1: found unknown device (class 0)
[    1.431662] ata2: found unknown device (class 0)
[    1.433541] ata1.00: Model 'QEMU HARDDISK', rev '2.5+', applying quirks: bridgeok
[    1.434297] ata1.00: ATA-7: QEMU HARDDISK, 2.5+, max UDMA/100
[    1.434875] ata1.00: 17196647 sectors, multi 16: LBA48 
[    1.438572] ata2.00: ATAPI: QEMU DVD-ROM, 2.5+, max UDMA/100
[    1.450081] scsi 0:0:0:0: Direct-Access     ATA      QEMU HARDDISK    2.5+ PQ: 0 ANSI: 5
[    1.454758] sd 0:0:0:0: [sda] 17196647 512-byte logical blocks: (8.80 GB/8.20 GiB)
[    1.455701] sd 0:0:0:0: Attached scsi generic sg0 type 0
[    1.458160] sd 0:0:0:0: [sda] Write Protect is off
[    1.459436] sd 0:0:0:0: [sda] Write cache: enabled, read cache: enabled, doesn't support DPO or FUA
[    1.460432] scsi 1:0:0:0: CD-ROM            QEMU     QEMU DVD-ROM     2.5+ PQ: 0 ANSI: 5
[    1.463076] sd 0:0:0:0: [sda] Preferred minimum I/O size 512 bytes
[    1.509019] scsi 1:0:0:0: Attached scsi generic sg1 type 5
[    1.514514] sd 0:0:0:0: [sda] Attached SCSI disk
[    2.120872] ACPI: \_SB_.LNKC: Enabled at IRQ 11
[    2.438179] e1000 0000:00:03.0 eth0: (PCI:33MHz:32-bit) 52:54:00:12:34:56
[    2.438963] e1000 0000:00:03.0 eth0: Intel(R) PRO/1000 Network Connection
[    2.439880] e1000e: Intel(R) PRO/1000 Network Driver
[    2.440378] e1000e: Copyright(c) 1999 - 2015 Intel Corporation.
[    2.441152] igb: Intel(R) Gigabit Ethernet Network Driver
[    2.441683] igb: Copyright (c) 2007-2014 Intel Corporation.
[    2.442670] PPP generic driver version 2.4.2
[    2.444048] VFIO - User Level meta-driver version: 0.3
[    2.446778] usbcore: registered new interface driver uas
[    2.447514] usbcore: registered new interface driver usb-storage
[    2.448424] i8042: PNP: PS/2 Controller [PNP0303:KBD,PNP0f13:MOU] at 0x60,0x64 irq 1,12
[    2.450643] serio: i8042 KBD port at 0x60,0x64 irq 1
[    2.451301] serio: i8042 AUX port at 0x60,0x64 irq 12
[    2.453290] mousedev: PS/2 mouse device common for all mice
[    2.455607] input: AT Translated Set 2 keyboard as /devices/platform/i8042/serio0/input/input1
[    2.457494] rtc_cmos PNP0B00:00: RTC can wake from S4
[    2.460489] rtc_cmos PNP0B00:00: registered as rtc0
[    2.461638] input: VirtualPS/2 VMware VMMouse as /devices/platform/i8042/serio1/input/input4
[    2.463265] rtc_cmos PNP0B00:00: setting system clock to 2026-05-06T03:31:29 UTC (1778038289)
[    2.464473] rtc_cmos PNP0B00:00: alarms up to one day, y3k, 242 bytes nvram, hpet irqs
[    2.465409] i2c_dev: i2c /dev entries driver
[    2.466390] device-mapper: core: CONFIG_IMA_DISABLE_HTABLE is disabled. Duplicate IMA measurements will not be recorded in the IMA log.
[    2.467691] device-mapper: uevent: version 1.0.3
[    2.468684] device-mapper: ioctl: 4.50.0-ioctl (2025-04-28) initialised: dm-devel@lists.linux.dev
[    2.469963] input: VirtualPS/2 VMware VMMouse as /devices/platform/i8042/serio1/input/input3
[    2.471365] intel_pstate: CPU model not supported
[    2.473216] drop_monitor: Initializing network drop monitor service
[    2.474249] NET: Registered PF_INET6 protocol family
[    2.477561] Segment Routing with IPv6
[    2.478027] In-situ OAM (IOAM) with IPv6
[    2.478506] NET: Registered PF_PACKET protocol family
[    2.479199] 9pnet: Installing 9P2000 support
[    2.479736] Key type dns_resolver registered
[    2.482842] IPI shorthand broadcast: enabled
[    2.553804] sched_clock: Marking stable (2536007182, 16945918)->(2577559651, -24606551)
[    2.555688] registered taskstats version 1
[    2.557828] Loading compiled-in X.509 certificates
[    2.647820] Demotion targets for Node 0: null
[    2.649786] Key type .fscrypt registered
[    2.650213] Key type fscrypt-provisioning registered
[    2.656212] Key type encrypted registered
[    2.656699] ima: No TPM chip found, activating TPM-bypass!
[    2.657313] ima: Allocated hash algorithm: sha1
[    2.657871] ima: No architecture policies found
[    2.658531] evm: Initialising EVM extended attributes:
[    2.659056] evm: security.selinux
[    2.659408] evm: security.SMACK64
[    2.659741] evm: security.SMACK64EXEC
[    2.660112] evm: security.SMACK64TRANSMUTE
[    2.660529] evm: security.SMACK64MMAP
[    2.660906] evm: security.apparmor
[    2.661280] evm: security.ima
[    2.661578] evm: security.capability
[    2.661940] evm: HMAC attrs: 0x1
[    2.664926] PM:   Magic number: 10:237:512
[    2.666401] RAS: Correctable Errors collector initialized.
[    3.835365] clk: Disabling unused clocks
[    3.835963] PM: genpd: Disabling unused power domains
[    3.837385] md: Waiting for all devices to be available before autodetect
[    3.837878] md: If you don't use raid, use raid=noautodetect
[    3.838258] md: Autodetecting RAID arrays.
[    3.838539] md: autorun ...
[    3.838733] md: ... autorun DONE.
[    3.841274] Callback from call_rcu_tasks() invoked.
[    3.851656] EXT4-fs (sda): INFO: recovery required on readonly filesystem
[    3.852198] EXT4-fs (sda): write access will be enabled during recovery
[    3.908313] EXT4-fs (sda): recovery complete
[    3.912810] EXT4-fs (sda): mounted filesystem 088740a9-c8b4-422c-999d-a804eb68a4da ro with ordered data mode. Quota mode: none.
[    3.913726] VFS: Mounted root (ext4 filesystem) readonly on device 8:0.
[    3.917052] devtmpfs: mounted
[    3.917923] VFS: Pivoted into new rootfs
[    3.937863] Freeing unused decrypted memory: 2036K
[    3.945122] Freeing unused kernel image (initmem) memory: 16684K
[    3.945645] Write protecting the kernel read-only data: 102400k
[    3.947520] Freeing unused kernel image (text/rodata gap) memory: 16K
[    3.948734] Freeing unused kernel image (rodata/data gap) memory: 920K
[    4.891166] x86/mm: Checked W+X mappings: passed, no W+X pages found.
[    4.891661] Run /sbin/init as init process
[    5.125241] systemd[1]: systemd 252-15.el9 running in system mode (+PAM +AUDIT +SELINUX -APPARMOR +IMA +SMACK +SECCOMP +GCRYPT +GNUTLS +OPENSSL +ACL +BLKID +CURL +ELFUTILS -FIDO2 +IDN2 -IDN -IPTC +KMOD +LIBCRYPTSETUP +LIBFDISK +PCRE2 -PWQUALITY +P11KIT -QRENCODE +TPM2 +BZIP2 +LZ4 +XZ +ZLIB +ZSTD -BPF_FRAMEWORK +XKBCOMMON +UTMP +SYSVINIT default-hierarchy=unified)
[    5.127311] systemd[1]: Detected virtualization kvm.
[    5.127664] systemd[1]: Detected architecture x86-64.

Welcome to [0;31mCentOS Stream 9[0m!

[    5.134459] systemd[1]: Hostname set to <test>.
[    5.348205] systemd-rc-local-generator[122]: /etc/rc.d/rc.local is not marked executable, skipping.
[    5.826871] systemd[1]: Queued start job for default target Multi-User System.
[    5.843976] systemd[1]: Created slice Virtual Machine and Container Slice.
[[0;32m  OK  [0m] Created slice [0;1;39mVirtual Machine and Container Slice[0m.
[    5.849659] systemd[1]: Created slice Slice /system/getty.
[[0;32m  OK  [0m] Created slice [0;1;39mSlice /system/getty[0m.
[    5.852980] systemd[1]: Created slice Slice /system/modprobe.
[[0;32m  OK  [0m] Created slice [0;1;39mSlice /system/modprobe[0m.
[    5.856280] systemd[1]: Created slice Slice /system/serial-getty.
[[0;32m  OK  [0m] Created slice [0;1;39mSlice /system/serial-getty[0m.
[    5.859645] systemd[1]: Created slice Slice /system/sshd-keygen.
[[0;32m  OK  [0m] Created slice [0;1;39mSlice /system/sshd-keygen[0m.
[    5.862638] systemd[1]: Created slice User and Session Slice.
[[0;32m  OK  [0m] Created slice [0;1;39mUser and Session Slice[0m.
[    5.864121] systemd[1]: Started Forward Password Requests to Wall Directory Watch.
[[0;32m  OK  [0m] Started [0;1;39mForward Password R…uests to Wall Directory Watch[0m.
[    5.866560] systemd[1]: Set up automount Arbitrary Executable File Formats File System Automount Point.
[[0;32m  OK  [0m] Set up automount [0;1;39mArbitrary…s File System Automount Point[0m.
[    5.868166] systemd[1]: Reached target Local Integrity Protected Volumes.
[[0;32m  OK  [0m] Reached target [0;1;39mLocal Integrity Protected Volumes[0m.
[    5.869724] systemd[1]: Reached target Slice Units.
[[0;32m  OK  [0m] Reached target [0;1;39mSlice Units[0m.
[    5.870686] systemd[1]: Reached target Swaps.
[[0;32m  OK  [0m] Reached target [0;1;39mSwaps[0m.
[    5.871535] systemd[1]: Reached target Local Verity Protected Volumes.
[[0;32m  OK  [0m] Reached target [0;1;39mLocal Verity Protected Volumes[0m.
[    5.873176] systemd[1]: Listening on Device-mapper event daemon FIFOs.
[[0;32m  OK  [0m] Listening on [0;1;39mDevice-mapper event daemon FIFOs[0m.
[    5.875048] systemd[1]: Listening on LVM2 poll daemon socket.
[[0;32m  OK  [0m] Listening on [0;1;39mLVM2 poll daemon socket[0m.
[    5.876342] systemd[1]: multipathd control socket was skipped because of an unmet condition check (ConditionPathExists=/etc/multipath.conf).
[    5.937834] systemd[1]: Listening on RPCbind Server Activation Socket.
[[0;32m  OK  [0m] Listening on [0;1;39mRPCbind Server Activation Socket[0m.
[    5.939525] systemd[1]: Reached target RPC Port Mapper.
[[0;32m  OK  [0m] Reached target [0;1;39mRPC Port Mapper[0m.
[    5.943280] systemd[1]: Listening on Process Core Dump Socket.
[[0;32m  OK  [0m] Listening on [0;1;39mProcess Core Dump Socket[0m.
[    5.945057] systemd[1]: Listening on initctl Compatibility Named Pipe.
[[0;32m  OK  [0m] Listening on [0;1;39minitctl Compatibility Named Pipe[0m.
[    5.947515] systemd[1]: Listening on Journal Socket (/dev/log).
[[0;32m  OK  [0m] Listening on [0;1;39mJournal Socket (/dev/log)[0m.
[    5.949979] systemd[1]: Listening on Journal Socket.
[[0;32m  OK  [0m] Listening on [0;1;39mJournal Socket[0m.
[    5.952127] systemd[1]: Listening on udev Control Socket.
[[0;32m  OK  [0m] Listening on [0;1;39mudev Control Socket[0m.
[    5.954182] systemd[1]: Listening on udev Kernel Socket.
[[0;32m  OK  [0m] Listening on [0;1;39mudev Kernel Socket[0m.
[    5.961038] systemd[1]: Mounting Huge Pages File System...
         Mounting [0;1;39mHuge Pages File System[0m...
[    5.967994] systemd[1]: Mounting POSIX Message Queue File System...
         Mounting [0;1;39mPOSIX Message Queue File System[0m...
[    5.977800] systemd[1]: Mounting Kernel Debug File System...
         Mounting [0;1;39mKernel Debug File System[0m...
[    5.987880] systemd[1]: Mounting Kernel Trace File System...
         Mounting [0;1;39mKernel Trace File System[0m...
[    5.990798] systemd[1]: Kernel Module supporting RPCSEC_GSS was skipped because of an unmet condition check (ConditionPathExists=/etc/krb5.keytab).
[    5.991872] systemd[1]: Create List of Static Device Nodes was skipped because of an unmet condition check (ConditionFileNotEmpty=/lib/modules/7.1.0-rc1-4438113be604+/modules.devname).
[    6.000038] systemd[1]: Starting Monitoring of LVM2 mirrors, snapshots etc. using dmeventd or progress polling...
         Starting [0;1;39mMonitoring of LVM…meventd or progress polling[0m...
[    6.007841] systemd[1]: Starting Load Kernel Module configfs...
         Starting [0;1;39mLoad Kernel Module configfs[0m...
[    6.022616] systemd[1]: Starting Load Kernel Module drm...
         Starting [0;1;39mLoad Kernel Module drm[0m...
[    6.033961] systemd[1]: Starting Load Kernel Module fuse...
         Starting [0;1;39mLoad Kernel Module fuse[0m...
[    6.046606] systemd[1]: Starting Read and set NIS domainname from /etc/sysconfig/network...
         Starting [0;1;39mRead and set NIS …from /etc/sysconfig/network[0m...
[    6.081940] systemd[1]: Starting Journal Service...
         Starting [0;1;39mJournal Service[0m...
[    6.096881] systemd[1]: Starting Load Kernel Modules...
         Starting [0;1;39mLoad Kernel Modules[0m...
[    6.121632] systemd[1]: Starting Generate network units from Kernel command line...
         Starting [0;1;39mGenerate network …ts from Kernel command line[0m...
[    6.142995] systemd[1]: Starting Remount Root and Kernel File Systems...
         Starting [0;1;39mRemount Root and Kernel File Systems[0m...
[    6.147338] systemd[1]: Repartition Root Disk was skipped because no trigger condition checks were met.
[    6.173794] systemd[1]: Starting Coldplug All udev Devices...
         Starting [0;1;39mColdplug All udev Devices[0m...
[    6.196807] systemd[1]: Mounted Huge Pages File System.
[[0;32m  OK  [0m] Mounted [0;1;39mHuge Pages File System[0m.
[    6.202172] systemd[1]: Mounted POSIX Message Queue File System.
[[0;32m  OK  [0m] Mounted [0;1;39mPOSIX Message Queue File System[0m.
[    6.208597] systemd[1]: Mounted Kernel Debug File System.
[[0;32m  OK  [0m] Mounted [0;1;39mKernel Debug File System[0m.
[    6.211930] systemd[1]: Mounted Kernel Trace File System.
[[0;32m  OK  [0m] Mounted [0;1;39mKernel Trace File System[0m.
[    6.218246] systemd[1]: Finished Monitoring of LVM2 mirrors, snapshots etc. using dmeventd or progress polling.
[[0;32m  OK  [0m] Finished [0;1;39mMonitoring of LVM… dmeventd or progress polling[0m.
[    6.227221] EXT4-fs (sda): re-mounted 088740a9-c8b4-422c-999d-a804eb68a4da r/w.
[    6.228757] systemd[1]: modprobe@configfs.service: Deactivated successfully.
[    6.233817] systemd[1]: Finished Load Kernel Module configfs.
[[0;32m  OK  [0m] Finished [0;1;39mLoad Kernel Module configfs[0m.
[    6.248025] systemd[1]: modprobe@drm.service: Deactivated successfully.
[    6.253429] systemd[1]: Finished Load Kernel Module drm.
[[0;32m  OK  [0m] Finished [0;1;39mLoad Kernel Module drm[0m.
[    6.255166] systemd[1]: Started Journal Service.
[[0;32m  OK  [0m] Started [0;1;39mJournal Service[0m.
[[0;32m  OK  [0m] Finished [0;1;39mLoad Kernel Module fuse[0m.
[[0;32m  OK  [0m] Finished [0;1;39mRead and set NIS …e from /etc/sysconfig/network[0m.
[[0;1;31mFAILED[0m] Failed to start [0;1;39mLoad Kernel Modules[0m.
See 'systemctl status systemd-modules-load.service' for details.
[[0;32m  OK  [0m] Finished [0;1;39mGenerate network units from Kernel command line[0m.
[[0;32m  OK  [0m] Finished [0;1;39mRemount Root and Kernel File Systems[0m.
[[0;32m  OK  [0m] Reached target [0;1;39mPreparation for Network[0m.
         Mounting [0;1;39mFUSE Control File System[0m...
         Mounting [0;1;39mKernel Configuration File System[0m...
         Starting [0;1;39mFlush Journal to Persistent Storage[0m...
         Starting [0;1;39mLoad/Save Random Seed[0m...
[    6.365982] systemd-journald[144]: Received client request to flush runtime journal.
         Starting [0;1;39mApply Kernel Variables[0m...
         Starting [0;1;39mCreate Static Device Nodes in /dev[0m...
         Starting [0;1;39mSetup Virtual Console[0m...
[[0;32m  OK  [0m] Mounted [0;1;39mFUSE Control File System[0m.
[[0;32m  OK  [0m] Mounted [0;1;39mKernel Configuration File System[0m.
[[0;32m  OK  [0m] Finished [0;1;39mFlush Journal to Persistent Storage[0m.
[[0;32m  OK  [0m] Finished [0;1;39mLoad/Save Random Seed[0m.
[[0;32m  OK  [0m] Finished [0;1;39mApply Kernel Variables[0m.
[[0;32m  OK  [0m] Finished [0;1;39mCreate Static Device Nodes in /dev[0m.
         Starting [0;1;39mRule-based Manage…for Device Events and Files[0m...
[[0;32m  OK  [0m] Started [0;1;39mRule-based Manager for Device Events and Files[0m.
         Starting [0;1;39mAuto-connect to s…E devices found during boot[0m...
[[0;32m  OK  [0m] Finished [0;1;39mAuto-connect to s…VME devices found during boot[0m.
[[0;32m  OK  [0m] Finished [0;1;39mSetup Virtual Console[0m.
[[0;32m  OK  [0m] Finished [0;1;39mColdplug All udev Devices[0m.
         Starting [0;1;39mShow Plymouth Boot Screen[0m...
         Starting [0;1;39mWait for udev To …plete Device Initialization[0m...
[2J[3J[-1;-1f[[0;32m  OK  [0m] Started [0;1;39mShow Plymouth Boot Screen[0m.
[[0;32m  OK  [0m] Started [0;1;39mForward Password R…s to Plymouth Directory Watch[0m.
[[0;32m  OK  [0m] Reached target [0;1;39mLocal Encrypted Volumes[0m.
[[0;32m  OK  [0m] Reached target [0;1;39mPath Units[0m.
[[0;32m  OK  [0m] Found device [0;1;39m/dev/ttyS0[0m.
[[0;32m  OK  [0m] Listening on [0;1;39mLoad/Save RF …itch Status /dev/rfkill Watch[0m.
[[0;32m  OK  [0m] Finished [0;1;39mWait for udev To Complete Device Initialization[0m.
[[0;32m  OK  [0m] Reached target [0;1;39mPreparation for Local File Systems[0m.
[[0;32m  OK  [0m] Reached target [0;1;39mLocal File Systems[0m.
         Starting [0;1;39mTell Plymouth To Write Out Runtime Data[0m...
         Starting [0;1;39mAutomatic Boot Loader Update[0m...
         Starting [0;1;39mCreate Volatile Files and Directories[0m...
[[0;32m  OK  [0m] Finished [0;1;39mTell Plymouth To Write Out Runtime Data[0m.
[[0;32m  OK  [0m] Finished [0;1;39mAutomatic Boot Loader Update[0m.
[[0;32m  OK  [0m] Finished [0;1;39mCreate Volatile Files and Directories[0m.
         Mounting [0;1;39mRPC Pipe File System[0m...
         Starting [0;1;39mSecurity Auditing Service[0m...
         Starting [0;1;39mRPC Bind[0m...
[[0;32m  OK  [0m] Mounted [0;1;39mRPC Pipe File System[0m.
[[0;32m  OK  [0m] Reached target [0;1;39mrpc_pipefs.target[0m.
[[0;32m  OK  [0m] Started [0;1;39mRPC Bind[0m.
[[0;32m  OK  [0m] Started [0;1;39mSecurity Auditing Service[0m.
         Starting [0;1;39mRecord System Boot/Shutdown in UTMP[0m...
[[0;32m  OK  [0m] Finished [0;1;39mRecord System Boot/Shutdown in UTMP[0m.
[[0;32m  OK  [0m] Reached target [0;1;39mSystem Initialization[0m.
[[0;32m  OK  [0m] Started [0;1;39mDaily rotation of log files[0m.
[[0;32m  OK  [0m] Started [0;1;39mUpdates mlocate database every day[0m.
[[0;32m  OK  [0m] Started [0;1;39mDaily Cleanup of Temporary Directories[0m.
[[0;32m  OK  [0m] Started [0;1;39mdaily update of the root trust anchor for DNSSEC[0m.
[[0;32m  OK  [0m] Reached target [0;1;39mTimer Units[0m.
[[0;32m  OK  [0m] Listening on [0;1;39mD-Bus System Message Bus Socket[0m.
[[0;32m  OK  [0m] Listening on [0;1;39mOpen-iSCSI iscsid Socket[0m.
[[0;32m  OK  [0m] Listening on [0;1;39mOpen-iSCSI iscsiuio Socket[0m.
[[0;32m  OK  [0m] Listening on [0;1;39mSSSD Kerberos…ache Manager responder socket[0m.
[[0;32m  OK  [0m] Listening on [0;1;39mLibvirt interface local socket[0m.
[[0;32m  OK  [0m] Listening on [0;1;39mVirtual machine lock manager socket[0m.
[[0;32m  OK  [0m] Listening on [0;1;39mVirtual machine log manager socket[0m.
[[0;32m  OK  [0m] Listening on [0;1;39mLibvirt network local socket[0m.
[[0;32m  OK  [0m] Listening on [0;1;39mLibvirt nodedev local socket[0m.
[[0;32m  OK  [0m] Listening on [0;1;39mLibvirt nwfilter local socket[0m.
[[0;32m  OK  [0m] Listening on [0;1;39mLibvirt proxy local socket[0m.
[[0;32m  OK  [0m] Listening on [0;1;39mLibvirt qemu local socket[0m.
[[0;32m  OK  [0m] Listening on [0;1;39mLibvirt qemu admin socket[0m.
[[0;32m  OK  [0m] Listening on [0;1;39mLibvirt qemu local read-only socket[0m.
[[0;32m  OK  [0m] Listening on [0;1;39mLibvirt secret local socket[0m.
[[0;32m  OK  [0m] Listening on [0;1;39mLibvirt storage local socket[0m.
[[0;32m  OK  [0m] Reached target [0;1;39mSocket Units[0m.
         Starting [0;1;39mD-Bus System Message Bus[0m...
[[0;32m  OK  [0m] Started [0;1;39mD-Bus System Message Bus[0m.
[[0;32m  OK  [0m] Reached target [0;1;39mBasic System[0m.
         Starting [0;1;39mNetwork Manager[0m...
         Starting [0;1;39mNTP client/server[0m...
         Starting [0;1;39mRestore /run/initramfs on shutdown[0m...
[[0;32m  OK  [0m] Started [0;1;39mirqbalance daemon[0m.
[[0;32m  OK  [0m] Started [0;1;39mlibstoragemgmt plug-in server daemon[0m.
[[0;32m  OK  [0m] Started [0;1;39mMachine Check Exception Logging Daemon[0m.
[[0;32m  OK  [0m] Reached target [0;1;39msshd-keygen.target[0m.
[[0;32m  OK  [0m] Reached target [0;1;39mUser and Group Name Lookups[0m.
         Starting [0;1;39mUser Login Management[0m...
         Starting [0;1;39mVirtual Machine a…tainer Registration Service[0m...
[[0;32m  OK  [0m] Finished [0;1;39mRestore /run/initramfs on shutdown[0m.
         Starting [0;1;39mHostname Service[0m...
[[0;32m  OK  [0m] Started [0;1;39mVirtual Machine an…ontainer Registration Service[0m.
[[0;32m  OK  [0m] Started [0;1;39mNTP client/server[0m.
[[0;32m  OK  [0m] Started [0;1;39mUser Login Management[0m.
[[0;32m  OK  [0m] Started [0;1;39mHostname Service[0m.
         Starting [0;1;39mNetwork Manager Script Dispatcher Service[0m...
[[0;32m  OK  [0m] Started [0;1;39mNetwork Manager Script Dispatcher Service[0m.
[   10.033489] e1000: eth0 NIC Link is Up 1000 Mbps Full Duplex, Flow Control: RX
[[0;32m  OK  [0m] Started [0;1;39mNetwork Manager[0m.
[[0;32m  OK  [0m] Reached target [0;1;39mNetwork[0m.
[[0;32m  OK  [0m] Reached target [0;1;39mNetwork is Online[0m.
         Starting [0;1;39mGSSAPI Proxy Daemon[0m...
         Starting [0;1;39mNotify NFS peers of a restart[0m...
         Starting [0;1;39mSystem Logging Service[0m...
         Starting [0;1;39mOpenSSH server daemon[0m...
         Starting [0;1;39mDynamic System Tuning Daemon[0m...
[[0;32m  OK  [0m] Started [0;1;39mNotify NFS peers of a restart[0m.
[[0;32m  OK  [0m] Started [0;1;39mOpenSSH server daemon[0m.
[[0;32m  OK  [0m] Started [0;1;39mGSSAPI Proxy Daemon[0m.
[[0;32m  OK  [0m] Reached target [0;1;39mNFS client services[0m.
[[0;32m  OK  [0m] Reached target [0;1;39mPreparation for Remote File Systems[0m.
[[0;32m  OK  [0m] Reached target [0;1;39mRemote File Systems[0m.
         Starting [0;1;39mPermit User Sessions[0m...
         Starting [0;1;39mVirtualization qemu daemon[0m...
[[0;32m  OK  [0m] Finished [0;1;39mPermit User Sessions[0m.
[[0;32m  OK  [0m] Started [0;1;39mDeferred execution scheduler[0m.
[[0;32m  OK  [0m] Started [0;1;39mCommand Scheduler[0m.
         Starting [0;1;39mHold until boot process finishes up[0m...
         Starting [0;1;39mTerminate Plymouth Boot Screen[0m...
[[0;32m  OK  [0m] Started [0;1;39mSystem Logging Service[0m.
[[0;32m  OK  [0m] Started [0;1;39mVirtualization qemu daemon[0m.
[   11.893167] clocksource: Watchdog remote CPU 1 read timed out

CentOS Stream 9
Kernel 7.1.0-rc1-4438113be604+ on an x86_64

Activate the web console with: systemctl enable --now cockpit.socket

test login: [   17.607753] pimreg: entered allmulticast mode
[   17.608295] 
[   17.608432] =============================
[   17.608695] WARNING: suspicious RCU usage
[   17.608923] 7.1.0-rc1-4438113be604+ #1 Not tainted
[   17.609333] -----------------------------
[   17.609566] net/ipv4/ipmr.c:329 suspicious rcu_dereference_check() usage!
[   17.610016] 
[   17.610016] other info that might help us debug this:
[   17.610016] 
[   17.610551] 
[   17.610551] rcu_scheduler_active = 2, debug_locks = 1
[   17.610982] 2 locks held by repro/713:
[   17.611239]  #0: ffffffff87696300 (rcu_read_lock_bh){....}-{1:3}, at: __dev_queue_xmit+0x239/0x4140
[   17.611888]  #1: ff11000014cca118 (_xmit_PIMREG#2){+...}-{3:3}, at: __dev_queue_xmit+0x1d5d/0x4140
[   17.612507] 
[   17.612507] stack backtrace:
[   17.612809] CPU: 1 UID: 0 PID: 713 Comm: repro Not tainted 7.1.0-rc1-4438113be604+ #1 PREEMPT(lazy) 
[   17.612819] Hardware name: QEMU Standard PC (i440FX + PIIX, 1996), BIOS rel-1.16.3-0-ga6ed6b701f0a-prebuilt.qemu.org 04/01/2014
[   17.612823] Call Trace:
[   17.612826]  <TASK>
[   17.612830]  dump_stack_lvl+0x121/0x150
[   17.612845]  dump_stack+0x19/0x20
[   17.612853]  lockdep_rcu_suspicious+0x15b/0x1f0
[   17.612871]  reg_vif_xmit+0x2ee/0x3c0
[   17.612885]  dev_hard_start_xmit+0x170/0x700
[   17.612903]  __dev_queue_xmit+0x1df1/0x4140
[   17.612913]  ? __might_fault+0x14a/0x1b0
[   17.612926]  ? __this_cpu_preempt_check+0x21/0x30
[   17.612946]  ? __pfx___dev_queue_xmit+0x10/0x10
[   17.612960]  ? _copy_from_iter+0x288/0x15e0
[   17.612972]  ? __virt_addr_valid+0x22c/0x420
[   17.612987]  ? __virt_addr_valid+0x22c/0x420
[   17.612999]  ? __this_cpu_preempt_check+0x21/0x30
[   17.613012]  ? __pfx__copy_from_iter+0x10/0x10
[   17.613030]  ? __sanitizer_cov_trace_const_cmp1+0x1e/0x30
[   17.613044]  ? packet_parse_headers+0x439/0x7b0
[   17.613060]  ? packet_parse_headers+0x202/0x7b0
[   17.613075]  ? __pfx_packet_parse_headers+0x10/0x10
[   17.613092]  packet_xmit+0x252/0x370
[   17.613110]  packet_sendmsg+0x39ad/0x5650
[   17.613129]  ? __lock_acquire+0x412/0x2210
[   17.613171]  ? __pfx_packet_sendmsg+0x10/0x10
[   17.613188]  ? audit_mark_handle_event+0x90/0x440
[   17.613198]  ? __import_iovec+0x1df/0x660
[   17.613210]  ? _copy_from_user+0x75/0xa0
[   17.613225]  ? __pfx_packet_sendmsg+0x10/0x10
[   17.613240]  ____sys_sendmsg+0xa21/0xba0
[   17.613259]  ? __pfx_____sys_sendmsg+0x10/0x10
[   17.613277]  ? __this_cpu_preempt_check+0x21/0x30
[   17.613290]  ? lock_release+0x14f/0x2c0
[   17.613308]  ___sys_sendmsg+0x121/0x1c0
[   17.613322]  ? __pfx____sys_sendmsg+0x10/0x10
[   17.613342]  ? __handle_mm_fault+0x656/0x2cb0
[   17.613377]  __sys_sendmsg+0x177/0x220
[   17.613388]  ? __pfx___sys_sendmsg+0x10/0x10
[   17.613408]  ? seqcount_lockdep_reader_access.constprop.0+0xc0/0xd0
[   17.613425]  ? __sanitizer_cov_trace_cmp4+0x1a/0x20
[   17.613436]  ? ktime_get_coarse_real_ts64+0xad/0xf0
[   17.613456]  __x64_sys_sendmsg+0x80/0xc0
[   17.613469]  x64_sys_call+0x1d9c/0x21c0
[   17.613481]  do_syscall_64+0xc1/0x10b0
[   17.613494]  entry_SYSCALL_64_after_hwframe+0x76/0x7e
[   17.613502] RIP: 0033:0x7fe7d1c3ee5d
[   17.613511] Code: ff c3 66 2e 0f 1f 84 00 00 00 00 00 90 f3 0f 1e fa 48 89 f8 48 89 f7 48 89 d6 48 89 ca 4d 89 c2 4d 89 c8 4c 8b 4c 24 08 0f 05 <48> 3d 01 f0 ff ff 73 01 c3 48 8b 0d 93 af 1b 00 f7 d8 64 89 01 48
[   17.613519] RSP: 002b:00007ffd666cedf8 EFLAGS: 00000246 ORIG_RAX: 000000000000002e
[   17.613527] RAX: ffffffffffffffda RBX: 0000200000000380 RCX: 00007fe7d1c3ee5d
[   17.613532] RDX: 0000000000000000 RSI: 00002000000012c0 RDI: 0000000000000004
[   17.613537] RBP: 00007ffd666cee20 R08: 0000000200000000 R09: 0000000200000000
[   17.613542] R10: 0000000200000000 R11: 0000000000000246 R12: 00007ffd666cef38
[   17.613547] R13: 0000000000401164 R14: 0000000000403e08 R15: 00007fe7d1ee0000
[   17.613567]  </TASK>
[   17.645952] pimreg: entered allmulticast mode
[   17.649960] pimreg: left allmulticast mode
[   17.670402] pimreg: entered allmulticast mode
[   17.691589] pimreg: entered allmulticast mode
[   17.701894] pimreg: left allmulticast mode
[   17.702263] pimreg: left allmulticast mode
[   17.710636] pimreg: entered allmulticast mode
[   17.730145] pimreg: entered allmulticast mode
[   17.749481] pimreg: entered allmulticast mode
[   17.773066] pimreg: entered allmulticast mode
[   17.790855] pimreg: left allmulticast mode
[   17.791699] pimreg: left allmulticast mode
[   17.791978] pimreg: left allmulticast mode
[   17.793238] pimreg: left allmulticast mode
[   17.803214] pimreg: entered allmulticast mode
[   17.826687] pimreg: entered allmulticast mode
[   17.848932] pimreg: entered allmulticast mode
[   17.874138] pimreg: entered allmulticast mode
[   17.894189] pimreg: entered allmulticast mode
[   17.909996] pimreg: left allmulticast mode
[   17.910373] pimreg: left allmulticast mode
[   17.910625] pimreg: left allmulticast mode
[   17.910946] pimreg: left allmulticast mode
[   17.911832] pimreg: left allmulticast mode
[   17.923570] pimreg: entered allmulticast mode
[   17.942060] pimreg: entered allmulticast mode
[   17.969423] pimreg: entered allmulticast mode
[   17.989963] pimreg: entered allmulticast mode
[   18.010064] pimreg: entered allmulticast mode
[   18.033984] pimreg: entered allmulticast mode
[   18.054196] pimreg: left allmulticast mode
[   18.054498] pimreg: left allmulticast mode
[   18.054752] pimreg: left allmulticast mode
[   18.055064] pimreg: left allmulticast mode
[   18.055355] pimreg: left allmulticast mode
[   18.055670] pimreg: left allmulticast mode
[   18.066437] pimreg: entered allmulticast mode
[   18.085396] pimreg: entered allmulticast mode
[   18.115373] pimreg: entered allmulticast mode
[   18.127152] pimreg: entered allmulticast mode
[   18.149763] pimreg: entered allmulticast mode
[   18.177766] pimreg: entered allmulticast mode
[   18.202178] pimreg: entered allmulticast mode
[   18.217879] pimreg: left allmulticast mode
[   18.218216] pimreg: left allmulticast mode
[   18.218522] pimreg: left allmulticast mode
[   18.218784] pimreg: left allmulticast mode
[   18.219042] pimreg: left allmulticast mode
[   18.219543] pimreg: left allmulticast mode
[   18.219983] pimreg: left allmulticast mode
[   18.232033] pimreg: entered allmulticast mode
[   18.254387] pimreg: entered allmulticast mode
[   18.276158] pimreg: entered allmulticast mode
[   18.297926] pimreg: entered allmulticast mode
[   18.313773] pimreg: entered allmulticast mode
[   18.334318] pimreg: entered allmulticast mode
[   18.361661] pimreg: entered allmulticast mode
[   18.386201] pimreg: entered allmulticast mode
[   18.397992] pimreg: left allmulticast mode
[   18.398365] pimreg: left allmulticast mode
[   18.398625] pimreg: left allmulticast mode
[   18.398878] pimreg: left allmulticast mode
[   18.399197] pimreg: left allmulticast mode
[   18.399507] pimreg: left allmulticast mode
[   18.399803] pimreg: left allmulticast mode
[   18.400799] pimreg: left allmulticast mode
[   18.416649] pimreg: entered allmulticast mode
[   18.445962] pimreg: entered allmulticast mode
[   18.480877] pimreg: entered allmulticast mode
[   18.498900] pimreg: entered allmulticast mode
[   18.521454] pimreg: entered allmulticast mode
[   18.542003] pimreg: entered allmulticast mode
[   18.565935] pimreg: entered allmulticast mode
[   18.585822] pimreg: left allmulticast mode
[   18.586194] pimreg: left allmulticast mode
[   18.586472] pimreg: left allmulticast mode
[   18.586723] pimreg: left allmulticast mode
[   18.586983] pimreg: left allmulticast mode
[   18.587896] pimreg: left allmulticast mode
[   18.588279] pimreg: left allmulticast mode
[   18.601070] pimreg: entered allmulticast mode
[   18.645988] pimreg: entered allmulticast mode
[   18.688343] pimreg: entered allmulticast mode
[   18.714616] pimreg: entered allmulticast mode
[   18.741747] pimreg: entered allmulticast mode
[   18.769568] pimreg: entered allmulticast mode
[   18.794188] pimreg: entered allmulticast mode
[   18.818190] pimreg: entered allmulticast mode
[   18.834283] pimreg: left allmulticast mode
[   18.834624] pimreg: left allmulticast mode
[   18.834879] pimreg: left allmulticast mode
[   18.835186] pimreg: left allmulticast mode
[   18.835473] pimreg: left allmulticast mode
[   18.835761] pimreg: left allmulticast mode
[   18.836052] pimreg: left allmulticast mode
[   18.836348] pimreg: left allmulticast mode
[   18.850592] pimreg: entered allmulticast mode
[   18.882006] pimreg: entered allmulticast mode
[   18.910587] pimreg: entered allmulticast mode
[   18.934496] pimreg: entered allmulticast mode
[   18.954149] pimreg: entered allmulticast mode
[   18.977620] pimreg: entered allmulticast mode
[   19.002136] pimreg: entered allmulticast mode
[   19.025724] pimreg: entered allmulticast mode
[   19.049970] pimreg: entered allmulticast mode
[   19.050350] pimreg: left allmulticast mode
[   19.050706] pimreg: left allmulticast mode
[   19.050984] pimreg: left allmulticast mode
[   19.051248] pimreg: left allmulticast mode
[   19.051655] pimreg: left allmulticast mode
[   19.051997] pimreg: left allmulticast mode
[   19.052313] pimreg: left allmulticast mode
[   19.052609] pimreg: left allmulticast mode
[   19.068321] pimreg: entered allmulticast mode
[   19.090725] pimreg: entered allmulticast mode
[   19.102414] pimreg: entered allmulticast mode
[   19.121751] pimreg: entered allmulticast mode
[   19.162361] pimreg: entered allmulticast mode
[   19.185620] pimreg: entered allmulticast mode
[   19.225964] pimreg: entered allmulticast mode
[   19.262174] pimreg: entered allmulticast mode
[   19.317782] pimreg: entered allmulticast mode
[   19.339016] pimreg: left allmulticast mode
[   19.339349] pimreg: left allmulticast mode
[   19.339602] pimreg: left allmulticast mode
[   19.339861] pimreg: left allmulticast mode
[   19.340115] pimreg: left allmulticast mode
[   19.341545] pimreg: left allmulticast mode
[   19.341927] pimreg: left allmulticast mode
[   19.342236] pimreg: left allmulticast mode
[   19.342545] pimreg: left allmulticast mode
[   19.342848] pimreg: left allmulticast mode
[   19.357995] pimreg: entered allmulticast mode
[   19.390044] pimreg: entered allmulticast mode
[   19.417643] pimreg: entered allmulticast mode
[   19.437930] pimreg: entered allmulticast mode
[   19.462607] pimreg: entered allmulticast mode
[   19.481739] pimreg: entered allmulticast mode
[   19.505489] pimreg: entered allmulticast mode
[   19.537364] pimreg: entered allmulticast mode
[   19.557955] pimreg: left allmulticast mode
[   19.558326] pimreg: left allmulticast mode
[   19.558584] pimreg: left allmulticast mode
[   19.558861] pimreg: left allmulticast mode
[   19.559131] pimreg: left allmulticast mode
[   19.559818] pimreg: left allmulticast mode
[   19.560660] pimreg: left allmulticast mode
[   19.561046] pimreg: left allmulticast mode
[   19.574679] pimreg: entered allmulticast mode
[   19.591048] pimreg: entered allmulticast mode
[   19.613245] pimreg: entered allmulticast mode
[   19.637506] pimreg: entered allmulticast mode
[   19.677599] pimreg: entered allmulticast mode
[   19.721798] pimreg: entered allmulticast mode
[   19.753825] pimreg: entered allmulticast mode
[   19.777538] pimreg: entered allmulticast mode
[   19.790704] pimreg: left allmulticast mode
[   19.791353] pimreg: left allmulticast mode
[   19.791641] pimreg: left allmulticast mode
[   19.791940] pimreg: left allmulticast mode
[   19.792239] pimreg: left allmulticast mode
[   19.792530] pimreg: left allmulticast mode
[   19.792819] pimreg: left allmulticast mode
[   19.793179] pimreg: left allmulticast mode
[   19.809547] pimreg: entered allmulticast mode
[   19.838308] pimreg: entered allmulticast mode
[   19.866572] pimreg: entered allmulticast mode
[   19.891066] pimreg: entered allmulticast mode
[   19.909467] pimreg: entered allmulticast mode
[   19.933827] pimreg: entered allmulticast mode
[   19.961710] pimreg: entered allmulticast mode
[   20.000934] pimreg: entered allmulticast mode
[   20.015019] pimreg: left allmulticast mode
[   20.015545] pimreg: left allmulticast mode
[   20.015819] pimreg: left allmulticast mode
[   20.016089] pimreg: left allmulticast mode
[   20.016394] pimreg: left allmulticast mode
[   20.016684] pimreg: left allmulticast mode
[   20.017000] pimreg: left allmulticast mode
[   20.017314] pimreg: left allmulticast mode
[   20.034862] pimreg: entered allmulticast mode
[   20.054787] pimreg: entered allmulticast mode
[   20.087121] pimreg: entered allmulticast mode
[   20.105235] pimreg: entered allmulticast mode
[   20.125308] pimreg: entered allmulticast mode
[   20.157496] pimreg: entered allmulticast mode
[   20.185538] pimreg: entered allmulticast mode
[   20.229653] pimreg: entered allmulticast mode
[   20.254218] pimreg: left allmulticast mode
[   20.254553] pimreg: left allmulticast mode
[   20.254805] pimreg: left allmulticast mode
[   20.255114] pimreg: left allmulticast mode
[   20.255432] pimreg: left allmulticast mode
[   20.255858] pimreg: left allmulticast mode
[   20.256188] pimreg: left allmulticast mode
[   20.256920] pimreg: left allmulticast mode
[   20.270882] pimreg: entered allmulticast mode
[   20.286947] pimreg: entered allmulticast mode
[   20.313431] pimreg: entered allmulticast mode
[   20.334065] pimreg: entered allmulticast mode
[   20.361542] pimreg: entered allmulticast mode
[   20.397549] pimreg: entered allmulticast mode
[   20.426278] pimreg: entered allmulticast mode
[   20.453610] pimreg: entered allmulticast mode
[   20.474915] pimreg: left allmulticast mode
[   20.475243] pimreg: left allmulticast mode
[   20.475503] pimreg: left allmulticast mode
[   20.475760] pimreg: left allmulticast mode
[   20.476070] pimreg: left allmulticast mode
[   20.476396] pimreg: left allmulticast mode
[   20.476690] pimreg: left allmulticast mode
[   20.477327] pimreg: left allmulticast mode
[   20.490462] pimreg: entered allmulticast mode
[   20.518258] pimreg: entered allmulticast mode
[   20.531517] pimreg: entered allmulticast mode
[   20.551082] pimreg: entered allmulticast mode
[   20.577406] pimreg: entered allmulticast mode
[   20.598272] pimreg: entered allmulticast mode
[   20.618858] pimreg: entered allmulticast mode
[   20.629189] pimreg: entered allmulticast mode
[   20.653196] pimreg: entered allmulticast mode
[   20.665893] pimreg: left allmulticast mode
[   20.666271] pimreg: left allmulticast mode
[   20.666553] pimreg: left allmulticast mode
[   20.666868] pimreg: left allmulticast mode
[   20.667171] pimreg: left allmulticast mode
[   20.667810] pimreg: left allmulticast mode
[   20.668297] pimreg: left allmulticast mode
[   20.668629] pimreg: left allmulticast mode
[   20.669011] pimreg: left allmulticast mode
[   20.684516] pimreg: entered allmulticast mode
[   20.712716] pimreg: entered allmulticast mode
[   20.737998] pimreg: entered allmulticast mode
[   20.765818] pimreg: entered allmulticast mode
[   20.798184] pimreg: entered allmulticast mode
[   20.825479] pimreg: entered allmulticast mode
[   20.849460] pimreg: entered allmulticast mode
[   20.889753] pimreg: entered allmulticast mode
[   20.917739] pimreg: entered allmulticast mode
[   20.938773] pimreg: left allmulticast mode
[   20.939127] pimreg: left allmulticast mode
[   20.939386] pimreg: left allmulticast mode
[   20.939678] pimreg: left allmulticast mode
[   20.939977] pimreg: left allmulticast mode
[   20.940298] pimreg: left allmulticast mode
[   20.940585] pimreg: left allmulticast mode
[   20.940876] pimreg: left allmulticast mode
[   20.941223] pimreg: left allmulticast mode
[   20.955045] pimreg: entered allmulticast mode
[   20.982354] pimreg: entered allmulticast mode
[   20.997908] pimreg: entered allmulticast mode
[   21.018494] pimreg: entered allmulticast mode
[   21.049521] pimreg: entered allmulticast mode
[   21.078680] pimreg: entered allmulticast mode
[   21.105254] pimreg: entered allmulticast mode
[   21.133332] pimreg: entered allmulticast mode
[   21.162241] pimreg: entered allmulticast mode
[   21.174910] pimreg: left allmulticast mode
[   21.175268] pimreg: left allmulticast mode
[   21.175521] pimreg: left allmulticast mode
[   21.175768] pimreg: left allmulticast mode
[   21.176067] pimreg: left allmulticast mode
[   21.176368] pimreg: left allmulticast mode
[   21.176658] pimreg: left allmulticast mode
[   21.176972] pimreg: left allmulticast mode
[   21.177292] pimreg: left allmulticast mode
[   21.191127] pimreg: entered allmulticast mode
[   21.220204] pimreg: entered allmulticast mode
[   21.231502] pimreg: entered allmulticast mode
[   21.250474] pimreg: entered allmulticast mode
[   21.265488] pimreg: entered allmulticast mode
[   21.290425] pimreg: entered allmulticast mode
[   21.313482] pimreg: entered allmulticast mode
[   21.334974] pimreg: entered allmulticast mode
[   21.357487] pimreg: entered allmulticast mode
[   21.362255] pimreg: left allmulticast mode
[   21.362604] pimreg: left allmulticast mode
[   21.362877] pimreg: left allmulticast mode
[   21.363147] pimreg: left allmulticast mode
[   21.363400] pimreg: left allmulticast mode
[   21.364112] pimreg: left allmulticast mode
[   21.364392] pimreg: left allmulticast mode
[   21.364669] pimreg: left allmulticast mode
[   21.378660] pimreg: entered allmulticast mode
[   21.414571] pimreg: entered allmulticast mode
[   21.447163] pimreg: entered allmulticast mode
[   21.474258] pimreg: entered allmulticast mode
[   21.513404] pimreg: entered allmulticast mode
[   21.545314] pimreg: entered allmulticast mode
[   21.585368] pimreg: entered allmulticast mode
[   21.609719] pimreg: entered allmulticast mode
[   21.637946] pimreg: left allmulticast mode
[   21.638318] pimreg: left allmulticast mode
[   21.638572] pimreg: left allmulticast mode
[   21.638870] pimreg: left allmulticast mode
[   21.639194] pimreg: left allmulticast mode
[   21.639911] pimreg: left allmulticast mode
[   21.640233] pimreg: left allmulticast mode
[   21.640522] pimreg: left allmulticast mode
[   21.640810] pimreg: left allmulticast mode
[   21.654297] pimreg: entered allmulticast mode
[   21.676790] pimreg: entered allmulticast mode
[   21.704936] pimreg: entered allmulticast mode
[   21.729501] pimreg: entered allmulticast mode
[   21.753374] pimreg: entered allmulticast mode
[   21.777624] pimreg: entered allmulticast mode
[   21.809421] pimreg: entered allmulticast mode
[   21.833591] pimreg: entered allmulticast mode
[   21.850291] pimreg: left allmulticast mode
[   21.850609] pimreg: left allmulticast mode
[   21.850871] pimreg: left allmulticast mode
[   21.851152] pimreg: left allmulticast mode
[   21.851414] pimreg: left allmulticast mode
[   21.851663] pimreg: left allmulticast mode
[   21.851956] pimreg: left allmulticast mode
[   21.852255] pimreg: left allmulticast mode
[   21.865139] pimreg: entered allmulticast mode
[   21.902250] pimreg: entered allmulticast mode
[   21.916118] pimreg: entered allmulticast mode
[   21.933247] pimreg: entered allmulticast mode
[   21.965861] pimreg: entered allmulticast mode
[   21.993264] pimreg: entered allmulticast mode
[   22.037438] pimreg: entered allmulticast mode
[   22.069573] pimreg: entered allmulticast mode
[   22.097408] pimreg: entered allmulticast mode
[   22.102220] pimreg: left allmulticast mode
[   22.102784] pimreg: left allmulticast mode
[   22.103088] pimreg: left allmulticast mode
[   22.103342] pimreg: left allmulticast mode
[   22.103597] pimreg: left allmulticast mode
[   22.103896] pimreg: left allmulticast mode
[   22.104200] pimreg: left allmulticast mode
[   22.104495] pimreg: left allmulticast mode
[   22.126174] pimreg: entered allmulticast mode
[   22.150436] pimreg: entered allmulticast mode
[   22.174843] pimreg: entered allmulticast mode
[   22.197341] pimreg: entered allmulticast mode
[   22.225790] pimreg: entered allmulticast mode
[   22.265406] pimreg: entered allmulticast mode
[   22.306235] pimreg: entered allmulticast mode
[   22.345634] pimreg: entered allmulticast mode
[   22.370140] pimreg: left allmulticast mode
[   22.370493] pimreg: left allmulticast mode
[   22.370759] pimreg: left allmulticast mode
[   22.371030] pimreg: left allmulticast mode
[   22.372006] pimreg: left allmulticast mode
[   22.372296] pimreg: left allmulticast mode
[   22.372564] pimreg: left allmulticast mode
[   22.372815] pimreg: left allmulticast mode
[   22.373543] pimreg: left allmulticast mode
[   22.387478] pimreg: entered allmulticast mode
[   22.416241] pimreg: entered allmulticast mode
[   22.445853] pimreg: entered allmulticast mode
[   22.470717] pimreg: entered allmulticast mode
[   22.489247] pimreg: entered allmulticast mode
[   22.517238] pimreg: entered allmulticast mode
[   22.537582] pimreg: entered allmulticast mode
[   22.558277] pimreg: entered allmulticast mode
[   22.578619] pimreg: entered allmulticast mode
[   22.578978] pimreg: left allmulticast mode
[   22.579310] pimreg: left allmulticast mode
[   22.579577] pimreg: left allmulticast mode
[   22.579838] pimreg: left allmulticast mode
[   22.580146] pimreg: left allmulticast mode
[   22.580447] pimreg: left allmulticast mode
[   22.580739] pimreg: left allmulticast mode
[   22.581396] pimreg: left allmulticast mode
[   22.596643] pimreg: entered allmulticast mode
[   22.630480] pimreg: entered allmulticast mode
[   22.645354] pimreg: entered allmulticast mode
[   22.658739] pimreg: entered allmulticast mode
[   22.693542] pimreg: entered allmulticast mode
[   22.721253] pimreg: entered allmulticast mode
[   22.746050] pimreg: entered allmulticast mode
[   22.766344] pimreg: left allmulticast mode
[   22.766853] pimreg: left allmulticast mode
[   22.767180] pimreg: left allmulticast mode
[   22.767483] pimreg: left allmulticast mode
[   22.767903] pimreg: left allmulticast mode
[   22.768210] pimreg: left allmulticast mode
[   22.768513] pimreg: left allmulticast mode
[   22.768798] pimreg: left allmulticast mode
[   22.782092] pimreg: entered allmulticast mode
[   22.803184] pimreg: entered allmulticast mode
[   22.815126] pimreg: entered allmulticast mode
[   22.830044] pimreg: entered allmulticast mode
[   22.850003] pimreg: entered allmulticast mode
[   22.881556] pimreg: entered allmulticast mode
[   22.902059] pimreg: entered allmulticast mode
[   22.930255] pimreg: entered allmulticast mode
[   22.949947] pimreg: entered allmulticast mode
[   22.974528] pimreg: left allmulticast mode
[   22.974886] pimreg: left allmulticast mode
[   22.975167] pimreg: left allmulticast mode
[   22.975418] pimreg: left allmulticast mode
[   22.975667] pimreg: left allmulticast mode
[   22.976120] pimreg: left allmulticast mode
[   22.976446] pimreg: left allmulticast mode
[   22.976753] pimreg: left allmulticast mode
[   22.977440] pimreg: left allmulticast mode
[   22.992010] pimreg: entered allmulticast mode
[   23.012009] pimreg: entered allmulticast mode
[   23.034809] pimreg: entered allmulticast mode
[   23.057779] pimreg: entered allmulticast mode
[   23.082000] pimreg: entered allmulticast mode
[   23.097634] pimreg: entered allmulticast mode
[   23.133218] pimreg: entered allmulticast mode
[   23.162751] pimreg: entered allmulticast mode
[   23.181693] pimreg: entered allmulticast mode
[   23.217904] pimreg: left allmulticast mode
[   23.218275] pimreg: left allmulticast mode
[   23.218527] pimreg: left allmulticast mode
[   23.218798] pimreg: left allmulticast mode
[   23.219074] pimreg: left allmulticast mode
[   23.219641] pimreg: left allmulticast mode
[   23.220059] pimreg: left allmulticast mode
[   23.220363] pimreg: left allmulticast mode
[   23.220652] pimreg: left allmulticast mode
[   23.234401] pimreg: entered allmulticast mode
[   23.255440] pimreg: entered allmulticast mode
[   23.282747] pimreg: entered allmulticast mode
[   23.305503] pimreg: entered allmulticast mode
[   23.337791] pimreg: entered allmulticast mode
[   23.362353] pimreg: entered allmulticast mode
[   23.381366] pimreg: entered allmulticast mode
[   23.402424] pimreg: entered allmulticast mode
[   23.417940] pimreg: left allmulticast mode
[   23.418825] pimreg: left allmulticast mode
[   23.421378] pimreg: left allmulticast mode
[   23.421688] pimreg: left allmulticast mode
[   23.422005] pimreg: left allmulticast mode
[   23.422298] pimreg: left allmulticast mode
[   23.422620] pimreg: left allmulticast mode
[   23.422929] pimreg: left allmulticast mode
[   23.435213] pimreg: entered allmulticast mode
[   23.454993] pimreg: entered allmulticast mode
[   23.466937] pimreg: entered allmulticast mode
[   23.485416] pimreg: entered allmulticast mode
[   23.510030] pimreg: entered allmulticast mode
[   23.533421] pimreg: entered allmulticast mode
[   23.561221] pimreg: entered allmulticast mode
[   23.601410] pimreg: entered allmulticast mode
[   23.625702] pimreg: entered allmulticast mode
[   23.631547] pimreg: left allmulticast mode
[   23.631857] pimreg: left allmulticast mode
[   23.632600] pimreg: left allmulticast mode
[   23.633653] pimreg: left allmulticast mode
[   23.634023] pimreg: left allmulticast mode
[   23.634337] pimreg: left allmulticast mode
[   23.634641] pimreg: left allmulticast mode
[   23.635258] pimreg: left allmulticast mode
[   23.635551] pimreg: left allmulticast mode
[   23.650132] pimreg: entered allmulticast mode
[   23.683165] pimreg: entered allmulticast mode
[   23.711707] pimreg: entered allmulticast mode
[   23.734510] pimreg: entered allmulticast mode
[   23.757507] pimreg: entered allmulticast mode
[   23.781579] pimreg: entered allmulticast mode
[   23.810271] pimreg: entered allmulticast mode
[   23.845151] pimreg: entered allmulticast mode
[   23.873512] pimreg: entered allmulticast mode
[   23.894049] pimreg: left allmulticast mode
[   23.894365] pimreg: left allmulticast mode
[   23.894667] pimreg: left allmulticast mode
[   23.894995] pimreg: left allmulticast mode
[   23.896007] pimreg: left allmulticast mode
[   23.896356] pimreg: left allmulticast mode
[   23.896654] pimreg: left allmulticast mode
[   23.898057] pimreg: left allmulticast mode
[   23.898625] pimreg: left allmulticast mode
[   23.913128] pimreg: entered allmulticast mode
[   23.936934] pimreg: entered allmulticast mode
[   23.965070] pimreg: entered allmulticast mode
[   23.989870] pimreg: entered allmulticast mode
[   24.013537] pimreg: entered allmulticast mode
[   24.037409] pimreg: entered allmulticast mode
[   24.061451] pimreg: entered allmulticast mode
[   24.089618] pimreg: entered allmulticast mode
[   24.117433] pimreg: entered allmulticast mode
[   24.138384] pimreg: left allmulticast mode
[   24.138844] pimreg: left allmulticast mode
[   24.139186] pimreg: left allmulticast mode
[   24.139474] pimreg: left allmulticast mode
[   24.139761] pimreg: left allmulticast mode
[   24.140228] pimreg: left allmulticast mode
[   24.140527] pimreg: left allmulticast mode
[   24.140826] pimreg: left allmulticast mode
[   24.141503] pimreg: left allmulticast mode
[   24.155887] pimreg: entered allmulticast mode
[   24.177338] pimreg: entered allmulticast mode
[   24.191751] pimreg: entered allmulticast mode
[   24.225329] pimreg: entered allmulticast mode
[   24.245715] pimreg: entered allmulticast mode
[   24.269623] pimreg: entered allmulticast mode
[   24.293488] pimreg: entered allmulticast mode
[   24.321282] pimreg: entered allmulticast mode
[   24.361195] pimreg: entered allmulticast mode
[   24.382359] pimreg: left allmulticast mode
[   24.383148] pimreg: left allmulticast mode
[   24.383476] pimreg: left allmulticast mode
[   24.383915] pimreg: left allmulticast mode
[   24.384196] pimreg: left allmulticast mode
[   24.384443] pimreg: left allmulticast mode
[   24.384746] pimreg: left allmulticast mode
[   24.385402] pimreg: left allmulticast mode
[   24.385725] pimreg: left allmulticast mode
[   24.399494] pimreg: entered allmulticast mode
[   24.419216] pimreg: entered allmulticast mode
[   24.444849] pimreg: entered allmulticast mode
[   24.465867] pimreg: entered allmulticast mode
[   24.485529] pimreg: entered allmulticast mode
[   24.505657] pimreg: entered allmulticast mode
[   24.530622] pimreg: entered allmulticast mode
[   24.531135] pimreg: left allmulticast mode
[   24.531538] pimreg: left allmulticast mode
[   24.531901] pimreg: left allmulticast mode
[   24.532223] pimreg: left allmulticast mode
[   24.532887] pimreg: left allmulticast mode
[   24.533274] pimreg: left allmulticast mode
[   24.546204] pimreg: entered allmulticast mode
[   24.560911] pimreg: entered allmulticast mode
[   24.586030] pimreg: entered allmulticast mode
[   24.606325] pimreg: entered allmulticast mode
[   24.637122] pimreg: entered allmulticast mode
[   24.669956] pimreg: entered allmulticast mode
[   24.697565] pimreg: entered allmulticast mode
[   24.702215] pimreg: left allmulticast mode
[   24.702519] pimreg: left allmulticast mode
[   24.702782] pimreg: left allmulticast mode
[   24.703047] pimreg: left allmulticast mode
[   24.703307] pimreg: left allmulticast mode
[   24.703555] pimreg: left allmulticast mode
[   24.703860] pimreg: left allmulticast mode
[   24.704189] pimreg: left allmulticast mode
[   24.717929] pimreg: entered allmulticast mode
[   24.738417] pimreg: entered allmulticast mode
[   24.780551] pimreg: entered allmulticast mode
[   24.802056] pimreg: entered allmulticast mode
[   24.821944] pimreg: entered allmulticast mode
[   24.849190] pimreg: entered allmulticast mode
[   24.873433] pimreg: entered allmulticast mode
[   24.913204] pimreg: entered allmulticast mode
[   24.929436] pimreg: left allmulticast mode
[   24.929787] pimreg: left allmulticast mode
[   24.930068] pimreg: left allmulticast mode
[   24.930331] pimreg: left allmulticast mode
[   24.931468] pimreg: left allmulticast mode
[   24.931787] pimreg: left allmulticast mode
[   24.932059] pimreg: left allmulticast mode
[   24.932311] pimreg: left allmulticast mode
[   24.932626] pimreg: left allmulticast mode
[   24.946790] pimreg: entered allmulticast mode
[   24.969605] pimreg: entered allmulticast mode
[   24.989984] pimreg: entered allmulticast mode
[   25.030181] pimreg: entered allmulticast mode
[   25.049728] pimreg: entered allmulticast mode
[   25.074030] pimreg: entered allmulticast mode
[   25.097266] pimreg: entered allmulticast mode
[   25.121542] pimreg: entered allmulticast mode
[   25.161320] pimreg: entered allmulticast mode
[   25.174707] pimreg: left allmulticast mode
[   25.175276] pimreg: left allmulticast mode
[   25.175545] pimreg: left allmulticast mode
[   25.175814] pimreg: left allmulticast mode
[   25.176086] pimreg: left allmulticast mode
[   25.176333] pimreg: left allmulticast mode
[   25.176634] pimreg: left allmulticast mode
[   25.176942] pimreg: left allmulticast mode
[   25.191983] pimreg: entered allmulticast mode
[   25.218143] pimreg: entered allmulticast mode
[   25.247471] pimreg: entered allmulticast mode
[   25.270465] pimreg: entered allmulticast mode
[   25.289331] pimreg: entered allmulticast mode
[   25.329663] pimreg: entered allmulticast mode
[   25.369385] pimreg: entered allmulticast mode
[   25.397489] pimreg: entered allmulticast mode
[   25.435917] pimreg: left allmulticast mode
[   25.436284] pimreg: left allmulticast mode
[   25.436555] pimreg: left allmulticast mode
[   25.436813] pimreg: left allmulticast mode
[   25.437192] pimreg: left allmulticast mode
[   25.437800] pimreg: left allmulticast mode
[   25.438136] pimreg: left allmulticast mode
[   25.438440] pimreg: left allmulticast mode
[   25.451096] pimreg: entered allmulticast mode
[   25.483278] pimreg: entered allmulticast mode
[   25.501653] pimreg: entered allmulticast mode
[   25.526210] pimreg: entered allmulticast mode
[   25.549203] pimreg: entered allmulticast mode
[   25.569429] pimreg: entered allmulticast mode
[   25.589648] pimreg: entered allmulticast mode
[   25.610040] pimreg: entered allmulticast mode
[   25.628875] pimreg: entered allmulticast mode
[   25.642062] pimreg: left allmulticast mode
[   25.642650] pimreg: left allmulticast mode
[   25.642942] pimreg: left allmulticast mode
[   25.643209] pimreg: left allmulticast mode
[   25.643470] pimreg: left allmulticast mode
[   25.643722] pimreg: left allmulticast mode
[   25.643989] pimreg: left allmulticast mode
[   25.644287] pimreg: left allmulticast mode
[   25.644594] pimreg: left allmulticast mode
[   25.661154] pimreg: entered allmulticast mode
[   25.691173] pimreg: entered allmulticast mode
[   25.715712] pimreg: entered allmulticast mode
[   25.737266] pimreg: entered allmulticast mode
[   25.765866] pimreg: entered allmulticast mode
[   25.809324] pimreg: entered allmulticast mode
[   25.837445] pimreg: entered allmulticast mode
[   25.865935] pimreg: entered allmulticast mode
[   25.889467] pimreg: entered allmulticast mode
[   25.917813] pimreg: left allmulticast mode
[   25.918175] pimreg: left allmulticast mode
[   25.918432] pimreg: left allmulticast mode
[   25.918702] pimreg: left allmulticast mode
[   25.919021] pimreg: left allmulticast mode
[   25.919893] pimreg: left allmulticast mode
[   25.920245] pimreg: left allmulticast mode
[   25.920555] pimreg: left allmulticast mode
[   25.920854] pimreg: left allmulticast mode
[   25.934058] pimreg: entered allmulticast mode
[   25.954732] pimreg: entered allmulticast mode
[   25.969934] pimreg: entered allmulticast mode
[   25.989771] pimreg: entered allmulticast mode
[   26.009589] pimreg: entered allmulticast mode
[   26.033514] pimreg: entered allmulticast mode
[   26.053768] pimreg: entered allmulticast mode
[   26.077370] pimreg: entered allmulticast mode
[   26.096944] pimreg: entered allmulticast mode
[   26.110314] pimreg: left allmulticast mode
[   26.110689] pimreg: left allmulticast mode
[   26.111040] pimreg: left allmulticast mode
[   26.111380] pimreg: left allmulticast mode
[   26.111672] pimreg: left allmulticast mode
[   26.111976] pimreg: left allmulticast mode
[   26.112275] pimreg: left allmulticast mode
[   26.112562] pimreg: left allmulticast mode
[   26.112886] pimreg: left allmulticast mode
[   26.128880] pimreg: entered allmulticast mode
[   26.151892] pimreg: entered allmulticast mode
[   26.177977] pimreg: entered allmulticast mode
[   26.202497] pimreg: entered allmulticast mode
[   26.221499] pimreg: entered allmulticast mode
[   26.257272] pimreg: entered allmulticast mode
[   26.281435] pimreg: entered allmulticast mode
[   26.305109] pimreg: entered allmulticast mode
[   26.329312] pimreg: entered allmulticast mode
[   26.349897] pimreg: left allmulticast mode
[   26.350246] pimreg: left allmulticast mode
[   26.350511] pimreg: left allmulticast mode
[   26.350774] pimreg: left allmulticast mode
[   26.351058] pimreg: left allmulticast mode
[   26.351334] pimreg: left allmulticast mode
[   26.351593] pimreg: left allmulticast mode
[   26.351916] pimreg: left allmulticast mode
[   26.352632] pimreg: left allmulticast mode
[   26.367436] pimreg: entered allmulticast mode
[   26.392023] pimreg: entered allmulticast mode
[   26.414072] pimreg: entered allmulticast mode
[   26.454895] pimreg: entered allmulticast mode
[   26.481165] pimreg: entered allmulticast mode
[   26.517417] pimreg: entered allmulticast mode
[   26.557865] pimreg: entered allmulticast mode
[   26.581619] pimreg: entered allmulticast mode
[   26.617400] pimreg: entered allmulticast mode
[   26.638132] pimreg: left allmulticast mode
[   26.638497] pimreg: left allmulticast mode
[   26.638773] pimreg: left allmulticast mode
[   26.640058] pimreg: left allmulticast mode
[   26.640375] pimreg: left allmulticast mode
[   26.640652] pimreg: left allmulticast mode
[   26.640930] pimreg: left allmulticast mode
[   26.641596] pimreg: left allmulticast mode
[   26.641875] pimreg: left allmulticast mode
[   26.656724] pimreg: entered allmulticast mode
[   26.680518] pimreg: entered allmulticast mode
[   26.722780] pimreg: entered allmulticast mode
[   26.745459] pimreg: entered allmulticast mode
[   26.781254] pimreg: entered allmulticast mode
[   26.837646] pimreg: entered allmulticast mode
[   26.865284] pimreg: entered allmulticast mode
[   26.893479] pimreg: entered allmulticast mode
[   26.916990] pimreg: entered allmulticast mode
[   26.930374] pimreg: left allmulticast mode
[   26.930973] pimreg: left allmulticast mode
[   26.931287] pimreg: left allmulticast mode
[   26.931537] pimreg: left allmulticast mode
[   26.931795] pimreg: left allmulticast mode
[   26.932044] pimreg: left allmulticast mode
[   26.932342] pimreg: left allmulticast mode
[   26.932653] pimreg: left allmulticast mode
[   26.933026] pimreg: left allmulticast mode
[   26.948402] pimreg: entered allmulticast mode
[   26.976649] pimreg: entered allmulticast mode
[   27.002953] pimreg: entered allmulticast mode
[   27.025721] pimreg: entered allmulticast mode
[   27.037649] pimreg: entered allmulticast mode
[   27.062070] pimreg: entered allmulticast mode
[   27.069514] pimreg: left allmulticast mode
[   27.070183] pimreg: left allmulticast mode
[   27.070465] pimreg: left allmulticast mode
[   27.070747] pimreg: left allmulticast mode
[   27.071055] pimreg: left allmulticast mode
[   27.071309] pimreg: left allmulticast mode
[   27.082152] pimreg: entered allmulticast mode
[   27.100686] pimreg: entered allmulticast mode
[   27.126348] pimreg: entered allmulticast mode
[   27.149206] pimreg: entered allmulticast mode
[   27.189873] pimreg: entered allmulticast mode
[   27.205916] pimreg: entered allmulticast mode
[   27.221754] pimreg: left allmulticast mode
[   27.222126] pimreg: left allmulticast mode
[   27.222389] pimreg: left allmulticast mode
[   27.222956] pimreg: left allmulticast mode
[   27.223472] pimreg: left allmulticast mode
[   27.223751] pimreg: left allmulticast mode
[   27.234007] pimreg: entered allmulticast mode
[   27.253493] pimreg: entered allmulticast mode
[   27.291970] pimreg: entered allmulticast mode
[   27.317787] pimreg: entered allmulticast mode
[   27.337260] pimreg: entered allmulticast mode
[   27.361271] pimreg: entered allmulticast mode
[   27.386801] pimreg: entered allmulticast mode
[   27.394287] pimreg: left allmulticast mode
[   27.394663] pimreg: left allmulticast mode
[   27.394980] pimreg: left allmulticast mode
[   27.395239] pimreg: left allmulticast mode
[   27.395537] pimreg: left allmulticast mode
[   27.396464] pimreg: left allmulticast mode
[   27.396851] pimreg: left allmulticast mode
[   27.410396] pimreg: entered allmulticast mode
[   27.436417] pimreg: entered allmulticast mode
[   27.458623] pimreg: entered allmulticast mode
[   27.481316] pimreg: entered allmulticast mode
[   27.505124] pimreg: entered allmulticast mode
[   27.525301] pimreg: entered allmulticast mode
[   27.549287] pimreg: entered allmulticast mode
[   27.573838] pimreg: entered allmulticast mode
[   27.574465] pimreg: left allmulticast mode
[   27.574815] pimreg: left allmulticast mode
[   27.575087] pimreg: left allmulticast mode
[   27.575361] pimreg: left allmulticast mode
[   27.575651] pimreg: left allmulticast mode
[   27.575963] pimreg: left allmulticast mode
[   27.576273] pimreg: left allmulticast mode
[   27.587958] pimreg: entered allmulticast mode
[   27.612712] pimreg: entered allmulticast mode
[   27.638797] pimreg: entered allmulticast mode
[   27.665967] pimreg: entered allmulticast mode
[   27.689335] pimreg: entered allmulticast mode
[   27.721862] pimreg: entered allmulticast mode
[   27.742195] pimreg: entered allmulticast mode
[   27.778067] pimreg: left allmulticast mode
[   27.778497] pimreg: left allmulticast mode
[   27.778785] pimreg: left allmulticast mode
[   27.779091] pimreg: left allmulticast mode
[   27.779387] pimreg: left allmulticast mode
[   27.779700] pimreg: left allmulticast mode
[   27.780014] pimreg: left allmulticast mode
[   27.780294] pimreg: left allmulticast mode
[   27.793220] pimreg: entered allmulticast mode
[   27.838124] pimreg: entered allmulticast mode
[   27.860655] pimreg: entered allmulticast mode
[   27.873987] pimreg: entered allmulticast mode
[   27.912903] pimreg: entered allmulticast mode
[   27.938415] pimreg: entered allmulticast mode
[   27.953889] pimreg: left allmulticast mode
[   27.954809] pimreg: left allmulticast mode
[   27.955238] pimreg: left allmulticast mode
[   27.955703] pimreg: left allmulticast mode
[   27.956040] pimreg: left allmulticast mode
[   27.956357] pimreg: left allmulticast mode
[   27.967254] pimreg: entered allmulticast mode
[   28.009507] pimreg: entered allmulticast mode
[   28.043373] pimreg: entered allmulticast mode
[   28.081346] pimreg: entered allmulticast mode
[   28.109686] pimreg: entered allmulticast mode
[   28.133679] pimreg: entered allmulticast mode
[   28.169258] pimreg: entered allmulticast mode
[   28.190592] pimreg: left allmulticast mode
[   28.190914] pimreg: left allmulticast mode
[   28.191178] pimreg: left allmulticast mode
[   28.191431] pimreg: left allmulticast mode
[   28.191753] pimreg: left allmulticast mode
[   28.192392] pimreg: left allmulticast mode
[   28.192719] pimreg: left allmulticast mode
[   28.205598] pimreg: entered allmulticast mode
[   28.237887] pimreg: entered allmulticast mode
[   28.261404] pimreg: entered allmulticast mode
[   28.273854] pimreg: entered allmulticast mode
[   28.293666] pimreg: entered allmulticast mode
[   28.309711] pimreg: left allmulticast mode
[   28.310096] pimreg: left allmulticast mode
[   28.310685] pimreg: left allmulticast mode
[   28.311082] pimreg: left allmulticast mode
[   28.311970] pimreg: left allmulticast mode
[   28.321371] pimreg: entered allmulticast mode
[   28.344057] pimreg: entered allmulticast mode
[   28.375370] pimreg: entered allmulticast mode
[   28.397905] pimreg: entered allmulticast mode
[   28.425211] pimreg: entered allmulticast mode
[   28.453489] pimreg: entered allmulticast mode
[   28.462525] pimreg: left allmulticast mode
[   28.462873] pimreg: left allmulticast mode
[   28.463174] pimreg: left allmulticast mode
[   28.463466] pimreg: left allmulticast mode
[   28.463770] pimreg: left allmulticast mode
[   28.464057] pimreg: left allmulticast mode
[   28.479348] pimreg: entered allmulticast mode
[   28.501884] pimreg: entered allmulticast mode
[   28.531660] pimreg: entered allmulticast mode
[   28.557326] pimreg: entered allmulticast mode
[   28.597163] pimreg: entered allmulticast mode
[   28.621375] pimreg: entered allmulticast mode
[   28.657415] pimreg: entered allmulticast mode
[   28.678734] pimreg: left allmulticast mode
[   28.679071] pimreg: left allmulticast mode
[   28.679338] pimreg: left allmulticast mode
[   28.679602] pimreg: left allmulticast mode
[   28.679869] pimreg: left allmulticast mode
[   28.680483] pimreg: left allmulticast mode
[   28.680758] pimreg: left allmulticast mode
[   28.693005] pimreg: entered allmulticast mode
[   28.714086] pimreg: entered allmulticast mode
[   28.739193] pimreg: entered allmulticast mode
[   28.773554] pimreg: entered allmulticast mode
[   28.797494] pimreg: entered allmulticast mode
[   28.837071] pimreg: entered allmulticast mode
[   28.865636] pimreg: entered allmulticast mode
[   28.897692] pimreg: entered allmulticast mode
[   28.921545] pimreg: left allmulticast mode
[   28.922068] pimreg: left allmulticast mode
[   28.922340] pimreg: left allmulticast mode
[   28.922614] pimreg: left allmulticast mode
[   28.923018] pimreg: left allmulticast mode
[   28.923275] pimreg: left allmulticast mode
[   28.923522] pimreg: left allmulticast mode
[   28.923815] pimreg: left allmulticast mode
[   28.936682] pimreg: entered allmulticast mode
[   28.958633] pimreg: entered allmulticast mode
[   29.016214] pimreg: entered allmulticast mode
[   29.039258] pimreg: entered allmulticast mode
[   29.061287] pimreg: entered allmulticast mode
[   29.105856] pimreg: entered allmulticast mode
[   29.126890] pimreg: left allmulticast mode
[   29.127198] pimreg: left allmulticast mode
[   29.127450] pimreg: left allmulticast mode
[   29.127764] pimreg: left allmulticast mode
[   29.128081] pimreg: left allmulticast mode
[   29.128389] pimreg: left allmulticast mode
[   29.138985] pimreg: entered allmulticast mode
[   29.184690] pimreg: entered allmulticast mode
[   29.212474] pimreg: entered allmulticast mode
[   29.249476] pimreg: entered allmulticast mode
[   29.273941] pimreg: entered allmulticast mode
[   29.313373] pimreg: entered allmulticast mode
[   29.353771] pimreg: entered allmulticast mode
[   29.390167] pimreg: left allmulticast mode
[   29.390716] pimreg: left allmulticast mode
[   29.390990] pimreg: left allmulticast mode
[   29.391237] pimreg: left allmulticast mode
[   29.391536] pimreg: left allmulticast mode
[   29.391974] pimreg: left allmulticast mode
[   29.392267] pimreg: left allmulticast mode
[   29.404019] pimreg: entered allmulticast mode
[   29.425786] pimreg: entered allmulticast mode
[   29.455302] pimreg: entered allmulticast mode
[   29.473960] pimreg: entered allmulticast mode
[   29.497117] pimreg: entered allmulticast mode
[   29.517974] pimreg: entered allmulticast mode
[   29.533402] pimreg: entered allmulticast mode
[   29.554244] pimreg: entered allmulticast mode
[   29.554613] pimreg: left allmulticast mode
[   29.554967] pimreg: left allmulticast mode
[   29.555225] pimreg: left allmulticast mode
[   29.555498] pimreg: left allmulticast mode
[   29.555817] pimreg: left allmulticast mode
[   29.556098] pimreg: left allmulticast mode
[   29.556379] pimreg: left allmulticast mode
[   29.569522] pimreg: entered allmulticast mode
[   29.613416] pimreg: entered allmulticast mode
[   29.629914] pimreg: entered allmulticast mode
[   29.649307] pimreg: entered allmulticast mode
[   29.662353] pimreg: entered allmulticast mode
[   29.701922] pimreg: entered allmulticast mode
[   29.721348] pimreg: entered allmulticast mode
[   29.742630] pimreg: entered allmulticast mode
[   29.742991] pimreg: left allmulticast mode
[   29.743298] pimreg: left allmulticast mode
[   29.743591] pimreg: left allmulticast mode
[   29.743893] pimreg: left allmulticast mode
[   29.744177] pimreg: left allmulticast mode
[   29.744469] pimreg: left allmulticast mode
[   29.744772] pimreg: left allmulticast mode
[   29.745641] pimreg: left allmulticast mode
[   29.759230] pimreg: entered allmulticast mode
[   29.778260] pimreg: entered allmulticast mode
[   29.813244] pimreg: entered allmulticast mode
[   29.841451] pimreg: entered allmulticast mode
[   29.865309] pimreg: entered allmulticast mode
[   29.889819] pimreg: entered allmulticast mode
[   29.913287] pimreg: entered allmulticast mode
[   29.937735] pimreg: entered allmulticast mode
[   29.958230] pimreg: left allmulticast mode
[   29.958580] pimreg: left allmulticast mode
[   29.958855] pimreg: left allmulticast mode
[   29.959105] pimreg: left allmulticast mode
[   29.959368] pimreg: left allmulticast mode
[   29.960020] pimreg: left allmulticast mode
[   29.960597] pimreg: left allmulticast mode
[   29.960919] pimreg: left allmulticast mode
[   29.961605] pimreg: left allmulticast mode
[   29.975880] pimreg: entered allmulticast mode
[   29.996823] pimreg: entered allmulticast mode
[   30.013144] pimreg: entered allmulticast mode
[   30.042165] pimreg: entered allmulticast mode
[   30.073783] pimreg: entered allmulticast mode
[   30.105173] pimreg: entered allmulticast mode
[   30.129140] pimreg: entered allmulticast mode
[   30.169500] pimreg: entered allmulticast mode
[   30.193726] pimreg: entered allmulticast mode
[   30.207078] pimreg: left allmulticast mode
[   30.207459] pimreg: left allmulticast mode
[   30.207752] pimreg: left allmulticast mode
[   30.208038] pimreg: left allmulticast mode
[   30.208293] pimreg: left allmulticast mode
[   30.208541] pimreg: left allmulticast mode
[   30.208848] pimreg: left allmulticast mode
[   30.209223] pimreg: left allmulticast mode
[   30.209541] pimreg: left allmulticast mode
[   30.225524] pimreg: entered allmulticast mode
[   30.253172] pimreg: entered allmulticast mode
[   30.273646] pimreg: entered allmulticast mode
[   30.290103] pimreg: entered allmulticast mode
[   30.301883] pimreg: entered allmulticast mode
[   30.325889] pimreg: entered allmulticast mode
[   30.351177] pimreg: entered allmulticast mode
[   30.351533] pimreg: left allmulticast mode
[   30.351814] pimreg: left allmulticast mode
[   30.352119] pimreg: left allmulticast mode
[   30.352427] pimreg: left allmulticast mode
[   30.352724] pimreg: left allmulticast mode
[   30.353287] pimreg: left allmulticast mode
[   30.365118] pimreg: entered allmulticast mode
[   30.388597] pimreg: entered allmulticast mode
[   30.431818] pimreg: entered allmulticast mode
[   30.457994] pimreg: entered allmulticast mode
[   30.481473] pimreg: entered allmulticast mode
[   30.525680] pimreg: entered allmulticast mode
[   30.553412] pimreg: entered allmulticast mode
[   30.593917] pimreg: left allmulticast mode
[   30.594275] pimreg: left allmulticast mode
[   30.594547] pimreg: left allmulticast mode
[   30.594818] pimreg: left allmulticast mode
[   30.595109] pimreg: left allmulticast mode
[   30.596511] pimreg: left allmulticast mode
[   30.596878] pimreg: left allmulticast mode
[   30.597238] pimreg: left allmulticast mode
[   30.610115] pimreg: entered allmulticast mode
[   30.635381] pimreg: entered allmulticast mode
[   30.653401] pimreg: entered allmulticast mode
[   30.672544] pimreg: entered allmulticast mode
[   30.697798] pimreg: entered allmulticast mode
[   30.714094] pimreg: entered allmulticast mode
[   30.737058] pimreg: entered allmulticast mode
[   30.761631] pimreg: entered allmulticast mode
[   30.789659] pimreg: entered allmulticast mode
[   30.802531] pimreg: left allmulticast mode
[   30.802890] pimreg: left allmulticast mode
[   30.803151] pimreg: left allmulticast mode
[   30.803462] pimreg: left allmulticast mode
[   30.803782] pimreg: left allmulticast mode
[   30.804080] pimreg: left allmulticast mode
[   30.804369] pimreg: left allmulticast mode
[   30.804693] pimreg: left allmulticast mode
[   30.805029] pimreg: left allmulticast mode
[   30.820032] pimreg: entered allmulticast mode
[   30.848341] pimreg: entered allmulticast mode
[   30.877717] pimreg: entered allmulticast mode
[   30.902231] pimreg: entered allmulticast mode
[   30.921337] pimreg: entered allmulticast mode
[   30.949393] pimreg: entered allmulticast mode
[   30.969694] pimreg: entered allmulticast mode
[   30.998343] pimreg: entered allmulticast mode
[   31.013957] pimreg: left allmulticast mode
[   31.014296] pimreg: left allmulticast mode
[   31.014603] pimreg: left allmulticast mode
[   31.015451] pimreg: left allmulticast mode
[   31.015803] pimreg: left allmulticast mode
[   31.016079] pimreg: left allmulticast mode
[   31.016340] pimreg: left allmulticast mode
[   31.016603] pimreg: left allmulticast mode
[   31.029739] pimreg: entered allmulticast mode
[   31.054488] pimreg: entered allmulticast mode
[   31.084779] pimreg: entered allmulticast mode
[   31.097292] pimreg: entered allmulticast mode
[   31.121506] pimreg: entered allmulticast mode
[   31.145797] pimreg: entered allmulticast mode
[   31.169558] pimreg: entered allmulticast mode
[   31.201839] pimreg: entered allmulticast mode
[   31.222053] pimreg: left allmulticast mode
[   31.222405] pimreg: left allmulticast mode
[   31.222687] pimreg: left allmulticast mode
[   31.223561] pimreg: left allmulticast mode
[   31.223899] pimreg: left allmulticast mode
[   31.224149] pimreg: left allmulticast mode
[   31.224459] pimreg: left allmulticast mode
[   31.224780] pimreg: left allmulticast mode
[   31.237788] pimreg: entered allmulticast mode
[   31.270015] pimreg: entered allmulticast mode
[   31.303513] pimreg: entered allmulticast mode
[   31.321495] pimreg: entered allmulticast mode
[   31.341602] pimreg: entered allmulticast mode
[   31.361848] pimreg: entered allmulticast mode
[   31.381568] pimreg: entered allmulticast mode
[   31.401668] pimreg: entered allmulticast mode
[   31.417922] pimreg: left allmulticast mode
[   31.418274] pimreg: left allmulticast mode
[   31.418581] pimreg: left allmulticast mode
[   31.419904] pimreg: left allmulticast mode
[   31.420245] pimreg: left allmulticast mode
[   31.420539] pimreg: left allmulticast mode
[   31.420860] pimreg: left allmulticast mode
[   31.421526] pimreg: left allmulticast mode
[   31.434593] pimreg: entered allmulticast mode
[   31.462785] pimreg: entered allmulticast mode
[   31.491255] pimreg: entered allmulticast mode
[   31.509751] pimreg: entered allmulticast mode
[   31.537225] pimreg: entered allmulticast mode
[   31.577779] pimreg: entered allmulticast mode
[   31.601654] pimreg: entered allmulticast mode
[   31.641466] pimreg: entered allmulticast mode
[   31.665594] pimreg: entered allmulticast mode
[   31.670073] pimreg: left allmulticast mode
[   31.670425] pimreg: left allmulticast mode
[   31.670716] pimreg: left allmulticast mode
[   31.670979] pimreg: left allmulticast mode
[   31.671229] pimreg: left allmulticast mode
[   31.671523] pimreg: left allmulticast mode
[   31.672442] pimreg: left allmulticast mode
[   31.672869] pimreg: left allmulticast mode
[   31.673713] pimreg: left allmulticast mode
[   31.688793] pimreg: entered allmulticast mode
[   31.711752] pimreg: entered allmulticast mode
[   31.729408] pimreg: entered allmulticast mode
[   31.746431] pimreg: entered allmulticast mode
[   31.777547] pimreg: entered allmulticast mode
[   31.801680] pimreg: entered allmulticast mode
[   31.829239] pimreg: entered allmulticast mode
[   31.853287] pimreg: entered allmulticast mode
[   31.873603] pimreg: entered allmulticast mode
[   31.893330] pimreg: entered allmulticast mode
[   31.902347] pimreg: left allmulticast mode
[   31.902921] pimreg: left allmulticast mode
[   31.903212] pimreg: left allmulticast mode
[   31.903477] pimreg: left allmulticast mode
[   31.903741] pimreg: left allmulticast mode
[   31.903994] pimreg: left allmulticast mode
[   31.904290] pimreg: left allmulticast mode
[   31.904580] pimreg: left allmulticast mode
[   31.904896] pimreg: left allmulticast mode
[   31.905351] pimreg: left allmulticast mode
[   31.922193] pimreg: entered allmulticast mode
[   31.941210] pimreg: entered allmulticast mode
[   31.966483] pimreg: entered allmulticast mode
[   31.990269] pimreg: entered allmulticast mode
[   32.013842] pimreg: entered allmulticast mode
[   32.033275] pimreg: entered allmulticast mode
[   32.053453] pimreg: entered allmulticast mode
[   32.073095] pimreg: entered allmulticast mode
[   32.097485] pimreg: entered allmulticast mode
[   32.113964] pimreg: left allmulticast mode
[   32.114325] pimreg: left allmulticast mode
[   32.114598] pimreg: left allmulticast mode
[   32.114890] pimreg: left allmulticast mode
[   32.115148] pimreg: left allmulticast mode
[   32.116017] pimreg: left allmulticast mode
[   32.116443] pimreg: left allmulticast mode
[   32.116734] pimreg: left allmulticast mode
[   32.117054] pimreg: left allmulticast mode
[   32.117314] pimreg: left allmulticast mode
[   32.132665] pimreg: entered allmulticast mode
[   32.154269] pimreg: entered allmulticast mode
[   32.176835] pimreg: entered allmulticast mode
[   32.193674] pimreg: entered allmulticast mode
[   32.213197] pimreg: entered allmulticast mode
[   32.230245] pimreg: left allmulticast mode
[   32.230636] pimreg: left allmulticast mode
[   32.230910] pimreg: left allmulticast mode
[   32.231163] pimreg: left allmulticast mode
[   32.231982] pimreg: left allmulticast mode
[   32.242601] pimreg: entered allmulticast mode
[   32.270919] pimreg: entered allmulticast mode
[   32.283713] pimreg: entered allmulticast mode
[   32.305718] pimreg: entered allmulticast mode
[   32.325783] pimreg: entered allmulticast mode
[   32.345730] pimreg: entered allmulticast mode
[   32.370690] pimreg: entered allmulticast mode
[   32.371086] pimreg: left allmulticast mode
[   32.371433] pimreg: left allmulticast mode
[   32.371699] pimreg: left allmulticast mode
[   32.371971] pimreg: left allmulticast mode
[   32.372227] pimreg: left allmulticast mode
[   32.383142] pimreg: entered allmulticast mode
[   32.401033] pimreg: entered allmulticast mode
[   32.428067] pimreg: entered allmulticast mode
[   32.449434] pimreg: entered allmulticast mode
[   32.469659] pimreg: entered allmulticast mode
[   32.489411] pimreg: entered allmulticast mode
[   32.513090] pimreg: entered allmulticast mode
[   32.525953] pimreg: left allmulticast mode
[   32.526311] pimreg: left allmulticast mode
[   32.526590] pimreg: left allmulticast mode
[   32.526850] pimreg: left allmulticast mode
[   32.527107] pimreg: left allmulticast mode
[   32.527416] pimreg: left allmulticast mode
[   32.527723] pimreg: left allmulticast mode
[   32.528462] pimreg: left allmulticast mode
[   32.542959] pimreg: entered allmulticast mode
[   32.558324] pimreg: entered allmulticast mode
[   32.577646] pimreg: entered allmulticast mode
[   32.594171] pimreg: entered allmulticast mode
[   32.606100] pimreg: entered allmulticast mode
[   32.637775] pimreg: entered allmulticast mode
[   32.662563] pimreg: entered allmulticast mode
[   32.662992] pimreg: left allmulticast mode
[   32.663267] pimreg: left allmulticast mode
[   32.663587] pimreg: left allmulticast mode
[   32.663903] pimreg: left allmulticast mode
[   32.664199] pimreg: left allmulticast mode
[   32.664506] pimreg: left allmulticast mode
[   32.676772] pimreg: entered allmulticast mode
[   32.695039] pimreg: entered allmulticast mode
[   32.714409] pimreg: entered allmulticast mode
[   32.737345] pimreg: entered allmulticast mode
[   32.769378] pimreg: entered allmulticast mode
[   32.789690] pimreg: entered allmulticast mode
[   32.806312] pimreg: left allmulticast mode
[   32.806632] pimreg: left allmulticast mode
[   32.806896] pimreg: left allmulticast mode
[   32.807196] pimreg: left allmulticast mode
[   32.807497] pimreg: left allmulticast mode
[   32.807912] pimreg: left allmulticast mode
[   32.808211] pimreg: left allmulticast mode
[   32.820382] pimreg: entered allmulticast mode
[   32.841592] pimreg: entered allmulticast mode
[   32.868287] pimreg: entered allmulticast mode
[   32.901636] pimreg: entered allmulticast mode
[   32.925155] pimreg: entered allmulticast mode
[   32.949478] pimreg: entered allmulticast mode
[   32.985347] pimreg: entered allmulticast mode
[   33.014037] pimreg: entered allmulticast mode
[   33.019315] pimreg: left allmulticast mode
[   33.019687] pimreg: left allmulticast mode
[   33.019943] pimreg: left allmulticast mode
[   33.020190] pimreg: left allmulticast mode
[   33.020482] pimreg: left allmulticast mode
[   33.020788] pimreg: left allmulticast mode
[   33.021476] pimreg: left allmulticast mode
[   33.021812] pimreg: left allmulticast mode
[   33.035755] pimreg: entered allmulticast mode
[   33.051139] pimreg: entered allmulticast mode
[   33.086336] pimreg: entered allmulticast mode
[   33.113970] pimreg: entered allmulticast mode
[   33.153807] pimreg: entered allmulticast mode
[   33.185788] pimreg: entered allmulticast mode
[   33.209517] pimreg: entered allmulticast mode
[   33.230308] pimreg: entered allmulticast mode
[   33.245925] pimreg: left allmulticast mode
[   33.246281] pimreg: left allmulticast mode
[   33.246560] pimreg: left allmulticast mode
[   33.246830] pimreg: left allmulticast mode
[   33.247508] pimreg: left allmulticast mode
[   33.247947] pimreg: left allmulticast mode
[   33.248262] pimreg: left allmulticast mode
[   33.248578] pimreg: left allmulticast mode
[   33.261924] pimreg: entered allmulticast mode
[   33.283139] pimreg: entered allmulticast mode
[   33.296006] pimreg: entered allmulticast mode
[   33.321782] pimreg: entered allmulticast mode
[   33.353773] pimreg: entered allmulticast mode
[   33.377180] pimreg: entered allmulticast mode
[   33.400912] pimreg: entered allmulticast mode
[   33.422906] pimreg: left allmulticast mode
[   33.423242] pimreg: left allmulticast mode
[   33.423501] pimreg: left allmulticast mode
[   33.423825] pimreg: left allmulticast mode
[   33.424120] pimreg: left allmulticast mode
[   33.424428] pimreg: left allmulticast mode
[   33.424734] pimreg: left allmulticast mode
[   33.436468] pimreg: entered allmulticast mode
[   33.462151] pimreg: entered allmulticast mode
[   33.489728] pimreg: entered allmulticast mode
[   33.512092] pimreg: entered allmulticast mode
[   33.533467] pimreg: entered allmulticast mode
[   33.553420] pimreg: entered allmulticast mode
[   33.577117] pimreg: entered allmulticast mode
[   33.605160] pimreg: entered allmulticast mode
[   33.645383] pimreg: entered allmulticast mode
[   33.658555] pimreg: left allmulticast mode
[   33.659063] pimreg: left allmulticast mode
[   33.659326] pimreg: left allmulticast mode
[   33.659593] pimreg: left allmulticast mode
[   33.659896] pimreg: left allmulticast mode
[   33.660196] pimreg: left allmulticast mode
[   33.660484] pimreg: left allmulticast mode
[   33.660795] pimreg: left allmulticast mode
[   33.661131] pimreg: left allmulticast mode
[   33.677018] pimreg: entered allmulticast mode
[   33.698856] pimreg: entered allmulticast mode
[   33.724630] pimreg: entered allmulticast mode
[   33.749759] pimreg: entered allmulticast mode
[   33.781980] pimreg: entered allmulticast mode
[   33.805730] pimreg: entered allmulticast mode
[   33.821620] pimreg: entered allmulticast mode
[   33.849605] pimreg: entered allmulticast mode
[   33.873561] pimreg: entered allmulticast mode
[   33.895773] pimreg: left allmulticast mode
[   33.896138] pimreg: left allmulticast mode
[   33.896399] pimreg: left allmulticast mode
[   33.897720] pimreg: left allmulticast mode
[   33.898074] pimreg: left allmulticast mode
[   33.898329] pimreg: left allmulticast mode
[   33.898642] pimreg: left allmulticast mode
[   33.898933] pimreg: left allmulticast mode
[   33.899248] pimreg: left allmulticast mode
[   33.912726] pimreg: entered allmulticast mode
[   33.935737] pimreg: entered allmulticast mode
[   33.955252] pimreg: entered allmulticast mode
[   33.977079] pimreg: entered allmulticast mode
[   34.001456] pimreg: entered allmulticast mode
[   34.021470] pimreg: entered allmulticast mode
[   34.049576] pimreg: entered allmulticast mode
[   34.077769] pimreg: entered allmulticast mode
[   34.101495] pimreg: entered allmulticast mode
[   34.126670] pimreg: left allmulticast mode
[   34.127000] pimreg: left allmulticast mode
[   34.127280] pimreg: left allmulticast mode
[   34.127541] pimreg: left allmulticast mode
[   34.127838] pimreg: left allmulticast mode
[   34.128148] pimreg: left allmulticast mode
[   34.128453] pimreg: left allmulticast mode
[   34.128762] pimreg: left allmulticast mode
[   34.129116] pimreg: left allmulticast mode
[   34.144642] pimreg: entered allmulticast mode
[   34.173834] pimreg: entered allmulticast mode
[   34.206243] pimreg: entered allmulticast mode
[   34.229910] pimreg: entered allmulticast mode
[   34.249924] pimreg: entered allmulticast mode
[   34.277919] pimreg: entered allmulticast mode
[   34.301940] pimreg: entered allmulticast mode
[   34.322134] pimreg: entered allmulticast mode
[   34.337819] pimreg: left allmulticast mode
[   34.338175] pimreg: left allmulticast mode
[   34.338432] pimreg: left allmulticast mode
[   34.339418] pimreg: left allmulticast mode
[   34.339754] pimreg: left allmulticast mode
[   34.340030] pimreg: left allmulticast mode
[   34.340292] pimreg: left allmulticast mode
[   34.340557] pimreg: left allmulticast mode
[   34.354246] pimreg: entered allmulticast mode
[   34.387210] pimreg: entered allmulticast mode
[   34.415632] pimreg: entered allmulticast mode
[   34.437144] pimreg: entered allmulticast mode
[   34.461577] pimreg: entered allmulticast mode
[   34.497613] pimreg: entered allmulticast mode
[   34.529436] pimreg: entered allmulticast mode
[   34.562338] pimreg: entered allmulticast mode
[   34.589877] pimreg: entered allmulticast mode
[   34.594239] pimreg: left allmulticast mode
[   34.594627] pimreg: left allmulticast mode
[   34.594893] pimreg: left allmulticast mode
[   34.595190] pimreg: left allmulticast mode
[   34.595517] pimreg: left allmulticast mode
[   34.595816] pimreg: left allmulticast mode
[   34.596117] pimreg: left allmulticast mode
[   34.596408] pimreg: left allmulticast mode
[   34.617186] pimreg: entered allmulticast mode
[   34.635358] pimreg: entered allmulticast mode
[   34.651892] pimreg: entered allmulticast mode
[   34.669569] pimreg: entered allmulticast mode
[   34.693935] pimreg: entered allmulticast mode
[   34.717793] pimreg: entered allmulticast mode
[   34.749565] pimreg: entered allmulticast mode
[   34.769888] pimreg: left allmulticast mode
[   34.770252] pimreg: left allmulticast mode
[   34.770521] pimreg: left allmulticast mode
[   34.771878] pimreg: left allmulticast mode
[   34.772196] pimreg: left allmulticast mode
[   34.772513] pimreg: left allmulticast mode
[   34.772827] pimreg: left allmulticast mode
[   34.773149] pimreg: left allmulticast mode
[   34.786270] pimreg: entered allmulticast mode
[   34.807203] pimreg: entered allmulticast mode
[   34.832714] pimreg: entered allmulticast mode
[   34.853907] pimreg: entered allmulticast mode
[   34.865548] pimreg: entered allmulticast mode
[   34.897657] pimreg: entered allmulticast mode
[   34.933382] pimreg: entered allmulticast mode
[   34.965520] pimreg: entered allmulticast mode
[   34.982729] pimreg: left allmulticast mode
[   34.983109] pimreg: left allmulticast mode
[   34.983420] pimreg: left allmulticast mode
[   34.983756] pimreg: left allmulticast mode
[   34.984043] pimreg: left allmulticast mode
[   34.984334] pimreg: left allmulticast mode
[   34.984634] pimreg: left allmulticast mode
[   34.984928] pimreg: left allmulticast mode
[   35.003590] pimreg: entered allmulticast mode
[   35.030435] pimreg: entered allmulticast mode
[   35.057382] pimreg: entered allmulticast mode
[   35.069324] pimreg: entered allmulticast mode
[   35.089589] pimreg: entered allmulticast mode
[   35.121237] pimreg: entered allmulticast mode
[   35.149635] pimreg: entered allmulticast mode
[   35.173986] pimreg: entered allmulticast mode
[   35.178130] pimreg: left allmulticast mode
[   35.178977] pimreg: left allmulticast mode
[   35.179294] pimreg: left allmulticast mode
[   35.179582] pimreg: left allmulticast mode
[   35.179835] pimreg: left allmulticast mode
[   35.180081] pimreg: left allmulticast mode
[   35.180374] pimreg: left allmulticast mode
[   35.180668] pimreg: left allmulticast mode
[   35.194819] pimreg: entered allmulticast mode
[   35.215166] pimreg: entered allmulticast mode
[   35.241150] pimreg: entered allmulticast mode
[   35.261849] pimreg: entered allmulticast mode
[   35.289443] pimreg: entered allmulticast mode
[   35.317300] pimreg: entered allmulticast mode
[   35.345448] pimreg: entered allmulticast mode
[   35.389176] pimreg: entered allmulticast mode
[   35.422143] pimreg: left allmulticast mode
[   35.422959] pimreg: left allmulticast mode
[   35.423444] pimreg: left allmulticast mode
[   35.423788] pimreg: left allmulticast mode
[   35.424104] pimreg: left allmulticast mode
[   35.424403] pimreg: left allmulticast mode
[   35.424746] pimreg: left allmulticast mode
[   35.425091] pimreg: left allmulticast mode
[   35.438343] pimreg: entered allmulticast mode
[   35.463333] pimreg: entered allmulticast mode
[   35.480143] pimreg: entered allmulticast mode
[   35.506400] pimreg: entered allmulticast mode
[   35.537610] pimreg: entered allmulticast mode
[   35.561270] pimreg: entered allmulticast mode
[   35.581631] pimreg: entered allmulticast mode
[   35.609235] pimreg: entered allmulticast mode
[   35.634036] pimreg: left allmulticast mode
[   35.634386] pimreg: left allmulticast mode
[   35.634675] pimreg: left allmulticast mode
[   35.634935] pimreg: left allmulticast mode
[   35.635192] pimreg: left allmulticast mode
[   35.636539] pimreg: left allmulticast mode
[   35.636815] pimreg: left allmulticast mode
[   35.637177] pimreg: left allmulticast mode
[   35.650656] pimreg: entered allmulticast mode
[   35.675763] pimreg: entered allmulticast mode
[   35.694189] pimreg: entered allmulticast mode
[   35.720477] pimreg: entered allmulticast mode
[   35.745899] pimreg: entered allmulticast mode
[   35.769503] pimreg: entered allmulticast mode
[   35.797465] pimreg: entered allmulticast mode
[   35.825509] pimreg: entered allmulticast mode
[   35.865848] pimreg: entered allmulticast mode
[   35.893660] pimreg: entered allmulticast mode
[   35.898186] pimreg: left allmulticast mode
[   35.898556] pimreg: left allmulticast mode
[   35.898825] pimreg: left allmulticast mode
[   35.899085] pimreg: left allmulticast mode
[   35.899382] pimreg: left allmulticast mode
[   35.900360] pimreg: left allmulticast mode
[   35.900733] pimreg: left allmulticast mode
[   35.901437] pimreg: left allmulticast mode
[   35.901784] pimreg: left allmulticast mode
[   35.902653] pimreg: left allmulticast mode
[   35.917877] pimreg: entered allmulticast mode
[   35.947002] pimreg: entered allmulticast mode
[   35.961431] pimreg: entered allmulticast mode
[   35.974727] pimreg: entered allmulticast mode
[   36.006709] pimreg: entered allmulticast mode
[   36.021600] pimreg: entered allmulticast mode
[   36.045424] pimreg: entered allmulticast mode
[   36.069468] pimreg: entered allmulticast mode
[   36.074324] pimreg: left allmulticast mode
[   36.074705] pimreg: left allmulticast mode
[   36.074961] pimreg: left allmulticast mode
[   36.075263] pimreg: left allmulticast mode
[   36.075574] pimreg: left allmulticast mode
[   36.076278] pimreg: left allmulticast mode
[   36.076606] pimreg: left allmulticast mode
[   36.076899] pimreg: left allmulticast mode
[   36.090948] pimreg: entered allmulticast mode
[   36.111861] pimreg: entered allmulticast mode
[   36.141672] pimreg: entered allmulticast mode
[   36.165895] pimreg: entered allmulticast mode
[   36.193508] pimreg: entered allmulticast mode
[   36.229999] pimreg: entered allmulticast mode
[   36.257313] pimreg: entered allmulticast mode
[   36.281026] pimreg: entered allmulticast mode
[   36.309897] pimreg: entered allmulticast mode
[   36.314238] pimreg: left allmulticast mode
[   36.315143] pimreg: left allmulticast mode
[   36.315497] pimreg: left allmulticast mode
[   36.315836] pimreg: left allmulticast mode
[   36.316144] pimreg: left allmulticast mode
[   36.316447] pimreg: left allmulticast mode
[   36.316745] pimreg: left allmulticast mode
[   36.317093] pimreg: left allmulticast mode
[   36.317795] pimreg: left allmulticast mode
[   36.332593] pimreg: entered allmulticast mode
[   36.355448] pimreg: entered allmulticast mode
[   36.380474] pimreg: entered allmulticast mode
[   36.393320] pimreg: entered allmulticast mode
[   36.425687] pimreg: entered allmulticast mode
[   36.444996] pimreg: entered allmulticast mode
[   36.477971] pimreg: entered allmulticast mode
[   36.498124] pimreg: entered allmulticast mode
[   36.517999] pimreg: left allmulticast mode
[   36.518350] pimreg: left allmulticast mode
[   36.518629] pimreg: left allmulticast mode
[   36.518878] pimreg: left allmulticast mode
[   36.519577] pimreg: left allmulticast mode
[   36.519856] pimreg: left allmulticast mode
[   36.520148] pimreg: left allmulticast mode
[   36.520465] pimreg: left allmulticast mode
[   36.533721] pimreg: entered allmulticast mode
[   36.576101] pimreg: entered allmulticast mode
[   36.593617] pimreg: entered allmulticast mode
[   36.610252] pimreg: entered allmulticast mode
[   36.633696] pimreg: entered allmulticast mode
[   36.661748] pimreg: entered allmulticast mode
[   36.682866] pimreg: left allmulticast mode
[   36.683175] pimreg: left allmulticast mode
[   36.683440] pimreg: left allmulticast mode
[   36.683693] pimreg: left allmulticast mode
[   36.684008] pimreg: left allmulticast mode
[   36.685245] pimreg: left allmulticast mode
[   36.695373] pimreg: entered allmulticast mode
[   36.718831] pimreg: entered allmulticast mode
[   36.753850] pimreg: entered allmulticast mode
[   36.766177] pimreg: entered allmulticast mode
[   36.785613] pimreg: entered allmulticast mode
[   36.805538] pimreg: entered allmulticast mode
[   36.829848] pimreg: entered allmulticast mode
[   36.845714] pimreg: left allmulticast mode
[   36.846077] pimreg: left allmulticast mode
[   36.846340] pimreg: left allmulticast mode
[   36.846627] pimreg: left allmulticast mode
[   36.847837] pimreg: left allmulticast mode
[   36.848146] pimreg: left allmulticast mode
[   36.848460] pimreg: left allmulticast mode
[   36.860500] pimreg: entered allmulticast mode
[   36.885839] pimreg: entered allmulticast mode
[   36.910461] pimreg: entered allmulticast mode
[   36.938219] pimreg: entered allmulticast mode
[   36.957155] pimreg: entered allmulticast mode
[   36.994099] pimreg: entered allmulticast mode
[   37.005949] pimreg: left allmulticast mode
[   37.006555] pimreg: left allmulticast mode
[   37.006835] pimreg: left allmulticast mode
[   37.007098] pimreg: left allmulticast mode
[   37.007344] pimreg: left allmulticast mode
[   37.007645] pimreg: left allmulticast mode
[   37.019096] pimreg: entered allmulticast mode
[   37.041458] pimreg: entered allmulticast mode
[   37.061410] pimreg: entered allmulticast mode
[   37.085325] pimreg: entered allmulticast mode
[   37.105385] pimreg: entered allmulticast mode
[   37.125715] pimreg: entered allmulticast mode
[   37.150011] pimreg: entered allmulticast mode
[   37.169993] pimreg: left allmulticast mode
[   37.170346] pimreg: left allmulticast mode
[   37.170633] pimreg: left allmulticast mode
[   37.170881] pimreg: left allmulticast mode
[   37.171199] pimreg: left allmulticast mode
[   37.171654] pimreg: left allmulticast mode
[   37.171979] pimreg: left allmulticast mode
[   37.184197] pimreg: entered allmulticast mode
[   37.208867] pimreg: entered allmulticast mode
[   37.233973] pimreg: entered allmulticast mode
[   37.253490] pimreg: entered allmulticast mode
[   37.293802] pimreg: entered allmulticast mode
[   37.317623] pimreg: entered allmulticast mode
[   37.345992] pimreg: entered allmulticast mode
[   37.373925] pimreg: entered allmulticast mode
[   37.393768] pimreg: left allmulticast mode
[   37.394131] pimreg: left allmulticast mode
[   37.394422] pimreg: left allmulticast mode
[   37.394675] pimreg: left allmulticast mode
[   37.395279] pimreg: left allmulticast mode
[   37.395684] pimreg: left allmulticast mode
[   37.395954] pimreg: left allmulticast mode
[   37.396209] pimreg: left allmulticast mode
[   37.409841] pimreg: entered allmulticast mode
[   37.434442] pimreg: entered allmulticast mode
[   37.458296] pimreg: entered allmulticast mode
[   37.494423] pimreg: entered allmulticast mode
[   37.509682] pimreg: entered allmulticast mode
[   37.529826] pimreg: entered allmulticast mode
[   37.553525] pimreg: entered allmulticast mode
[   37.577521] pimreg: entered allmulticast mode
[   37.598003] pimreg: entered allmulticast mode
[   37.598370] pimreg: left allmulticast mode
[   37.598708] pimreg: left allmulticast mode
[   37.598961] pimreg: left allmulticast mode
[   37.599286] pimreg: left allmulticast mode
[   37.599862] pimreg: left allmulticast mode
[   37.600177] pimreg: left allmulticast mode
[   37.600489] pimreg: left allmulticast mode
[   37.600777] pimreg: left allmulticast mode
[   37.601082] pimreg: left allmulticast mode
[   37.615324] pimreg: entered allmulticast mode
[   37.635420] pimreg: entered allmulticast mode
[   37.664154] pimreg: entered allmulticast mode
[   37.702156] pimreg: entered allmulticast mode
[   37.717637] pimreg: entered allmulticast mode
[   37.737299] pimreg: entered allmulticast mode
[   37.761995] pimreg: entered allmulticast mode
[   37.781820] pimreg: entered allmulticast mode
[   37.821337] pimreg: entered allmulticast mode
[   37.826352] pimreg: left allmulticast mode
[   37.826959] pimreg: left allmulticast mode
[   37.827302] pimreg: left allmulticast mode
[   37.827641] pimreg: left allmulticast mode
[   37.827939] pimreg: left allmulticast mode
[   37.828261] pimreg: left allmulticast mode
[   37.828570] pimreg: left allmulticast mode
[   37.828872] pimreg: left allmulticast mode
[   37.844928] pimreg: entered allmulticast mode
[   37.874167] pimreg: entered allmulticast mode
[   37.904464] pimreg: entered allmulticast mode
[   37.921254] pimreg: entered allmulticast mode
[   37.949712] pimreg: entered allmulticast mode
[   37.969581] pimreg: entered allmulticast mode
[   37.993891] pimreg: entered allmulticast mode
[   38.017668] pimreg: entered allmulticast mode
[   38.038139] pimreg: entered allmulticast mode
[   38.038532] pimreg: left allmulticast mode
[   38.038889] pimreg: left allmulticast mode
[   38.039176] pimreg: left allmulticast mode
[   38.039458] pimreg: left allmulticast mode
[   38.039761] pimreg: left allmulticast mode
[   38.040058] pimreg: left allmulticast mode
[   38.040373] pimreg: left allmulticast mode
[   38.040690] pimreg: left allmulticast mode
[   38.041065] pimreg: left allmulticast mode
[   38.056371] pimreg: entered allmulticast mode
[   38.090764] pimreg: entered allmulticast mode
[   38.133112] pimreg: entered allmulticast mode
[   38.161753] pimreg: entered allmulticast mode
[   38.188912] pimreg: entered allmulticast mode
[   38.217536] pimreg: entered allmulticast mode
[   38.245644] pimreg: entered allmulticast mode
[   38.273836] pimreg: entered allmulticast mode
[   38.314045] pimreg: entered allmulticast mode
[   38.343281] pimreg: left allmulticast mode
[   38.344116] pimreg: left allmulticast mode
[   38.344476] pimreg: left allmulticast mode
[   38.345376] pimreg: left allmulticast mode
[   38.345754] pimreg: left allmulticast mode
[   38.346054] pimreg: left allmulticast mode
[   38.346365] pimreg: left allmulticast mode
[   38.346658] pimreg: left allmulticast mode
[   38.346970] pimreg: left allmulticast mode
[   38.347260] pimreg: left allmulticast mode
[   38.362227] pimreg: entered allmulticast mode
[   38.382727] pimreg: entered allmulticast mode
[   38.421090] pimreg: entered allmulticast mode
[   38.436033] pimreg: entered allmulticast mode
[   38.458703] pimreg: entered allmulticast mode
[   38.473318] pimreg: entered allmulticast mode
[   38.497753] pimreg: entered allmulticast mode
[   38.510918] pimreg: left allmulticast mode
[   38.511249] pimreg: left allmulticast mode
[   38.511571] pimreg: left allmulticast mode
[   38.511877] pimreg: left allmulticast mode
[   38.512171] pimreg: left allmulticast mode
[   38.512493] pimreg: left allmulticast mode
[   38.512785] pimreg: left allmulticast mode
[   38.526103] pimreg: entered allmulticast mode
[   38.556877] pimreg: entered allmulticast mode
[   38.569978] pimreg: entered allmulticast mode
[   38.590088] pimreg: entered allmulticast mode
[   38.605270] pimreg: entered allmulticast mode
[   38.629286] pimreg: entered allmulticast mode
[   38.660909] pimreg: entered allmulticast mode
[   38.678376] pimreg: left allmulticast mode
[   38.679186] pimreg: left allmulticast mode
[   38.679659] pimreg: left allmulticast mode
[   38.679998] pimreg: left allmulticast mode
[   38.680292] pimreg: left allmulticast mode
[   38.680626] pimreg: left allmulticast mode
[   38.680920] pimreg: left allmulticast mode
[   38.693528] pimreg: entered allmulticast mode
[   38.714550] pimreg: entered allmulticast mode
[   38.743587] pimreg: entered allmulticast mode
[   38.765898] pimreg: entered allmulticast mode
[   38.793851] pimreg: entered allmulticast mode
[   38.817304] pimreg: entered allmulticast mode
[   38.845215] pimreg: entered allmulticast mode
[   38.873577] pimreg: entered allmulticast mode
[   38.886748] pimreg: left allmulticast mode
[   38.887385] pimreg: left allmulticast mode
[   38.887737] pimreg: left allmulticast mode
[   38.888060] pimreg: left allmulticast mode
[   38.888363] pimreg: left allmulticast mode
[   38.888671] pimreg: left allmulticast mode
[   38.889021] pimreg: left allmulticast mode
[   38.889358] pimreg: left allmulticast mode
[   38.904218] pimreg: entered allmulticast mode
[   38.923857] pimreg: entered allmulticast mode
[   38.955686] pimreg: entered allmulticast mode
[   38.977525] pimreg: entered allmulticast mode
[   39.009323] pimreg: entered allmulticast mode
[   39.033588] pimreg: entered allmulticast mode
[   39.057577] pimreg: entered allmulticast mode
[   39.081494] pimreg: entered allmulticast mode
[   39.105466] pimreg: entered allmulticast mode
[   39.110630] pimreg: left allmulticast mode
[   39.110923] pimreg: left allmulticast mode
[   39.111225] pimreg: left allmulticast mode
[   39.111541] pimreg: left allmulticast mode
[   39.111850] pimreg: left allmulticast mode
[   39.112169] pimreg: left allmulticast mode
[   39.112467] pimreg: left allmulticast mode
[   39.112756] pimreg: left allmulticast mode
[   39.113086] pimreg: left allmulticast mode
[   39.127932] pimreg: entered allmulticast mode
[   39.157211] pimreg: entered allmulticast mode
[   39.188807] pimreg: entered allmulticast mode
[   39.213803] pimreg: entered allmulticast mode
[   39.237694] pimreg: entered allmulticast mode
[   39.257373] pimreg: entered allmulticast mode
[   39.276809] pimreg: entered allmulticast mode
[   39.290238] pimreg: left allmulticast mode
[   39.290779] pimreg: left allmulticast mode
[   39.291043] pimreg: left allmulticast mode
[   39.291311] pimreg: left allmulticast mode
[   39.291573] pimreg: left allmulticast mode
[   39.291882] pimreg: left allmulticast mode
[   39.292174] pimreg: left allmulticast mode
[   39.305237] pimreg: entered allmulticast mode
[   39.333702] pimreg: entered allmulticast mode
[   39.360169] pimreg: entered allmulticast mode
[   39.385145] pimreg: entered allmulticast mode
[   39.405852] pimreg: entered allmulticast mode
[   39.429243] pimreg: entered allmulticast mode
[   39.450702] pimreg: left allmulticast mode
[   39.451009] pimreg: left allmulticast mode
[   39.451265] pimreg: left allmulticast mode
[   39.451544] pimreg: left allmulticast mode
[   39.451809] pimreg: left allmulticast mode
[   39.452203] pimreg: left allmulticast mode
[   39.462456] pimreg: entered allmulticast mode
[   39.481049] pimreg: entered allmulticast mode
[   39.504015] pimreg: entered allmulticast mode
[   39.529803] pimreg: entered allmulticast mode
[   39.558383] pimreg: entered allmulticast mode
[   39.581463] pimreg: entered allmulticast mode
[   39.601482] pimreg: entered allmulticast mode
[   39.613975] pimreg: left allmulticast mode
[   39.614562] pimreg: left allmulticast mode
[   39.614829] pimreg: left allmulticast mode
[   39.615096] pimreg: left allmulticast mode
[   39.615412] pimreg: left allmulticast mode
[   39.615710] pimreg: left allmulticast mode
[   39.616009] pimreg: left allmulticast mode
[   39.630069] pimreg: entered allmulticast mode
[   39.657493] pimreg: entered allmulticast mode
[   39.688660] pimreg: entered allmulticast mode
[   39.714880] pimreg: entered allmulticast mode
[   39.745662] pimreg: entered allmulticast mode
[   39.769719] pimreg: entered allmulticast mode
[   39.785547] pimreg: entered allmulticast mode
[   39.805953] pimreg: left allmulticast mode
[   39.806308] pimreg: left allmulticast mode
[   39.806567] pimreg: left allmulticast mode
[   39.806815] pimreg: left allmulticast mode
[   39.807119] pimreg: left allmulticast mode
[   39.808543] pimreg: left allmulticast mode
[   39.808836] pimreg: left allmulticast mode
[   39.820614] pimreg: entered allmulticast mode
[   39.852791] pimreg: entered allmulticast mode
[   39.882563] pimreg: entered allmulticast mode
[   39.901751] pimreg: entered allmulticast mode
[   39.929611] pimreg: entered allmulticast mode
[   39.943017] pimreg: entered allmulticast mode
[   39.972220] pimreg: left allmulticast mode
[   39.972616] pimreg: left allmulticast mode
[   39.972891] pimreg: left allmulticast mode
[   39.973235] pimreg: left allmulticast mode
[   39.973508] pimreg: left allmulticast mode
[   39.974052] pimreg: left allmulticast mode
[   39.984448] pimreg: entered allmulticast mode
[   40.029493] pimreg: entered allmulticast mode
[   40.054529] pimreg: entered allmulticast mode
[   40.094206] pimreg: entered allmulticast mode
[   40.113574] pimreg: entered allmulticast mode
[   40.133651] pimreg: entered allmulticast mode
[   40.161652] pimreg: entered allmulticast mode
[   40.181170] pimreg: entered allmulticast mode
[   40.194925] pimreg: left allmulticast mode
[   40.195231] pimreg: left allmulticast mode
[   40.195542] pimreg: left allmulticast mode
[   40.195857] pimreg: left allmulticast mode
[   40.196179] pimreg: left allmulticast mode
[   40.196499] pimreg: left allmulticast mode
[   40.196791] pimreg: left allmulticast mode
[   40.197445] pimreg: left allmulticast mode
[   40.210757] pimreg: entered allmulticast mode
[   40.235081] pimreg: entered allmulticast mode
[   40.269326] pimreg: entered allmulticast mode
[   40.289386] pimreg: entered allmulticast mode
[   40.322247] pimreg: entered allmulticast mode
[   40.345906] pimreg: entered allmulticast mode
[   40.365651] pimreg: entered allmulticast mode
[   40.385886] pimreg: entered allmulticast mode
[   40.402023] pimreg: left allmulticast mode
[   40.402397] pimreg: left allmulticast mode
[   40.402735] pimreg: left allmulticast mode
[   40.403827] pimreg: left allmulticast mode
[   40.404173] pimreg: left allmulticast mode
[   40.404485] pimreg: left allmulticast mode
[   40.404790] pimreg: left allmulticast mode
[   40.405143] pimreg: left allmulticast mode
[   40.418365] pimreg: entered allmulticast mode
[   40.438187] pimreg: entered allmulticast mode
[   40.467686] pimreg: entered allmulticast mode
[   40.485436] pimreg: entered allmulticast mode
[   40.513237] pimreg: entered allmulticast mode
[   40.537877] pimreg: entered allmulticast mode
[   40.565508] pimreg: entered allmulticast mode
[   40.605521] pimreg: entered allmulticast mode
[   40.630187] pimreg: entered allmulticast mode
[   40.634166] pimreg: left allmulticast mode
[   40.634543] pimreg: left allmulticast mode
[   40.634817] pimreg: left allmulticast mode
[   40.635068] pimreg: left allmulticast mode
[   40.635971] pimreg: left allmulticast mode
[   40.636365] pimreg: left allmulticast mode
[   40.636655] pimreg: left allmulticast mode
[   40.636940] pimreg: left allmulticast mode
[   40.637654] pimreg: left allmulticast mode
[   40.652059] pimreg: entered allmulticast mode
[   40.675204] pimreg: entered allmulticast mode
[   40.701624] pimreg: entered allmulticast mode
[   40.714728] pimreg: entered allmulticast mode
[   40.745991] pimreg: entered allmulticast mode
[   40.765618] pimreg: entered allmulticast mode
[   40.789424] pimreg: entered allmulticast mode
[   40.818052] pimreg: entered allmulticast mode
[   40.845599] pimreg: entered allmulticast mode
[   40.850273] pimreg: left allmulticast mode
[   40.850640] pimreg: left allmulticast mode
[   40.850890] pimreg: left allmulticast mode
[   40.851177] pimreg: left allmulticast mode
[   40.851492] pimreg: left allmulticast mode
[   40.852235] pimreg: left allmulticast mode
[   40.852556] pimreg: left allmulticast mode
[   40.852858] pimreg: left allmulticast mode
[   40.853758] pimreg: left allmulticast mode
[   40.868623] pimreg: entered allmulticast mode
[   40.890839] pimreg: entered allmulticast mode
[   40.902522] pimreg: entered allmulticast mode
[   40.926366] pimreg: entered allmulticast mode
[   40.938322] pimreg: entered allmulticast mode
[   40.953561] pimreg: entered allmulticast mode
[   40.981426] pimreg: entered allmulticast mode
[   41.021799] pimreg: entered allmulticast mode
[   41.045693] pimreg: entered allmulticast mode
[   41.066075] pimreg: left allmulticast mode
[   41.066464] pimreg: left allmulticast mode
[   41.066724] pimreg: left allmulticast mode
[   41.067765] pimreg: left allmulticast mode
[   41.068057] pimreg: left allmulticast mode
[   41.068338] pimreg: left allmulticast mode
[   41.068589] pimreg: left allmulticast mode
[   41.068885] pimreg: left allmulticast mode
[   41.069595] pimreg: left allmulticast mode
[   41.069925] pimreg: left allmulticast mode
[   41.085415] pimreg: entered allmulticast mode
[   41.106592] pimreg: entered allmulticast mode
[   41.123351] pimreg: entered allmulticast mode
[   41.149486] pimreg: entered allmulticast mode
[   41.168550] pimreg: entered allmulticast mode
[   41.194692] pimreg: entered allmulticast mode
[   41.217203] pimreg: entered allmulticast mode
[   41.241933] pimreg: entered allmulticast mode
[   41.261652] pimreg: entered allmulticast mode
[   41.301356] pimreg: entered allmulticast mode
[   41.325965] pimreg: entered allmulticast mode
[   41.329967] pimreg: left allmulticast mode
[   41.330371] pimreg: left allmulticast mode
[   41.330640] pimreg: left allmulticast mode
[   41.330949] pimreg: left allmulticast mode
[   41.331254] pimreg: left allmulticast mode
[   41.331580] pimreg: left allmulticast mode
[   41.332488] pimreg: left allmulticast mode
[   41.332813] pimreg: left allmulticast mode
[   41.333477] pimreg: left allmulticast mode
[   41.333764] pimreg: left allmulticast mode
[   41.349515] pimreg: entered allmulticast mode
[   41.379515] pimreg: entered allmulticast mode
[   41.408912] pimreg: entered allmulticast mode
[   41.433068] pimreg: entered allmulticast mode
[   41.457685] pimreg: entered allmulticast mode
[   41.481967] pimreg: entered allmulticast mode
[   41.497457] pimreg: entered allmulticast mode
[   41.530044] pimreg: entered allmulticast mode
[   41.553944] pimreg: entered allmulticast mode
[   41.577645] pimreg: entered allmulticast mode
[   41.591069] pimreg: left allmulticast mode
[   41.591589] pimreg: left allmulticast mode
[   41.591849] pimreg: left allmulticast mode
[   41.592105] pimreg: left allmulticast mode
[   41.592417] pimreg: left allmulticast mode
[   41.592721] pimreg: left allmulticast mode
[   41.593037] pimreg: left allmulticast mode
[   41.593371] pimreg: left allmulticast mode
[   41.593666] pimreg: left allmulticast mode
[   41.593958] pimreg: left allmulticast mode
[   41.609708] pimreg: entered allmulticast mode
[   41.655952] pimreg: entered allmulticast mode
[   41.669536] pimreg: entered allmulticast mode
[   41.701273] pimreg: entered allmulticast mode
[   41.725675] pimreg: entered allmulticast mode
[   41.769970] pimreg: entered allmulticast mode
[   41.797100] pimreg: entered allmulticast mode
[   41.829351] pimreg: entered allmulticast mode
[   41.857150] pimreg: entered allmulticast mode
[   41.878253] pimreg: left allmulticast mode
[   41.878569] pimreg: left allmulticast mode
[   41.878816] pimreg: left allmulticast mode
[   41.879123] pimreg: left allmulticast mode
[   41.879438] pimreg: left allmulticast mode
[   41.880066] pimreg: left allmulticast mode
[   41.880341] pimreg: left allmulticast mode
[   41.880600] pimreg: left allmulticast mode
[   41.880847] pimreg: left allmulticast mode
[   41.895011] pimreg: entered allmulticast mode
[   41.922000] pimreg: entered allmulticast mode
[   41.949920] pimreg: entered allmulticast mode
[   41.971553] pimreg: entered allmulticast mode
[   41.985396] pimreg: entered allmulticast mode
[   42.005623] pimreg: entered allmulticast mode
[   42.033109] pimreg: entered allmulticast mode
[   42.061532] pimreg: entered allmulticast mode
[   42.081589] pimreg: entered allmulticast mode
[   42.101932] pimreg: left allmulticast mode
[   42.102308] pimreg: left allmulticast mode
[   42.102613] pimreg: left allmulticast mode
[   42.103669] pimreg: left allmulticast mode
[   42.104016] pimreg: left allmulticast mode
[   42.104317] pimreg: left allmulticast mode
[   42.104602] pimreg: left allmulticast mode
[   42.104898] pimreg: left allmulticast mode
[   42.105591] pimreg: left allmulticast mode
[   42.119674] pimreg: entered allmulticast mode
[   42.139839] pimreg: entered allmulticast mode
[   42.151965] pimreg: entered allmulticast mode
[   42.174290] pimreg: entered allmulticast mode
[   42.193685] pimreg: entered allmulticast mode
[   42.218111] pimreg: entered allmulticast mode
[   42.238322] pimreg: left allmulticast mode
[   42.238646] pimreg: left allmulticast mode
[   42.238907] pimreg: left allmulticast mode
[   42.239222] pimreg: left allmulticast mode
[   42.239520] pimreg: left allmulticast mode
[   42.239833] pimreg: left allmulticast mode
[   42.250370] pimreg: entered allmulticast mode
[   42.268939] pimreg: entered allmulticast mode
[   42.290715] pimreg: entered allmulticast mode
[   42.312893] pimreg: entered allmulticast mode
[   42.341345] pimreg: entered allmulticast mode
[   42.369242] pimreg: entered allmulticast mode
[   42.401309] pimreg: entered allmulticast mode
[   42.426110] pimreg: left allmulticast mode
[   42.426474] pimreg: left allmulticast mode
[   42.426735] pimreg: left allmulticast mode
[   42.426993] pimreg: left allmulticast mode
[   42.427286] pimreg: left allmulticast mode
[   42.428688] pimreg: left allmulticast mode
[   42.429036] pimreg: left allmulticast mode
[   42.440582] pimreg: entered allmulticast mode
[   42.461871] pimreg: entered allmulticast mode
[   42.492879] pimreg: entered allmulticast mode
[   42.521340] pimreg: entered allmulticast mode
[   42.549412] pimreg: entered allmulticast mode
[   42.573218] pimreg: entered allmulticast mode
[   42.601149] pimreg: entered allmulticast mode
[   42.622142] pimreg: left allmulticast mode
[   42.622676] pimreg: left allmulticast mode
[   42.623016] pimreg: left allmulticast mode
[   42.623347] pimreg: left allmulticast mode
[   42.623777] pimreg: left allmulticast mode
[   42.624069] pimreg: left allmulticast mode
[   42.624397] pimreg: left allmulticast mode
[   42.635944] pimreg: entered allmulticast mode
[   42.657920] pimreg: entered allmulticast mode
[   42.678296] pimreg: entered allmulticast mode
[   42.701449] pimreg: entered allmulticast mode
[   42.725373] pimreg: entered allmulticast mode
[   42.752909] pimreg: entered allmulticast mode
[   42.781343] pimreg: entered allmulticast mode
[   42.809216] pimreg: entered allmulticast mode
[   42.814475] pimreg: left allmulticast mode
[   42.814783] pimreg: left allmulticast mode
[   42.815030] pimreg: left allmulticast mode
[   42.815341] pimreg: left allmulticast mode
[   42.815663] pimreg: left allmulticast mode
[   42.815967] pimreg: left allmulticast mode
[   42.816279] pimreg: left allmulticast mode
[   42.816582] pimreg: left allmulticast mode
[   42.830900] pimreg: entered allmulticast mode
[   42.850978] pimreg: entered allmulticast mode
[   42.882534] pimreg: entered allmulticast mode
[   42.901172] pimreg: entered allmulticast mode
[   42.925488] pimreg: entered allmulticast mode
[   42.953131] pimreg: entered allmulticast mode
[   42.981306] pimreg: entered allmulticast mode
[   43.009196] pimreg: entered allmulticast mode
[   43.033494] pimreg: entered allmulticast mode
[   43.037886] pimreg: left allmulticast mode
[   43.038260] pimreg: left allmulticast mode
[   43.038524] pimreg: left allmulticast mode
[   43.039138] pimreg: left allmulticast mode
[   43.039517] pimreg: left allmulticast mode
[   43.039831] pimreg: left allmulticast mode
[   43.040146] pimreg: left allmulticast mode
[   43.040454] pimreg: left allmulticast mode
[   43.040745] pimreg: left allmulticast mode
[   43.055361] pimreg: entered allmulticast mode
[   43.079513] pimreg: entered allmulticast mode
[   43.105976] pimreg: entered allmulticast mode
[   43.122453] pimreg: entered allmulticast mode
[   43.145372] pimreg: entered allmulticast mode
[   43.173216] pimreg: entered allmulticast mode
[   43.201249] pimreg: entered allmulticast mode
[   43.225103] pimreg: entered allmulticast mode
[   43.249792] pimreg: entered allmulticast mode
[   43.269192] pimreg: entered allmulticast mode
[   43.274062] pimreg: left allmulticast mode
[   43.274447] pimreg: left allmulticast mode
[   43.274736] pimreg: left allmulticast mode
[   43.274984] pimreg: left allmulticast mode
[   43.275285] pimreg: left allmulticast mode
[   43.275573] pimreg: left allmulticast mode
[   43.276295] pimreg: left allmulticast mode
[   43.276634] pimreg: left allmulticast mode
[   43.276925] pimreg: left allmulticast mode
[   43.277679] pimreg: left allmulticast mode
[   43.293642] pimreg: entered allmulticast mode
[   43.316881] pimreg: entered allmulticast mode
[   43.332659] pimreg: entered allmulticast mode
[   43.346738] pimreg: entered allmulticast mode
[   43.373826] pimreg: entered allmulticast mode
[   43.397623] pimreg: entered allmulticast mode
[   43.421293] pimreg: entered allmulticast mode
[   43.445639] pimreg: entered allmulticast mode
[   43.469518] pimreg: entered allmulticast mode
[   43.474222] pimreg: left allmulticast mode
[   43.474573] pimreg: left allmulticast mode
[   43.474828] pimreg: left allmulticast mode
[   43.475797] pimreg: left allmulticast mode
[   43.476135] pimreg: left allmulticast mode
[   43.476455] pimreg: left allmulticast mode
[   43.476740] pimreg: left allmulticast mode
[   43.477468] pimreg: left allmulticast mode
[   43.477786] pimreg: left allmulticast mode
[   43.492767] pimreg: entered allmulticast mode
[   43.522565] pimreg: entered allmulticast mode
[   43.547242] pimreg: entered allmulticast mode
[   43.570170] pimreg: entered allmulticast mode
[   43.589374] pimreg: entered allmulticast mode
[   43.613477] pimreg: entered allmulticast mode
[   43.641551] pimreg: entered allmulticast mode
[   43.669412] pimreg: entered allmulticast mode
[   43.693088] pimreg: entered allmulticast mode
[   43.706187] pimreg: left allmulticast mode
[   43.706539] pimreg: left allmulticast mode
[   43.706801] pimreg: left allmulticast mode
[   43.707062] pimreg: left allmulticast mode
[   43.707334] pimreg: left allmulticast mode
[   43.707639] pimreg: left allmulticast mode
[   43.707937] pimreg: left allmulticast mode
[   43.708248] pimreg: left allmulticast mode
[   43.708531] pimreg: left allmulticast mode
[   43.723018] pimreg: entered allmulticast mode
[   43.750998] pimreg: entered allmulticast mode
[   43.786246] pimreg: entered allmulticast mode
[   43.809767] pimreg: entered allmulticast mode
[   43.825168] pimreg: entered allmulticast mode
[   43.845838] pimreg: entered allmulticast mode
[   43.866104] pimreg: entered allmulticast mode
[   43.889247] pimreg: entered allmulticast mode
[   43.914207] pimreg: entered allmulticast mode
[   43.930047] pimreg: left allmulticast mode
[   43.930447] pimreg: left allmulticast mode
[   43.930727] pimreg: left allmulticast mode
[   43.930979] pimreg: left allmulticast mode
[   43.931241] pimreg: left allmulticast mode
[   43.933012] pimreg: left allmulticast mode
[   43.933390] pimreg: left allmulticast mode
[   43.933671] pimreg: left allmulticast mode
[   43.933976] pimreg: left allmulticast mode
[   43.947597] pimreg: entered allmulticast mode
[   43.974739] pimreg: entered allmulticast mode
[   43.993705] pimreg: entered allmulticast mode
[   44.022658] pimreg: entered allmulticast mode
[   44.045579] pimreg: entered allmulticast mode
[   44.069666] pimreg: entered allmulticast mode
[   44.093463] pimreg: entered allmulticast mode
[   44.117435] pimreg: entered allmulticast mode
[   44.141341] pimreg: entered allmulticast mode
[   44.165923] pimreg: left allmulticast mode
[   44.166285] pimreg: left allmulticast mode
[   44.166539] pimreg: left allmulticast mode
[   44.166843] pimreg: left allmulticast mode
[   44.167152] pimreg: left allmulticast mode
[   44.167461] pimreg: left allmulticast mode
[   44.167746] pimreg: left allmulticast mode
[   44.168036] pimreg: left allmulticast mode
[   44.168350] pimreg: left allmulticast mode
[   44.183007] pimreg: entered allmulticast mode
[   44.198144] pimreg: entered allmulticast mode
[   44.221138] pimreg: entered allmulticast mode
[   44.244816] pimreg: entered allmulticast mode
[   44.269557] pimreg: entered allmulticast mode
[   44.293958] pimreg: entered allmulticast mode
[   44.325237] pimreg: entered allmulticast mode
[   44.353647] pimreg: entered allmulticast mode
[   44.374815] pimreg: entered allmulticast mode
[   44.377836] pimreg: left allmulticast mode
[   44.378222] pimreg: left allmulticast mode
[   44.379058] pimreg: left allmulticast mode
[   44.379908] pimreg: left allmulticast mode
[   44.380292] pimreg: left allmulticast mode
[   44.380596] pimreg: left allmulticast mode
[   44.380884] pimreg: left allmulticast mode
[   44.381532] pimreg: left allmulticast mode
[   44.381858] pimreg: left allmulticast mode
[   44.397387] pimreg: entered allmulticast mode
[   44.415141] pimreg: entered allmulticast mode
[   44.428368] pimreg: entered allmulticast mode
[   44.446084] pimreg: entered allmulticast mode
[   44.465573] pimreg: entered allmulticast mode
[   44.489474] pimreg: entered allmulticast mode
[   44.513496] pimreg: entered allmulticast mode
[   44.537415] pimreg: entered allmulticast mode
[   44.561209] pimreg: entered allmulticast mode
[   44.574216] pimreg: left allmulticast mode
[   44.574565] pimreg: left allmulticast mode
[   44.574837] pimreg: left allmulticast mode
[   44.575091] pimreg: left allmulticast mode
[   44.575365] pimreg: left allmulticast mode
[   44.575616] pimreg: left allmulticast mode
[   44.575920] pimreg: left allmulticast mode
[   44.576232] pimreg: left allmulticast mode
[   44.576527] pimreg: left allmulticast mode
[   44.592034] pimreg: entered allmulticast mode
[   44.615594] pimreg: entered allmulticast mode
[   44.636839] pimreg: entered allmulticast mode
[   44.654694] pimreg: entered allmulticast mode
[   44.669183] pimreg: entered allmulticast mode
[   44.689450] pimreg: entered allmulticast mode
[   44.713700] pimreg: entered allmulticast mode
[   44.727168] pimreg: left allmulticast mode
[   44.727512] pimreg: left allmulticast mode
[   44.727778] pimreg: left allmulticast mode
[   44.728034] pimreg: left allmulticast mode
[   44.728338] pimreg: left allmulticast mode
[   44.728658] pimreg: left allmulticast mode
[   44.729011] pimreg: left allmulticast mode
[   44.740673] pimreg: entered allmulticast mode
[   44.765401] pimreg: entered allmulticast mode
[   44.790669] pimreg: entered allmulticast mode
[   44.813402] pimreg: entered allmulticast mode
[   44.837170] pimreg: entered allmulticast mode
[   44.853033] pimreg: entered allmulticast mode
[   44.881486] pimreg: entered allmulticast mode
[   44.906132] pimreg: left allmulticast mode
[   44.906444] pimreg: left allmulticast mode
[   44.906701] pimreg: left allmulticast mode
[   44.907001] pimreg: left allmulticast mode
[   44.907312] pimreg: left allmulticast mode
[   44.907752] pimreg: left allmulticast mode
[   44.908064] pimreg: left allmulticast mode
[   44.921020] pimreg: entered allmulticast mode
[   44.948380] pimreg: entered allmulticast mode
[   44.973176] pimreg: entered allmulticast mode
[   44.985230] pimreg: entered allmulticast mode
[   45.009707] pimreg: entered allmulticast mode
[   45.029374] pimreg: entered allmulticast mode
[   45.033910] pimreg: left allmulticast mode
[   45.034461] pimreg: left allmulticast mode
[   45.034739] pimreg: left allmulticast mode
[   45.034996] pimreg: left allmulticast mode
[   45.035262] pimreg: left allmulticast mode
[   45.035592] pimreg: left allmulticast mode
[   45.046909] pimreg: entered allmulticast mode
[   45.063381] pimreg: entered allmulticast mode
[   45.074963] pimreg: entered allmulticast mode
[   45.097409] pimreg: entered allmulticast mode
[   45.125615] pimreg: entered allmulticast mode
[   45.153242] pimreg: entered allmulticast mode
[   45.178176] pimreg: entered allmulticast mode
[   45.197674] pimreg: left allmulticast mode
[   45.198017] pimreg: left allmulticast mode
[   45.198287] pimreg: left allmulticast mode
[   45.198595] pimreg: left allmulticast mode
[   45.198894] pimreg: left allmulticast mode
[   45.199846] pimreg: left allmulticast mode
[   45.200225] pimreg: left allmulticast mode
[   45.212533] pimreg: entered allmulticast mode
[   45.237202] pimreg: entered allmulticast mode
[   45.263449] pimreg: entered allmulticast mode
[   45.280911] pimreg: entered allmulticast mode
[   45.293475] pimreg: entered allmulticast mode
[   45.313801] pimreg: entered allmulticast mode
[   45.321687] pimreg: left allmulticast mode
[   45.322038] pimreg: left allmulticast mode
[   45.322308] pimreg: left allmulticast mode
[   45.323205] pimreg: left allmulticast mode
[   45.323575] pimreg: left allmulticast mode
[   45.323871] pimreg: left allmulticast mode
[   45.334662] pimreg: entered allmulticast mode
[   45.356715] pimreg: entered allmulticast mode
[   45.388568] pimreg: entered allmulticast mode
[   45.410598] pimreg: entered allmulticast mode
[   45.421792] pimreg: left allmulticast mode
[   45.422393] pimreg: left allmulticast mode
[   45.422658] pimreg: left allmulticast mode
[   45.422925] pimreg: left allmulticast mode
[   45.433312] pimreg: entered allmulticast mode
[   45.462691] pimreg: entered allmulticast mode
[   45.491072] pimreg: entered allmulticast mode
[   45.517738] pimreg: entered allmulticast mode
[   45.541456] pimreg: entered allmulticast mode
[   45.565309] pimreg: entered allmulticast mode
[   45.569623] pimreg: left allmulticast mode
[   45.569977] pimreg: left allmulticast mode
[   45.570257] pimreg: left allmulticast mode
[   45.570507] pimreg: left allmulticast mode
[   45.570810] pimreg: left allmulticast mode
[   45.589247] pimreg: entered allmulticast mode
[   45.607088] pimreg: entered allmulticast mode
[   45.636164] pimreg: entered allmulticast mode
[   45.653659] pimreg: entered allmulticast mode
[   45.673908] pimreg: entered allmulticast mode
[   45.697343] pimreg: entered allmulticast mode
[   45.717541] pimreg: entered allmulticast mode
[   45.737923] pimreg: left allmulticast mode
[   45.738302] pimreg: left allmulticast mode
[   45.738618] pimreg: left allmulticast mode
[   45.738923] pimreg: left allmulticast mode
[   45.739222] pimreg: left allmulticast mode
[   45.739876] pimreg: left allmulticast mode
[   45.740190] pimreg: left allmulticast mode
[   45.740495] pimreg: left allmulticast mode
[   45.753176] pimreg: entered allmulticast mode
[   45.774424] pimreg: entered allmulticast mode
[   45.796231] pimreg: entered allmulticast mode
[   45.817550] pimreg: entered allmulticast mode
[   45.837674] pimreg: entered allmulticast mode
[   45.861308] pimreg: entered allmulticast mode
[   45.885955] pimreg: entered allmulticast mode
[   45.886343] pimreg: left allmulticast mode
[   45.886747] pimreg: left allmulticast mode
[   45.887094] pimreg: left allmulticast mode
[   45.887410] pimreg: left allmulticast mode
[   45.887694] pimreg: left allmulticast mode
[   45.887977] pimreg: left allmulticast mode
[   45.899124] pimreg: entered allmulticast mode
[   45.917678] pimreg: entered allmulticast mode
[   45.943261] pimreg: entered allmulticast mode
[   45.965628] pimreg: entered allmulticast mode
[   46.005495] pimreg: entered allmulticast mode
[   46.033314] pimreg: entered allmulticast mode
[   46.057335] pimreg: entered allmulticast mode
[   46.082231] pimreg: left allmulticast mode
[   46.082522] pimreg: left allmulticast mode
[   46.082772] pimreg: left allmulticast mode
[   46.083410] pimreg: left allmulticast mode
[   46.083739] pimreg: left allmulticast mode
[   46.084041] pimreg: left allmulticast mode
[   46.084369] pimreg: left allmulticast mode
[   46.084703] pimreg: left allmulticast mode
[   46.098222] pimreg: entered allmulticast mode
[   46.129635] pimreg: entered allmulticast mode
[   46.144665] pimreg: entered allmulticast mode
[   46.169327] pimreg: entered allmulticast mode
[   46.193452] pimreg: entered allmulticast mode
[   46.217231] pimreg: entered allmulticast mode
[   46.237186] pimreg: entered allmulticast mode
[   46.261749] pimreg: entered allmulticast mode
[   46.277837] pimreg: left allmulticast mode
[   46.278214] pimreg: left allmulticast mode
[   46.278471] pimreg: left allmulticast mode
[   46.278771] pimreg: left allmulticast mode
[   46.280680] pimreg: left allmulticast mode
[   46.281092] pimreg: left allmulticast mode
[   46.281346] pimreg: left allmulticast mode
[   46.281594] pimreg: left allmulticast mode
[   46.294464] pimreg: entered allmulticast mode
[   46.314468] pimreg: entered allmulticast mode
[   46.329479] pimreg: entered allmulticast mode
[   46.349240] pimreg: entered allmulticast mode
[   46.369658] pimreg: entered allmulticast mode
[   46.393558] pimreg: entered allmulticast mode
[   46.413241] pimreg: entered allmulticast mode
[   46.438234] pimreg: entered allmulticast mode
[   46.453762] pimreg: entered allmulticast mode
[   46.458215] pimreg: left allmulticast mode
[   46.458562] pimreg: left allmulticast mode
[   46.458821] pimreg: left allmulticast mode
[   46.459137] pimreg: left allmulticast mode
[   46.459443] pimreg: left allmulticast mode
[   46.460215] pimreg: left allmulticast mode
[   46.460552] pimreg: left allmulticast mode
[   46.460842] pimreg: left allmulticast mode
[   46.461217] pimreg: left allmulticast mode
[   46.476387] pimreg: entered allmulticast mode
[   46.504546] pimreg: entered allmulticast mode
[   46.532650] pimreg: entered allmulticast mode
[   46.553442] pimreg: entered allmulticast mode
[   46.585324] pimreg: entered allmulticast mode
[   46.609613] pimreg: entered allmulticast mode
[   46.645448] pimreg: entered allmulticast mode
[   46.669569] pimreg: entered allmulticast mode
[   46.692841] pimreg: entered allmulticast mode
[   46.705942] pimreg: left allmulticast mode
[   46.706551] pimreg: left allmulticast mode
[   46.706835] pimreg: left allmulticast mode
[   46.707147] pimreg: left allmulticast mode
[   46.707440] pimreg: left allmulticast mode
[   46.707737] pimreg: left allmulticast mode
[   46.708020] pimreg: left allmulticast mode
[   46.708317] pimreg: left allmulticast mode
[   46.708607] pimreg: left allmulticast mode
[   46.723675] pimreg: entered allmulticast mode
[   46.741636] pimreg: entered allmulticast mode
[   46.760552] pimreg: entered allmulticast mode
[   46.772182] pimreg: entered allmulticast mode
[   46.793088] pimreg: entered allmulticast mode
[   46.805157] pimreg: entered allmulticast mode
[   46.829040] pimreg: entered allmulticast mode
[   46.845688] pimreg: entered allmulticast mode
[   46.870260] pimreg: left allmulticast mode
[   46.870550] pimreg: left allmulticast mode
[   46.870846] pimreg: left allmulticast mode
[   46.871156] pimreg: left allmulticast mode
[   46.871570] pimreg: left allmulticast mode
[   46.871868] pimreg: left allmulticast mode
[   46.872170] pimreg: left allmulticast mode
[   46.872474] pimreg: left allmulticast mode
[   46.885283] pimreg: entered allmulticast mode
[   46.906576] pimreg: entered allmulticast mode
[   46.929998] pimreg: entered allmulticast mode
[   46.941388] pimreg: entered allmulticast mode
[   46.965890] pimreg: entered allmulticast mode
[   46.989443] pimreg: entered allmulticast mode
[   46.994114] pimreg: left allmulticast mode
[   46.994463] pimreg: left allmulticast mode
[   46.994720] pimreg: left allmulticast mode
[   46.995002] pimreg: left allmulticast mode
[   46.995262] pimreg: left allmulticast mode
[   46.996011] pimreg: left allmulticast mode
[   47.007033] pimreg: entered allmulticast mode
[   47.024601] pimreg: entered allmulticast mode
[   47.050768] pimreg: entered allmulticast mode
[   47.089624] pimreg: entered allmulticast mode
[   47.113461] pimreg: entered allmulticast mode
[   47.137473] pimreg: entered allmulticast mode
[   47.160809] pimreg: entered allmulticast mode
[   47.173871] pimreg: left allmulticast mode
[   47.174219] pimreg: left allmulticast mode
[   47.174490] pimreg: left allmulticast mode
[   47.174741] pimreg: left allmulticast mode
[   47.175061] pimreg: left allmulticast mode
[   47.175696] pimreg: left allmulticast mode
[   47.176029] pimreg: left allmulticast mode
[   47.189248] pimreg: entered allmulticast mode
[   47.209514] pimreg: entered allmulticast mode
[   47.240887] pimreg: entered allmulticast mode
[   47.261543] pimreg: entered allmulticast mode
[   47.285283] pimreg: entered allmulticast mode
[   47.309365] pimreg: entered allmulticast mode
[   47.329100] pimreg: entered allmulticast mode
[   47.354050] pimreg: left allmulticast mode
[   47.354519] pimreg: left allmulticast mode
[   47.354819] pimreg: left allmulticast mode
[   47.355134] pimreg: left allmulticast mode
[   47.355554] pimreg: left allmulticast mode
[   47.355867] pimreg: left allmulticast mode
[   47.356157] pimreg: left allmulticast mode
[   47.367232] pimreg: entered allmulticast mode
[   47.385414] pimreg: entered allmulticast mode
[   47.416920] pimreg: entered allmulticast mode
[   47.438515] pimreg: entered allmulticast mode
[   47.461374] pimreg: entered allmulticast mode
[   47.485388] pimreg: entered allmulticast mode
[   47.521356] pimreg: entered allmulticast mode
[   47.541841] pimreg: left allmulticast mode
[   47.542227] pimreg: left allmulticast mode
[   47.542484] pimreg: left allmulticast mode
[   47.542737] pimreg: left allmulticast mode
[   47.543059] pimreg: left allmulticast mode
[   47.544098] pimreg: left allmulticast mode
[   47.544440] pimreg: left allmulticast mode
[   47.556178] pimreg: entered allmulticast mode
[   47.569723] pimreg: entered allmulticast mode
[   47.589222] pimreg: entered allmulticast mode
[   47.610473] pimreg: entered allmulticast mode
[   47.633406] pimreg: entered allmulticast mode
[   47.658295] pimreg: entered allmulticast mode
[   47.673300] pimreg: entered allmulticast mode
[   47.693186] pimreg: entered allmulticast mode
[   47.713537] pimreg: entered allmulticast mode
[   47.713905] pimreg: left allmulticast mode
[   47.714261] pimreg: left allmulticast mode
[   47.714540] pimreg: left allmulticast mode
[   47.714818] pimreg: left allmulticast mode
[   47.715084] pimreg: left allmulticast mode
[   47.715372] pimreg: left allmulticast mode
[   47.715678] pimreg: left allmulticast mode
[   47.715971] pimreg: left allmulticast mode
[   47.729627] pimreg: entered allmulticast mode
[   47.749692] pimreg: entered allmulticast mode
[   47.765018] pimreg: entered allmulticast mode
[   47.786120] pimreg: entered allmulticast mode
[   47.809344] pimreg: entered allmulticast mode
[   47.833454] pimreg: entered allmulticast mode
[   47.857666] pimreg: entered allmulticast mode
[   47.885848] pimreg: entered allmulticast mode
[   47.913756] pimreg: entered allmulticast mode
[   47.918883] pimreg: left allmulticast mode
[   47.919406] pimreg: left allmulticast mode
[   47.919692] pimreg: left allmulticast mode
[   47.919958] pimreg: left allmulticast mode
[   47.920217] pimreg: left allmulticast mode
[   47.920508] pimreg: left allmulticast mode
[   47.920804] pimreg: left allmulticast mode
[   47.921180] pimreg: left allmulticast mode
[   47.921480] pimreg: left allmulticast mode
[   47.941303] pimreg: entered allmulticast mode
[   47.963886] pimreg: entered allmulticast mode
[   47.981421] pimreg: entered allmulticast mode
[   48.009813] pimreg: entered allmulticast mode
[   48.029694] pimreg: entered allmulticast mode
[   48.053378] pimreg: entered allmulticast mode
[   48.077329] pimreg: entered allmulticast mode
[   48.101639] pimreg: entered allmulticast mode
[   48.125001] pimreg: entered allmulticast mode
[   48.138304] pimreg: left allmulticast mode
[   48.138683] pimreg: left allmulticast mode
[   48.138961] pimreg: left allmulticast mode
[   48.139265] pimreg: left allmulticast mode
[   48.139519] pimreg: left allmulticast mode
[   48.139825] pimreg: left allmulticast mode
[   48.140155] pimreg: left allmulticast mode
[   48.140452] pimreg: left allmulticast mode
[   48.140766] pimreg: left allmulticast mode
[   48.141118] pimreg: left allmulticast mode
[   48.157775] pimreg: entered allmulticast mode
[   48.179471] pimreg: entered allmulticast mode
[   48.206476] pimreg: entered allmulticast mode
[   48.229405] pimreg: entered allmulticast mode
[   48.253517] pimreg: entered allmulticast mode
[   48.277413] pimreg: entered allmulticast mode
[   48.301370] pimreg: entered allmulticast mode
[   48.325292] pimreg: entered allmulticast mode
[   48.352889] pimreg: entered allmulticast mode
[   48.377350] pimreg: entered allmulticast mode
[   48.387137] pimreg: left allmulticast mode
[   48.387504] pimreg: left allmulticast mode
[   48.387787] pimreg: left allmulticast mode
[   48.388068] pimreg: left allmulticast mode
[   48.388378] pimreg: left allmulticast mode
[   48.388672] pimreg: left allmulticast mode
[   48.389041] pimreg: left allmulticast mode
[   48.389358] pimreg: left allmulticast mode
[   48.389645] pimreg: left allmulticast mode
[   48.389933] pimreg: left allmulticast mode
[   48.405852] pimreg: entered allmulticast mode
[   48.433873] pimreg: entered allmulticast mode
[   48.453656] pimreg: entered allmulticast mode
[   48.473518] pimreg: entered allmulticast mode
[   48.506334] pimreg: entered allmulticast mode
[   48.533350] pimreg: entered allmulticast mode
[   48.557606] pimreg: entered allmulticast mode
[   48.581313] pimreg: entered allmulticast mode
[   48.609519] pimreg: entered allmulticast mode
[   48.634285] pimreg: entered allmulticast mode
[   48.654619] pimreg: entered allmulticast mode
[   48.657842] pimreg: left allmulticast mode
[   48.658252] pimreg: left allmulticast mode
[   48.658572] pimreg: left allmulticast mode
[   48.658875] pimreg: left allmulticast mode
[   48.659195] pimreg: left allmulticast mode
[   48.659487] pimreg: left allmulticast mode
[   48.659795] pimreg: left allmulticast mode
[   48.660112] pimreg: left allmulticast mode
[   48.660408] pimreg: left allmulticast mode
[   48.660699] pimreg: left allmulticast mode
[   48.681294] pimreg: entered allmulticast mode
[   48.701141] pimreg: entered allmulticast mode
[   48.717468] pimreg: entered allmulticast mode
[   48.742811] pimreg: entered allmulticast mode
[   48.765281] pimreg: entered allmulticast mode
[   48.789321] pimreg: entered allmulticast mode
[   48.814752] pimreg: entered allmulticast mode
[   48.823021] pimreg: left allmulticast mode
[   48.823367] pimreg: left allmulticast mode
[   48.823634] pimreg: left allmulticast mode
[   48.823881] pimreg: left allmulticast mode
[   48.824169] pimreg: left allmulticast mode
[   48.824480] pimreg: left allmulticast mode
[   48.824773] pimreg: left allmulticast mode
[   48.825752] pimreg: left allmulticast mode
[   48.840012] pimreg: entered allmulticast mode
[   48.870014] pimreg: entered allmulticast mode
[   48.901300] pimreg: entered allmulticast mode
[   48.921709] pimreg: entered allmulticast mode
[   48.945566] pimreg: entered allmulticast mode
[   48.973269] pimreg: entered allmulticast mode
[   48.997361] pimreg: entered allmulticast mode
[   49.025743] pimreg: entered allmulticast mode
[   49.049520] pimreg: entered allmulticast mode
[   49.054054] pimreg: left allmulticast mode
[   49.054412] pimreg: left allmulticast mode
[   49.054682] pimreg: left allmulticast mode
[   49.054935] pimreg: left allmulticast mode
[   49.055207] pimreg: left allmulticast mode
[   49.055510] pimreg: left allmulticast mode
[   49.056193] pimreg: left allmulticast mode
[   49.056537] pimreg: left allmulticast mode
[   49.056840] pimreg: left allmulticast mode
[   49.072384] pimreg: entered allmulticast mode
[   49.101376] pimreg: entered allmulticast mode
[   49.130084] pimreg: entered allmulticast mode
[   49.143018] pimreg: entered allmulticast mode
[   49.165571] pimreg: entered allmulticast mode
[   49.193373] pimreg: entered allmulticast mode
[   49.209878] pimreg: left allmulticast mode
[   49.210781] pimreg: left allmulticast mode
[   49.211161] pimreg: left allmulticast mode
[   49.211571] pimreg: left allmulticast mode
[   49.211851] pimreg: left allmulticast mode
[   49.212118] pimreg: left allmulticast mode
[   49.212369] pimreg: left allmulticast mode
[   49.213192] systemd-journald[144]: Data hash table of /run/log/journal/938775788448454bb5b34822d5730c41/system.journal has a fill level at 75.0 (5360 of 7146 items, 4116480 file size, 768 bytes per hash table item), suggesting rotation.
[   49.214594] systemd-journald[144]: /run/log/journal/938775788448454bb5b34822d5730c41/system.journal: Journal header limits reached or header out-of-date, rotating.
[   49.224827] pimreg: entered allmulticast mode
[   49.252289] pimreg: entered allmulticast mode
[   49.273792] pimreg: entered allmulticast mode
[   49.298147] pimreg: entered allmulticast mode
[   49.313409] pimreg: entered allmulticast mode
[   49.333451] pimreg: entered allmulticast mode
[   49.361100] pimreg: entered allmulticast mode
[   49.381756] pimreg: left allmulticast mode
[   49.382629] pimreg: left allmulticast mode
[   49.383078] pimreg: left allmulticast mode
[   49.383362] pimreg: left allmulticast mode
[   49.383638] pimreg: left allmulticast mode
[   49.383915] pimreg: left allmulticast mode
[   49.394474] pimreg: entered allmulticast mode
[   49.413123] pimreg: entered allmulticast mode
[   49.438263] pimreg: entered allmulticast mode
[   49.462026] pimreg: entered allmulticast mode
[   49.477521] pimreg: entered allmulticast mode
[   49.497481] pimreg: entered allmulticast mode
[   49.521373] pimreg: entered allmulticast mode
[   49.541776] pimreg: left allmulticast mode
[   49.542156] pimreg: left allmulticast mode
[   49.542415] pimreg: left allmulticast mode
[   49.542999] pimreg: left allmulticast mode
[   49.543471] pimreg: left allmulticast mode
[   49.543787] pimreg: left allmulticast mode
[   49.544097] pimreg: left allmulticast mode
[   49.555205] pimreg: entered allmulticast mode
[   49.585584] pimreg: entered allmulticast mode
[   49.616400] pimreg: entered allmulticast mode
[   49.649720] pimreg: entered allmulticast mode
[   49.673325] pimreg: entered allmulticast mode
[   49.697715] pimreg: entered allmulticast mode
[   49.721841] pimreg: entered allmulticast mode
[   49.742108] pimreg: entered allmulticast mode
[   49.746153] pimreg: left allmulticast mode
[   49.746491] pimreg: left allmulticast mode
[   49.746745] pimreg: left allmulticast mode
[   49.747075] pimreg: left allmulticast mode
[   49.747370] pimreg: left allmulticast mode
[   49.748903] pimreg: left allmulticast mode
[   49.749426] pimreg: left allmulticast mode
[   49.749684] pimreg: left allmulticast mode
[   49.762418] pimreg: entered allmulticast mode
[   49.782450] pimreg: entered allmulticast mode
[   49.799327] pimreg: entered allmulticast mode
[   49.814421] pimreg: entered allmulticast mode
[   49.833644] pimreg: entered allmulticast mode
[   49.853240] pimreg: entered allmulticast mode
[   49.873904] pimreg: entered allmulticast mode
[   49.895142] pimreg: left allmulticast mode
[   49.895433] pimreg: left allmulticast mode
[   49.895740] pimreg: left allmulticast mode
[   49.896054] pimreg: left allmulticast mode
[   49.896371] pimreg: left allmulticast mode
[   49.896774] pimreg: left allmulticast mode
[   49.897380] pimreg: left allmulticast mode
[   49.909476] pimreg: entered allmulticast mode
[   49.929388] pimreg: entered allmulticast mode
[   49.962711] pimreg: entered allmulticast mode
[   49.985774] pimreg: entered allmulticast mode
[   50.001683] pimreg: entered allmulticast mode
[   50.025817] pimreg: entered allmulticast mode
[   50.049472] pimreg: entered allmulticast mode
[   50.076891] pimreg: entered allmulticast mode
[   50.089978] pimreg: left allmulticast mode
[   50.090326] pimreg: left allmulticast mode
[   50.090596] pimreg: left allmulticast mode
[   50.090843] pimreg: left allmulticast mode
[   50.091168] pimreg: left allmulticast mode
[   50.091474] pimreg: left allmulticast mode
[   50.091770] pimreg: left allmulticast mode
[   50.092651] pimreg: left allmulticast mode
[   50.106077] pimreg: entered allmulticast mode
[   50.126925] pimreg: entered allmulticast mode
[   50.151585] pimreg: entered allmulticast mode
[   50.169551] pimreg: entered allmulticast mode
[   50.197246] pimreg: entered allmulticast mode
[   50.217532] pimreg: entered allmulticast mode
[   50.241360] pimreg: entered allmulticast mode
[   50.265185] pimreg: entered allmulticast mode
[   50.293488] pimreg: entered allmulticast mode
[   50.298533] pimreg: left allmulticast mode
[   50.299017] pimreg: left allmulticast mode
[   50.299323] pimreg: left allmulticast mode
[   50.299785] pimreg: left allmulticast mode
[   50.300365] pimreg: left allmulticast mode
[   50.300765] pimreg: left allmulticast mode
[   50.301106] pimreg: left allmulticast mode
[   50.301407] pimreg: left allmulticast mode
[   50.301706] pimreg: left allmulticast mode
[   50.316593] pimreg: entered allmulticast mode
[   50.334986] pimreg: entered allmulticast mode
[   50.351529] pimreg: entered allmulticast mode
[   50.373527] pimreg: entered allmulticast mode
[   50.393292] pimreg: entered allmulticast mode
[   50.413620] pimreg: entered allmulticast mode
[   50.437124] pimreg: entered allmulticast mode
[   50.461213] pimreg: entered allmulticast mode
[   50.485273] pimreg: entered allmulticast mode
[   50.506358] pimreg: left allmulticast mode
[   50.506726] pimreg: left allmulticast mode
[   50.507045] pimreg: left allmulticast mode
[   50.507343] pimreg: left allmulticast mode
[   50.508647] pimreg: left allmulticast mode
[   50.509044] pimreg: left allmulticast mode
[   50.509353] pimreg: left allmulticast mode
[   50.509635] pimreg: left allmulticast mode
[   50.509932] pimreg: left allmulticast mode
[   50.524224] pimreg: entered allmulticast mode
[   50.549836] pimreg: entered allmulticast mode
[   50.575414] pimreg: entered allmulticast mode
[   50.587199] pimreg: entered allmulticast mode
[   50.609261] pimreg: entered allmulticast mode
[   50.633782] pimreg: left allmulticast mode
[   50.634159] pimreg: left allmulticast mode
[   50.634417] pimreg: left allmulticast mode
[   50.635430] pimreg: left allmulticast mode
[   50.635719] pimreg: left allmulticast mode
[   50.644573] pimreg: entered allmulticast mode
[   50.661660] pimreg: entered allmulticast mode
[   50.680874] pimreg: entered allmulticast mode
[   50.701188] pimreg: entered allmulticast mode
[   50.721212] pimreg: entered allmulticast mode
[   50.744726] pimreg: entered allmulticast mode
[   50.762142] pimreg: left allmulticast mode
[   50.762504] pimreg: left allmulticast mode
[   50.762757] pimreg: left allmulticast mode
[   50.763076] pimreg: left allmulticast mode
[   50.763390] pimreg: left allmulticast mode
[   50.763707] pimreg: left allmulticast mode
[   50.773970] pimreg: entered allmulticast mode
[   50.792091] pimreg: entered allmulticast mode
[   50.814024] pimreg: entered allmulticast mode
[   50.834779] pimreg: entered allmulticast mode
[   50.853333] pimreg: entered allmulticast mode
[   50.873281] pimreg: entered allmulticast mode
[   50.893755] pimreg: left allmulticast mode
[   50.894117] pimreg: left allmulticast mode
[   50.894371] pimreg: left allmulticast mode
[   50.894671] pimreg: left allmulticast mode
[   50.894982] pimreg: left allmulticast mode
[   50.896101] pimreg: left allmulticast mode
[   50.906358] pimreg: entered allmulticast mode
[   50.928653] pimreg: entered allmulticast mode
[   50.955474] pimreg: entered allmulticast mode
[   50.977622] pimreg: entered allmulticast mode
[   50.997137] pimreg: entered allmulticast mode
[   51.017585] pimreg: entered allmulticast mode
[   51.037544] pimreg: entered allmulticast mode
[   51.057981] pimreg: left allmulticast mode
[   51.058341] pimreg: left allmulticast mode
[   51.058603] pimreg: left allmulticast mode
[   51.058852] pimreg: left allmulticast mode
[   51.059698] pimreg: left allmulticast mode
[   51.060057] pimreg: left allmulticast mode
[   51.060316] pimreg: left allmulticast mode
[   51.072076] pimreg: entered allmulticast mode
[   51.098157] pimreg: entered allmulticast mode
[   51.124748] pimreg: entered allmulticast mode
[   51.165842] pimreg: entered allmulticast mode
[   51.189573] pimreg: entered allmulticast mode
[   51.213290] pimreg: entered allmulticast mode
[   51.241214] pimreg: entered allmulticast mode
[   51.265341] pimreg: entered allmulticast mode
[   51.270804] pimreg: left allmulticast mode
[   51.271204] pimreg: left allmulticast mode
[   51.271470] pimreg: left allmulticast mode
[   51.271781] pimreg: left allmulticast mode
[   51.272086] pimreg: left allmulticast mode
[   51.272373] pimreg: left allmulticast mode
[   51.272665] pimreg: left allmulticast mode
[   51.292806] pimreg: entered allmulticast mode
[   51.317943] pimreg: entered allmulticast mode
[   51.345799] pimreg: entered allmulticast mode
[   51.365590] pimreg: entered allmulticast mode
[   51.385885] pimreg: entered allmulticast mode
[   51.405260] pimreg: entered allmulticast mode
[   51.429043] pimreg: entered allmulticast mode
[   51.453982] pimreg: left allmulticast mode
[   51.454335] pimreg: left allmulticast mode
[   51.454589] pimreg: left allmulticast mode
[   51.454836] pimreg: left allmulticast mode
[   51.455147] pimreg: left allmulticast mode
[   51.456546] pimreg: left allmulticast mode
[   51.456908] pimreg: left allmulticast mode
[   51.457235] pimreg: left allmulticast mode
[   51.470320] pimreg: entered allmulticast mode
[   51.486755] pimreg: entered allmulticast mode
[   51.507108] pimreg: entered allmulticast mode
[   51.529362] pimreg: entered allmulticast mode
[   51.561554] pimreg: entered allmulticast mode
[   51.601367] pimreg: entered allmulticast mode
[   51.625448] pimreg: entered allmulticast mode
[   51.649615] pimreg: entered allmulticast mode
[   51.677310] pimreg: entered allmulticast mode
[   51.682655] pimreg: left allmulticast mode
[   51.683059] pimreg: left allmulticast mode
[   51.683333] pimreg: left allmulticast mode
[   51.683583] pimreg: left allmulticast mode
[   51.683895] pimreg: left allmulticast mode
[   51.684195] pimreg: left allmulticast mode
[   51.684484] pimreg: left allmulticast mode
[   51.684793] pimreg: left allmulticast mode
[   51.705471] pimreg: entered allmulticast mode
[   51.725327] pimreg: entered allmulticast mode
[   51.753369] pimreg: entered allmulticast mode
[   51.777673] pimreg: entered allmulticast mode
[   51.797129] pimreg: entered allmulticast mode
[   51.821314] pimreg: entered allmulticast mode
[   51.845488] pimreg: entered allmulticast mode
[   51.870439] pimreg: entered allmulticast mode
[   51.885934] pimreg: left allmulticast mode
[   51.886687] pimreg: left allmulticast mode
[   51.887007] pimreg: left allmulticast mode
[   51.887269] pimreg: left allmulticast mode
[   51.887590] pimreg: left allmulticast mode
[   51.887923] pimreg: left allmulticast mode
[   51.888215] pimreg: left allmulticast mode
[   51.888506] pimreg: left allmulticast mode
[   51.888810] pimreg: left allmulticast mode
[   51.902741] pimreg: entered allmulticast mode
[   51.924919] pimreg: entered allmulticast mode
[   51.952860] pimreg: entered allmulticast mode
[   51.972871] pimreg: entered allmulticast mode
[   51.985172] pimreg: entered allmulticast mode
[   52.009243] pimreg: entered allmulticast mode
[   52.033724] pimreg: entered allmulticast mode
[   52.056889] pimreg: entered allmulticast mode
[   52.082512] pimreg: entered allmulticast mode
[   52.082904] pimreg: left allmulticast mode
[   52.083256] pimreg: left allmulticast mode
[   52.083518] pimreg: left allmulticast mode
[   52.083781] pimreg: left allmulticast mode
[   52.084057] pimreg: left allmulticast mode
[   52.084358] pimreg: left allmulticast mode
[   52.084655] pimreg: left allmulticast mode
[   52.085346] pimreg: left allmulticast mode
[   52.098879] pimreg: entered allmulticast mode
[   52.129944] pimreg: entered allmulticast mode
[   52.156106] pimreg: entered allmulticast mode
[   52.177805] pimreg: entered allmulticast mode
[   52.205810] pimreg: entered allmulticast mode
[   52.229136] pimreg: entered allmulticast mode
[   52.253366] pimreg: entered allmulticast mode
[   52.277411] pimreg: entered allmulticast mode
[   52.305440] pimreg: entered allmulticast mode
[   52.310661] pimreg: left allmulticast mode
[   52.311131] pimreg: left allmulticast mode
[   52.311388] pimreg: left allmulticast mode
[   52.311688] pimreg: left allmulticast mode
[   52.311993] pimreg: left allmulticast mode
[   52.312313] pimreg: left allmulticast mode
[   52.312596] pimreg: left allmulticast mode
[   52.312892] pimreg: left allmulticast mode
[   52.313231] pimreg: left allmulticast mode
[   52.313539] pimreg: left allmulticast mode
[   52.329404] pimreg: entered allmulticast mode
[   52.356292] pimreg: entered allmulticast mode
[   52.379990] pimreg: entered allmulticast mode
[   52.397347] pimreg: entered allmulticast mode
[   52.421184] pimreg: entered allmulticast mode
[   52.445225] pimreg: entered allmulticast mode
[   52.469540] pimreg: entered allmulticast mode
[   52.488921] pimreg: entered allmulticast mode
[   52.513217] pimreg: entered allmulticast mode
[   52.533605] pimreg: entered allmulticast mode
[   52.543311] pimreg: left allmulticast mode
[   52.543676] pimreg: left allmulticast mode
[   52.543968] pimreg: left allmulticast mode
[   52.544220] pimreg: left allmulticast mode
[   52.544516] pimreg: left allmulticast mode
[   52.544838] pimreg: left allmulticast mode
[   52.545199] pimreg: left allmulticast mode
[   52.545519] pimreg: left allmulticast mode
[   52.545838] pimreg: left allmulticast mode
[   52.546136] pimreg: left allmulticast mode
[   52.562223] pimreg: entered allmulticast mode
[   52.591378] pimreg: entered allmulticast mode
[   52.603103] pimreg: entered allmulticast mode
[   52.621276] pimreg: entered allmulticast mode
[   52.646763] pimreg: entered allmulticast mode
[   52.673237] pimreg: entered allmulticast mode
[   52.702235] pimreg: entered allmulticast mode
[   52.725274] pimreg: entered allmulticast mode
[   52.749595] pimreg: entered allmulticast mode
[   52.773569] pimreg: entered allmulticast mode
[   52.786404] pimreg: left allmulticast mode
[   52.786917] pimreg: left allmulticast mode
[   52.787202] pimreg: left allmulticast mode
[   52.787451] pimreg: left allmulticast mode
[   52.787750] pimreg: left allmulticast mode
[   52.788021] pimreg: left allmulticast mode
[   52.788304] pimreg: left allmulticast mode
[   52.788604] pimreg: left allmulticast mode
[   52.788886] pimreg: left allmulticast mode
[   52.789250] pimreg: left allmulticast mode
[   52.805719] pimreg: entered allmulticast mode
[   52.833488] pimreg: entered allmulticast mode
[   52.860918] pimreg: entered allmulticast mode
[   52.881520] pimreg: entered allmulticast mode
[   52.901209] pimreg: entered allmulticast mode
[   52.925963] pimreg: entered allmulticast mode
[   52.945107] pimreg: entered allmulticast mode
[   52.970105] pimreg: entered allmulticast mode
[   52.989357] pimreg: entered allmulticast mode
[   53.009215] pimreg: entered allmulticast mode
[   53.018978] pimreg: left allmulticast mode
[   53.019585] pimreg: left allmulticast mode
[   53.019893] pimreg: left allmulticast mode
[   53.020144] pimreg: left allmulticast mode
[   53.020441] pimreg: left allmulticast mode
[   53.020748] pimreg: left allmulticast mode
[   53.021133] pimreg: left allmulticast mode
[   53.021455] pimreg: left allmulticast mode
[   53.021749] pimreg: left allmulticast mode
[   53.022057] pimreg: left allmulticast mode
[   53.037705] pimreg: entered allmulticast mode
[   53.062108] pimreg: entered allmulticast mode
[   53.077756] pimreg: entered allmulticast mode
[   53.101922] pimreg: entered allmulticast mode
[   53.129145] pimreg: entered allmulticast mode
[   53.153504] pimreg: entered allmulticast mode
[   53.181492] pimreg: entered allmulticast mode
[   53.209441] pimreg: entered allmulticast mode
[   53.233216] pimreg: entered allmulticast mode
[   53.257416] pimreg: entered allmulticast mode
[   53.262259] pimreg: left allmulticast mode
[   53.262895] pimreg: left allmulticast mode
[   53.263158] pimreg: left allmulticast mode
[   53.263409] pimreg: left allmulticast mode
[   53.263670] pimreg: left allmulticast mode
[   53.263978] pimreg: left allmulticast mode
[   53.264270] pimreg: left allmulticast mode
[   53.264560] pimreg: left allmulticast mode
[   53.264884] pimreg: left allmulticast mode
[   53.265595] pimreg: left allmulticast mode
[   53.280396] pimreg: entered allmulticast mode
[   53.311215] pimreg: entered allmulticast mode
[   53.335904] pimreg: entered allmulticast mode
[   53.358726] pimreg: entered allmulticast mode
[   53.381495] pimreg: entered allmulticast mode
[   53.409289] pimreg: entered allmulticast mode
[   53.437803] pimreg: entered allmulticast mode
[   53.465337] pimreg: entered allmulticast mode
[   53.493432] pimreg: entered allmulticast mode
[   53.516901] pimreg: entered allmulticast mode
[   53.530358] pimreg: left allmulticast mode
[   53.530978] pimreg: left allmulticast mode
[   53.531328] pimreg: left allmulticast mode
[   53.531629] pimreg: left allmulticast mode
[   53.531941] pimreg: left allmulticast mode
[   53.532229] pimreg: left allmulticast mode
[   53.532529] pimreg: left allmulticast mode
[   53.532834] pimreg: left allmulticast mode
[   53.533155] pimreg: left allmulticast mode
[   53.533453] pimreg: left allmulticast mode
[   53.550369] pimreg: entered allmulticast mode
[   53.577949] pimreg: entered allmulticast mode
[   53.599231] pimreg: entered allmulticast mode
[   53.610171] pimreg: entered allmulticast mode
[   53.633592] pimreg: entered allmulticast mode
[   53.653034] pimreg: entered allmulticast mode
[   53.677000] pimreg: entered allmulticast mode
[   53.701392] pimreg: entered allmulticast mode
[   53.724893] pimreg: entered allmulticast mode
[   53.738392] pimreg: left allmulticast mode
[   53.738783] pimreg: left allmulticast mode
[   53.739099] pimreg: left allmulticast mode
[   53.739407] pimreg: left allmulticast mode
[   53.739702] pimreg: left allmulticast mode
[   53.740010] pimreg: left allmulticast mode
[   53.740298] pimreg: left allmulticast mode
[   53.740586] pimreg: left allmulticast mode
[   53.740883] pimreg: left allmulticast mode
[   53.756074] pimreg: entered allmulticast mode
[   53.775141] pimreg: entered allmulticast mode
[   53.802635] pimreg: entered allmulticast mode
[   53.829959] pimreg: entered allmulticast mode
[   53.845173] pimreg: entered allmulticast mode
[   53.865149] pimreg: entered allmulticast mode
[   53.889179] pimreg: entered allmulticast mode
[   53.913209] pimreg: entered allmulticast mode
[   53.934190] pimreg: entered allmulticast mode
[   53.950423] pimreg: left allmulticast mode
[   53.950729] pimreg: left allmulticast mode
[   53.950993] pimreg: left allmulticast mode
[   53.951297] pimreg: left allmulticast mode
[   53.951597] pimreg: left allmulticast mode
[   53.951916] pimreg: left allmulticast mode
[   53.952214] pimreg: left allmulticast mode
[   53.952510] pimreg: left allmulticast mode
[   53.952816] pimreg: left allmulticast mode
[   53.967021] pimreg: entered allmulticast mode
[   53.988471] pimreg: entered allmulticast mode
[   54.010540] pimreg: entered allmulticast mode
[   54.038742] pimreg: entered allmulticast mode
[   54.053391] pimreg: entered allmulticast mode
[   54.077855] pimreg: entered allmulticast mode
[   54.097766] pimreg: entered allmulticast mode
[   54.116933] pimreg: entered allmulticast mode
[   54.141992] pimreg: entered allmulticast mode
[   54.157958] pimreg: left allmulticast mode
[   54.158312] pimreg: left allmulticast mode
[   54.158577] pimreg: left allmulticast mode
[   54.159215] pimreg: left allmulticast mode
[   54.159526] pimreg: left allmulticast mode
[   54.159814] pimreg: left allmulticast mode
[   54.160137] pimreg: left allmulticast mode
[   54.160466] pimreg: left allmulticast mode
[   54.160779] pimreg: left allmulticast mode
[   54.175108] pimreg: entered allmulticast mode
[   54.195880] pimreg: entered allmulticast mode
[   54.219738] pimreg: entered allmulticast mode
[   54.237402] pimreg: entered allmulticast mode
[   54.265343] pimreg: entered allmulticast mode
[   54.301272] pimreg: entered allmulticast mode
[   54.329500] pimreg: entered allmulticast mode
[   54.353211] pimreg: entered allmulticast mode
[   54.382024] pimreg: entered allmulticast mode
[   54.401932] pimreg: left allmulticast mode
[   54.402295] pimreg: left allmulticast mode
[   54.402564] pimreg: left allmulticast mode
[   54.403193] pimreg: left allmulticast mode
[   54.403953] pimreg: left allmulticast mode
[   54.404302] pimreg: left allmulticast mode
[   54.404600] pimreg: left allmulticast mode
[   54.404904] pimreg: left allmulticast mode
[   54.405259] pimreg: left allmulticast mode
[   54.419019] pimreg: entered allmulticast mode
[   54.441204] pimreg: entered allmulticast mode
[   54.468601] pimreg: entered allmulticast mode
[   54.493168] pimreg: entered allmulticast mode
[   54.513126] pimreg: entered allmulticast mode
[   54.537344] pimreg: entered allmulticast mode
[   54.557180] pimreg: entered allmulticast mode
[   54.581918] pimreg: entered allmulticast mode
[   54.601472] pimreg: entered allmulticast mode
[   54.610887] pimreg: left allmulticast mode
[   54.611256] pimreg: left allmulticast mode
[   54.611522] pimreg: left allmulticast mode
[   54.611799] pimreg: left allmulticast mode
[   54.612050] pimreg: left allmulticast mode
[   54.612345] pimreg: left allmulticast mode
[   54.612664] pimreg: left allmulticast mode
[   54.613048] pimreg: left allmulticast mode
[   54.613350] pimreg: left allmulticast mode
[   54.627916] pimreg: entered allmulticast mode
[   54.651736] pimreg: entered allmulticast mode
[   54.674755] pimreg: entered allmulticast mode
[   54.697960] pimreg: entered allmulticast mode
[   54.721720] pimreg: entered allmulticast mode
[   54.749395] pimreg: entered allmulticast mode
[   54.777334] pimreg: entered allmulticast mode
[   54.797118] pimreg: entered allmulticast mode
[   54.822061] pimreg: entered allmulticast mode
[   54.826374] pimreg: left allmulticast mode
[   54.826753] pimreg: left allmulticast mode
[   54.827027] pimreg: left allmulticast mode
[   54.827276] pimreg: left allmulticast mode
[   54.827572] pimreg: left allmulticast mode
[   54.827888] pimreg: left allmulticast mode
[   54.828176] pimreg: left allmulticast mode
[   54.828458] pimreg: left allmulticast mode
[   54.844612] pimreg: entered allmulticast mode
[   54.881945] pimreg: entered allmulticast mode
[   54.917859] pimreg: entered allmulticast mode
[   54.937472] pimreg: entered allmulticast mode
[   54.961338] pimreg: entered allmulticast mode
[   54.985205] pimreg: entered allmulticast mode
[   55.017436] pimreg: entered allmulticast mode
[   55.049353] pimreg: entered allmulticast mode
[   55.089543] pimreg: entered allmulticast mode
[   55.094828] pimreg: left allmulticast mode
[   55.095195] pimreg: left allmulticast mode
[   55.095457] pimreg: left allmulticast mode
[   55.095796] pimreg: left allmulticast mode
[   55.096101] pimreg: left allmulticast mode
[   55.096395] pimreg: left allmulticast mode
[   55.096702] pimreg: left allmulticast mode
[   55.097072] pimreg: left allmulticast mode
[   55.097394] pimreg: left allmulticast mode
[   55.117302] pimreg: entered allmulticast mode
[   55.136340] pimreg: entered allmulticast mode
[   55.148231] pimreg: entered allmulticast mode
[   55.170218] pimreg: entered allmulticast mode
[   55.182210] pimreg: entered allmulticast mode
[   55.209866] pimreg: entered allmulticast mode
[   55.233467] pimreg: entered allmulticast mode
[   55.253308] pimreg: entered allmulticast mode
[   55.277075] pimreg: entered allmulticast mode
[   55.290284] pimreg: left allmulticast mode
[   55.290637] pimreg: left allmulticast mode
[   55.290927] pimreg: left allmulticast mode
[   55.291199] pimreg: left allmulticast mode
[   55.291454] pimreg: left allmulticast mode
[   55.291716] pimreg: left allmulticast mode
[   55.292018] pimreg: left allmulticast mode
[   55.292313] pimreg: left allmulticast mode
[   55.292606] pimreg: left allmulticast mode
[   55.292915] pimreg: left allmulticast mode
[   55.309499] pimreg: entered allmulticast mode
[   55.340727] pimreg: entered allmulticast mode
[   55.370893] pimreg: entered allmulticast mode
[   55.382085] pimreg: entered allmulticast mode
[   55.405546] pimreg: entered allmulticast mode
[   55.419145] pimreg: left allmulticast mode
[   55.419639] pimreg: left allmulticast mode
[   55.419986] pimreg: left allmulticast mode
[   55.420292] pimreg: left allmulticast mode
[   55.420582] pimreg: left allmulticast mode
[   55.429825] pimreg: entered allmulticast mode
[   55.458552] pimreg: entered allmulticast mode
[   55.485059] pimreg: entered allmulticast mode
[   55.497509] pimreg: entered allmulticast mode
[   55.520904] pimreg: entered allmulticast mode
[   55.545372] pimreg: entered allmulticast mode
[   55.566118] pimreg: left allmulticast mode
[   55.566541] pimreg: left allmulticast mode
[   55.566901] pimreg: left allmulticast mode
[   55.567211] pimreg: left allmulticast mode
[   55.567523] pimreg: left allmulticast mode
[   55.567832] pimreg: left allmulticast mode
[   55.577959] pimreg: entered allmulticast mode
[   55.596328] pimreg: entered allmulticast mode
[   55.622083] pimreg: entered allmulticast mode
[   55.634432] pimreg: entered allmulticast mode
[   55.661164] pimreg: entered allmulticast mode
[   55.689024] pimreg: entered allmulticast mode
[   55.713841] pimreg: entered allmulticast mode
[   55.737933] pimreg: left allmulticast mode
[   55.738280] pimreg: left allmulticast mode
[   55.738543] pimreg: left allmulticast mode
[   55.738808] pimreg: left allmulticast mode
[   55.739057] pimreg: left allmulticast mode
[   55.740230] pimreg: left allmulticast mode
[   55.740563] pimreg: left allmulticast mode
[   55.754124] pimreg: entered allmulticast mode
[   55.777255] pimreg: entered allmulticast mode
[   55.802825] pimreg: entered allmulticast mode
[   55.821341] pimreg: entered allmulticast mode
[   55.846447] pimreg: entered allmulticast mode
[   55.869607] pimreg: entered allmulticast mode
[   55.902291] pimreg: left allmulticast mode
[   55.902675] pimreg: left allmulticast mode
[   55.903615] pimreg: left allmulticast mode
[   55.904346] pimreg: left allmulticast mode
[   55.904697] pimreg: left allmulticast mode
[   55.905270] pimreg: left allmulticast mode
[   55.915282] pimreg: entered allmulticast mode
[   55.933195] pimreg: entered allmulticast mode
[   55.957176] pimreg: entered allmulticast mode
[   55.977494] pimreg: entered allmulticast mode
[   56.005463] pimreg: entered allmulticast mode
[   56.033129] pimreg: entered allmulticast mode
[   56.065993] pimreg: entered allmulticast mode
[   56.089782] pimreg: left allmulticast mode
[   56.090654] pimreg: left allmulticast mode
[   56.091006] pimreg: left allmulticast mode
[   56.091277] pimreg: left allmulticast mode
[   56.091539] pimreg: left allmulticast mode
[   56.091816] pimreg: left allmulticast mode
[   56.092075] pimreg: left allmulticast mode
[   56.103405] pimreg: entered allmulticast mode
[   56.121057] pimreg: entered allmulticast mode
[   56.145838] pimreg: entered allmulticast mode
[   56.169542] pimreg: entered allmulticast mode
[   56.197083] pimreg: entered allmulticast mode
[   56.221277] pimreg: entered allmulticast mode
[   56.241565] pimreg: entered allmulticast mode
[   56.261374] pimreg: entered allmulticast mode
[   56.278093] pimreg: left allmulticast mode
[   56.278426] pimreg: left allmulticast mode
[   56.278686] pimreg: left allmulticast mode
[   56.279001] pimreg: left allmulticast mode
[   56.279304] pimreg: left allmulticast mode
[   56.279617] pimreg: left allmulticast mode
[   56.279915] pimreg: left allmulticast mode
[   56.280203] pimreg: left allmulticast mode
[   56.294028] pimreg: entered allmulticast mode
[   56.314169] pimreg: entered allmulticast mode
[   56.340611] pimreg: entered allmulticast mode
[   56.353928] pimreg: entered allmulticast mode
[   56.377724] pimreg: left allmulticast mode
[   56.378035] pimreg: left allmulticast mode
[   56.378283] pimreg: left allmulticast mode
[   56.378527] pimreg: left allmulticast mode
[   56.387000] pimreg: entered allmulticast mode
[   56.397499] pimreg: entered allmulticast mode
[   56.422790] pimreg: entered allmulticast mode
[   56.441971] pimreg: entered allmulticast mode
[   56.454245] pimreg: left allmulticast mode
[   56.454610] pimreg: left allmulticast mode
[   56.454901] pimreg: left allmulticast mode
[   56.455170] pimreg: left allmulticast mode
[   56.465862] pimreg: entered allmulticast mode
[   56.486028] pimreg: entered allmulticast mode
[   56.519505] pimreg: entered allmulticast mode
[   56.528805] pimreg: entered allmulticast mode
[   56.552882] pimreg: entered allmulticast mode
[   56.573714] pimreg: left allmulticast mode
[   56.574051] pimreg: left allmulticast mode
[   56.574303] pimreg: left allmulticast mode
[   56.574614] pimreg: left allmulticast mode
[   56.574918] pimreg: left allmulticast mode
[   56.586735] pimreg: entered allmulticast mode
[   56.602700] pimreg: entered allmulticast mode
[   56.625563] pimreg: entered allmulticast mode
[   56.650049] pimreg: entered allmulticast mode
[   56.662245] pimreg: left allmulticast mode
[   56.662590] pimreg: left allmulticast mode
[   56.662853] pimreg: left allmulticast mode
[   56.663100] pimreg: left allmulticast mode
[   56.673539] pimreg: entered allmulticast mode
[   56.700888] pimreg: entered allmulticast mode
[   56.726279] pimreg: entered allmulticast mode
[   56.736835] pimreg: entered allmulticast mode
[   56.757814] pimreg: entered allmulticast mode
[   56.774122] pimreg: left allmulticast mode
[   56.774562] pimreg: left allmulticast mode
[   56.774849] pimreg: left allmulticast mode
[   56.775099] pimreg: left allmulticast mode
[   56.776420] pimreg: left allmulticast mode
[   56.786361] pimreg: entered allmulticast mode
[   56.814251] pimreg: entered allmulticast mode
[   56.838856] pimreg: entered allmulticast mode
[   56.857422] pimreg: entered allmulticast mode
[   56.877462] pimreg: entered allmulticast mode
[   56.902481] pimreg: entered allmulticast mode
[   56.925968] pimreg: entered allmulticast mode
[   56.926313] pimreg: left allmulticast mode
[   56.926668] pimreg: left allmulticast mode
[   56.926923] pimreg: left allmulticast mode
[   56.927196] pimreg: left allmulticast mode
[   56.927507] pimreg: left allmulticast mode
[   56.927818] pimreg: left allmulticast mode
[   56.939188] pimreg: entered allmulticast mode
[   56.956010] pimreg: entered allmulticast mode
[   56.976817] pimreg: entered allmulticast mode
[   56.997681] pimreg: entered allmulticast mode
[   57.021292] pimreg: entered allmulticast mode
[   57.041181] pimreg: entered allmulticast mode
[   57.066153] pimreg: entered allmulticast mode
[   57.066523] pimreg: left allmulticast mode
[   57.066945] pimreg: left allmulticast mode
[   57.067290] pimreg: left allmulticast mode
[   57.067607] pimreg: left allmulticast mode
[   57.067908] pimreg: left allmulticast mode
[   57.068200] pimreg: left allmulticast mode
[   57.068478] pimreg: left allmulticast mode
[   57.082110] pimreg: entered allmulticast mode
[   57.109823] pimreg: entered allmulticast mode
[   57.135608] pimreg: entered allmulticast mode
[   57.153687] pimreg: entered allmulticast mode
[   57.177152] pimreg: entered allmulticast mode
[   57.209429] pimreg: entered allmulticast mode
[   57.240813] pimreg: entered allmulticast mode
[   57.261143] pimreg: entered allmulticast mode
[   57.282596] pimreg: entered allmulticast mode
[   57.282953] pimreg: left allmulticast mode
[   57.283259] pimreg: left allmulticast mode
[   57.283537] pimreg: left allmulticast mode
[   57.283846] pimreg: left allmulticast mode
[   57.284135] pimreg: left allmulticast mode
[   57.284438] pimreg: left allmulticast mode
[   57.284752] pimreg: left allmulticast mode
[   57.285341] pimreg: left allmulticast mode
[   57.285657] pimreg: left allmulticast mode
[   57.302479] pimreg: entered allmulticast mode
[   57.319890] pimreg: entered allmulticast mode
[   57.331677] pimreg: entered allmulticast mode
[   57.348946] pimreg: entered allmulticast mode
[   57.373348] pimreg: entered allmulticast mode
[   57.397389] pimreg: entered allmulticast mode
[   57.417330] pimreg: entered allmulticast mode
[   57.441400] pimreg: entered allmulticast mode
[   57.465446] pimreg: entered allmulticast mode
[   57.489922] pimreg: left allmulticast mode
[   57.490267] pimreg: left allmulticast mode
[   57.490518] pimreg: left allmulticast mode
[   57.490778] pimreg: left allmulticast mode
[   57.491055] pimreg: left allmulticast mode
[   57.491337] pimreg: left allmulticast mode
[   57.491602] pimreg: left allmulticast mode
[   57.491916] pimreg: left allmulticast mode
[   57.492232] pimreg: left allmulticast mode
[   57.492895] pimreg: left allmulticast mode
[   57.507348] pimreg: entered allmulticast mode
[   57.530192] pimreg: entered allmulticast mode
[   57.552811] pimreg: entered allmulticast mode
[   57.571184] pimreg: entered allmulticast mode
[   57.602246] pimreg: entered allmulticast mode
[   57.625454] pimreg: entered allmulticast mode
[   57.649327] pimreg: entered allmulticast mode
[   57.677233] pimreg: entered allmulticast mode
[   57.705392] pimreg: entered allmulticast mode
[   57.733154] pimreg: entered allmulticast mode
[   57.761692] pimreg: entered allmulticast mode
[   57.766986] pimreg: left allmulticast mode
[   57.767311] pimreg: left allmulticast mode
[   57.767567] pimreg: left allmulticast mode
[   57.767834] pimreg: left allmulticast mode
[   57.768086] pimreg: left allmulticast mode
[   57.768330] pimreg: left allmulticast mode
[   57.768622] pimreg: left allmulticast mode
[   57.768933] pimreg: left allmulticast mode
[   57.769868] pimreg: left allmulticast mode
[   57.770190] pimreg: left allmulticast mode
[   57.770487] pimreg: left allmulticast mode
[   57.786489] pimreg: entered allmulticast mode
[   57.810390] pimreg: entered allmulticast mode
[   57.835472] pimreg: entered allmulticast mode
[   57.857887] pimreg: entered allmulticast mode
[   57.873340] pimreg: entered allmulticast mode
[   57.896817] pimreg: entered allmulticast mode
[   57.921310] pimreg: entered allmulticast mode
[   57.941578] pimreg: entered allmulticast mode
[   57.965851] pimreg: entered allmulticast mode
[   57.985202] pimreg: entered allmulticast mode
[   58.005466] pimreg: entered allmulticast mode
[   58.011217] pimreg: left allmulticast mode
[   58.011836] pimreg: left allmulticast mode
[   58.012141] pimreg: left allmulticast mode
[   58.012402] pimreg: left allmulticast mode
[   58.012664] pimreg: left allmulticast mode
[   58.013030] pimreg: left allmulticast mode
[   58.013349] pimreg: left allmulticast mode
[   58.013648] pimreg: left allmulticast mode
[   58.013943] pimreg: left allmulticast mode
[   58.014240] pimreg: left allmulticast mode
[   58.037926] pimreg: entered allmulticast mode
[   58.057459] pimreg: entered allmulticast mode
[   58.087146] pimreg: entered allmulticast mode
[   58.113528] pimreg: entered allmulticast mode
[   58.137666] pimreg: entered allmulticast mode
[   58.161024] pimreg: entered allmulticast mode
[   58.185480] pimreg: entered allmulticast mode
[   58.205381] pimreg: entered allmulticast mode
[   58.237030] pimreg: entered allmulticast mode
[   58.250069] pimreg: left allmulticast mode
[   58.250421] pimreg: left allmulticast mode
[   58.250687] pimreg: left allmulticast mode
[   58.250942] pimreg: left allmulticast mode
[   58.251250] pimreg: left allmulticast mode
[   58.251564] pimreg: left allmulticast mode
[   58.251881] pimreg: left allmulticast mode
[   58.252771] pimreg: left allmulticast mode
[   58.253557] pimreg: left allmulticast mode
[   58.253863] pimreg: left allmulticast mode
[   58.270680] pimreg: entered allmulticast mode
[   58.297406] pimreg: entered allmulticast mode
[   58.317977] pimreg: entered allmulticast mode
[   58.330607] pimreg: entered allmulticast mode
[   58.353393] pimreg: entered allmulticast mode
[   58.373347] pimreg: entered allmulticast mode
[   58.397836] pimreg: entered allmulticast mode
[   58.417551] pimreg: entered allmulticast mode
[   58.437302] pimreg: entered allmulticast mode
[   58.461328] pimreg: entered allmulticast mode
[   58.481669] pimreg: entered allmulticast mode
[   58.486472] pimreg: left allmulticast mode
[   58.486836] pimreg: left allmulticast mode
[   58.487155] pimreg: left allmulticast mode
[   58.487450] pimreg: left allmulticast mode
[   58.487745] pimreg: left allmulticast mode
[   58.488045] pimreg: left allmulticast mode
[   58.488340] pimreg: left allmulticast mode
[   58.488633] pimreg: left allmulticast mode
[   58.488934] pimreg: left allmulticast mode
[   58.489268] pimreg: left allmulticast mode
[   58.505058] pimreg: entered allmulticast mode
[   58.535079] pimreg: entered allmulticast mode
[   58.565090] pimreg: entered allmulticast mode
[   58.585533] pimreg: entered allmulticast mode
[   58.613599] pimreg: entered allmulticast mode
[   58.653440] pimreg: entered allmulticast mode
[   58.677906] pimreg: entered allmulticast mode
[   58.705448] pimreg: entered allmulticast mode
[   58.729925] pimreg: entered allmulticast mode
[   58.753341] pimreg: entered allmulticast mode
[   58.766233] pimreg: left allmulticast mode
[   58.766568] pimreg: left allmulticast mode
[   58.766842] pimreg: left allmulticast mode
[   58.767095] pimreg: left allmulticast mode
[   58.767413] pimreg: left allmulticast mode
[   58.767731] pimreg: left allmulticast mode
[   58.768036] pimreg: left allmulticast mode
[   58.768323] pimreg: left allmulticast mode
[   58.768620] pimreg: left allmulticast mode
[   58.768911] pimreg: left allmulticast mode
[   58.769236] pimreg: left allmulticast mode
[   58.786595] pimreg: entered allmulticast mode
[   58.814712] pimreg: entered allmulticast mode
[   58.858272] pimreg: entered allmulticast mode
[   58.882032] pimreg: entered allmulticast mode
[   58.905689] pimreg: entered allmulticast mode
[   58.929729] pimreg: entered allmulticast mode
[   58.953519] pimreg: entered allmulticast mode
[   58.993821] pimreg: entered allmulticast mode
[   59.017411] pimreg: entered allmulticast mode
[   59.042051] pimreg: entered allmulticast mode
[   59.062585] pimreg: left allmulticast mode
[   59.062877] pimreg: left allmulticast mode
[   59.063174] pimreg: left allmulticast mode
[   59.063483] pimreg: left allmulticast mode
[   59.063802] pimreg: left allmulticast mode
[   59.064100] pimreg: left allmulticast mode
[   59.064392] pimreg: left allmulticast mode
[   59.064689] pimreg: left allmulticast mode
[   59.065019] pimreg: left allmulticast mode
[   59.065316] pimreg: left allmulticast mode
[   59.080412] pimreg: entered allmulticast mode
[   59.104847] pimreg: entered allmulticast mode
[   59.127895] pimreg: entered allmulticast mode
[   59.151619] pimreg: entered allmulticast mode
[   59.169609] pimreg: entered allmulticast mode
[   59.190083] pimreg: entered allmulticast mode
[   59.214037] pimreg: entered allmulticast mode
[   59.233255] pimreg: entered allmulticast mode
[   59.257242] pimreg: entered allmulticast mode
[   59.277967] pimreg: left allmulticast mode
[   59.278324] pimreg: left allmulticast mode
[   59.278585] pimreg: left allmulticast mode
[   59.278901] pimreg: left allmulticast mode
[   59.280469] pimreg: left allmulticast mode
[   59.280819] pimreg: left allmulticast mode
[   59.281197] pimreg: left allmulticast mode
[   59.281514] pimreg: left allmulticast mode
[   59.281824] pimreg: left allmulticast mode
[   59.295713] pimreg: entered allmulticast mode
[   59.323122] pimreg: entered allmulticast mode
[   59.344624] pimreg: entered allmulticast mode
[   59.362400] pimreg: entered allmulticast mode
[   59.385620] pimreg: entered allmulticast mode
[   59.413873] pimreg: entered allmulticast mode
[   59.437708] pimreg: entered allmulticast mode
[   59.461598] pimreg: entered allmulticast mode
[   59.486068] pimreg: entered allmulticast mode
[   59.506617] pimreg: left allmulticast mode
[   59.506968] pimreg: left allmulticast mode
[   59.507232] pimreg: left allmulticast mode
[   59.507481] pimreg: left allmulticast mode
[   59.507813] pimreg: left allmulticast mode
[   59.508134] pimreg: left allmulticast mode
[   59.508435] pimreg: left allmulticast mode
[   59.508731] pimreg: left allmulticast mode
[   59.509419] pimreg: left allmulticast mode
[   59.523252] pimreg: entered allmulticast mode
[   59.545574] pimreg: entered allmulticast mode
[   59.564198] pimreg: entered allmulticast mode
[   59.589868] pimreg: entered allmulticast mode
[   59.609669] pimreg: entered allmulticast mode
[   59.633627] pimreg: entered allmulticast mode
[   59.657183] pimreg: entered allmulticast mode
[   59.685584] pimreg: entered allmulticast mode
[   59.713101] pimreg: entered allmulticast mode
[   59.726171] pimreg: left allmulticast mode
[   59.726508] pimreg: left allmulticast mode
[   59.726773] pimreg: left allmulticast mode
[   59.727072] pimreg: left allmulticast mode
[   59.727387] pimreg: left allmulticast mode
[   59.727692] pimreg: left allmulticast mode
[   59.727984] pimreg: left allmulticast mode
[   59.728278] pimreg: left allmulticast mode
[   59.728580] pimreg: left allmulticast mode
[   59.743811] pimreg: entered allmulticast mode
[   59.766351] pimreg: entered allmulticast mode
[   59.794414] pimreg: entered allmulticast mode
[   59.821794] pimreg: entered allmulticast mode
[   59.853350] pimreg: entered allmulticast mode
[   59.889655] pimreg: entered allmulticast mode
[   59.917645] pimreg: entered allmulticast mode
[   59.941158] pimreg: entered allmulticast mode
[   59.965508] pimreg: entered allmulticast mode
[   59.986323] pimreg: left allmulticast mode
[   59.986646] pimreg: left allmulticast mode
[   59.986906] pimreg: left allmulticast mode
[   59.987206] pimreg: left allmulticast mode
[   59.987519] pimreg: left allmulticast mode
[   59.987827] pimreg: left allmulticast mode
[   59.988122] pimreg: left allmulticast mode
[   59.988413] pimreg: left allmulticast mode
[   59.988723] pimreg: left allmulticast mode
[   60.003835] pimreg: entered allmulticast mode
[   60.024020] pimreg: entered allmulticast mode
[   60.047940] pimreg: entered allmulticast mode
[   60.069589] pimreg: entered allmulticast mode
[   60.094394] pimreg: entered allmulticast mode
[   60.114023] pimreg: entered allmulticast mode
[   60.137782] pimreg: entered allmulticast mode
[   60.158834] pimreg: entered allmulticast mode
[   60.178350] pimreg: left allmulticast mode
[   60.178831] pimreg: left allmulticast mode
[   60.179089] pimreg: left allmulticast mode
[   60.179388] pimreg: left allmulticast mode
[   60.179693] pimreg: left allmulticast mode
[   60.180013] pimreg: left allmulticast mode
[   60.180300] pimreg: left allmulticast mode
[   60.180604] pimreg: left allmulticast mode
[   60.194442] pimreg: entered allmulticast mode
[   60.215445] pimreg: entered allmulticast mode
[   60.233376] pimreg: entered allmulticast mode
[   60.253561] pimreg: entered allmulticast mode
