c[?7l[2J[0mSeaBIOS (version rel-1.16.3-0-ga6ed6b701f0a-prebuilt.qemu.org)


iPXE (http://ipxe.org) 00:03.0 CA00 PCI2.10 PnP PMM+7EFD0D60+7EF30D60 CA00
Press Ctrl-B to configure iPXE (PCI 00:03.0)...                                                                               


Booting from ROM...
c[?7l[2J[    0.000000] Linux version 7.1.0-rc1-4ca07b9239bd+ (root@gnr-800442) (gcc (GCC) 11.5.0 20240719 (Red Hat 11.5.0-14), GNU ld version 2.35.2-66.el9) #1 SMP PREEMPT_DYNAMIC Wed May  6 11:02:31 CST 2026
[    0.000000] Command line: console=ttyS0 root=/dev/sda earlyprintk=serial net.ifnames=0 thunderbolt.dyndbg
[    0.000000] KERNEL supported cpus:
[    0.000000]   Intel GenuineIntel
[    0.000000]   AMD AuthenticAMD
[    0.000000]   Hygon HygonGenuine
[    0.000000]   Centaur CentaurHauls
[    0.000000]   zhaoxin   Shanghai  
[    0.000000] x86/CPU: Model not found in latest microcode list
[    0.000000] x86/split lock detection: #DB: warning on user-space bus_locks
[    0.000000] BIOS-provided physical RAM map:
[    0.000000] BIOS-e820: [mem 0x0000000000000000-0x000000000009fbff]  System RAM
[    0.000000] BIOS-e820: [mem 0x000000000009fc00-0x000000000009ffff]  device reserved
[    0.000000] BIOS-e820: [gap 0x00000000000a0000-0x00000000000effff]
[    0.000000] BIOS-e820: [mem 0x00000000000f0000-0x00000000000fffff]  device reserved
[    0.000000] BIOS-e820: [mem 0x0000000000100000-0x000000007ffdffff]  System RAM
[    0.000000] BIOS-e820: [mem 0x000000007ffe0000-0x000000007fffffff]  device reserved
[    0.000000] BIOS-e820: [gap 0x0000000080000000-0x00000000feffbfff]
[    0.000000] BIOS-e820: [mem 0x00000000feffc000-0x00000000feffffff]  device reserved
[    0.000000] BIOS-e820: [gap 0x00000000ff000000-0x00000000fffbffff]
[    0.000000] BIOS-e820: [mem 0x00000000fffc0000-0x00000000ffffffff]  device reserved
[    0.000000] printk: legacy bootconsole [earlyser0] enabled
[    0.000000] NX (Execute Disable) protection: active
[    0.000000] APIC: Static calls initialized
[    0.000000] DMI: SMBIOS 3.0.0 present.
[    0.000000] DMI: QEMU Standard PC (i440FX + PIIX, 1996), BIOS rel-1.16.3-0-ga6ed6b701f0a-prebuilt.qemu.org 04/01/2014
[    0.000000] DMI: Memory slots populated: 1/1
[    0.000000] Hypervisor detected: KVM
[    0.000000] last_pfn = 0x7ffe0 max_arch_pfn = 0x10000000000
[    0.000000] kvm-clock: Using msrs 4b564d01 and 4b564d00
[    0.000003] kvm-clock: using sched offset of 729651378 cycles
[    0.000659] clocksource: kvm-clock: mask: 0xffffffffffffffff max_cycles: 0x1cd42e4dffb, max_idle_ns: 881590591483 ns
[    0.002665] tsc: Detected 2500.000 MHz processor
[    0.010583] last_pfn = 0x7ffe0 max_arch_pfn = 0x10000000000
[    0.011177] MTRR map: 4 entries (3 fixed + 1 variable; max 19), built from 8 variable MTRRs
[    0.012131] x86/PAT: Configuration [0-7]: WB  WC  UC- UC  WB  WP  UC- WT  
[    0.017754] found SMP MP-table at [mem 0x000f5480-0x000f548f]
[    0.018454] Using GB pages for direct mapping
[    0.021048] ACPI: Early table checksum verification disabled
[    0.021702] ACPI: RSDP 0x00000000000F52A0 000014 (v00 BOCHS )
[    0.022424] ACPI: RSDT 0x000000007FFE1C9B 000034 (v01 BOCHS  BXPC     00000001 BXPC 00000001)
[    0.023497] ACPI: FACP 0x000000007FFE1B47 000074 (v01 BOCHS  BXPC     00000001 BXPC 00000001)
[    0.024576] ACPI: DSDT 0x000000007FFE0040 001B07 (v01 BOCHS  BXPC     00000001 BXPC 00000001)
[    0.025655] ACPI: FACS 0x000000007FFE0000 000040
[    0.026228] ACPI: APIC 0x000000007FFE1BBB 000080 (v03 BOCHS  BXPC     00000001 BXPC 00000001)
[    0.027287] ACPI: HPET 0x000000007FFE1C3B 000038 (v01 BOCHS  BXPC     00000001 BXPC 00000001)
[    0.028355] ACPI: WAET 0x000000007FFE1C73 000028 (v01 BOCHS  BXPC     00000001 BXPC 00000001)
[    0.029417] ACPI: Reserving FACP table memory at [mem 0x7ffe1b47-0x7ffe1bba]
[    0.030300] ACPI: Reserving DSDT table memory at [mem 0x7ffe0040-0x7ffe1b46]
[    0.031171] ACPI: Reserving FACS table memory at [mem 0x7ffe0000-0x7ffe003f]
[    0.032049] ACPI: Reserving APIC table memory at [mem 0x7ffe1bbb-0x7ffe1c3a]
[    0.032907] ACPI: Reserving HPET table memory at [mem 0x7ffe1c3b-0x7ffe1c72]
[    0.033729] ACPI: Reserving WAET table memory at [mem 0x7ffe1c73-0x7ffe1c9a]
[    0.035157] No NUMA configuration found
[    0.035642] Faking a node at [mem 0x0000000000000000-0x000000007ffdffff]
[    0.036483] NODE_DATA(0) allocated [mem 0x7ffb4bc0-0x7ffdfcbf]
[    0.106905] KernelAddressSanitizer initialized (generic)
[    0.107805] ACPI: PM-Timer IO Port: 0x608
[    0.108329] ACPI: LAPIC_NMI (acpi_id[0xff] dfl dfl lint[0x1])
[    0.109063] IOAPIC[0]: apic_id 0, version 17, address 0xfec00000, GSI 0-23
[    0.109934] ACPI: INT_SRC_OVR (bus 0 bus_irq 0 global_irq 2 dfl dfl)
[    0.110672] ACPI: INT_SRC_OVR (bus 0 bus_irq 5 global_irq 5 high level)
[    0.111462] ACPI: INT_SRC_OVR (bus 0 bus_irq 9 global_irq 9 high level)
[    0.112282] ACPI: INT_SRC_OVR (bus 0 bus_irq 10 global_irq 10 high level)
[    0.113129] ACPI: INT_SRC_OVR (bus 0 bus_irq 11 global_irq 11 high level)
[    0.113965] ACPI: Using ACPI (MADT) for SMP configuration information
[    0.114750] ACPI: HPET id: 0x8086a201 base: 0xfed00000
[    0.115379] TSC deadline timer available
[    0.115860] CPU topo: Max. logical packages:   1
[    0.116406] CPU topo: Max. logical nodes:      1
[    0.116978] CPU topo: Num. nodes per package:  1
[    0.117548] CPU topo: Max. logical dies:       1
[    0.118076] CPU topo: Max. dies per package:   1
[    0.118649] CPU topo: Max. threads per core:   1
[    0.119204] CPU topo: Num. cores per package:     2
[    0.119795] CPU topo: Num. threads per package:   2
[    0.120396] CPU topo: Allowing 2 present CPUs plus 0 hotplug CPUs
[    0.121200] kvm-guest: APIC: eoi() replaced with kvm_guest_apic_eoi_write()
[    0.122094] kvm-guest: KVM setup pv remote TLB flush
[    0.122692] kvm-guest: setup PV sched yield
[    0.123235] PM: hibernation: Registered nosave memory: [mem 0x00000000-0x00000fff]
[    0.124139] PM: hibernation: Registered nosave memory: [mem 0x0009f000-0x000fffff]
[    0.125061] [gap 0x80000000-0xfeffbfff] available for PCI devices
[    0.125817] Booting paravirtualized kernel on KVM
[    0.126386] clocksource: refined-jiffies: mask: 0xffffffff max_cycles: 0xffffffff, max_idle_ns: 7645519600211568 ns
[    0.128248] Zone ranges:
[    0.128630]   DMA      [mem 0x0000000000001000-0x0000000000ffffff]
[    0.129338]   DMA32    [mem 0x0000000001000000-0x000000007ffdffff]
[    0.130101]   Normal   empty
[    0.130451]   Device   empty
[    0.130808] Movable zone start for each node
[    0.131341] Early memory node ranges
[    0.131783]   node   0: [mem 0x0000000000001000-0x000000000009efff]
[    0.132553]   node   0: [mem 0x0000000000100000-0x000000007ffdffff]
[    0.133324] Initmem setup node 0 [mem 0x0000000000001000-0x000000007ffdffff]
[    0.134544] On node 0, zone DMA: 1 pages in unavailable ranges
[    0.135513] On node 0, zone DMA: 97 pages in unavailable ranges
[    0.164661] On node 0, zone DMA32: 32 pages in unavailable ranges
[    0.165374] setup_percpu: NR_CPUS:8192 nr_cpumask_bits:2 nr_cpu_ids:2 nr_node_ids:1
[    0.166995] percpu: Embedded 81 pages/cpu s294912 r8192 d28672 u1048576
[    0.167969] kvm-guest: PV spinlocks enabled
[    0.168494] PV qspinlock hash table entries: 256 (order: 0, 4096 bytes, linear)
[    0.169405] Kernel command line: net.ifnames=0 console=ttyS0 root=/dev/sda earlyprintk=serial net.ifnames=0 thunderbolt.dyndbg
[    0.171106] random: crng init done
[    0.171513] printk: log buffer data + meta data: 262144 + 1114112 = 1376256 bytes
[    0.172867] Dentry cache hash table entries: 262144 (order: 9, 2097152 bytes, linear)
[    0.174263] Inode-cache hash table entries: 131072 (order: 8, 1048576 bytes, linear)
[    0.175511] Fallback order for Node 0: 0 
[    0.175526] Built 1 zonelists, mobility grouping on.  Total pages: 524158
[    0.176828] Policy zone: DMA32
[    0.177192] mem auto-init: stack:off, heap alloc:off, heap free:off
[    0.177949] stackdepot: allocating hash table via alloc_large_system_hash
[    0.178773] stackdepot hash table entries: 1048576 (order: 12, 16777216 bytes, linear)
[    0.183966] stackdepot: allocating space for 8192 stack pools via memblock
[    0.232845] SLUB: HWalign=64, Order=0-3, MinObjects=0, CPUs=2, Nodes=1
[    0.233560] kmemleak: Kernel memory leak detector disabled
[    0.273501] ftrace: allocating 76248 entries in 300 pages
[    0.274068] ftrace: allocated 300 pages with 4 groups
[    0.277570] Dynamic Preempt: lazy
[    0.278544] Running RCU self tests
[    0.278899] Running RCU synchronous self tests
[    0.279451] rcu: Preemptible hierarchical RCU implementation.
[    0.280148] rcu: 	RCU lockdep checking is enabled.
[    0.280647] rcu: 	RCU restricting CPUs from NR_CPUS=8192 to nr_cpu_ids=2.
[    0.281400] 	Trampoline variant of Tasks RCU enabled.
[    0.281958] 	Rude variant of Tasks RCU enabled.
[    0.282458] 	Tracing variant of Tasks RCU enabled.
[    0.282986] rcu: RCU calculated value of scheduler-enlistment delay is 25 jiffies.
[    0.283830] rcu: Adjusting geometry for rcu_fanout_leaf=16, nr_cpu_ids=2
[    0.284665] Running RCU synchronous self tests
[    0.285181] RCU Tasks: Setting shift to 1 and lim to 1 rcu_task_cb_adjust=1 rcu_task_cpu_ids=2.
[    0.286148] RCU Tasks Rude: Setting shift to 1 and lim to 1 rcu_task_cb_adjust=1 rcu_task_cpu_ids=2.
[    0.359306] NR_IRQS: 524544, nr_irqs: 440, preallocated irqs: 16
[    0.360633] rcu: srcu_init: Setting srcu_struct sizes based on contention.
[    0.369753] Console: colour VGA+ 80x25
[    0.370178] printk: legacy console [ttyS0] enabled
[    0.370178] printk: legacy console [ttyS0] enabled
[    0.371295] printk: legacy bootconsole [earlyser0] disabled
[    0.371295] printk: legacy bootconsole [earlyser0] disabled
[    0.372651] Lock dependency validator: Copyright (c) 2006 Red Hat, Inc., Ingo Molnar
[    0.373558] ... MAX_LOCKDEP_SUBCLASSES:  8
[    0.374064] ... MAX_LOCK_DEPTH:          48
[    0.374565] ... MAX_LOCKDEP_KEYS:        8192
[    0.375112] ... CLASSHASH_SIZE:          4096
[    0.375649] ... MAX_LOCKDEP_ENTRIES:     32768
[    0.376165] ... MAX_LOCKDEP_CHAINS:      65536
[    0.376722] ... CHAINHASH_SIZE:          32768
[    0.377256]  memory used by lock dependency info: 6429 kB
[    0.377907]  memory used for stack traces: 16896 kB
[    0.378492]  per task-struct memory footprint: 1920 bytes
[    0.379250] ACPI: Core revision 20251212
[    0.380260] clocksource: hpet: mask: 0xffffffff max_cycles: 0xffffffff, max_idle_ns: 19112604467 ns
[    0.381568] APIC: Switch to symmetric I/O mode setup
[    0.382446] x2apic enabled
[    0.383205] APIC: Switched APIC routing to: physical x2apic
[    0.383872] kvm-guest: APIC: send_IPI_mask() replaced with kvm_send_ipi_mask()
[    0.384760] kvm-guest: APIC: send_IPI_mask_allbutself() replaced with kvm_send_ipi_mask_allbutself()
[    0.385956] kvm-guest: setup PV IPIs
[    0.387546] ..TIMER: vector=0x30 apic1=0 pin1=2 apic2=-1 pin2=-1
[    0.388325] clocksource: tsc-early: mask: 0xffffffffffffffff max_cycles: 0x240939f1bb2, max_idle_ns: 440795263295 ns
[    0.389702] Calibrating delay loop (skipped) preset value.. 5000.00 BogoMIPS (lpj=10000000)
[    0.390846] x86/cpu: User Mode Instruction Prevention (UMIP) activated
[    0.391727] Last level iTLB entries: 4KB 0, 2MB 0, 4MB 0
[    0.392381] Last level dTLB entries: 4KB 0, 2MB 0, 4MB 0, 1GB 0
[    0.393121] mitigations: Enabled attack vectors: user_kernel, user_user, guest_host, guest_guest, SMT mitigations: auto
[    0.393695] Speculative Store Bypass: Mitigation: Speculative Store Bypass disabled via prctl
[    0.394732] Spectre V2 : Mitigation: Enhanced / Automatic IBRS
[    0.395467] ITS: Mitigation: Aligned branch/return thunks
[    0.396136] Spectre V1 : Mitigation: usercopy/swapgs barriers and __user pointer sanitization
[    0.397692] Spectre V2 : WARNING: Unprivileged eBPF is enabled with eIBRS on, data leaks possible via Spectre v2 BHB attacks!
[    0.399036] Spectre V2 : Spectre v2 / PBRSB-eIBRS: Retire a single CALL on VMEXIT
[    0.399936] Spectre V2 : mitigation: Enabling conditional Indirect Branch Prediction Barrier
[    0.400928] active return thunk: its_return_thunk
[    0.401691] Spectre V2 : Spectre BHI mitigation: SW BHB clearing on syscall and VM exit
[    0.402688] x86/fpu: Supporting XSAVE feature 0x001: 'x87 floating point registers'
[    0.403608] x86/fpu: Supporting XSAVE feature 0x002: 'SSE registers'
[    0.404378] x86/fpu: Supporting XSAVE feature 0x004: 'AVX registers'
[    0.405135] x86/fpu: Supporting XSAVE feature 0x020: 'AVX-512 opmask'
[    0.405691] x86/fpu: Supporting XSAVE feature 0x040: 'AVX-512 Hi256'
[    0.406458] x86/fpu: Supporting XSAVE feature 0x080: 'AVX-512 ZMM_Hi256'
[    0.407252] x86/fpu: Supporting XSAVE feature 0x200: 'Protection Keys User registers'
[    0.408176] x86/fpu: Supporting XSAVE feature 0x20000: 'AMX Tile config'
[    0.408960] x86/fpu: Supporting XSAVE feature 0x40000: 'AMX Tile data'
[    0.409692] x86/fpu: xstate_offset[2]:  576, xstate_sizes[2]:  256
[    0.410438] x86/fpu: xstate_offset[5]:  832, xstate_sizes[5]:   64
[    0.411180] x86/fpu: xstate_offset[6]:  896, xstate_sizes[6]:  512
[    0.411907] x86/fpu: xstate_offset[7]: 1408, xstate_sizes[7]: 1024
[    0.412644] x86/fpu: xstate_offset[9]: 2432, xstate_sizes[9]:    8
[    0.413692] x86/fpu: xstate_offset[17]: 2496, xstate_sizes[17]:   64
[    0.414433] x86/fpu: xstate_offset[18]: 2560, xstate_sizes[18]: 8192
[    0.415171] x86/fpu: Enabled xstate features 0x602e7, context size is 10752 bytes, using 'compacted' format.
[    0.580361] pid_max: default: 32768 minimum: 301
[    0.581348] Yama: becoming mindful.
[    0.582200] Mount-cache hash table entries: 4096 (order: 3, 32768 bytes, linear)
[    0.583062] Mountpoint-cache hash table entries: 4096 (order: 3, 32768 bytes, linear)
[    0.584718] VFS: Finished mounting rootfs on nullfs
[    0.586802] Running RCU synchronous self tests
[    0.587297] Running RCU synchronous self tests
[    0.588246] smpboot: CPU0: Intel GENUINE INTEL(R) XEON(R) (family: 0x6, model: 0xad, stepping: 0x0)
[    0.589687] Performance Events: PEBS fmt0-, Granite Rapids events, 
[    0.589687] core: The event 0x400 is not supported as a normal event.
[    0.589687] core: The event 0x8000 is not supported as a normal event.
[    0.589705] core: The event 0x8100 is not supported as a normal event.
[    0.590482] core: The event 0x8200 is not supported as a normal event.
[    0.591257] core: The event 0x8300 is not supported as a normal event.
[    0.592041] core: The event 0x8400 is not supported as a normal event.
[    0.592813] core: The event 0x8500 is not supported as a normal event.
[    0.593579] core: The event 0x8600 is not supported as a normal event.
[    0.593694] core: The event 0x8700 is not supported as a normal event.
[    0.594505] full-width counters, Intel PMU driver.
[    0.595107] ... version:                   2
[    0.595613] ... bit width:                 48
[    0.596139] ... generic counters:          8
[    0.596656] ... generic bitmap:            00000000000000ff
[    0.597307] ... fixed-purpose counters:    3
[    0.597695] ... fixed-purpose bitmap:      0000000000000007
[    0.598360] ... value mask:                0000ffffffffffff
[    0.599019] ... max period:                00007fffffffffff
[    0.599679] ... global_ctrl mask:          00000007000000ff
[    0.600871] signal: max sigframe size: 11952
[    0.601572] rcu: Hierarchical SRCU implementation.
[    0.601699] rcu: 	Max phase no-delay instances is 1000.
[    0.602518] Timer migration: 1 hierarchy levels; 8 children per group; 1 crossnode level
[    0.625555] smp: Bringing up secondary CPUs ...
[    0.626374] smpboot: x86: Booting SMP configuration:
[    0.626980] .... node  #0, CPUs:      #1
[    0.627419] smp: Brought up 1 node, 2 CPUs
[    0.627419] smpboot: Total of 2 processors activated (10000.00 BogoMIPS)
[    0.630656] Memory: 1574872K/2096632K available (81902K kernel code, 15886K rwdata, 19560K rodata, 16684K init, 34600K bss, 509384K reserved, 0K cma-reserved)
[    0.633698] devtmpfs: initialized
[    0.634872] x86/mm: Memory block size: 128MB
[    0.646910] Running RCU synchronous self tests
[    0.647064] Running RCU synchronous self tests
[    0.647690] Running RCU Tasks wait API self tests
[    0.649770] Running RCU Tasks Rude wait API self tests
[    0.650332] Running RCU Tasks Trace wait API self tests
[    0.651111] clocksource: jiffies: mask: 0xffffffff max_cycles: 0xffffffff, max_idle_ns: 7645041785100000 ns
[    0.652361] posixtimers hash table entries: 1024 (order: 5, 73728 bytes, linear)
[    0.653735] futex hash table entries: 512 (65536 bytes on 1 NUMA nodes, total 64 KiB, linear).
[    0.656905] 
[    0.657111] *************************************************************
[    0.657741] **     NOTICE NOTICE NOTICE NOTICE NOTICE NOTICE NOTICE    **
[    0.658547] **                                                         **
[    0.659349] **  IOMMU DebugFS SUPPORT HAS BEEN ENABLED IN THIS KERNEL  **
[    0.660160] **                                                         **
[    0.660951] ** This means that this kernel is built to expose internal **
[    0.661759] ** IOMMU data structures, which may compromise security on **
[    0.662570] ** your system.                                            **
[    0.663382] **                                                         **
[    0.664190] ** If you see this message and you are not debugging the   **
[    0.664939] ** kernel, report this immediately to your vendor!         **
[    0.665693] **                                                         **
[    0.666499] **     NOTICE NOTICE NOTICE NOTICE NOTICE NOTICE NOTICE    **
[    0.667300] *************************************************************
[    0.668176] PM: RTC time: 03:03:54, date: 2026-05-06
[    0.671447] NET: Registered PF_NETLINK/PF_ROUTE protocol family
[    0.673723] Callback from call_rcu_tasks_trace() invoked.
[    0.674652] DMA: preallocated 256 KiB GFP_KERNEL|GFP_DMA pool for atomic allocations
[    0.675614] DMA: preallocated 256 KiB GFP_KERNEL|GFP_DMA32 pool for atomic allocations
[    0.676671] audit: initializing netlink subsys (disabled)
[    0.677764] audit: type=2000 audit(1778036635.118:1): state=initialized audit_enabled=0 res=1
[    0.679944] thermal_sys: Registered thermal governor 'fair_share'
[    0.679955] thermal_sys: Registered thermal governor 'bang_bang'
[    0.680675] thermal_sys: Registered thermal governor 'step_wise'
[    0.681400] thermal_sys: Registered thermal governor 'user_space'
[    0.681791] cpuidle: using governor ladder
[    0.683002] cpuidle: using governor menu
[    0.683967] Freeing SMP alternatives memory: 64K
[    0.685046] acpiphp: ACPI Hot Plug PCI Controller Driver version: 0.5
[    0.687436] PCI: Using configuration type 1 for base access
[    0.688256] virt/tdx: TDX not supported by the host platform
[    0.689392] kprobes: kprobe jump-optimization is enabled. All kprobes are optimized if possible.
[    0.694044] HugeTLB: registered 1.00 GiB page size, pre-allocated 0 pages
[    0.694631] HugeTLB: 16380 KiB vmemmap can be freed for a 1.00 GiB page
[    0.695266] HugeTLB: registered 2.00 MiB page size, pre-allocated 0 pages
[    0.695926] HugeTLB: 28 KiB vmemmap can be freed for a 2.00 MiB page
[    0.732053] ACPI: Added _OSI(Module Device)
[    0.732523] ACPI: Added _OSI(Processor Device)
[    0.733022] ACPI: Added _OSI(Processor Aggregator Device)
[    0.767648] ACPI: 1 ACPI AML tables successfully acquired and loaded
[    0.809723] ACPI: \_SB_: platform _OSC: OS support mask [002e7eff]
[    0.813180] ACPI: Interpreter enabled
[    0.813719] ACPI: PM: (supports S0 S3 S4 S5)
[    0.814154] ACPI: Using IOAPIC for interrupt routing
[    0.814764] PCI: Using host bridge windows from ACPI; if necessary, use "pci=nocrs" and report a bug
[    0.815662] PCI: Using E820 reservations for host bridge windows
[    0.817588] ACPI: Enabled 2 GPEs in block 00 to 0F
[    0.870032] ACPI: PCI Root Bridge [PCI0] (domain 0000 [bus 00-ff])
[    0.870672] acpi PNP0A03:00: _OSC: OS supports [ASPM ClockPM Segments MSI EDR HPX-Type3]
[    0.871460] acpi PNP0A03:00: _OSC: not requesting OS control; OS requires [ExtendedConfig ASPM ClockPM MSI]
[    0.872469] acpi PNP0A03:00: _OSC: platform retains control of PCIe features (AE_ERROR)
[    0.873372] acpi PNP0A03:00: fail to add MMCONFIG information, can't access extended configuration space under this bridge
[    0.879157] acpiphp: Slot [3] registered
[    0.879652] acpiphp: Slot [4] registered
[    0.880153] acpiphp: Slot [5] registered
[    0.880645] acpiphp: Slot [6] registered
[    0.881179] acpiphp: Slot [7] registered
[    0.881710] acpiphp: Slot [8] registered
[    0.882249] acpiphp: Slot [9] registered
[    0.882776] acpiphp: Slot [10] registered
[    0.883300] acpiphp: Slot [11] registered
[    0.883828] acpiphp: Slot [12] registered
[    0.884361] acpiphp: Slot [13] registered
[    0.884898] acpiphp: Slot [14] registered
[    0.885440] acpiphp: Slot [15] registered
[    0.885837] acpiphp: Slot [16] registered
[    0.886386] acpiphp: Slot [17] registered
[    0.886926] acpiphp: Slot [18] registered
[    0.887458] acpiphp: Slot [19] registered
[    0.887989] acpiphp: Slot [20] registered
[    0.888533] acpiphp: Slot [21] registered
[    0.889059] acpiphp: Slot [22] registered
[    0.889581] acpiphp: Slot [23] registered
[    0.889837] acpiphp: Slot [24] registered
[    0.890369] acpiphp: Slot [25] registered
[    0.890911] acpiphp: Slot [26] registered
[    0.891447] acpiphp: Slot [27] registered
[    0.891983] acpiphp: Slot [28] registered
[    0.892528] acpiphp: Slot [29] registered
[    0.893073] acpiphp: Slot [30] registered
[    0.893609] acpiphp: Slot [31] registered
[    0.893764] PCI host bridge to bus 0000:00
[    0.894220] pci_bus 0000:00: root bus resource [io  0x0000-0x0cf7 window]
[    0.894861] pci_bus 0000:00: root bus resource [io  0x0d00-0xffff window]
[    0.895510] pci_bus 0000:00: root bus resource [mem 0x000a0000-0x000bffff window]
[    0.896219] pci_bus 0000:00: root bus resource [mem 0x80000000-0xfebfffff window]
[    0.896923] pci_bus 0000:00: root bus resource [mem 0x100000000-0x17fffffff window]
[    0.897651] pci_bus 0000:00: root bus resource [bus 00-ff]
[    0.897804] pci 0000:00:00.0: [8086:1237] type 00 class 0x060000 conventional PCI endpoint
[    0.900303] pci 0000:00:01.0: [8086:7000] type 00 class 0x060100 conventional PCI endpoint
[    0.902534] pci 0000:00:01.1: [8086:7010] type 00 class 0x010180 conventional PCI endpoint
[    0.903951] pci 0000:00:01.1: BAR 4 [io  0xc040-0xc04f]
[    0.904479] pci 0000:00:01.1: BAR 0 [io  0x01f0-0x01f7]: legacy IDE quirk
[    0.905123] pci 0000:00:01.1: BAR 1 [io  0x03f6]: legacy IDE quirk
[    0.905693] pci 0000:00:01.1: BAR 2 [io  0x0170-0x0177]: legacy IDE quirk
[    0.906327] pci 0000:00:01.1: BAR 3 [io  0x0376]: legacy IDE quirk
[    0.908095] pci 0000:00:01.3: [8086:7113] type 00 class 0x068000 conventional PCI endpoint
[    0.909171] pci 0000:00:01.3: quirk: [io  0x0600-0x063f] claimed by PIIX4 ACPI
[    0.909700] pci 0000:00:01.3: quirk: [io  0x0700-0x070f] claimed by PIIX4 SMB
[    0.911540] pci 0000:00:02.0: [1234:1111] type 00 class 0x030000 conventional PCI endpoint
[    0.919461] pci 0000:00:02.0: BAR 0 [mem 0xfd000000-0xfdffffff pref]
[    0.920126] pci 0000:00:02.0: BAR 2 [mem 0xfebf0000-0xfebf0fff]
[    0.920732] pci 0000:00:02.0: ROM [mem 0xfebe0000-0xfebeffff pref]
[    0.921470] pci 0000:00:02.0: Video device with shadowed ROM at [mem 0x000c0000-0x000dffff]
[    0.923022] pci 0000:00:03.0: [8086:100e] type 00 class 0x020000 conventional PCI endpoint
[    0.930244] pci 0000:00:03.0: BAR 0 [mem 0xfebc0000-0xfebdffff]
[    0.930816] pci 0000:00:03.0: BAR 1 [io  0xc000-0xc03f]
[    0.931369] pci 0000:00:03.0: ROM [mem 0xfeb80000-0xfebbffff pref]
[    0.957786] ACPI: PCI: Interrupt link LNKA configured for IRQ 10
[    0.959905] ACPI: PCI: Interrupt link LNKB configured for IRQ 10
[    0.961551] ACPI: PCI: Interrupt link LNKC configured for IRQ 11
[    0.962694] ACPI: PCI: Interrupt link LNKD configured for IRQ 11
[    0.963692] ACPI: PCI: Interrupt link LNKS configured for IRQ 9
[    0.969772] iommu: Default domain type: Translated
[    0.970262] iommu: DMA domain TLB invalidation policy: lazy mode
[    0.974195] SCSI subsystem initialized
[    0.975172] ACPI: bus type USB registered
[    0.975847] usbcore: registered new interface driver usbfs
[    0.976495] usbcore: registered new interface driver hub
[    0.977098] usbcore: registered new device driver usb
[    0.977965] pps_core: LinuxPPS API ver. 1 registered
[    0.978457] pps_core: Software ver. 5.3.6 - Copyright 2005-2007 Rodolfo Giometti <giometti@linux.it>
[    0.979388] PTP clock support registered
[    0.981912] EDAC MC: Ver: 3.0.0
[    0.988147] NetLabel: Initializing
[    0.988531] NetLabel:  domain hash size = 128
[    0.988919] NetLabel:  protocols = UNLABELED CIPSOv4 CALIPSO
[    0.989618] NetLabel:  unlabeled traffic allowed by default
[    0.990283] PCI: Using ACPI for IRQ routing
[    0.990802] e820: register RAM buffer resource [mem 0x0009fc00-0x0009ffff]
[    0.991495] e820: register RAM buffer resource [mem 0x7ffe0000-0x7fffffff]
[    0.992499] pci 0000:00:02.0: vgaarb: setting as boot VGA device
[    0.993067] pci 0000:00:02.0: vgaarb: bridge control possible
[    0.993617] pci 0000:00:02.0: vgaarb: VGA device added: decodes=io+mem,owns=io+mem,locks=none
[    0.993700] vgaarb: loaded
[    1.002277] hpet0: at MMIO 0xfed00000, IRQs 2, 8, 0
[    1.002767] hpet0: 3 comparators, 64-bit 100.000000 MHz counter
[    1.005961] clocksource: Switched to clocksource kvm-clock
[    1.008075] VFS: Disk quotas dquot_6.6.0
[    1.008530] VFS: Dquot-cache hash table entries: 512 (order 0, 4096 bytes)
[    1.012929] pnp: PnP ACPI init
[    1.017350] pnp: PnP ACPI: found 5 devices
[    1.038796] clocksource: acpi_pm: mask: 0xffffff max_cycles: 0xffffff, max_idle_ns: 2085701024 ns
[    1.040162] NET: Registered PF_INET protocol family
[    1.040818] IP idents hash table entries: 32768 (order: 6, 262144 bytes, linear)
[    1.042997] tcp_listen_portaddr_hash hash table entries: 1024 (order: 5, 73728 bytes, linear)
[    1.043890] Table-perturb hash table entries: 65536 (order: 6, 262144 bytes, linear)
[    1.044736] TCP established hash table entries: 16384 (order: 5, 131072 bytes, linear)
[    1.045877] TCP bind hash table entries: 16384 (order: 10, 2359296 bytes, linear)
[    1.047899] TCP: Hash tables configured (established 16384 bind 16384)
[    1.048798] UDP hash table entries: 1024 (order: 6, 262144 bytes, linear)
[    1.049849] NET: Registered PF_UNIX/PF_LOCAL protocol family
[    1.054223] RPC: Registered named UNIX socket transport module.
[    1.054853] RPC: Registered udp transport module.
[    1.055371] RPC: Registered tcp transport module.
[    1.055852] RPC: Registered tcp-with-tls transport module.
[    1.056416] RPC: Registered tcp NFSv4.1 backchannel transport module.
[    1.057074] pci_bus 0000:00: resource 4 [io  0x0000-0x0cf7 window]
[    1.057680] pci_bus 0000:00: resource 5 [io  0x0d00-0xffff window]
[    1.058303] pci_bus 0000:00: resource 6 [mem 0x000a0000-0x000bffff window]
[    1.058998] pci_bus 0000:00: resource 7 [mem 0x80000000-0xfebfffff window]
[    1.059679] pci_bus 0000:00: resource 8 [mem 0x100000000-0x17fffffff window]
[    1.060796] pci 0000:00:01.0: PIIX3: Enabling Passive Release
[    1.061386] pci 0000:00:00.0: Limiting direct PCI/PCI transfers
[    1.062065] PCI: CLS 0 bytes, default 64
[    1.062560] ACPI: bus type thunderbolt registered
[    1.063455] clocksource: tsc: mask: 0xffffffffffffffff max_cycles: 0x240939f1bb2, max_idle_ns: 440795263295 ns
[    1.076078] Initialise system trusted keyrings
[    1.076690] Key type blacklist registered
[    1.078466] workingset: timestamp_bits=36 (anon: 32) max_order=19 bucket_order=0 (anon: 0)
[    1.081919] squashfs: version 4.0 (2009/01/31) Phillip Lougher
[    1.085479] NFS: Registering the id_resolver key type
[    1.086027] Key type id_resolver registered
[    1.086445] Key type id_legacy registered
[    1.086952] nfs4filelayout_init: NFSv4 File Layout Driver Registering...
[    1.087657] nfs4flexfilelayout_init: NFSv4 Flexfile Layout Driver Registering...
[    1.088774] fuse: init (API version 7.45)
[    1.089842] SGI XFS with ACLs, security attributes, realtime, quota, no debug enabled
[    1.092691] 9p: Installing v9fs 9p2000 file system support
[    1.106609] Key type asymmetric registered
[    1.107011] Asymmetric key parser 'x509' registered
[    1.107636] Block layer SCSI generic (bsg) driver version 0.4 loaded (major 241)
[    1.108633] io scheduler mq-deadline registered
[    1.109215] io scheduler bfq registered
[    1.112286] ledtrig-cpu: registered to indicate activity on CPUs
[    1.114634] IPMI message handler: version 39.2
[    1.115184] ipmi device interface
[    1.117604] input: Power Button as /devices/platform/LNXPWRBN:00/input/input0
[    1.118721] ACPI: button: Power Button [PWRF]
[    1.121443] ERST DBG: ERST support is disabled.
[    1.123459] Serial: 8250/16550 driver, 32 ports, IRQ sharing enabled
[    1.125774] 00:04: ttyS0 at I/O 0x3f8 (irq = 4, base_baud = 115200) is a 16550A
[    1.164400] ACPI: bus type drm_connector registered
[    1.191240] brd: module loaded
[    1.208898] loop: module loaded
[    1.222975] scsi host0: ata_piix
[    1.225634] scsi host1: ata_piix
[    1.226512] ata1: PATA max MWDMA2 cmd 0x1f0 ctl 0x3f6 bmdma 0xc040 irq 14 lpm-pol 0
[    1.227230] ata2: PATA max MWDMA2 cmd 0x170 ctl 0x376 bmdma 0xc048 irq 15 lpm-pol 0
[    1.231411] tun: Universal TUN/TAP device driver, 1.6
[    1.232397] e100: Intel(R) PRO/100 Network Driver
[    1.232888] e100: Copyright(c) 1999-2006 Intel Corporation
[    1.233590] e1000: Intel(R) PRO/1000 Network Driver
[    1.234087] e1000: Copyright (c) 1999-2006 Intel Corporation.
[    1.385719] ata1: found unknown device (class 0)
[    1.386805] ata1.00: Model 'QEMU HARDDISK', rev '2.5+', applying quirks: bridgeok
[    1.387652] ata1.00: ATA-7: QEMU HARDDISK, 2.5+, max UDMA/100
[    1.388414] ata1.00: 17196647 sectors, multi 16: LBA48 
[    1.389346] ata2: found unknown device (class 0)
[    1.390352] ata2.00: ATAPI: QEMU DVD-ROM, 2.5+, max UDMA/100
[    1.392906] scsi 0:0:0:0: Direct-Access     ATA      QEMU HARDDISK    2.5+ PQ: 0 ANSI: 5
[    1.399604] sd 0:0:0:0: [sda] 17196647 512-byte logical blocks: (8.80 GB/8.20 GiB)
[    1.400596] sd 0:0:0:0: [sda] Write Protect is off
[    1.401327] sd 0:0:0:0: Attached scsi generic sg0 type 0
[    1.402054] sd 0:0:0:0: [sda] Write cache: enabled, read cache: enabled, doesn't support DPO or FUA
[    1.403252] sd 0:0:0:0: [sda] Preferred minimum I/O size 512 bytes
[    1.408595] scsi 1:0:0:0: CD-ROM            QEMU     QEMU DVD-ROM     2.5+ PQ: 0 ANSI: 5
[    1.436617] scsi 1:0:0:0: Attached scsi generic sg1 type 5
[    1.442842] sd 0:0:0:0: [sda] Attached SCSI disk
[    2.061317] ACPI: \_SB_.LNKC: Enabled at IRQ 11
[    2.377207] e1000 0000:00:03.0 eth0: (PCI:33MHz:32-bit) 52:54:00:12:34:56
[    2.377942] e1000 0000:00:03.0 eth0: Intel(R) PRO/1000 Network Connection
[    2.378819] e1000e: Intel(R) PRO/1000 Network Driver
[    2.379268] e1000e: Copyright(c) 1999 - 2015 Intel Corporation.
[    2.380027] igb: Intel(R) Gigabit Ethernet Network Driver
[    2.380596] igb: Copyright (c) 2007-2014 Intel Corporation.
[    2.381543] PPP generic driver version 2.4.2
[    2.382790] VFIO - User Level meta-driver version: 0.3
[    2.386005] usbcore: registered new interface driver uas
[    2.386772] usbcore: registered new interface driver usb-storage
[    2.387674] i8042: PNP: PS/2 Controller [PNP0303:KBD,PNP0f13:MOU] at 0x60,0x64 irq 1,12
[    2.389688] serio: i8042 KBD port at 0x60,0x64 irq 1
[    2.390285] serio: i8042 AUX port at 0x60,0x64 irq 12
[    2.392173] mousedev: PS/2 mouse device common for all mice
[    2.394539] input: AT Translated Set 2 keyboard as /devices/platform/i8042/serio0/input/input1
[    2.396686] rtc_cmos PNP0B00:00: RTC can wake from S4
[    2.399363] rtc_cmos PNP0B00:00: registered as rtc0
[    2.400933] input: VirtualPS/2 VMware VMMouse as /devices/platform/i8042/serio1/input/input4
[    2.402645] rtc_cmos PNP0B00:00: setting system clock to 2026-05-06T03:03:56 UTC (1778036636)
[    2.403838] rtc_cmos PNP0B00:00: alarms up to one day, y3k, 242 bytes nvram, hpet irqs
[    2.404779] i2c_dev: i2c /dev entries driver
[    2.405313] device-mapper: core: CONFIG_IMA_DISABLE_HTABLE is disabled. Duplicate IMA measurements will not be recorded in the IMA log.
[    2.406564] device-mapper: uevent: version 1.0.3
[    2.407482] device-mapper: ioctl: 4.50.0-ioctl (2025-04-28) initialised: dm-devel@lists.linux.dev
[    2.408401] intel_pstate: CPU model not supported
[    2.410165] input: VirtualPS/2 VMware VMMouse as /devices/platform/i8042/serio1/input/input3
[    2.411734] drop_monitor: Initializing network drop monitor service
[    2.412872] NET: Registered PF_INET6 protocol family
[    2.415618] Segment Routing with IPv6
[    2.416046] In-situ OAM (IOAM) with IPv6
[    2.416566] NET: Registered PF_PACKET protocol family
[    2.417254] 9pnet: Installing 9P2000 support
[    2.417796] Key type dns_resolver registered
[    2.420357] IPI shorthand broadcast: enabled
[    2.491038] sched_clock: Marking stable (2472004984, 16206578)->(2496956562, -8745000)
[    2.492988] registered taskstats version 1
[    2.494690] Loading compiled-in X.509 certificates
[    2.584666] Demotion targets for Node 0: null
[    2.586537] Key type .fscrypt registered
[    2.586977] Key type fscrypt-provisioning registered
[    2.592927] Key type encrypted registered
[    2.593400] ima: No TPM chip found, activating TPM-bypass!
[    2.593983] ima: Allocated hash algorithm: sha1
[    2.594536] ima: No architecture policies found
[    2.595166] evm: Initialising EVM extended attributes:
[    2.595681] evm: security.selinux
[    2.596023] evm: security.SMACK64
[    2.596387] evm: security.SMACK64EXEC
[    2.596762] evm: security.SMACK64TRANSMUTE
[    2.597159] evm: security.SMACK64MMAP
[    2.597521] evm: security.apparmor
[    2.597877] evm: security.ima
[    2.598167] evm: security.capability
[    2.598515] evm: HMAC attrs: 0x1
[    2.601460] PM:   Magic number: 10:272:57
[    2.604111] RAS: Correctable Errors collector initialized.
[    3.729362] clk: Disabling unused clocks
[    3.729937] PM: genpd: Disabling unused power domains
[    3.731124] md: Waiting for all devices to be available before autodetect
[    3.731579] md: If you don't use raid, use raid=noautodetect
[    3.731981] md: Autodetecting RAID arrays.
[    3.732318] md: autorun ...
[    3.732525] md: ... autorun DONE.
[    3.746777] EXT4-fs (sda): INFO: recovery required on readonly filesystem
[    3.747286] EXT4-fs (sda): write access will be enabled during recovery
[    3.817199] EXT4-fs (sda): recovery complete
[    3.820549] Callback from call_rcu_tasks() invoked.
[    3.821352] EXT4-fs (sda): mounted filesystem 088740a9-c8b4-422c-999d-a804eb68a4da ro with ordered data mode. Quota mode: none.
[    3.822306] VFS: Mounted root (ext4 filesystem) readonly on device 8:0.
[    3.826302] devtmpfs: mounted
[    3.827030] VFS: Pivoted into new rootfs
[    3.847982] Freeing unused decrypted memory: 2036K
[    3.855222] Freeing unused kernel image (initmem) memory: 16684K
[    3.855778] Write protecting the kernel read-only data: 102400k
[    3.857808] Freeing unused kernel image (text/rodata gap) memory: 16K
[    3.859400] Freeing unused kernel image (rodata/data gap) memory: 920K
[    3.900398] clocksource: Watchdog remote CPU 1 read timed out
[    4.797262] x86/mm: Checked W+X mappings: passed, no W+X pages found.
[    4.797734] Run /sbin/init as init process
[    5.034482] systemd[1]: systemd 252-15.el9 running in system mode (+PAM +AUDIT +SELINUX -APPARMOR +IMA +SMACK +SECCOMP +GCRYPT +GNUTLS +OPENSSL +ACL +BLKID +CURL +ELFUTILS -FIDO2 +IDN2 -IDN -IPTC +KMOD +LIBCRYPTSETUP +LIBFDISK +PCRE2 -PWQUALITY +P11KIT -QRENCODE +TPM2 +BZIP2 +LZ4 +XZ +ZLIB +ZSTD -BPF_FRAMEWORK +XKBCOMMON +UTMP +SYSVINIT default-hierarchy=unified)
[    5.036811] systemd[1]: Detected virtualization kvm.
[    5.037179] systemd[1]: Detected architecture x86-64.

Welcome to [0;31mCentOS Stream 9[0m!

[    5.045868] systemd[1]: Hostname set to <test>.
[    5.255771] systemd-rc-local-generator[123]: /etc/rc.d/rc.local is not marked executable, skipping.
[    5.697146] systemd[1]: Queued start job for default target Multi-User System.
[    5.727529] systemd[1]: Created slice Virtual Machine and Container Slice.
[[0;32m  OK  [0m] Created slice [0;1;39mVirtual Machine and Container Slice[0m.
[    5.733830] systemd[1]: Created slice Slice /system/getty.
[[0;32m  OK  [0m] Created slice [0;1;39mSlice /system/getty[0m.
[    5.737860] systemd[1]: Created slice Slice /system/modprobe.
[[0;32m  OK  [0m] Created slice [0;1;39mSlice /system/modprobe[0m.
[    5.741585] systemd[1]: Created slice Slice /system/serial-getty.
[[0;32m  OK  [0m] Created slice [0;1;39mSlice /system/serial-getty[0m.
[    5.745737] systemd[1]: Created slice Slice /system/sshd-keygen.
[[0;32m  OK  [0m] Created slice [0;1;39mSlice /system/sshd-keygen[0m.
[    5.749230] systemd[1]: Created slice User and Session Slice.
[[0;32m  OK  [0m] Created slice [0;1;39mUser and Session Slice[0m.
[    5.751020] systemd[1]: Started Forward Password Requests to Wall Directory Watch.
[[0;32m  OK  [0m] Started [0;1;39mForward Password R…uests to Wall Directory Watch[0m.
[    5.753530] systemd[1]: Set up automount Arbitrary Executable File Formats File System Automount Point.
[[0;32m  OK  [0m] Set up automount [0;1;39mArbitrary…s File System Automount Point[0m.
[    5.755400] systemd[1]: Reached target Local Integrity Protected Volumes.
[[0;32m  OK  [0m] Reached target [0;1;39mLocal Integrity Protected Volumes[0m.
[    5.756724] systemd[1]: Reached target Slice Units.
[[0;32m  OK  [0m] Reached target [0;1;39mSlice Units[0m.
[    5.757953] systemd[1]: Reached target Swaps.
[[0;32m  OK  [0m] Reached target [0;1;39mSwaps[0m.
[    5.759039] systemd[1]: Reached target Local Verity Protected Volumes.
[[0;32m  OK  [0m] Reached target [0;1;39mLocal Verity Protected Volumes[0m.
[    5.760617] systemd[1]: Listening on Device-mapper event daemon FIFOs.
[[0;32m  OK  [0m] Listening on [0;1;39mDevice-mapper event daemon FIFOs[0m.
[    5.762609] systemd[1]: Listening on LVM2 poll daemon socket.
[[0;32m  OK  [0m] Listening on [0;1;39mLVM2 poll daemon socket[0m.
[    5.764177] systemd[1]: multipathd control socket was skipped because of an unmet condition check (ConditionPathExists=/etc/multipath.conf).
[    5.825159] systemd[1]: Listening on RPCbind Server Activation Socket.
[[0;32m  OK  [0m] Listening on [0;1;39mRPCbind Server Activation Socket[0m.
[    5.826716] systemd[1]: Reached target RPC Port Mapper.
[[0;32m  OK  [0m] Reached target [0;1;39mRPC Port Mapper[0m.
[    5.831914] systemd[1]: Listening on Process Core Dump Socket.
[[0;32m  OK  [0m] Listening on [0;1;39mProcess Core Dump Socket[0m.
[    5.833424] systemd[1]: Listening on initctl Compatibility Named Pipe.
[[0;32m  OK  [0m] Listening on [0;1;39minitctl Compatibility Named Pipe[0m.
[    5.835290] systemd[1]: Listening on Journal Socket (/dev/log).
[[0;32m  OK  [0m] Listening on [0;1;39mJournal Socket (/dev/log)[0m.
[    5.836997] systemd[1]: Listening on Journal Socket.
[[0;32m  OK  [0m] Listening on [0;1;39mJournal Socket[0m.
[    5.838648] systemd[1]: Listening on udev Control Socket.
[[0;32m  OK  [0m] Listening on [0;1;39mudev Control Socket[0m.
[    5.840095] systemd[1]: Listening on udev Kernel Socket.
[[0;32m  OK  [0m] Listening on [0;1;39mudev Kernel Socket[0m.
[    5.847189] systemd[1]: Mounting Huge Pages File System...
         Mounting [0;1;39mHuge Pages File System[0m...
[    5.854084] systemd[1]: Mounting POSIX Message Queue File System...
         Mounting [0;1;39mPOSIX Message Queue File System[0m...
[    5.867764] systemd[1]: Mounting Kernel Debug File System...
         Mounting [0;1;39mKernel Debug File System[0m...
[    5.876508] systemd[1]: Mounting Kernel Trace File System...
         Mounting [0;1;39mKernel Trace File System[0m...
[    5.878955] systemd[1]: Kernel Module supporting RPCSEC_GSS was skipped because of an unmet condition check (ConditionPathExists=/etc/krb5.keytab).
[    5.879983] systemd[1]: Create List of Static Device Nodes was skipped because of an unmet condition check (ConditionFileNotEmpty=/lib/modules/7.1.0-rc1-4ca07b9239bd+/modules.devname).
[    5.887901] systemd[1]: Starting Monitoring of LVM2 mirrors, snapshots etc. using dmeventd or progress polling...
         Starting [0;1;39mMonitoring of LVM…meventd or progress polling[0m...
[    5.899227] systemd[1]: Starting Load Kernel Module configfs...
         Starting [0;1;39mLoad Kernel Module configfs[0m...
[    5.910059] systemd[1]: Starting Load Kernel Module drm...
         Starting [0;1;39mLoad Kernel Module drm[0m...
[    5.918569] systemd[1]: Starting Load Kernel Module fuse...
         Starting [0;1;39mLoad Kernel Module fuse[0m...
[    5.938453] systemd[1]: Starting Read and set NIS domainname from /etc/sysconfig/network...
         Starting [0;1;39mRead and set NIS …from /etc/sysconfig/network[0m...
[    5.955613] systemd[1]: Starting Journal Service...
         Starting [0;1;39mJournal Service[0m...
[    5.980037] systemd[1]: Starting Load Kernel Modules...
         Starting [0;1;39mLoad Kernel Modules[0m...
[    5.998790] systemd[1]: Starting Generate network units from Kernel command line...
         Starting [0;1;39mGenerate network …ts from Kernel command line[0m...
[    6.034545] systemd[1]: Starting Remount Root and Kernel File Systems...
         Starting [0;1;39mRemount Root and Kernel File Systems[0m...
[    6.036682] systemd[1]: Repartition Root Disk was skipped because no trigger condition checks were met.
[    6.047547] systemd[1]: Starting Coldplug All udev Devices...
         Starting [0;1;39mColdplug All udev Devices[0m...
[    6.071372] systemd[1]: Mounted Huge Pages File System.
[[0;32m  OK  [0m] Mounted [0;1;39mHuge Pages File System[0m.
[    6.076002] systemd[1]: Mounted POSIX Message Queue File System.
[[0;32m  OK  [0m] Mounted [0;1;39mPOSIX Message Queue File System[0m.
[    6.081800] systemd[1]: Mounted Kernel Debug File System.
[[0;32m  OK  [0m] Mounted [0;1;39mKernel Debug File System[0m.
[    6.083337] systemd[1]: Mounted Kernel Trace File System.
[[0;32m  OK  [0m] Mounted [0;1;39mKernel Trace File System[0m.
[    6.092461] systemd[1]: Finished Monitoring of LVM2 mirrors, snapshots etc. using dmeventd or progress polling.
[[0;32m  OK  [0m] Finished [0;1;39mMonitoring of LVM… dmeventd or progress polling[0m.
[    6.101777] systemd[1]: modprobe@configfs.service: Deactivated successfully.
[    6.105204] systemd[1]: Finished Load Kernel Module configfs.
[[0;32m  OK  [0m] Finished [0;1;39mLoad Kernel Module configfs[0m.
[    6.110783] systemd[1]: modprobe@drm.service: Deactivated successfully.
[    6.118070] EXT4-fs (sda): re-mounted 088740a9-c8b4-422c-999d-a804eb68a4da r/w.
[    6.118425] systemd[1]: Finished Load Kernel Module drm.
[[0;32m  OK  [0m] Finished [0;1;39mLoad Kernel Module drm[0m.
[    6.128919] systemd[1]: modprobe@fuse.service: Deactivated successfully.
[    6.132308] systemd[1]: Finished Load Kernel Module fuse.
[[0;32m  OK  [0m] Finished [0;1;39mLoad Kernel Module fuse[0m.
[    6.140055] systemd[1]: Finished Read and set NIS domainname from /etc/sysconfig/network.
[[0;32m  OK  [0m] Finished [0;1;39mRead and set NIS …e from /etc/sysconfig/network[0m.
[    6.144744] systemd[1]: Started Journal Service.
[[0;32m  OK  [0m] Started [0;1;39mJournal Service[0m.
[[0;1;31mFAILED[0m] Failed to start [0;1;39mLoad Kernel Modules[0m.
See 'systemctl status systemd-modules-load.service' for details.
[[0;32m  OK  [0m] Finished [0;1;39mGenerate network units from Kernel command line[0m.
[[0;32m  OK  [0m] Finished [0;1;39mRemount Root and Kernel File Systems[0m.
[[0;32m  OK  [0m] Reached target [0;1;39mPreparation for Network[0m.
         Mounting [0;1;39mFUSE Control File System[0m...
         Mounting [0;1;39mKernel Configuration File System[0m...
         Starting [0;1;39mFlush Journal to Persistent Storage[0m...
         Starting [0;1;39mLoad/Save Random Seed[0m...
         Starting [0;1;39mApply Kernel Variables[0m...
[    6.253197] systemd-journald[145]: Received client request to flush runtime journal.
         Starting [0;1;39mCreate Static Device Nodes in /dev[0m...
         Starting [0;1;39mSetup Virtual Console[0m...
[[0;32m  OK  [0m] Mounted [0;1;39mFUSE Control File System[0m.
[[0;32m  OK  [0m] Mounted [0;1;39mKernel Configuration File System[0m.
[[0;32m  OK  [0m] Finished [0;1;39mFlush Journal to Persistent Storage[0m.
[[0;32m  OK  [0m] Finished [0;1;39mLoad/Save Random Seed[0m.
[[0;32m  OK  [0m] Finished [0;1;39mApply Kernel Variables[0m.
[[0;32m  OK  [0m] Finished [0;1;39mCreate Static Device Nodes in /dev[0m.
         Starting [0;1;39mRule-based Manage…for Device Events and Files[0m...
[[0;32m  OK  [0m] Started [0;1;39mRule-based Manager for Device Events and Files[0m.
         Starting [0;1;39mAuto-connect to s…E devices found during boot[0m...
[[0;32m  OK  [0m] Finished [0;1;39mSetup Virtual Console[0m.
[[0;32m  OK  [0m] Finished [0;1;39mAuto-connect to s…VME devices found during boot[0m.
[[0;32m  OK  [0m] Finished [0;1;39mColdplug All udev Devices[0m.
         Starting [0;1;39mShow Plymouth Boot Screen[0m...
         Starting [0;1;39mWait for udev To …plete Device Initialization[0m...
[2J[3J[-1;-1f[[0;32m  OK  [0m] Started [0;1;39mShow Plymouth Boot Screen[0m.
[[0;32m  OK  [0m] Started [0;1;39mForward Password R…s to Plymouth Directory Watch[0m.
[[0;32m  OK  [0m] Reached target [0;1;39mLocal Encrypted Volumes[0m.
[[0;32m  OK  [0m] Reached target [0;1;39mPath Units[0m.
[[0;32m  OK  [0m] Found device [0;1;39m/dev/ttyS0[0m.
[[0;32m  OK  [0m] Listening on [0;1;39mLoad/Save RF …itch Status /dev/rfkill Watch[0m.
[[0;32m  OK  [0m] Finished [0;1;39mWait for udev To Complete Device Initialization[0m.
[[0;32m  OK  [0m] Reached target [0;1;39mPreparation for Local File Systems[0m.
[[0;32m  OK  [0m] Reached target [0;1;39mLocal File Systems[0m.
         Starting [0;1;39mTell Plymouth To Write Out Runtime Data[0m...
         Starting [0;1;39mAutomatic Boot Loader Update[0m...
         Starting [0;1;39mCreate Volatile Files and Directories[0m...
[[0;32m  OK  [0m] Finished [0;1;39mTell Plymouth To Write Out Runtime Data[0m.
[[0;32m  OK  [0m] Finished [0;1;39mAutomatic Boot Loader Update[0m.
[[0;32m  OK  [0m] Finished [0;1;39mCreate Volatile Files and Directories[0m.
         Mounting [0;1;39mRPC Pipe File System[0m...
         Starting [0;1;39mSecurity Auditing Service[0m...
         Starting [0;1;39mRPC Bind[0m...
[[0;32m  OK  [0m] Mounted [0;1;39mRPC Pipe File System[0m.
[[0;32m  OK  [0m] Reached target [0;1;39mrpc_pipefs.target[0m.
[[0;32m  OK  [0m] Started [0;1;39mRPC Bind[0m.
[[0;32m  OK  [0m] Started [0;1;39mSecurity Auditing Service[0m.
         Starting [0;1;39mRecord System Boot/Shutdown in UTMP[0m...
[[0;32m  OK  [0m] Finished [0;1;39mRecord System Boot/Shutdown in UTMP[0m.
[[0;32m  OK  [0m] Reached target [0;1;39mSystem Initialization[0m.
[[0;32m  OK  [0m] Started [0;1;39mDaily rotation of log files[0m.
[[0;32m  OK  [0m] Started [0;1;39mUpdates mlocate database every day[0m.
[[0;32m  OK  [0m] Started [0;1;39mDaily Cleanup of Temporary Directories[0m.
[[0;32m  OK  [0m] Started [0;1;39mdaily update of the root trust anchor for DNSSEC[0m.
[[0;32m  OK  [0m] Reached target [0;1;39mTimer Units[0m.
[[0;32m  OK  [0m] Listening on [0;1;39mD-Bus System Message Bus Socket[0m.
[[0;32m  OK  [0m] Listening on [0;1;39mOpen-iSCSI iscsid Socket[0m.
[[0;32m  OK  [0m] Listening on [0;1;39mOpen-iSCSI iscsiuio Socket[0m.
[[0;32m  OK  [0m] Listening on [0;1;39mSSSD Kerberos…ache Manager responder socket[0m.
[[0;32m  OK  [0m] Listening on [0;1;39mLibvirt interface local socket[0m.
[[0;32m  OK  [0m] Listening on [0;1;39mVirtual machine lock manager socket[0m.
[[0;32m  OK  [0m] Listening on [0;1;39mVirtual machine log manager socket[0m.
[[0;32m  OK  [0m] Listening on [0;1;39mLibvirt network local socket[0m.
[[0;32m  OK  [0m] Listening on [0;1;39mLibvirt nodedev local socket[0m.
[[0;32m  OK  [0m] Listening on [0;1;39mLibvirt nwfilter local socket[0m.
[[0;32m  OK  [0m] Listening on [0;1;39mLibvirt proxy local socket[0m.
[[0;32m  OK  [0m] Listening on [0;1;39mLibvirt qemu local socket[0m.
[[0;32m  OK  [0m] Listening on [0;1;39mLibvirt qemu admin socket[0m.
[[0;32m  OK  [0m] Listening on [0;1;39mLibvirt qemu local read-only socket[0m.
[[0;32m  OK  [0m] Listening on [0;1;39mLibvirt secret local socket[0m.
[[0;32m  OK  [0m] Listening on [0;1;39mLibvirt storage local socket[0m.
[[0;32m  OK  [0m] Reached target [0;1;39mSocket Units[0m.
         Starting [0;1;39mD-Bus System Message Bus[0m...
[[0;32m  OK  [0m] Started [0;1;39mD-Bus System Message Bus[0m.
[[0;32m  OK  [0m] Reached target [0;1;39mBasic System[0m.
         Starting [0;1;39mNetwork Manager[0m...
         Starting [0;1;39mNTP client/server[0m...
         Starting [0;1;39mRestore /run/initramfs on shutdown[0m...
[[0;32m  OK  [0m] Started [0;1;39mirqbalance daemon[0m.
[[0;32m  OK  [0m] Started [0;1;39mlibstoragemgmt plug-in server daemon[0m.
[[0;32m  OK  [0m] Started [0;1;39mMachine Check Exception Logging Daemon[0m.
[[0;32m  OK  [0m] Reached target [0;1;39msshd-keygen.target[0m.
[[0;32m  OK  [0m] Reached target [0;1;39mUser and Group Name Lookups[0m.
         Starting [0;1;39mUser Login Management[0m...
         Starting [0;1;39mVirtual Machine a…tainer Registration Service[0m...
[[0;32m  OK  [0m] Finished [0;1;39mRestore /run/initramfs on shutdown[0m.
[[0;32m  OK  [0m] Started [0;1;39mVirtual Machine an…ontainer Registration Service[0m.
[[0;32m  OK  [0m] Started [0;1;39mUser Login Management[0m.
         Starting [0;1;39mHostname Service[0m...
[[0;32m  OK  [0m] Started [0;1;39mNTP client/server[0m.
[[0;32m  OK  [0m] Started [0;1;39mHostname Service[0m.
         Starting [0;1;39mNetwork Manager Script Dispatcher Service[0m...
[[0;32m  OK  [0m] Started [0;1;39mNetwork Manager Script Dispatcher Service[0m.
[    9.948535] e1000: eth0 NIC Link is Up 1000 Mbps Full Duplex, Flow Control: RX
[[0;32m  OK  [0m] Started [0;1;39mNetwork Manager[0m.
[[0;32m  OK  [0m] Reached target [0;1;39mNetwork[0m.
[[0;32m  OK  [0m] Reached target [0;1;39mNetwork is Online[0m.
         Starting [0;1;39mGSSAPI Proxy Daemon[0m...
         Starting [0;1;39mNotify NFS peers of a restart[0m...
         Starting [0;1;39mSystem Logging Service[0m...
         Starting [0;1;39mOpenSSH server daemon[0m...
         Starting [0;1;39mDynamic System Tuning Daemon[0m...
[[0;32m  OK  [0m] Started [0;1;39mNotify NFS peers of a restart[0m.
[[0;32m  OK  [0m] Started [0;1;39mOpenSSH server daemon[0m.
[[0;32m  OK  [0m] Started [0;1;39mGSSAPI Proxy Daemon[0m.
[[0;32m  OK  [0m] Reached target [0;1;39mNFS client services[0m.
[[0;32m  OK  [0m] Reached target [0;1;39mPreparation for Remote File Systems[0m.
[[0;32m  OK  [0m] Reached target [0;1;39mRemote File Systems[0m.
         Starting [0;1;39mPermit User Sessions[0m...
         Starting [0;1;39mVirtualization qemu daemon[0m...
[[0;32m  OK  [0m] Finished [0;1;39mPermit User Sessions[0m.
[[0;32m  OK  [0m] Started [0;1;39mDeferred execution scheduler[0m.
[[0;32m  OK  [0m] Started [0;1;39mCommand Scheduler[0m.
         Starting [0;1;39mHold until boot process finishes up[0m...
         Starting [0;1;39mTerminate Plymouth Boot Screen[0m...
[[0;32m  OK  [0m] Started [0;1;39mSystem Logging Service[0m.

CentOS Stream 9
Kernel 7.1.0-rc1-4ca07b9239bd+ on an x86_64

Activate the web console with: systemctl enable --now cockpit.socket

test login: [   17.671131] pimreg: entered allmulticast mode
[   17.671694] 
[   17.671823] =============================
[   17.672104] WARNING: suspicious RCU usage
[   17.672645] 7.1.0-rc1-4ca07b9239bd+ #1 Not tainted
[   17.672981] -----------------------------
[   17.673261] net/ipv4/ipmr.c:329 suspicious rcu_dereference_check() usage!
[   17.673704] 
[   17.673704] other info that might help us debug this:
[   17.673704] 
[   17.674240] 
[   17.674240] rcu_scheduler_active = 2, debug_locks = 1
[   17.674677] 2 locks held by repro/712:
[   17.674928]  #0: ffffffff87696300 (rcu_read_lock_bh){....}-{1:3}, at: __dev_queue_xmit+0x239/0x4140
[   17.675561]  #1: ff1100001736a918 (_xmit_PIMREG#2){+...}-{3:3}, at: __dev_queue_xmit+0x1d5d/0x4140
[   17.676148] 
[   17.676148] stack backtrace:
[   17.676459] CPU: 0 UID: 0 PID: 712 Comm: repro Not tainted 7.1.0-rc1-4ca07b9239bd+ #1 PREEMPT(lazy) 
[   17.676469] Hardware name: QEMU Standard PC (i440FX + PIIX, 1996), BIOS rel-1.16.3-0-ga6ed6b701f0a-prebuilt.qemu.org 04/01/2014
[   17.676473] Call Trace:
[   17.676476]  <TASK>
[   17.676480]  dump_stack_lvl+0x121/0x150
[   17.676495]  dump_stack+0x19/0x20
[   17.676503]  lockdep_rcu_suspicious+0x15b/0x1f0
[   17.676521]  reg_vif_xmit+0x2ee/0x3c0
[   17.676534]  dev_hard_start_xmit+0x170/0x700
[   17.676552]  __dev_queue_xmit+0x1df1/0x4140
[   17.676561]  ? __might_fault+0x14a/0x1b0
[   17.676574]  ? __this_cpu_preempt_check+0x21/0x30
[   17.676591]  ? __pfx___dev_queue_xmit+0x10/0x10
[   17.676603]  ? _copy_from_iter+0x288/0x15e0
[   17.676614]  ? __virt_addr_valid+0x22c/0x420
[   17.676627]  ? __virt_addr_valid+0x22c/0x420
[   17.676637]  ? __this_cpu_preempt_check+0x21/0x30
[   17.676648]  ? __pfx__copy_from_iter+0x10/0x10
[   17.676663]  ? __sanitizer_cov_trace_const_cmp1+0x1e/0x30
[   17.676675]  ? packet_parse_headers+0x439/0x7b0
[   17.676689]  ? packet_parse_headers+0x202/0x7b0
[   17.676700]  ? __pfx_packet_parse_headers+0x10/0x10
[   17.676713]  packet_xmit+0x252/0x370
[   17.676727]  packet_sendmsg+0x39ad/0x5650
[   17.676741]  ? __lock_acquire+0x412/0x2210
[   17.676767]  ? __pfx_packet_sendmsg+0x10/0x10
[   17.676780]  ? audit_mark_handle_event+0x90/0x440
[   17.676790]  ? __import_iovec+0x1df/0x660
[   17.676800]  ? _copy_from_user+0x75/0xa0
[   17.676813]  ? __pfx_packet_sendmsg+0x10/0x10
[   17.676824]  ____sys_sendmsg+0xa21/0xba0
[   17.676840]  ? __pfx_____sys_sendmsg+0x10/0x10
[   17.676854]  ? __this_cpu_preempt_check+0x21/0x30
[   17.676864]  ? lock_release+0x14f/0x2c0
[   17.676878]  ___sys_sendmsg+0x121/0x1c0
[   17.676889]  ? __pfx____sys_sendmsg+0x10/0x10
[   17.676906]  ? __handle_mm_fault+0x656/0x2cb0
[   17.676935]  __sys_sendmsg+0x177/0x220
[   17.676944]  ? __pfx___sys_sendmsg+0x10/0x10
[   17.676960]  ? seqcount_lockdep_reader_access.constprop.0+0xc0/0xd0
[   17.676974]  ? __sanitizer_cov_trace_cmp4+0x1a/0x20
[   17.676983]  ? ktime_get_coarse_real_ts64+0xad/0xf0
[   17.676999]  __x64_sys_sendmsg+0x80/0xc0
[   17.677009]  x64_sys_call+0x1d9c/0x21c0
[   17.677020]  do_syscall_64+0xc1/0x10b0
[   17.677033]  entry_SYSCALL_64_after_hwframe+0x76/0x7e
[   17.677041] RIP: 0033:0x7efe3463ee5d
[   17.677049] Code: ff c3 66 2e 0f 1f 84 00 00 00 00 00 90 f3 0f 1e fa 48 89 f8 48 89 f7 48 89 d6 48 89 ca 4d 89 c2 4d 89 c8 4c 8b 4c 24 08 0f 05 <48> 3d 01 f0 ff ff 73 01 c3 48 8b 0d 93 af 1b 00 f7 d8 64 89 01 48
[   17.677057] RSP: 002b:00007ffeaa0829b8 EFLAGS: 00000246 ORIG_RAX: 000000000000002e
[   17.677065] RAX: ffffffffffffffda RBX: 0000200000000380 RCX: 00007efe3463ee5d
[   17.677070] RDX: 0000000000000000 RSI: 00002000000012c0 RDI: 0000000000000004
[   17.677075] RBP: 00007ffeaa0829e0 R08: 0000000200000000 R09: 0000000200000000
[   17.677079] R10: 0000000200000000 R11: 0000000000000246 R12: 00007ffeaa082af8
[   17.677084] R13: 0000000000401164 R14: 0000000000403e08 R15: 00007efe3486c000
[   17.677101]  </TASK>
[   17.718831] pimreg: entered allmulticast mode
[   17.725850] pimreg: left allmulticast mode
[   17.734399] pimreg: entered allmulticast mode
[   17.746603] pimreg: entered allmulticast mode
[   17.764736] pimreg: entered allmulticast mode
[   17.781772] pimreg: left allmulticast mode
[   17.782250] pimreg: left allmulticast mode
[   17.782568] pimreg: left allmulticast mode
[   17.791292] pimreg: entered allmulticast mode
[   17.812600] pimreg: entered allmulticast mode
[   17.834989] pimreg: entered allmulticast mode
[   17.876663] pimreg: entered allmulticast mode
[   17.904060] pimreg: entered allmulticast mode
[   17.920743] pimreg: left allmulticast mode
[   17.921102] pimreg: left allmulticast mode
[   17.921383] pimreg: left allmulticast mode
[   17.921637] pimreg: left allmulticast mode
[   17.922515] pimreg: left allmulticast mode
[   17.933746] pimreg: entered allmulticast mode
[   17.957118] pimreg: entered allmulticast mode
[   17.984370] pimreg: entered allmulticast mode
[   18.009449] pimreg: entered allmulticast mode
[   18.029865] pimreg: entered allmulticast mode
[   18.049102] pimreg: left allmulticast mode
[   18.049479] pimreg: left allmulticast mode
[   18.049736] pimreg: left allmulticast mode
[   18.050049] pimreg: left allmulticast mode
[   18.051028] pimreg: left allmulticast mode
[   18.061801] pimreg: entered allmulticast mode
[   18.088094] pimreg: entered allmulticast mode
[   18.108546] pimreg: entered allmulticast mode
[   18.122727] pimreg: entered allmulticast mode
[   18.149020] pimreg: left allmulticast mode
[   18.149378] pimreg: left allmulticast mode
[   18.149640] pimreg: left allmulticast mode
[   18.149893] pimreg: left allmulticast mode
[   18.161105] pimreg: entered allmulticast mode
[   18.189251] pimreg: entered allmulticast mode
[   18.212570] pimreg: entered allmulticast mode
[   18.227246] pimreg: entered allmulticast mode
[   18.244937] pimreg: entered allmulticast mode
[   18.269339] pimreg: entered allmulticast mode
[   18.273658] pimreg: left allmulticast mode
[   18.274035] pimreg: left allmulticast mode
[   18.274336] pimreg: left allmulticast mode
[   18.274589] pimreg: left allmulticast mode
[   18.274893] pimreg: left allmulticast mode
[   18.293278] pimreg: entered allmulticast mode
[   18.320821] pimreg: entered allmulticast mode
[   18.345115] pimreg: entered allmulticast mode
[   18.360840] pimreg: entered allmulticast mode
[   18.381552] pimreg: entered allmulticast mode
[   18.401161] pimreg: entered allmulticast mode
[   18.402400] pimreg: left allmulticast mode
[   18.402774] pimreg: left allmulticast mode
[   18.403037] pimreg: left allmulticast mode
[   18.403312] pimreg: left allmulticast mode
[   18.403613] pimreg: left allmulticast mode
[   18.403906] pimreg: left allmulticast mode
[   18.420990] pimreg: entered allmulticast mode
[   18.438900] pimreg: entered allmulticast mode
[   18.451621] pimreg: entered allmulticast mode
[   18.472590] pimreg: entered allmulticast mode
[   18.492934] pimreg: entered allmulticast mode
[   18.521045] pimreg: entered allmulticast mode
[   18.545959] pimreg: entered allmulticast mode
[   18.565673] pimreg: left allmulticast mode
[   18.566035] pimreg: left allmulticast mode
[   18.566909] pimreg: left allmulticast mode
[   18.567362] pimreg: left allmulticast mode
[   18.567639] pimreg: left allmulticast mode
[   18.567933] pimreg: left allmulticast mode
[   18.569519] pimreg: left allmulticast mode
[   18.569811] pimreg: left allmulticast mode
[   18.582485] pimreg: entered allmulticast mode
[   18.613298] pimreg: entered allmulticast mode
[   18.649179] pimreg: entered allmulticast mode
[   18.676581] pimreg: entered allmulticast mode
[   18.700572] pimreg: entered allmulticast mode
[   18.724734] pimreg: entered allmulticast mode
[   18.752527] pimreg: entered allmulticast mode
[   18.781566] pimreg: entered allmulticast mode
[   18.805204] pimreg: entered allmulticast mode
[   18.817970] pimreg: left allmulticast mode
[   18.818329] pimreg: left allmulticast mode
[   18.818600] pimreg: left allmulticast mode
[   18.818852] pimreg: left allmulticast mode
[   18.819158] pimreg: left allmulticast mode
[   18.819455] pimreg: left allmulticast mode
[   18.819742] pimreg: left allmulticast mode
[   18.820046] pimreg: left allmulticast mode
[   18.820395] pimreg: left allmulticast mode
[   18.837190] pimreg: entered allmulticast mode
[   18.864294] pimreg: entered allmulticast mode
[   18.885654] pimreg: entered allmulticast mode
[   18.904634] pimreg: entered allmulticast mode
[   18.925757] pimreg: entered allmulticast mode
[   18.944522] pimreg: entered allmulticast mode
[   18.968900] pimreg: entered allmulticast mode
[   19.004774] pimreg: entered allmulticast mode
[   19.028432] pimreg: entered allmulticast mode
[   19.053362] pimreg: entered allmulticast mode
[   19.057472] pimreg: left allmulticast mode
[   19.057824] pimreg: left allmulticast mode
[   19.058081] pimreg: left allmulticast mode
[   19.058351] pimreg: left allmulticast mode
[   19.058601] pimreg: left allmulticast mode
[   19.058894] pimreg: left allmulticast mode
[   19.059212] pimreg: left allmulticast mode
[   19.059532] pimreg: left allmulticast mode
[   19.059828] pimreg: left allmulticast mode
[   19.076037] pimreg: entered allmulticast mode
[   19.106601] pimreg: entered allmulticast mode
[   19.118809] pimreg: entered allmulticast mode
[   19.138572] pimreg: entered allmulticast mode
[   19.156652] pimreg: entered allmulticast mode
[   19.176796] pimreg: entered allmulticast mode
[   19.196818] pimreg: entered allmulticast mode
[   19.217370] pimreg: entered allmulticast mode
[   19.237435] pimreg: entered allmulticast mode
[   19.246151] pimreg: left allmulticast mode
[   19.246527] pimreg: left allmulticast mode
[   19.246800] pimreg: left allmulticast mode
[   19.247051] pimreg: left allmulticast mode
[   19.247326] pimreg: left allmulticast mode
[   19.247626] pimreg: left allmulticast mode
[   19.247940] pimreg: left allmulticast mode
[   19.248325] pimreg: left allmulticast mode
[   19.248646] pimreg: left allmulticast mode
[   19.248948] pimreg: left allmulticast mode
[   19.266563] pimreg: entered allmulticast mode
[   19.294251] pimreg: entered allmulticast mode
[   19.328063] pimreg: entered allmulticast mode
[   19.349344] pimreg: entered allmulticast mode
[   19.368640] pimreg: entered allmulticast mode
[   19.388882] pimreg: entered allmulticast mode
[   19.408852] pimreg: entered allmulticast mode
[   19.428817] pimreg: entered allmulticast mode
[   19.448528] pimreg: entered allmulticast mode
[   19.474147] pimreg: entered allmulticast mode
[   19.475041] pimreg: left allmulticast mode
[   19.475435] pimreg: left allmulticast mode
[   19.475912] pimreg: left allmulticast mode
[   19.476367] pimreg: left allmulticast mode
[   19.476637] pimreg: left allmulticast mode
[   19.476897] pimreg: left allmulticast mode
[   19.477164] pimreg: left allmulticast mode
[   19.477473] pimreg: left allmulticast mode
[   19.478202] pimreg: left allmulticast mode
[   19.478519] pimreg: left allmulticast mode
[   19.494660] pimreg: entered allmulticast mode
[   19.523798] pimreg: entered allmulticast mode
[   19.547323] pimreg: entered allmulticast mode
[   19.572813] pimreg: entered allmulticast mode
[   19.596665] pimreg: entered allmulticast mode
[   19.620911] pimreg: entered allmulticast mode
[   19.640519] pimreg: entered allmulticast mode
[   19.654019] pimreg: left allmulticast mode
[   19.654369] pimreg: left allmulticast mode
[   19.654623] pimreg: left allmulticast mode
[   19.654923] pimreg: left allmulticast mode
[   19.655227] pimreg: left allmulticast mode
[   19.655510] pimreg: left allmulticast mode
[   19.655823] pimreg: left allmulticast mode
[   19.669415] pimreg: entered allmulticast mode
[   19.694162] pimreg: entered allmulticast mode
[   19.712509] pimreg: entered allmulticast mode
[   19.736991] pimreg: entered allmulticast mode
[   19.760873] pimreg: entered allmulticast mode
[   19.781633] pimreg: left allmulticast mode
[   19.781983] pimreg: left allmulticast mode
[   19.782262] pimreg: left allmulticast mode
[   19.782570] pimreg: left allmulticast mode
[   19.782888] pimreg: left allmulticast mode
[   19.793069] pimreg: entered allmulticast mode
[   19.814613] pimreg: entered allmulticast mode
[   19.832550] pimreg: entered allmulticast mode
[   19.846283] pimreg: entered allmulticast mode
[   19.869166] pimreg: entered allmulticast mode
[   19.892497] pimreg: entered allmulticast mode
[   19.917739] pimreg: entered allmulticast mode
[   19.928700] pimreg: left allmulticast mode
[   19.929051] pimreg: left allmulticast mode
[   19.929328] pimreg: left allmulticast mode
[   19.929629] pimreg: left allmulticast mode
[   19.930475] pimreg: left allmulticast mode
[   19.930814] pimreg: left allmulticast mode
[   19.931126] pimreg: left allmulticast mode
[   19.931420] pimreg: left allmulticast mode
[   19.944569] pimreg: entered allmulticast mode
[   19.966763] pimreg: entered allmulticast mode
[   19.990673] pimreg: entered allmulticast mode
[   20.013103] pimreg: entered allmulticast mode
[   20.041267] pimreg: entered allmulticast mode
[   20.056790] pimreg: entered allmulticast mode
[   20.076548] pimreg: entered allmulticast mode
[   20.100745] pimreg: entered allmulticast mode
[   20.121537] pimreg: left allmulticast mode
[   20.121841] pimreg: left allmulticast mode
[   20.122157] pimreg: left allmulticast mode
[   20.122458] pimreg: left allmulticast mode
[   20.122857] pimreg: left allmulticast mode
[   20.123171] pimreg: left allmulticast mode
[   20.123467] pimreg: left allmulticast mode
[   20.134737] pimreg: entered allmulticast mode
[   20.153068] pimreg: entered allmulticast mode
[   20.179962] pimreg: entered allmulticast mode
[   20.204632] pimreg: entered allmulticast mode
[   20.232754] pimreg: entered allmulticast mode
[   20.260894] pimreg: entered allmulticast mode
[   20.284413] pimreg: entered allmulticast mode
[   20.308668] pimreg: entered allmulticast mode
[   20.313230] pimreg: left allmulticast mode
[   20.313583] pimreg: left allmulticast mode
[   20.313847] pimreg: left allmulticast mode
[   20.314130] pimreg: left allmulticast mode
[   20.314388] pimreg: left allmulticast mode
[   20.314650] pimreg: left allmulticast mode
[   20.314952] pimreg: left allmulticast mode
[   20.329231] pimreg: entered allmulticast mode
[   20.356365] pimreg: entered allmulticast mode
[   20.384307] pimreg: entered allmulticast mode
[   20.397127] pimreg: entered allmulticast mode
[   20.420532] pimreg: entered allmulticast mode
[   20.452617] pimreg: entered allmulticast mode
[   20.458300] pimreg: left allmulticast mode
[   20.458653] pimreg: left allmulticast mode
[   20.458917] pimreg: left allmulticast mode
[   20.459185] pimreg: left allmulticast mode
[   20.459481] pimreg: left allmulticast mode
[   20.459779] pimreg: left allmulticast mode
[   20.460096] pimreg: left allmulticast mode
[   20.475170] pimreg: entered allmulticast mode
[   20.504841] pimreg: entered allmulticast mode
[   20.519573] pimreg: entered allmulticast mode
[   20.549383] pimreg: entered allmulticast mode
[   20.572447] pimreg: entered allmulticast mode
[   20.608585] pimreg: entered allmulticast mode
[   20.632457] pimreg: entered allmulticast mode
[   20.657014] pimreg: entered allmulticast mode
[   20.661830] pimreg: left allmulticast mode
[   20.662222] pimreg: left allmulticast mode
[   20.662502] pimreg: left allmulticast mode
[   20.662755] pimreg: left allmulticast mode
[   20.663090] pimreg: left allmulticast mode
[   20.663414] pimreg: left allmulticast mode
[   20.663711] pimreg: left allmulticast mode
[   20.684277] pimreg: entered allmulticast mode
[   20.709431] pimreg: entered allmulticast mode
[   20.730536] pimreg: entered allmulticast mode
[   20.748915] pimreg: entered allmulticast mode
[   20.772823] pimreg: entered allmulticast mode
[   20.792934] pimreg: entered allmulticast mode
[   20.812726] pimreg: entered allmulticast mode
[   20.833514] pimreg: left allmulticast mode
[   20.833816] pimreg: left allmulticast mode
[   20.834088] pimreg: left allmulticast mode
[   20.834406] pimreg: left allmulticast mode
[   20.834716] pimreg: left allmulticast mode
[   20.835138] pimreg: left allmulticast mode
[   20.835459] pimreg: left allmulticast mode
[   20.835759] pimreg: left allmulticast mode
[   20.849299] pimreg: entered allmulticast mode
[   20.874979] pimreg: entered allmulticast mode
[   20.898961] pimreg: entered allmulticast mode
[   20.916822] pimreg: entered allmulticast mode
[   20.940559] pimreg: entered allmulticast mode
[   20.972283] pimreg: entered allmulticast mode
[   20.992549] pimreg: entered allmulticast mode
[   21.013531] pimreg: entered allmulticast mode
[   21.052973] pimreg: entered allmulticast mode
[   21.057507] pimreg: left allmulticast mode
[   21.057869] pimreg: left allmulticast mode
[   21.058147] pimreg: left allmulticast mode
[   21.058398] pimreg: left allmulticast mode
[   21.058699] pimreg: left allmulticast mode
[   21.059022] pimreg: left allmulticast mode
[   21.059954] pimreg: left allmulticast mode
[   21.060402] pimreg: left allmulticast mode
[   21.061158] pimreg: left allmulticast mode
[   21.076705] pimreg: entered allmulticast mode
[   21.097540] pimreg: entered allmulticast mode
[   21.136165] pimreg: entered allmulticast mode
[   21.157699] pimreg: entered allmulticast mode
[   21.180103] pimreg: entered allmulticast mode
[   21.205152] pimreg: entered allmulticast mode
[   21.222207] pimreg: entered allmulticast mode
[   21.230449] pimreg: left allmulticast mode
[   21.231030] pimreg: left allmulticast mode
[   21.231323] pimreg: left allmulticast mode
[   21.231625] pimreg: left allmulticast mode
[   21.231941] pimreg: left allmulticast mode
[   21.232306] pimreg: left allmulticast mode
[   21.232615] pimreg: left allmulticast mode
[   21.245922] pimreg: entered allmulticast mode
[   21.272828] pimreg: entered allmulticast mode
[   21.294513] pimreg: entered allmulticast mode
[   21.305248] pimreg: entered allmulticast mode
[   21.328904] pimreg: entered allmulticast mode
[   21.349605] pimreg: left allmulticast mode
[   21.349942] pimreg: left allmulticast mode
[   21.350220] pimreg: left allmulticast mode
[   21.350509] pimreg: left allmulticast mode
[   21.350822] pimreg: left allmulticast mode
[   21.360744] pimreg: entered allmulticast mode
[   21.394095] pimreg: entered allmulticast mode
[   21.415815] pimreg: entered allmulticast mode
[   21.440290] pimreg: entered allmulticast mode
[   21.464754] pimreg: entered allmulticast mode
[   21.488713] pimreg: entered allmulticast mode
[   21.505191] pimreg: left allmulticast mode
[   21.505533] pimreg: left allmulticast mode
[   21.505799] pimreg: left allmulticast mode
[   21.506078] pimreg: left allmulticast mode
[   21.506332] pimreg: left allmulticast mode
[   21.506596] pimreg: left allmulticast mode
[   21.517236] pimreg: entered allmulticast mode
[   21.539248] pimreg: entered allmulticast mode
[   21.552561] pimreg: entered allmulticast mode
[   21.566284] pimreg: entered allmulticast mode
[   21.585146] pimreg: entered allmulticast mode
[   21.596743] pimreg: entered allmulticast mode
[   21.620435] pimreg: entered allmulticast mode
[   21.645728] pimreg: left allmulticast mode
[   21.646070] pimreg: left allmulticast mode
[   21.646872] pimreg: left allmulticast mode
[   21.647457] pimreg: left allmulticast mode
[   21.647793] pimreg: left allmulticast mode
[   21.648115] pimreg: left allmulticast mode
[   21.648733] pimreg: left allmulticast mode
[   21.660278] pimreg: entered allmulticast mode
[   21.680599] pimreg: entered allmulticast mode
[   21.705390] pimreg: entered allmulticast mode
[   21.728695] pimreg: entered allmulticast mode
[   21.744978] pimreg: entered allmulticast mode
[   21.764490] pimreg: entered allmulticast mode
[   21.788599] pimreg: entered allmulticast mode
[   21.816765] pimreg: entered allmulticast mode
[   21.837147] pimreg: left allmulticast mode
[   21.837504] pimreg: left allmulticast mode
[   21.837771] pimreg: left allmulticast mode
[   21.838037] pimreg: left allmulticast mode
[   21.839201] pimreg: left allmulticast mode
[   21.839507] pimreg: left allmulticast mode
[   21.839761] pimreg: left allmulticast mode
[   21.840103] pimreg: left allmulticast mode
[   21.853094] pimreg: entered allmulticast mode
[   21.881068] pimreg: entered allmulticast mode
[   21.893434] pimreg: entered allmulticast mode
[   21.917440] pimreg: entered allmulticast mode
[   21.936421] pimreg: entered allmulticast mode
[   21.956348] pimreg: entered allmulticast mode
[   21.980964] pimreg: entered allmulticast mode
[   22.004638] pimreg: entered allmulticast mode
[   22.032771] pimreg: entered allmulticast mode
[   22.037243] pimreg: left allmulticast mode
[   22.037591] pimreg: left allmulticast mode
[   22.037848] pimreg: left allmulticast mode
[   22.038180] pimreg: left allmulticast mode
[   22.038467] pimreg: left allmulticast mode
[   22.038773] pimreg: left allmulticast mode
[   22.039094] pimreg: left allmulticast mode
[   22.039384] pimreg: left allmulticast mode
[   22.057079] pimreg: entered allmulticast mode
[   22.081341] pimreg: entered allmulticast mode
[   22.107686] pimreg: entered allmulticast mode
[   22.145425] pimreg: entered allmulticast mode
[   22.160725] pimreg: entered allmulticast mode
[   22.181031] pimreg: entered allmulticast mode
[   22.200693] pimreg: entered allmulticast mode
[   22.201578] pimreg: left allmulticast mode
[   22.201943] pimreg: left allmulticast mode
[   22.202259] pimreg: left allmulticast mode
[   22.202558] pimreg: left allmulticast mode
[   22.202877] pimreg: left allmulticast mode
[   22.203207] pimreg: left allmulticast mode
[   22.203501] pimreg: left allmulticast mode
[   22.217663] pimreg: entered allmulticast mode
[   22.249160] pimreg: entered allmulticast mode
[   22.291627] pimreg: entered allmulticast mode
[   22.325558] pimreg: entered allmulticast mode
[   22.344293] pimreg: entered allmulticast mode
[   22.360192] pimreg: entered allmulticast mode
[   22.385522] pimreg: entered allmulticast mode
[   22.401122] pimreg: left allmulticast mode
[   22.401475] pimreg: left allmulticast mode
[   22.401729] pimreg: left allmulticast mode
[   22.402037] pimreg: left allmulticast mode
[   22.402333] pimreg: left allmulticast mode
[   22.403761] pimreg: left allmulticast mode
[   22.404137] pimreg: left allmulticast mode
[   22.404497] pimreg: left allmulticast mode
[   22.418016] pimreg: entered allmulticast mode
[   22.443160] pimreg: entered allmulticast mode
[   22.463032] pimreg: entered allmulticast mode
[   22.484443] pimreg: entered allmulticast mode
[   22.512957] pimreg: entered allmulticast mode
[   22.552471] pimreg: entered allmulticast mode
[   22.592572] pimreg: entered allmulticast mode
[   22.620896] pimreg: entered allmulticast mode
[   22.645042] pimreg: entered allmulticast mode
[   22.649783] pimreg: left allmulticast mode
[   22.650172] pimreg: left allmulticast mode
[   22.650492] pimreg: left allmulticast mode
[   22.650802] pimreg: left allmulticast mode
[   22.651117] pimreg: left allmulticast mode
[   22.651406] pimreg: left allmulticast mode
[   22.651724] pimreg: left allmulticast mode
[   22.652051] pimreg: left allmulticast mode
[   22.669118] pimreg: entered allmulticast mode
[   22.693432] pimreg: entered allmulticast mode
[   22.717538] pimreg: entered allmulticast mode
[   22.727721] pimreg: entered allmulticast mode
[   22.749219] pimreg: entered allmulticast mode
[   22.764539] pimreg: entered allmulticast mode
[   22.788672] pimreg: entered allmulticast mode
[   22.812499] pimreg: entered allmulticast mode
[   22.836701] pimreg: entered allmulticast mode
[   22.869474] pimreg: left allmulticast mode
[   22.869768] pimreg: left allmulticast mode
[   22.870037] pimreg: left allmulticast mode
[   22.870351] pimreg: left allmulticast mode
[   22.870755] pimreg: left allmulticast mode
[   22.871059] pimreg: left allmulticast mode
[   22.871344] pimreg: left allmulticast mode
[   22.871630] pimreg: left allmulticast mode
[   22.871919] pimreg: left allmulticast mode
[   22.872244] pimreg: left allmulticast mode
[   22.887712] pimreg: entered allmulticast mode
[   22.917364] pimreg: entered allmulticast mode
[   22.953375] pimreg: entered allmulticast mode
[   22.972583] pimreg: entered allmulticast mode
[   22.986410] pimreg: entered allmulticast mode
[   23.008402] pimreg: entered allmulticast mode
[   23.032398] pimreg: entered allmulticast mode
[   23.052511] pimreg: entered allmulticast mode
[   23.076505] pimreg: entered allmulticast mode
[   23.096634] pimreg: entered allmulticast mode
[   23.118406] pimreg: left allmulticast mode
[   23.118752] pimreg: left allmulticast mode
[   23.119071] pimreg: left allmulticast mode
[   23.119357] pimreg: left allmulticast mode
[   23.119655] pimreg: left allmulticast mode
[   23.119962] pimreg: left allmulticast mode
[   23.120344] pimreg: left allmulticast mode
[   23.120640] pimreg: left allmulticast mode
[   23.120932] pimreg: left allmulticast mode
[   23.121260] pimreg: left allmulticast mode
[   23.136530] pimreg: entered allmulticast mode
[   23.164930] pimreg: entered allmulticast mode
[   23.193859] pimreg: entered allmulticast mode
[   23.216954] pimreg: entered allmulticast mode
[   23.232553] pimreg: entered allmulticast mode
[   23.252084] pimreg: entered allmulticast mode
[   23.276438] pimreg: entered allmulticast mode
[   23.304266] pimreg: entered allmulticast mode
[   23.324425] pimreg: entered allmulticast mode
[   23.344888] pimreg: entered allmulticast mode
[   23.358510] pimreg: left allmulticast mode
[   23.359154] pimreg: left allmulticast mode
[   23.359451] pimreg: left allmulticast mode
[   23.359708] pimreg: left allmulticast mode
[   23.359955] pimreg: left allmulticast mode
[   23.360331] pimreg: left allmulticast mode
[   23.360631] pimreg: left allmulticast mode
[   23.360930] pimreg: left allmulticast mode
[   23.361258] pimreg: left allmulticast mode
[   23.361555] pimreg: left allmulticast mode
[   23.377662] pimreg: entered allmulticast mode
[   23.398537] pimreg: entered allmulticast mode
[   23.416304] pimreg: entered allmulticast mode
[   23.436459] pimreg: entered allmulticast mode
[   23.460497] pimreg: entered allmulticast mode
[   23.484145] pimreg: entered allmulticast mode
[   23.508519] pimreg: entered allmulticast mode
[   23.528567] pimreg: entered allmulticast mode
[   23.552888] pimreg: entered allmulticast mode
[   23.576383] pimreg: entered allmulticast mode
[   23.589457] pimreg: left allmulticast mode
[   23.589833] pimreg: left allmulticast mode
[   23.590115] pimreg: left allmulticast mode
[   23.590432] pimreg: left allmulticast mode
[   23.590735] pimreg: left allmulticast mode
[   23.591047] pimreg: left allmulticast mode
[   23.591337] pimreg: left allmulticast mode
[   23.591625] pimreg: left allmulticast mode
[   23.591913] pimreg: left allmulticast mode
[   23.592246] pimreg: left allmulticast mode
[   23.609312] pimreg: entered allmulticast mode
[   23.632678] pimreg: entered allmulticast mode
[   23.660353] pimreg: entered allmulticast mode
[   23.673193] pimreg: entered allmulticast mode
[   23.708334] pimreg: entered allmulticast mode
[   23.729250] pimreg: entered allmulticast mode
[   23.752242] pimreg: entered allmulticast mode
[   23.777790] pimreg: entered allmulticast mode
[   23.794102] pimreg: entered allmulticast mode
[   23.803115] pimreg: left allmulticast mode
[   23.803698] pimreg: left allmulticast mode
[   23.803974] pimreg: left allmulticast mode
[   23.804497] pimreg: left allmulticast mode
[   23.804826] pimreg: left allmulticast mode
[   23.805152] pimreg: left allmulticast mode
[   23.805449] pimreg: left allmulticast mode
[   23.806046] pimreg: left allmulticast mode
[   23.806527] pimreg: left allmulticast mode
[   23.822365] pimreg: entered allmulticast mode
[   23.850530] pimreg: entered allmulticast mode
[   23.878029] pimreg: entered allmulticast mode
[   23.905129] pimreg: entered allmulticast mode
[   23.940934] pimreg: entered allmulticast mode
[   23.964647] pimreg: entered allmulticast mode
[   23.996480] pimreg: entered allmulticast mode
[   24.024374] pimreg: entered allmulticast mode
[   24.060382] pimreg: entered allmulticast mode
[   24.073686] pimreg: left allmulticast mode
[   24.074077] pimreg: left allmulticast mode
[   24.074402] pimreg: left allmulticast mode
[   24.074731] pimreg: left allmulticast mode
[   24.075052] pimreg: left allmulticast mode
[   24.075358] pimreg: left allmulticast mode
[   24.075647] pimreg: left allmulticast mode
[   24.075939] pimreg: left allmulticast mode
[   24.076282] pimreg: left allmulticast mode
[   24.093430] pimreg: entered allmulticast mode
[   24.122210] pimreg: entered allmulticast mode
[   24.149735] pimreg: entered allmulticast mode
[   24.172856] pimreg: entered allmulticast mode
[   24.192176] pimreg: entered allmulticast mode
[   24.212365] pimreg: entered allmulticast mode
[   24.236923] pimreg: entered allmulticast mode
[   24.265163] pimreg: entered allmulticast mode
[   24.300930] pimreg: entered allmulticast mode
[   24.325968] pimreg: left allmulticast mode
[   24.326288] pimreg: left allmulticast mode
[   24.326562] pimreg: left allmulticast mode
[   24.326816] pimreg: left allmulticast mode
[   24.327137] pimreg: left allmulticast mode
[   24.327443] pimreg: left allmulticast mode
[   24.327724] pimreg: left allmulticast mode
[   24.328042] pimreg: left allmulticast mode
[   24.328398] pimreg: left allmulticast mode
[   24.343241] pimreg: entered allmulticast mode
[   24.362342] pimreg: entered allmulticast mode
[   24.376826] pimreg: entered allmulticast mode
[   24.416898] pimreg: entered allmulticast mode
[   24.440868] pimreg: entered allmulticast mode
[   24.468987] pimreg: entered allmulticast mode
[   24.492727] pimreg: entered allmulticast mode
[   24.532634] pimreg: entered allmulticast mode
[   24.556599] pimreg: entered allmulticast mode
[   24.566345] pimreg: left allmulticast mode
[   24.566984] pimreg: left allmulticast mode
[   24.567266] pimreg: left allmulticast mode
[   24.567517] pimreg: left allmulticast mode
[   24.567826] pimreg: left allmulticast mode
[   24.568138] pimreg: left allmulticast mode
[   24.568503] pimreg: left allmulticast mode
[   24.568817] pimreg: left allmulticast mode
[   24.569123] pimreg: left allmulticast mode
[   24.584732] pimreg: entered allmulticast mode
[   24.606354] pimreg: entered allmulticast mode
[   24.623362] pimreg: entered allmulticast mode
[   24.648762] pimreg: entered allmulticast mode
[   24.661122] pimreg: entered allmulticast mode
[   24.681469] pimreg: entered allmulticast mode
[   24.694217] pimreg: left allmulticast mode
[   24.694594] pimreg: left allmulticast mode
[   24.694860] pimreg: left allmulticast mode
[   24.695148] pimreg: left allmulticast mode
[   24.695446] pimreg: left allmulticast mode
[   24.695760] pimreg: left allmulticast mode
[   24.706073] pimreg: entered allmulticast mode
[   24.726683] pimreg: entered allmulticast mode
[   24.744634] pimreg: entered allmulticast mode
[   24.764117] pimreg: entered allmulticast mode
[   24.792604] pimreg: entered allmulticast mode
[   24.820617] pimreg: entered allmulticast mode
[   24.849317] pimreg: entered allmulticast mode
[   24.872708] pimreg: entered allmulticast mode
[   24.877803] pimreg: left allmulticast mode
[   24.878435] pimreg: left allmulticast mode
[   24.878726] pimreg: left allmulticast mode
[   24.878992] pimreg: left allmulticast mode
[   24.879293] pimreg: left allmulticast mode
[   24.879593] pimreg: left allmulticast mode
[   24.879888] pimreg: left allmulticast mode
[   24.901188] pimreg: entered allmulticast mode
[   24.921056] pimreg: entered allmulticast mode
[   24.946303] pimreg: entered allmulticast mode
[   24.961016] pimreg: entered allmulticast mode
[   24.980892] pimreg: entered allmulticast mode
[   25.000531] pimreg: entered allmulticast mode
[   25.024701] pimreg: entered allmulticast mode
[   25.064425] pimreg: entered allmulticast mode
[   25.069267] pimreg: left allmulticast mode
[   25.069632] pimreg: left allmulticast mode
[   25.070276] pimreg: left allmulticast mode
[   25.070537] pimreg: left allmulticast mode
[   25.070837] pimreg: left allmulticast mode
[   25.071716] pimreg: left allmulticast mode
[   25.072089] pimreg: left allmulticast mode
[   25.072775] pimreg: left allmulticast mode
[   25.073126] pimreg: left allmulticast mode
[   25.088013] pimreg: entered allmulticast mode
[   25.114149] pimreg: entered allmulticast mode
[   25.140240] pimreg: entered allmulticast mode
[   25.161329] pimreg: entered allmulticast mode
[   25.196855] pimreg: entered allmulticast mode
[   25.224530] pimreg: entered allmulticast mode
[   25.249307] pimreg: entered allmulticast mode
[   25.264672] pimreg: entered allmulticast mode
[   25.285037] pimreg: entered allmulticast mode
[   25.301403] pimreg: left allmulticast mode
[   25.301760] pimreg: left allmulticast mode
[   25.302067] pimreg: left allmulticast mode
[   25.302335] pimreg: left allmulticast mode
[   25.302585] pimreg: left allmulticast mode
[   25.303131] pimreg: left allmulticast mode
[   25.303478] pimreg: left allmulticast mode
[   25.303731] pimreg: left allmulticast mode
[   25.304042] pimreg: left allmulticast mode
[   25.318654] pimreg: entered allmulticast mode
[   25.350867] pimreg: entered allmulticast mode
[   25.388063] pimreg: entered allmulticast mode
[   25.409402] pimreg: entered allmulticast mode
[   25.428394] pimreg: entered allmulticast mode
[   25.452489] pimreg: entered allmulticast mode
[   25.476342] pimreg: entered allmulticast mode
[   25.497552] pimreg: left allmulticast mode
[   25.497853] pimreg: left allmulticast mode
[   25.498136] pimreg: left allmulticast mode
[   25.498390] pimreg: left allmulticast mode
[   25.498714] pimreg: left allmulticast mode
[   25.500064] pimreg: left allmulticast mode
[   25.500460] pimreg: left allmulticast mode
[   25.512429] pimreg: entered allmulticast mode
[   25.538334] pimreg: entered allmulticast mode
[   25.557235] pimreg: entered allmulticast mode
[   25.577077] pimreg: entered allmulticast mode
[   25.600524] pimreg: entered allmulticast mode
[   25.624333] pimreg: entered allmulticast mode
[   25.649200] pimreg: entered allmulticast mode
[   25.665144] pimreg: left allmulticast mode
[   25.665691] pimreg: left allmulticast mode
[   25.666001] pimreg: left allmulticast mode
[   25.666262] pimreg: left allmulticast mode
[   25.666527] pimreg: left allmulticast mode
[   25.666909] pimreg: left allmulticast mode
[   25.667173] pimreg: left allmulticast mode
[   25.679316] pimreg: entered allmulticast mode
[   25.713394] pimreg: entered allmulticast mode
[   25.733854] pimreg: entered allmulticast mode
[   25.744072] pimreg: entered allmulticast mode
[   25.768879] pimreg: entered allmulticast mode
[   25.788346] pimreg: entered allmulticast mode
[   25.808688] pimreg: entered allmulticast mode
[   25.829011] pimreg: left allmulticast mode
[   25.829356] pimreg: left allmulticast mode
[   25.829624] pimreg: left allmulticast mode
[   25.829913] pimreg: left allmulticast mode
[   25.830167] pimreg: left allmulticast mode
[   25.830942] pimreg: left allmulticast mode
[   25.831509] pimreg: left allmulticast mode
[   25.843826] pimreg: entered allmulticast mode
[   25.857757] pimreg: entered allmulticast mode
[   25.885798] pimreg: entered allmulticast mode
[   25.908525] pimreg: entered allmulticast mode
[   25.929179] pimreg: entered allmulticast mode
[   25.952303] pimreg: entered allmulticast mode
[   25.976446] pimreg: entered allmulticast mode
[   26.000575] pimreg: entered allmulticast mode
[   26.013713] pimreg: left allmulticast mode
[   26.014075] pimreg: left allmulticast mode
[   26.014336] pimreg: left allmulticast mode
[   26.014597] pimreg: left allmulticast mode
[   26.014921] pimreg: left allmulticast mode
[   26.015230] pimreg: left allmulticast mode
[   26.015542] pimreg: left allmulticast mode
[   26.015852] pimreg: left allmulticast mode
[   26.031258] pimreg: entered allmulticast mode
[   26.054511] pimreg: entered allmulticast mode
[   26.079617] pimreg: entered allmulticast mode
[   26.100655] pimreg: entered allmulticast mode
[   26.120561] pimreg: entered allmulticast mode
[   26.148522] pimreg: entered allmulticast mode
[   26.176287] pimreg: entered allmulticast mode
[   26.204599] pimreg: entered allmulticast mode
[   26.232870] pimreg: entered allmulticast mode
[   26.237317] pimreg: left allmulticast mode
[   26.237692] pimreg: left allmulticast mode
[   26.238025] pimreg: left allmulticast mode
[   26.238316] pimreg: left allmulticast mode
[   26.238622] pimreg: left allmulticast mode
[   26.238935] pimreg: left allmulticast mode
[   26.239617] pimreg: left allmulticast mode
[   26.240000] pimreg: left allmulticast mode
[   26.240519] pimreg: left allmulticast mode
[   26.255418] pimreg: entered allmulticast mode
[   26.278016] pimreg: entered allmulticast mode
[   26.302006] pimreg: entered allmulticast mode
[   26.325187] pimreg: entered allmulticast mode
[   26.340971] pimreg: entered allmulticast mode
[   26.360263] pimreg: entered allmulticast mode
[   26.380510] pimreg: entered allmulticast mode
[   26.400168] pimreg: entered allmulticast mode
[   26.424754] pimreg: entered allmulticast mode
[   26.445227] pimreg: left allmulticast mode
[   26.445567] pimreg: left allmulticast mode
[   26.445884] pimreg: left allmulticast mode
[   26.446489] pimreg: left allmulticast mode
[   26.446904] pimreg: left allmulticast mode
[   26.447209] pimreg: left allmulticast mode
[   26.447517] pimreg: left allmulticast mode
[   26.447860] pimreg: left allmulticast mode
[   26.448173] pimreg: left allmulticast mode
[   26.462209] pimreg: entered allmulticast mode
[   26.485120] pimreg: entered allmulticast mode
[   26.513365] pimreg: entered allmulticast mode
[   26.537148] pimreg: entered allmulticast mode
[   26.557401] pimreg: entered allmulticast mode
[   26.580809] pimreg: entered allmulticast mode
[   26.604392] pimreg: entered allmulticast mode
[   26.628629] pimreg: entered allmulticast mode
[   26.664478] pimreg: entered allmulticast mode
[   26.677455] pimreg: left allmulticast mode
[   26.678090] pimreg: left allmulticast mode
[   26.678365] pimreg: left allmulticast mode
[   26.678616] pimreg: left allmulticast mode
[   26.678928] pimreg: left allmulticast mode
[   26.679199] pimreg: left allmulticast mode
[   26.679449] pimreg: left allmulticast mode
[   26.679719] pimreg: left allmulticast mode
[   26.679980] pimreg: left allmulticast mode
[   26.695582] pimreg: entered allmulticast mode
[   26.721537] pimreg: entered allmulticast mode
[   26.748555] pimreg: entered allmulticast mode
[   26.761433] pimreg: entered allmulticast mode
[   26.784793] pimreg: entered allmulticast mode
[   26.808050] pimreg: entered allmulticast mode
[   26.832126] pimreg: entered allmulticast mode
[   26.837227] pimreg: left allmulticast mode
[   26.837752] pimreg: left allmulticast mode
[   26.838077] pimreg: left allmulticast mode
[   26.838378] pimreg: left allmulticast mode
[   26.838689] pimreg: left allmulticast mode
[   26.839000] pimreg: left allmulticast mode
[   26.839297] pimreg: left allmulticast mode
[   26.851813] pimreg: entered allmulticast mode
[   26.881516] pimreg: entered allmulticast mode
[   26.907728] pimreg: entered allmulticast mode
[   26.932758] pimreg: entered allmulticast mode
[   26.964714] pimreg: entered allmulticast mode
[   26.993393] pimreg: entered allmulticast mode
[   27.016440] pimreg: entered allmulticast mode
[   27.044460] pimreg: entered allmulticast mode
[   27.049952] pimreg: left allmulticast mode
[   27.050539] pimreg: left allmulticast mode
[   27.050810] pimreg: left allmulticast mode
[   27.051083] pimreg: left allmulticast mode
[   27.051329] pimreg: left allmulticast mode
[   27.051630] pimreg: left allmulticast mode
[   27.051928] pimreg: left allmulticast mode
[   27.068535] pimreg: entered allmulticast mode
[   27.088015] pimreg: entered allmulticast mode
[   27.101440] pimreg: entered allmulticast mode
[   27.120628] pimreg: entered allmulticast mode
[   27.143995] pimreg: entered allmulticast mode
[   27.168768] pimreg: entered allmulticast mode
[   27.192737] pimreg: entered allmulticast mode
[   27.232337] pimreg: entered allmulticast mode
[   27.245171] pimreg: left allmulticast mode
[   27.245486] pimreg: left allmulticast mode
[   27.245778] pimreg: left allmulticast mode
[   27.246075] pimreg: left allmulticast mode
[   27.246378] pimreg: left allmulticast mode
[   27.246674] pimreg: left allmulticast mode
[   27.246970] pimreg: left allmulticast mode
[   27.247784] pimreg: left allmulticast mode
[   27.248110] pimreg: left allmulticast mode
[   27.263260] pimreg: entered allmulticast mode
[   27.282377] pimreg: entered allmulticast mode
[   27.294586] pimreg: entered allmulticast mode
[   27.312267] pimreg: entered allmulticast mode
[   27.332372] pimreg: entered allmulticast mode
[   27.353223] pimreg: entered allmulticast mode
[   27.376742] pimreg: entered allmulticast mode
[   27.405307] pimreg: entered allmulticast mode
[   27.428335] pimreg: entered allmulticast mode
[   27.441483] pimreg: left allmulticast mode
[   27.441831] pimreg: left allmulticast mode
[   27.442098] pimreg: left allmulticast mode
[   27.442349] pimreg: left allmulticast mode
[   27.442668] pimreg: left allmulticast mode
[   27.442961] pimreg: left allmulticast mode
[   27.443243] pimreg: left allmulticast mode
[   27.443530] pimreg: left allmulticast mode
[   27.443823] pimreg: left allmulticast mode
[   27.458702] pimreg: entered allmulticast mode
[   27.486686] pimreg: entered allmulticast mode
[   27.505567] pimreg: entered allmulticast mode
[   27.528944] pimreg: entered allmulticast mode
[   27.568764] pimreg: entered allmulticast mode
[   27.592628] pimreg: entered allmulticast mode
[   27.617047] pimreg: entered allmulticast mode
[   27.640580] pimreg: entered allmulticast mode
[   27.676973] pimreg: entered allmulticast mode
[   27.697563] pimreg: left allmulticast mode
[   27.697872] pimreg: left allmulticast mode
[   27.698127] pimreg: left allmulticast mode
[   27.698391] pimreg: left allmulticast mode
[   27.698808] pimreg: left allmulticast mode
[   27.699119] pimreg: left allmulticast mode
[   27.699419] pimreg: left allmulticast mode
[   27.699722] pimreg: left allmulticast mode
[   27.700049] pimreg: left allmulticast mode
[   27.713860] pimreg: entered allmulticast mode
[   27.739960] pimreg: entered allmulticast mode
[   27.765519] pimreg: entered allmulticast mode
[   27.789395] pimreg: entered allmulticast mode
[   27.808778] pimreg: entered allmulticast mode
[   27.836528] pimreg: entered allmulticast mode
[   27.860256] pimreg: entered allmulticast mode
[   27.884198] pimreg: entered allmulticast mode
[   27.908552] pimreg: entered allmulticast mode
[   27.929220] pimreg: left allmulticast mode
[   27.929570] pimreg: left allmulticast mode
[   27.929840] pimreg: left allmulticast mode
[   27.930145] pimreg: left allmulticast mode
[   27.930458] pimreg: left allmulticast mode
[   27.931321] pimreg: left allmulticast mode
[   27.931636] pimreg: left allmulticast mode
[   27.931948] pimreg: left allmulticast mode
[   27.932622] pimreg: left allmulticast mode
[   27.947090] pimreg: entered allmulticast mode
[   27.964831] pimreg: entered allmulticast mode
[   27.986047] pimreg: entered allmulticast mode
[   28.010376] pimreg: entered allmulticast mode
[   28.028287] pimreg: entered allmulticast mode
[   28.041293] pimreg: entered allmulticast mode
[   28.064790] pimreg: entered allmulticast mode
[   28.097168] pimreg: entered allmulticast mode
[   28.113284] pimreg: left allmulticast mode
[   28.113628] pimreg: left allmulticast mode
[   28.113948] pimreg: left allmulticast mode
[   28.114256] pimreg: left allmulticast mode
[   28.114550] pimreg: left allmulticast mode
[   28.114865] pimreg: left allmulticast mode
[   28.115152] pimreg: left allmulticast mode
[   28.115443] pimreg: left allmulticast mode
[   28.129813] pimreg: entered allmulticast mode
[   28.156967] pimreg: entered allmulticast mode
[   28.187214] pimreg: entered allmulticast mode
[   28.208879] pimreg: entered allmulticast mode
[   28.228698] pimreg: entered allmulticast mode
[   28.248615] pimreg: entered allmulticast mode
[   28.268480] pimreg: entered allmulticast mode
[   28.288329] pimreg: entered allmulticast mode
[   28.314034] pimreg: entered allmulticast mode
[   28.314406] pimreg: left allmulticast mode
[   28.314756] pimreg: left allmulticast mode
[   28.315060] pimreg: left allmulticast mode
[   28.315370] pimreg: left allmulticast mode
[   28.315669] pimreg: left allmulticast mode
[   28.315973] pimreg: left allmulticast mode
[   28.316326] pimreg: left allmulticast mode
[   28.316620] pimreg: left allmulticast mode
[   28.333141] pimreg: entered allmulticast mode
[   28.373887] pimreg: entered allmulticast mode
[   28.393062] pimreg: entered allmulticast mode
[   28.421116] pimreg: entered allmulticast mode
[   28.444758] pimreg: entered allmulticast mode
[   28.488603] pimreg: entered allmulticast mode
[   28.516681] pimreg: entered allmulticast mode
[   28.552537] pimreg: entered allmulticast mode
[   28.576938] pimreg: entered allmulticast mode
[   28.582720] pimreg: left allmulticast mode
[   28.583052] pimreg: left allmulticast mode
[   28.583314] pimreg: left allmulticast mode
[   28.583566] pimreg: left allmulticast mode
[   28.583889] pimreg: left allmulticast mode
[   28.584541] pimreg: left allmulticast mode
[   28.584885] pimreg: left allmulticast mode
[   28.585184] pimreg: left allmulticast mode
[   28.585480] pimreg: left allmulticast mode
[   28.585969] pimreg: left allmulticast mode
[   28.602008] pimreg: entered allmulticast mode
[   28.632003] pimreg: entered allmulticast mode
[   28.657066] pimreg: entered allmulticast mode
[   28.684193] pimreg: entered allmulticast mode
[   28.708467] pimreg: entered allmulticast mode
[   28.732638] pimreg: entered allmulticast mode
[   28.756514] pimreg: entered allmulticast mode
[   28.792262] pimreg: entered allmulticast mode
[   28.816353] pimreg: entered allmulticast mode
[   28.841566] pimreg: left allmulticast mode
[   28.841908] pimreg: left allmulticast mode
[   28.842176] pimreg: left allmulticast mode
[   28.842437] pimreg: left allmulticast mode
[   28.842687] pimreg: left allmulticast mode
[   28.842983] pimreg: left allmulticast mode
[   28.843272] pimreg: left allmulticast mode
[   28.843544] pimreg: left allmulticast mode
[   28.843832] pimreg: left allmulticast mode
[   28.860596] pimreg: entered allmulticast mode
[   28.881917] pimreg: entered allmulticast mode
[   28.908169] pimreg: entered allmulticast mode
[   28.919740] pimreg: entered allmulticast mode
[   28.945242] pimreg: entered allmulticast mode
[   28.984629] pimreg: entered allmulticast mode
[   29.021064] pimreg: entered allmulticast mode
[   29.052717] pimreg: entered allmulticast mode
[   29.089524] pimreg: left allmulticast mode
[   29.089841] pimreg: left allmulticast mode
[   29.090093] pimreg: left allmulticast mode
[   29.090399] pimreg: left allmulticast mode
[   29.090814] pimreg: left allmulticast mode
[   29.091128] pimreg: left allmulticast mode
[   29.091435] pimreg: left allmulticast mode
[   29.091728] pimreg: left allmulticast mode
[   29.104792] pimreg: entered allmulticast mode
[   29.129628] pimreg: entered allmulticast mode
[   29.157253] pimreg: entered allmulticast mode
[   29.177930] pimreg: entered allmulticast mode
[   29.196829] pimreg: entered allmulticast mode
[   29.220574] pimreg: entered allmulticast mode
[   29.244522] pimreg: entered allmulticast mode
[   29.277034] pimreg: entered allmulticast mode
[   29.301855] pimreg: entered allmulticast mode
[   29.302198] pimreg: left allmulticast mode
[   29.302522] pimreg: left allmulticast mode
[   29.302832] pimreg: left allmulticast mode
[   29.303185] pimreg: left allmulticast mode
[   29.303499] pimreg: left allmulticast mode
[   29.303839] pimreg: left allmulticast mode
[   29.304148] pimreg: left allmulticast mode
[   29.304546] pimreg: left allmulticast mode
[   29.320196] pimreg: entered allmulticast mode
[   29.346710] pimreg: entered allmulticast mode
[   29.371374] pimreg: entered allmulticast mode
[   29.393264] pimreg: entered allmulticast mode
[   29.413205] pimreg: entered allmulticast mode
[   29.432747] pimreg: entered allmulticast mode
[   29.456405] pimreg: entered allmulticast mode
[   29.480625] pimreg: entered allmulticast mode
[   29.501067] pimreg: left allmulticast mode
[   29.501421] pimreg: left allmulticast mode
[   29.501695] pimreg: left allmulticast mode
[   29.502038] pimreg: left allmulticast mode
[   29.502387] pimreg: left allmulticast mode
[   29.503859] pimreg: left allmulticast mode
[   29.504259] pimreg: left allmulticast mode
[   29.504613] pimreg: left allmulticast mode
[   29.504969] pimreg: left allmulticast mode
[   29.519349] pimreg: entered allmulticast mode
[   29.544428] pimreg: entered allmulticast mode
[   29.572161] pimreg: entered allmulticast mode
[   29.593603] pimreg: entered allmulticast mode
[   29.612756] pimreg: entered allmulticast mode
[   29.652741] pimreg: entered allmulticast mode
[   29.676474] pimreg: entered allmulticast mode
[   29.700700] pimreg: entered allmulticast mode
[   29.724312] pimreg: entered allmulticast mode
[   29.729231] pimreg: left allmulticast mode
[   29.729569] pimreg: left allmulticast mode
[   29.729868] pimreg: left allmulticast mode
[   29.730134] pimreg: left allmulticast mode
[   29.730391] pimreg: left allmulticast mode
[   29.730656] pimreg: left allmulticast mode
[   29.731400] pimreg: left allmulticast mode
[   29.731824] pimreg: left allmulticast mode
[   29.732189] pimreg: left allmulticast mode
[   29.746565] pimreg: entered allmulticast mode
[   29.769146] pimreg: entered allmulticast mode
[   29.796916] pimreg: entered allmulticast mode
[   29.820971] pimreg: entered allmulticast mode
[   29.861000] pimreg: entered allmulticast mode
[   29.880202] pimreg: entered allmulticast mode
[   29.900731] pimreg: entered allmulticast mode
[   29.940694] pimreg: entered allmulticast mode
[   29.961183] pimreg: left allmulticast mode
[   29.961534] pimreg: left allmulticast mode
[   29.961806] pimreg: left allmulticast mode
[   29.962058] pimreg: left allmulticast mode
[   29.962369] pimreg: left allmulticast mode
[   29.962679] pimreg: left allmulticast mode
[   29.962998] pimreg: left allmulticast mode
[   29.963308] pimreg: left allmulticast mode
[   29.976811] pimreg: entered allmulticast mode
[   30.009614] pimreg: entered allmulticast mode
[   30.041704] pimreg: entered allmulticast mode
[   30.052828] pimreg: entered allmulticast mode
[   30.077408] pimreg: entered allmulticast mode
[   30.100111] pimreg: entered allmulticast mode
[   30.128882] pimreg: entered allmulticast mode
[   30.133126] pimreg: left allmulticast mode
[   30.133459] pimreg: left allmulticast mode
[   30.133779] pimreg: left allmulticast mode
[   30.134091] pimreg: left allmulticast mode
[   30.134402] pimreg: left allmulticast mode
[   30.134723] pimreg: left allmulticast mode
[   30.135016] pimreg: left allmulticast mode
[   30.148156] pimreg: entered allmulticast mode
[   30.165822] pimreg: entered allmulticast mode
[   30.182026] pimreg: entered allmulticast mode
[   30.201029] pimreg: entered allmulticast mode
[   30.220652] pimreg: entered allmulticast mode
[   30.244614] pimreg: entered allmulticast mode
[   30.268759] pimreg: entered allmulticast mode
[   30.292529] pimreg: entered allmulticast mode
[   30.297917] pimreg: left allmulticast mode
[   30.298480] pimreg: left allmulticast mode
[   30.298794] pimreg: left allmulticast mode
[   30.299047] pimreg: left allmulticast mode
[   30.299345] pimreg: left allmulticast mode
[   30.299634] pimreg: left allmulticast mode
[   30.299939] pimreg: left allmulticast mode
[   30.316066] pimreg: entered allmulticast mode
[   30.337288] pimreg: entered allmulticast mode
[   30.363428] pimreg: entered allmulticast mode
[   30.388312] pimreg: entered allmulticast mode
[   30.412284] pimreg: entered allmulticast mode
[   30.435934] pimreg: entered allmulticast mode
[   30.465006] pimreg: entered allmulticast mode
[   30.489740] pimreg: entered allmulticast mode
[   30.490093] pimreg: left allmulticast mode
[   30.490359] pimreg: left allmulticast mode
[   30.490655] pimreg: left allmulticast mode
[   30.490962] pimreg: left allmulticast mode
[   30.491268] pimreg: left allmulticast mode
[   30.491972] pimreg: left allmulticast mode
[   30.492568] pimreg: left allmulticast mode
[   30.492834] pimreg: left allmulticast mode
[   30.507647] pimreg: entered allmulticast mode
[   30.529192] pimreg: entered allmulticast mode
[   30.553403] pimreg: entered allmulticast mode
[   30.572807] pimreg: entered allmulticast mode
[   30.600952] pimreg: entered allmulticast mode
[   30.628536] pimreg: entered allmulticast mode
[   30.656181] pimreg: entered allmulticast mode
[   30.675982] pimreg: entered allmulticast mode
[   30.696482] pimreg: entered allmulticast mode
[   30.719322] pimreg: left allmulticast mode
[   30.719696] pimreg: left allmulticast mode
[   30.719974] pimreg: left allmulticast mode
[   30.720354] pimreg: left allmulticast mode
[   30.720694] pimreg: left allmulticast mode
[   30.721230] pimreg: left allmulticast mode
[   30.721532] pimreg: left allmulticast mode
[   30.721845] pimreg: left allmulticast mode
[   30.722142] pimreg: left allmulticast mode
[   30.722441] pimreg: left allmulticast mode
[   30.736533] pimreg: entered allmulticast mode
[   30.765373] pimreg: entered allmulticast mode
[   30.777798] pimreg: entered allmulticast mode
[   30.797706] pimreg: entered allmulticast mode
[   30.817232] pimreg: entered allmulticast mode
[   30.836890] pimreg: entered allmulticast mode
[   30.857073] pimreg: entered allmulticast mode
[   30.876670] pimreg: entered allmulticast mode
[   30.896805] pimreg: entered allmulticast mode
[   30.921274] pimreg: entered allmulticast mode
[   30.921637] pimreg: left allmulticast mode
[   30.922013] pimreg: left allmulticast mode
[   30.922277] pimreg: left allmulticast mode
[   30.922620] pimreg: left allmulticast mode
[   30.922966] pimreg: left allmulticast mode
[   30.923265] pimreg: left allmulticast mode
[   30.923570] pimreg: left allmulticast mode
[   30.923870] pimreg: left allmulticast mode
[   30.924479] pimreg: left allmulticast mode
[   30.940663] pimreg: entered allmulticast mode
[   30.967512] pimreg: entered allmulticast mode
[   30.995581] pimreg: entered allmulticast mode
[   31.025480] pimreg: entered allmulticast mode
[   31.040716] pimreg: entered allmulticast mode
[   31.060531] pimreg: entered allmulticast mode
[   31.077191] pimreg: entered allmulticast mode
[   31.102325] pimreg: entered allmulticast mode
[   31.102834] pimreg: left allmulticast mode
[   31.103176] pimreg: left allmulticast mode
[   31.103451] pimreg: left allmulticast mode
[   31.103712] pimreg: left allmulticast mode
[   31.104019] pimreg: left allmulticast mode
[   31.106536] pimreg: left allmulticast mode
[   31.107266] pimreg: left allmulticast mode
[   31.107637] pimreg: left allmulticast mode
[   31.122965] pimreg: entered allmulticast mode
[   31.146607] pimreg: entered allmulticast mode
[   31.170907] pimreg: entered allmulticast mode
[   31.188966] pimreg: entered allmulticast mode
[   31.212396] pimreg: entered allmulticast mode
[   31.237225] pimreg: entered allmulticast mode
[   31.256717] pimreg: entered allmulticast mode
[   31.280407] pimreg: entered allmulticast mode
[   31.294183] pimreg: left allmulticast mode
[   31.294827] pimreg: left allmulticast mode
[   31.295117] pimreg: left allmulticast mode
[   31.295368] pimreg: left allmulticast mode
[   31.295685] pimreg: left allmulticast mode
[   31.295985] pimreg: left allmulticast mode
[   31.296338] pimreg: left allmulticast mode
[   31.296633] pimreg: left allmulticast mode
[   31.296941] pimreg: left allmulticast mode
[   31.312910] pimreg: entered allmulticast mode
[   31.334604] pimreg: entered allmulticast mode
[   31.351291] pimreg: entered allmulticast mode
[   31.377101] pimreg: entered allmulticast mode
[   31.400325] pimreg: entered allmulticast mode
[   31.424667] pimreg: entered allmulticast mode
[   31.448271] pimreg: entered allmulticast mode
[   31.472548] pimreg: entered allmulticast mode
[   31.493267] pimreg: entered allmulticast mode
[   31.502140] pimreg: left allmulticast mode
[   31.502509] pimreg: left allmulticast mode
[   31.502794] pimreg: left allmulticast mode
[   31.503049] pimreg: left allmulticast mode
[   31.503356] pimreg: left allmulticast mode
[   31.503675] pimreg: left allmulticast mode
[   31.503997] pimreg: left allmulticast mode
[   31.504362] pimreg: left allmulticast mode
[   31.504679] pimreg: left allmulticast mode
[   31.521207] pimreg: entered allmulticast mode
[   31.546765] pimreg: entered allmulticast mode
[   31.567634] pimreg: entered allmulticast mode
[   31.588089] pimreg: entered allmulticast mode
[   31.612706] pimreg: entered allmulticast mode
[   31.636609] pimreg: entered allmulticast mode
[   31.668917] pimreg: entered allmulticast mode
[   31.688178] pimreg: entered allmulticast mode
[   31.712495] pimreg: entered allmulticast mode
[   31.733237] pimreg: left allmulticast mode
[   31.733589] pimreg: left allmulticast mode
[   31.733870] pimreg: left allmulticast mode
[   31.734122] pimreg: left allmulticast mode
[   31.734433] pimreg: left allmulticast mode
[   31.734760] pimreg: left allmulticast mode
[   31.735066] pimreg: left allmulticast mode
[   31.735353] pimreg: left allmulticast mode
[   31.735639] pimreg: left allmulticast mode
[   31.750409] pimreg: entered allmulticast mode
[   31.782140] pimreg: entered allmulticast mode
[   31.795474] pimreg: entered allmulticast mode
[   31.819848] pimreg: entered allmulticast mode
[   31.844901] pimreg: entered allmulticast mode
[   31.868646] pimreg: entered allmulticast mode
[   31.896615] pimreg: entered allmulticast mode
[   31.920886] pimreg: entered allmulticast mode
[   31.940325] pimreg: entered allmulticast mode
[   31.953471] pimreg: left allmulticast mode
[   31.954000] pimreg: left allmulticast mode
[   31.954259] pimreg: left allmulticast mode
[   31.954574] pimreg: left allmulticast mode
[   31.954912] pimreg: left allmulticast mode
[   31.955256] pimreg: left allmulticast mode
[   31.955622] pimreg: left allmulticast mode
[   31.955983] pimreg: left allmulticast mode
[   31.956351] pimreg: left allmulticast mode
[   31.971979] pimreg: entered allmulticast mode
[   32.000422] pimreg: entered allmulticast mode
[   32.027051] pimreg: entered allmulticast mode
[   32.037076] pimreg: entered allmulticast mode
[   32.061041] pimreg: entered allmulticast mode
[   32.084824] pimreg: entered allmulticast mode
[   32.108990] pimreg: entered allmulticast mode
[   32.137259] pimreg: entered allmulticast mode
[   32.141731] pimreg: left allmulticast mode
[   32.142273] pimreg: left allmulticast mode
[   32.142565] pimreg: left allmulticast mode
[   32.142846] pimreg: left allmulticast mode
[   32.143140] pimreg: left allmulticast mode
[   32.143431] pimreg: left allmulticast mode
[   32.143736] pimreg: left allmulticast mode
[   32.160076] pimreg: entered allmulticast mode
[   32.181259] pimreg: entered allmulticast mode
[   32.200098] pimreg: entered allmulticast mode
[   32.221037] pimreg: entered allmulticast mode
[   32.236926] pimreg: entered allmulticast mode
[   32.280282] pimreg: entered allmulticast mode
[   32.297403] pimreg: left allmulticast mode
[   32.297715] pimreg: left allmulticast mode
[   32.297976] pimreg: left allmulticast mode
[   32.298309] pimreg: left allmulticast mode
[   32.298691] pimreg: left allmulticast mode
[   32.299145] pimreg: left allmulticast mode
[   32.299489] pimreg: left allmulticast mode
[   32.311126] pimreg: entered allmulticast mode
[   32.332801] pimreg: entered allmulticast mode
[   32.358665] pimreg: entered allmulticast mode
[   32.377056] pimreg: entered allmulticast mode
[   32.396688] pimreg: entered allmulticast mode
[   32.416462] pimreg: entered allmulticast mode
[   32.445612] pimreg: entered allmulticast mode
[   32.449731] pimreg: left allmulticast mode
[   32.450078] pimreg: left allmulticast mode
[   32.450342] pimreg: left allmulticast mode
[   32.450600] pimreg: left allmulticast mode
[   32.450874] pimreg: left allmulticast mode
[   32.451175] pimreg: left allmulticast mode
[   32.451486] pimreg: left allmulticast mode
[   32.464956] pimreg: entered allmulticast mode
[   32.497063] pimreg: entered allmulticast mode
[   32.522238] pimreg: entered allmulticast mode
[   32.544811] pimreg: entered allmulticast mode
[   32.568709] pimreg: entered allmulticast mode
[   32.592577] pimreg: entered allmulticast mode
[   32.632771] pimreg: entered allmulticast mode
[   32.656823] pimreg: entered allmulticast mode
[   32.661267] pimreg: left allmulticast mode
[   32.661594] pimreg: left allmulticast mode
[   32.661870] pimreg: left allmulticast mode
[   32.662128] pimreg: left allmulticast mode
[   32.662386] pimreg: left allmulticast mode
[   32.662703] pimreg: left allmulticast mode
[   32.662980] pimreg: left allmulticast mode
[   32.679897] pimreg: entered allmulticast mode
[   32.697740] pimreg: entered allmulticast mode
[   32.717312] pimreg: entered allmulticast mode
[   32.741307] pimreg: entered allmulticast mode
[   32.764886] pimreg: entered allmulticast mode
[   32.788486] pimreg: entered allmulticast mode
[   32.812800] pimreg: entered allmulticast mode
[   32.836963] pimreg: entered allmulticast mode
[   32.841387] pimreg: left allmulticast mode
[   32.841752] pimreg: left allmulticast mode
[   32.842019] pimreg: left allmulticast mode
[   32.842266] pimreg: left allmulticast mode
[   32.842553] pimreg: left allmulticast mode
[   32.843075] pimreg: left allmulticast mode
[   32.843533] pimreg: left allmulticast mode
[   32.843872] pimreg: left allmulticast mode
[   32.844283] pimreg: left allmulticast mode
[   32.858915] pimreg: entered allmulticast mode
[   32.886317] pimreg: entered allmulticast mode
[   32.901483] pimreg: entered allmulticast mode
[   32.920677] pimreg: entered allmulticast mode
[   32.933315] pimreg: entered allmulticast mode
[   32.956520] pimreg: entered allmulticast mode
[   32.996700] pimreg: entered allmulticast mode
[   33.033176] pimreg: left allmulticast mode
[   33.033511] pimreg: left allmulticast mode
[   33.033864] pimreg: left allmulticast mode
[   33.034227] pimreg: left allmulticast mode
[   33.035479] pimreg: left allmulticast mode
[   33.035870] pimreg: left allmulticast mode
[   33.036530] pimreg: left allmulticast mode
[   33.047942] pimreg: entered allmulticast mode
[   33.068924] pimreg: entered allmulticast mode
[   33.103058] pimreg: entered allmulticast mode
[   33.129069] pimreg: entered allmulticast mode
[   33.149039] pimreg: entered allmulticast mode
[   33.172418] pimreg: entered allmulticast mode
[   33.200609] pimreg: entered allmulticast mode
[   33.217393] pimreg: left allmulticast mode
[   33.217757] pimreg: left allmulticast mode
[   33.218032] pimreg: left allmulticast mode
[   33.218289] pimreg: left allmulticast mode
[   33.218535] pimreg: left allmulticast mode
[   33.219439] pimreg: left allmulticast mode
[   33.219744] pimreg: left allmulticast mode
[   33.233005] pimreg: entered allmulticast mode
[   33.261149] pimreg: entered allmulticast mode
[   33.290902] pimreg: entered allmulticast mode
[   33.308656] pimreg: entered allmulticast mode
[   33.332895] pimreg: entered allmulticast mode
[   33.356884] pimreg: entered allmulticast mode
[   33.384515] pimreg: entered allmulticast mode
[   33.408498] pimreg: entered allmulticast mode
[   33.421170] pimreg: left allmulticast mode
[   33.421514] pimreg: left allmulticast mode
[   33.421785] pimreg: left allmulticast mode
[   33.422132] pimreg: left allmulticast mode
[   33.422453] pimreg: left allmulticast mode
[   33.422785] pimreg: left allmulticast mode
[   33.423102] pimreg: left allmulticast mode
[   33.423706] pimreg: left allmulticast mode
[   33.438170] pimreg: entered allmulticast mode
[   33.458515] pimreg: entered allmulticast mode
[   33.488997] pimreg: entered allmulticast mode
[   33.524908] pimreg: entered allmulticast mode
[   33.544712] pimreg: entered allmulticast mode
[   33.565388] pimreg: entered allmulticast mode
[   33.584621] pimreg: entered allmulticast mode
[   33.604791] pimreg: entered allmulticast mode
[   33.621562] pimreg: left allmulticast mode
[   33.621915] pimreg: left allmulticast mode
[   33.622201] pimreg: left allmulticast mode
[   33.622462] pimreg: left allmulticast mode
[   33.622844] pimreg: left allmulticast mode
[   33.624320] pimreg: left allmulticast mode
[   33.624728] pimreg: left allmulticast mode
[   33.625088] pimreg: left allmulticast mode
[   33.638653] pimreg: entered allmulticast mode
[   33.658469] pimreg: entered allmulticast mode
[   33.687430] pimreg: entered allmulticast mode
[   33.716605] pimreg: entered allmulticast mode
[   33.752370] pimreg: entered allmulticast mode
[   33.776748] pimreg: entered allmulticast mode
[   33.821036] pimreg: entered allmulticast mode
[   33.856930] pimreg: entered allmulticast mode
[   33.889501] pimreg: left allmulticast mode
[   33.889829] pimreg: left allmulticast mode
[   33.890083] pimreg: left allmulticast mode
[   33.890350] pimreg: left allmulticast mode
[   33.890778] pimreg: left allmulticast mode
[   33.891129] pimreg: left allmulticast mode
[   33.891460] pimreg: left allmulticast mode
[   33.891828] pimreg: left allmulticast mode
[   33.904542] pimreg: entered allmulticast mode
[   33.926218] pimreg: entered allmulticast mode
[   33.944005] pimreg: entered allmulticast mode
[   33.960007] pimreg: entered allmulticast mode
[   33.980587] pimreg: entered allmulticast mode
[   34.012753] pimreg: entered allmulticast mode
[   34.032706] pimreg: entered allmulticast mode
[   34.056711] pimreg: entered allmulticast mode
[   34.081065] pimreg: entered allmulticast mode
[   34.105288] pimreg: left allmulticast mode
[   34.105657] pimreg: left allmulticast mode
[   34.105916] pimreg: left allmulticast mode
[   34.106168] pimreg: left allmulticast mode
[   34.106908] pimreg: left allmulticast mode
[   34.107231] pimreg: left allmulticast mode
[   34.107540] pimreg: left allmulticast mode
[   34.107910] pimreg: left allmulticast mode
[   34.108618] pimreg: left allmulticast mode
[   34.122432] pimreg: entered allmulticast mode
[   34.155929] pimreg: entered allmulticast mode
[   34.184996] pimreg: entered allmulticast mode
[   34.208657] pimreg: entered allmulticast mode
[   34.244896] pimreg: entered allmulticast mode
[   34.280640] pimreg: entered allmulticast mode
[   34.316145] pimreg: entered allmulticast mode
[   34.340851] pimreg: entered allmulticast mode
[   34.369161] pimreg: entered allmulticast mode
[   34.373902] pimreg: left allmulticast mode
[   34.374260] pimreg: left allmulticast mode
[   34.374564] pimreg: left allmulticast mode
[   34.374841] pimreg: left allmulticast mode
[   34.375101] pimreg: left allmulticast mode
[   34.375358] pimreg: left allmulticast mode
[   34.375705] pimreg: left allmulticast mode
[   34.376050] pimreg: left allmulticast mode
[   34.392912] pimreg: entered allmulticast mode
[   34.421334] pimreg: entered allmulticast mode
[   34.446102] pimreg: entered allmulticast mode
[   34.470628] pimreg: entered allmulticast mode
[   34.492720] pimreg: entered allmulticast mode
[   34.516619] pimreg: entered allmulticast mode
[   34.540642] pimreg: entered allmulticast mode
[   34.557315] pimreg: left allmulticast mode
[   34.557858] pimreg: left allmulticast mode
[   34.558136] pimreg: left allmulticast mode
[   34.558394] pimreg: left allmulticast mode
[   34.558712] pimreg: left allmulticast mode
[   34.559006] pimreg: left allmulticast mode
[   34.559305] pimreg: left allmulticast mode
[   34.559615] pimreg: left allmulticast mode
[   34.573077] pimreg: entered allmulticast mode
[   34.597063] pimreg: entered allmulticast mode
[   34.613659] pimreg: entered allmulticast mode
[   34.628104] pimreg: entered allmulticast mode
[   34.644743] pimreg: entered allmulticast mode
[   34.672638] pimreg: entered allmulticast mode
[   34.704571] pimreg: entered allmulticast mode
[   34.728826] pimreg: entered allmulticast mode
[   34.752541] pimreg: entered allmulticast mode
[   34.777106] pimreg: left allmulticast mode
[   34.777459] pimreg: left allmulticast mode
[   34.777730] pimreg: left allmulticast mode
[   34.778026] pimreg: left allmulticast mode
[   34.778351] pimreg: left allmulticast mode
[   34.779276] pimreg: left allmulticast mode
[   34.779622] pimreg: left allmulticast mode
[   34.779930] pimreg: left allmulticast mode
[   34.780541] pimreg: left allmulticast mode
[   34.794332] pimreg: entered allmulticast mode
[   34.825489] pimreg: entered allmulticast mode
[   34.836449] pimreg: entered allmulticast mode
[   34.855454] pimreg: entered allmulticast mode
[   34.881004] pimreg: entered allmulticast mode
[   34.904597] pimreg: entered allmulticast mode
[   34.928733] pimreg: entered allmulticast mode
[   34.952425] pimreg: entered allmulticast mode
[   34.977209] pimreg: entered allmulticast mode
[   34.997256] pimreg: left allmulticast mode
[   34.997629] pimreg: left allmulticast mode
[   34.997910] pimreg: left allmulticast mode
[   34.998171] pimreg: left allmulticast mode
[   34.999917] pimreg: left allmulticast mode
[   35.000326] pimreg: left allmulticast mode
[   35.000608] pimreg: left allmulticast mode
[   35.000877] pimreg: left allmulticast mode
[   35.001133] pimreg: left allmulticast mode
[   35.014619] pimreg: entered allmulticast mode
[   35.039180] pimreg: entered allmulticast mode
[   35.053229] pimreg: entered allmulticast mode
[   35.073645] pimreg: entered allmulticast mode
[   35.088202] pimreg: entered allmulticast mode
[   35.107347] pimreg: entered allmulticast mode
[   35.123704] pimreg: entered allmulticast mode
[   35.148106] pimreg: entered allmulticast mode
[   35.172173] pimreg: entered allmulticast mode
[   35.196744] pimreg: entered allmulticast mode
[   35.201401] pimreg: left allmulticast mode
[   35.201799] pimreg: left allmulticast mode
[   35.202098] pimreg: left allmulticast mode
[   35.202383] pimreg: left allmulticast mode
[   35.202674] pimreg: left allmulticast mode
[   35.202964] pimreg: left allmulticast mode
[   35.203258] pimreg: left allmulticast mode
[   35.203889] pimreg: left allmulticast mode
[   35.204173] pimreg: left allmulticast mode
[   35.204853] pimreg: left allmulticast mode
[   35.220447] pimreg: entered allmulticast mode
[   35.242967] pimreg: entered allmulticast mode
[   35.264072] pimreg: entered allmulticast mode
[   35.284701] pimreg: entered allmulticast mode
[   35.308570] pimreg: entered allmulticast mode
[   35.331908] pimreg: entered allmulticast mode
[   35.356692] pimreg: entered allmulticast mode
[   35.380868] pimreg: entered allmulticast mode
[   35.405207] pimreg: entered allmulticast mode
[   35.429199] pimreg: entered allmulticast mode
[   35.433615] pimreg: left allmulticast mode
[   35.433969] pimreg: left allmulticast mode
[   35.434231] pimreg: left allmulticast mode
[   35.434482] pimreg: left allmulticast mode
[   35.434773] pimreg: left allmulticast mode
[   35.435450] pimreg: left allmulticast mode
[   35.435779] pimreg: left allmulticast mode
[   35.436088] pimreg: left allmulticast mode
[   35.436748] pimreg: left allmulticast mode
[   35.437062] pimreg: left allmulticast mode
[   35.453784] pimreg: entered allmulticast mode
[   35.475709] pimreg: entered allmulticast mode
[   35.501732] pimreg: entered allmulticast mode
[   35.525336] pimreg: entered allmulticast mode
[   35.545377] pimreg: entered allmulticast mode
[   35.564726] pimreg: entered allmulticast mode
[   35.588790] pimreg: entered allmulticast mode
[   35.612786] pimreg: entered allmulticast mode
[   35.637275] pimreg: entered allmulticast mode
[   35.643213] pimreg: left allmulticast mode
[   35.644798] pimreg: left allmulticast mode
[   35.645124] pimreg: left allmulticast mode
[   35.645398] pimreg: left allmulticast mode
[   35.645684] pimreg: left allmulticast mode
[   35.645942] pimreg: left allmulticast mode
[   35.646214] pimreg: left allmulticast mode
[   35.646475] pimreg: left allmulticast mode
[   35.646735] pimreg: left allmulticast mode
[   35.661306] pimreg: entered allmulticast mode
[   35.690052] pimreg: entered allmulticast mode
[   35.723645] pimreg: entered allmulticast mode
[   35.744701] pimreg: entered allmulticast mode
[   35.769197] pimreg: entered allmulticast mode
[   35.792831] pimreg: entered allmulticast mode
[   35.820736] pimreg: entered allmulticast mode
[   35.864774] pimreg: entered allmulticast mode
[   35.905124] pimreg: entered allmulticast mode
[   35.937779] pimreg: left allmulticast mode
[   35.938110] pimreg: left allmulticast mode
[   35.938452] pimreg: left allmulticast mode
[   35.938826] pimreg: left allmulticast mode
[   35.939205] pimreg: left allmulticast mode
[   35.939562] pimreg: left allmulticast mode
[   35.939922] pimreg: left allmulticast mode
[   35.940629] pimreg: left allmulticast mode
[   35.940967] pimreg: left allmulticast mode
[   35.955067] pimreg: entered allmulticast mode
[   35.995149] pimreg: entered allmulticast mode
[   36.014926] pimreg: entered allmulticast mode
[   36.040415] pimreg: entered allmulticast mode
[   36.061684] pimreg: entered allmulticast mode
[   36.080693] pimreg: entered allmulticast mode
[   36.104934] pimreg: entered allmulticast mode
[   36.128661] pimreg: entered allmulticast mode
[   36.148566] pimreg: entered allmulticast mode
[   36.169209] pimreg: left allmulticast mode
[   36.169582] pimreg: left allmulticast mode
[   36.169852] pimreg: left allmulticast mode
[   36.170331] pimreg: left allmulticast mode
[   36.171023] pimreg: left allmulticast mode
[   36.171322] pimreg: left allmulticast mode
[   36.171607] pimreg: left allmulticast mode
[   36.171865] pimreg: left allmulticast mode
[   36.172251] pimreg: left allmulticast mode
[   36.186191] pimreg: entered allmulticast mode
[   36.209346] pimreg: entered allmulticast mode
[   36.233688] pimreg: entered allmulticast mode
[   36.257632] pimreg: entered allmulticast mode
[   36.280583] pimreg: entered allmulticast mode
[   36.300609] pimreg: entered allmulticast mode
[   36.320564] pimreg: entered allmulticast mode
[   36.344693] pimreg: entered allmulticast mode
[   36.364599] pimreg: entered allmulticast mode
[   36.370151] pimreg: left allmulticast mode
[   36.370542] pimreg: left allmulticast mode
[   36.370808] pimreg: left allmulticast mode
[   36.371129] pimreg: left allmulticast mode
[   36.371429] pimreg: left allmulticast mode
[   36.371743] pimreg: left allmulticast mode
[   36.372045] pimreg: left allmulticast mode
[   36.372388] pimreg: left allmulticast mode
[   36.392879] pimreg: entered allmulticast mode
[   36.410174] pimreg: entered allmulticast mode
[   36.430416] pimreg: entered allmulticast mode
[   36.457455] pimreg: entered allmulticast mode
[   36.496755] pimreg: entered allmulticast mode
[   36.521197] pimreg: entered allmulticast mode
[   36.544703] pimreg: entered allmulticast mode
[   36.568776] pimreg: entered allmulticast mode
[   36.592953] pimreg: entered allmulticast mode
[   36.598014] pimreg: left allmulticast mode
[   36.598386] pimreg: left allmulticast mode
[   36.598676] pimreg: left allmulticast mode
[   36.598936] pimreg: left allmulticast mode
[   36.599188] pimreg: left allmulticast mode
[   36.599498] pimreg: left allmulticast mode
[   36.599802] pimreg: left allmulticast mode
[   36.600102] pimreg: left allmulticast mode
[   36.600476] pimreg: left allmulticast mode
[   36.620817] pimreg: entered allmulticast mode
[   36.643500] pimreg: entered allmulticast mode
[   36.669312] pimreg: entered allmulticast mode
[   36.692880] pimreg: entered allmulticast mode
[   36.721442] pimreg: entered allmulticast mode
[   36.740685] pimreg: entered allmulticast mode
[   36.761261] pimreg: entered allmulticast mode
[   36.785863] pimreg: entered allmulticast mode
[   36.789361] pimreg: left allmulticast mode
[   36.789728] pimreg: left allmulticast mode
[   36.790002] pimreg: left allmulticast mode
[   36.790261] pimreg: left allmulticast mode
[   36.790746] pimreg: left allmulticast mode
[   36.791250] pimreg: left allmulticast mode
[   36.791556] pimreg: left allmulticast mode
[   36.792561] pimreg: left allmulticast mode
[   36.792853] pimreg: left allmulticast mode
[   36.808164] pimreg: entered allmulticast mode
[   36.830143] pimreg: entered allmulticast mode
[   36.856343] pimreg: entered allmulticast mode
[   36.885465] pimreg: entered allmulticast mode
[   36.924801] pimreg: entered allmulticast mode
[   36.961081] pimreg: entered allmulticast mode
[   36.984878] pimreg: entered allmulticast mode
[   37.008857] pimreg: entered allmulticast mode
[   37.032149] pimreg: entered allmulticast mode
[   37.045195] pimreg: left allmulticast mode
[   37.045547] pimreg: left allmulticast mode
[   37.045805] pimreg: left allmulticast mode
[   37.046054] pimreg: left allmulticast mode
[   37.046366] pimreg: left allmulticast mode
[   37.046673] pimreg: left allmulticast mode
[   37.046962] pimreg: left allmulticast mode
[   37.047252] pimreg: left allmulticast mode
[   37.047551] pimreg: left allmulticast mode
[   37.062782] pimreg: entered allmulticast mode
[   37.093850] pimreg: entered allmulticast mode
[   37.118807] pimreg: entered allmulticast mode
[   37.137570] pimreg: entered allmulticast mode
[   37.156563] pimreg: entered allmulticast mode
[   37.181085] pimreg: entered allmulticast mode
[   37.200563] pimreg: entered allmulticast mode
[   37.220699] pimreg: entered allmulticast mode
[   37.241360] pimreg: entered allmulticast mode
[   37.261254] pimreg: left allmulticast mode
[   37.261626] pimreg: left allmulticast mode
[   37.261884] pimreg: left allmulticast mode
[   37.262152] pimreg: left allmulticast mode
[   37.262633] pimreg: left allmulticast mode
[   37.263032] pimreg: left allmulticast mode
[   37.263341] pimreg: left allmulticast mode
[   37.263651] pimreg: left allmulticast mode
[   37.263942] pimreg: left allmulticast mode
[   37.277825] pimreg: entered allmulticast mode
[   37.300780] pimreg: entered allmulticast mode
[   37.326225] pimreg: entered allmulticast mode
[   37.349126] pimreg: entered allmulticast mode
[   37.372772] pimreg: entered allmulticast mode
[   37.396549] pimreg: entered allmulticast mode
[   37.421091] pimreg: entered allmulticast mode
[   37.444793] pimreg: entered allmulticast mode
[   37.465380] pimreg: entered allmulticast mode
[   37.465753] pimreg: left allmulticast mode
[   37.466083] pimreg: left allmulticast mode
[   37.466337] pimreg: left allmulticast mode
[   37.466662] pimreg: left allmulticast mode
[   37.466972] pimreg: left allmulticast mode
[   37.467275] pimreg: left allmulticast mode
[   37.467592] pimreg: left allmulticast mode
[   37.467887] pimreg: left allmulticast mode
[   37.482608] pimreg: entered allmulticast mode
[   37.517687] pimreg: entered allmulticast mode
[   37.531187] pimreg: entered allmulticast mode
[   37.549252] pimreg: entered allmulticast mode
[   37.572859] pimreg: entered allmulticast mode
[   37.596564] pimreg: entered allmulticast mode
[   37.617834] pimreg: entered allmulticast mode
[   37.640425] pimreg: entered allmulticast mode
[   37.661547] pimreg: entered allmulticast mode
[   37.661899] pimreg: left allmulticast mode
[   37.662228] pimreg: left allmulticast mode
[   37.662501] pimreg: left allmulticast mode
[   37.662808] pimreg: left allmulticast mode
[   37.663108] pimreg: left allmulticast mode
[   37.663401] pimreg: left allmulticast mode
[   37.663689] pimreg: left allmulticast mode
[   37.664006] pimreg: left allmulticast mode
[   37.664347] pimreg: left allmulticast mode
[   37.664671] pimreg: left allmulticast mode
[   37.683250] pimreg: entered allmulticast mode
[   37.710812] pimreg: entered allmulticast mode
[   37.730082] pimreg: entered allmulticast mode
[   37.753480] pimreg: entered allmulticast mode
[   37.772771] pimreg: entered allmulticast mode
[   37.796509] pimreg: entered allmulticast mode
[   37.836073] pimreg: entered allmulticast mode
[   37.865353] pimreg: entered allmulticast mode
[   37.893199] pimreg: entered allmulticast mode
[   37.912055] pimreg: entered allmulticast mode
[   37.917259] pimreg: left allmulticast mode
[   37.917624] pimreg: left allmulticast mode
[   37.917925] pimreg: left allmulticast mode
[   37.918222] pimreg: left allmulticast mode
[   37.918502] pimreg: left allmulticast mode
[   37.919086] pimreg: left allmulticast mode
[   37.919435] pimreg: left allmulticast mode
[   37.919748] pimreg: left allmulticast mode
[   37.920032] pimreg: left allmulticast mode
[   37.934375] pimreg: entered allmulticast mode
[   37.963058] pimreg: entered allmulticast mode
[   37.973529] pimreg: entered allmulticast mode
[   37.997197] pimreg: entered allmulticast mode
[   38.012560] pimreg: entered allmulticast mode
[   38.033678] pimreg: entered allmulticast mode
[   38.053140] pimreg: entered allmulticast mode
[   38.076762] pimreg: entered allmulticast mode
[   38.100700] pimreg: entered allmulticast mode
[   38.121187] pimreg: left allmulticast mode
[   38.121567] pimreg: left allmulticast mode
[   38.121833] pimreg: left allmulticast mode
[   38.122093] pimreg: left allmulticast mode
[   38.122529] pimreg: left allmulticast mode
[   38.123213] pimreg: left allmulticast mode
[   38.123551] pimreg: left allmulticast mode
[   38.123868] pimreg: left allmulticast mode
[   38.124161] pimreg: left allmulticast mode
[   38.124540] pimreg: left allmulticast mode
[   38.139702] pimreg: entered allmulticast mode
[   38.163723] pimreg: entered allmulticast mode
[   38.195924] pimreg: entered allmulticast mode
[   38.218514] pimreg: entered allmulticast mode
[   38.236366] pimreg: entered allmulticast mode
[   38.256303] pimreg: entered allmulticast mode
[   38.281350] pimreg: entered allmulticast mode
[   38.297077] pimreg: left allmulticast mode
[   38.297385] pimreg: left allmulticast mode
[   38.297651] pimreg: left allmulticast mode
[   38.297914] pimreg: left allmulticast mode
[   38.298159] pimreg: left allmulticast mode
[   38.298881] pimreg: left allmulticast mode
[   38.299246] pimreg: left allmulticast mode
[   38.310485] pimreg: entered allmulticast mode
[   38.353183] pimreg: entered allmulticast mode
[   38.386623] pimreg: entered allmulticast mode
[   38.412666] pimreg: entered allmulticast mode
[   38.432672] pimreg: entered allmulticast mode
[   38.453268] pimreg: entered allmulticast mode
[   38.465363] pimreg: entered allmulticast mode
[   38.480453] pimreg: entered allmulticast mode
[   38.485711] pimreg: left allmulticast mode
[   38.486674] pimreg: left allmulticast mode
[   38.487632] pimreg: left allmulticast mode
[   38.487911] pimreg: left allmulticast mode
[   38.488516] pimreg: left allmulticast mode
[   38.488789] pimreg: left allmulticast mode
[   38.489047] pimreg: left allmulticast mode
[   38.489818] pimreg: left allmulticast mode
[   38.505055] pimreg: entered allmulticast mode
[   38.526035] pimreg: entered allmulticast mode
[   38.549380] pimreg: entered allmulticast mode
[   38.581585] pimreg: entered allmulticast mode
[   38.605260] pimreg: entered allmulticast mode
[   38.625017] pimreg: entered allmulticast mode
[   38.645367] pimreg: entered allmulticast mode
[   38.665506] pimreg: entered allmulticast mode
[   38.681587] pimreg: left allmulticast mode
[   38.681898] pimreg: left allmulticast mode
[   38.682149] pimreg: left allmulticast mode
[   38.682410] pimreg: left allmulticast mode
[   38.682715] pimreg: left allmulticast mode
[   38.683128] pimreg: left allmulticast mode
[   38.683440] pimreg: left allmulticast mode
[   38.683735] pimreg: left allmulticast mode
[   38.696933] pimreg: entered allmulticast mode
[   38.717710] pimreg: entered allmulticast mode
[   38.732148] pimreg: entered allmulticast mode
[   38.748508] pimreg: entered allmulticast mode
[   38.761322] pimreg: entered allmulticast mode
[   38.792746] pimreg: entered allmulticast mode
[   38.845534] pimreg: left allmulticast mode
[   38.845871] pimreg: left allmulticast mode
[   38.846181] pimreg: left allmulticast mode
[   38.846503] pimreg: left allmulticast mode
[   38.846819] pimreg: left allmulticast mode
[   38.847228] pimreg: left allmulticast mode
[   38.857515] pimreg: entered allmulticast mode
[   38.875047] pimreg: entered allmulticast mode
[   38.890707] pimreg: entered allmulticast mode
[   38.914427] pimreg: entered allmulticast mode
[   38.928394] pimreg: entered allmulticast mode
[   38.948981] pimreg: entered allmulticast mode
[   38.968465] pimreg: entered allmulticast mode
[   38.977437] pimreg: left allmulticast mode
[   38.977767] pimreg: left allmulticast mode
[   38.978019] pimreg: left allmulticast mode
[   38.978280] pimreg: left allmulticast mode
[   38.978592] pimreg: left allmulticast mode
[   38.978881] pimreg: left allmulticast mode
[   38.979181] pimreg: left allmulticast mode
[   38.992852] pimreg: entered allmulticast mode
[   39.025169] pimreg: entered allmulticast mode
[   39.052443] pimreg: entered allmulticast mode
[   39.076521] pimreg: entered allmulticast mode
[   39.104137] pimreg: entered allmulticast mode
[   39.124042] pimreg: entered allmulticast mode
[   39.148302] pimreg: entered allmulticast mode
[   39.177104] pimreg: left allmulticast mode
[   39.177461] pimreg: left allmulticast mode
[   39.177720] pimreg: left allmulticast mode
[   39.178030] pimreg: left allmulticast mode
[   39.178336] pimreg: left allmulticast mode
[   39.179907] pimreg: left allmulticast mode
[   39.180397] pimreg: left allmulticast mode
[   39.192078] pimreg: entered allmulticast mode
[   39.216820] pimreg: entered allmulticast mode
[   39.240900] pimreg: entered allmulticast mode
[   39.268901] pimreg: entered allmulticast mode
[   39.288441] pimreg: entered allmulticast mode
[   39.332463] pimreg: entered allmulticast mode
[   39.352864] pimreg: entered allmulticast mode
[   39.376854] pimreg: entered allmulticast mode
[   39.389922] pimreg: left allmulticast mode
[   39.390250] pimreg: left allmulticast mode
[   39.390521] pimreg: left allmulticast mode
[   39.390769] pimreg: left allmulticast mode
[   39.391052] pimreg: left allmulticast mode
[   39.391331] pimreg: left allmulticast mode
[   39.391627] pimreg: left allmulticast mode
[   39.391915] pimreg: left allmulticast mode
[   39.406314] pimreg: entered allmulticast mode
[   39.433607] pimreg: entered allmulticast mode
[   39.448410] pimreg: entered allmulticast mode
[   39.469590] pimreg: entered allmulticast mode
[   39.484538] pimreg: entered allmulticast mode
[   39.508105] pimreg: entered allmulticast mode
[   39.531906] pimreg: entered allmulticast mode
[   39.557635] pimreg: entered allmulticast mode
[   39.573268] pimreg: left allmulticast mode
[   39.573641] pimreg: left allmulticast mode
[   39.573896] pimreg: left allmulticast mode
[   39.574192] pimreg: left allmulticast mode
[   39.574523] pimreg: left allmulticast mode
[   39.575216] pimreg: left allmulticast mode
[   39.575601] pimreg: left allmulticast mode
[   39.575895] pimreg: left allmulticast mode
[   39.588888] pimreg: entered allmulticast mode
[   39.610222] pimreg: entered allmulticast mode
[   39.624598] pimreg: entered allmulticast mode
[   39.645407] pimreg: entered allmulticast mode
[   39.664651] pimreg: entered allmulticast mode
[   39.684645] pimreg: entered allmulticast mode
[   39.704588] pimreg: entered allmulticast mode
[   39.725013] pimreg: entered allmulticast mode
[   39.745119] pimreg: left allmulticast mode
[   39.745481] pimreg: left allmulticast mode
[   39.745737] pimreg: left allmulticast mode
[   39.746305] pimreg: left allmulticast mode
[   39.746742] pimreg: left allmulticast mode
[   39.747059] pimreg: left allmulticast mode
[   39.747379] pimreg: left allmulticast mode
[   39.747688] pimreg: left allmulticast mode
[   39.761038] pimreg: entered allmulticast mode
[   39.782590] pimreg: entered allmulticast mode
[   39.802249] pimreg: entered allmulticast mode
[   39.821008] pimreg: entered allmulticast mode
[   39.845009] pimreg: entered allmulticast mode
[   39.864587] pimreg: entered allmulticast mode
[   39.878739] pimreg: entered allmulticast mode
[   39.888897] pimreg: left allmulticast mode
[   39.889249] pimreg: left allmulticast mode
[   39.889521] pimreg: left allmulticast mode
[   39.889829] pimreg: left allmulticast mode
[   39.890129] pimreg: left allmulticast mode
[   39.890433] pimreg: left allmulticast mode
[   39.891010] pimreg: left allmulticast mode
[   39.903841] pimreg: entered allmulticast mode
[   39.927648] pimreg: entered allmulticast mode
[   39.965360] pimreg: entered allmulticast mode
[   39.988667] pimreg: entered allmulticast mode
[   40.016699] pimreg: entered allmulticast mode
[   40.040600] pimreg: entered allmulticast mode
[   40.060711] pimreg: entered allmulticast mode
[   40.085370] pimreg: entered allmulticast mode
[   40.111867] pimreg: entered allmulticast mode
[   40.117371] pimreg: left allmulticast mode
[   40.117700] pimreg: left allmulticast mode
[   40.117959] pimreg: left allmulticast mode
[   40.118210] pimreg: left allmulticast mode
[   40.118474] pimreg: left allmulticast mode
[   40.119434] pimreg: left allmulticast mode
[   40.119710] pimreg: left allmulticast mode
[   40.119966] pimreg: left allmulticast mode
[   40.136182] pimreg: entered allmulticast mode
[   40.157589] pimreg: entered allmulticast mode
[   40.186646] pimreg: entered allmulticast mode
[   40.205230] pimreg: entered allmulticast mode
[   40.228708] pimreg: entered allmulticast mode
[   40.252869] pimreg: entered allmulticast mode
[   40.280647] pimreg: entered allmulticast mode
[   40.308188] pimreg: entered allmulticast mode
[   40.333082] pimreg: entered allmulticast mode
[   40.337418] pimreg: left allmulticast mode
[   40.337761] pimreg: left allmulticast mode
[   40.338036] pimreg: left allmulticast mode
[   40.338282] pimreg: left allmulticast mode
[   40.338584] pimreg: left allmulticast mode
[   40.339538] pimreg: left allmulticast mode
[   40.340179] pimreg: left allmulticast mode
[   40.340603] pimreg: left allmulticast mode
[   40.340923] pimreg: left allmulticast mode
[   40.341223] pimreg: left allmulticast mode
[   40.357667] pimreg: entered allmulticast mode
[   40.384450] pimreg: entered allmulticast mode
[   40.400490] pimreg: entered allmulticast mode
[   40.420551] pimreg: entered allmulticast mode
[   40.444581] pimreg: entered allmulticast mode
[   40.472372] pimreg: entered allmulticast mode
[   40.508575] pimreg: entered allmulticast mode
[   40.532686] pimreg: entered allmulticast mode
[   40.560479] pimreg: entered allmulticast mode
[   40.588398] pimreg: entered allmulticast mode
[   40.593552] pimreg: left allmulticast mode
[   40.593907] pimreg: left allmulticast mode
[   40.594181] pimreg: left allmulticast mode
[   40.594473] pimreg: left allmulticast mode
[   40.594732] pimreg: left allmulticast mode
[   40.594989] pimreg: left allmulticast mode
[   40.595240] pimreg: left allmulticast mode
[   40.595552] pimreg: left allmulticast mode
[   40.595868] pimreg: left allmulticast mode
[   40.612722] pimreg: entered allmulticast mode
[   40.638674] pimreg: entered allmulticast mode
[   40.657539] pimreg: entered allmulticast mode
[   40.681025] pimreg: entered allmulticast mode
[   40.704285] pimreg: entered allmulticast mode
[   40.760729] pimreg: entered allmulticast mode
[   40.788355] pimreg: entered allmulticast mode
[   40.820611] pimreg: entered allmulticast mode
[   40.848601] pimreg: entered allmulticast mode
[   40.873613] pimreg: left allmulticast mode
[   40.874101] pimreg: left allmulticast mode
[   40.874455] pimreg: left allmulticast mode
[   40.874836] pimreg: left allmulticast mode
[   40.875670] pimreg: left allmulticast mode
[   40.876049] pimreg: left allmulticast mode
[   40.876791] pimreg: left allmulticast mode
[   40.877150] pimreg: left allmulticast mode
[   40.877520] pimreg: left allmulticast mode
[   40.877867] pimreg: left allmulticast mode
[   40.893348] pimreg: entered allmulticast mode
[   40.921163] pimreg: entered allmulticast mode
[   40.937161] pimreg: entered allmulticast mode
[   40.949402] pimreg: entered allmulticast mode
[   40.973085] pimreg: entered allmulticast mode
[   41.012754] pimreg: entered allmulticast mode
[   41.041315] pimreg: entered allmulticast mode
[   41.068449] pimreg: entered allmulticast mode
[   41.112389] pimreg: entered allmulticast mode
[   41.136640] pimreg: entered allmulticast mode
[   41.141596] pimreg: left allmulticast mode
[   41.142185] pimreg: left allmulticast mode
[   41.142493] pimreg: left allmulticast mode
[   41.142746] pimreg: left allmulticast mode
[   41.143046] pimreg: left allmulticast mode
[   41.143357] pimreg: left allmulticast mode
[   41.143652] pimreg: left allmulticast mode
[   41.143958] pimreg: left allmulticast mode
[   41.144331] pimreg: left allmulticast mode
[   41.160372] pimreg: entered allmulticast mode
[   41.190622] pimreg: entered allmulticast mode
[   41.220590] pimreg: entered allmulticast mode
[   41.234072] pimreg: entered allmulticast mode
[   41.261215] pimreg: entered allmulticast mode
[   41.292937] pimreg: entered allmulticast mode
[   41.317079] pimreg: entered allmulticast mode
[   41.336894] pimreg: entered allmulticast mode
[   41.365263] pimreg: entered allmulticast mode
[   41.365660] pimreg: left allmulticast mode
[   41.365986] pimreg: left allmulticast mode
[   41.366239] pimreg: left allmulticast mode
[   41.366835] pimreg: left allmulticast mode
[   41.367104] pimreg: left allmulticast mode
[   41.367378] pimreg: left allmulticast mode
[   41.367628] pimreg: left allmulticast mode
[   41.367935] pimreg: left allmulticast mode
[   41.368312] pimreg: left allmulticast mode
[   41.383689] pimreg: entered allmulticast mode
[   41.411583] pimreg: entered allmulticast mode
[   41.447084] pimreg: entered allmulticast mode
[   41.469626] pimreg: entered allmulticast mode
[   41.488915] pimreg: entered allmulticast mode
[   41.516679] pimreg: entered allmulticast mode
[   41.537080] pimreg: entered allmulticast mode
[   41.556635] pimreg: entered allmulticast mode
[   41.576700] pimreg: entered allmulticast mode
[   41.585213] pimreg: left allmulticast mode
[   41.585570] pimreg: left allmulticast mode
[   41.585822] pimreg: left allmulticast mode
[   41.586070] pimreg: left allmulticast mode
[   41.586393] pimreg: left allmulticast mode
[   41.586693] pimreg: left allmulticast mode
[   41.586980] pimreg: left allmulticast mode
[   41.587298] pimreg: left allmulticast mode
[   41.587591] pimreg: left allmulticast mode
[   41.587878] pimreg: left allmulticast mode
[   41.604502] pimreg: entered allmulticast mode
[   41.644439] pimreg: entered allmulticast mode
[   41.668561] pimreg: entered allmulticast mode
[   41.697360] pimreg: entered allmulticast mode
[   41.724700] pimreg: entered allmulticast mode
[   41.744948] pimreg: entered allmulticast mode
[   41.764507] pimreg: entered allmulticast mode
[   41.776641] pimreg: entered allmulticast mode
[   41.800189] pimreg: entered allmulticast mode
[   41.805526] pimreg: left allmulticast mode
[   41.806018] pimreg: left allmulticast mode
[   41.806402] pimreg: left allmulticast mode
[   41.806760] pimreg: left allmulticast mode
[   41.807089] pimreg: left allmulticast mode
[   41.807448] pimreg: left allmulticast mode
[   41.807783] pimreg: left allmulticast mode
[   41.808110] pimreg: left allmulticast mode
[   41.822207] pimreg: entered allmulticast mode
[   41.849188] pimreg: entered allmulticast mode
[   41.875374] pimreg: entered allmulticast mode
[   41.901114] pimreg: entered allmulticast mode
[   41.921378] pimreg: entered allmulticast mode
[   41.948460] pimreg: entered allmulticast mode
[   41.973196] pimreg: entered allmulticast mode
[   42.012406] pimreg: entered allmulticast mode
[   42.037225] pimreg: entered allmulticast mode
[   42.041303] pimreg: left allmulticast mode
[   42.041651] pimreg: left allmulticast mode
[   42.041947] pimreg: left allmulticast mode
[   42.042206] pimreg: left allmulticast mode
[   42.042479] pimreg: left allmulticast mode
[   42.042814] pimreg: left allmulticast mode
[   42.043142] pimreg: left allmulticast mode
[   42.043476] pimreg: left allmulticast mode
[   42.043795] pimreg: left allmulticast mode
[   42.060508] pimreg: entered allmulticast mode
[   42.097891] pimreg: entered allmulticast mode
[   42.130819] pimreg: entered allmulticast mode
[   42.153099] pimreg: entered allmulticast mode
[   42.176730] pimreg: entered allmulticast mode
[   42.200436] pimreg: entered allmulticast mode
[   42.220806] pimreg: entered allmulticast mode
[   42.248388] pimreg: entered allmulticast mode
[   42.272639] pimreg: entered allmulticast mode
[   42.285975] pimreg: left allmulticast mode
[   42.286611] pimreg: left allmulticast mode
[   42.286885] pimreg: left allmulticast mode
[   42.287152] pimreg: left allmulticast mode
[   42.287494] pimreg: left allmulticast mode
[   42.287827] pimreg: left allmulticast mode
[   42.288126] pimreg: left allmulticast mode
[   42.288484] pimreg: left allmulticast mode
[   42.288829] pimreg: left allmulticast mode
[   42.289194] pimreg: left allmulticast mode
[   42.305047] pimreg: entered allmulticast mode
[   42.327341] pimreg: entered allmulticast mode
[   42.355483] pimreg: entered allmulticast mode
[   42.381190] pimreg: entered allmulticast mode
[   42.405311] pimreg: entered allmulticast mode
[   42.428348] pimreg: entered allmulticast mode
[   42.449267] pimreg: entered allmulticast mode
[   42.473074] pimreg: entered allmulticast mode
[   42.500748] pimreg: entered allmulticast mode
[   42.524898] pimreg: entered allmulticast mode
[   42.529527] pimreg: left allmulticast mode
[   42.529887] pimreg: left allmulticast mode
[   42.530151] pimreg: left allmulticast mode
[   42.530419] pimreg: left allmulticast mode
[   42.530679] pimreg: left allmulticast mode
[   42.531228] pimreg: left allmulticast mode
[   42.531558] pimreg: left allmulticast mode
[   42.531846] pimreg: left allmulticast mode
[   42.532137] pimreg: left allmulticast mode
[   42.532826] pimreg: left allmulticast mode
[   42.549369] pimreg: entered allmulticast mode
[   42.570936] pimreg: entered allmulticast mode
[   42.592596] pimreg: entered allmulticast mode
[   42.620839] pimreg: entered allmulticast mode
[   42.644550] pimreg: entered allmulticast mode
[   42.672717] pimreg: entered allmulticast mode
[   42.715911] pimreg: entered allmulticast mode
[   42.756117] pimreg: entered allmulticast mode
[   42.780875] pimreg: entered allmulticast mode
[   42.807885] pimreg: entered allmulticast mode
[   42.813262] pimreg: left allmulticast mode
[   42.813566] pimreg: left allmulticast mode
[   42.813827] pimreg: left allmulticast mode
[   42.814111] pimreg: left allmulticast mode
[   42.814402] pimreg: left allmulticast mode
[   42.814678] pimreg: left allmulticast mode
[   42.814961] pimreg: left allmulticast mode
[   42.815273] pimreg: left allmulticast mode
[   42.815581] pimreg: left allmulticast mode
[   42.836187] pimreg: entered allmulticast mode
[   42.859870] pimreg: entered allmulticast mode
[   42.880091] pimreg: entered allmulticast mode
[   42.909618] pimreg: entered allmulticast mode
[   42.933029] pimreg: entered allmulticast mode
[   42.965520] pimreg: entered allmulticast mode
[   42.989173] pimreg: left allmulticast mode
[   42.989539] pimreg: left allmulticast mode
[   42.989807] pimreg: left allmulticast mode
[   42.990078] pimreg: left allmulticast mode
[   42.991354] pimreg: left allmulticast mode
[   42.991637] pimreg: left allmulticast mode
[   42.991887] pimreg: left allmulticast mode
[   43.003505] pimreg: entered allmulticast mode
[   43.033171] pimreg: entered allmulticast mode
[   43.062759] pimreg: entered allmulticast mode
[   43.077040] pimreg: entered allmulticast mode
[   43.100995] pimreg: entered allmulticast mode
[   43.124485] pimreg: entered allmulticast mode
[   43.148957] pimreg: entered allmulticast mode
[   43.176920] pimreg: entered allmulticast mode
[   43.204989] pimreg: left allmulticast mode
[   43.205499] pimreg: left allmulticast mode
[   43.205768] pimreg: left allmulticast mode
[   43.206018] pimreg: left allmulticast mode
[   43.206330] pimreg: left allmulticast mode
[   43.207949] pimreg: left allmulticast mode
[   43.208816] pimreg: left allmulticast mode
[   43.209201] pimreg: left allmulticast mode
[   43.221522] pimreg: entered allmulticast mode
[   43.244139] pimreg: entered allmulticast mode
[   43.267789] pimreg: entered allmulticast mode
[   43.297967] pimreg: entered allmulticast mode
[   43.317105] pimreg: left allmulticast mode
[   43.317900] pimreg: left allmulticast mode
[   43.318234] pimreg: left allmulticast mode
[   43.318684] pimreg: left allmulticast mode
[   43.327593] pimreg: entered allmulticast mode
[   43.354350] pimreg: entered allmulticast mode
[   43.378005] pimreg: entered allmulticast mode
[   43.420999] pimreg: entered allmulticast mode
[   43.460790] pimreg: entered allmulticast mode
[   43.504189] pimreg: entered allmulticast mode
[   43.508828] pimreg: left allmulticast mode
[   43.509176] pimreg: left allmulticast mode
[   43.509463] pimreg: left allmulticast mode
[   43.509713] pimreg: left allmulticast mode
[   43.510020] pimreg: left allmulticast mode
[   43.528693] pimreg: entered allmulticast mode
[   43.554163] pimreg: entered allmulticast mode
[   43.576911] pimreg: entered allmulticast mode
[   43.596119] pimreg: entered allmulticast mode
[   43.616914] pimreg: entered allmulticast mode
[   43.644866] pimreg: entered allmulticast mode
[   43.645253] pimreg: left allmulticast mode
[   43.645570] pimreg: left allmulticast mode
[   43.645822] pimreg: left allmulticast mode
[   43.646138] pimreg: left allmulticast mode
[   43.646442] pimreg: left allmulticast mode
[   43.646723] pimreg: left allmulticast mode
[   43.657761] pimreg: entered allmulticast mode
[   43.676596] pimreg: entered allmulticast mode
[   43.710927] pimreg: entered allmulticast mode
[   43.733035] pimreg: entered allmulticast mode
[   43.760763] pimreg: entered allmulticast mode
[   43.780846] pimreg: entered allmulticast mode
[   43.808482] pimreg: entered allmulticast mode
[   43.833331] pimreg: left allmulticast mode
[   43.833674] pimreg: left allmulticast mode
[   43.834256] pimreg: left allmulticast mode
[   43.834884] pimreg: left allmulticast mode
[   43.835173] pimreg: left allmulticast mode
[   43.835445] pimreg: left allmulticast mode
[   43.835694] pimreg: left allmulticast mode
[   43.835994] pimreg: left allmulticast mode
[   43.849334] pimreg: entered allmulticast mode
[   43.889702] pimreg: entered allmulticast mode
[   43.915321] pimreg: entered allmulticast mode
[   43.948764] pimreg: entered allmulticast mode
[   43.984554] pimreg: entered allmulticast mode
[   44.032850] pimreg: entered allmulticast mode
[   44.060987] pimreg: entered allmulticast mode
[   44.080858] pimreg: entered allmulticast mode
[   44.105790] pimreg: entered allmulticast mode
[   44.106197] pimreg: left allmulticast mode
[   44.106557] pimreg: left allmulticast mode
[   44.106821] pimreg: left allmulticast mode
[   44.107089] pimreg: left allmulticast mode
[   44.107357] pimreg: left allmulticast mode
[   44.107657] pimreg: left allmulticast mode
[   44.107961] pimreg: left allmulticast mode
[   44.108322] pimreg: left allmulticast mode
[   44.123093] pimreg: entered allmulticast mode
[   44.165589] pimreg: entered allmulticast mode
[   44.194799] pimreg: entered allmulticast mode
[   44.220356] pimreg: entered allmulticast mode
[   44.260700] pimreg: entered allmulticast mode
[   44.292615] pimreg: entered allmulticast mode
[   44.320486] pimreg: entered allmulticast mode
[   44.376582] pimreg: entered allmulticast mode
[   44.409931] pimreg: left allmulticast mode
[   44.410285] pimreg: left allmulticast mode
[   44.410579] pimreg: left allmulticast mode
[   44.410837] pimreg: left allmulticast mode
[   44.411091] pimreg: left allmulticast mode
[   44.411453] pimreg: left allmulticast mode
[   44.411809] pimreg: left allmulticast mode
[   44.412134] pimreg: left allmulticast mode
[   44.412548] pimreg: left allmulticast mode
[   44.426545] pimreg: entered allmulticast mode
[   44.453151] pimreg: entered allmulticast mode
[   44.467548] pimreg: entered allmulticast mode
[   44.493183] pimreg: entered allmulticast mode
[   44.516854] pimreg: entered allmulticast mode
[   44.540118] pimreg: entered allmulticast mode
[   44.564276] pimreg: entered allmulticast mode
[   44.588576] pimreg: entered allmulticast mode
[   44.616748] pimreg: entered allmulticast mode
[   44.630109] pimreg: left allmulticast mode
[   44.630761] pimreg: left allmulticast mode
[   44.631058] pimreg: left allmulticast mode
[   44.631403] pimreg: left allmulticast mode
[   44.631750] pimreg: left allmulticast mode
[   44.632116] pimreg: left allmulticast mode
[   44.632525] pimreg: left allmulticast mode
[   44.632868] pimreg: left allmulticast mode
[   44.633233] pimreg: left allmulticast mode
[   44.648800] pimreg: entered allmulticast mode
[   44.684935] pimreg: entered allmulticast mode
[   44.715833] pimreg: entered allmulticast mode
[   44.740566] pimreg: entered allmulticast mode
[   44.766266] pimreg: entered allmulticast mode
[   44.792453] pimreg: entered allmulticast mode
[   44.820838] pimreg: entered allmulticast mode
[   44.853327] pimreg: entered allmulticast mode
[   44.872838] pimreg: entered allmulticast mode
[   44.873302] pimreg: left allmulticast mode
[   44.873655] pimreg: left allmulticast mode
[   44.873907] pimreg: left allmulticast mode
[   44.874242] pimreg: left allmulticast mode
[   44.874583] pimreg: left allmulticast mode
[   44.874965] pimreg: left allmulticast mode
[   44.875314] pimreg: left allmulticast mode
[   44.875675] pimreg: left allmulticast mode
[   44.889849] pimreg: entered allmulticast mode
[   44.917208] pimreg: entered allmulticast mode
[   44.937339] pimreg: entered allmulticast mode
[   44.981617] pimreg: entered allmulticast mode
[   45.008247] pimreg: entered allmulticast mode
[   45.036913] pimreg: entered allmulticast mode
[   45.056751] pimreg: entered allmulticast mode
[   45.084099] pimreg: entered allmulticast mode
[   45.089266] pimreg: left allmulticast mode
[   45.089596] pimreg: left allmulticast mode
[   45.089854] pimreg: left allmulticast mode
[   45.090623] pimreg: left allmulticast mode
[   45.091280] pimreg: left allmulticast mode
[   45.091557] pimreg: left allmulticast mode
[   45.091806] pimreg: left allmulticast mode
[   45.092085] pimreg: left allmulticast mode
[   45.092535] pimreg: left allmulticast mode
[   45.107500] pimreg: entered allmulticast mode
[   45.130853] pimreg: entered allmulticast mode
[   45.152318] pimreg: entered allmulticast mode
[   45.180616] pimreg: entered allmulticast mode
[   45.204508] pimreg: entered allmulticast mode
[   45.232326] pimreg: entered allmulticast mode
[   45.252703] pimreg: entered allmulticast mode
[   45.278096] pimreg: entered allmulticast mode
[   45.284774] pimreg: left allmulticast mode
[   45.285148] pimreg: left allmulticast mode
[   45.285409] pimreg: left allmulticast mode
[   45.285664] pimreg: left allmulticast mode
[   45.286882] pimreg: left allmulticast mode
[   45.287340] pimreg: left allmulticast mode
[   45.287643] pimreg: left allmulticast mode
[   45.287930] pimreg: left allmulticast mode
[   45.300913] pimreg: entered allmulticast mode
[   45.321337] pimreg: entered allmulticast mode
[   45.349689] pimreg: entered allmulticast mode
[   45.361577] pimreg: entered allmulticast mode
[   45.380932] pimreg: entered allmulticast mode
[   45.412657] pimreg: entered allmulticast mode
[   45.445182] pimreg: entered allmulticast mode
[   45.465358] pimreg: entered allmulticast mode
[   45.481077] pimreg: left allmulticast mode
[   45.482234] pimreg: left allmulticast mode
[   45.482815] pimreg: left allmulticast mode
[   45.483169] pimreg: left allmulticast mode
[   45.483482] pimreg: left allmulticast mode
[   45.483781] pimreg: left allmulticast mode
[   45.484101] pimreg: left allmulticast mode
[   45.484492] pimreg: left allmulticast mode
[   45.497082] pimreg: entered allmulticast mode
[   45.518615] pimreg: entered allmulticast mode
[   45.547485] pimreg: entered allmulticast mode
[   45.572545] pimreg: entered allmulticast mode
[   45.600654] pimreg: entered allmulticast mode
[   45.624686] pimreg: entered allmulticast mode
[   45.660610] pimreg: entered allmulticast mode
[   45.693268] pimreg: entered allmulticast mode
[   45.721489] pimreg: left allmulticast mode
[   45.721813] pimreg: left allmulticast mode
[   45.722087] pimreg: left allmulticast mode
[   45.722391] pimreg: left allmulticast mode
[   45.722679] pimreg: left allmulticast mode
[   45.722962] pimreg: left allmulticast mode
[   45.723276] pimreg: left allmulticast mode
[   45.723594] pimreg: left allmulticast mode
[   45.736693] pimreg: entered allmulticast mode
[   45.758492] pimreg: entered allmulticast mode
[   45.782596] pimreg: entered allmulticast mode
[   45.800977] pimreg: entered allmulticast mode
[   45.828438] pimreg: entered allmulticast mode
[   45.868605] pimreg: entered allmulticast mode
[   45.892408] pimreg: entered allmulticast mode
[   45.916415] pimreg: entered allmulticast mode
[   45.940530] pimreg: entered allmulticast mode
[   45.945596] pimreg: left allmulticast mode
[   45.946225] pimreg: left allmulticast mode
[   45.946498] pimreg: left allmulticast mode
[   45.946799] pimreg: left allmulticast mode
[   45.947091] pimreg: left allmulticast mode
[   45.947430] pimreg: left allmulticast mode
[   45.947723] pimreg: left allmulticast mode
[   45.948015] pimreg: left allmulticast mode
[   45.962334] pimreg: entered allmulticast mode
[   45.997266] pimreg: entered allmulticast mode
[   46.039130] pimreg: entered allmulticast mode
[   46.068744] pimreg: entered allmulticast mode
[   46.097354] pimreg: entered allmulticast mode
[   46.124389] pimreg: entered allmulticast mode
[   46.144667] pimreg: entered allmulticast mode
[   46.164842] pimreg: entered allmulticast mode
[   46.197724] pimreg: entered allmulticast mode
[   46.198130] pimreg: left allmulticast mode
[   46.198478] pimreg: left allmulticast mode
[   46.198740] pimreg: left allmulticast mode
[   46.199059] pimreg: left allmulticast mode
[   46.199364] pimreg: left allmulticast mode
[   46.199650] pimreg: left allmulticast mode
[   46.199939] pimreg: left allmulticast mode
[   46.200295] pimreg: left allmulticast mode
[   46.200608] pimreg: left allmulticast mode
[   46.215508] pimreg: entered allmulticast mode
[   46.245259] pimreg: entered allmulticast mode
[   46.268938] pimreg: entered allmulticast mode
[   46.281956] pimreg: entered allmulticast mode
[   46.304649] pimreg: entered allmulticast mode
[   46.340867] pimreg: entered allmulticast mode
[   46.360416] pimreg: entered allmulticast mode
[   46.385752] pimreg: entered allmulticast mode
[   46.405572] pimreg: left allmulticast mode
[   46.405940] pimreg: left allmulticast mode
[   46.406277] pimreg: left allmulticast mode
[   46.406585] pimreg: left allmulticast mode
[   46.406888] pimreg: left allmulticast mode
[   46.407189] pimreg: left allmulticast mode
[   46.407470] pimreg: left allmulticast mode
[   46.407759] pimreg: left allmulticast mode
[   46.408049] pimreg: left allmulticast mode
[   46.423186] pimreg: entered allmulticast mode
[   46.446841] pimreg: entered allmulticast mode
[   46.468977] pimreg: entered allmulticast mode
[   46.478581] pimreg: entered allmulticast mode
[   46.501458] pimreg: entered allmulticast mode
[   46.520651] pimreg: entered allmulticast mode
[   46.541317] pimreg: entered allmulticast mode
[   46.560509] pimreg: entered allmulticast mode
[   46.584757] pimreg: entered allmulticast mode
[   46.604647] pimreg: entered allmulticast mode
[   46.617537] pimreg: left allmulticast mode
[   46.617901] pimreg: left allmulticast mode
[   46.618237] pimreg: left allmulticast mode
[   46.618550] pimreg: left allmulticast mode
[   46.618842] pimreg: left allmulticast mode
[   46.619128] pimreg: left allmulticast mode
[   46.619414] pimreg: left allmulticast mode
[   46.619697] pimreg: left allmulticast mode
[   46.619970] pimreg: left allmulticast mode
[   46.620311] pimreg: left allmulticast mode
[   46.636987] pimreg: entered allmulticast mode
[   46.674648] pimreg: entered allmulticast mode
[   46.707210] pimreg: entered allmulticast mode
[   46.728150] pimreg: entered allmulticast mode
[   46.752375] pimreg: entered allmulticast mode
[   46.776362] pimreg: entered allmulticast mode
[   46.800570] pimreg: entered allmulticast mode
[   46.828978] pimreg: entered allmulticast mode
[   46.852902] pimreg: entered allmulticast mode
[   46.880899] pimreg: entered allmulticast mode
[   46.913106] pimreg: left allmulticast mode
[   46.913452] pimreg: left allmulticast mode
[   46.913850] pimreg: left allmulticast mode
[   46.914246] pimreg: left allmulticast mode
[   46.915814] pimreg: left allmulticast mode
[   46.916272] pimreg: left allmulticast mode
[   46.916638] pimreg: left allmulticast mode
[   46.916989] pimreg: left allmulticast mode
[   46.917308] pimreg: left allmulticast mode
[   46.917635] pimreg: left allmulticast mode
[   46.932752] pimreg: entered allmulticast mode
[   46.962287] pimreg: entered allmulticast mode
[   46.973544] pimreg: entered allmulticast mode
[   46.993241] pimreg: entered allmulticast mode
[   47.012622] pimreg: entered allmulticast mode
[   47.032373] pimreg: entered allmulticast mode
[   47.061885] pimreg: entered allmulticast mode
[   47.100578] pimreg: entered allmulticast mode
[   47.125425] pimreg: entered allmulticast mode
[   47.161144] pimreg: entered allmulticast mode
[   47.174375] pimreg: left allmulticast mode
[   47.174745] pimreg: left allmulticast mode
[   47.175056] pimreg: left allmulticast mode
[   47.175333] pimreg: left allmulticast mode
[   47.175672] pimreg: left allmulticast mode
[   47.176007] pimreg: left allmulticast mode
[   47.176415] pimreg: left allmulticast mode
[   47.176781] pimreg: left allmulticast mode
[   47.177163] pimreg: left allmulticast mode
[   47.177498] pimreg: left allmulticast mode
[   47.193675] pimreg: entered allmulticast mode
[   47.223534] pimreg: entered allmulticast mode
[   47.252676] pimreg: entered allmulticast mode
[   47.277833] pimreg: entered allmulticast mode
[   47.292917] pimreg: entered allmulticast mode
[   47.320667] pimreg: entered allmulticast mode
[   47.353300] pimreg: entered allmulticast mode
[   47.372527] pimreg: entered allmulticast mode
[   47.392913] pimreg: entered allmulticast mode
[   47.417289] pimreg: entered allmulticast mode
[   47.417679] pimreg: left allmulticast mode
[   47.417996] pimreg: left allmulticast mode
[   47.418256] pimreg: left allmulticast mode
[   47.418576] pimreg: left allmulticast mode
[   47.418889] pimreg: left allmulticast mode
[   47.419185] pimreg: left allmulticast mode
[   47.419468] pimreg: left allmulticast mode
[   47.419772] pimreg: left allmulticast mode
[   47.420067] pimreg: left allmulticast mode
[   47.435199] pimreg: entered allmulticast mode
[   47.467895] pimreg: entered allmulticast mode
[   47.496054] pimreg: entered allmulticast mode
[   47.521269] pimreg: entered allmulticast mode
[   47.537027] pimreg: entered allmulticast mode
[   47.560407] pimreg: entered allmulticast mode
[   47.584196] pimreg: entered allmulticast mode
[   47.608923] pimreg: entered allmulticast mode
[   47.629088] pimreg: left allmulticast mode
[   47.629429] pimreg: left allmulticast mode
[   47.629693] pimreg: left allmulticast mode
[   47.630660] pimreg: left allmulticast mode
[   47.630956] pimreg: left allmulticast mode
[   47.631245] pimreg: left allmulticast mode
[   47.631503] pimreg: left allmulticast mode
[   47.631753] pimreg: left allmulticast mode
[   47.632071] pimreg: left allmulticast mode
[   47.646052] pimreg: entered allmulticast mode
[   47.668742] pimreg: entered allmulticast mode
[   47.691288] pimreg: entered allmulticast mode
[   47.708967] pimreg: entered allmulticast mode
[   47.752488] pimreg: entered allmulticast mode
[   47.792670] pimreg: entered allmulticast mode
[   47.812108] pimreg: entered allmulticast mode
[   47.844613] pimreg: entered allmulticast mode
[   47.866187] pimreg: left allmulticast mode
[   47.866485] pimreg: left allmulticast mode
[   47.866732] pimreg: left allmulticast mode
[   47.867026] pimreg: left allmulticast mode
[   47.867337] pimreg: left allmulticast mode
[   47.867629] pimreg: left allmulticast mode
[   47.867910] pimreg: left allmulticast mode
[   47.868269] pimreg: left allmulticast mode
[   47.881501] pimreg: entered allmulticast mode
[   47.914014] pimreg: entered allmulticast mode
[   47.939617] pimreg: entered allmulticast mode
[   47.972559] pimreg: entered allmulticast mode
[   48.012378] pimreg: entered allmulticast mode
[   48.040951] pimreg: entered allmulticast mode
[   48.068699] pimreg: entered allmulticast mode
[   48.112915] pimreg: entered allmulticast mode
[   48.125934] pimreg: left allmulticast mode
[   48.126595] pimreg: left allmulticast mode
[   48.126889] pimreg: left allmulticast mode
[   48.127155] pimreg: left allmulticast mode
[   48.127424] pimreg: left allmulticast mode
[   48.127677] pimreg: left allmulticast mode
[   48.128017] pimreg: left allmulticast mode
[   48.128399] pimreg: left allmulticast mode
[   48.141680] pimreg: entered allmulticast mode
[   48.173579] pimreg: entered allmulticast mode
[   48.203095] pimreg: entered allmulticast mode
[   48.220069] pimreg: entered allmulticast mode
[   48.245300] pimreg: entered allmulticast mode
[   48.260394] pimreg: entered allmulticast mode
[   48.284610] pimreg: entered allmulticast mode
[   48.324326] pimreg: entered allmulticast mode
[   48.349185] pimreg: entered allmulticast mode
[   48.353999] pimreg: left allmulticast mode
[   48.354352] pimreg: left allmulticast mode
[   48.354636] pimreg: left allmulticast mode
[   48.354905] pimreg: left allmulticast mode
[   48.355194] pimreg: left allmulticast mode
[   48.355452] pimreg: left allmulticast mode
[   48.355783] pimreg: left allmulticast mode
[   48.356125] pimreg: left allmulticast mode
[   48.377132] pimreg: entered allmulticast mode
[   48.394264] pimreg: entered allmulticast mode
[   48.420767] pimreg: entered allmulticast mode
[   48.440949] pimreg: entered allmulticast mode
[   48.464682] pimreg: entered allmulticast mode
[   48.484252] pimreg: entered allmulticast mode
[   48.524387] pimreg: entered allmulticast mode
[   48.549850] pimreg: left allmulticast mode
[   48.550191] pimreg: left allmulticast mode
[   48.550470] pimreg: left allmulticast mode
[   48.550731] pimreg: left allmulticast mode
[   48.551066] pimreg: left allmulticast mode
[   48.551422] pimreg: left allmulticast mode
[   48.551759] pimreg: left allmulticast mode
[   48.552108] pimreg: left allmulticast mode
[   48.564816] pimreg: entered allmulticast mode
[   48.590697] pimreg: entered allmulticast mode
[   48.613237] pimreg: entered allmulticast mode
[   48.623258] pimreg: entered allmulticast mode
[   48.624799] systemd-journald[145]: Data hash table of /run/log/journal/938775788448454bb5b34822d5730c41/system.journal has a fill level at 75.0 (5360 of 7146 items, 4116480 file size, 768 bytes per hash table item), suggesting rotation.
[   48.626480] systemd-journald[145]: /run/log/journal/938775788448454bb5b34822d5730c41/system.journal: Journal header limits reached or header out-of-date, rotating.
[   48.647482] pimreg: entered allmulticast mode
[   48.673401] pimreg: entered allmulticast mode
[   48.696050] pimreg: entered allmulticast mode
[   48.716433] pimreg: entered allmulticast mode
[   48.742149] pimreg: entered allmulticast mode
[   48.742502] pimreg: left allmulticast mode
[   48.742867] pimreg: left allmulticast mode
[   48.743235] pimreg: left allmulticast mode
[   48.743581] pimreg: left allmulticast mode
[   48.743946] pimreg: left allmulticast mode
[   48.744688] pimreg: left allmulticast mode
[   48.745055] pimreg: left allmulticast mode
[   48.745417] pimreg: left allmulticast mode
[   48.745746] pimreg: left allmulticast mode
[   48.760195] pimreg: entered allmulticast mode
[   48.783989] pimreg: entered allmulticast mode
[   48.815526] pimreg: entered allmulticast mode
[   48.840934] pimreg: entered allmulticast mode
[   48.876352] pimreg: entered allmulticast mode
[   48.897083] pimreg: entered allmulticast mode
[   48.916624] pimreg: entered allmulticast mode
[   48.941307] pimreg: entered allmulticast mode
[   48.968149] pimreg: entered allmulticast mode
[   48.981586] pimreg: left allmulticast mode
[   48.982146] pimreg: left allmulticast mode
[   48.982436] pimreg: left allmulticast mode
[   48.982684] pimreg: left allmulticast mode
[   48.982986] pimreg: left allmulticast mode
[   48.983307] pimreg: left allmulticast mode
[   48.983594] pimreg: left allmulticast mode
[   48.983883] pimreg: left allmulticast mode
[   48.984186] pimreg: left allmulticast mode
[   49.000099] pimreg: entered allmulticast mode
[   49.018506] pimreg: entered allmulticast mode
[   49.042017] pimreg: entered allmulticast mode
[   49.070231] pimreg: entered allmulticast mode
[   49.092925] pimreg: entered allmulticast mode
[   49.120528] pimreg: entered allmulticast mode
[   49.148398] pimreg: entered allmulticast mode
[   49.172975] pimreg: entered allmulticast mode
[   49.213103] pimreg: entered allmulticast mode
[   49.226089] pimreg: left allmulticast mode
[   49.226448] pimreg: left allmulticast mode
[   49.226805] pimreg: left allmulticast mode
[   49.227160] pimreg: left allmulticast mode
[   49.227461] pimreg: left allmulticast mode
[   49.227796] pimreg: left allmulticast mode
[   49.228121] pimreg: left allmulticast mode
[   49.228532] pimreg: left allmulticast mode
[   49.228901] pimreg: left allmulticast mode
[   49.244508] pimreg: entered allmulticast mode
[   49.276772] pimreg: entered allmulticast mode
[   49.304703] pimreg: entered allmulticast mode
[   49.317681] pimreg: entered allmulticast mode
[   49.341124] pimreg: left allmulticast mode
[   49.341476] pimreg: left allmulticast mode
[   49.341771] pimreg: left allmulticast mode
[   49.342154] pimreg: left allmulticast mode
[   49.350641] pimreg: entered allmulticast mode
[   49.373075] pimreg: entered allmulticast mode
[   49.396414] pimreg: entered allmulticast mode
[   49.410136] pimreg: entered allmulticast mode
[   49.420947] pimreg: left allmulticast mode
[   49.421305] pimreg: left allmulticast mode
[   49.421556] pimreg: left allmulticast mode
[   49.421854] pimreg: left allmulticast mode
[   49.433139] pimreg: entered allmulticast mode
[   49.452439] pimreg: entered allmulticast mode
[   49.477361] pimreg: entered allmulticast mode
[   49.492381] pimreg: entered allmulticast mode
[   49.506334] pimreg: entered allmulticast mode
[   49.508720] pimreg: left allmulticast mode
[   49.509101] pimreg: left allmulticast mode
[   49.509408] pimreg: left allmulticast mode
[   49.509706] pimreg: left allmulticast mode
[   49.510616] pimreg: left allmulticast mode
[   49.521777] pimreg: entered allmulticast mode
[   49.542514] pimreg: entered allmulticast mode
[   49.564611] pimreg: entered allmulticast mode
[   49.585351] pimreg: entered allmulticast mode
[   49.597000] pimreg: left allmulticast mode
[   49.597334] pimreg: left allmulticast mode
[   49.597583] pimreg: left allmulticast mode
[   49.597878] pimreg: left allmulticast mode
[   49.609272] pimreg: entered allmulticast mode
[   49.636585] pimreg: entered allmulticast mode
[   49.665991] pimreg: entered allmulticast mode
[   49.684956] pimreg: entered allmulticast mode
[   49.716706] pimreg: entered allmulticast mode
[   49.737270] pimreg: entered allmulticast mode
[   49.745210] pimreg: left allmulticast mode
[   49.745557] pimreg: left allmulticast mode
[   49.745815] pimreg: left allmulticast mode
[   49.746128] pimreg: left allmulticast mode
[   49.746416] pimreg: left allmulticast mode
[   49.757708] pimreg: entered allmulticast mode
[   49.774113] pimreg: entered allmulticast mode
[   49.808881] pimreg: entered allmulticast mode
[   49.820772] pimreg: entered allmulticast mode
[   49.841077] pimreg: entered allmulticast mode
[   49.869060] pimreg: left allmulticast mode
[   49.869402] pimreg: left allmulticast mode
[   49.869693] pimreg: left allmulticast mode
[   49.869971] pimreg: left allmulticast mode
[   49.870243] pimreg: left allmulticast mode
[   49.871238] pimreg: left allmulticast mode
[   49.881542] pimreg: entered allmulticast mode
[   49.903247] pimreg: entered allmulticast mode
[   49.928013] pimreg: entered allmulticast mode
[   49.941787] pimreg: entered allmulticast mode
[   49.957180] pimreg: entered allmulticast mode
[   49.984600] pimreg: entered allmulticast mode
[   50.012808] pimreg: entered allmulticast mode
[   50.017286] pimreg: left allmulticast mode
[   50.017821] pimreg: left allmulticast mode
[   50.018780] pimreg: left allmulticast mode
[   50.019244] pimreg: left allmulticast mode
[   50.019877] pimreg: left allmulticast mode
[   50.020503] pimreg: left allmulticast mode
[   50.020786] pimreg: left allmulticast mode
[   50.034426] pimreg: entered allmulticast mode
[   50.067630] pimreg: entered allmulticast mode
[   50.089005] pimreg: entered allmulticast mode
[   50.100988] pimreg: entered allmulticast mode
[   50.140511] pimreg: entered allmulticast mode
[   50.164686] pimreg: entered allmulticast mode
[   50.169343] pimreg: left allmulticast mode
[   50.170019] pimreg: left allmulticast mode
[   50.170325] pimreg: left allmulticast mode
[   50.170626] pimreg: left allmulticast mode
[   50.170910] pimreg: left allmulticast mode
[   50.188338] pimreg: entered allmulticast mode
[   50.202850] pimreg: entered allmulticast mode
[   50.217977] pimreg: entered allmulticast mode
[   50.240650] pimreg: entered allmulticast mode
[   50.260750] pimreg: entered allmulticast mode
[   50.276739] pimreg: entered allmulticast mode
[   50.277131] pimreg: left allmulticast mode
[   50.277469] pimreg: left allmulticast mode
[   50.277728] pimreg: left allmulticast mode
[   50.278052] pimreg: left allmulticast mode
[   50.278343] pimreg: left allmulticast mode
[   50.278624] pimreg: left allmulticast mode
[   50.291130] pimreg: entered allmulticast mode
[   50.302897] pimreg: entered allmulticast mode
[   50.330301] pimreg: entered allmulticast mode
[   50.368467] pimreg: entered allmulticast mode
[   50.392531] pimreg: entered allmulticast mode
[   50.416565] pimreg: entered allmulticast mode
[   50.440472] pimreg: entered allmulticast mode
[   50.461061] pimreg: left allmulticast mode
[   50.461414] pimreg: left allmulticast mode
[   50.461776] pimreg: left allmulticast mode
[   50.462135] pimreg: left allmulticast mode
[   50.463739] pimreg: left allmulticast mode
[   50.464159] pimreg: left allmulticast mode
[   50.464545] pimreg: left allmulticast mode
[   50.464882] pimreg: left allmulticast mode
[   50.477172] pimreg: entered allmulticast mode
[   50.503797] pimreg: entered allmulticast mode
[   50.512430] pimreg: entered allmulticast mode
[   50.551671] pimreg: entered allmulticast mode
[   50.577019] pimreg: entered allmulticast mode
[   50.605040] pimreg: entered allmulticast mode
[   50.628616] pimreg: entered allmulticast mode
[   50.652720] pimreg: entered allmulticast mode
[   50.688631] pimreg: entered allmulticast mode
[   50.709237] pimreg: entered allmulticast mode
[   50.729316] pimreg: left allmulticast mode
[   50.729667] pimreg: left allmulticast mode
[   50.730025] pimreg: left allmulticast mode
[   50.730371] pimreg: left allmulticast mode
[   50.730898] pimreg: left allmulticast mode
[   50.731255] pimreg: left allmulticast mode
[   50.731607] pimreg: left allmulticast mode
[   50.731965] pimreg: left allmulticast mode
[   50.732661] pimreg: left allmulticast mode
[   50.733032] pimreg: left allmulticast mode
[   50.747939] pimreg: entered allmulticast mode
[   50.773593] pimreg: entered allmulticast mode
[   50.803510] pimreg: entered allmulticast mode
[   50.822657] pimreg: entered allmulticast mode
[   50.844836] pimreg: entered allmulticast mode
[   50.868430] pimreg: entered allmulticast mode
[   50.896326] pimreg: entered allmulticast mode
[   50.920827] pimreg: entered allmulticast mode
[   50.945130] pimreg: entered allmulticast mode
[   50.972631] pimreg: entered allmulticast mode
[   50.986497] pimreg: left allmulticast mode
[   50.987141] pimreg: left allmulticast mode
[   50.987442] pimreg: left allmulticast mode
[   50.987711] pimreg: left allmulticast mode
[   50.987985] pimreg: left allmulticast mode
[   50.988362] pimreg: left allmulticast mode
[   50.988716] pimreg: left allmulticast mode
[   50.989072] pimreg: left allmulticast mode
[   50.989419] pimreg: left allmulticast mode
[   50.989781] pimreg: left allmulticast mode
[   51.006008] pimreg: entered allmulticast mode
[   51.027729] pimreg: entered allmulticast mode
[   51.069277] pimreg: entered allmulticast mode
[   51.081544] pimreg: entered allmulticast mode
[   51.105832] pimreg: entered allmulticast mode
[   51.120457] pimreg: entered allmulticast mode
[   51.160833] pimreg: entered allmulticast mode
[   51.174405] pimreg: left allmulticast mode
[   51.174778] pimreg: left allmulticast mode
[   51.175095] pimreg: left allmulticast mode
[   51.175385] pimreg: left allmulticast mode
[   51.175654] pimreg: left allmulticast mode
[   51.175938] pimreg: left allmulticast mode
[   51.176272] pimreg: left allmulticast mode
[   51.189724] pimreg: entered allmulticast mode
[   51.222666] pimreg: entered allmulticast mode
[   51.242468] pimreg: entered allmulticast mode
[   51.265056] pimreg: entered allmulticast mode
[   51.292510] pimreg: entered allmulticast mode
[   51.332530] pimreg: entered allmulticast mode
[   51.360437] pimreg: entered allmulticast mode
[   51.385180] pimreg: entered allmulticast mode
[   51.389717] pimreg: left allmulticast mode
[   51.390040] pimreg: left allmulticast mode
[   51.390289] pimreg: left allmulticast mode
[   51.390575] pimreg: left allmulticast mode
[   51.390872] pimreg: left allmulticast mode
[   51.391183] pimreg: left allmulticast mode
[   51.391464] pimreg: left allmulticast mode
[   51.391740] pimreg: left allmulticast mode
[   51.405764] pimreg: entered allmulticast mode
[   51.433098] pimreg: entered allmulticast mode
[   51.459185] pimreg: entered allmulticast mode
[   51.480543] pimreg: entered allmulticast mode
[   51.512816] pimreg: entered allmulticast mode
[   51.536773] pimreg: entered allmulticast mode
[   51.557004] pimreg: entered allmulticast mode
[   51.572675] pimreg: entered allmulticast mode
[   51.593047] pimreg: entered allmulticast mode
[   51.593431] pimreg: left allmulticast mode
[   51.593759] pimreg: left allmulticast mode
[   51.594031] pimreg: left allmulticast mode
[   51.594290] pimreg: left allmulticast mode
[   51.594543] pimreg: left allmulticast mode
[   51.594842] pimreg: left allmulticast mode
[   51.595155] pimreg: left allmulticast mode
[   51.595442] pimreg: left allmulticast mode
[   51.609597] pimreg: entered allmulticast mode
[   51.629732] pimreg: entered allmulticast mode
[   51.643000] pimreg: entered allmulticast mode
[   51.676928] pimreg: entered allmulticast mode
[   51.709062] pimreg: entered allmulticast mode
[   51.740585] pimreg: entered allmulticast mode
[   51.772487] pimreg: entered allmulticast mode
[   51.801362] pimreg: entered allmulticast mode
[   51.821341] pimreg: entered allmulticast mode
[   51.821731] pimreg: left allmulticast mode
[   51.822068] pimreg: left allmulticast mode
[   51.822330] pimreg: left allmulticast mode
[   51.822594] pimreg: left allmulticast mode
[   51.822839] pimreg: left allmulticast mode
[   51.823121] pimreg: left allmulticast mode
[   51.823408] pimreg: left allmulticast mode
[   51.823697] pimreg: left allmulticast mode
[   51.824003] pimreg: left allmulticast mode
[   51.839149] pimreg: entered allmulticast mode
[   51.862353] pimreg: entered allmulticast mode
[   51.886264] pimreg: entered allmulticast mode
[   51.928372] pimreg: entered allmulticast mode
[   51.968488] pimreg: entered allmulticast mode
[   52.000388] pimreg: entered allmulticast mode
[   52.025030] pimreg: entered allmulticast mode
[   52.064481] pimreg: entered allmulticast mode
[   52.101704] pimreg: entered allmulticast mode
[   52.114273] pimreg: left allmulticast mode
[   52.114799] pimreg: left allmulticast mode
[   52.115125] pimreg: left allmulticast mode
[   52.115390] pimreg: left allmulticast mode
[   52.115647] pimreg: left allmulticast mode
[   52.115979] pimreg: left allmulticast mode
[   52.116358] pimreg: left allmulticast mode
[   52.116717] pimreg: left allmulticast mode
[   52.117082] pimreg: left allmulticast mode
[   52.117431] pimreg: left allmulticast mode
[   52.133284] pimreg: entered allmulticast mode
[   52.161804] pimreg: entered allmulticast mode
[   52.189110] pimreg: entered allmulticast mode
[   52.212580] pimreg: entered allmulticast mode
[   52.236438] pimreg: entered allmulticast mode
[   52.269144] pimreg: entered allmulticast mode
[   52.304769] pimreg: entered allmulticast mode
[   52.333037] pimreg: entered allmulticast mode
[   52.356936] pimreg: entered allmulticast mode
[   52.376808] pimreg: entered allmulticast mode
[   52.385527] pimreg: left allmulticast mode
[   52.386035] pimreg: left allmulticast mode
[   52.386302] pimreg: left allmulticast mode
[   52.386598] pimreg: left allmulticast mode
[   52.386892] pimreg: left allmulticast mode
[   52.387200] pimreg: left allmulticast mode
[   52.387513] pimreg: left allmulticast mode
[   52.387809] pimreg: left allmulticast mode
[   52.388125] pimreg: left allmulticast mode
[   52.388564] pimreg: left allmulticast mode
[   52.406441] pimreg: entered allmulticast mode
[   52.439210] pimreg: entered allmulticast mode
[   52.459075] pimreg: entered allmulticast mode
[   52.481125] pimreg: entered allmulticast mode
[   52.512528] pimreg: entered allmulticast mode
[   52.556254] pimreg: entered allmulticast mode
[   52.597144] pimreg: entered allmulticast mode
[   52.632419] pimreg: entered allmulticast mode
[   52.684487] pimreg: entered allmulticast mode
[   52.710202] pimreg: entered allmulticast mode
[   52.737538] pimreg: left allmulticast mode
[   52.737912] pimreg: left allmulticast mode
[   52.738197] pimreg: left allmulticast mode
[   52.738459] pimreg: left allmulticast mode
[   52.738732] pimreg: left allmulticast mode
[   52.739020] pimreg: left allmulticast mode
[   52.739619] pimreg: left allmulticast mode
[   52.740800] pimreg: left allmulticast mode
[   52.741213] pimreg: left allmulticast mode
[   52.741637] pimreg: left allmulticast mode
[   52.757668] pimreg: entered allmulticast mode
[   52.779574] pimreg: entered allmulticast mode
[   52.813992] pimreg: entered allmulticast mode
[   52.844774] pimreg: entered allmulticast mode
[   52.869222] pimreg: entered allmulticast mode
[   52.889417] pimreg: entered allmulticast mode
[   52.908457] pimreg: entered allmulticast mode
[   52.936534] pimreg: entered allmulticast mode
[   52.957264] pimreg: entered allmulticast mode
[   52.982343] pimreg: entered allmulticast mode
[   52.982729] pimreg: left allmulticast mode
[   52.983093] pimreg: left allmulticast mode
[   52.983361] pimreg: left allmulticast mode
[   52.983623] pimreg: left allmulticast mode
[   52.983918] pimreg: left allmulticast mode
[   52.984362] pimreg: left allmulticast mode
[   52.984658] pimreg: left allmulticast mode
[   52.985665] pimreg: left allmulticast mode
[   52.986041] pimreg: left allmulticast mode
[   52.986296] pimreg: left allmulticast mode
[   53.002139] pimreg: entered allmulticast mode
[   53.024494] pimreg: entered allmulticast mode
[   53.049325] pimreg: entered allmulticast mode
[   53.068328] pimreg: entered allmulticast mode
[   53.105214] pimreg: entered allmulticast mode
[   53.133331] pimreg: entered allmulticast mode
[   53.176279] pimreg: entered allmulticast mode
[   53.200310] pimreg: entered allmulticast mode
[   53.221173] pimreg: entered allmulticast mode
[   53.241854] pimreg: entered allmulticast mode
[   53.242224] pimreg: left allmulticast mode
[   53.242549] pimreg: left allmulticast mode
[   53.242797] pimreg: left allmulticast mode
[   53.243065] pimreg: left allmulticast mode
[   53.243357] pimreg: left allmulticast mode
[   53.243644] pimreg: left allmulticast mode
[   53.243952] pimreg: left allmulticast mode
[   53.244266] pimreg: left allmulticast mode
[   53.244579] pimreg: left allmulticast mode
[   53.244875] pimreg: left allmulticast mode
[   53.261007] pimreg: entered allmulticast mode
[   53.285350] pimreg: entered allmulticast mode
[   53.325280] pimreg: entered allmulticast mode
[   53.348791] pimreg: entered allmulticast mode
[   53.380877] pimreg: entered allmulticast mode
[   53.409324] pimreg: entered allmulticast mode
[   53.432438] pimreg: entered allmulticast mode
[   53.464511] pimreg: entered allmulticast mode
[   53.488624] pimreg: entered allmulticast mode
[   53.508390] pimreg: entered allmulticast mode
[   53.521534] pimreg: left allmulticast mode
[   53.522132] pimreg: left allmulticast mode
[   53.522400] pimreg: left allmulticast mode
[   53.522665] pimreg: left allmulticast mode
[   53.522925] pimreg: left allmulticast mode
[   53.523175] pimreg: left allmulticast mode
[   53.523467] pimreg: left allmulticast mode
[   53.523761] pimreg: left allmulticast mode
[   53.524059] pimreg: left allmulticast mode
[   53.524411] pimreg: left allmulticast mode
[   53.540863] pimreg: entered allmulticast mode
[   53.563785] pimreg: entered allmulticast mode
[   53.600408] pimreg: entered allmulticast mode
[   53.613381] pimreg: entered allmulticast mode
[   53.653051] pimreg: entered allmulticast mode
[   53.679882] pimreg: entered allmulticast mode
[   53.704839] pimreg: entered allmulticast mode
[   53.713228] pimreg: left allmulticast mode
[   53.713760] pimreg: left allmulticast mode
[   53.714046] pimreg: left allmulticast mode
[   53.714298] pimreg: left allmulticast mode
[   53.714546] pimreg: left allmulticast mode
[   53.714854] pimreg: left allmulticast mode
[   53.715104] pimreg: left allmulticast mode
[   53.727931] pimreg: entered allmulticast mode
[   53.760826] pimreg: entered allmulticast mode
[   53.786773] pimreg: entered allmulticast mode
[   53.816314] pimreg: entered allmulticast mode
[   53.848819] pimreg: entered allmulticast mode
[   53.872637] pimreg: entered allmulticast mode
[   53.897634] pimreg: entered allmulticast mode
[   53.924892] pimreg: entered allmulticast mode
[   53.946182] pimreg: left allmulticast mode
[   53.946549] pimreg: left allmulticast mode
[   53.946843] pimreg: left allmulticast mode
[   53.947105] pimreg: left allmulticast mode
[   53.947405] pimreg: left allmulticast mode
[   53.947703] pimreg: left allmulticast mode
[   53.948010] pimreg: left allmulticast mode
[   53.948665] pimreg: left allmulticast mode
[   53.961151] pimreg: entered allmulticast mode
[   53.982629] pimreg: entered allmulticast mode
[   54.027215] pimreg: entered allmulticast mode
[   54.056435] pimreg: entered allmulticast mode
[   54.068966] pimreg: entered allmulticast mode
[   54.101500] pimreg: entered allmulticast mode
[   54.116728] pimreg: entered allmulticast mode
[   54.133665] pimreg: left allmulticast mode
[   54.134022] pimreg: left allmulticast mode
[   54.134296] pimreg: left allmulticast mode
[   54.134554] pimreg: left allmulticast mode
[   54.134916] pimreg: left allmulticast mode
[   54.135282] pimreg: left allmulticast mode
[   54.135623] pimreg: left allmulticast mode
[   54.147513] pimreg: entered allmulticast mode
[   54.168596] pimreg: entered allmulticast mode
[   54.195624] pimreg: entered allmulticast mode
[   54.225194] pimreg: entered allmulticast mode
[   54.256557] pimreg: entered allmulticast mode
[   54.292602] pimreg: entered allmulticast mode
[   54.313879] pimreg: entered allmulticast mode
[   54.321556] pimreg: left allmulticast mode
[   54.321944] pimreg: left allmulticast mode
[   54.322232] pimreg: left allmulticast mode
[   54.322523] pimreg: left allmulticast mode
[   54.322815] pimreg: left allmulticast mode
[   54.323130] pimreg: left allmulticast mode
[   54.323438] pimreg: left allmulticast mode
[   54.338273] pimreg: entered allmulticast mode
[   54.368767] pimreg: entered allmulticast mode
[   54.383011] pimreg: entered allmulticast mode
[   54.405990] pimreg: entered allmulticast mode
[   54.420592] pimreg: entered allmulticast mode
[   54.448742] pimreg: entered allmulticast mode
[   54.469002] pimreg: entered allmulticast mode
[   54.493308] pimreg: entered allmulticast mode
[   54.494060] pimreg: left allmulticast mode
[   54.494404] pimreg: left allmulticast mode
[   54.494663] pimreg: left allmulticast mode
[   54.494944] pimreg: left allmulticast mode
[   54.495191] pimreg: left allmulticast mode
[   54.495828] pimreg: left allmulticast mode
[   54.496184] pimreg: left allmulticast mode
[   54.509609] pimreg: entered allmulticast mode
[   54.528711] pimreg: entered allmulticast mode
[   54.562118] pimreg: entered allmulticast mode
[   54.580863] pimreg: entered allmulticast mode
[   54.592350] pimreg: entered allmulticast mode
[   54.616689] pimreg: entered allmulticast mode
[   54.656729] pimreg: entered allmulticast mode
[   54.696981] pimreg: left allmulticast mode
[   54.697338] pimreg: left allmulticast mode
[   54.697625] pimreg: left allmulticast mode
[   54.698317] pimreg: left allmulticast mode
[   54.699081] pimreg: left allmulticast mode
[   54.699391] pimreg: left allmulticast mode
[   54.699734] pimreg: left allmulticast mode
[   54.700099] pimreg: left allmulticast mode
[   54.713295] pimreg: entered allmulticast mode
[   54.734521] pimreg: entered allmulticast mode
[   54.753225] pimreg: entered allmulticast mode
[   54.764564] pimreg: entered allmulticast mode
[   54.784185] pimreg: entered allmulticast mode
[   54.811566] pimreg: entered allmulticast mode
[   54.844288] pimreg: entered allmulticast mode
[   54.875868] pimreg: entered allmulticast mode
[   54.897177] pimreg: left allmulticast mode
[   54.897867] pimreg: left allmulticast mode
[   54.898491] pimreg: left allmulticast mode
[   54.898869] pimreg: left allmulticast mode
[   54.899198] pimreg: left allmulticast mode
[   54.899500] pimreg: left allmulticast mode
[   54.899826] pimreg: left allmulticast mode
[   54.900117] pimreg: left allmulticast mode
[   54.912992] pimreg: entered allmulticast mode
[   54.934304] pimreg: entered allmulticast mode
[   54.977844] pimreg: entered allmulticast mode
[   55.001068] pimreg: entered allmulticast mode
[   55.020821] pimreg: entered allmulticast mode
[   55.041054] pimreg: entered allmulticast mode
[   55.072925] pimreg: entered allmulticast mode
[   55.091910] pimreg: entered allmulticast mode
[   55.116148] pimreg: entered allmulticast mode
[   55.121326] pimreg: left allmulticast mode
[   55.121747] pimreg: left allmulticast mode
[   55.122069] pimreg: left allmulticast mode
[   55.122361] pimreg: left allmulticast mode
[   55.122658] pimreg: left allmulticast mode
[   55.122959] pimreg: left allmulticast mode
[   55.123259] pimreg: left allmulticast mode
[   55.123549] pimreg: left allmulticast mode
[   55.143751] pimreg: entered allmulticast mode
[   55.169098] pimreg: entered allmulticast mode
[   55.184908] pimreg: entered allmulticast mode
[   55.209092] pimreg: entered allmulticast mode
[   55.221065] pimreg: entered allmulticast mode
[   55.249492] pimreg: entered allmulticast mode
[   55.265779] pimreg: entered allmulticast mode
[   55.273325] pimreg: left allmulticast mode
[   55.273659] pimreg: left allmulticast mode
[   55.273961] pimreg: left allmulticast mode
[   55.274231] pimreg: left allmulticast mode
[   55.274785] pimreg: left allmulticast mode
[   55.275059] pimreg: left allmulticast mode
[   55.275543] pimreg: left allmulticast mode
[   55.275921] pimreg: left allmulticast mode
[   55.289739] pimreg: entered allmulticast mode
[   55.309873] pimreg: entered allmulticast mode
[   55.348076] pimreg: entered allmulticast mode
[   55.372795] pimreg: entered allmulticast mode
[   55.399948] pimreg: entered allmulticast mode
[   55.428290] pimreg: entered allmulticast mode
[   55.467578] pimreg: entered allmulticast mode
[   55.513337] pimreg: entered allmulticast mode
[   55.526206] pimreg: left allmulticast mode
[   55.526561] pimreg: left allmulticast mode
[   55.526857] pimreg: left allmulticast mode
[   55.527117] pimreg: left allmulticast mode
[   55.527386] pimreg: left allmulticast mode
[   55.527654] pimreg: left allmulticast mode
[   55.528855] pimreg: left allmulticast mode
[   55.529173] pimreg: left allmulticast mode
[   55.542092] pimreg: entered allmulticast mode
[   55.561145] pimreg: entered allmulticast mode
[   55.581618] pimreg: entered allmulticast mode
[   55.604534] pimreg: entered allmulticast mode
[   55.628729] pimreg: entered allmulticast mode
[   55.652844] pimreg: entered allmulticast mode
[   55.677306] pimreg: entered allmulticast mode
[   55.696884] pimreg: entered allmulticast mode
[   55.713150] pimreg: left allmulticast mode
[   55.713504] pimreg: left allmulticast mode
[   55.713766] pimreg: left allmulticast mode
[   55.714071] pimreg: left allmulticast mode
[   55.714350] pimreg: left allmulticast mode
[   55.716072] pimreg: left allmulticast mode
[   55.716420] pimreg: left allmulticast mode
[   55.716722] pimreg: left allmulticast mode
[   55.729192] pimreg: entered allmulticast mode
[   55.749930] pimreg: entered allmulticast mode
[   55.790595] pimreg: entered allmulticast mode
[   55.808850] pimreg: entered allmulticast mode
[   55.828401] pimreg: entered allmulticast mode
[   55.864717] pimreg: entered allmulticast mode
[   55.900530] pimreg: entered allmulticast mode
[   55.936919] pimreg: entered allmulticast mode
[   55.960876] pimreg: entered allmulticast mode
[   55.965429] pimreg: left allmulticast mode
[   55.965776] pimreg: left allmulticast mode
[   55.966039] pimreg: left allmulticast mode
[   55.966337] pimreg: left allmulticast mode
[   55.966616] pimreg: left allmulticast mode
[   55.967482] pimreg: left allmulticast mode
[   55.967915] pimreg: left allmulticast mode
[   55.968301] pimreg: left allmulticast mode
[   55.968595] pimreg: left allmulticast mode
[   55.982940] pimreg: entered allmulticast mode
[   56.002898] pimreg: entered allmulticast mode
[   56.013019] pimreg: entered allmulticast mode
[   56.033598] pimreg: entered allmulticast mode
[   56.044778] pimreg: entered allmulticast mode
[   56.071509] pimreg: entered allmulticast mode
[   56.103953] pimreg: entered allmulticast mode
[   56.137238] pimreg: entered allmulticast mode
[   56.152575] pimreg: entered allmulticast mode
[   56.185196] pimreg: entered allmulticast mode
[   56.189801] pimreg: left allmulticast mode
[   56.190148] pimreg: left allmulticast mode
[   56.190411] pimreg: left allmulticast mode
[   56.190657] pimreg: left allmulticast mode
[   56.190964] pimreg: left allmulticast mode
[   56.191250] pimreg: left allmulticast mode
[   56.191541] pimreg: left allmulticast mode
[   56.191848] pimreg: left allmulticast mode
[   56.192141] pimreg: left allmulticast mode
[   56.208351] pimreg: entered allmulticast mode
[   56.238038] pimreg: entered allmulticast mode
[   56.266957] pimreg: entered allmulticast mode
[   56.284946] pimreg: entered allmulticast mode
[   56.309203] pimreg: entered allmulticast mode
[   56.340711] pimreg: entered allmulticast mode
[   56.360334] pimreg: entered allmulticast mode
[   56.369586] pimreg: left allmulticast mode
[   56.369983] pimreg: left allmulticast mode
[   56.370292] pimreg: left allmulticast mode
[   56.370593] pimreg: left allmulticast mode
[   56.370906] pimreg: left allmulticast mode
[   56.371205] pimreg: left allmulticast mode
[   56.371522] pimreg: left allmulticast mode
[   56.371820] pimreg: left allmulticast mode
[   56.386251] pimreg: entered allmulticast mode
[   56.412983] pimreg: entered allmulticast mode
[   56.443876] pimreg: entered allmulticast mode
[   56.457309] pimreg: entered allmulticast mode
[   56.481172] pimreg: entered allmulticast mode
[   56.504393] pimreg: entered allmulticast mode
[   56.509534] pimreg: left allmulticast mode
[   56.510012] pimreg: left allmulticast mode
[   56.510280] pimreg: left allmulticast mode
[   56.510590] pimreg: left allmulticast mode
[   56.510921] pimreg: left allmulticast mode
[   56.523898] pimreg: entered allmulticast mode
[   56.541809] pimreg: entered allmulticast mode
[   56.565081] pimreg: entered allmulticast mode
[   56.583907] pimreg: entered allmulticast mode
[   56.623442] pimreg: entered allmulticast mode
[   56.648316] pimreg: entered allmulticast mode
[   56.653038] pimreg: left allmulticast mode
[   56.653565] pimreg: left allmulticast mode
[   56.653849] pimreg: left allmulticast mode
[   56.654097] pimreg: left allmulticast mode
[   56.654352] pimreg: left allmulticast mode
[   56.654645] pimreg: left allmulticast mode
[   56.672494] pimreg: entered allmulticast mode
[   56.688444] pimreg: entered allmulticast mode
[   56.706213] pimreg: entered allmulticast mode
[   56.724761] pimreg: entered allmulticast mode
[   56.745229] pimreg: entered allmulticast mode
[   56.772611] pimreg: entered allmulticast mode
[   56.792887] pimreg: entered allmulticast mode
[   56.817600] pimreg: left allmulticast mode
[   56.817983] pimreg: left allmulticast mode
[   56.818330] pimreg: left allmulticast mode
[   56.818685] pimreg: left allmulticast mode
[   56.820488] pimreg: left allmulticast mode
[   56.820875] pimreg: left allmulticast mode
[   56.821196] pimreg: left allmulticast mode
[   56.821526] pimreg: left allmulticast mode
[   56.836912] pimreg: entered allmulticast mode
[   56.869878] pimreg: entered allmulticast mode
[   56.901568] pimreg: entered allmulticast mode
[   56.913386] pimreg: entered allmulticast mode
[   56.944361] pimreg: entered allmulticast mode
[   56.949465] pimreg: left allmulticast mode
[   56.949823] pimreg: left allmulticast mode
[   56.950078] pimreg: left allmulticast mode
[   56.950327] pimreg: left allmulticast mode
[   56.950572] pimreg: left allmulticast mode
[   56.968576] pimreg: entered allmulticast mode
[   56.995459] pimreg: entered allmulticast mode
[   57.017148] pimreg: entered allmulticast mode
[   57.040646] pimreg: entered allmulticast mode
[   57.068605] pimreg: entered allmulticast mode
[   57.105244] pimreg: left allmulticast mode
[   57.106048] pimreg: left allmulticast mode
[   57.106780] pimreg: left allmulticast mode
[   57.107094] pimreg: left allmulticast mode
[   57.107357] pimreg: left allmulticast mode
[   57.116482] pimreg: entered allmulticast mode
[   57.129996] pimreg: entered allmulticast mode
[   57.151417] pimreg: entered allmulticast mode
[   57.177408] pimreg: entered allmulticast mode
[   57.199970] pimreg: entered allmulticast mode
[   57.241034] pimreg: entered allmulticast mode
[   57.276825] pimreg: left allmulticast mode
[   57.277186] pimreg: left allmulticast mode
[   57.277460] pimreg: left allmulticast mode
[   57.277730] pimreg: left allmulticast mode
[   57.278509] pimreg: left allmulticast mode
[   57.278823] pimreg: left allmulticast mode
[   57.289808] pimreg: entered allmulticast mode
[   57.314145] pimreg: entered allmulticast mode
[   57.336250] pimreg: entered allmulticast mode
[   57.349145] pimreg: entered allmulticast mode
[   57.380969] pimreg: entered allmulticast mode
[   57.408883] pimreg: entered allmulticast mode
[   57.428977] pimreg: entered allmulticast mode
[   57.433089] pimreg: left allmulticast mode
[   57.433432] pimreg: left allmulticast mode
[   57.433737] pimreg: left allmulticast mode
[   57.434005] pimreg: left allmulticast mode
[   57.434257] pimreg: left allmulticast mode
[   57.434582] pimreg: left allmulticast mode
[   57.448692] pimreg: entered allmulticast mode
[   57.482155] pimreg: entered allmulticast mode
[   57.505222] pimreg: entered allmulticast mode
[   57.537096] pimreg: entered allmulticast mode
[   57.561303] pimreg: entered allmulticast mode
[   57.576614] pimreg: entered allmulticast mode
[   57.596125] pimreg: entered allmulticast mode
[   57.617653] pimreg: left allmulticast mode
[   57.618381] pimreg: left allmulticast mode
[   57.618703] pimreg: left allmulticast mode
[   57.618983] pimreg: left allmulticast mode
[   57.619275] pimreg: left allmulticast mode
[   57.619539] pimreg: left allmulticast mode
[   57.619836] pimreg: left allmulticast mode
[   57.620095] pimreg: left allmulticast mode
[   57.632609] pimreg: entered allmulticast mode
[   57.676405] pimreg: entered allmulticast mode
[   57.688831] pimreg: entered allmulticast mode
[   57.712243] pimreg: entered allmulticast mode
[   57.737033] pimreg: entered allmulticast mode
[   57.760827] pimreg: entered allmulticast mode
[   57.785083] pimreg: entered allmulticast mode
[   57.808974] pimreg: entered allmulticast mode
[   57.828468] pimreg: entered allmulticast mode
[   57.833129] pimreg: left allmulticast mode
[   57.833467] pimreg: left allmulticast mode
[   57.833734] pimreg: left allmulticast mode
[   57.833990] pimreg: left allmulticast mode
[   57.834283] pimreg: left allmulticast mode
[   57.834584] pimreg: left allmulticast mode
[   57.834890] pimreg: left allmulticast mode
[   57.835811] pimreg: left allmulticast mode
[   57.850747] pimreg: entered allmulticast mode
[   57.871161] pimreg: entered allmulticast mode
[   57.899508] pimreg: entered allmulticast mode
[   57.925561] pimreg: entered allmulticast mode
[   57.949443] pimreg: entered allmulticast mode
[   57.972701] pimreg: entered allmulticast mode
[   58.000109] pimreg: entered allmulticast mode
[   58.032824] pimreg: entered allmulticast mode
[   58.053144] pimreg: left allmulticast mode
[   58.054055] pimreg: left allmulticast mode
[   58.054479] pimreg: left allmulticast mode
[   58.055158] pimreg: left allmulticast mode
[   58.055497] pimreg: left allmulticast mode
[   58.055810] pimreg: left allmulticast mode
[   58.056092] pimreg: left allmulticast mode
[   58.056780] pimreg: left allmulticast mode
[   58.057052] pimreg: left allmulticast mode
[   58.071142] pimreg: entered allmulticast mode
[   58.096992] pimreg: entered allmulticast mode
[   58.109951] pimreg: entered allmulticast mode
[   58.125922] pimreg: entered allmulticast mode
[   58.148838] pimreg: entered allmulticast mode
[   58.168640] pimreg: entered allmulticast mode
[   58.192500] pimreg: entered allmulticast mode
[   58.209075] pimreg: left allmulticast mode
[   58.209407] pimreg: left allmulticast mode
[   58.209679] pimreg: left allmulticast mode
[   58.210348] pimreg: left allmulticast mode
[   58.211057] pimreg: left allmulticast mode
[   58.211355] pimreg: left allmulticast mode
[   58.211628] pimreg: left allmulticast mode
[   58.211898] pimreg: left allmulticast mode
[   58.225420] pimreg: entered allmulticast mode
[   58.246168] pimreg: entered allmulticast mode
[   58.289104] pimreg: entered allmulticast mode
[   58.308457] pimreg: entered allmulticast mode
[   58.332615] pimreg: entered allmulticast mode
[   58.360710] pimreg: entered allmulticast mode
[   58.388716] pimreg: entered allmulticast mode
[   58.424740] pimreg: entered allmulticast mode
[   58.448880] pimreg: entered allmulticast mode
[   58.453424] pimreg: left allmulticast mode
[   58.453809] pimreg: left allmulticast mode
[   58.454071] pimreg: left allmulticast mode
[   58.454368] pimreg: left allmulticast mode
[   58.454680] pimreg: left allmulticast mode
[   58.454969] pimreg: left allmulticast mode
[   58.455266] pimreg: left allmulticast mode
[   58.472435] pimreg: entered allmulticast mode
[   58.498577] pimreg: entered allmulticast mode
[   58.511990] pimreg: entered allmulticast mode
[   58.533878] pimreg: entered allmulticast mode
[   58.552672] pimreg: entered allmulticast mode
[   58.572366] pimreg: entered allmulticast mode
[   58.601622] pimreg: entered allmulticast mode
[   58.602021] pimreg: left allmulticast mode
[   58.602380] pimreg: left allmulticast mode
[   58.602650] pimreg: left allmulticast mode
[   58.602976] pimreg: left allmulticast mode
[   58.603280] pimreg: left allmulticast mode
[   58.603564] pimreg: left allmulticast mode
[   58.603857] pimreg: left allmulticast mode
[   58.619020] pimreg: entered allmulticast mode
[   58.653316] pimreg: entered allmulticast mode
[   58.680515] pimreg: entered allmulticast mode
[   58.717398] pimreg: entered allmulticast mode
[   58.732818] pimreg: entered allmulticast mode
[   58.752809] pimreg: entered allmulticast mode
[   58.776655] pimreg: entered allmulticast mode
[   58.801069] pimreg: left allmulticast mode
[   58.801371] pimreg: left allmulticast mode
[   58.801659] pimreg: left allmulticast mode
[   58.801950] pimreg: left allmulticast mode
[   58.802243] pimreg: left allmulticast mode
[   58.802779] pimreg: left allmulticast mode
[   58.803130] pimreg: left allmulticast mode
[   58.803407] pimreg: left allmulticast mode
[   58.815754] pimreg: entered allmulticast mode
[   58.842112] pimreg: entered allmulticast mode
[   58.878432] pimreg: entered allmulticast mode
[   58.905017] pimreg: entered allmulticast mode
[   58.924516] pimreg: entered allmulticast mode
[   58.952707] pimreg: entered allmulticast mode
[   58.980408] pimreg: entered allmulticast mode
[   59.004608] pimreg: entered allmulticast mode
[   59.028645] pimreg: entered allmulticast mode
[   59.033367] pimreg: left allmulticast mode
[   59.034305] pimreg: left allmulticast mode
[   59.034972] pimreg: left allmulticast mode
[   59.035254] pimreg: left allmulticast mode
[   59.035517] pimreg: left allmulticast mode
[   59.035794] pimreg: left allmulticast mode
[   59.036096] pimreg: left allmulticast mode
[   59.036452] pimreg: left allmulticast mode
[   59.036761] pimreg: left allmulticast mode
[   59.051847] pimreg: entered allmulticast mode
[   59.081483] pimreg: entered allmulticast mode
[   59.107267] pimreg: entered allmulticast mode
[   59.140639] pimreg: entered allmulticast mode
[   59.164467] pimreg: entered allmulticast mode
[   59.188598] pimreg: entered allmulticast mode
[   59.220993] pimreg: entered allmulticast mode
[   59.252715] pimreg: entered allmulticast mode
[   59.276808] pimreg: entered allmulticast mode
[   59.297171] pimreg: left allmulticast mode
[   59.297521] pimreg: left allmulticast mode
[   59.297784] pimreg: left allmulticast mode
[   59.298039] pimreg: left allmulticast mode
[   59.298338] pimreg: left allmulticast mode
[   59.300507] pimreg: left allmulticast mode
[   59.300832] pimreg: left allmulticast mode
[   59.301090] pimreg: left allmulticast mode
[   59.301343] pimreg: left allmulticast mode
[   59.315981] pimreg: entered allmulticast mode
[   59.334052] pimreg: entered allmulticast mode
[   59.358989] pimreg: entered allmulticast mode
[   59.380032] pimreg: entered allmulticast mode
[   59.391485] pimreg: entered allmulticast mode
[   59.416293] pimreg: entered allmulticast mode
[   59.440233] pimreg: entered allmulticast mode
[   59.461592] pimreg: left allmulticast mode
[   59.462089] pimreg: left allmulticast mode
[   59.462372] pimreg: left allmulticast mode
[   59.462656] pimreg: left allmulticast mode
[   59.462955] pimreg: left allmulticast mode
[   59.463238] pimreg: left allmulticast mode
[   59.463497] pimreg: left allmulticast mode
[   59.475631] pimreg: entered allmulticast mode
[   59.496107] pimreg: entered allmulticast mode
[   59.528448] pimreg: entered allmulticast mode
[   59.560347] pimreg: entered allmulticast mode
[   59.593047] pimreg: entered allmulticast mode
[   59.649470] pimreg: entered allmulticast mode
[   59.676762] pimreg: entered allmulticast mode
[   59.697824] pimreg: left allmulticast mode
[   59.698110] pimreg: left allmulticast mode
[   59.698353] pimreg: left allmulticast mode
[   59.698653] pimreg: left allmulticast mode
[   59.698931] pimreg: left allmulticast mode
[   59.699247] pimreg: left allmulticast mode
[   59.699552] pimreg: left allmulticast mode
[   59.711548] pimreg: entered allmulticast mode
[   59.728611] pimreg: entered allmulticast mode
[   59.755899] pimreg: entered allmulticast mode
[   59.781433] pimreg: entered allmulticast mode
[   59.804990] pimreg: entered allmulticast mode
[   59.828496] pimreg: entered allmulticast mode
[   59.853514] pimreg: entered allmulticast mode
[   59.877125] pimreg: left allmulticast mode
[   59.878089] pimreg: left allmulticast mode
[   59.878443] pimreg: left allmulticast mode
[   59.878736] pimreg: left allmulticast mode
[   59.878992] pimreg: left allmulticast mode
[   59.879274] pimreg: left allmulticast mode
[   59.879565] pimreg: left allmulticast mode
[   59.891491] pimreg: entered allmulticast mode
[   59.916722] pimreg: entered allmulticast mode
[   59.943448] pimreg: entered allmulticast mode
[   59.976681] pimreg: entered allmulticast mode
[   60.000539] pimreg: entered allmulticast mode
[   60.024928] pimreg: entered allmulticast mode
[   60.052087] pimreg: entered allmulticast mode
[   60.076623] pimreg: entered allmulticast mode
[   60.081116] pimreg: left allmulticast mode
[   60.081452] pimreg: left allmulticast mode
[   60.081721] pimreg: left allmulticast mode
[   60.082041] pimreg: left allmulticast mode
[   60.082325] pimreg: left allmulticast mode
[   60.082630] pimreg: left allmulticast mode
[   60.082916] pimreg: left allmulticast mode
[   60.083543] pimreg: left allmulticast mode
[   60.098242] pimreg: entered allmulticast mode
[   60.117435] pimreg: entered allmulticast mode
[   60.131806] pimreg: entered allmulticast mode
[   60.160762] pimreg: entered allmulticast mode
[   60.187889] pimreg: entered allmulticast mode
[   60.216413] pimreg: entered allmulticast mode
[   60.241320] pimreg: entered allmulticast mode
[   60.260507] pimreg: entered allmulticast mode
[   60.265706] pimreg: left allmulticast mode
[   60.266229] pimreg: left allmulticast mode
[   60.266618] pimreg: left allmulticast mode
[   60.266940] pimreg: left allmulticast mode
[   60.267333] pimreg: left allmulticast mode
[   60.267679] pimreg: left allmulticast mode
[   60.268008] pimreg: left allmulticast mode
[   60.268731] pimreg: left allmulticast mode
[   60.281982] pimreg: entered allmulticast mode
[   60.307490] pimreg: entered allmulticast mode
[   60.329836] pimreg: entered allmulticast mode
