c[?7l[2J[0mSeaBIOS (version rel-1.16.3-0-ga6ed6b701f0a-prebuilt.qemu.org)


iPXE (http://ipxe.org) 00:03.0 CA00 PCI2.10 PnP PMM+7EFD0D60+7EF30D60 CA00
Press Ctrl-B to configure iPXE (PCI 00:03.0)...                                                                               


Booting from ROM...
c[?7l[2J[    0.000000] Linux version 7.1.0-rc1-5b0c911bcdbd+ (root@gnr-800442) (gcc (GCC) 11.5.0 20240719 (Red Hat 11.5.0-14), GNU ld version 2.35.2-66.el9) #1 SMP PREEMPT_DYNAMIC Wed May  6 11:16:19 CST 2026
[    0.000000] Command line: console=ttyS0 root=/dev/sda earlyprintk=serial net.ifnames=0 thunderbolt.dyndbg
[    0.000000] KERNEL supported cpus:
[    0.000000]   Intel GenuineIntel
[    0.000000]   AMD AuthenticAMD
[    0.000000]   Hygon HygonGenuine
[    0.000000]   Centaur CentaurHauls
[    0.000000]   zhaoxin   Shanghai  
[    0.000000] x86/CPU: Model not found in latest microcode list
[    0.000000] x86/split lock detection: #DB: warning on user-space bus_locks
[    0.000000] BIOS-provided physical RAM map:
[    0.000000] BIOS-e820: [mem 0x0000000000000000-0x000000000009fbff]  System RAM
[    0.000000] BIOS-e820: [mem 0x000000000009fc00-0x000000000009ffff]  device reserved
[    0.000000] BIOS-e820: [gap 0x00000000000a0000-0x00000000000effff]
[    0.000000] BIOS-e820: [mem 0x00000000000f0000-0x00000000000fffff]  device reserved
[    0.000000] BIOS-e820: [mem 0x0000000000100000-0x000000007ffdffff]  System RAM
[    0.000000] BIOS-e820: [mem 0x000000007ffe0000-0x000000007fffffff]  device reserved
[    0.000000] BIOS-e820: [gap 0x0000000080000000-0x00000000feffbfff]
[    0.000000] BIOS-e820: [mem 0x00000000feffc000-0x00000000feffffff]  device reserved
[    0.000000] BIOS-e820: [gap 0x00000000ff000000-0x00000000fffbffff]
[    0.000000] BIOS-e820: [mem 0x00000000fffc0000-0x00000000ffffffff]  device reserved
[    0.000000] printk: legacy bootconsole [earlyser0] enabled
[    0.000000] NX (Execute Disable) protection: active
[    0.000000] APIC: Static calls initialized
[    0.000000] DMI: SMBIOS 3.0.0 present.
[    0.000000] DMI: QEMU Standard PC (i440FX + PIIX, 1996), BIOS rel-1.16.3-0-ga6ed6b701f0a-prebuilt.qemu.org 04/01/2014
[    0.000000] DMI: Memory slots populated: 1/1
[    0.000000] Hypervisor detected: KVM
[    0.000000] last_pfn = 0x7ffe0 max_arch_pfn = 0x10000000000
[    0.000000] kvm-clock: Using msrs 4b564d01 and 4b564d00
[    0.000003] kvm-clock: using sched offset of 735409729 cycles
[    0.000529] clocksource: kvm-clock: mask: 0xffffffffffffffff max_cycles: 0x1cd42e4dffb, max_idle_ns: 881590591483 ns
[    0.002198] tsc: Detected 2500.000 MHz processor
[    0.010270] last_pfn = 0x7ffe0 max_arch_pfn = 0x10000000000
[    0.010839] MTRR map: 4 entries (3 fixed + 1 variable; max 19), built from 8 variable MTRRs
[    0.011691] x86/PAT: Configuration [0-7]: WB  WC  UC- UC  WB  WP  UC- WT  
[    0.017203] found SMP MP-table at [mem 0x000f5480-0x000f548f]
[    0.017795] Using GB pages for direct mapping
[    0.020305] ACPI: Early table checksum verification disabled
[    0.020878] ACPI: RSDP 0x00000000000F52A0 000014 (v00 BOCHS )
[    0.021483] ACPI: RSDT 0x000000007FFE1C9B 000034 (v01 BOCHS  BXPC     00000001 BXPC 00000001)
[    0.022374] ACPI: FACP 0x000000007FFE1B47 000074 (v01 BOCHS  BXPC     00000001 BXPC 00000001)
[    0.023268] ACPI: DSDT 0x000000007FFE0040 001B07 (v01 BOCHS  BXPC     00000001 BXPC 00000001)
[    0.024144] ACPI: FACS 0x000000007FFE0000 000040
[    0.024632] ACPI: APIC 0x000000007FFE1BBB 000080 (v03 BOCHS  BXPC     00000001 BXPC 00000001)
[    0.025512] ACPI: HPET 0x000000007FFE1C3B 000038 (v01 BOCHS  BXPC     00000001 BXPC 00000001)
[    0.026391] ACPI: WAET 0x000000007FFE1C73 000028 (v01 BOCHS  BXPC     00000001 BXPC 00000001)
[    0.027269] ACPI: Reserving FACP table memory at [mem 0x7ffe1b47-0x7ffe1bba]
[    0.027988] ACPI: Reserving DSDT table memory at [mem 0x7ffe0040-0x7ffe1b46]
[    0.028708] ACPI: Reserving FACS table memory at [mem 0x7ffe0000-0x7ffe003f]
[    0.029428] ACPI: Reserving APIC table memory at [mem 0x7ffe1bbb-0x7ffe1c3a]
[    0.030141] ACPI: Reserving HPET table memory at [mem 0x7ffe1c3b-0x7ffe1c72]
[    0.030853] ACPI: Reserving WAET table memory at [mem 0x7ffe1c73-0x7ffe1c9a]
[    0.032115] No NUMA configuration found
[    0.032508] Faking a node at [mem 0x0000000000000000-0x000000007ffdffff]
[    0.033230] NODE_DATA(0) allocated [mem 0x7ffb4bc0-0x7ffdfcbf]
[    0.107784] KernelAddressSanitizer initialized (generic)
[    0.108627] ACPI: PM-Timer IO Port: 0x608
[    0.109030] ACPI: LAPIC_NMI (acpi_id[0xff] dfl dfl lint[0x1])
[    0.109693] IOAPIC[0]: apic_id 0, version 17, address 0xfec00000, GSI 0-23
[    0.110421] ACPI: INT_SRC_OVR (bus 0 bus_irq 0 global_irq 2 dfl dfl)
[    0.111083] ACPI: INT_SRC_OVR (bus 0 bus_irq 5 global_irq 5 high level)
[    0.111768] ACPI: INT_SRC_OVR (bus 0 bus_irq 9 global_irq 9 high level)
[    0.112454] ACPI: INT_SRC_OVR (bus 0 bus_irq 10 global_irq 10 high level)
[    0.113154] ACPI: INT_SRC_OVR (bus 0 bus_irq 11 global_irq 11 high level)
[    0.113866] ACPI: Using ACPI (MADT) for SMP configuration information
[    0.114536] ACPI: HPET id: 0x8086a201 base: 0xfed00000
[    0.115073] TSC deadline timer available
[    0.115474] CPU topo: Max. logical packages:   1
[    0.115949] CPU topo: Max. logical nodes:      1
[    0.116421] CPU topo: Num. nodes per package:  1
[    0.116898] CPU topo: Max. logical dies:       1
[    0.117370] CPU topo: Max. dies per package:   1
[    0.117845] CPU topo: Max. threads per core:   1
[    0.118323] CPU topo: Num. cores per package:     2
[    0.118824] CPU topo: Num. threads per package:   2
[    0.119324] CPU topo: Allowing 2 present CPUs plus 0 hotplug CPUs
[    0.120002] kvm-guest: APIC: eoi() replaced with kvm_guest_apic_eoi_write()
[    0.120741] kvm-guest: KVM setup pv remote TLB flush
[    0.121241] kvm-guest: setup PV sched yield
[    0.121714] PM: hibernation: Registered nosave memory: [mem 0x00000000-0x00000fff]
[    0.122490] PM: hibernation: Registered nosave memory: [mem 0x0009f000-0x000fffff]
[    0.123271] [gap 0x80000000-0xfeffbfff] available for PCI devices
[    0.123901] Booting paravirtualized kernel on KVM
[    0.124383] clocksource: refined-jiffies: mask: 0xffffffff max_cycles: 0xffffffff, max_idle_ns: 7645519600211568 ns
[    0.126044] Zone ranges:
[    0.126344]   DMA      [mem 0x0000000000001000-0x0000000000ffffff]
[    0.126990]   DMA32    [mem 0x0000000001000000-0x000000007ffdffff]
[    0.127618]   Normal   empty
[    0.127919]   Device   empty
[    0.128213] Movable zone start for each node
[    0.128651] Early memory node ranges
[    0.129022]   node   0: [mem 0x0000000000001000-0x000000000009efff]
[    0.129656]   node   0: [mem 0x0000000000100000-0x000000007ffdffff]
[    0.130295] Initmem setup node 0 [mem 0x0000000000001000-0x000000007ffdffff]
[    0.131347] On node 0, zone DMA: 1 pages in unavailable ranges
[    0.132179] On node 0, zone DMA: 97 pages in unavailable ranges
[    0.161142] On node 0, zone DMA32: 32 pages in unavailable ranges
[    0.161781] setup_percpu: NR_CPUS:8192 nr_cpumask_bits:2 nr_cpu_ids:2 nr_node_ids:1
[    0.163228] percpu: Embedded 81 pages/cpu s294912 r8192 d28672 u1048576
[    0.164143] kvm-guest: PV spinlocks enabled
[    0.164583] PV qspinlock hash table entries: 256 (order: 0, 4096 bytes, linear)
[    0.165344] Kernel command line: net.ifnames=0 console=ttyS0 root=/dev/sda earlyprintk=serial net.ifnames=0 thunderbolt.dyndbg
[    0.166812] random: crng init done
[    0.167167] printk: log buffer data + meta data: 262144 + 1114112 = 1376256 bytes
[    0.168452] Dentry cache hash table entries: 262144 (order: 9, 2097152 bytes, linear)
[    0.169767] Inode-cache hash table entries: 131072 (order: 8, 1048576 bytes, linear)
[    0.170895] Fallback order for Node 0: 0 
[    0.170908] Built 1 zonelists, mobility grouping on.  Total pages: 524158
[    0.171981] Policy zone: DMA32
[    0.172292] mem auto-init: stack:off, heap alloc:off, heap free:off
[    0.172914] stackdepot: allocating hash table via alloc_large_system_hash
[    0.173601] stackdepot hash table entries: 1048576 (order: 12, 16777216 bytes, linear)
[    0.178561] stackdepot: allocating space for 8192 stack pools via memblock
[    0.228252] SLUB: HWalign=64, Order=0-3, MinObjects=0, CPUs=2, Nodes=1
[    0.228908] kmemleak: Kernel memory leak detector disabled
[    0.267876] ftrace: allocating 76243 entries in 300 pages
[    0.268356] ftrace: allocated 300 pages with 4 groups
[    0.271532] Dynamic Preempt: lazy
[    0.272411] Running RCU self tests
[    0.272714] Running RCU synchronous self tests
[    0.273110] rcu: Preemptible hierarchical RCU implementation.
[    0.273617] rcu: 	RCU lockdep checking is enabled.
[    0.274044] rcu: 	RCU restricting CPUs from NR_CPUS=8192 to nr_cpu_ids=2.
[    0.274645] 	Trampoline variant of Tasks RCU enabled.
[    0.275095] 	Rude variant of Tasks RCU enabled.
[    0.275497] 	Tracing variant of Tasks RCU enabled.
[    0.275924] rcu: RCU calculated value of scheduler-enlistment delay is 25 jiffies.
[    0.276597] rcu: Adjusting geometry for rcu_fanout_leaf=16, nr_cpu_ids=2
[    0.277282] Running RCU synchronous self tests
[    0.277685] RCU Tasks: Setting shift to 1 and lim to 1 rcu_task_cb_adjust=1 rcu_task_cpu_ids=2.
[    0.278467] RCU Tasks Rude: Setting shift to 1 and lim to 1 rcu_task_cb_adjust=1 rcu_task_cpu_ids=2.
[    0.351345] NR_IRQS: 524544, nr_irqs: 440, preallocated irqs: 16
[    0.352586] rcu: srcu_init: Setting srcu_struct sizes based on contention.
[    0.361511] Console: colour VGA+ 80x25
[    0.361923] printk: legacy console [ttyS0] enabled
[    0.361923] printk: legacy console [ttyS0] enabled
[    0.362841] printk: legacy bootconsole [earlyser0] disabled
[    0.362841] printk: legacy bootconsole [earlyser0] disabled
[    0.363959] Lock dependency validator: Copyright (c) 2006 Red Hat, Inc., Ingo Molnar
[    0.364728] ... MAX_LOCKDEP_SUBCLASSES:  8
[    0.365147] ... MAX_LOCK_DEPTH:          48
[    0.365567] ... MAX_LOCKDEP_KEYS:        8192
[    0.366012] ... CLASSHASH_SIZE:          4096
[    0.366459] ... MAX_LOCKDEP_ENTRIES:     32768
[    0.366904] ... MAX_LOCKDEP_CHAINS:      65536
[    0.367353] ... CHAINHASH_SIZE:          32768
[    0.367801]  memory used by lock dependency info: 6429 kB
[    0.368348]  memory used for stack traces: 16896 kB
[    0.368840]  per task-struct memory footprint: 1920 bytes
[    0.369505] ACPI: Core revision 20251212
[    0.370427] clocksource: hpet: mask: 0xffffffff max_cycles: 0xffffffff, max_idle_ns: 19112604467 ns
[    0.371568] APIC: Switch to symmetric I/O mode setup
[    0.372267] x2apic enabled
[    0.372953] APIC: Switched APIC routing to: physical x2apic
[    0.373525] kvm-guest: APIC: send_IPI_mask() replaced with kvm_send_ipi_mask()
[    0.374257] kvm-guest: APIC: send_IPI_mask_allbutself() replaced with kvm_send_ipi_mask_allbutself()
[    0.375184] kvm-guest: setup PV IPIs
[    0.376735] ..TIMER: vector=0x30 apic1=0 pin1=2 apic2=-1 pin2=-1
[    0.377338] clocksource: tsc-early: mask: 0xffffffffffffffff max_cycles: 0x240939f1bb2, max_idle_ns: 440795263295 ns
[    0.378415] Calibrating delay loop (skipped) preset value.. 5000.00 BogoMIPS (lpj=10000000)
[    0.379436] x86/cpu: User Mode Instruction Prevention (UMIP) activated
[    0.382509] Last level iTLB entries: 4KB 0, 2MB 0, 4MB 0
[    0.383051] Last level dTLB entries: 4KB 0, 2MB 0, 4MB 0, 1GB 0
[    0.383676] mitigations: Enabled attack vectors: user_kernel, user_user, guest_host, guest_guest, SMT mitigations: auto
[    0.384779] Speculative Store Bypass: Mitigation: Speculative Store Bypass disabled via prctl
[    0.385634] Spectre V2 : Mitigation: Enhanced / Automatic IBRS
[    0.386405] ITS: Mitigation: Aligned branch/return thunks
[    0.386951] Spectre V1 : Mitigation: usercopy/swapgs barriers and __user pointer sanitization
[    0.387814] Spectre V2 : WARNING: Unprivileged eBPF is enabled with eIBRS on, data leaks possible via Spectre v2 BHB attacks!
[    0.388946] Spectre V2 : Spectre v2 / PBRSB-eIBRS: Retire a single CALL on VMEXIT
[    0.389680] Spectre V2 : mitigation: Enabling conditional Indirect Branch Prediction Barrier
[    0.390408] active return thunk: its_return_thunk
[    0.390873] Spectre V2 : Spectre BHI mitigation: SW BHB clearing on syscall and VM exit
[    0.391699] x86/fpu: Supporting XSAVE feature 0x001: 'x87 floating point registers'
[    0.392455] x86/fpu: Supporting XSAVE feature 0x002: 'SSE registers'
[    0.393079] x86/fpu: Supporting XSAVE feature 0x004: 'AVX registers'
[    0.393709] x86/fpu: Supporting XSAVE feature 0x020: 'AVX-512 opmask'
[    0.394403] x86/fpu: Supporting XSAVE feature 0x040: 'AVX-512 Hi256'
[    0.395025] x86/fpu: Supporting XSAVE feature 0x080: 'AVX-512 ZMM_Hi256'
[    0.395685] x86/fpu: Supporting XSAVE feature 0x200: 'Protection Keys User registers'
[    0.396454] x86/fpu: Supporting XSAVE feature 0x20000: 'AMX Tile config'
[    0.397110] x86/fpu: Supporting XSAVE feature 0x40000: 'AMX Tile data'
[    0.397753] x86/fpu: xstate_offset[2]:  576, xstate_sizes[2]:  256
[    0.398404] x86/fpu: xstate_offset[5]:  832, xstate_sizes[5]:   64
[    0.399003] x86/fpu: xstate_offset[6]:  896, xstate_sizes[6]:  512
[    0.399624] x86/fpu: xstate_offset[7]: 1408, xstate_sizes[7]: 1024
[    0.400239] x86/fpu: xstate_offset[9]: 2432, xstate_sizes[9]:    8
[    0.400854] x86/fpu: xstate_offset[17]: 2496, xstate_sizes[17]:   64
[    0.401490] x86/fpu: xstate_offset[18]: 2560, xstate_sizes[18]: 8192
[    0.402403] x86/fpu: Enabled xstate features 0x602e7, context size is 10752 bytes, using 'compacted' format.
[    0.567245] pid_max: default: 32768 minimum: 301
[    0.568171] Yama: becoming mindful.
[    0.569016] Mount-cache hash table entries: 4096 (order: 3, 32768 bytes, linear)
[    0.569753] Mountpoint-cache hash table entries: 4096 (order: 3, 32768 bytes, linear)
[    0.571100] VFS: Finished mounting rootfs on nullfs
[    0.572956] Running RCU synchronous self tests
[    0.573384] Running RCU synchronous self tests
[    0.574217] smpboot: CPU0: Intel GENUINE INTEL(R) XEON(R) (family: 0x6, model: 0xad, stepping: 0x0)
[    0.574400] Performance Events: PEBS fmt0-, Granite Rapids events, 
[    0.574400] core: The event 0x400 is not supported as a normal event.
[    0.574400] core: The event 0x8000 is not supported as a normal event.
[    0.574400] core: The event 0x8100 is not supported as a normal event.
[    0.574420] core: The event 0x8200 is not supported as a normal event.
[    0.575061] core: The event 0x8300 is not supported as a normal event.
[    0.575719] core: The event 0x8400 is not supported as a normal event.
[    0.576366] core: The event 0x8500 is not supported as a normal event.
[    0.577026] core: The event 0x8600 is not supported as a normal event.
[    0.577680] core: The event 0x8700 is not supported as a normal event.
[    0.578359] full-width counters, Intel PMU driver.
[    0.578413] ... version:                   2
[    0.578842] ... bit width:                 48
[    0.579282] ... generic counters:          8
[    0.579713] ... generic bitmap:            00000000000000ff
[    0.580278] ... fixed-purpose counters:    3
[    0.580708] ... fixed-purpose bitmap:      0000000000000007
[    0.581269] ... value mask:                0000ffffffffffff
[    0.581828] ... max period:                00007fffffffffff
[    0.582387] ... global_ctrl mask:          00000007000000ff
[    0.582927] signal: max sigframe size: 11952
[    0.583527] rcu: Hierarchical SRCU implementation.
[    0.584008] rcu: 	Max phase no-delay instances is 1000.
[    0.584757] Timer migration: 1 hierarchy levels; 8 children per group; 1 crossnode level
[    0.607534] smp: Bringing up secondary CPUs ...
[    0.608586] smpboot: x86: Booting SMP configuration:
[    0.609089] .... node  #0, CPUs:      #1
[    0.609430] smp: Brought up 1 node, 2 CPUs
[    0.610824] smpboot: Total of 2 processors activated (10000.00 BogoMIPS)
[    0.612432] Memory: 1574872K/2096632K available (81902K kernel code, 15885K rwdata, 19560K rodata, 16684K init, 34600K bss, 509384K reserved, 0K cma-reserved)
[    0.614788] devtmpfs: initialized
[    0.615615] x86/mm: Memory block size: 128MB
[    0.628357] Running RCU synchronous self tests
[    0.628357] Running RCU synchronous self tests
[    0.630562] Running RCU Tasks wait API self tests
[    0.630969] Running RCU Tasks Rude wait API self tests
[    0.630995] Running RCU Tasks Trace wait API self tests
[    0.631697] clocksource: jiffies: mask: 0xffffffff max_cycles: 0xffffffff, max_idle_ns: 7645041785100000 ns
[    0.634478] posixtimers hash table entries: 1024 (order: 5, 73728 bytes, linear)
[    0.635282] futex hash table entries: 512 (65536 bytes on 1 NUMA nodes, total 64 KiB, linear).
[    0.638276] 
[    0.638459] *************************************************************
[    0.639076] **     NOTICE NOTICE NOTICE NOTICE NOTICE NOTICE NOTICE    **
[    0.639743] **                                                         **
[    0.640411] **  IOMMU DebugFS SUPPORT HAS BEEN ENABLED IN THIS KERNEL  **
[    0.641074] **                                                         **
[    0.641745] ** This means that this kernel is built to expose internal **
[    0.642467] ** IOMMU data structures, which may compromise security on **
[    0.643134] ** your system.                                            **
[    0.643803] **                                                         **
[    0.644469] ** If you see this message and you are not debugging the   **
[    0.645130] ** kernel, report this immediately to your vendor!         **
[    0.645799] **                                                         **
[    0.646404] **     NOTICE NOTICE NOTICE NOTICE NOTICE NOTICE NOTICE    **
[    0.647061] *************************************************************
[    0.647811] PM: RTC time: 03:17:43, date: 2026-05-06
[    0.651045] NET: Registered PF_NETLINK/PF_ROUTE protocol family
[    0.653373] DMA: preallocated 256 KiB GFP_KERNEL|GFP_DMA pool for atomic allocations
[    0.654104] DMA: preallocated 256 KiB GFP_KERNEL|GFP_DMA32 pool for atomic allocations
[    0.654421] Callback from call_rcu_tasks_trace() invoked.
[    0.655077] audit: initializing netlink subsys (disabled)
[    0.655734] audit: type=2000 audit(1778037463.664:1): state=initialized audit_enabled=0 res=1
[    0.656590] thermal_sys: Registered thermal governor 'fair_share'
[    0.656601] thermal_sys: Registered thermal governor 'bang_bang'
[    0.658419] thermal_sys: Registered thermal governor 'step_wise'
[    0.659021] thermal_sys: Registered thermal governor 'user_space'
[    0.659719] cpuidle: using governor ladder
[    0.660775] cpuidle: using governor menu
[    0.661651] Freeing SMP alternatives memory: 64K
[    0.662479] acpiphp: ACPI Hot Plug PCI Controller Driver version: 0.5
[    0.664981] PCI: Using configuration type 1 for base access
[    0.665748] virt/tdx: TDX not supported by the host platform
[    0.666790] kprobes: kprobe jump-optimization is enabled. All kprobes are optimized if possible.
[    0.670526] HugeTLB: registered 1.00 GiB page size, pre-allocated 0 pages
[    0.671219] HugeTLB: 16380 KiB vmemmap can be freed for a 1.00 GiB page
[    0.674416] HugeTLB: registered 2.00 MiB page size, pre-allocated 0 pages
[    0.675105] HugeTLB: 28 KiB vmemmap can be freed for a 2.00 MiB page
[    0.712764] ACPI: Added _OSI(Module Device)
[    0.713191] ACPI: Added _OSI(Processor Device)
[    0.713645] ACPI: Added _OSI(Processor Aggregator Device)
[    0.748172] ACPI: 1 ACPI AML tables successfully acquired and loaded
[    0.802477] ACPI: \_SB_: platform _OSC: OS support mask [002e7eff]
[    0.803736] ACPI: Interpreter enabled
[    0.804283] ACPI: PM: (supports S0 S3 S4 S5)
[    0.804729] ACPI: Using IOAPIC for interrupt routing
[    0.805354] PCI: Using host bridge windows from ACPI; if necessary, use "pci=nocrs" and report a bug
[    0.806266] PCI: Using E820 reservations for host bridge windows
[    0.807774] ACPI: Enabled 2 GPEs in block 00 to 0F
[    0.853051] ACPI: PCI Root Bridge [PCI0] (domain 0000 [bus 00-ff])
[    0.853718] acpi PNP0A03:00: _OSC: OS supports [ASPM ClockPM Segments MSI EDR HPX-Type3]
[    0.854411] acpi PNP0A03:00: _OSC: not requesting OS control; OS requires [ExtendedConfig ASPM ClockPM MSI]
[    0.855453] acpi PNP0A03:00: _OSC: platform retains control of PCIe features (AE_ERROR)
[    0.856385] acpi PNP0A03:00: fail to add MMCONFIG information, can't access extended configuration space under this bridge
[    0.862899] acpiphp: Slot [3] registered
[    0.863416] acpiphp: Slot [4] registered
[    0.863977] acpiphp: Slot [5] registered
[    0.864531] acpiphp: Slot [6] registered
[    0.865092] acpiphp: Slot [7] registered
[    0.865659] acpiphp: Slot [8] registered
[    0.866208] acpiphp: Slot [9] registered
[    0.866555] acpiphp: Slot [10] registered
[    0.867112] acpiphp: Slot [11] registered
[    0.867675] acpiphp: Slot [12] registered
[    0.868235] acpiphp: Slot [13] registered
[    0.868796] acpiphp: Slot [14] registered
[    0.869355] acpiphp: Slot [15] registered
[    0.869910] acpiphp: Slot [16] registered
[    0.870462] acpiphp: Slot [17] registered
[    0.871017] acpiphp: Slot [18] registered
[    0.871571] acpiphp: Slot [19] registered
[    0.872134] acpiphp: Slot [20] registered
[    0.872690] acpiphp: Slot [21] registered
[    0.873252] acpiphp: Slot [22] registered
[    0.873796] acpiphp: Slot [23] registered
[    0.874354] acpiphp: Slot [24] registered
[    0.874554] acpiphp: Slot [25] registered
[    0.875110] acpiphp: Slot [26] registered
[    0.875667] acpiphp: Slot [27] registered
[    0.876239] acpiphp: Slot [28] registered
[    0.876792] acpiphp: Slot [29] registered
[    0.877348] acpiphp: Slot [30] registered
[    0.877902] acpiphp: Slot [31] registered
[    0.878375] PCI host bridge to bus 0000:00
[    0.882468] pci_bus 0000:00: root bus resource [io  0x0000-0x0cf7 window]
[    0.883156] pci_bus 0000:00: root bus resource [io  0x0d00-0xffff window]
[    0.883833] pci_bus 0000:00: root bus resource [mem 0x000a0000-0x000bffff window]
[    0.884589] pci_bus 0000:00: root bus resource [mem 0x80000000-0xfebfffff window]
[    0.885345] pci_bus 0000:00: root bus resource [mem 0x100000000-0x17fffffff window]
[    0.886115] pci_bus 0000:00: root bus resource [bus 00-ff]
[    0.886539] pci 0000:00:00.0: [8086:1237] type 00 class 0x060000 conventional PCI endpoint
[    0.889084] pci 0000:00:01.0: [8086:7000] type 00 class 0x060100 conventional PCI endpoint
[    0.891328] pci 0000:00:01.1: [8086:7010] type 00 class 0x010180 conventional PCI endpoint
[    0.892725] pci 0000:00:01.1: BAR 4 [io  0xc040-0xc04f]
[    0.893276] pci 0000:00:01.1: BAR 0 [io  0x01f0-0x01f7]: legacy IDE quirk
[    0.893937] pci 0000:00:01.1: BAR 1 [io  0x03f6]: legacy IDE quirk
[    0.894407] pci 0000:00:01.1: BAR 2 [io  0x0170-0x0177]: legacy IDE quirk
[    0.895072] pci 0000:00:01.1: BAR 3 [io  0x0376]: legacy IDE quirk
[    0.896895] pci 0000:00:01.3: [8086:7113] type 00 class 0x068000 conventional PCI endpoint
[    0.898002] pci 0000:00:01.3: quirk: [io  0x0600-0x063f] claimed by PIIX4 ACPI
[    0.898413] pci 0000:00:01.3: quirk: [io  0x0700-0x070f] claimed by PIIX4 SMB
[    0.900288] pci 0000:00:02.0: [1234:1111] type 00 class 0x030000 conventional PCI endpoint
[    0.912603] pci 0000:00:02.0: BAR 0 [mem 0xfd000000-0xfdffffff pref]
[    0.913304] pci 0000:00:02.0: BAR 2 [mem 0xfebf0000-0xfebf0fff]
[    0.913927] pci 0000:00:02.0: ROM [mem 0xfebe0000-0xfebeffff pref]
[    0.914535] pci 0000:00:02.0: Video device with shadowed ROM at [mem 0x000c0000-0x000dffff]
[    0.916704] pci 0000:00:03.0: [8086:100e] type 00 class 0x020000 conventional PCI endpoint
[    0.918918] pci 0000:00:03.0: BAR 0 [mem 0xfebc0000-0xfebdffff]
[    0.919571] pci 0000:00:03.0: BAR 1 [io  0xc000-0xc03f]
[    0.920573] pci 0000:00:03.0: ROM [mem 0xfeb80000-0xfebbffff pref]
[    0.947143] ACPI: PCI: Interrupt link LNKA configured for IRQ 10
[    0.948804] ACPI: PCI: Interrupt link LNKB configured for IRQ 10
[    0.950423] ACPI: PCI: Interrupt link LNKC configured for IRQ 11
[    0.952030] ACPI: PCI: Interrupt link LNKD configured for IRQ 11
[    0.953052] ACPI: PCI: Interrupt link LNKS configured for IRQ 9
[    0.962464] iommu: Default domain type: Translated
[    0.962968] iommu: DMA domain TLB invalidation policy: lazy mode
[    0.969158] SCSI subsystem initialized
[    0.969711] ACPI: bus type USB registered
[    0.969711] usbcore: registered new interface driver usbfs
[    0.969711] usbcore: registered new interface driver hub
[    0.969711] usbcore: registered new device driver usb
[    0.969711] pps_core: LinuxPPS API ver. 1 registered
[    0.970201] pps_core: Software ver. 5.3.6 - Copyright 2005-2007 Rodolfo Giometti <giometti@linux.it>
[    0.974435] PTP clock support registered
[    0.975138] EDAC MC: Ver: 3.0.0
[    0.984406] NetLabel: Initializing
[    0.984788] NetLabel:  domain hash size = 128
[    0.985234] NetLabel:  protocols = UNLABELED CIPSOv4 CALIPSO
[    0.985941] NetLabel:  unlabeled traffic allowed by default
[    0.987018] PCI: Using ACPI for IRQ routing
[    0.987548] e820: register RAM buffer resource [mem 0x0009fc00-0x0009ffff]
[    0.988242] e820: register RAM buffer resource [mem 0x7ffe0000-0x7fffffff]
[    0.989229] pci 0000:00:02.0: vgaarb: setting as boot VGA device
[    0.989851] pci 0000:00:02.0: vgaarb: bridge control possible
[    0.990400] pci 0000:00:02.0: vgaarb: VGA device added: decodes=io+mem,owns=io+mem,locks=none
[    0.990408] vgaarb: loaded
[    0.991195] hpet0: at MMIO 0xfed00000, IRQs 2, 8, 0
[    0.991715] hpet0: 3 comparators, 64-bit 100.000000 MHz counter
[    0.994685] clocksource: Switched to clocksource kvm-clock
[    0.998400] VFS: Disk quotas dquot_6.6.0
[    0.998400] VFS: Dquot-cache hash table entries: 512 (order 0, 4096 bytes)
[    0.999411] pnp: PnP ACPI init
[    1.003902] pnp: PnP ACPI: found 5 devices
[    1.025586] clocksource: acpi_pm: mask: 0xffffff max_cycles: 0xffffff, max_idle_ns: 2085701024 ns
[    1.027024] NET: Registered PF_INET protocol family
[    1.027710] IP idents hash table entries: 32768 (order: 6, 262144 bytes, linear)
[    1.030108] tcp_listen_portaddr_hash hash table entries: 1024 (order: 5, 73728 bytes, linear)
[    1.031009] Table-perturb hash table entries: 65536 (order: 6, 262144 bytes, linear)
[    1.031861] TCP established hash table entries: 16384 (order: 5, 131072 bytes, linear)
[    1.033046] TCP bind hash table entries: 16384 (order: 10, 2359296 bytes, linear)
[    1.035185] TCP: Hash tables configured (established 16384 bind 16384)
[    1.036042] UDP hash table entries: 1024 (order: 6, 262144 bytes, linear)
[    1.037150] NET: Registered PF_UNIX/PF_LOCAL protocol family
[    1.039023] RPC: Registered named UNIX socket transport module.
[    1.039666] RPC: Registered udp transport module.
[    1.040145] RPC: Registered tcp transport module.
[    1.040627] RPC: Registered tcp-with-tls transport module.
[    1.041203] RPC: Registered tcp NFSv4.1 backchannel transport module.
[    1.041868] pci_bus 0000:00: resource 4 [io  0x0000-0x0cf7 window]
[    1.042505] pci_bus 0000:00: resource 5 [io  0x0d00-0xffff window]
[    1.043125] pci_bus 0000:00: resource 6 [mem 0x000a0000-0x000bffff window]
[    1.043823] pci_bus 0000:00: resource 7 [mem 0x80000000-0xfebfffff window]
[    1.044525] pci_bus 0000:00: resource 8 [mem 0x100000000-0x17fffffff window]
[    1.045646] pci 0000:00:01.0: PIIX3: Enabling Passive Release
[    1.046227] pci 0000:00:00.0: Limiting direct PCI/PCI transfers
[    1.046908] PCI: CLS 0 bytes, default 64
[    1.047423] ACPI: bus type thunderbolt registered
[    1.048314] clocksource: tsc: mask: 0xffffffffffffffff max_cycles: 0x240939f1bb2, max_idle_ns: 440795263295 ns
[    1.061032] Initialise system trusted keyrings
[    1.061650] Key type blacklist registered
[    1.063848] workingset: timestamp_bits=36 (anon: 32) max_order=19 bucket_order=0 (anon: 0)
[    1.067325] squashfs: version 4.0 (2009/01/31) Phillip Lougher
[    1.071331] NFS: Registering the id_resolver key type
[    1.071931] Key type id_resolver registered
[    1.072426] Key type id_legacy registered
[    1.072919] nfs4filelayout_init: NFSv4 File Layout Driver Registering...
[    1.073679] nfs4flexfilelayout_init: NFSv4 Flexfile Layout Driver Registering...
[    1.074844] fuse: init (API version 7.45)
[    1.075940] SGI XFS with ACLs, security attributes, realtime, quota, no debug enabled
[    1.079222] 9p: Installing v9fs 9p2000 file system support
[    1.093177] Key type asymmetric registered
[    1.093598] Asymmetric key parser 'x509' registered
[    1.094254] Block layer SCSI generic (bsg) driver version 0.4 loaded (major 241)
[    1.095251] io scheduler mq-deadline registered
[    1.095873] io scheduler bfq registered
[    1.097154] ledtrig-cpu: registered to indicate activity on CPUs
[    1.099761] IPMI message handler: version 39.2
[    1.100372] ipmi device interface
[    1.102907] input: Power Button as /devices/platform/LNXPWRBN:00/input/input0
[    1.104024] ACPI: button: Power Button [PWRF]
[    1.108580] ERST DBG: ERST support is disabled.
[    1.110649] Serial: 8250/16550 driver, 32 ports, IRQ sharing enabled
[    1.112961] 00:04: ttyS0 at I/O 0x3f8 (irq = 4, base_baud = 115200) is a 16550A
[    1.150989] ACPI: bus type drm_connector registered
[    1.179175] brd: module loaded
[    1.196323] loop: module loaded
[    1.212405] scsi host0: ata_piix
[    1.214135] scsi host1: ata_piix
[    1.215041] ata1: PATA max MWDMA2 cmd 0x1f0 ctl 0x3f6 bmdma 0xc040 irq 14 lpm-pol 0
[    1.215827] ata2: PATA max MWDMA2 cmd 0x170 ctl 0x376 bmdma 0xc048 irq 15 lpm-pol 0
[    1.219679] tun: Universal TUN/TAP device driver, 1.6
[    1.220646] e100: Intel(R) PRO/100 Network Driver
[    1.221143] e100: Copyright(c) 1999-2006 Intel Corporation
[    1.221868] e1000: Intel(R) PRO/1000 Network Driver
[    1.222378] e1000: Copyright (c) 1999-2006 Intel Corporation.
[    1.374620] ata1: found unknown device (class 0)
[    1.375670] ata1.00: Model 'QEMU HARDDISK', rev '2.5+', applying quirks: bridgeok
[    1.376485] ata1.00: ATA-7: QEMU HARDDISK, 2.5+, max UDMA/100
[    1.377136] ata1.00: 17196647 sectors, multi 16: LBA48 
[    1.377952] ata2: found unknown device (class 0)
[    1.378833] ata2.00: ATAPI: QEMU DVD-ROM, 2.5+, max UDMA/100
[    1.381726] scsi 0:0:0:0: Direct-Access     ATA      QEMU HARDDISK    2.5+ PQ: 0 ANSI: 5
[    1.388216] sd 0:0:0:0: [sda] 17196647 512-byte logical blocks: (8.80 GB/8.20 GiB)
[    1.389071] sd 0:0:0:0: [sda] Write Protect is off
[    1.389691] sd 0:0:0:0: Attached scsi generic sg0 type 0
[    1.390323] sd 0:0:0:0: [sda] Write cache: enabled, read cache: enabled, doesn't support DPO or FUA
[    1.391354] sd 0:0:0:0: [sda] Preferred minimum I/O size 512 bytes
[    1.396106] scsi 1:0:0:0: CD-ROM            QEMU     QEMU DVD-ROM     2.5+ PQ: 0 ANSI: 5
[    1.428745] sd 0:0:0:0: [sda] Attached SCSI disk
[    1.429512] scsi 1:0:0:0: Attached scsi generic sg1 type 5
[    2.046459] ACPI: \_SB_.LNKC: Enabled at IRQ 11
[    2.361842] e1000 0000:00:03.0 eth0: (PCI:33MHz:32-bit) 52:54:00:12:34:56
[    2.362567] e1000 0000:00:03.0 eth0: Intel(R) PRO/1000 Network Connection
[    2.363456] e1000e: Intel(R) PRO/1000 Network Driver
[    2.363969] e1000e: Copyright(c) 1999 - 2015 Intel Corporation.
[    2.365049] igb: Intel(R) Gigabit Ethernet Network Driver
[    2.365621] igb: Copyright (c) 2007-2014 Intel Corporation.
[    2.366610] PPP generic driver version 2.4.2
[    2.367892] VFIO - User Level meta-driver version: 0.3
[    2.370926] usbcore: registered new interface driver uas
[    2.371687] usbcore: registered new interface driver usb-storage
[    2.372606] i8042: PNP: PS/2 Controller [PNP0303:KBD,PNP0f13:MOU] at 0x60,0x64 irq 1,12
[    2.374595] serio: i8042 KBD port at 0x60,0x64 irq 1
[    2.375191] serio: i8042 AUX port at 0x60,0x64 irq 12
[    2.377077] mousedev: PS/2 mouse device common for all mice
[    2.379447] input: AT Translated Set 2 keyboard as /devices/platform/i8042/serio0/input/input1
[    2.381556] rtc_cmos PNP0B00:00: RTC can wake from S4
[    2.384256] rtc_cmos PNP0B00:00: registered as rtc0
[    2.385010] rtc_cmos PNP0B00:00: setting system clock to 2026-05-06T03:17:45 UTC (1778037465)
[    2.386513] input: VirtualPS/2 VMware VMMouse as /devices/platform/i8042/serio1/input/input4
[    2.388472] rtc_cmos PNP0B00:00: alarms up to one day, y3k, 242 bytes nvram, hpet irqs
[    2.389388] i2c_dev: i2c /dev entries driver
[    2.389952] device-mapper: core: CONFIG_IMA_DISABLE_HTABLE is disabled. Duplicate IMA measurements will not be recorded in the IMA log.
[    2.391283] device-mapper: uevent: version 1.0.3
[    2.392226] device-mapper: ioctl: 4.50.0-ioctl (2025-04-28) initialised: dm-devel@lists.linux.dev
[    2.393160] intel_pstate: CPU model not supported
[    2.394866] drop_monitor: Initializing network drop monitor service
[    2.395895] NET: Registered PF_INET6 protocol family
[    2.396797] input: VirtualPS/2 VMware VMMouse as /devices/platform/i8042/serio1/input/input3
[    2.401562] Segment Routing with IPv6
[    2.402009] In-situ OAM (IOAM) with IPv6
[    2.402472] NET: Registered PF_PACKET protocol family
[    2.404370] 9pnet: Installing 9P2000 support
[    2.404934] Key type dns_resolver registered
[    2.408086] IPI shorthand broadcast: enabled
[    2.479281] sched_clock: Marking stable (2460005862, 17108814)->(2485589742, -8475066)
[    2.481004] registered taskstats version 1
[    2.483810] Loading compiled-in X.509 certificates
[    2.573829] Demotion targets for Node 0: null
[    2.576376] Key type .fscrypt registered
[    2.576802] Key type fscrypt-provisioning registered
[    2.583913] Key type encrypted registered
[    2.584374] ima: No TPM chip found, activating TPM-bypass!
[    2.584896] ima: Allocated hash algorithm: sha1
[    2.585543] ima: No architecture policies found
[    2.586179] evm: Initialising EVM extended attributes:
[    2.586730] evm: security.selinux
[    2.587074] evm: security.SMACK64
[    2.587424] evm: security.SMACK64EXEC
[    2.587799] evm: security.SMACK64TRANSMUTE
[    2.588216] evm: security.SMACK64MMAP
[    2.588596] evm: security.apparmor
[    2.588947] evm: security.ima
[    2.589334] evm: security.capability
[    2.589696] evm: HMAC attrs: 0x1
[    2.592527] PM:   Magic number: 10:478:259
[    2.593811] RAS: Correctable Errors collector initialized.
[    3.713738] clk: Disabling unused clocks
[    3.714184] PM: genpd: Disabling unused power domains
[    3.715600] md: Waiting for all devices to be available before autodetect
[    3.716067] md: If you don't use raid, use raid=noautodetect
[    3.716442] md: Autodetecting RAID arrays.
[    3.716744] md: autorun ...
[    3.716955] md: ... autorun DONE.
[    3.728826] EXT4-fs (sda): INFO: recovery required on readonly filesystem
[    3.729368] EXT4-fs (sda): write access will be enabled during recovery
[    3.771740] EXT4-fs (sda): recovery complete
[    3.774744] EXT4-fs (sda): mounted filesystem 088740a9-c8b4-422c-999d-a804eb68a4da ro with ordered data mode. Quota mode: none.
[    3.775641] VFS: Mounted root (ext4 filesystem) readonly on device 8:0.
[    3.779548] devtmpfs: mounted
[    3.780293] VFS: Pivoted into new rootfs
[    3.789589] Callback from call_rcu_tasks() invoked.
[    3.800961] Freeing unused decrypted memory: 2036K
[    3.808110] Freeing unused kernel image (initmem) memory: 16684K
[    3.808622] Write protecting the kernel read-only data: 102400k
[    3.810818] Freeing unused kernel image (text/rodata gap) memory: 16K
[    3.812387] Freeing unused kernel image (rodata/data gap) memory: 920K
[    4.747434] x86/mm: Checked W+X mappings: passed, no W+X pages found.
[    4.747878] Run /sbin/init as init process
[    4.967763] systemd[1]: systemd 252-15.el9 running in system mode (+PAM +AUDIT +SELINUX -APPARMOR +IMA +SMACK +SECCOMP +GCRYPT +GNUTLS +OPENSSL +ACL +BLKID +CURL +ELFUTILS -FIDO2 +IDN2 -IDN -IPTC +KMOD +LIBCRYPTSETUP +LIBFDISK +PCRE2 -PWQUALITY +P11KIT -QRENCODE +TPM2 +BZIP2 +LZ4 +XZ +ZLIB +ZSTD -BPF_FRAMEWORK +XKBCOMMON +UTMP +SYSVINIT default-hierarchy=unified)
[    4.970039] systemd[1]: Detected virtualization kvm.
[    4.970405] systemd[1]: Detected architecture x86-64.

Welcome to [0;31mCentOS Stream 9[0m!

[    4.976481] systemd[1]: Hostname set to <test>.
[    5.162531] systemd-rc-local-generator[122]: /etc/rc.d/rc.local is not marked executable, skipping.
[    5.618577] systemd[1]: Queued start job for default target Multi-User System.
[    5.640339] systemd[1]: Created slice Virtual Machine and Container Slice.
[[0;32m  OK  [0m] Created slice [0;1;39mVirtual Machine and Container Slice[0m.
[    5.645792] systemd[1]: Created slice Slice /system/getty.
[[0;32m  OK  [0m] Created slice [0;1;39mSlice /system/getty[0m.
[    5.649058] systemd[1]: Created slice Slice /system/modprobe.
[[0;32m  OK  [0m] Created slice [0;1;39mSlice /system/modprobe[0m.
[    5.652464] systemd[1]: Created slice Slice /system/serial-getty.
[[0;32m  OK  [0m] Created slice [0;1;39mSlice /system/serial-getty[0m.
[    5.655934] systemd[1]: Created slice Slice /system/sshd-keygen.
[[0;32m  OK  [0m] Created slice [0;1;39mSlice /system/sshd-keygen[0m.
[    5.658806] systemd[1]: Created slice User and Session Slice.
[[0;32m  OK  [0m] Created slice [0;1;39mUser and Session Slice[0m.
[    5.660333] systemd[1]: Started Forward Password Requests to Wall Directory Watch.
[[0;32m  OK  [0m] Started [0;1;39mForward Password R…uests to Wall Directory Watch[0m.
[    5.662824] systemd[1]: Set up automount Arbitrary Executable File Formats File System Automount Point.
[[0;32m  OK  [0m] Set up automount [0;1;39mArbitrary…s File System Automount Point[0m.
[    5.664438] systemd[1]: Reached target Local Integrity Protected Volumes.
[[0;32m  OK  [0m] Reached target [0;1;39mLocal Integrity Protected Volumes[0m.
[    5.665977] systemd[1]: Reached target Slice Units.
[[0;32m  OK  [0m] Reached target [0;1;39mSlice Units[0m.
[    5.666904] systemd[1]: Reached target Swaps.
[[0;32m  OK  [0m] Reached target [0;1;39mSwaps[0m.
[    5.667740] systemd[1]: Reached target Local Verity Protected Volumes.
[[0;32m  OK  [0m] Reached target [0;1;39mLocal Verity Protected Volumes[0m.
[    5.669246] systemd[1]: Listening on Device-mapper event daemon FIFOs.
[[0;32m  OK  [0m] Listening on [0;1;39mDevice-mapper event daemon FIFOs[0m.
[    5.671006] systemd[1]: Listening on LVM2 poll daemon socket.
[[0;32m  OK  [0m] Listening on [0;1;39mLVM2 poll daemon socket[0m.
[    5.672289] systemd[1]: multipathd control socket was skipped because of an unmet condition check (ConditionPathExists=/etc/multipath.conf).
[    5.717432] systemd[1]: Listening on RPCbind Server Activation Socket.
[[0;32m  OK  [0m] Listening on [0;1;39mRPCbind Server Activation Socket[0m.
[    5.719296] systemd[1]: Reached target RPC Port Mapper.
[[0;32m  OK  [0m] Reached target [0;1;39mRPC Port Mapper[0m.
[    5.723265] systemd[1]: Listening on Process Core Dump Socket.
[[0;32m  OK  [0m] Listening on [0;1;39mProcess Core Dump Socket[0m.
[    5.725517] systemd[1]: Listening on initctl Compatibility Named Pipe.
[[0;32m  OK  [0m] Listening on [0;1;39minitctl Compatibility Named Pipe[0m.
[    5.727790] systemd[1]: Listening on Journal Socket (/dev/log).
[[0;32m  OK  [0m] Listening on [0;1;39mJournal Socket (/dev/log)[0m.
[    5.729685] systemd[1]: Listening on Journal Socket.
[[0;32m  OK  [0m] Listening on [0;1;39mJournal Socket[0m.
[    5.731402] systemd[1]: Listening on udev Control Socket.
[[0;32m  OK  [0m] Listening on [0;1;39mudev Control Socket[0m.
[    5.733096] systemd[1]: Listening on udev Kernel Socket.
[[0;32m  OK  [0m] Listening on [0;1;39mudev Kernel Socket[0m.
[    5.750011] systemd[1]: Mounting Huge Pages File System...
         Mounting [0;1;39mHuge Pages File System[0m...
[    5.757493] systemd[1]: Mounting POSIX Message Queue File System...
         Mounting [0;1;39mPOSIX Message Queue File System[0m...
[    5.769406] systemd[1]: Mounting Kernel Debug File System...
         Mounting [0;1;39mKernel Debug File System[0m...
[    5.781660] systemd[1]: Mounting Kernel Trace File System...
         Mounting [0;1;39mKernel Trace File System[0m...
[    5.783015] systemd[1]: Kernel Module supporting RPCSEC_GSS was skipped because of an unmet condition check (ConditionPathExists=/etc/krb5.keytab).
[    5.783996] systemd[1]: Create List of Static Device Nodes was skipped because of an unmet condition check (ConditionFileNotEmpty=/lib/modules/7.1.0-rc1-5b0c911bcdbd+/modules.devname).
[    5.792646] systemd[1]: Starting Monitoring of LVM2 mirrors, snapshots etc. using dmeventd or progress polling...
         Starting [0;1;39mMonitoring of LVM…meventd or progress polling[0m...
[    5.811927] systemd[1]: Starting Load Kernel Module configfs...
         Starting [0;1;39mLoad Kernel Module configfs[0m...
[    5.825238] systemd[1]: Starting Load Kernel Module drm...
         Starting [0;1;39mLoad Kernel Module drm[0m...
[    5.836613] systemd[1]: Starting Load Kernel Module fuse...
         Starting [0;1;39mLoad Kernel Module fuse[0m...
[    5.844829] systemd[1]: Starting Read and set NIS domainname from /etc/sysconfig/network...
         Starting [0;1;39mRead and set NIS …from /etc/sysconfig/network[0m...
[    5.870376] systemd[1]: Starting Journal Service...
         Starting [0;1;39mJournal Service[0m...
[    5.887107] systemd[1]: Starting Load Kernel Modules...
         Starting [0;1;39mLoad Kernel Modules[0m...
[    5.902794] systemd[1]: Starting Generate network units from Kernel command line...
         Starting [0;1;39mGenerate network …ts from Kernel command line[0m...
[    5.928434] systemd[1]: Starting Remount Root and Kernel File Systems...
         Starting [0;1;39mRemount Root and Kernel File Systems[0m...
[    5.938967] systemd[1]: Repartition Root Disk was skipped because no trigger condition checks were met.
[    5.959910] systemd[1]: Starting Coldplug All udev Devices...
         Starting [0;1;39mColdplug All udev Devices[0m...
[    5.979615] systemd[1]: Mounted Huge Pages File System.
[[0;32m  OK  [0m] Mounted [0;1;39mHuge Pages File System[0m.
[    5.983045] systemd[1]: Mounted POSIX Message Queue File System.
[[0;32m  OK  [0m] Mounted [0;1;39mPOSIX Message Queue File System[0m.
[    5.985985] systemd[1]: Mounted Kernel Debug File System.
[[0;32m  OK  [0m] Mounted [0;1;39mKernel Debug File System[0m.
[    5.988331] systemd[1]: Mounted Kernel Trace File System.
[[0;32m  OK  [0m] Mounted [0;1;39mKernel Trace File System[0m.
[    5.998061] systemd[1]: Finished Monitoring of LVM2 mirrors, snapshots etc. using dmeventd or progress polling.
[[0;32m  OK  [0m] Finished [0;1;39mMonitoring of LVM… dmeventd or progress polling[0m.
[    6.003462] EXT4-fs (sda): re-mounted 088740a9-c8b4-422c-999d-a804eb68a4da r/w.
[    6.006775] systemd[1]: modprobe@configfs.service: Deactivated successfully.
[    6.014398] systemd[1]: Finished Load Kernel Module configfs.
[[0;32m  OK  [0m] Finished [0;1;39mLoad Kernel Module configfs[0m.
[    6.030844] systemd[1]: modprobe@drm.service: Deactivated successfully.
[    6.038506] systemd[1]: Finished Load Kernel Module drm.
[[0;32m  OK  [0m] Finished [0;1;39mLoad Kernel Module drm[0m.
[    6.044287] systemd[1]: modprobe@fuse.service: Deactivated successfully.
[    6.052972] systemd[1]: Finished Load Kernel Module fuse.
[[0;32m  OK  [0m] Finished [0;1;39mLoad Kernel Module fuse[0m.
[    6.054521] systemd[1]: Started Journal Service.
[[0;32m  OK  [0m] Started [0;1;39mJournal Service[0m.
[[0;32m  OK  [0m] Finished [0;1;39mRead and set NIS …e from /etc/sysconfig/network[0m.
[[0;1;31mFAILED[0m] Failed to start [0;1;39mLoad Kernel Modules[0m.
See 'systemctl status systemd-modules-load.service' for details.
[[0;32m  OK  [0m] Finished [0;1;39mGenerate network units from Kernel command line[0m.
[[0;32m  OK  [0m] Finished [0;1;39mRemount Root and Kernel File Systems[0m.
[[0;32m  OK  [0m] Reached target [0;1;39mPreparation for Network[0m.
         Mounting [0;1;39mFUSE Control File System[0m...
         Mounting [0;1;39mKernel Configuration File System[0m...
         Starting [0;1;39mFlush Journal to Persistent Storage[0m...
         Starting [0;1;39mLoad/Save Random Seed[0m...
         Starting [0;1;39mApply Kernel Variables[0m...
         Starting [0;1;39mCreate Static Device Nodes in /dev[0m...
[    6.187396] systemd-journald[144]: Received client request to flush runtime journal.
         Starting [0;1;39mSetup Virtual Console[0m...
[[0;32m  OK  [0m] Mounted [0;1;39mFUSE Control File System[0m.
[[0;32m  OK  [0m] Mounted [0;1;39mKernel Configuration File System[0m.
[[0;32m  OK  [0m] Finished [0;1;39mFlush Journal to Persistent Storage[0m.
[[0;32m  OK  [0m] Finished [0;1;39mLoad/Save Random Seed[0m.
[[0;32m  OK  [0m] Finished [0;1;39mApply Kernel Variables[0m.
[[0;32m  OK  [0m] Finished [0;1;39mCreate Static Device Nodes in /dev[0m.
         Starting [0;1;39mRule-based Manage…for Device Events and Files[0m...
[[0;32m  OK  [0m] Started [0;1;39mRule-based Manager for Device Events and Files[0m.
         Starting [0;1;39mAuto-connect to s…E devices found during boot[0m...
[[0;32m  OK  [0m] Finished [0;1;39mAuto-connect to s…VME devices found during boot[0m.
[[0;32m  OK  [0m] Finished [0;1;39mColdplug All udev Devices[0m.
         Starting [0;1;39mWait for udev To …plete Device Initialization[0m...
[[0;32m  OK  [0m] Finished [0;1;39mSetup Virtual Console[0m.
         Starting [0;1;39mShow Plymouth Boot Screen[0m...
[2J[3J[-1;-1f[[0;32m  OK  [0m] Started [0;1;39mShow Plymouth Boot Screen[0m.
[[0;32m  OK  [0m] Started [0;1;39mForward Password R…s to Plymouth Directory Watch[0m.
[[0;32m  OK  [0m] Reached target [0;1;39mLocal Encrypted Volumes[0m.
[[0;32m  OK  [0m] Reached target [0;1;39mPath Units[0m.
[[0;32m  OK  [0m] Found device [0;1;39m/dev/ttyS0[0m.
[[0;32m  OK  [0m] Listening on [0;1;39mLoad/Save RF …itch Status /dev/rfkill Watch[0m.
[[0;32m  OK  [0m] Finished [0;1;39mWait for udev To Complete Device Initialization[0m.
[[0;32m  OK  [0m] Reached target [0;1;39mPreparation for Local File Systems[0m.
[[0;32m  OK  [0m] Reached target [0;1;39mLocal File Systems[0m.
         Starting [0;1;39mTell Plymouth To Write Out Runtime Data[0m...
         Starting [0;1;39mAutomatic Boot Loader Update[0m...
         Starting [0;1;39mCreate Volatile Files and Directories[0m...
[[0;32m  OK  [0m] Finished [0;1;39mTell Plymouth To Write Out Runtime Data[0m.
[[0;32m  OK  [0m] Finished [0;1;39mAutomatic Boot Loader Update[0m.
[[0;32m  OK  [0m] Finished [0;1;39mCreate Volatile Files and Directories[0m.
         Mounting [0;1;39mRPC Pipe File System[0m...
         Starting [0;1;39mSecurity Auditing Service[0m...
         Starting [0;1;39mRPC Bind[0m...
[[0;32m  OK  [0m] Mounted [0;1;39mRPC Pipe File System[0m.
[[0;32m  OK  [0m] Reached target [0;1;39mrpc_pipefs.target[0m.
[[0;32m  OK  [0m] Started [0;1;39mRPC Bind[0m.
[[0;32m  OK  [0m] Started [0;1;39mSecurity Auditing Service[0m.
         Starting [0;1;39mRecord System Boot/Shutdown in UTMP[0m...
[[0;32m  OK  [0m] Finished [0;1;39mRecord System Boot/Shutdown in UTMP[0m.
[[0;32m  OK  [0m] Reached target [0;1;39mSystem Initialization[0m.
[[0;32m  OK  [0m] Started [0;1;39mDaily rotation of log files[0m.
[[0;32m  OK  [0m] Started [0;1;39mUpdates mlocate database every day[0m.
[[0;32m  OK  [0m] Started [0;1;39mDaily Cleanup of Temporary Directories[0m.
[[0;32m  OK  [0m] Started [0;1;39mdaily update of the root trust anchor for DNSSEC[0m.
[[0;32m  OK  [0m] Reached target [0;1;39mTimer Units[0m.
[[0;32m  OK  [0m] Listening on [0;1;39mD-Bus System Message Bus Socket[0m.
[[0;32m  OK  [0m] Listening on [0;1;39mOpen-iSCSI iscsid Socket[0m.
[[0;32m  OK  [0m] Listening on [0;1;39mOpen-iSCSI iscsiuio Socket[0m.
[[0;32m  OK  [0m] Listening on [0;1;39mSSSD Kerberos…ache Manager responder socket[0m.
[[0;32m  OK  [0m] Listening on [0;1;39mLibvirt interface local socket[0m.
[[0;32m  OK  [0m] Listening on [0;1;39mVirtual machine lock manager socket[0m.
[[0;32m  OK  [0m] Listening on [0;1;39mVirtual machine log manager socket[0m.
[[0;32m  OK  [0m] Listening on [0;1;39mLibvirt network local socket[0m.
[[0;32m  OK  [0m] Listening on [0;1;39mLibvirt nodedev local socket[0m.
[[0;32m  OK  [0m] Listening on [0;1;39mLibvirt nwfilter local socket[0m.
[[0;32m  OK  [0m] Listening on [0;1;39mLibvirt proxy local socket[0m.
[[0;32m  OK  [0m] Listening on [0;1;39mLibvirt qemu local socket[0m.
[[0;32m  OK  [0m] Listening on [0;1;39mLibvirt qemu admin socket[0m.
[[0;32m  OK  [0m] Listening on [0;1;39mLibvirt qemu local read-only socket[0m.
[[0;32m  OK  [0m] Listening on [0;1;39mLibvirt secret local socket[0m.
[[0;32m  OK  [0m] Listening on [0;1;39mLibvirt storage local socket[0m.
[[0;32m  OK  [0m] Reached target [0;1;39mSocket Units[0m.
         Starting [0;1;39mD-Bus System Message Bus[0m...
[[0;32m  OK  [0m] Started [0;1;39mD-Bus System Message Bus[0m.
[[0;32m  OK  [0m] Reached target [0;1;39mBasic System[0m.
         Starting [0;1;39mNetwork Manager[0m...
         Starting [0;1;39mNTP client/server[0m...
         Starting [0;1;39mRestore /run/initramfs on shutdown[0m...
[[0;32m  OK  [0m] Started [0;1;39mirqbalance daemon[0m.
[[0;32m  OK  [0m] Started [0;1;39mlibstoragemgmt plug-in server daemon[0m.
[[0;32m  OK  [0m] Started [0;1;39mMachine Check Exception Logging Daemon[0m.
[[0;32m  OK  [0m] Reached target [0;1;39msshd-keygen.target[0m.
[[0;32m  OK  [0m] Reached target [0;1;39mUser and Group Name Lookups[0m.
         Starting [0;1;39mUser Login Management[0m...
         Starting [0;1;39mVirtual Machine a…tainer Registration Service[0m...
[[0;32m  OK  [0m] Finished [0;1;39mRestore /run/initramfs on shutdown[0m.
[[0;32m  OK  [0m] Started [0;1;39mVirtual Machine an…ontainer Registration Service[0m.
         Starting [0;1;39mHostname Service[0m...
[[0;32m  OK  [0m] Started [0;1;39mNTP client/server[0m.
[[0;32m  OK  [0m] Started [0;1;39mUser Login Management[0m.
[[0;32m  OK  [0m] Started [0;1;39mHostname Service[0m.
         Starting [0;1;39mNetwork Manager Script Dispatcher Service[0m...
[[0;32m  OK  [0m] Started [0;1;39mNetwork Manager Script Dispatcher Service[0m.
[    9.714811] e1000: eth0 NIC Link is Up 1000 Mbps Full Duplex, Flow Control: RX
[[0;32m  OK  [0m] Started [0;1;39mNetwork Manager[0m.
[[0;32m  OK  [0m] Reached target [0;1;39mNetwork[0m.
[[0;32m  OK  [0m] Reached target [0;1;39mNetwork is Online[0m.
         Starting [0;1;39mGSSAPI Proxy Daemon[0m...
         Starting [0;1;39mNotify NFS peers of a restart[0m...
         Starting [0;1;39mSystem Logging Service[0m...
         Starting [0;1;39mOpenSSH server daemon[0m...
         Starting [0;1;39mDynamic System Tuning Daemon[0m...
[[0;32m  OK  [0m] Started [0;1;39mNotify NFS peers of a restart[0m.
[[0;32m  OK  [0m] Started [0;1;39mOpenSSH server daemon[0m.
[[0;32m  OK  [0m] Started [0;1;39mGSSAPI Proxy Daemon[0m.
[[0;32m  OK  [0m] Reached target [0;1;39mNFS client services[0m.
[[0;32m  OK  [0m] Reached target [0;1;39mPreparation for Remote File Systems[0m.
[[0;32m  OK  [0m] Reached target [0;1;39mRemote File Systems[0m.
         Starting [0;1;39mPermit User Sessions[0m...
         Starting [0;1;39mVirtualization qemu daemon[0m...
[[0;32m  OK  [0m] Finished [0;1;39mPermit User Sessions[0m.
[[0;32m  OK  [0m] Started [0;1;39mDeferred execution scheduler[0m.
[[0;32m  OK  [0m] Started [0;1;39mCommand Scheduler[0m.
         Starting [0;1;39mHold until boot process finishes up[0m...
         Starting [0;1;39mTerminate Plymouth Boot Screen[0m...
[[0;32m  OK  [0m] Started [0;1;39mSystem Logging Service[0m.
[[0;32m  OK  [0m] Started [0;1;39mVirtualization qemu daemon[0m.
[   12.885446] clocksource: Watchdog remote CPU 1 read timed out

CentOS Stream 9
Kernel 7.1.0-rc1-5b0c911bcdbd+ on an x86_64

Activate the web console with: systemctl enable --now cockpit.socket

test login: [   16.622889] pimreg: entered allmulticast mode
[   16.646362] pimreg: entered allmulticast mode
[   16.658432] pimreg: left allmulticast mode
[   16.667695] pimreg: entered allmulticast mode
[   16.702594] pimreg: entered allmulticast mode
[   16.713405] pimreg: entered allmulticast mode
[   16.738982] pimreg: entered allmulticast mode
[   16.750290] pimreg: left allmulticast mode
[   16.750629] pimreg: left allmulticast mode
[   16.750906] pimreg: left allmulticast mode
[   16.759645] pimreg: entered allmulticast mode
[   16.787184] pimreg: entered allmulticast mode
[   16.809581] pimreg: entered allmulticast mode
[   16.849801] pimreg: entered allmulticast mode
[   16.874406] pimreg: entered allmulticast mode
[   16.878028] pimreg: left allmulticast mode
[   16.878444] pimreg: left allmulticast mode
[   16.878713] pimreg: left allmulticast mode
[   16.879193] pimreg: left allmulticast mode
[   16.879607] pimreg: left allmulticast mode
[   16.890470] pimreg: entered allmulticast mode
[   16.911003] pimreg: entered allmulticast mode
[   16.921992] pimreg: entered allmulticast mode
[   16.946316] pimreg: entered allmulticast mode
[   16.974417] pimreg: entered allmulticast mode
[   17.005601] pimreg: entered allmulticast mode
[   17.061439] pimreg: entered allmulticast mode
[   17.070129] pimreg: left allmulticast mode
[   17.070481] pimreg: left allmulticast mode
[   17.070778] pimreg: left allmulticast mode
[   17.071043] pimreg: left allmulticast mode
[   17.071301] pimreg: left allmulticast mode
[   17.071610] pimreg: left allmulticast mode
[   17.071928] pimreg: left allmulticast mode
[   17.072226] pimreg: left allmulticast mode
[   17.087525] pimreg: entered allmulticast mode
[   17.109569] pimreg: entered allmulticast mode
[   17.134170] pimreg: entered allmulticast mode
[   17.150009] pimreg: entered allmulticast mode
[   17.182234] pimreg: entered allmulticast mode
[   17.214257] pimreg: entered allmulticast mode
[   17.245147] pimreg: entered allmulticast mode
[   17.270385] pimreg: entered allmulticast mode
[   17.286626] pimreg: entered allmulticast mode
[   17.290304] pimreg: left allmulticast mode
[   17.290637] pimreg: left allmulticast mode
[   17.290914] pimreg: left allmulticast mode
[   17.291166] pimreg: left allmulticast mode
[   17.291470] pimreg: left allmulticast mode
[   17.292430] pimreg: left allmulticast mode
[   17.292921] pimreg: left allmulticast mode
[   17.293298] pimreg: left allmulticast mode
[   17.293617] pimreg: left allmulticast mode
[   17.308258] pimreg: entered allmulticast mode
[   17.336243] pimreg: entered allmulticast mode
[   17.362694] pimreg: entered allmulticast mode
[   17.374793] pimreg: entered allmulticast mode
[   17.397866] pimreg: entered allmulticast mode
[   17.434047] pimreg: entered allmulticast mode
[   17.473447] pimreg: entered allmulticast mode
[   17.497650] pimreg: entered allmulticast mode
[   17.522601] pimreg: entered allmulticast mode
[   17.534503] pimreg: left allmulticast mode
[   17.534856] pimreg: left allmulticast mode
[   17.535128] pimreg: left allmulticast mode
[   17.535399] pimreg: left allmulticast mode
[   17.535660] pimreg: left allmulticast mode
[   17.535944] pimreg: left allmulticast mode
[   17.536197] pimreg: left allmulticast mode
[   17.536499] pimreg: left allmulticast mode
[   17.536805] pimreg: left allmulticast mode
[   17.553274] pimreg: entered allmulticast mode
[   17.590248] pimreg: entered allmulticast mode
[   17.604171] pimreg: entered allmulticast mode
[   17.630591] pimreg: entered allmulticast mode
[   17.645725] pimreg: entered allmulticast mode
[   17.669689] pimreg: entered allmulticast mode
[   17.682107] pimreg: left allmulticast mode
[   17.682434] pimreg: left allmulticast mode
[   17.682704] pimreg: left allmulticast mode
[   17.682973] pimreg: left allmulticast mode
[   17.683225] pimreg: left allmulticast mode
[   17.683524] pimreg: left allmulticast mode
[   17.694751] pimreg: entered allmulticast mode
[   17.723870] pimreg: entered allmulticast mode
[   17.749319] pimreg: entered allmulticast mode
[   17.770783] pimreg: entered allmulticast mode
[   17.789093] pimreg: entered allmulticast mode
[   17.813891] pimreg: entered allmulticast mode
[   17.842935] pimreg: entered allmulticast mode
[   17.862046] pimreg: left allmulticast mode
[   17.862386] pimreg: left allmulticast mode
[   17.862650] pimreg: left allmulticast mode
[   17.862913] pimreg: left allmulticast mode
[   17.863212] pimreg: left allmulticast mode
[   17.863535] pimreg: left allmulticast mode
[   17.864321] pimreg: left allmulticast mode
[   17.877250] pimreg: entered allmulticast mode
[   17.921770] pimreg: entered allmulticast mode
[   17.941586] pimreg: entered allmulticast mode
[   17.962201] pimreg: entered allmulticast mode
[   17.989493] pimreg: entered allmulticast mode
[   18.033572] pimreg: entered allmulticast mode
[   18.057441] pimreg: entered allmulticast mode
[   18.085956] pimreg: entered allmulticast mode
[   18.110413] pimreg: left allmulticast mode
[   18.110757] pimreg: left allmulticast mode
[   18.111022] pimreg: left allmulticast mode
[   18.111271] pimreg: left allmulticast mode
[   18.111528] pimreg: left allmulticast mode
[   18.111846] pimreg: left allmulticast mode
[   18.112130] pimreg: left allmulticast mode
[   18.112424] pimreg: left allmulticast mode
[   18.126096] pimreg: entered allmulticast mode
[   18.162507] pimreg: entered allmulticast mode
[   18.185536] pimreg: entered allmulticast mode
[   18.209282] pimreg: entered allmulticast mode
[   18.237698] pimreg: entered allmulticast mode
[   18.262955] pimreg: left allmulticast mode
[   18.263290] pimreg: left allmulticast mode
[   18.263554] pimreg: left allmulticast mode
[   18.263834] pimreg: left allmulticast mode
[   18.264085] pimreg: left allmulticast mode
[   18.273680] pimreg: entered allmulticast mode
[   18.292488] pimreg: entered allmulticast mode
[   18.320663] pimreg: entered allmulticast mode
[   18.346547] pimreg: entered allmulticast mode
[   18.358330] pimreg: left allmulticast mode
[   18.358685] pimreg: left allmulticast mode
[   18.358964] pimreg: left allmulticast mode
[   18.359281] pimreg: left allmulticast mode
[   18.369400] pimreg: entered allmulticast mode
[   18.398338] pimreg: entered allmulticast mode
[   18.423125] pimreg: entered allmulticast mode
[   18.441690] pimreg: entered allmulticast mode
[   18.461786] pimreg: entered allmulticast mode
[   18.489255] pimreg: entered allmulticast mode
[   18.514259] pimreg: left allmulticast mode
[   18.515064] pimreg: left allmulticast mode
[   18.515486] pimreg: left allmulticast mode
[   18.515859] pimreg: left allmulticast mode
[   18.516167] pimreg: left allmulticast mode
[   18.516464] pimreg: left allmulticast mode
[   18.526869] pimreg: entered allmulticast mode
[   18.545761] pimreg: entered allmulticast mode
[   18.573101] pimreg: entered allmulticast mode
[   18.595677] pimreg: entered allmulticast mode
[   18.613785] pimreg: entered allmulticast mode
[   18.637238] pimreg: entered allmulticast mode
[   18.665540] pimreg: entered allmulticast mode
[   18.669875] pimreg: left allmulticast mode
[   18.670207] pimreg: left allmulticast mode
[   18.670472] pimreg: left allmulticast mode
[   18.670737] pimreg: left allmulticast mode
[   18.671043] pimreg: left allmulticast mode
[   18.671350] pimreg: left allmulticast mode
[   18.689428] pimreg: entered allmulticast mode
[   18.715724] pimreg: entered allmulticast mode
[   18.727122] pimreg: entered allmulticast mode
[   18.761981] pimreg: entered allmulticast mode
[   18.778254] pimreg: entered allmulticast mode
[   18.798218] pimreg: entered allmulticast mode
[   18.822999] pimreg: entered allmulticast mode
[   18.830520] pimreg: left allmulticast mode
[   18.831180] pimreg: left allmulticast mode
[   18.831454] pimreg: left allmulticast mode
[   18.831713] pimreg: left allmulticast mode
[   18.832006] pimreg: left allmulticast mode
[   18.832301] pimreg: left allmulticast mode
[   18.832602] pimreg: left allmulticast mode
[   18.832904] pimreg: left allmulticast mode
[   18.847480] pimreg: entered allmulticast mode
[   18.880261] pimreg: entered allmulticast mode
[   18.902372] pimreg: entered allmulticast mode
[   18.930166] pimreg: entered allmulticast mode
[   18.953502] pimreg: entered allmulticast mode
[   18.985936] pimreg: entered allmulticast mode
[   19.013567] pimreg: entered allmulticast mode
[   19.053499] pimreg: entered allmulticast mode
[   19.077868] pimreg: entered allmulticast mode
[   19.083409] pimreg: left allmulticast mode
[   19.083775] pimreg: left allmulticast mode
[   19.084100] pimreg: left allmulticast mode
[   19.084397] pimreg: left allmulticast mode
[   19.084704] pimreg: left allmulticast mode
[   19.084999] pimreg: left allmulticast mode
[   19.085345] pimreg: left allmulticast mode
[   19.085642] pimreg: left allmulticast mode
[   19.102120] pimreg: entered allmulticast mode
[   19.130009] pimreg: entered allmulticast mode
[   19.150445] pimreg: entered allmulticast mode
[   19.178024] pimreg: entered allmulticast mode
[   19.205506] pimreg: entered allmulticast mode
[   19.234032] pimreg: entered allmulticast mode
[   19.257573] pimreg: entered allmulticast mode
[   19.301206] pimreg: entered allmulticast mode
[   19.322383] pimreg: left allmulticast mode
[   19.322698] pimreg: left allmulticast mode
[   19.323011] pimreg: left allmulticast mode
[   19.323312] pimreg: left allmulticast mode
[   19.323614] pimreg: left allmulticast mode
[   19.324055] pimreg: left allmulticast mode
[   19.324371] pimreg: left allmulticast mode
[   19.324682] pimreg: left allmulticast mode
[   19.324978] pimreg: left allmulticast mode
[   19.339323] pimreg: entered allmulticast mode
[   19.363518] pimreg: entered allmulticast mode
[   19.391900] pimreg: entered allmulticast mode
[   19.402757] pimreg: entered allmulticast mode
[   19.421438] pimreg: entered allmulticast mode
[   19.433271] pimreg: entered allmulticast mode
[   19.474278] pimreg: entered allmulticast mode
[   19.493902] pimreg: entered allmulticast mode
[   19.516902] pimreg: entered allmulticast mode
[   19.530119] pimreg: left allmulticast mode
[   19.530723] pimreg: left allmulticast mode
[   19.530989] pimreg: left allmulticast mode
[   19.531265] pimreg: left allmulticast mode
[   19.531529] pimreg: left allmulticast mode
[   19.531793] pimreg: left allmulticast mode
[   19.532098] pimreg: left allmulticast mode
[   19.532419] pimreg: left allmulticast mode
[   19.532734] pimreg: left allmulticast mode
[   19.547855] pimreg: entered allmulticast mode
[   19.579023] pimreg: entered allmulticast mode
[   19.593734] pimreg: entered allmulticast mode
[   19.617467] pimreg: entered allmulticast mode
[   19.643309] pimreg: entered allmulticast mode
[   19.661816] pimreg: entered allmulticast mode
[   19.685467] pimreg: entered allmulticast mode
[   19.713990] pimreg: entered allmulticast mode
[   19.734167] pimreg: left allmulticast mode
[   19.734500] pimreg: left allmulticast mode
[   19.734779] pimreg: left allmulticast mode
[   19.735038] pimreg: left allmulticast mode
[   19.735292] pimreg: left allmulticast mode
[   19.736310] pimreg: left allmulticast mode
[   19.736670] pimreg: left allmulticast mode
[   19.736979] pimreg: left allmulticast mode
[   19.749891] pimreg: entered allmulticast mode
[   19.771401] pimreg: entered allmulticast mode
[   19.789933] pimreg: entered allmulticast mode
[   19.822502] pimreg: entered allmulticast mode
[   19.845706] pimreg: entered allmulticast mode
[   19.873637] pimreg: entered allmulticast mode
[   19.917958] pimreg: entered allmulticast mode
[   19.957568] pimreg: entered allmulticast mode
[   19.986374] pimreg: left allmulticast mode
[   19.986692] pimreg: left allmulticast mode
[   19.986965] pimreg: left allmulticast mode
[   19.987255] pimreg: left allmulticast mode
[   19.987514] pimreg: left allmulticast mode
[   19.987835] pimreg: left allmulticast mode
[   19.988154] pimreg: left allmulticast mode
[   19.988462] pimreg: left allmulticast mode
[   20.001709] pimreg: entered allmulticast mode
[   20.022719] pimreg: entered allmulticast mode
[   20.047635] pimreg: entered allmulticast mode
[   20.058719] pimreg: entered allmulticast mode
[   20.082173] pimreg: entered allmulticast mode
[   20.101943] pimreg: entered allmulticast mode
[   20.114901] pimreg: left allmulticast mode
[   20.115253] pimreg: left allmulticast mode
[   20.115523] pimreg: left allmulticast mode
[   20.115806] pimreg: left allmulticast mode
[   20.116064] pimreg: left allmulticast mode
[   20.116360] pimreg: left allmulticast mode
[   20.127635] pimreg: entered allmulticast mode
[   20.151778] pimreg: entered allmulticast mode
[   20.171058] pimreg: entered allmulticast mode
[   20.197721] pimreg: entered allmulticast mode
[   20.217540] pimreg: entered allmulticast mode
[   20.241846] pimreg: entered allmulticast mode
[   20.262110] pimreg: entered allmulticast mode
[   20.278144] pimreg: left allmulticast mode
[   20.278445] pimreg: left allmulticast mode
[   20.278717] pimreg: left allmulticast mode
[   20.278968] pimreg: left allmulticast mode
[   20.279267] pimreg: left allmulticast mode
[   20.279688] pimreg: left allmulticast mode
[   20.280005] pimreg: left allmulticast mode
[   20.290978] pimreg: entered allmulticast mode
[   20.311358] pimreg: entered allmulticast mode
[   20.335331] pimreg: entered allmulticast mode
[   20.362213] pimreg: entered allmulticast mode
[   20.377641] pimreg: entered allmulticast mode
[   20.405487] pimreg: entered allmulticast mode
[   20.425332] pimreg: entered allmulticast mode
[   20.456866] pimreg: entered allmulticast mode
[   20.462121] pimreg: left allmulticast mode
[   20.462436] pimreg: left allmulticast mode
[   20.462704] pimreg: left allmulticast mode
[   20.462962] pimreg: left allmulticast mode
[   20.463225] pimreg: left allmulticast mode
[   20.463472] pimreg: left allmulticast mode
[   20.463992] pimreg: left allmulticast mode
[   20.464382] pimreg: left allmulticast mode
[   20.479209] pimreg: entered allmulticast mode
[   20.510205] pimreg: entered allmulticast mode
[   20.540343] pimreg: entered allmulticast mode
[   20.562364] pimreg: entered allmulticast mode
[   20.585781] pimreg: entered allmulticast mode
[   20.609878] pimreg: entered allmulticast mode
[   20.637966] pimreg: entered allmulticast mode
[   20.661928] pimreg: entered allmulticast mode
[   20.685902] pimreg: entered allmulticast mode
[   20.690224] pimreg: left allmulticast mode
[   20.690566] pimreg: left allmulticast mode
[   20.690848] pimreg: left allmulticast mode
[   20.691097] pimreg: left allmulticast mode
[   20.691396] pimreg: left allmulticast mode
[   20.691732] pimreg: left allmulticast mode
[   20.692469] pimreg: left allmulticast mode
[   20.692823] pimreg: left allmulticast mode
[   20.693188] pimreg: left allmulticast mode
[   20.707821] pimreg: entered allmulticast mode
[   20.746909] pimreg: entered allmulticast mode
[   20.771176] pimreg: entered allmulticast mode
[   20.797185] pimreg: entered allmulticast mode
[   20.837700] pimreg: entered allmulticast mode
[   20.861032] pimreg: entered allmulticast mode
[   20.890013] pimreg: entered allmulticast mode
[   20.914100] pimreg: entered allmulticast mode
[   20.938043] pimreg: left allmulticast mode
[   20.938914] pimreg: left allmulticast mode
[   20.939384] pimreg: left allmulticast mode
[   20.939869] pimreg: left allmulticast mode
[   20.940186] pimreg: left allmulticast mode
[   20.940483] pimreg: left allmulticast mode
[   20.940796] pimreg: left allmulticast mode
[   20.941102] pimreg: left allmulticast mode
[   20.954332] pimreg: entered allmulticast mode
[   20.974433] pimreg: entered allmulticast mode
[   20.998776] pimreg: entered allmulticast mode
[   21.028066] pimreg: entered allmulticast mode
[   21.049584] pimreg: entered allmulticast mode
[   21.081718] pimreg: entered allmulticast mode
[   21.105500] pimreg: entered allmulticast mode
[   21.130691] pimreg: entered allmulticast mode
[   21.131284] pimreg: left allmulticast mode
[   21.131663] pimreg: left allmulticast mode
[   21.132037] pimreg: left allmulticast mode
[   21.132292] pimreg: left allmulticast mode
[   21.132549] pimreg: left allmulticast mode
[   21.133043] pimreg: left allmulticast mode
[   21.133424] pimreg: left allmulticast mode
[   21.147086] pimreg: entered allmulticast mode
[   21.182671] pimreg: entered allmulticast mode
[   21.202626] pimreg: entered allmulticast mode
[   21.222417] pimreg: entered allmulticast mode
[   21.261708] pimreg: entered allmulticast mode
[   21.285687] pimreg: entered allmulticast mode
[   21.317683] pimreg: entered allmulticast mode
[   21.361675] pimreg: entered allmulticast mode
[   21.378315] pimreg: left allmulticast mode
[   21.378782] pimreg: left allmulticast mode
[   21.379511] pimreg: left allmulticast mode
[   21.379777] pimreg: left allmulticast mode
[   21.380030] pimreg: left allmulticast mode
[   21.380280] pimreg: left allmulticast mode
[   21.380589] pimreg: left allmulticast mode
[   21.380926] pimreg: left allmulticast mode
[   21.381259] pimreg: left allmulticast mode
[   21.396652] pimreg: entered allmulticast mode
[   21.429987] pimreg: entered allmulticast mode
[   21.456410] pimreg: entered allmulticast mode
[   21.478376] pimreg: entered allmulticast mode
[   21.494051] pimreg: entered allmulticast mode
[   21.513921] pimreg: entered allmulticast mode
[   21.537622] pimreg: entered allmulticast mode
[   21.561884] pimreg: entered allmulticast mode
[   21.585714] pimreg: entered allmulticast mode
[   21.610509] pimreg: left allmulticast mode
[   21.610816] pimreg: left allmulticast mode
[   21.611066] pimreg: left allmulticast mode
[   21.611389] pimreg: left allmulticast mode
[   21.611710] pimreg: left allmulticast mode
[   21.612123] pimreg: left allmulticast mode
[   21.612427] pimreg: left allmulticast mode
[   21.612731] pimreg: left allmulticast mode
[   21.613057] pimreg: left allmulticast mode
[   21.627847] pimreg: entered allmulticast mode
[   21.664088] pimreg: entered allmulticast mode
[   21.681893] pimreg: entered allmulticast mode
[   21.714473] pimreg: entered allmulticast mode
[   21.745606] pimreg: entered allmulticast mode
[   21.777479] pimreg: entered allmulticast mode
[   21.810227] pimreg: entered allmulticast mode
[   21.842110] pimreg: entered allmulticast mode
[   21.870253] pimreg: entered allmulticast mode
[   21.870639] pimreg: left allmulticast mode
[   21.871001] pimreg: left allmulticast mode
[   21.871301] pimreg: left allmulticast mode
[   21.871617] pimreg: left allmulticast mode
[   21.871913] pimreg: left allmulticast mode
[   21.872233] pimreg: left allmulticast mode
[   21.872521] pimreg: left allmulticast mode
[   21.872814] pimreg: left allmulticast mode
[   21.886626] pimreg: entered allmulticast mode
[   21.906814] pimreg: entered allmulticast mode
[   21.930784] pimreg: entered allmulticast mode
[   21.961363] pimreg: entered allmulticast mode
[   21.994628] pimreg: entered allmulticast mode
[   22.013695] pimreg: entered allmulticast mode
[   22.045080] pimreg: entered allmulticast mode
[   22.078115] pimreg: entered allmulticast mode
[   22.110016] pimreg: entered allmulticast mode
[   22.115101] pimreg: left allmulticast mode
[   22.115455] pimreg: left allmulticast mode
[   22.115787] pimreg: left allmulticast mode
[   22.116093] pimreg: left allmulticast mode
[   22.116398] pimreg: left allmulticast mode
[   22.116711] pimreg: left allmulticast mode
[   22.117003] pimreg: left allmulticast mode
[   22.117393] pimreg: left allmulticast mode
[   22.117692] pimreg: left allmulticast mode
[   22.133939] pimreg: entered allmulticast mode
[   22.168215] pimreg: entered allmulticast mode
[   22.180379] pimreg: entered allmulticast mode
[   22.205705] pimreg: entered allmulticast mode
[   22.233211] pimreg: entered allmulticast mode
[   22.265626] pimreg: entered allmulticast mode
[   22.285484] pimreg: entered allmulticast mode
[   22.313708] pimreg: entered allmulticast mode
[   22.337869] pimreg: entered allmulticast mode
[   22.342477] pimreg: left allmulticast mode
[   22.343046] pimreg: left allmulticast mode
[   22.343740] pimreg: left allmulticast mode
[   22.344055] pimreg: left allmulticast mode
[   22.344324] pimreg: left allmulticast mode
[   22.344601] pimreg: left allmulticast mode
[   22.344853] pimreg: left allmulticast mode
[   22.345216] pimreg: left allmulticast mode
[   22.345929] pimreg: left allmulticast mode
[   22.346271] pimreg: left allmulticast mode
[   22.364656] pimreg: entered allmulticast mode
[   22.388418] pimreg: entered allmulticast mode
[   22.418480] pimreg: entered allmulticast mode
[   22.442289] pimreg: entered allmulticast mode
[   22.469664] pimreg: entered allmulticast mode
[   22.505606] pimreg: entered allmulticast mode
[   22.530082] pimreg: entered allmulticast mode
[   22.553818] pimreg: entered allmulticast mode
[   22.593831] pimreg: entered allmulticast mode
[   22.617424] pimreg: entered allmulticast mode
[   22.634649] pimreg: left allmulticast mode
[   22.634997] pimreg: left allmulticast mode
[   22.635327] pimreg: left allmulticast mode
[   22.635643] pimreg: left allmulticast mode
[   22.635941] pimreg: left allmulticast mode
[   22.636238] pimreg: left allmulticast mode
[   22.636533] pimreg: left allmulticast mode
[   22.636840] pimreg: left allmulticast mode
[   22.637167] pimreg: left allmulticast mode
[   22.637469] pimreg: left allmulticast mode
[   22.654150] pimreg: entered allmulticast mode
[   22.673475] pimreg: entered allmulticast mode
[   22.693084] pimreg: entered allmulticast mode
[   22.712738] pimreg: entered allmulticast mode
[   22.745884] pimreg: entered allmulticast mode
[   22.769595] pimreg: entered allmulticast mode
[   22.789967] pimreg: entered allmulticast mode
[   22.813520] pimreg: entered allmulticast mode
[   22.838318] pimreg: entered allmulticast mode
[   22.858501] pimreg: entered allmulticast mode
[   22.878764] pimreg: left allmulticast mode
[   22.879130] pimreg: left allmulticast mode
[   22.879434] pimreg: left allmulticast mode
[   22.879738] pimreg: left allmulticast mode
[   22.880041] pimreg: left allmulticast mode
[   22.880440] pimreg: left allmulticast mode
[   22.880744] pimreg: left allmulticast mode
[   22.881028] pimreg: left allmulticast mode
[   22.881766] pimreg: left allmulticast mode
[   22.882034] pimreg: left allmulticast mode
[   22.897456] pimreg: entered allmulticast mode
[   22.924041] pimreg: entered allmulticast mode
[   22.949176] pimreg: entered allmulticast mode
[   22.966588] pimreg: entered allmulticast mode
[   22.993746] pimreg: entered allmulticast mode
[   23.009801] pimreg: entered allmulticast mode
[   23.029517] pimreg: entered allmulticast mode
[   23.053285] pimreg: entered allmulticast mode
[   23.085422] pimreg: entered allmulticast mode
[   23.109957] pimreg: entered allmulticast mode
[   23.123136] pimreg: left allmulticast mode
[   23.123459] pimreg: left allmulticast mode
[   23.123723] pimreg: left allmulticast mode
[   23.123972] pimreg: left allmulticast mode
[   23.124259] pimreg: left allmulticast mode
[   23.124568] pimreg: left allmulticast mode
[   23.124864] pimreg: left allmulticast mode
[   23.125202] pimreg: left allmulticast mode
[   23.125500] pimreg: left allmulticast mode
[   23.125804] pimreg: left allmulticast mode
[   23.142143] pimreg: entered allmulticast mode
[   23.176088] pimreg: entered allmulticast mode
[   23.205191] pimreg: entered allmulticast mode
[   23.218192] pimreg: entered allmulticast mode
[   23.245918] pimreg: entered allmulticast mode
[   23.281540] pimreg: entered allmulticast mode
[   23.305621] pimreg: entered allmulticast mode
[   23.318272] pimreg: left allmulticast mode
[   23.318619] pimreg: left allmulticast mode
[   23.318946] pimreg: left allmulticast mode
[   23.319249] pimreg: left allmulticast mode
[   23.319568] pimreg: left allmulticast mode
[   23.319866] pimreg: left allmulticast mode
[   23.320180] pimreg: left allmulticast mode
[   23.333773] pimreg: entered allmulticast mode
[   23.358104] pimreg: entered allmulticast mode
[   23.384351] pimreg: entered allmulticast mode
[   23.405487] pimreg: entered allmulticast mode
[   23.429425] pimreg: entered allmulticast mode
[   23.449795] pimreg: entered allmulticast mode
[   23.473529] pimreg: entered allmulticast mode
[   23.499129] pimreg: entered allmulticast mode
[   23.499502] pimreg: left allmulticast mode
[   23.499900] pimreg: left allmulticast mode
[   23.500251] pimreg: left allmulticast mode
[   23.500577] pimreg: left allmulticast mode
[   23.500873] pimreg: left allmulticast mode
[   23.501235] pimreg: left allmulticast mode
[   23.501543] pimreg: left allmulticast mode
[   23.514241] pimreg: entered allmulticast mode
[   23.558215] pimreg: entered allmulticast mode
[   23.581921] pimreg: entered allmulticast mode
[   23.595052] pimreg: entered allmulticast mode
[   23.601658] pimreg: left allmulticast mode
[   23.601994] pimreg: left allmulticast mode
[   23.602388] pimreg: left allmulticast mode
[   23.602668] pimreg: left allmulticast mode
[   23.602928] pimreg: left allmulticast mode
[   23.612627] pimreg: entered allmulticast mode
[   23.637515] pimreg: entered allmulticast mode
[   23.656492] pimreg: entered allmulticast mode
[   23.681194] pimreg: entered allmulticast mode
[   23.705714] pimreg: entered allmulticast mode
[   23.729780] pimreg: entered allmulticast mode
[   23.754296] pimreg: left allmulticast mode
[   23.754654] pimreg: left allmulticast mode
[   23.754975] pimreg: left allmulticast mode
[   23.755292] pimreg: left allmulticast mode
[   23.755617] pimreg: left allmulticast mode
[   23.755926] pimreg: left allmulticast mode
[   23.766764] pimreg: entered allmulticast mode
[   23.808489] pimreg: entered allmulticast mode
[   23.832937] pimreg: entered allmulticast mode
[   23.853768] pimreg: entered allmulticast mode
[   23.877394] pimreg: entered allmulticast mode
[   23.901387] pimreg: entered allmulticast mode
[   23.925680] pimreg: entered allmulticast mode
[   23.926281] pimreg: left allmulticast mode
[   23.926594] pimreg: left allmulticast mode
[   23.926897] pimreg: left allmulticast mode
[   23.927201] pimreg: left allmulticast mode
[   23.927507] pimreg: left allmulticast mode
[   23.927844] pimreg: left allmulticast mode
[   23.940389] pimreg: entered allmulticast mode
[   23.965278] pimreg: entered allmulticast mode
[   23.989967] pimreg: entered allmulticast mode
[   24.009913] pimreg: entered allmulticast mode
[   24.033422] pimreg: entered allmulticast mode
[   24.057425] pimreg: entered allmulticast mode
[   24.078170] pimreg: entered allmulticast mode
[   24.082293] pimreg: left allmulticast mode
[   24.082594] pimreg: left allmulticast mode
[   24.082860] pimreg: left allmulticast mode
[   24.083120] pimreg: left allmulticast mode
[   24.083380] pimreg: left allmulticast mode
[   24.083700] pimreg: left allmulticast mode
[   24.084004] pimreg: left allmulticast mode
[   24.097236] pimreg: entered allmulticast mode
[   24.133086] pimreg: entered allmulticast mode
[   24.147786] pimreg: entered allmulticast mode
[   24.165481] pimreg: entered allmulticast mode
[   24.185090] pimreg: entered allmulticast mode
[   24.209272] pimreg: entered allmulticast mode
[   24.233689] pimreg: entered allmulticast mode
[   24.257839] pimreg: entered allmulticast mode
[   24.278999] pimreg: left allmulticast mode
[   24.279301] pimreg: left allmulticast mode
[   24.279619] pimreg: left allmulticast mode
[   24.279918] pimreg: left allmulticast mode
[   24.280219] pimreg: left allmulticast mode
[   24.280646] pimreg: left allmulticast mode
[   24.280968] pimreg: left allmulticast mode
[   24.281886] pimreg: left allmulticast mode
[   24.282253] pimreg: left allmulticast mode
[   24.297742] pimreg: entered allmulticast mode
[   24.319616] pimreg: entered allmulticast mode
[   24.342468] pimreg: entered allmulticast mode
[   24.365673] pimreg: entered allmulticast mode
[   24.393855] pimreg: entered allmulticast mode
[   24.420761] pimreg: entered allmulticast mode
[   24.445218] pimreg: entered allmulticast mode
[   24.469854] pimreg: entered allmulticast mode
[   24.490027] pimreg: entered allmulticast mode
[   24.514009] pimreg: left allmulticast mode
[   24.514910] pimreg: left allmulticast mode
[   24.515313] pimreg: left allmulticast mode
[   24.515750] pimreg: left allmulticast mode
[   24.516073] pimreg: left allmulticast mode
[   24.516372] pimreg: left allmulticast mode
[   24.516691] pimreg: left allmulticast mode
[   24.517007] pimreg: left allmulticast mode
[   24.517375] pimreg: left allmulticast mode
[   24.531010] pimreg: entered allmulticast mode
[   24.556758] pimreg: entered allmulticast mode
[   24.582577] pimreg: entered allmulticast mode
[   24.609510] pimreg: entered allmulticast mode
[   24.633232] pimreg: entered allmulticast mode
[   24.658114] pimreg: entered allmulticast mode
[   24.681513] pimreg: entered allmulticast mode
[   24.705516] pimreg: entered allmulticast mode
[   24.729683] pimreg: entered allmulticast mode
[   24.742981] pimreg: left allmulticast mode
[   24.743621] pimreg: left allmulticast mode
[   24.743895] pimreg: left allmulticast mode
[   24.744153] pimreg: left allmulticast mode
[   24.744401] pimreg: left allmulticast mode
[   24.744697] pimreg: left allmulticast mode
[   24.744993] pimreg: left allmulticast mode
[   24.745351] pimreg: left allmulticast mode
[   24.745661] pimreg: left allmulticast mode
[   24.760438] pimreg: entered allmulticast mode
[   24.783012] pimreg: entered allmulticast mode
[   24.794375] pimreg: entered allmulticast mode
[   24.821739] pimreg: entered allmulticast mode
[   24.845681] pimreg: entered allmulticast mode
[   24.869855] pimreg: entered allmulticast mode
[   24.893479] pimreg: entered allmulticast mode
[   24.921571] pimreg: entered allmulticast mode
[   24.945728] pimreg: entered allmulticast mode
[   24.966510] pimreg: left allmulticast mode
[   24.966798] pimreg: left allmulticast mode
[   24.967049] pimreg: left allmulticast mode
[   24.967332] pimreg: left allmulticast mode
[   24.967607] pimreg: left allmulticast mode
[   24.967857] pimreg: left allmulticast mode
[   24.968117] pimreg: left allmulticast mode
[   24.968416] pimreg: left allmulticast mode
[   24.968723] pimreg: left allmulticast mode
[   24.983692] pimreg: entered allmulticast mode
[   25.015043] pimreg: entered allmulticast mode
[   25.026874] pimreg: entered allmulticast mode
[   25.049923] pimreg: entered allmulticast mode
[   25.065377] pimreg: entered allmulticast mode
[   25.085674] pimreg: entered allmulticast mode
[   25.105299] pimreg: entered allmulticast mode
[   25.129414] pimreg: entered allmulticast mode
[   25.154313] pimreg: entered allmulticast mode
[   25.170070] pimreg: left allmulticast mode
[   25.170410] pimreg: left allmulticast mode
[   25.170755] pimreg: left allmulticast mode
[   25.171051] pimreg: left allmulticast mode
[   25.171374] pimreg: left allmulticast mode
[   25.172107] pimreg: left allmulticast mode
[   25.172435] pimreg: left allmulticast mode
[   25.172758] pimreg: left allmulticast mode
[   25.173045] pimreg: left allmulticast mode
[   25.187156] pimreg: entered allmulticast mode
[   25.213585] pimreg: entered allmulticast mode
[   25.226945] pimreg: entered allmulticast mode
[   25.246078] pimreg: entered allmulticast mode
[   25.257630] pimreg: entered allmulticast mode
[   25.285279] pimreg: entered allmulticast mode
[   25.309355] pimreg: entered allmulticast mode
[   25.333608] pimreg: entered allmulticast mode
[   25.353279] pimreg: entered allmulticast mode
[   25.377338] pimreg: entered allmulticast mode
[   25.382196] pimreg: left allmulticast mode
[   25.382541] pimreg: left allmulticast mode
[   25.382814] pimreg: left allmulticast mode
[   25.383071] pimreg: left allmulticast mode
[   25.383324] pimreg: left allmulticast mode
[   25.383583] pimreg: left allmulticast mode
[   25.383882] pimreg: left allmulticast mode
[   25.384802] pimreg: left allmulticast mode
[   25.385252] pimreg: left allmulticast mode
[   25.385539] pimreg: left allmulticast mode
[   25.402386] pimreg: entered allmulticast mode
[   25.429400] pimreg: entered allmulticast mode
[   25.452610] pimreg: entered allmulticast mode
[   25.477080] pimreg: entered allmulticast mode
[   25.497318] pimreg: entered allmulticast mode
[   25.521612] pimreg: entered allmulticast mode
[   25.541543] pimreg: entered allmulticast mode
[   25.565347] pimreg: entered allmulticast mode
[   25.590389] pimreg: entered allmulticast mode
[   25.610889] pimreg: entered allmulticast mode
[   25.611272] pimreg: left allmulticast mode
[   25.611666] pimreg: left allmulticast mode
[   25.611983] pimreg: left allmulticast mode
[   25.612521] pimreg: left allmulticast mode
[   25.612943] pimreg: left allmulticast mode
[   25.613338] pimreg: left allmulticast mode
[   25.613665] pimreg: left allmulticast mode
[   25.613967] pimreg: left allmulticast mode
[   25.614258] pimreg: left allmulticast mode
[   25.629229] pimreg: entered allmulticast mode
[   25.658894] pimreg: entered allmulticast mode
[   25.673886] pimreg: entered allmulticast mode
[   25.693463] pimreg: entered allmulticast mode
[   25.717516] pimreg: entered allmulticast mode
[   25.745561] pimreg: entered allmulticast mode
[   25.769616] pimreg: entered allmulticast mode
[   25.793514] pimreg: entered allmulticast mode
[   25.798881] pimreg: left allmulticast mode
[   25.799224] pimreg: left allmulticast mode
[   25.799510] pimreg: left allmulticast mode
[   25.799762] pimreg: left allmulticast mode
[   25.800015] pimreg: left allmulticast mode
[   25.800283] pimreg: left allmulticast mode
[   25.800879] pimreg: left allmulticast mode
[   25.801267] pimreg: left allmulticast mode
[   25.817816] pimreg: entered allmulticast mode
[   25.849691] pimreg: entered allmulticast mode
[   25.861572] pimreg: entered allmulticast mode
[   25.878387] pimreg: entered allmulticast mode
[   25.902179] pimreg: entered allmulticast mode
[   25.921367] pimreg: entered allmulticast mode
[   25.945656] pimreg: entered allmulticast mode
[   25.951517] pimreg: left allmulticast mode
[   25.951988] pimreg: left allmulticast mode
[   25.952360] pimreg: left allmulticast mode
[   25.952700] pimreg: left allmulticast mode
[   25.954125] pimreg: left allmulticast mode
[   25.954484] pimreg: left allmulticast mode
[   25.954791] pimreg: left allmulticast mode
[   25.955080] pimreg: left allmulticast mode
[   25.968372] pimreg: entered allmulticast mode
[   26.002822] pimreg: entered allmulticast mode
[   26.027450] pimreg: entered allmulticast mode
[   26.044998] pimreg: entered allmulticast mode
[   26.069807] pimreg: entered allmulticast mode
[   26.093704] pimreg: entered allmulticast mode
[   26.113565] pimreg: entered allmulticast mode
[   26.133728] pimreg: entered allmulticast mode
[   26.157886] pimreg: entered allmulticast mode
[   26.162203] pimreg: left allmulticast mode
[   26.162551] pimreg: left allmulticast mode
[   26.162822] pimreg: left allmulticast mode
[   26.163071] pimreg: left allmulticast mode
[   26.163320] pimreg: left allmulticast mode
[   26.164060] pimreg: left allmulticast mode
[   26.164396] pimreg: left allmulticast mode
[   26.164740] pimreg: left allmulticast mode
[   26.165047] pimreg: left allmulticast mode
[   26.180079] pimreg: entered allmulticast mode
[   26.203543] pimreg: entered allmulticast mode
[   26.222252] pimreg: entered allmulticast mode
[   26.245577] pimreg: entered allmulticast mode
[   26.269644] pimreg: entered allmulticast mode
[   26.306119] pimreg: entered allmulticast mode
[   26.333542] pimreg: entered allmulticast mode
[   26.357526] pimreg: entered allmulticast mode
[   26.381761] pimreg: entered allmulticast mode
[   26.414004] pimreg: left allmulticast mode
[   26.414336] pimreg: left allmulticast mode
[   26.414619] pimreg: left allmulticast mode
[   26.414870] pimreg: left allmulticast mode
[   26.415145] pimreg: left allmulticast mode
[   26.415439] pimreg: left allmulticast mode
[   26.415711] pimreg: left allmulticast mode
[   26.416035] pimreg: left allmulticast mode
[   26.416584] pimreg: left allmulticast mode
[   26.430627] pimreg: entered allmulticast mode
[   26.457036] pimreg: entered allmulticast mode
[   26.482219] pimreg: entered allmulticast mode
[   26.505430] pimreg: entered allmulticast mode
[   26.537357] pimreg: entered allmulticast mode
[   26.589687] pimreg: entered allmulticast mode
[   26.613646] pimreg: entered allmulticast mode
[   26.637805] pimreg: entered allmulticast mode
[   26.665208] pimreg: entered allmulticast mode
[   26.682093] pimreg: left allmulticast mode
[   26.682650] pimreg: left allmulticast mode
[   26.682911] pimreg: left allmulticast mode
[   26.683185] pimreg: left allmulticast mode
[   26.683452] pimreg: left allmulticast mode
[   26.683699] pimreg: left allmulticast mode
[   26.683993] pimreg: left allmulticast mode
[   26.684288] pimreg: left allmulticast mode
[   26.684591] pimreg: left allmulticast mode
[   26.699023] pimreg: entered allmulticast mode
[   26.727488] pimreg: entered allmulticast mode
[   26.752509] pimreg: entered allmulticast mode
[   26.778672] pimreg: entered allmulticast mode
[   26.793239] pimreg: entered allmulticast mode
[   26.817699] pimreg: entered allmulticast mode
[   26.841744] pimreg: entered allmulticast mode
[   26.865456] pimreg: entered allmulticast mode
[   26.898318] pimreg: left allmulticast mode
[   26.898677] pimreg: left allmulticast mode
[   26.899251] pimreg: left allmulticast mode
[   26.899699] pimreg: left allmulticast mode
[   26.900157] pimreg: left allmulticast mode
[   26.900473] pimreg: left allmulticast mode
[   26.900787] pimreg: left allmulticast mode
[   26.901088] pimreg: left allmulticast mode
[   26.914430] pimreg: entered allmulticast mode
[   26.962969] pimreg: entered allmulticast mode
[   26.987282] pimreg: entered allmulticast mode
[   27.010116] pimreg: entered allmulticast mode
[   27.033614] pimreg: entered allmulticast mode
[   27.057675] pimreg: entered allmulticast mode
[   27.081964] pimreg: entered allmulticast mode
[   27.109885] pimreg: entered allmulticast mode
[   27.133928] pimreg: entered allmulticast mode
[   27.138067] pimreg: left allmulticast mode
[   27.138464] pimreg: left allmulticast mode
[   27.138788] pimreg: left allmulticast mode
[   27.139102] pimreg: left allmulticast mode
[   27.139410] pimreg: left allmulticast mode
[   27.139718] pimreg: left allmulticast mode
[   27.140026] pimreg: left allmulticast mode
[   27.140714] pimreg: left allmulticast mode
[   27.141096] pimreg: left allmulticast mode
[   27.155937] pimreg: entered allmulticast mode
[   27.179436] pimreg: entered allmulticast mode
[   27.199158] pimreg: entered allmulticast mode
[   27.221503] pimreg: entered allmulticast mode
[   27.245208] pimreg: entered allmulticast mode
[   27.269939] pimreg: entered allmulticast mode
[   27.293402] pimreg: entered allmulticast mode
[   27.317185] pimreg: entered allmulticast mode
[   27.342713] pimreg: entered allmulticast mode
[   27.343062] pimreg: left allmulticast mode
[   27.343413] pimreg: left allmulticast mode
[   27.344125] pimreg: left allmulticast mode
[   27.344453] pimreg: left allmulticast mode
[   27.344750] pimreg: left allmulticast mode
[   27.345051] pimreg: left allmulticast mode
[   27.345414] pimreg: left allmulticast mode
[   27.345740] pimreg: left allmulticast mode
[   27.361478] pimreg: entered allmulticast mode
[   27.386923] pimreg: entered allmulticast mode
[   27.412244] pimreg: entered allmulticast mode
[   27.425523] pimreg: entered allmulticast mode
[   27.446000] pimreg: entered allmulticast mode
[   27.469690] pimreg: entered allmulticast mode
[   27.489544] pimreg: entered allmulticast mode
[   27.513556] pimreg: entered allmulticast mode
[   27.534562] pimreg: left allmulticast mode
[   27.535024] pimreg: left allmulticast mode
[   27.535378] pimreg: left allmulticast mode
[   27.535692] pimreg: left allmulticast mode
[   27.536125] pimreg: left allmulticast mode
[   27.536452] pimreg: left allmulticast mode
[   27.536753] pimreg: left allmulticast mode
[   27.537043] pimreg: left allmulticast mode
[   27.537711] pimreg: left allmulticast mode
[   27.552332] pimreg: entered allmulticast mode
[   27.580688] pimreg: entered allmulticast mode
[   27.610482] pimreg: entered allmulticast mode
[   27.634187] pimreg: entered allmulticast mode
[   27.657723] pimreg: entered allmulticast mode
[   27.682301] pimreg: entered allmulticast mode
[   27.705526] pimreg: entered allmulticast mode
[   27.729770] pimreg: entered allmulticast mode
[   27.757717] pimreg: entered allmulticast mode
[   27.762321] pimreg: left allmulticast mode
[   27.763035] pimreg: left allmulticast mode
[   27.763404] pimreg: left allmulticast mode
[   27.763738] pimreg: left allmulticast mode
[   27.764056] pimreg: left allmulticast mode
[   27.764361] pimreg: left allmulticast mode
[   27.764664] pimreg: left allmulticast mode
[   27.764964] pimreg: left allmulticast mode
[   27.765658] pimreg: left allmulticast mode
[   27.780416] pimreg: entered allmulticast mode
[   27.807326] pimreg: entered allmulticast mode
[   27.821655] pimreg: entered allmulticast mode
[   27.842910] pimreg: entered allmulticast mode
[   27.866634] pimreg: entered allmulticast mode
[   27.889702] pimreg: entered allmulticast mode
[   27.925646] pimreg: entered allmulticast mode
[   27.949608] pimreg: entered allmulticast mode
[   27.954178] pimreg: left allmulticast mode
[   27.954544] pimreg: left allmulticast mode
[   27.954846] pimreg: left allmulticast mode
[   27.955166] pimreg: left allmulticast mode
[   27.955476] pimreg: left allmulticast mode
[   27.955781] pimreg: left allmulticast mode
[   27.956088] pimreg: left allmulticast mode
[   27.956915] pimreg: left allmulticast mode
[   27.971317] pimreg: entered allmulticast mode
[   27.994221] pimreg: entered allmulticast mode
[   28.018924] pimreg: entered allmulticast mode
[   28.032480] pimreg: entered allmulticast mode
[   28.058451] pimreg: entered allmulticast mode
[   28.081643] pimreg: entered allmulticast mode
[   28.105235] pimreg: entered allmulticast mode
[   28.129723] pimreg: entered allmulticast mode
[   28.165825] pimreg: entered allmulticast mode
[   28.170929] pimreg: left allmulticast mode
[   28.171274] pimreg: left allmulticast mode
[   28.171557] pimreg: left allmulticast mode
[   28.171811] pimreg: left allmulticast mode
[   28.172068] pimreg: left allmulticast mode
[   28.172319] pimreg: left allmulticast mode
[   28.172606] pimreg: left allmulticast mode
[   28.172903] pimreg: left allmulticast mode
[   28.193657] pimreg: entered allmulticast mode
[   28.213814] pimreg: entered allmulticast mode
[   28.234276] pimreg: entered allmulticast mode
[   28.257776] pimreg: entered allmulticast mode
[   28.297664] pimreg: entered allmulticast mode
[   28.326071] pimreg: entered allmulticast mode
[   28.353392] pimreg: entered allmulticast mode
[   28.397449] pimreg: entered allmulticast mode
[   28.418412] pimreg: left allmulticast mode
[   28.418715] pimreg: left allmulticast mode
[   28.418966] pimreg: left allmulticast mode
[   28.419285] pimreg: left allmulticast mode
[   28.419713] pimreg: left allmulticast mode
[   28.420029] pimreg: left allmulticast mode
[   28.420338] pimreg: left allmulticast mode
[   28.420634] pimreg: left allmulticast mode
[   28.420930] pimreg: left allmulticast mode
[   28.435398] pimreg: entered allmulticast mode
[   28.460939] pimreg: entered allmulticast mode
[   28.474062] pimreg: entered allmulticast mode
[   28.493804] pimreg: entered allmulticast mode
[   28.514222] pimreg: entered allmulticast mode
[   28.537330] pimreg: entered allmulticast mode
[   28.561396] pimreg: entered allmulticast mode
[   28.585407] pimreg: entered allmulticast mode
[   28.609961] pimreg: entered allmulticast mode
[   28.629665] pimreg: entered allmulticast mode
[   28.635016] pimreg: left allmulticast mode
[   28.635355] pimreg: left allmulticast mode
[   28.635631] pimreg: left allmulticast mode
[   28.635892] pimreg: left allmulticast mode
[   28.636204] pimreg: left allmulticast mode
[   28.636511] pimreg: left allmulticast mode
[   28.636827] pimreg: left allmulticast mode
[   28.637175] pimreg: left allmulticast mode
[   28.637481] pimreg: left allmulticast mode
[   28.657067] pimreg: entered allmulticast mode
[   28.678790] pimreg: entered allmulticast mode
[   28.710339] pimreg: entered allmulticast mode
[   28.721186] pimreg: entered allmulticast mode
[   28.745814] pimreg: entered allmulticast mode
[   28.770094] pimreg: entered allmulticast mode
[   28.793680] pimreg: entered allmulticast mode
[   28.826494] pimreg: left allmulticast mode
[   28.826801] pimreg: left allmulticast mode
[   28.827058] pimreg: left allmulticast mode
[   28.827329] pimreg: left allmulticast mode
[   28.827739] pimreg: left allmulticast mode
[   28.828061] pimreg: left allmulticast mode
[   28.828376] pimreg: left allmulticast mode
[   28.828670] pimreg: left allmulticast mode
[   28.841397] pimreg: entered allmulticast mode
[   28.863142] pimreg: entered allmulticast mode
[   28.887832] pimreg: entered allmulticast mode
[   28.903677] pimreg: entered allmulticast mode
[   28.925572] pimreg: entered allmulticast mode
[   28.949558] pimreg: entered allmulticast mode
[   28.973733] pimreg: entered allmulticast mode
[   28.998194] pimreg: entered allmulticast mode
[   29.025096] pimreg: entered allmulticast mode
[   29.030344] pimreg: left allmulticast mode
[   29.030747] pimreg: left allmulticast mode
[   29.031652] pimreg: left allmulticast mode
[   29.032079] pimreg: left allmulticast mode
[   29.032860] pimreg: left allmulticast mode
[   29.033856] pimreg: left allmulticast mode
[   29.034139] pimreg: left allmulticast mode
[   29.034402] pimreg: left allmulticast mode
[   29.053356] pimreg: entered allmulticast mode
[   29.078773] pimreg: entered allmulticast mode
[   29.102398] pimreg: entered allmulticast mode
[   29.133576] pimreg: entered allmulticast mode
[   29.157801] pimreg: entered allmulticast mode
[   29.177897] pimreg: entered allmulticast mode
[   29.201030] pimreg: entered allmulticast mode
[   29.214072] pimreg: left allmulticast mode
[   29.214766] pimreg: left allmulticast mode
[   29.215087] pimreg: left allmulticast mode
[   29.215406] pimreg: left allmulticast mode
[   29.215701] pimreg: left allmulticast mode
[   29.216000] pimreg: left allmulticast mode
[   29.216311] pimreg: left allmulticast mode
[   29.216610] pimreg: left allmulticast mode
[   29.229849] pimreg: entered allmulticast mode
[   29.258545] pimreg: entered allmulticast mode
[   29.279004] pimreg: entered allmulticast mode
[   29.305476] pimreg: entered allmulticast mode
[   29.329637] pimreg: entered allmulticast mode
[   29.357807] pimreg: entered allmulticast mode
[   29.381636] pimreg: entered allmulticast mode
[   29.405728] pimreg: entered allmulticast mode
[   29.434665] pimreg: left allmulticast mode
[   29.435015] pimreg: left allmulticast mode
[   29.435308] pimreg: left allmulticast mode
[   29.435580] pimreg: left allmulticast mode
[   29.435896] pimreg: left allmulticast mode
[   29.437309] pimreg: left allmulticast mode
[   29.437892] pimreg: left allmulticast mode
[   29.438162] pimreg: left allmulticast mode
[   29.450811] pimreg: entered allmulticast mode
[   29.471998] pimreg: entered allmulticast mode
[   29.494319] pimreg: entered allmulticast mode
[   29.518120] pimreg: entered allmulticast mode
[   29.533447] pimreg: entered allmulticast mode
[   29.553344] pimreg: entered allmulticast mode
[   29.577365] pimreg: entered allmulticast mode
[   29.602310] pimreg: entered allmulticast mode
[   29.626609] pimreg: entered allmulticast mode
[   29.626974] pimreg: left allmulticast mode
[   29.627373] pimreg: left allmulticast mode
[   29.627725] pimreg: left allmulticast mode
[   29.628050] pimreg: left allmulticast mode
[   29.628371] pimreg: left allmulticast mode
[   29.628671] pimreg: left allmulticast mode
[   29.628972] pimreg: left allmulticast mode
[   29.629664] pimreg: left allmulticast mode
[   29.643670] pimreg: entered allmulticast mode
[   29.653550] pimreg: entered allmulticast mode
[   29.680718] pimreg: entered allmulticast mode
[   29.702192] pimreg: entered allmulticast mode
[   29.721398] pimreg: entered allmulticast mode
[   29.741808] pimreg: entered allmulticast mode
[   29.761323] pimreg: entered allmulticast mode
[   29.786086] pimreg: entered allmulticast mode
[   29.815344] pimreg: entered allmulticast mode
[   29.816094] pimreg: left allmulticast mode
[   29.816537] pimreg: left allmulticast mode
[   29.816870] pimreg: left allmulticast mode
[   29.817336] pimreg: left allmulticast mode
[   29.817681] pimreg: left allmulticast mode
[   29.817987] pimreg: left allmulticast mode
[   29.818307] pimreg: left allmulticast mode
[   29.818612] pimreg: left allmulticast mode
[   29.818918] pimreg: left allmulticast mode
[   29.819629] pimreg: left allmulticast mode
[   29.835196] pimreg: entered allmulticast mode
[   29.864309] pimreg: entered allmulticast mode
[   29.880613] pimreg: entered allmulticast mode
[   29.901901] pimreg: entered allmulticast mode
[   29.925756] pimreg: entered allmulticast mode
[   29.949624] pimreg: entered allmulticast mode
[   29.985717] pimreg: entered allmulticast mode
[   29.991223] pimreg: left allmulticast mode
[   29.991615] pimreg: left allmulticast mode
[   29.991934] pimreg: left allmulticast mode
[   29.992233] pimreg: left allmulticast mode
[   29.992532] pimreg: left allmulticast mode
[   29.992844] pimreg: left allmulticast mode
[   29.993208] pimreg: left allmulticast mode
[   30.006217] pimreg: entered allmulticast mode
[   30.029421] pimreg: entered allmulticast mode
[   30.051838] pimreg: entered allmulticast mode
[   30.073898] pimreg: entered allmulticast mode
[   30.093545] pimreg: entered allmulticast mode
[   30.113164] pimreg: entered allmulticast mode
[   30.138021] pimreg: entered allmulticast mode
[   30.157526] pimreg: entered allmulticast mode
[   30.158680] pimreg: left allmulticast mode
[   30.159031] pimreg: left allmulticast mode
[   30.159309] pimreg: left allmulticast mode
[   30.159621] pimreg: left allmulticast mode
[   30.159928] pimreg: left allmulticast mode
[   30.160222] pimreg: left allmulticast mode
[   30.160534] pimreg: left allmulticast mode
[   30.181213] pimreg: entered allmulticast mode
[   30.205649] pimreg: entered allmulticast mode
[   30.225885] pimreg: entered allmulticast mode
[   30.249669] pimreg: entered allmulticast mode
[   30.277641] pimreg: entered allmulticast mode
[   30.306023] pimreg: entered allmulticast mode
[   30.329980] pimreg: left allmulticast mode
[   30.330352] pimreg: left allmulticast mode
[   30.330611] pimreg: left allmulticast mode
[   30.331125] pimreg: left allmulticast mode
[   30.331984] pimreg: left allmulticast mode
[   30.332294] pimreg: left allmulticast mode
[   30.332552] pimreg: left allmulticast mode
[   30.344151] pimreg: entered allmulticast mode
[   30.370129] pimreg: entered allmulticast mode
[   30.395290] pimreg: entered allmulticast mode
[   30.413526] pimreg: entered allmulticast mode
[   30.433363] pimreg: entered allmulticast mode
[   30.458110] pimreg: entered allmulticast mode
[   30.482093] pimreg: entered allmulticast mode
[   30.490699] pimreg: left allmulticast mode
[   30.491057] pimreg: left allmulticast mode
[   30.491358] pimreg: left allmulticast mode
[   30.491662] pimreg: left allmulticast mode
[   30.491984] pimreg: left allmulticast mode
[   30.492293] pimreg: left allmulticast mode
[   30.492585] pimreg: left allmulticast mode
[   30.504976] pimreg: entered allmulticast mode
[   30.526352] pimreg: entered allmulticast mode
[   30.537869] pimreg: entered allmulticast mode
[   30.555604] pimreg: entered allmulticast mode
[   30.577941] pimreg: entered allmulticast mode
[   30.601637] pimreg: entered allmulticast mode
[   30.629293] pimreg: entered allmulticast mode
[   30.657777] pimreg: entered allmulticast mode
[   30.678477] pimreg: left allmulticast mode
[   30.678829] pimreg: left allmulticast mode
[   30.679146] pimreg: left allmulticast mode
[   30.679470] pimreg: left allmulticast mode
[   30.679758] pimreg: left allmulticast mode
[   30.680070] pimreg: left allmulticast mode
[   30.680383] pimreg: left allmulticast mode
[   30.680682] pimreg: left allmulticast mode
[   30.693686] pimreg: entered allmulticast mode
[   30.721237] pimreg: entered allmulticast mode
[   30.747438] pimreg: entered allmulticast mode
[   30.769500] pimreg: entered allmulticast mode
[   30.793835] pimreg: entered allmulticast mode
[   30.822223] pimreg: entered allmulticast mode
[   30.845859] pimreg: entered allmulticast mode
[   30.869754] pimreg: entered allmulticast mode
[   30.890229] pimreg: left allmulticast mode
[   30.890592] pimreg: left allmulticast mode
[   30.890898] pimreg: left allmulticast mode
[   30.891199] pimreg: left allmulticast mode
[   30.892552] pimreg: left allmulticast mode
[   30.892893] pimreg: left allmulticast mode
[   30.893305] pimreg: left allmulticast mode
[   30.893628] pimreg: left allmulticast mode
[   30.906421] pimreg: entered allmulticast mode
[   30.926959] pimreg: entered allmulticast mode
[   30.950706] pimreg: entered allmulticast mode
[   30.974039] pimreg: entered allmulticast mode
[   30.989611] pimreg: entered allmulticast mode
[   31.013296] pimreg: entered allmulticast mode
[   31.041801] pimreg: entered allmulticast mode
[   31.065881] pimreg: entered allmulticast mode
[   31.086311] pimreg: left allmulticast mode
[   31.086727] pimreg: left allmulticast mode
[   31.086993] pimreg: left allmulticast mode
[   31.087406] pimreg: left allmulticast mode
[   31.087664] pimreg: left allmulticast mode
[   31.087914] pimreg: left allmulticast mode
[   31.088162] pimreg: left allmulticast mode
[   31.088467] pimreg: left allmulticast mode
[   31.101022] pimreg: entered allmulticast mode
[   31.134330] pimreg: entered allmulticast mode
[   31.154323] pimreg: entered allmulticast mode
[   31.178280] pimreg: entered allmulticast mode
[   31.206193] pimreg: entered allmulticast mode
[   31.233399] pimreg: entered allmulticast mode
[   31.253462] pimreg: entered allmulticast mode
[   31.273845] pimreg: entered allmulticast mode
[   31.278303] pimreg: left allmulticast mode
[   31.278643] pimreg: left allmulticast mode
[   31.278915] pimreg: left allmulticast mode
[   31.279185] pimreg: left allmulticast mode
[   31.279457] pimreg: left allmulticast mode
[   31.280106] pimreg: left allmulticast mode
[   31.280506] pimreg: left allmulticast mode
[   31.280777] pimreg: left allmulticast mode
[   31.294241] pimreg: entered allmulticast mode
[   31.326411] pimreg: entered allmulticast mode
[   31.350680] pimreg: entered allmulticast mode
[   31.377239] pimreg: entered allmulticast mode
[   31.413781] pimreg: entered allmulticast mode
[   31.441783] pimreg: entered allmulticast mode
[   31.469321] pimreg: entered allmulticast mode
[   31.493998] pimreg: entered allmulticast mode
[   31.514654] pimreg: left allmulticast mode
[   31.515013] pimreg: left allmulticast mode
[   31.515300] pimreg: left allmulticast mode
[   31.515615] pimreg: left allmulticast mode
[   31.515920] pimreg: left allmulticast mode
[   31.517344] pimreg: left allmulticast mode
[   31.517694] pimreg: left allmulticast mode
[   31.517991] pimreg: left allmulticast mode
[   31.530755] pimreg: entered allmulticast mode
[   31.552247] pimreg: entered allmulticast mode
[   31.575875] pimreg: entered allmulticast mode
[   31.600460] pimreg: entered allmulticast mode
[   31.625244] pimreg: entered allmulticast mode
[   31.649364] pimreg: entered allmulticast mode
[   31.673258] pimreg: entered allmulticast mode
[   31.698861] pimreg: entered allmulticast mode
[   31.699239] pimreg: left allmulticast mode
[   31.699575] pimreg: left allmulticast mode
[   31.699854] pimreg: left allmulticast mode
[   31.700121] pimreg: left allmulticast mode
[   31.700447] pimreg: left allmulticast mode
[   31.700775] pimreg: left allmulticast mode
[   31.701076] pimreg: left allmulticast mode
[   31.701827] pimreg: left allmulticast mode
[   31.715494] pimreg: entered allmulticast mode
[   31.734349] pimreg: entered allmulticast mode
[   31.754359] pimreg: entered allmulticast mode
[   31.778589] pimreg: entered allmulticast mode
[   31.793244] pimreg: entered allmulticast mode
[   31.813723] pimreg: entered allmulticast mode
[   31.841678] pimreg: entered allmulticast mode
[   31.865544] pimreg: entered allmulticast mode
[   31.878045] pimreg: left allmulticast mode
[   31.878640] pimreg: left allmulticast mode
[   31.878914] pimreg: left allmulticast mode
[   31.879243] pimreg: left allmulticast mode
[   31.879560] pimreg: left allmulticast mode
[   31.879871] pimreg: left allmulticast mode
[   31.880428] pimreg: left allmulticast mode
[   31.880785] pimreg: left allmulticast mode
[   31.895058] pimreg: entered allmulticast mode
[   31.926882] pimreg: entered allmulticast mode
[   31.941269] pimreg: entered allmulticast mode
[   31.961544] pimreg: entered allmulticast mode
[   31.985372] pimreg: entered allmulticast mode
[   32.009657] pimreg: entered allmulticast mode
[   32.033643] pimreg: entered allmulticast mode
[   32.065757] pimreg: entered allmulticast mode
[   32.089805] pimreg: entered allmulticast mode
[   32.094811] pimreg: left allmulticast mode
[   32.095114] pimreg: left allmulticast mode
[   32.095375] pimreg: left allmulticast mode
[   32.095635] pimreg: left allmulticast mode
[   32.095891] pimreg: left allmulticast mode
[   32.096220] pimreg: left allmulticast mode
[   32.096522] pimreg: left allmulticast mode
[   32.096819] pimreg: left allmulticast mode
[   32.097155] pimreg: left allmulticast mode
[   32.112317] pimreg: entered allmulticast mode
[   32.139801] pimreg: entered allmulticast mode
[   32.157832] pimreg: entered allmulticast mode
[   32.182180] pimreg: entered allmulticast mode
[   32.201407] pimreg: entered allmulticast mode
[   32.221085] pimreg: entered allmulticast mode
[   32.245949] pimreg: entered allmulticast mode
[   32.267094] pimreg: entered allmulticast mode
[   32.278333] pimreg: left allmulticast mode
[   32.278669] pimreg: left allmulticast mode
[   32.278926] pimreg: left allmulticast mode
[   32.279197] pimreg: left allmulticast mode
[   32.279450] pimreg: left allmulticast mode
[   32.279749] pimreg: left allmulticast mode
[   32.280037] pimreg: left allmulticast mode
[   32.280345] pimreg: left allmulticast mode
[   32.292974] pimreg: entered allmulticast mode
[   32.314350] pimreg: entered allmulticast mode
[   32.328495] pimreg: entered allmulticast mode
[   32.357640] pimreg: entered allmulticast mode
[   32.381282] pimreg: entered allmulticast mode
[   32.406030] pimreg: entered allmulticast mode
[   32.429291] pimreg: entered allmulticast mode
[   32.453713] pimreg: entered allmulticast mode
[   32.474040] pimreg: left allmulticast mode
[   32.474998] pimreg: left allmulticast mode
[   32.475886] pimreg: left allmulticast mode
[   32.476221] pimreg: left allmulticast mode
[   32.476536] pimreg: left allmulticast mode
[   32.476840] pimreg: left allmulticast mode
[   32.477215] pimreg: left allmulticast mode
[   32.477524] pimreg: left allmulticast mode
[   32.490799] pimreg: entered allmulticast mode
[   32.526153] pimreg: entered allmulticast mode
[   32.540436] pimreg: entered allmulticast mode
[   32.565981] pimreg: entered allmulticast mode
[   32.585229] pimreg: entered allmulticast mode
[   32.606555] pimreg: entered allmulticast mode
[   32.625923] pimreg: entered allmulticast mode
[   32.645140] pimreg: entered allmulticast mode
[   32.650983] pimreg: left allmulticast mode
[   32.651536] pimreg: left allmulticast mode
[   32.651807] pimreg: left allmulticast mode
[   32.652118] pimreg: left allmulticast mode
[   32.652419] pimreg: left allmulticast mode
[   32.652731] pimreg: left allmulticast mode
[   32.653026] pimreg: left allmulticast mode
[   32.668858] pimreg: entered allmulticast mode
[   32.689216] pimreg: entered allmulticast mode
[   32.719831] pimreg: entered allmulticast mode
[   32.742035] pimreg: entered allmulticast mode
[   32.765907] pimreg: entered allmulticast mode
[   32.801794] pimreg: entered allmulticast mode
[   32.825680] pimreg: entered allmulticast mode
[   32.849786] pimreg: entered allmulticast mode
[   32.866231] pimreg: left allmulticast mode
[   32.866574] pimreg: left allmulticast mode
[   32.866833] pimreg: left allmulticast mode
[   32.867098] pimreg: left allmulticast mode
[   32.867371] pimreg: left allmulticast mode
[   32.867637] pimreg: left allmulticast mode
[   32.867942] pimreg: left allmulticast mode
[   32.868251] pimreg: left allmulticast mode
[   32.868580] pimreg: left allmulticast mode
[   32.883201] pimreg: entered allmulticast mode
[   32.909892] pimreg: entered allmulticast mode
[   32.937252] pimreg: entered allmulticast mode
[   32.961428] pimreg: entered allmulticast mode
[   32.985392] pimreg: entered allmulticast mode
[   33.009467] pimreg: entered allmulticast mode
[   33.029668] pimreg: entered allmulticast mode
[   33.057586] pimreg: entered allmulticast mode
[   33.085491] pimreg: entered allmulticast mode
[   33.091290] pimreg: left allmulticast mode
[   33.091996] pimreg: left allmulticast mode
[   33.092307] pimreg: left allmulticast mode
[   33.092574] pimreg: left allmulticast mode
[   33.092880] pimreg: left allmulticast mode
[   33.093251] pimreg: left allmulticast mode
[   33.093554] pimreg: left allmulticast mode
[   33.093854] pimreg: left allmulticast mode
[   33.109811] pimreg: entered allmulticast mode
[   33.137876] pimreg: entered allmulticast mode
[   33.160858] pimreg: entered allmulticast mode
[   33.173327] pimreg: entered allmulticast mode
[   33.197495] pimreg: entered allmulticast mode
[   33.213950] pimreg: entered allmulticast mode
[   33.233335] pimreg: entered allmulticast mode
[   33.253555] pimreg: entered allmulticast mode
[   33.253933] pimreg: left allmulticast mode
[   33.254294] pimreg: left allmulticast mode
[   33.254562] pimreg: left allmulticast mode
[   33.254813] pimreg: left allmulticast mode
[   33.255130] pimreg: left allmulticast mode
[   33.255463] pimreg: left allmulticast mode
[   33.255751] pimreg: left allmulticast mode
[   33.256057] pimreg: left allmulticast mode
[   33.272721] pimreg: entered allmulticast mode
[   33.301723] pimreg: entered allmulticast mode
[   33.327617] pimreg: entered allmulticast mode
[   33.349318] pimreg: entered allmulticast mode
[   33.361588] pimreg: entered allmulticast mode
[   33.382058] pimreg: entered allmulticast mode
[   33.401770] pimreg: entered allmulticast mode
[   33.426165] pimreg: entered allmulticast mode
[   33.446918] pimreg: left allmulticast mode
[   33.447817] pimreg: left allmulticast mode
[   33.448093] pimreg: left allmulticast mode
[   33.448368] pimreg: left allmulticast mode
[   33.448624] pimreg: left allmulticast mode
[   33.448872] pimreg: left allmulticast mode
[   33.449486] pimreg: left allmulticast mode
[   33.449805] pimreg: left allmulticast mode
[   33.450111] pimreg: left allmulticast mode
[   33.463862] pimreg: entered allmulticast mode
[   33.496846] pimreg: entered allmulticast mode
[   33.522779] pimreg: entered allmulticast mode
[   33.541428] pimreg: entered allmulticast mode
[   33.569624] pimreg: entered allmulticast mode
[   33.589259] pimreg: entered allmulticast mode
[   33.613501] pimreg: entered allmulticast mode
[   33.633673] pimreg: entered allmulticast mode
[   33.653870] pimreg: entered allmulticast mode
[   33.673340] pimreg: entered allmulticast mode
[   33.679078] pimreg: left allmulticast mode
[   33.679634] pimreg: left allmulticast mode
[   33.679903] pimreg: left allmulticast mode
[   33.680216] pimreg: left allmulticast mode
[   33.680522] pimreg: left allmulticast mode
[   33.680812] pimreg: left allmulticast mode
[   33.681169] pimreg: left allmulticast mode
[   33.681473] pimreg: left allmulticast mode
[   33.681777] pimreg: left allmulticast mode
[   33.701375] pimreg: entered allmulticast mode
[   33.723173] pimreg: entered allmulticast mode
[   33.753318] pimreg: entered allmulticast mode
[   33.773767] pimreg: entered allmulticast mode
[   33.797596] pimreg: entered allmulticast mode
[   33.825851] pimreg: entered allmulticast mode
[   33.849819] pimreg: entered allmulticast mode
[   33.877650] pimreg: entered allmulticast mode
[   33.901715] pimreg: entered allmulticast mode
[   33.922092] pimreg: left allmulticast mode
[   33.922446] pimreg: left allmulticast mode
[   33.924055] pimreg: left allmulticast mode
[   33.924384] pimreg: left allmulticast mode
[   33.924647] pimreg: left allmulticast mode
[   33.924893] pimreg: left allmulticast mode
[   33.925272] pimreg: left allmulticast mode
[   33.925584] pimreg: left allmulticast mode
[   33.925899] pimreg: left allmulticast mode
[   33.926207] pimreg: left allmulticast mode
[   33.941243] pimreg: entered allmulticast mode
[   33.965837] pimreg: entered allmulticast mode
[   33.995362] pimreg: entered allmulticast mode
[   34.018983] pimreg: entered allmulticast mode
[   34.041656] pimreg: entered allmulticast mode
[   34.065835] pimreg: entered allmulticast mode
[   34.089741] pimreg: entered allmulticast mode
[   34.113563] pimreg: entered allmulticast mode
[   34.137759] pimreg: entered allmulticast mode
[   34.161984] pimreg: entered allmulticast mode
[   34.166450] pimreg: left allmulticast mode
[   34.166800] pimreg: left allmulticast mode
[   34.167067] pimreg: left allmulticast mode
[   34.167374] pimreg: left allmulticast mode
[   34.167674] pimreg: left allmulticast mode
[   34.168371] pimreg: left allmulticast mode
[   34.168697] pimreg: left allmulticast mode
[   34.168996] pimreg: left allmulticast mode
[   34.169364] pimreg: left allmulticast mode
[   34.169665] pimreg: left allmulticast mode
[   34.186078] pimreg: entered allmulticast mode
[   34.212552] pimreg: entered allmulticast mode
[   34.241423] pimreg: entered allmulticast mode
[   34.265768] pimreg: entered allmulticast mode
[   34.289986] pimreg: entered allmulticast mode
[   34.309781] pimreg: entered allmulticast mode
[   34.333712] pimreg: entered allmulticast mode
[   34.369634] pimreg: entered allmulticast mode
[   34.394063] pimreg: entered allmulticast mode
[   34.406290] pimreg: left allmulticast mode
[   34.407164] pimreg: left allmulticast mode
[   34.407489] pimreg: left allmulticast mode
[   34.408217] pimreg: left allmulticast mode
[   34.408493] pimreg: left allmulticast mode
[   34.409237] pimreg: left allmulticast mode
[   34.409886] pimreg: left allmulticast mode
[   34.410228] pimreg: left allmulticast mode
[   34.411159] pimreg: left allmulticast mode
[   34.426732] pimreg: entered allmulticast mode
[   34.452538] pimreg: entered allmulticast mode
[   34.474669] pimreg: entered allmulticast mode
[   34.497656] pimreg: entered allmulticast mode
[   34.509197] pimreg: entered allmulticast mode
[   34.533336] pimreg: entered allmulticast mode
[   34.558038] pimreg: entered allmulticast mode
[   34.577642] pimreg: entered allmulticast mode
[   34.605858] pimreg: entered allmulticast mode
[   34.618414] pimreg: left allmulticast mode
[   34.619134] pimreg: left allmulticast mode
[   34.619444] pimreg: left allmulticast mode
[   34.619709] pimreg: left allmulticast mode
[   34.619958] pimreg: left allmulticast mode
[   34.620259] pimreg: left allmulticast mode
[   34.620561] pimreg: left allmulticast mode
[   34.620865] pimreg: left allmulticast mode
[   34.621212] pimreg: left allmulticast mode
[   34.637013] pimreg: entered allmulticast mode
[   34.660142] pimreg: entered allmulticast mode
[   34.694850] pimreg: entered allmulticast mode
[   34.713850] pimreg: entered allmulticast mode
[   34.738107] pimreg: entered allmulticast mode
[   34.761364] pimreg: entered allmulticast mode
[   34.780998] pimreg: entered allmulticast mode
[   34.805346] pimreg: entered allmulticast mode
[   34.826819] pimreg: entered allmulticast mode
[   34.834953] pimreg: left allmulticast mode
[   34.835308] pimreg: left allmulticast mode
[   34.835566] pimreg: left allmulticast mode
[   34.835825] pimreg: left allmulticast mode
[   34.836087] pimreg: left allmulticast mode
[   34.836408] pimreg: left allmulticast mode
[   34.836707] pimreg: left allmulticast mode
[   34.837279] pimreg: left allmulticast mode
[   34.837537] pimreg: left allmulticast mode
[   34.852901] pimreg: entered allmulticast mode
[   34.891089] pimreg: entered allmulticast mode
[   34.917875] pimreg: entered allmulticast mode
[   34.942028] pimreg: entered allmulticast mode
[   34.961228] pimreg: entered allmulticast mode
[   34.994176] pimreg: entered allmulticast mode
[   35.009301] pimreg: entered allmulticast mode
[   35.033476] pimreg: entered allmulticast mode
[   35.042270] pimreg: left allmulticast mode
[   35.042850] pimreg: left allmulticast mode
[   35.043152] pimreg: left allmulticast mode
[   35.043412] pimreg: left allmulticast mode
[   35.043662] pimreg: left allmulticast mode
[   35.043965] pimreg: left allmulticast mode
[   35.044282] pimreg: left allmulticast mode
[   35.044589] pimreg: left allmulticast mode
[   35.058281] pimreg: entered allmulticast mode
[   35.090365] pimreg: entered allmulticast mode
[   35.110480] pimreg: entered allmulticast mode
[   35.133903] pimreg: entered allmulticast mode
[   35.158100] pimreg: entered allmulticast mode
[   35.161923] pimreg: left allmulticast mode
[   35.162282] pimreg: left allmulticast mode
[   35.162538] pimreg: left allmulticast mode
[   35.162802] pimreg: left allmulticast mode
[   35.163051] pimreg: left allmulticast mode
[   35.176724] pimreg: entered allmulticast mode
[   35.201221] pimreg: entered allmulticast mode
[   35.221381] pimreg: entered allmulticast mode
[   35.237283] pimreg: entered allmulticast mode
[   35.274487] pimreg: entered allmulticast mode
[   35.289146] pimreg: entered allmulticast mode
[   35.308914] pimreg: entered allmulticast mode
[   35.326222] pimreg: left allmulticast mode
[   35.326950] pimreg: left allmulticast mode
[   35.327263] pimreg: left allmulticast mode
[   35.327517] pimreg: left allmulticast mode
[   35.327792] pimreg: left allmulticast mode
[   35.328045] pimreg: left allmulticast mode
[   35.328367] pimreg: left allmulticast mode
[   35.340490] pimreg: entered allmulticast mode
[   35.368480] pimreg: entered allmulticast mode
[   35.392217] pimreg: entered allmulticast mode
[   35.417595] pimreg: entered allmulticast mode
[   35.441377] pimreg: entered allmulticast mode
[   35.465734] pimreg: entered allmulticast mode
[   35.494140] pimreg: entered allmulticast mode
[   35.513212] pimreg: entered allmulticast mode
[   35.518699] pimreg: left allmulticast mode
[   35.519043] pimreg: left allmulticast mode
[   35.519339] pimreg: left allmulticast mode
[   35.519615] pimreg: left allmulticast mode
[   35.519866] pimreg: left allmulticast mode
[   35.520126] pimreg: left allmulticast mode
[   35.520424] pimreg: left allmulticast mode
[   35.541931] pimreg: entered allmulticast mode
[   35.567323] pimreg: entered allmulticast mode
[   35.578471] pimreg: entered allmulticast mode
[   35.589819] pimreg: entered allmulticast mode
[   35.609921] pimreg: entered allmulticast mode
[   35.637333] pimreg: entered allmulticast mode
[   35.661816] pimreg: entered allmulticast mode
[   35.666209] pimreg: left allmulticast mode
[   35.666550] pimreg: left allmulticast mode
[   35.666878] pimreg: left allmulticast mode
[   35.667183] pimreg: left allmulticast mode
[   35.667476] pimreg: left allmulticast mode
[   35.667789] pimreg: left allmulticast mode
[   35.668553] pimreg: left allmulticast mode
[   35.668885] pimreg: left allmulticast mode
[   35.682976] pimreg: entered allmulticast mode
[   35.713903] pimreg: entered allmulticast mode
[   35.738687] pimreg: entered allmulticast mode
[   35.757710] pimreg: entered allmulticast mode
[   35.769824] pimreg: entered allmulticast mode
[   35.789936] pimreg: entered allmulticast mode
[   35.817616] pimreg: entered allmulticast mode
[   35.845462] pimreg: entered allmulticast mode
[   35.869825] pimreg: entered allmulticast mode
[   35.874082] pimreg: left allmulticast mode
[   35.874458] pimreg: left allmulticast mode
[   35.874754] pimreg: left allmulticast mode
[   35.875088] pimreg: left allmulticast mode
[   35.875389] pimreg: left allmulticast mode
[   35.875689] pimreg: left allmulticast mode
[   35.875978] pimreg: left allmulticast mode
[   35.876535] pimreg: left allmulticast mode
[   35.876895] pimreg: left allmulticast mode
[   35.892073] pimreg: entered allmulticast mode
[   35.909789] pimreg: entered allmulticast mode
[   35.933203] pimreg: entered allmulticast mode
[   35.956510] pimreg: entered allmulticast mode
[   35.985998] pimreg: entered allmulticast mode
[   36.009870] pimreg: entered allmulticast mode
[   36.041283] pimreg: entered allmulticast mode
[   36.065575] pimreg: entered allmulticast mode
[   36.085049] pimreg: entered allmulticast mode
[   36.109464] pimreg: entered allmulticast mode
[   36.114728] pimreg: left allmulticast mode
[   36.115141] pimreg: left allmulticast mode
[   36.115416] pimreg: left allmulticast mode
[   36.115665] pimreg: left allmulticast mode
[   36.115914] pimreg: left allmulticast mode
[   36.116225] pimreg: left allmulticast mode
[   36.116526] pimreg: left allmulticast mode
[   36.116973] pimreg: left allmulticast mode
[   36.117450] pimreg: left allmulticast mode
[   36.118137] pimreg: left allmulticast mode
[   36.134406] pimreg: entered allmulticast mode
[   36.167573] pimreg: entered allmulticast mode
[   36.185415] pimreg: entered allmulticast mode
[   36.210050] pimreg: entered allmulticast mode
[   36.221278] pimreg: entered allmulticast mode
[   36.249538] pimreg: entered allmulticast mode
[   36.274261] pimreg: entered allmulticast mode
[   36.301532] pimreg: entered allmulticast mode
[   36.329793] pimreg: entered allmulticast mode
[   36.335324] pimreg: left allmulticast mode
[   36.335687] pimreg: left allmulticast mode
[   36.336042] pimreg: left allmulticast mode
[   36.336369] pimreg: left allmulticast mode
[   36.336674] pimreg: left allmulticast mode
[   36.336982] pimreg: left allmulticast mode
[   36.337356] pimreg: left allmulticast mode
[   36.337665] pimreg: left allmulticast mode
[   36.357611] pimreg: entered allmulticast mode
[   36.380784] pimreg: entered allmulticast mode
[   36.397302] pimreg: entered allmulticast mode
[   36.417466] pimreg: entered allmulticast mode
[   36.461783] pimreg: entered allmulticast mode
[   36.485420] pimreg: entered allmulticast mode
[   36.509588] pimreg: entered allmulticast mode
[   36.541748] pimreg: entered allmulticast mode
[   36.565760] pimreg: entered allmulticast mode
[   36.570880] pimreg: left allmulticast mode
[   36.571289] pimreg: left allmulticast mode
[   36.571608] pimreg: left allmulticast mode
[   36.571912] pimreg: left allmulticast mode
[   36.572230] pimreg: left allmulticast mode
[   36.572556] pimreg: left allmulticast mode
[   36.572858] pimreg: left allmulticast mode
[   36.573226] pimreg: left allmulticast mode
[   36.573556] pimreg: left allmulticast mode
[   36.589539] pimreg: entered allmulticast mode
[   36.622996] pimreg: entered allmulticast mode
[   36.664933] pimreg: entered allmulticast mode
[   36.685941] pimreg: entered allmulticast mode
[   36.698066] pimreg: entered allmulticast mode
[   36.721284] pimreg: entered allmulticast mode
[   36.745514] pimreg: entered allmulticast mode
[   36.759294] pimreg: left allmulticast mode
[   36.759877] pimreg: left allmulticast mode
[   36.760192] pimreg: left allmulticast mode
[   36.760448] pimreg: left allmulticast mode
[   36.760702] pimreg: left allmulticast mode
[   36.761025] pimreg: left allmulticast mode
[   36.761399] pimreg: left allmulticast mode
[   36.761729] pimreg: left allmulticast mode
[   36.775309] pimreg: entered allmulticast mode
[   36.806629] pimreg: entered allmulticast mode
[   36.834782] pimreg: entered allmulticast mode
[   36.859575] pimreg: entered allmulticast mode
[   36.873720] pimreg: entered allmulticast mode
[   36.897626] pimreg: entered allmulticast mode
[   36.921493] pimreg: entered allmulticast mode
[   36.949009] pimreg: entered allmulticast mode
[   36.962112] pimreg: left allmulticast mode
[   36.962709] pimreg: left allmulticast mode
[   36.962984] pimreg: left allmulticast mode
[   36.963250] pimreg: left allmulticast mode
[   36.963517] pimreg: left allmulticast mode
[   36.963768] pimreg: left allmulticast mode
[   36.964074] pimreg: left allmulticast mode
[   36.964351] pimreg: left allmulticast mode
[   36.977028] pimreg: entered allmulticast mode
[   37.005796] pimreg: entered allmulticast mode
[   37.026109] pimreg: entered allmulticast mode
[   37.051381] pimreg: entered allmulticast mode
[   37.069965] pimreg: left allmulticast mode
[   37.070320] pimreg: left allmulticast mode
[   37.070579] pimreg: left allmulticast mode
[   37.070901] pimreg: left allmulticast mode
[   37.080503] pimreg: entered allmulticast mode
[   37.107156] pimreg: entered allmulticast mode
[   37.128823] pimreg: entered allmulticast mode
[   37.154787] pimreg: entered allmulticast mode
[   37.166560] pimreg: left allmulticast mode
[   37.167131] pimreg: left allmulticast mode
[   37.167425] pimreg: left allmulticast mode
[   37.167693] pimreg: left allmulticast mode
[   37.177816] pimreg: entered allmulticast mode
[   37.206487] pimreg: entered allmulticast mode
[   37.226732] pimreg: entered allmulticast mode
[   37.246646] pimreg: entered allmulticast mode
[   37.265887] pimreg: entered allmulticast mode
[   37.285161] pimreg: entered allmulticast mode
[   37.309899] pimreg: left allmulticast mode
[   37.310263] pimreg: left allmulticast mode
[   37.310539] pimreg: left allmulticast mode
[   37.310789] pimreg: left allmulticast mode
[   37.311113] pimreg: left allmulticast mode
[   37.311427] pimreg: left allmulticast mode
[   37.322943] pimreg: entered allmulticast mode
[   37.345668] pimreg: entered allmulticast mode
[   37.371759] pimreg: entered allmulticast mode
[   37.381602] pimreg: entered allmulticast mode
[   37.409972] pimreg: entered allmulticast mode
[   37.445580] pimreg: entered allmulticast mode
[   37.473473] pimreg: entered allmulticast mode
[   37.478518] pimreg: left allmulticast mode
[   37.479108] pimreg: left allmulticast mode
[   37.479399] pimreg: left allmulticast mode
[   37.479664] pimreg: left allmulticast mode
[   37.479962] pimreg: left allmulticast mode
[   37.480291] pimreg: left allmulticast mode
[   37.497657] pimreg: entered allmulticast mode
[   37.517474] pimreg: entered allmulticast mode
[   37.537667] pimreg: entered allmulticast mode
[   37.561647] pimreg: entered allmulticast mode
[   37.601880] pimreg: entered allmulticast mode
[   37.637588] pimreg: entered allmulticast mode
[   37.657842] pimreg: left allmulticast mode
[   37.658653] pimreg: left allmulticast mode
[   37.660350] pimreg: left allmulticast mode
[   37.660659] pimreg: left allmulticast mode
[   37.660926] pimreg: left allmulticast mode
[   37.661249] pimreg: left allmulticast mode
[   37.661503] pimreg: left allmulticast mode
[   37.673708] pimreg: entered allmulticast mode
[   37.697087] pimreg: entered allmulticast mode
[   37.714690] pimreg: entered allmulticast mode
[   37.733702] pimreg: entered allmulticast mode
[   37.757498] pimreg: entered allmulticast mode
[   37.781651] pimreg: entered allmulticast mode
[   37.809870] pimreg: entered allmulticast mode
[   37.833866] pimreg: entered allmulticast mode
[   37.854491] pimreg: left allmulticast mode
[   37.854833] pimreg: left allmulticast mode
[   37.855111] pimreg: left allmulticast mode
[   37.855369] pimreg: left allmulticast mode
[   37.855677] pimreg: left allmulticast mode
[   37.856014] pimreg: left allmulticast mode
[   37.856325] pimreg: left allmulticast mode
[   37.856621] pimreg: left allmulticast mode
[   37.870028] pimreg: entered allmulticast mode
[   37.895940] pimreg: entered allmulticast mode
[   37.906351] pimreg: entered allmulticast mode
[   37.925038] pimreg: entered allmulticast mode
[   37.953405] pimreg: entered allmulticast mode
[   37.978053] pimreg: entered allmulticast mode
[   38.001435] pimreg: entered allmulticast mode
[   38.025258] pimreg: entered allmulticast mode
[   38.049706] pimreg: entered allmulticast mode
[   38.054632] pimreg: left allmulticast mode
[   38.054980] pimreg: left allmulticast mode
[   38.055232] pimreg: left allmulticast mode
[   38.055538] pimreg: left allmulticast mode
[   38.055833] pimreg: left allmulticast mode
[   38.056130] pimreg: left allmulticast mode
[   38.056427] pimreg: left allmulticast mode
[   38.056713] pimreg: left allmulticast mode
[   38.072985] pimreg: entered allmulticast mode
[   38.114046] pimreg: entered allmulticast mode
[   38.134279] pimreg: entered allmulticast mode
[   38.158345] pimreg: entered allmulticast mode
[   38.173388] pimreg: entered allmulticast mode
[   38.197670] pimreg: entered allmulticast mode
[   38.224680] pimreg: entered allmulticast mode
[   38.238740] pimreg: left allmulticast mode
[   38.239071] pimreg: left allmulticast mode
[   38.239326] pimreg: left allmulticast mode
[   38.239643] pimreg: left allmulticast mode
[   38.239951] pimreg: left allmulticast mode
[   38.240266] pimreg: left allmulticast mode
[   38.240558] pimreg: left allmulticast mode
[   38.240852] pimreg: left allmulticast mode
[   38.254427] pimreg: entered allmulticast mode
[   38.290668] pimreg: entered allmulticast mode
[   38.317846] pimreg: entered allmulticast mode
[   38.330870] pimreg: entered allmulticast mode
[   38.354765] pimreg: entered allmulticast mode
[   38.377213] pimreg: entered allmulticast mode
[   38.409292] pimreg: entered allmulticast mode
[   38.414788] pimreg: left allmulticast mode
[   38.415106] pimreg: left allmulticast mode
[   38.415356] pimreg: left allmulticast mode
[   38.415626] pimreg: left allmulticast mode
[   38.415874] pimreg: left allmulticast mode
[   38.416210] pimreg: left allmulticast mode
[   38.416507] pimreg: left allmulticast mode
[   38.428587] pimreg: entered allmulticast mode
[   38.458108] pimreg: entered allmulticast mode
[   38.485651] pimreg: entered allmulticast mode
[   38.506338] pimreg: entered allmulticast mode
[   38.529868] pimreg: entered allmulticast mode
[   38.554057] pimreg: entered allmulticast mode
[   38.577741] pimreg: entered allmulticast mode
[   38.602350] pimreg: entered allmulticast mode
[   38.614384] pimreg: left allmulticast mode
[   38.614802] pimreg: left allmulticast mode
[   38.615169] pimreg: left allmulticast mode
[   38.615598] pimreg: left allmulticast mode
[   38.616239] pimreg: left allmulticast mode
[   38.616654] pimreg: left allmulticast mode
[   38.617059] pimreg: left allmulticast mode
[   38.617896] pimreg: left allmulticast mode
[   38.634060] pimreg: entered allmulticast mode
[   38.668458] pimreg: entered allmulticast mode
[   38.685798] pimreg: entered allmulticast mode
[   38.707381] pimreg: entered allmulticast mode
[   38.726233] pimreg: entered allmulticast mode
[   38.749787] pimreg: entered allmulticast mode
[   38.774220] pimreg: entered allmulticast mode
[   38.797971] pimreg: entered allmulticast mode
[   38.822306] pimreg: entered allmulticast mode
[   38.843344] pimreg: left allmulticast mode
[   38.843689] pimreg: left allmulticast mode
[   38.843987] pimreg: left allmulticast mode
[   38.844253] pimreg: left allmulticast mode
[   38.844508] pimreg: left allmulticast mode
[   38.844780] pimreg: left allmulticast mode
[   38.845050] pimreg: left allmulticast mode
[   38.845364] pimreg: left allmulticast mode
[   38.845674] pimreg: left allmulticast mode
[   38.859503] pimreg: entered allmulticast mode
[   38.884728] pimreg: entered allmulticast mode
[   38.913876] pimreg: entered allmulticast mode
[   38.937334] pimreg: entered allmulticast mode
[   38.961383] pimreg: entered allmulticast mode
[   38.985101] pimreg: entered allmulticast mode
[   39.010014] pimreg: entered allmulticast mode
[   39.037296] pimreg: entered allmulticast mode
[   39.061534] pimreg: entered allmulticast mode
[   39.066204] pimreg: left allmulticast mode
[   39.066542] pimreg: left allmulticast mode
[   39.066859] pimreg: left allmulticast mode
[   39.067188] pimreg: left allmulticast mode
[   39.067490] pimreg: left allmulticast mode
[   39.067807] pimreg: left allmulticast mode
[   39.068114] pimreg: left allmulticast mode
[   39.069007] pimreg: left allmulticast mode
[   39.069953] pimreg: left allmulticast mode
[   39.084102] pimreg: entered allmulticast mode
[   39.112413] pimreg: entered allmulticast mode
[   39.133102] pimreg: entered allmulticast mode
[   39.153703] pimreg: entered allmulticast mode
[   39.169539] pimreg: entered allmulticast mode
[   39.189285] pimreg: entered allmulticast mode
[   39.213645] pimreg: entered allmulticast mode
[   39.249681] pimreg: entered allmulticast mode
[   39.273357] pimreg: entered allmulticast mode
[   39.301668] pimreg: entered allmulticast mode
[   39.307217] pimreg: left allmulticast mode
[   39.307796] pimreg: left allmulticast mode
[   39.308102] pimreg: left allmulticast mode
[   39.308416] pimreg: left allmulticast mode
[   39.308726] pimreg: left allmulticast mode
[   39.309027] pimreg: left allmulticast mode
[   39.309398] pimreg: left allmulticast mode
[   39.309708] pimreg: left allmulticast mode
[   39.310015] pimreg: left allmulticast mode
[   39.325378] pimreg: entered allmulticast mode
[   39.355058] pimreg: entered allmulticast mode
[   39.380809] pimreg: entered allmulticast mode
[   39.402333] pimreg: entered allmulticast mode
[   39.425480] pimreg: entered allmulticast mode
[   39.449840] pimreg: entered allmulticast mode
[   39.473627] pimreg: entered allmulticast mode
[   39.501756] pimreg: entered allmulticast mode
[   39.517935] pimreg: left allmulticast mode
[   39.518281] pimreg: left allmulticast mode
[   39.518607] pimreg: left allmulticast mode
[   39.519313] pimreg: left allmulticast mode
[   39.519669] pimreg: left allmulticast mode
[   39.520015] pimreg: left allmulticast mode
[   39.520329] pimreg: left allmulticast mode
[   39.520649] pimreg: left allmulticast mode
[   39.520960] pimreg: left allmulticast mode
[   39.534361] pimreg: entered allmulticast mode
[   39.556423] pimreg: entered allmulticast mode
[   39.582961] pimreg: entered allmulticast mode
[   39.613619] pimreg: entered allmulticast mode
[   39.655147] pimreg: entered allmulticast mode
[   39.665874] pimreg: entered allmulticast mode
[   39.678517] pimreg: left allmulticast mode
[   39.678862] pimreg: left allmulticast mode
[   39.679199] pimreg: left allmulticast mode
[   39.679524] pimreg: left allmulticast mode
[   39.679866] pimreg: left allmulticast mode
[   39.680420] pimreg: left allmulticast mode
[   39.692417] pimreg: entered allmulticast mode
[   39.721793] pimreg: entered allmulticast mode
[   39.755081] pimreg: entered allmulticast mode
[   39.773955] pimreg: entered allmulticast mode
[   39.798848] pimreg: left allmulticast mode
[   39.799188] pimreg: left allmulticast mode
[   39.799439] pimreg: left allmulticast mode
[   39.799751] pimreg: left allmulticast mode
[   39.808722] pimreg: entered allmulticast mode
[   39.841486] pimreg: entered allmulticast mode
[   39.864908] pimreg: entered allmulticast mode
[   39.877215] pimreg: entered allmulticast mode
[   39.909445] pimreg: entered allmulticast mode
[   39.933574] pimreg: entered allmulticast mode
[   39.937976] pimreg: left allmulticast mode
[   39.938617] pimreg: left allmulticast mode
[   39.938887] pimreg: left allmulticast mode
[   39.939180] pimreg: left allmulticast mode
[   39.939463] pimreg: left allmulticast mode
[   39.939773] pimreg: left allmulticast mode
[   39.951175] pimreg: entered allmulticast mode
[   39.961637] pimreg: entered allmulticast mode
[   39.973044] pimreg: entered allmulticast mode
[   39.994948] pimreg: entered allmulticast mode
[   40.019292] pimreg: entered allmulticast mode
[   40.045921] pimreg: left allmulticast mode
[   40.046224] pimreg: left allmulticast mode
[   40.046533] pimreg: left allmulticast mode
[   40.046839] pimreg: left allmulticast mode
[   40.047157] pimreg: left allmulticast mode
[   40.056145] pimreg: entered allmulticast mode
[   40.084155] pimreg: entered allmulticast mode
[   40.094700] pimreg: entered allmulticast mode
[   40.113317] pimreg: entered allmulticast mode
[   40.126161] pimreg: entered allmulticast mode
[   40.158251] pimreg: entered allmulticast mode
[   40.175284] pimreg: left allmulticast mode
[   40.175592] pimreg: left allmulticast mode
[   40.175843] pimreg: left allmulticast mode
[   40.176154] pimreg: left allmulticast mode
[   40.176465] pimreg: left allmulticast mode
[   40.176799] pimreg: left allmulticast mode
[   40.186944] pimreg: entered allmulticast mode
[   40.205852] pimreg: entered allmulticast mode
[   40.231898] pimreg: entered allmulticast mode
[   40.253537] pimreg: entered allmulticast mode
[   40.285219] pimreg: entered allmulticast mode
[   40.312921] pimreg: entered allmulticast mode
[   40.334452] pimreg: left allmulticast mode
[   40.334742] pimreg: left allmulticast mode
[   40.335066] pimreg: left allmulticast mode
[   40.335380] pimreg: left allmulticast mode
[   40.335810] pimreg: left allmulticast mode
[   40.336125] pimreg: left allmulticast mode
[   40.346829] pimreg: entered allmulticast mode
[   40.379411] pimreg: entered allmulticast mode
[   40.391162] pimreg: entered allmulticast mode
[   40.413494] pimreg: entered allmulticast mode
[   40.437456] pimreg: entered allmulticast mode
[   40.461395] pimreg: entered allmulticast mode
[   40.486366] pimreg: entered allmulticast mode
[   40.502283] pimreg: left allmulticast mode
[   40.502688] pimreg: left allmulticast mode
[   40.502981] pimreg: left allmulticast mode
[   40.503238] pimreg: left allmulticast mode
[   40.503558] pimreg: left allmulticast mode
[   40.504857] pimreg: left allmulticast mode
[   40.505253] pimreg: left allmulticast mode
[   40.517275] pimreg: entered allmulticast mode
[   40.539156] pimreg: entered allmulticast mode
[   40.562567] pimreg: entered allmulticast mode
[   40.587014] pimreg: entered allmulticast mode
[   40.613708] pimreg: entered allmulticast mode
[   40.635296] pimreg: entered allmulticast mode
[   40.635680] pimreg: left allmulticast mode
[   40.636097] pimreg: left allmulticast mode
[   40.636422] pimreg: left allmulticast mode
[   40.636719] pimreg: left allmulticast mode
[   40.637036] pimreg: left allmulticast mode
[   40.637470] pimreg: left allmulticast mode
[   40.649659] pimreg: entered allmulticast mode
[   40.669685] pimreg: entered allmulticast mode
[   40.689315] pimreg: entered allmulticast mode
[   40.712613] pimreg: entered allmulticast mode
[   40.742150] pimreg: entered allmulticast mode
[   40.770214] pimreg: entered allmulticast mode
[   40.801627] pimreg: entered allmulticast mode
[   40.829869] pimreg: left allmulticast mode
[   40.830184] pimreg: left allmulticast mode
[   40.830453] pimreg: left allmulticast mode
[   40.830750] pimreg: left allmulticast mode
[   40.831059] pimreg: left allmulticast mode
[   40.832019] pimreg: left allmulticast mode
[   40.832366] pimreg: left allmulticast mode
[   40.843345] pimreg: entered allmulticast mode
[   40.860991] pimreg: entered allmulticast mode
[   40.895734] pimreg: entered allmulticast mode
[   40.913396] pimreg: entered allmulticast mode
[   40.937645] pimreg: entered allmulticast mode
[   40.958174] pimreg: entered allmulticast mode
[   40.978246] pimreg: entered allmulticast mode
[   41.006163] pimreg: entered allmulticast mode
[   41.014795] pimreg: left allmulticast mode
[   41.015165] pimreg: left allmulticast mode
[   41.015444] pimreg: left allmulticast mode
[   41.015699] pimreg: left allmulticast mode
[   41.016019] pimreg: left allmulticast mode
[   41.016323] pimreg: left allmulticast mode
[   41.016647] pimreg: left allmulticast mode
[   41.016959] pimreg: left allmulticast mode
[   41.031729] pimreg: entered allmulticast mode
[   41.066352] pimreg: entered allmulticast mode
[   41.086566] pimreg: entered allmulticast mode
[   41.126079] pimreg: entered allmulticast mode
[   41.150097] pimreg: entered allmulticast mode
[   41.154267] pimreg: left allmulticast mode
[   41.154601] pimreg: left allmulticast mode
[   41.154895] pimreg: left allmulticast mode
[   41.155149] pimreg: left allmulticast mode
[   41.155448] pimreg: left allmulticast mode
[   41.165334] pimreg: entered allmulticast mode
[   41.203084] pimreg: entered allmulticast mode
[   41.217157] pimreg: entered allmulticast mode
[   41.229549] pimreg: entered allmulticast mode
[   41.249986] pimreg: entered allmulticast mode
[   41.281429] pimreg: entered allmulticast mode
[   41.285750] pimreg: left allmulticast mode
[   41.286114] pimreg: left allmulticast mode
[   41.286426] pimreg: left allmulticast mode
[   41.286754] pimreg: left allmulticast mode
[   41.287057] pimreg: left allmulticast mode
[   41.301530] pimreg: entered allmulticast mode
[   41.334704] pimreg: entered allmulticast mode
[   41.359357] pimreg: entered allmulticast mode
[   41.369883] pimreg: entered allmulticast mode
[   41.381547] pimreg: entered allmulticast mode
[   41.405736] pimreg: entered allmulticast mode
[   41.410196] pimreg: left allmulticast mode
[   41.410520] pimreg: left allmulticast mode
[   41.410832] pimreg: left allmulticast mode
[   41.411154] pimreg: left allmulticast mode
[   41.411465] pimreg: left allmulticast mode
[   41.411783] pimreg: left allmulticast mode
[   41.429325] pimreg: entered allmulticast mode
[   41.454011] pimreg: entered allmulticast mode
[   41.470276] pimreg: entered allmulticast mode
[   41.493555] pimreg: entered allmulticast mode
[   41.518053] pimreg: entered allmulticast mode
[   41.546428] pimreg: entered allmulticast mode
[   41.562314] pimreg: left allmulticast mode
[   41.562621] pimreg: left allmulticast mode
[   41.562890] pimreg: left allmulticast mode
[   41.563186] pimreg: left allmulticast mode
[   41.563485] pimreg: left allmulticast mode
[   41.563911] pimreg: left allmulticast mode
[   41.564217] pimreg: left allmulticast mode
[   41.575861] pimreg: entered allmulticast mode
[   41.605727] pimreg: entered allmulticast mode
[   41.632966] pimreg: entered allmulticast mode
[   41.653660] pimreg: entered allmulticast mode
[   41.673494] pimreg: entered allmulticast mode
[   41.697151] pimreg: entered allmulticast mode
[   41.717969] pimreg: entered allmulticast mode
[   41.737447] pimreg: entered allmulticast mode
[   41.738212] pimreg: left allmulticast mode
[   41.738540] pimreg: left allmulticast mode
[   41.738853] pimreg: left allmulticast mode
[   41.739154] pimreg: left allmulticast mode
[   41.739457] pimreg: left allmulticast mode
[   41.739805] pimreg: left allmulticast mode
[   41.740135] pimreg: left allmulticast mode
[   41.754783] pimreg: entered allmulticast mode
[   41.772875] pimreg: entered allmulticast mode
[   41.800731] pimreg: entered allmulticast mode
[   41.826298] pimreg: entered allmulticast mode
[   41.841858] pimreg: entered allmulticast mode
[   41.862513] pimreg: entered allmulticast mode
[   41.882004] pimreg: entered allmulticast mode
[   41.910031] pimreg: entered allmulticast mode
[   41.955318] pimreg: left allmulticast mode
[   41.955667] pimreg: left allmulticast mode
[   41.955954] pimreg: left allmulticast mode
[   41.956217] pimreg: left allmulticast mode
[   41.956478] pimreg: left allmulticast mode
[   41.956811] pimreg: left allmulticast mode
[   41.957461] pimreg: left allmulticast mode
[   41.957774] pimreg: left allmulticast mode
[   41.958100] pimreg: left allmulticast mode
[   41.971435] pimreg: entered allmulticast mode
[   41.992434] pimreg: entered allmulticast mode
[   42.018570] pimreg: entered allmulticast mode
[   42.041928] pimreg: entered allmulticast mode
[   42.065707] pimreg: entered allmulticast mode
[   42.089985] pimreg: entered allmulticast mode
[   42.117335] pimreg: entered allmulticast mode
[   42.141586] pimreg: entered allmulticast mode
[   42.169267] pimreg: entered allmulticast mode
[   42.182054] pimreg: left allmulticast mode
[   42.182388] pimreg: left allmulticast mode
[   42.182648] pimreg: left allmulticast mode
[   42.182912] pimreg: left allmulticast mode
[   42.183229] pimreg: left allmulticast mode
[   42.183547] pimreg: left allmulticast mode
[   42.183851] pimreg: left allmulticast mode
[   42.184149] pimreg: left allmulticast mode
[   42.184474] pimreg: left allmulticast mode
[   42.200463] pimreg: entered allmulticast mode
[   42.227089] pimreg: entered allmulticast mode
[   42.257339] pimreg: entered allmulticast mode
[   42.289370] pimreg: entered allmulticast mode
[   42.317249] pimreg: entered allmulticast mode
[   42.346240] pimreg: entered allmulticast mode
[   42.369521] pimreg: entered allmulticast mode
[   42.390744] pimreg: left allmulticast mode
[   42.391097] pimreg: left allmulticast mode
[   42.391374] pimreg: left allmulticast mode
[   42.391628] pimreg: left allmulticast mode
[   42.391946] pimreg: left allmulticast mode
[   42.392272] pimreg: left allmulticast mode
[   42.392572] pimreg: left allmulticast mode
[   42.404745] pimreg: entered allmulticast mode
[   42.437594] pimreg: entered allmulticast mode
[   42.468193] pimreg: entered allmulticast mode
[   42.489283] pimreg: entered allmulticast mode
[   42.513500] pimreg: entered allmulticast mode
[   42.537484] pimreg: entered allmulticast mode
[   42.557819] pimreg: entered allmulticast mode
[   42.577686] pimreg: entered allmulticast mode
[   42.602129] pimreg: left allmulticast mode
[   42.602500] pimreg: left allmulticast mode
[   42.603355] pimreg: left allmulticast mode
[   42.604184] pimreg: left allmulticast mode
[   42.604540] pimreg: left allmulticast mode
[   42.604851] pimreg: left allmulticast mode
[   42.605825] pimreg: left allmulticast mode
[   42.606211] pimreg: left allmulticast mode
[   42.619142] pimreg: entered allmulticast mode
[   42.651033] pimreg: entered allmulticast mode
[   42.661856] pimreg: entered allmulticast mode
[   42.690157] pimreg: entered allmulticast mode
[   42.721822] pimreg: entered allmulticast mode
[   42.753827] pimreg: entered allmulticast mode
[   42.777838] pimreg: entered allmulticast mode
[   42.802845] pimreg: entered allmulticast mode
[   42.814818] pimreg: left allmulticast mode
[   42.815113] pimreg: left allmulticast mode
[   42.815365] pimreg: left allmulticast mode
[   42.815668] pimreg: left allmulticast mode
[   42.815987] pimreg: left allmulticast mode
[   42.816306] pimreg: left allmulticast mode
[   42.816612] pimreg: left allmulticast mode
[   42.816951] pimreg: left allmulticast mode
[   42.830735] pimreg: entered allmulticast mode
[   42.850280] pimreg: entered allmulticast mode
[   42.875014] pimreg: entered allmulticast mode
[   42.886278] pimreg: entered allmulticast mode
[   42.913729] pimreg: entered allmulticast mode
[   42.933405] pimreg: entered allmulticast mode
[   42.953587] pimreg: entered allmulticast mode
[   42.974183] pimreg: entered allmulticast mode
[   42.990438] pimreg: left allmulticast mode
[   42.990758] pimreg: left allmulticast mode
[   42.991120] pimreg: left allmulticast mode
[   42.991436] pimreg: left allmulticast mode
[   42.991746] pimreg: left allmulticast mode
[   42.992074] pimreg: left allmulticast mode
[   42.992374] pimreg: left allmulticast mode
[   42.992676] pimreg: left allmulticast mode
[   43.006043] pimreg: entered allmulticast mode
[   43.032527] pimreg: entered allmulticast mode
[   43.080505] pimreg: entered allmulticast mode
[   43.106113] pimreg: entered allmulticast mode
[   43.149552] pimreg: entered allmulticast mode
[   43.173485] pimreg: entered allmulticast mode
[   43.205018] pimreg: entered allmulticast mode
[   43.229461] pimreg: entered allmulticast mode
[   43.253805] pimreg: entered allmulticast mode
[   43.258203] pimreg: left allmulticast mode
[   43.258550] pimreg: left allmulticast mode
[   43.258831] pimreg: left allmulticast mode
[   43.259083] pimreg: left allmulticast mode
[   43.259333] pimreg: left allmulticast mode
[   43.260296] pimreg: left allmulticast mode
[   43.260740] pimreg: left allmulticast mode
[   43.261089] pimreg: left allmulticast mode
[   43.261979] pimreg: left allmulticast mode
[   43.276610] pimreg: entered allmulticast mode
[   43.304573] pimreg: entered allmulticast mode
[   43.335306] pimreg: entered allmulticast mode
[   43.361173] pimreg: entered allmulticast mode
[   43.385821] pimreg: entered allmulticast mode
[   43.405519] pimreg: entered allmulticast mode
[   43.425586] pimreg: entered allmulticast mode
[   43.445252] pimreg: entered allmulticast mode
[   43.478346] pimreg: entered allmulticast mode
[   43.494381] pimreg: left allmulticast mode
[   43.495094] pimreg: left allmulticast mode
[   43.495468] pimreg: left allmulticast mode
[   43.495812] pimreg: left allmulticast mode
[   43.496133] pimreg: left allmulticast mode
[   43.496430] pimreg: left allmulticast mode
[   43.496725] pimreg: left allmulticast mode
[   43.497034] pimreg: left allmulticast mode
[   43.497402] pimreg: left allmulticast mode
[   43.511324] pimreg: entered allmulticast mode
[   43.542481] pimreg: entered allmulticast mode
[   43.556816] pimreg: entered allmulticast mode
[   43.577539] pimreg: entered allmulticast mode
[   43.597404] pimreg: entered allmulticast mode
[   43.625209] pimreg: entered allmulticast mode
[   43.645232] pimreg: entered allmulticast mode
[   43.670086] pimreg: entered allmulticast mode
[   43.686082] pimreg: left allmulticast mode
[   43.686426] pimreg: left allmulticast mode
[   43.686777] pimreg: left allmulticast mode
[   43.687090] pimreg: left allmulticast mode
[   43.688856] pimreg: left allmulticast mode
[   43.689284] pimreg: left allmulticast mode
[   43.689608] pimreg: left allmulticast mode
[   43.689934] pimreg: left allmulticast mode
[   43.702813] pimreg: entered allmulticast mode
[   43.723379] pimreg: entered allmulticast mode
[   43.746917] pimreg: entered allmulticast mode
[   43.765228] pimreg: entered allmulticast mode
[   43.785384] pimreg: entered allmulticast mode
[   43.813613] pimreg: entered allmulticast mode
[   43.837456] pimreg: entered allmulticast mode
[   43.858271] pimreg: entered allmulticast mode
[   43.885476] pimreg: entered allmulticast mode
[   43.886410] pimreg: left allmulticast mode
[   43.886760] pimreg: left allmulticast mode
[   43.887069] pimreg: left allmulticast mode
[   43.887392] pimreg: left allmulticast mode
[   43.887710] pimreg: left allmulticast mode
[   43.888056] pimreg: left allmulticast mode
[   43.888371] pimreg: left allmulticast mode
[   43.888677] pimreg: left allmulticast mode
[   43.903073] pimreg: entered allmulticast mode
[   43.930058] pimreg: entered allmulticast mode
[   43.953220] pimreg: entered allmulticast mode
[   43.990839] pimreg: entered allmulticast mode
[   44.013500] pimreg: entered allmulticast mode
[   44.038025] pimreg: entered allmulticast mode
[   44.070425] pimreg: entered allmulticast mode
[   44.082686] pimreg: left allmulticast mode
[   44.083033] pimreg: left allmulticast mode
[   44.083305] pimreg: left allmulticast mode
[   44.083558] pimreg: left allmulticast mode
[   44.083884] pimreg: left allmulticast mode
[   44.084193] pimreg: left allmulticast mode
[   44.084497] pimreg: left allmulticast mode
[   44.084804] pimreg: left allmulticast mode
[   44.098132] pimreg: entered allmulticast mode
[   44.121893] pimreg: entered allmulticast mode
[   44.146024] pimreg: entered allmulticast mode
[   44.165900] pimreg: entered allmulticast mode
[   44.196978] pimreg: entered allmulticast mode
[   44.218028] pimreg: entered allmulticast mode
[   44.241606] pimreg: entered allmulticast mode
[   44.269791] pimreg: entered allmulticast mode
[   44.274449] pimreg: left allmulticast mode
[   44.274799] pimreg: left allmulticast mode
[   44.275260] pimreg: left allmulticast mode
[   44.276121] pimreg: left allmulticast mode
[   44.276408] pimreg: left allmulticast mode
[   44.276660] pimreg: left allmulticast mode
[   44.276989] pimreg: left allmulticast mode
[   44.277997] pimreg: left allmulticast mode
[   44.292710] pimreg: entered allmulticast mode
[   44.326021] pimreg: entered allmulticast mode
[   44.350389] pimreg: entered allmulticast mode
[   44.373581] pimreg: entered allmulticast mode
[   44.405269] pimreg: entered allmulticast mode
[   44.433659] pimreg: entered allmulticast mode
[   44.477882] pimreg: entered allmulticast mode
[   44.521614] pimreg: entered allmulticast mode
[   44.546416] pimreg: left allmulticast mode
[   44.546702] pimreg: left allmulticast mode
[   44.546970] pimreg: left allmulticast mode
[   44.547229] pimreg: left allmulticast mode
[   44.548514] pimreg: left allmulticast mode
[   44.548864] pimreg: left allmulticast mode
[   44.549234] pimreg: left allmulticast mode
[   44.549552] pimreg: left allmulticast mode
[   44.562618] pimreg: entered allmulticast mode
[   44.578828] pimreg: entered allmulticast mode
[   44.601813] pimreg: entered allmulticast mode
[   44.625264] pimreg: entered allmulticast mode
[   44.637776] pimreg: entered allmulticast mode
[   44.677726] pimreg: entered allmulticast mode
[   44.705336] pimreg: entered allmulticast mode
[   44.741305] pimreg: entered allmulticast mode
[   44.765978] pimreg: entered allmulticast mode
[   44.770655] pimreg: left allmulticast mode
[   44.771019] pimreg: left allmulticast mode
[   44.771271] pimreg: left allmulticast mode
[   44.771571] pimreg: left allmulticast mode
[   44.771887] pimreg: left allmulticast mode
[   44.772243] pimreg: left allmulticast mode
[   44.772545] pimreg: left allmulticast mode
[   44.772846] pimreg: left allmulticast mode
[   44.773168] pimreg: left allmulticast mode
[   44.787848] pimreg: entered allmulticast mode
[   44.815023] pimreg: entered allmulticast mode
[   44.827207] pimreg: entered allmulticast mode
[   44.845090] pimreg: entered allmulticast mode
[   44.857277] pimreg: entered allmulticast mode
[   44.885213] pimreg: entered allmulticast mode
[   44.905880] pimreg: entered allmulticast mode
[   44.925373] pimreg: entered allmulticast mode
[   44.957379] pimreg: entered allmulticast mode
[   44.962293] pimreg: left allmulticast mode
[   44.962624] pimreg: left allmulticast mode
[   44.962940] pimreg: left allmulticast mode
[   44.963651] pimreg: left allmulticast mode
[   44.964048] pimreg: left allmulticast mode
[   44.964380] pimreg: left allmulticast mode
[   44.964678] pimreg: left allmulticast mode
[   44.965002] pimreg: left allmulticast mode
[   44.965846] pimreg: left allmulticast mode
[   44.979975] pimreg: entered allmulticast mode
[   44.997696] pimreg: entered allmulticast mode
[   45.021274] pimreg: entered allmulticast mode
[   45.042224] pimreg: entered allmulticast mode
[   45.082012] pimreg: entered allmulticast mode
[   45.109410] pimreg: entered allmulticast mode
[   45.149879] pimreg: entered allmulticast mode
[   45.173268] pimreg: entered allmulticast mode
[   45.201423] pimreg: entered allmulticast mode
[   45.206296] pimreg: left allmulticast mode
[   45.206635] pimreg: left allmulticast mode
[   45.206927] pimreg: left allmulticast mode
[   45.207179] pimreg: left allmulticast mode
[   45.207482] pimreg: left allmulticast mode
[   45.207770] pimreg: left allmulticast mode
[   45.208095] pimreg: left allmulticast mode
[   45.208386] pimreg: left allmulticast mode
[   45.221300] pimreg: entered allmulticast mode
[   45.257904] pimreg: entered allmulticast mode
[   45.293593] pimreg: entered allmulticast mode
[   45.317872] pimreg: entered allmulticast mode
[   45.341742] pimreg: entered allmulticast mode
[   45.381465] pimreg: entered allmulticast mode
[   45.414329] pimreg: entered allmulticast mode
[   45.442332] pimreg: entered allmulticast mode
[   45.446374] pimreg: left allmulticast mode
[   45.446725] pimreg: left allmulticast mode
[   45.447004] pimreg: left allmulticast mode
[   45.447280] pimreg: left allmulticast mode
[   45.447855] pimreg: left allmulticast mode
[   45.448167] pimreg: left allmulticast mode
[   45.448418] pimreg: left allmulticast mode
[   45.448738] pimreg: left allmulticast mode
[   45.449051] pimreg: left allmulticast mode
[   45.464818] pimreg: entered allmulticast mode
[   45.507223] pimreg: entered allmulticast mode
[   45.532193] pimreg: entered allmulticast mode
[   45.554487] pimreg: entered allmulticast mode
[   45.577497] pimreg: entered allmulticast mode
[   45.597158] pimreg: entered allmulticast mode
[   45.622359] pimreg: entered allmulticast mode
[   45.634579] pimreg: left allmulticast mode
[   45.635102] pimreg: left allmulticast mode
[   45.635432] pimreg: left allmulticast mode
[   45.635754] pimreg: left allmulticast mode
[   45.636065] pimreg: left allmulticast mode
[   45.636372] pimreg: left allmulticast mode
[   45.636682] pimreg: left allmulticast mode
[   45.648886] pimreg: entered allmulticast mode
[   45.666100] pimreg: entered allmulticast mode
[   45.680568] pimreg: entered allmulticast mode
[   45.713842] pimreg: entered allmulticast mode
[   45.741932] pimreg: entered allmulticast mode
[   45.769387] pimreg: entered allmulticast mode
[   45.793546] pimreg: entered allmulticast mode
[   45.813840] pimreg: entered allmulticast mode
[   45.838198] pimreg: left allmulticast mode
[   45.838550] pimreg: left allmulticast mode
[   45.838906] pimreg: left allmulticast mode
[   45.839218] pimreg: left allmulticast mode
[   45.840115] pimreg: left allmulticast mode
[   45.840562] pimreg: left allmulticast mode
[   45.840890] pimreg: left allmulticast mode
[   45.841601] pimreg: left allmulticast mode
[   45.854642] pimreg: entered allmulticast mode
[   45.875150] pimreg: entered allmulticast mode
[   45.897946] pimreg: entered allmulticast mode
[   45.922371] pimreg: entered allmulticast mode
[   45.945291] pimreg: entered allmulticast mode
[   45.969831] pimreg: entered allmulticast mode
[   45.993376] pimreg: entered allmulticast mode
[   46.013542] pimreg: entered allmulticast mode
[   46.050084] pimreg: left allmulticast mode
[   46.050431] pimreg: left allmulticast mode
[   46.050769] pimreg: left allmulticast mode
[   46.051109] pimreg: left allmulticast mode
[   46.051430] pimreg: left allmulticast mode
[   46.052961] pimreg: left allmulticast mode
[   46.053358] pimreg: left allmulticast mode
[   46.053672] pimreg: left allmulticast mode
[   46.066420] pimreg: entered allmulticast mode
[   46.090902] pimreg: entered allmulticast mode
[   46.115435] pimreg: entered allmulticast mode
[   46.133812] pimreg: entered allmulticast mode
[   46.146030] pimreg: entered allmulticast mode
[   46.170188] pimreg: entered allmulticast mode
[   46.182674] pimreg: left allmulticast mode
[   46.182997] pimreg: left allmulticast mode
[   46.183301] pimreg: left allmulticast mode
[   46.183615] pimreg: left allmulticast mode
[   46.183956] pimreg: left allmulticast mode
[   46.184251] pimreg: left allmulticast mode
[   46.195388] pimreg: entered allmulticast mode
[   46.219670] pimreg: entered allmulticast mode
[   46.230480] pimreg: entered allmulticast mode
[   46.253575] pimreg: entered allmulticast mode
[   46.269871] pimreg: entered allmulticast mode
[   46.281598] pimreg: entered allmulticast mode
[   46.310242] pimreg: entered allmulticast mode
[   46.313960] pimreg: left allmulticast mode
[   46.314317] pimreg: left allmulticast mode
[   46.314663] pimreg: left allmulticast mode
[   46.315561] pimreg: left allmulticast mode
[   46.316200] pimreg: left allmulticast mode
[   46.316478] pimreg: left allmulticast mode
[   46.316827] pimreg: left allmulticast mode
[   46.330131] pimreg: entered allmulticast mode
[   46.353729] pimreg: entered allmulticast mode
[   46.388007] pimreg: entered allmulticast mode
[   46.417663] pimreg: entered allmulticast mode
[   46.437497] pimreg: entered allmulticast mode
[   46.469950] pimreg: entered allmulticast mode
[   46.497368] pimreg: entered allmulticast mode
[   46.526469] pimreg: left allmulticast mode
[   46.526849] pimreg: left allmulticast mode
[   46.527116] pimreg: left allmulticast mode
[   46.527376] pimreg: left allmulticast mode
[   46.527638] pimreg: left allmulticast mode
[   46.528311] pimreg: left allmulticast mode
[   46.528654] pimreg: left allmulticast mode
[   46.541055] pimreg: entered allmulticast mode
[   46.581379] pimreg: entered allmulticast mode
[   46.600322] pimreg: entered allmulticast mode
[   46.622115] pimreg: entered allmulticast mode
[   46.637581] pimreg: entered allmulticast mode
[   46.665665] pimreg: entered allmulticast mode
[   46.690251] pimreg: entered allmulticast mode
[   46.713870] pimreg: entered allmulticast mode
[   46.741963] pimreg: left allmulticast mode
[   46.742299] pimreg: left allmulticast mode
[   46.742626] pimreg: left allmulticast mode
[   46.742944] pimreg: left allmulticast mode
[   46.745267] pimreg: left allmulticast mode
[   46.745618] pimreg: left allmulticast mode
[   46.745934] pimreg: left allmulticast mode
[   46.746234] pimreg: left allmulticast mode
[   46.762287] pimreg: entered allmulticast mode
[   46.785275] pimreg: entered allmulticast mode
[   46.799608] pimreg: entered allmulticast mode
[   46.817843] pimreg: entered allmulticast mode
[   46.830104] pimreg: entered allmulticast mode
[   46.861526] pimreg: entered allmulticast mode
[   46.885667] pimreg: entered allmulticast mode
[   46.913413] pimreg: entered allmulticast mode
[   46.937647] pimreg: entered allmulticast mode
[   46.942899] pimreg: left allmulticast mode
[   46.943256] pimreg: left allmulticast mode
[   46.943529] pimreg: left allmulticast mode
[   46.943808] pimreg: left allmulticast mode
[   46.944120] pimreg: left allmulticast mode
[   46.944427] pimreg: left allmulticast mode
[   46.944731] pimreg: left allmulticast mode
[   46.945028] pimreg: left allmulticast mode
[   46.965815] pimreg: entered allmulticast mode
[   46.989864] pimreg: entered allmulticast mode
[   47.013944] pimreg: entered allmulticast mode
[   47.025904] pimreg: entered allmulticast mode
[   47.057703] pimreg: entered allmulticast mode
[   47.086767] pimreg: entered allmulticast mode
[   47.102062] pimreg: left allmulticast mode
[   47.102850] pimreg: left allmulticast mode
[   47.103139] pimreg: left allmulticast mode
[   47.103395] pimreg: left allmulticast mode
[   47.103748] pimreg: left allmulticast mode
[   47.104077] pimreg: left allmulticast mode
[   47.104389] pimreg: left allmulticast mode
[   47.116424] pimreg: entered allmulticast mode
[   47.142907] pimreg: entered allmulticast mode
[   47.166770] pimreg: entered allmulticast mode
[   47.179839] pimreg: entered allmulticast mode
[   47.197270] pimreg: entered allmulticast mode
[   47.222566] pimreg: entered allmulticast mode
[   47.243133] pimreg: left allmulticast mode
[   47.243496] pimreg: left allmulticast mode
[   47.243851] pimreg: left allmulticast mode
[   47.244177] pimreg: left allmulticast mode
[   47.244481] pimreg: left allmulticast mode
[   47.244803] pimreg: left allmulticast mode
[   47.255016] pimreg: entered allmulticast mode
[   47.277632] pimreg: entered allmulticast mode
[   47.302778] pimreg: entered allmulticast mode
[   47.325946] pimreg: entered allmulticast mode
[   47.353352] pimreg: entered allmulticast mode
[   47.377764] pimreg: entered allmulticast mode
[   47.405538] pimreg: entered allmulticast mode
[   47.434039] pimreg: left allmulticast mode
[   47.434399] pimreg: left allmulticast mode
[   47.434692] pimreg: left allmulticast mode
[   47.436150] pimreg: left allmulticast mode
[   47.436515] pimreg: left allmulticast mode
[   47.436834] pimreg: left allmulticast mode
[   47.437252] pimreg: left allmulticast mode
[   47.448534] pimreg: entered allmulticast mode
[   47.478429] pimreg: entered allmulticast mode
[   47.497540] pimreg: entered allmulticast mode
[   47.525981] pimreg: entered allmulticast mode
[   47.565049] pimreg: entered allmulticast mode
[   47.589659] pimreg: entered allmulticast mode
[   47.613771] pimreg: entered allmulticast mode
[   47.641510] pimreg: entered allmulticast mode
[   47.646565] pimreg: left allmulticast mode
[   47.647116] pimreg: left allmulticast mode
[   47.647910] pimreg: left allmulticast mode
[   47.648310] pimreg: left allmulticast mode
[   47.648573] pimreg: left allmulticast mode
[   47.648838] pimreg: left allmulticast mode
[   47.649198] pimreg: left allmulticast mode
[   47.649535] pimreg: left allmulticast mode
[   47.663352] pimreg: entered allmulticast mode
[   47.698999] pimreg: entered allmulticast mode
[   47.729786] pimreg: entered allmulticast mode
[   47.757549] pimreg: entered allmulticast mode
[   47.793636] pimreg: entered allmulticast mode
[   47.825892] pimreg: entered allmulticast mode
[   47.849582] pimreg: entered allmulticast mode
[   47.873482] pimreg: entered allmulticast mode
[   47.890071] pimreg: left allmulticast mode
[   47.890417] pimreg: left allmulticast mode
[   47.890695] pimreg: left allmulticast mode
[   47.890948] pimreg: left allmulticast mode
[   47.891277] pimreg: left allmulticast mode
[   47.891906] pimreg: left allmulticast mode
[   47.892343] pimreg: left allmulticast mode
[   47.892672] pimreg: left allmulticast mode
[   47.905385] pimreg: entered allmulticast mode
[   47.926386] pimreg: entered allmulticast mode
[   47.939894] pimreg: entered allmulticast mode
[   47.957989] pimreg: entered allmulticast mode
[   47.997707] pimreg: entered allmulticast mode
[   48.041912] pimreg: entered allmulticast mode
[   48.085980] pimreg: entered allmulticast mode
[   48.125421] pimreg: entered allmulticast mode
[   48.165588] pimreg: entered allmulticast mode
[   48.171003] pimreg: left allmulticast mode
[   48.171608] pimreg: left allmulticast mode
[   48.171898] pimreg: left allmulticast mode
[   48.172207] pimreg: left allmulticast mode
[   48.172514] pimreg: left allmulticast mode
[   48.172831] pimreg: left allmulticast mode
[   48.173198] pimreg: left allmulticast mode
[   48.173500] pimreg: left allmulticast mode
[   48.193436] pimreg: entered allmulticast mode
[   48.213725] pimreg: entered allmulticast mode
[   48.247898] pimreg: entered allmulticast mode
[   48.265556] pimreg: entered allmulticast mode
[   48.289626] pimreg: entered allmulticast mode
[   48.314317] pimreg: entered allmulticast mode
[   48.329943] pimreg: entered allmulticast mode
[   48.349384] pimreg: entered allmulticast mode
[   48.377669] pimreg: entered allmulticast mode
[   48.382244] pimreg: left allmulticast mode
[   48.382637] pimreg: left allmulticast mode
[   48.382975] pimreg: left allmulticast mode
[   48.383280] pimreg: left allmulticast mode
[   48.383599] pimreg: left allmulticast mode
[   48.383938] pimreg: left allmulticast mode
[   48.384396] pimreg: left allmulticast mode
[   48.384705] pimreg: left allmulticast mode
[   48.385008] pimreg: left allmulticast mode
[   48.385865] pimreg: left allmulticast mode
[   48.401758] pimreg: entered allmulticast mode
[   48.431080] pimreg: entered allmulticast mode
[   48.449674] pimreg: entered allmulticast mode
[   48.464325] pimreg: entered allmulticast mode
[   48.481017] pimreg: entered allmulticast mode
[   48.505528] pimreg: entered allmulticast mode
[   48.561429] pimreg: entered allmulticast mode
[   48.589196] pimreg: entered allmulticast mode
[   48.617705] pimreg: entered allmulticast mode
[   48.645229] pimreg: entered allmulticast mode
[   48.677880] pimreg: entered allmulticast mode
[   48.683367] pimreg: left allmulticast mode
[   48.684055] pimreg: left allmulticast mode
[   48.684395] pimreg: left allmulticast mode
[   48.684718] pimreg: left allmulticast mode
[   48.685029] pimreg: left allmulticast mode
[   48.685387] pimreg: left allmulticast mode
[   48.685716] pimreg: left allmulticast mode
[   48.686021] pimreg: left allmulticast mode
[   48.686326] pimreg: left allmulticast mode
[   48.686632] pimreg: left allmulticast mode
[   48.701886] pimreg: entered allmulticast mode
[   48.743418] pimreg: entered allmulticast mode
[   48.769812] pimreg: entered allmulticast mode
[   48.789718] pimreg: entered allmulticast mode
[   48.809478] pimreg: entered allmulticast mode
[   48.833676] pimreg: entered allmulticast mode
[   48.861828] pimreg: entered allmulticast mode
[   48.889691] pimreg: entered allmulticast mode
[   48.929802] pimreg: entered allmulticast mode
[   48.966883] pimreg: entered allmulticast mode
[   48.978067] pimreg: left allmulticast mode
[   48.978362] pimreg: left allmulticast mode
[   48.978626] pimreg: left allmulticast mode
[   48.978946] pimreg: left allmulticast mode
[   48.979256] pimreg: left allmulticast mode
[   48.980572] pimreg: left allmulticast mode
[   48.980899] pimreg: left allmulticast mode
[   48.981252] pimreg: left allmulticast mode
[   48.981589] pimreg: left allmulticast mode
[   48.981897] pimreg: left allmulticast mode
[   48.982195] pimreg: left allmulticast mode
[   48.982497] pimreg: left allmulticast mode
[   48.999471] pimreg: entered allmulticast mode
[   49.026643] pimreg: entered allmulticast mode
[   49.055081] pimreg: entered allmulticast mode
[   49.085976] pimreg: entered allmulticast mode
[   49.117566] pimreg: entered allmulticast mode
[   49.137707] pimreg: entered allmulticast mode
[   49.157534] pimreg: entered allmulticast mode
[   49.190363] pimreg: entered allmulticast mode
[   49.218161] pimreg: entered allmulticast mode
[   49.249385] pimreg: entered allmulticast mode
[   49.270688] pimreg: entered allmulticast mode
[   49.283090] pimreg: left allmulticast mode
[   49.283427] pimreg: left allmulticast mode
[   49.283706] pimreg: left allmulticast mode
[   49.283968] pimreg: left allmulticast mode
[   49.284229] pimreg: left allmulticast mode
[   49.284532] pimreg: left allmulticast mode
[   49.284858] pimreg: left allmulticast mode
[   49.285231] pimreg: left allmulticast mode
[   49.285499] systemd-journald[144]: Data hash table of /run/log/journal/938775788448454bb5b34822d5730c41/system.journal has a fill level at 75.0 (5360 of 7146 items, 4116480 file size, 768 bytes per hash table item), suggesting rotation.
[   49.285574] pimreg: left allmulticast mode
[   49.287009] systemd-journald[144]: /run/log/journal/938775788448454bb5b34822d5730c41/system.journal: Journal header limits reached or header out-of-date, rotating.
[   49.287321] pimreg: left allmulticast mode
[   49.307281] pimreg: entered allmulticast mode
[   49.338731] pimreg: entered allmulticast mode
[   49.353900] pimreg: entered allmulticast mode
[   49.369615] pimreg: entered allmulticast mode
[   49.394353] pimreg: entered allmulticast mode
[   49.417998] pimreg: entered allmulticast mode
[   49.437560] pimreg: entered allmulticast mode
[   49.465278] pimreg: entered allmulticast mode
[   49.490380] pimreg: entered allmulticast mode
[   49.510132] pimreg: left allmulticast mode
[   49.510470] pimreg: left allmulticast mode
[   49.511082] pimreg: left allmulticast mode
[   49.511341] pimreg: left allmulticast mode
[   49.511683] pimreg: left allmulticast mode
[   49.512008] pimreg: left allmulticast mode
[   49.512307] pimreg: left allmulticast mode
[   49.512624] pimreg: left allmulticast mode
[   49.512936] pimreg: left allmulticast mode
[   49.526577] pimreg: entered allmulticast mode
[   49.544464] pimreg: entered allmulticast mode
[   49.574513] pimreg: entered allmulticast mode
[   49.598061] pimreg: entered allmulticast mode
[   49.617711] pimreg: entered allmulticast mode
[   49.637603] pimreg: entered allmulticast mode
[   49.666102] pimreg: entered allmulticast mode
[   49.685912] pimreg: entered allmulticast mode
[   49.705535] pimreg: entered allmulticast mode
[   49.715068] pimreg: left allmulticast mode
[   49.715434] pimreg: left allmulticast mode
[   49.715787] pimreg: left allmulticast mode
[   49.716100] pimreg: left allmulticast mode
[   49.716411] pimreg: left allmulticast mode
[   49.716726] pimreg: left allmulticast mode
[   49.717028] pimreg: left allmulticast mode
[   49.717474] pimreg: left allmulticast mode
[   49.717789] pimreg: left allmulticast mode
[   49.733905] pimreg: entered allmulticast mode
[   49.766930] pimreg: entered allmulticast mode
[   49.789651] pimreg: entered allmulticast mode
[   49.808672] pimreg: entered allmulticast mode
[   49.842011] pimreg: entered allmulticast mode
[   49.866029] pimreg: entered allmulticast mode
[   49.885660] pimreg: entered allmulticast mode
[   49.906067] pimreg: entered allmulticast mode
[   49.933646] pimreg: entered allmulticast mode
[   49.958262] pimreg: entered allmulticast mode
[   49.962300] pimreg: left allmulticast mode
[   49.963004] pimreg: left allmulticast mode
[   49.963283] pimreg: left allmulticast mode
[   49.964235] pimreg: left allmulticast mode
[   49.964619] pimreg: left allmulticast mode
[   49.964923] pimreg: left allmulticast mode
[   49.965280] pimreg: left allmulticast mode
[   49.965614] pimreg: left allmulticast mode
[   49.965918] pimreg: left allmulticast mode
[   49.966455] pimreg: left allmulticast mode
[   49.981680] pimreg: entered allmulticast mode
[   50.004283] pimreg: entered allmulticast mode
[   50.027851] pimreg: entered allmulticast mode
[   50.051014] pimreg: entered allmulticast mode
[   50.074092] pimreg: entered allmulticast mode
[   50.093863] pimreg: entered allmulticast mode
[   50.118291] pimreg: entered allmulticast mode
[   50.145696] pimreg: entered allmulticast mode
[   50.173575] pimreg: entered allmulticast mode
[   50.198150] pimreg: left allmulticast mode
[   50.198480] pimreg: left allmulticast mode
[   50.198761] pimreg: left allmulticast mode
[   50.199014] pimreg: left allmulticast mode
[   50.200886] pimreg: left allmulticast mode
[   50.201264] pimreg: left allmulticast mode
[   50.201527] pimreg: left allmulticast mode
[   50.201774] pimreg: left allmulticast mode
[   50.202073] pimreg: left allmulticast mode
[   50.216264] pimreg: entered allmulticast mode
[   50.259400] pimreg: entered allmulticast mode
[   50.273189] pimreg: entered allmulticast mode
[   50.298511] pimreg: entered allmulticast mode
[   50.330039] pimreg: entered allmulticast mode
[   50.353597] pimreg: entered allmulticast mode
[   50.377472] pimreg: entered allmulticast mode
[   50.409820] pimreg: entered allmulticast mode
[   50.432883] pimreg: entered allmulticast mode
[   50.446403] pimreg: left allmulticast mode
[   50.447031] pimreg: left allmulticast mode
[   50.447642] pimreg: left allmulticast mode
[   50.447902] pimreg: left allmulticast mode
[   50.448152] pimreg: left allmulticast mode
[   50.448464] pimreg: left allmulticast mode
[   50.448764] pimreg: left allmulticast mode
[   50.449073] pimreg: left allmulticast mode
[   50.449437] pimreg: left allmulticast mode
[   50.464118] pimreg: entered allmulticast mode
[   50.489263] pimreg: entered allmulticast mode
[   50.511869] pimreg: entered allmulticast mode
[   50.542498] pimreg: entered allmulticast mode
[   50.566120] pimreg: entered allmulticast mode
[   50.589766] pimreg: entered allmulticast mode
[   50.617831] pimreg: entered allmulticast mode
[   50.641715] pimreg: entered allmulticast mode
[   50.669359] pimreg: entered allmulticast mode
[   50.674366] pimreg: left allmulticast mode
[   50.675167] pimreg: left allmulticast mode
[   50.675546] pimreg: left allmulticast mode
[   50.675893] pimreg: left allmulticast mode
[   50.676220] pimreg: left allmulticast mode
[   50.676534] pimreg: left allmulticast mode
[   50.676841] pimreg: left allmulticast mode
[   50.677204] pimreg: left allmulticast mode
[   50.677514] pimreg: left allmulticast mode
[   50.692373] pimreg: entered allmulticast mode
[   50.728492] pimreg: entered allmulticast mode
[   50.752324] pimreg: entered allmulticast mode
[   50.774236] pimreg: entered allmulticast mode
[   50.797973] pimreg: entered allmulticast mode
[   50.818414] pimreg: entered allmulticast mode
[   50.850037] pimreg: entered allmulticast mode
[   50.874326] pimreg: entered allmulticast mode
[   50.897899] pimreg: entered allmulticast mode
[   50.935022] pimreg: left allmulticast mode
[   50.935324] pimreg: left allmulticast mode
[   50.935594] pimreg: left allmulticast mode
[   50.935844] pimreg: left allmulticast mode
[   50.936170] pimreg: left allmulticast mode
[   50.936511] pimreg: left allmulticast mode
[   50.936804] pimreg: left allmulticast mode
[   50.937104] pimreg: left allmulticast mode
[   50.937794] pimreg: left allmulticast mode
[   50.952378] pimreg: entered allmulticast mode
[   50.988625] pimreg: entered allmulticast mode
[   51.025273] pimreg: entered allmulticast mode
[   51.049862] pimreg: entered allmulticast mode
[   51.077318] pimreg: entered allmulticast mode
[   51.101629] pimreg: entered allmulticast mode
[   51.129439] pimreg: entered allmulticast mode
[   51.157798] pimreg: entered allmulticast mode
[   51.184910] pimreg: entered allmulticast mode
[   51.198140] pimreg: left allmulticast mode
[   51.198754] pimreg: left allmulticast mode
[   51.199035] pimreg: left allmulticast mode
[   51.199350] pimreg: left allmulticast mode
[   51.199663] pimreg: left allmulticast mode
[   51.199962] pimreg: left allmulticast mode
[   51.200262] pimreg: left allmulticast mode
[   51.200567] pimreg: left allmulticast mode
[   51.200875] pimreg: left allmulticast mode
[   51.215511] pimreg: entered allmulticast mode
[   51.243230] pimreg: entered allmulticast mode
[   51.266999] pimreg: entered allmulticast mode
[   51.286426] pimreg: entered allmulticast mode
[   51.306025] pimreg: entered allmulticast mode
[   51.325350] pimreg: entered allmulticast mode
[   51.365499] pimreg: entered allmulticast mode
[   51.389448] pimreg: entered allmulticast mode
[   51.413957] pimreg: entered allmulticast mode
[   51.437910] pimreg: left allmulticast mode
[   51.438255] pimreg: left allmulticast mode
[   51.438534] pimreg: left allmulticast mode
[   51.438795] pimreg: left allmulticast mode
[   51.439047] pimreg: left allmulticast mode
[   51.440578] pimreg: left allmulticast mode
[   51.440902] pimreg: left allmulticast mode
[   51.441234] pimreg: left allmulticast mode
[   51.441551] pimreg: left allmulticast mode
[   51.454872] pimreg: entered allmulticast mode
[   51.476726] pimreg: entered allmulticast mode
[   51.495965] pimreg: entered allmulticast mode
[   51.513809] pimreg: entered allmulticast mode
[   51.533483] pimreg: entered allmulticast mode
[   51.557614] pimreg: entered allmulticast mode
[   51.585368] pimreg: entered allmulticast mode
[   51.614142] pimreg: entered allmulticast mode
[   51.641637] pimreg: entered allmulticast mode
[   51.666123] pimreg: left allmulticast mode
[   51.666715] pimreg: left allmulticast mode
[   51.667046] pimreg: left allmulticast mode
[   51.667380] pimreg: left allmulticast mode
[   51.667713] pimreg: left allmulticast mode
[   51.668015] pimreg: left allmulticast mode
[   51.668309] pimreg: left allmulticast mode
[   51.668610] pimreg: left allmulticast mode
[   51.668923] pimreg: left allmulticast mode
[   51.682663] pimreg: entered allmulticast mode
[   51.705098] pimreg: entered allmulticast mode
[   51.732753] pimreg: entered allmulticast mode
[   51.762997] pimreg: entered allmulticast mode
[   51.789988] pimreg: entered allmulticast mode
[   51.813467] pimreg: entered allmulticast mode
[   51.854577] pimreg: entered allmulticast mode
[   51.862066] pimreg: left allmulticast mode
[   51.862692] pimreg: left allmulticast mode
[   51.862989] pimreg: left allmulticast mode
[   51.863250] pimreg: left allmulticast mode
[   51.863587] pimreg: left allmulticast mode
[   51.863895] pimreg: left allmulticast mode
[   51.864194] pimreg: left allmulticast mode
[   51.876885] pimreg: entered allmulticast mode
[   51.913013] pimreg: entered allmulticast mode
[   51.949338] pimreg: entered allmulticast mode
[   51.982217] pimreg: entered allmulticast mode
[   52.006300] pimreg: entered allmulticast mode
[   52.034238] pimreg: entered allmulticast mode
[   52.057615] pimreg: entered allmulticast mode
[   52.082810] pimreg: entered allmulticast mode
[   52.083180] pimreg: left allmulticast mode
[   52.083601] pimreg: left allmulticast mode
[   52.083963] pimreg: left allmulticast mode
[   52.084302] pimreg: left allmulticast mode
[   52.084611] pimreg: left allmulticast mode
[   52.084914] pimreg: left allmulticast mode
[   52.085282] pimreg: left allmulticast mode
[   52.097462] pimreg: entered allmulticast mode
[   52.116778] pimreg: entered allmulticast mode
[   52.144126] pimreg: entered allmulticast mode
[   52.170234] pimreg: entered allmulticast mode
[   52.193530] pimreg: entered allmulticast mode
[   52.225290] pimreg: entered allmulticast mode
[   52.250046] pimreg: entered allmulticast mode
[   52.275367] pimreg: entered allmulticast mode
[   52.275732] pimreg: left allmulticast mode
[   52.276079] pimreg: left allmulticast mode
[   52.276347] pimreg: left allmulticast mode
[   52.276628] pimreg: left allmulticast mode
[   52.276934] pimreg: left allmulticast mode
[   52.277787] pimreg: left allmulticast mode
[   52.278131] pimreg: left allmulticast mode
[   52.278449] pimreg: left allmulticast mode
[   52.292956] pimreg: entered allmulticast mode
[   52.328442] pimreg: entered allmulticast mode
[   52.351740] pimreg: entered allmulticast mode
[   52.373806] pimreg: entered allmulticast mode
[   52.398009] pimreg: entered allmulticast mode
[   52.425610] pimreg: entered allmulticast mode
[   52.449625] pimreg: entered allmulticast mode
[   52.473471] pimreg: entered allmulticast mode
[   52.513514] pimreg: entered allmulticast mode
[   52.518321] pimreg: left allmulticast mode
[   52.518700] pimreg: left allmulticast mode
[   52.519028] pimreg: left allmulticast mode
[   52.519341] pimreg: left allmulticast mode
[   52.519678] pimreg: left allmulticast mode
[   52.519985] pimreg: left allmulticast mode
[   52.520282] pimreg: left allmulticast mode
[   52.520586] pimreg: left allmulticast mode
[   52.520878] pimreg: left allmulticast mode
[   52.537259] pimreg: entered allmulticast mode
[   52.574551] pimreg: entered allmulticast mode
[   52.602948] pimreg: entered allmulticast mode
[   52.626327] pimreg: entered allmulticast mode
[   52.653583] pimreg: entered allmulticast mode
[   52.681480] pimreg: entered allmulticast mode
[   52.705579] pimreg: entered allmulticast mode
[   52.729798] pimreg: entered allmulticast mode
[   52.757344] pimreg: entered allmulticast mode
[   52.766538] pimreg: left allmulticast mode
[   52.766909] pimreg: left allmulticast mode
[   52.767246] pimreg: left allmulticast mode
[   52.767564] pimreg: left allmulticast mode
[   52.767866] pimreg: left allmulticast mode
[   52.768163] pimreg: left allmulticast mode
[   52.768464] pimreg: left allmulticast mode
[   52.768761] pimreg: left allmulticast mode
[   52.769067] pimreg: left allmulticast mode
[   52.769511] pimreg: left allmulticast mode
[   52.790732] pimreg: entered allmulticast mode
[   52.811905] pimreg: entered allmulticast mode
[   52.827374] pimreg: entered allmulticast mode
[   52.850175] pimreg: entered allmulticast mode
[   52.861234] pimreg: entered allmulticast mode
[   52.881325] pimreg: entered allmulticast mode
[   52.901448] pimreg: entered allmulticast mode
[   52.929533] pimreg: entered allmulticast mode
[   52.942301] pimreg: left allmulticast mode
[   52.942649] pimreg: left allmulticast mode
[   52.942973] pimreg: left allmulticast mode
[   52.943259] pimreg: left allmulticast mode
[   52.943568] pimreg: left allmulticast mode
[   52.943870] pimreg: left allmulticast mode
[   52.944166] pimreg: left allmulticast mode
[   52.944480] pimreg: left allmulticast mode
[   52.958747] pimreg: entered allmulticast mode
[   52.990475] pimreg: entered allmulticast mode
[   53.010590] pimreg: entered allmulticast mode
[   53.041604] pimreg: entered allmulticast mode
[   53.061507] pimreg: entered allmulticast mode
[   53.088966] pimreg: entered allmulticast mode
[   53.121515] pimreg: entered allmulticast mode
[   53.141487] pimreg: entered allmulticast mode
[   53.170158] pimreg: left allmulticast mode
[   53.170467] pimreg: left allmulticast mode
[   53.170729] pimreg: left allmulticast mode
[   53.171049] pimreg: left allmulticast mode
[   53.171354] pimreg: left allmulticast mode
[   53.171683] pimreg: left allmulticast mode
[   53.172014] pimreg: left allmulticast mode
[   53.172308] pimreg: left allmulticast mode
[   53.186041] pimreg: entered allmulticast mode
[   53.218792] pimreg: entered allmulticast mode
[   53.241327] pimreg: entered allmulticast mode
[   53.274142] pimreg: entered allmulticast mode
[   53.297764] pimreg: entered allmulticast mode
[   53.321532] pimreg: entered allmulticast mode
[   53.349571] pimreg: entered allmulticast mode
[   53.389935] pimreg: entered allmulticast mode
[   53.417251] pimreg: entered allmulticast mode
[   53.422141] pimreg: left allmulticast mode
[   53.422534] pimreg: left allmulticast mode
[   53.422873] pimreg: left allmulticast mode
[   53.423169] pimreg: left allmulticast mode
[   53.423485] pimreg: left allmulticast mode
[   53.423805] pimreg: left allmulticast mode
[   53.424515] pimreg: left allmulticast mode
[   53.424844] pimreg: left allmulticast mode
[   53.425732] pimreg: left allmulticast mode
[   53.440399] pimreg: entered allmulticast mode
[   53.470919] pimreg: entered allmulticast mode
[   53.499569] pimreg: entered allmulticast mode
[   53.521750] pimreg: entered allmulticast mode
[   53.533975] pimreg: entered allmulticast mode
[   53.557641] pimreg: entered allmulticast mode
[   53.585665] pimreg: entered allmulticast mode
[   53.613654] pimreg: entered allmulticast mode
[   53.645694] pimreg: entered allmulticast mode
[   53.674034] pimreg: left allmulticast mode
[   53.674379] pimreg: left allmulticast mode
[   53.674646] pimreg: left allmulticast mode
[   53.674910] pimreg: left allmulticast mode
[   53.675215] pimreg: left allmulticast mode
[   53.677047] pimreg: left allmulticast mode
[   53.677450] pimreg: left allmulticast mode
[   53.677718] pimreg: left allmulticast mode
[   53.677980] pimreg: left allmulticast mode
[   53.692222] pimreg: entered allmulticast mode
[   53.701433] pimreg: entered allmulticast mode
[   53.728080] pimreg: entered allmulticast mode
[   53.747476] pimreg: entered allmulticast mode
[   53.765518] pimreg: entered allmulticast mode
[   53.793028] pimreg: entered allmulticast mode
[   53.818064] pimreg: entered allmulticast mode
[   53.838315] pimreg: entered allmulticast mode
[   53.865640] pimreg: entered allmulticast mode
[   53.878119] pimreg: left allmulticast mode
[   53.878723] pimreg: left allmulticast mode
[   53.879060] pimreg: left allmulticast mode
[   53.879361] pimreg: left allmulticast mode
[   53.879677] pimreg: left allmulticast mode
[   53.879970] pimreg: left allmulticast mode
[   53.880268] pimreg: left allmulticast mode
[   53.880583] pimreg: left allmulticast mode
[   53.880888] pimreg: left allmulticast mode
[   53.896861] pimreg: entered allmulticast mode
[   53.931310] pimreg: entered allmulticast mode
[   53.965857] pimreg: entered allmulticast mode
[   53.989290] pimreg: entered allmulticast mode
[   54.009682] pimreg: entered allmulticast mode
[   54.029299] pimreg: entered allmulticast mode
[   54.057442] pimreg: entered allmulticast mode
[   54.077320] pimreg: entered allmulticast mode
[   54.106882] pimreg: entered allmulticast mode
[   54.134604] pimreg: left allmulticast mode
[   54.134956] pimreg: left allmulticast mode
[   54.135215] pimreg: left allmulticast mode
[   54.135498] pimreg: left allmulticast mode
[   54.135753] pimreg: left allmulticast mode
[   54.136085] pimreg: left allmulticast mode
[   54.136402] pimreg: left allmulticast mode
[   54.136710] pimreg: left allmulticast mode
[   54.137008] pimreg: left allmulticast mode
[   54.151856] pimreg: entered allmulticast mode
[   54.184804] pimreg: entered allmulticast mode
[   54.221193] pimreg: entered allmulticast mode
[   54.234256] pimreg: entered allmulticast mode
[   54.273644] pimreg: entered allmulticast mode
[   54.290952] pimreg: left allmulticast mode
[   54.291556] pimreg: left allmulticast mode
[   54.291850] pimreg: left allmulticast mode
[   54.292116] pimreg: left allmulticast mode
[   54.292400] pimreg: left allmulticast mode
[   54.301999] pimreg: entered allmulticast mode
[   54.325976] pimreg: entered allmulticast mode
[   54.352833] pimreg: entered allmulticast mode
[   54.373639] pimreg: entered allmulticast mode
[   54.393951] pimreg: entered allmulticast mode
[   54.425806] pimreg: entered allmulticast mode
[   54.450002] pimreg: entered allmulticast mode
[   54.450372] pimreg: left allmulticast mode
[   54.450768] pimreg: left allmulticast mode
[   54.451091] pimreg: left allmulticast mode
[   54.451641] pimreg: left allmulticast mode
[   54.452078] pimreg: left allmulticast mode
[   54.452401] pimreg: left allmulticast mode
[   54.464336] pimreg: entered allmulticast mode
[   54.486054] pimreg: entered allmulticast mode
[   54.511446] pimreg: entered allmulticast mode
[   54.529595] pimreg: entered allmulticast mode
[   54.569522] pimreg: entered allmulticast mode
[   54.589238] pimreg: entered allmulticast mode
[   54.613727] pimreg: entered allmulticast mode
[   54.638001] pimreg: left allmulticast mode
[   54.638277] pimreg: left allmulticast mode
[   54.638535] pimreg: left allmulticast mode
[   54.638848] pimreg: left allmulticast mode
[   54.639144] pimreg: left allmulticast mode
[   54.639449] pimreg: left allmulticast mode
[   54.639741] pimreg: left allmulticast mode
[   54.640027] pimreg: left allmulticast mode
[   54.652130] pimreg: entered allmulticast mode
[   54.678270] pimreg: entered allmulticast mode
[   54.698638] pimreg: entered allmulticast mode
[   54.725688] pimreg: entered allmulticast mode
[   54.754049] pimreg: entered allmulticast mode
[   54.781635] pimreg: entered allmulticast mode
[   54.805583] pimreg: entered allmulticast mode
[   54.833431] pimreg: entered allmulticast mode
[   54.858413] pimreg: left allmulticast mode
[   54.858708] pimreg: left allmulticast mode
[   54.858967] pimreg: left allmulticast mode
[   54.859280] pimreg: left allmulticast mode
[   54.859600] pimreg: left allmulticast mode
[   54.859920] pimreg: left allmulticast mode
[   54.860216] pimreg: left allmulticast mode
[   54.860517] pimreg: left allmulticast mode
[   54.872890] pimreg: entered allmulticast mode
[   54.895359] pimreg: entered allmulticast mode
[   54.924635] pimreg: entered allmulticast mode
[   54.954357] pimreg: entered allmulticast mode
[   54.973288] pimreg: entered allmulticast mode
[   54.997933] pimreg: entered allmulticast mode
[   55.024951] pimreg: entered allmulticast mode
[   55.049771] pimreg: entered allmulticast mode
[   55.086562] pimreg: left allmulticast mode
[   55.086914] pimreg: left allmulticast mode
[   55.087250] pimreg: left allmulticast mode
[   55.087575] pimreg: left allmulticast mode
[   55.087903] pimreg: left allmulticast mode
[   55.088246] pimreg: left allmulticast mode
[   55.088563] pimreg: left allmulticast mode
[   55.088870] pimreg: left allmulticast mode
[   55.102638] pimreg: entered allmulticast mode
[   55.129662] pimreg: entered allmulticast mode
[   55.153207] pimreg: entered allmulticast mode
[   55.165906] pimreg: entered allmulticast mode
[   55.185327] pimreg: entered allmulticast mode
[   55.205533] pimreg: entered allmulticast mode
[   55.225657] pimreg: entered allmulticast mode
[   55.250436] pimreg: entered allmulticast mode
[   55.251006] pimreg: left allmulticast mode
[   55.251372] pimreg: left allmulticast mode
[   55.251717] pimreg: left allmulticast mode
[   55.252025] pimreg: left allmulticast mode
[   55.252335] pimreg: left allmulticast mode
[   55.252667] pimreg: left allmulticast mode
[   55.252993] pimreg: left allmulticast mode
[   55.264350] pimreg: entered allmulticast mode
[   55.292844] pimreg: entered allmulticast mode
[   55.324066] pimreg: entered allmulticast mode
[   55.342043] pimreg: entered allmulticast mode
[   55.369769] pimreg: entered allmulticast mode
[   55.393669] pimreg: entered allmulticast mode
[   55.417604] pimreg: entered allmulticast mode
[   55.445300] pimreg: entered allmulticast mode
[   55.458090] pimreg: left allmulticast mode
[   55.458430] pimreg: left allmulticast mode
[   55.458703] pimreg: left allmulticast mode
[   55.458960] pimreg: left allmulticast mode
[   55.459285] pimreg: left allmulticast mode
[   55.459606] pimreg: left allmulticast mode
[   55.459909] pimreg: left allmulticast mode
[   55.460819] pimreg: left allmulticast mode
[   55.461339] pimreg: left allmulticast mode
[   55.475492] pimreg: entered allmulticast mode
[   55.495375] pimreg: entered allmulticast mode
[   55.522351] pimreg: entered allmulticast mode
[   55.542248] pimreg: entered allmulticast mode
[   55.573535] pimreg: entered allmulticast mode
[   55.606686] pimreg: entered allmulticast mode
[   55.607055] pimreg: left allmulticast mode
[   55.607466] pimreg: left allmulticast mode
[   55.607805] pimreg: left allmulticast mode
[   55.608140] pimreg: left allmulticast mode
[   55.608459] pimreg: left allmulticast mode
[   55.618269] pimreg: entered allmulticast mode
[   55.634472] pimreg: entered allmulticast mode
[   55.648104] pimreg: entered allmulticast mode
[   55.669474] pimreg: entered allmulticast mode
[   55.694104] pimreg: entered allmulticast mode
[   55.721627] pimreg: entered allmulticast mode
[   55.745843] pimreg: left allmulticast mode
[   55.746198] pimreg: left allmulticast mode
[   55.747279] pimreg: left allmulticast mode
[   55.747983] pimreg: left allmulticast mode
[   55.748283] pimreg: left allmulticast mode
[   55.748565] pimreg: left allmulticast mode
[   55.748841] pimreg: left allmulticast mode
[   55.759806] pimreg: entered allmulticast mode
[   55.777694] pimreg: entered allmulticast mode
[   55.802472] pimreg: entered allmulticast mode
[   55.829335] pimreg: entered allmulticast mode
[   55.853561] pimreg: entered allmulticast mode
[   55.873732] pimreg: entered allmulticast mode
[   55.893633] pimreg: entered allmulticast mode
[   55.930320] pimreg: left allmulticast mode
[   55.930661] pimreg: left allmulticast mode
[   55.930948] pimreg: left allmulticast mode
[   55.931212] pimreg: left allmulticast mode
[   55.931491] pimreg: left allmulticast mode
[   55.931999] pimreg: left allmulticast mode
[   55.932394] pimreg: left allmulticast mode
[   55.944234] pimreg: entered allmulticast mode
[   55.967906] pimreg: entered allmulticast mode
[   55.990240] pimreg: entered allmulticast mode
[   56.014054] pimreg: entered allmulticast mode
[   56.025781] pimreg: entered allmulticast mode
[   56.053308] pimreg: entered allmulticast mode
[   56.073900] pimreg: entered allmulticast mode
[   56.086596] pimreg: left allmulticast mode
[   56.087136] pimreg: left allmulticast mode
[   56.087438] pimreg: left allmulticast mode
[   56.087752] pimreg: left allmulticast mode
[   56.088056] pimreg: left allmulticast mode
[   56.088366] pimreg: left allmulticast mode
[   56.088672] pimreg: left allmulticast mode
[   56.102992] pimreg: entered allmulticast mode
[   56.134882] pimreg: entered allmulticast mode
[   56.162100] pimreg: entered allmulticast mode
[   56.185216] pimreg: entered allmulticast mode
[   56.210216] pimreg: entered allmulticast mode
[   56.234231] pimreg: entered allmulticast mode
[   56.273569] pimreg: entered allmulticast mode
[   56.300978] pimreg: entered allmulticast mode
[   56.314117] pimreg: left allmulticast mode
[   56.314476] pimreg: left allmulticast mode
[   56.314787] pimreg: left allmulticast mode
[   56.315084] pimreg: left allmulticast mode
[   56.315398] pimreg: left allmulticast mode
[   56.315704] pimreg: left allmulticast mode
[   56.316008] pimreg: left allmulticast mode
[   56.316314] pimreg: left allmulticast mode
[   56.331227] pimreg: entered allmulticast mode
[   56.355562] pimreg: entered allmulticast mode
[   56.378864] pimreg: entered allmulticast mode
[   56.402061] pimreg: entered allmulticast mode
[   56.441400] pimreg: entered allmulticast mode
[   56.465706] pimreg: entered allmulticast mode
[   56.485876] pimreg: entered allmulticast mode
[   56.506205] pimreg: entered allmulticast mode
[   56.519054] pimreg: left allmulticast mode
[   56.519714] pimreg: left allmulticast mode
[   56.520003] pimreg: left allmulticast mode
[   56.520259] pimreg: left allmulticast mode
[   56.520533] pimreg: left allmulticast mode
[   56.520791] pimreg: left allmulticast mode
[   56.521046] pimreg: left allmulticast mode
[   56.521422] pimreg: left allmulticast mode
[   56.534840] pimreg: entered allmulticast mode
[   56.570544] pimreg: entered allmulticast mode
[   56.600175] pimreg: entered allmulticast mode
[   56.622459] pimreg: entered allmulticast mode
[   56.649558] pimreg: entered allmulticast mode
[   56.677595] pimreg: entered allmulticast mode
[   56.713736] pimreg: entered allmulticast mode
[   56.737185] pimreg: entered allmulticast mode
[   56.757547] pimreg: entered allmulticast mode
[   56.762073] pimreg: left allmulticast mode
[   56.762774] pimreg: left allmulticast mode
[   56.763104] pimreg: left allmulticast mode
[   56.763421] pimreg: left allmulticast mode
[   56.763721] pimreg: left allmulticast mode
[   56.764017] pimreg: left allmulticast mode
[   56.764329] pimreg: left allmulticast mode
[   56.764621] pimreg: left allmulticast mode
[   56.764927] pimreg: left allmulticast mode
[   56.779867] pimreg: entered allmulticast mode
[   56.818723] pimreg: entered allmulticast mode
[   56.847795] pimreg: entered allmulticast mode
[   56.869869] pimreg: entered allmulticast mode
[   56.905715] pimreg: entered allmulticast mode
[   56.945705] pimreg: entered allmulticast mode
[   56.973629] pimreg: entered allmulticast mode
[   57.001572] pimreg: entered allmulticast mode
[   57.021923] pimreg: entered allmulticast mode
[   57.034735] pimreg: left allmulticast mode
[   57.035101] pimreg: left allmulticast mode
[   57.035450] pimreg: left allmulticast mode
[   57.035751] pimreg: left allmulticast mode
[   57.036058] pimreg: left allmulticast mode
[   57.036365] pimreg: left allmulticast mode
[   57.036659] pimreg: left allmulticast mode
[   57.036957] pimreg: left allmulticast mode
[   57.037310] pimreg: left allmulticast mode
[   57.052875] pimreg: entered allmulticast mode
[   57.075103] pimreg: entered allmulticast mode
[   57.101571] pimreg: entered allmulticast mode
[   57.133962] pimreg: entered allmulticast mode
[   57.161278] pimreg: entered allmulticast mode
[   57.185407] pimreg: entered allmulticast mode
[   57.209663] pimreg: entered allmulticast mode
[   57.226104] pimreg: entered allmulticast mode
[   57.242380] pimreg: left allmulticast mode
[   57.242704] pimreg: left allmulticast mode
[   57.243008] pimreg: left allmulticast mode
[   57.243326] pimreg: left allmulticast mode
[   57.243977] pimreg: left allmulticast mode
[   57.244299] pimreg: left allmulticast mode
[   57.244592] pimreg: left allmulticast mode
[   57.244893] pimreg: left allmulticast mode
[   57.257812] pimreg: entered allmulticast mode
[   57.283107] pimreg: entered allmulticast mode
[   57.306189] pimreg: entered allmulticast mode
[   57.330340] pimreg: entered allmulticast mode
[   57.357144] pimreg: entered allmulticast mode
[   57.377816] pimreg: entered allmulticast mode
[   57.405717] pimreg: entered allmulticast mode
[   57.425448] pimreg: entered allmulticast mode
[   57.446151] pimreg: left allmulticast mode
[   57.446526] pimreg: left allmulticast mode
[   57.446851] pimreg: left allmulticast mode
[   57.447149] pimreg: left allmulticast mode
[   57.447981] pimreg: left allmulticast mode
[   57.448338] pimreg: left allmulticast mode
[   57.448652] pimreg: left allmulticast mode
[   57.448963] pimreg: left allmulticast mode
[   57.449700] pimreg: left allmulticast mode
[   57.463138] pimreg: entered allmulticast mode
[   57.491128] pimreg: entered allmulticast mode
[   57.502019] pimreg: entered allmulticast mode
[   57.521399] pimreg: entered allmulticast mode
[   57.533232] pimreg: entered allmulticast mode
[   57.553745] pimreg: entered allmulticast mode
[   57.582114] pimreg: entered allmulticast mode
[   57.602629] pimreg: entered allmulticast mode
[   57.618068] pimreg: left allmulticast mode
[   57.618424] pimreg: left allmulticast mode
[   57.618696] pimreg: left allmulticast mode
[   57.619045] pimreg: left allmulticast mode
[   57.619387] pimreg: left allmulticast mode
[   57.620046] pimreg: left allmulticast mode
[   57.620388] pimreg: left allmulticast mode
[   57.632159] pimreg: entered allmulticast mode
[   57.657923] pimreg: entered allmulticast mode
[   57.681805] pimreg: entered allmulticast mode
[   57.705497] pimreg: entered allmulticast mode
[   57.745596] pimreg: entered allmulticast mode
[   57.769586] pimreg: entered allmulticast mode
[   57.809880] pimreg: entered allmulticast mode
[   57.837792] pimreg: entered allmulticast mode
[   57.842396] pimreg: left allmulticast mode
[   57.842736] pimreg: left allmulticast mode
[   57.843063] pimreg: left allmulticast mode
[   57.843376] pimreg: left allmulticast mode
[   57.843690] pimreg: left allmulticast mode
[   57.844006] pimreg: left allmulticast mode
[   57.844312] pimreg: left allmulticast mode
[   57.844610] pimreg: left allmulticast mode
[   57.858954] pimreg: entered allmulticast mode
[   57.895091] pimreg: entered allmulticast mode
[   57.919986] pimreg: entered allmulticast mode
[   57.934545] pimreg: entered allmulticast mode
[   57.957276] pimreg: entered allmulticast mode
[   57.985925] pimreg: entered allmulticast mode
[   58.006167] pimreg: left allmulticast mode
[   58.006522] pimreg: left allmulticast mode
[   58.006787] pimreg: left allmulticast mode
[   58.007043] pimreg: left allmulticast mode
[   58.007314] pimreg: left allmulticast mode
[   58.007646] pimreg: left allmulticast mode
[   58.018699] pimreg: entered allmulticast mode
[   58.036997] pimreg: entered allmulticast mode
[   58.052922] pimreg: entered allmulticast mode
[   58.065450] pimreg: entered allmulticast mode
[   58.089594] pimreg: entered allmulticast mode
[   58.113767] pimreg: entered allmulticast mode
[   58.132893] pimreg: entered allmulticast mode
[   58.146025] pimreg: left allmulticast mode
[   58.146379] pimreg: left allmulticast mode
[   58.146643] pimreg: left allmulticast mode
[   58.146895] pimreg: left allmulticast mode
[   58.147217] pimreg: left allmulticast mode
[   58.147546] pimreg: left allmulticast mode
[   58.147851] pimreg: left allmulticast mode
[   58.161172] pimreg: entered allmulticast mode
[   58.193331] pimreg: entered allmulticast mode
[   58.207944] pimreg: entered allmulticast mode
[   58.225999] pimreg: entered allmulticast mode
[   58.249405] pimreg: entered allmulticast mode
[   58.269478] pimreg: entered allmulticast mode
[   58.289579] pimreg: entered allmulticast mode
[   58.313522] pimreg: entered allmulticast mode
[   58.338869] pimreg: left allmulticast mode
[   58.339172] pimreg: left allmulticast mode
[   58.339459] pimreg: left allmulticast mode
[   58.339714] pimreg: left allmulticast mode
[   58.339963] pimreg: left allmulticast mode
[   58.340304] pimreg: left allmulticast mode
[   58.340608] pimreg: left allmulticast mode
[   58.340916] pimreg: left allmulticast mode
[   58.354749] pimreg: entered allmulticast mode
[   58.391038] pimreg: entered allmulticast mode
[   58.409842] pimreg: entered allmulticast mode
[   58.435052] pimreg: entered allmulticast mode
[   58.449930] pimreg: entered allmulticast mode
[   58.469730] pimreg: entered allmulticast mode
[   58.509035] pimreg: entered allmulticast mode
[   58.514334] pimreg: left allmulticast mode
[   58.514679] pimreg: left allmulticast mode
[   58.515023] pimreg: left allmulticast mode
[   58.515690] pimreg: left allmulticast mode
[   58.516057] pimreg: left allmulticast mode
[   58.516389] pimreg: left allmulticast mode
[   58.516692] pimreg: left allmulticast mode
[   58.529257] pimreg: entered allmulticast mode
[   58.562055] pimreg: entered allmulticast mode
[   58.588056] pimreg: entered allmulticast mode
[   58.610852] pimreg: entered allmulticast mode
[   58.630023] pimreg: entered allmulticast mode
[   58.634235] pimreg: left allmulticast mode
[   58.634608] pimreg: left allmulticast mode
[   58.634897] pimreg: left allmulticast mode
[   58.635216] pimreg: left allmulticast mode
[   58.653612] pimreg: entered allmulticast mode
[   58.679695] pimreg: entered allmulticast mode
[   58.701623] pimreg: entered allmulticast mode
[   58.718542] pimreg: entered allmulticast mode
[   58.721624] pimreg: left allmulticast mode
[   58.721978] pimreg: left allmulticast mode
[   58.722513] pimreg: left allmulticast mode
[   58.722830] pimreg: left allmulticast mode
[   58.723131] pimreg: left allmulticast mode
[   58.741869] pimreg: entered allmulticast mode
[   58.766404] pimreg: entered allmulticast mode
[   58.789993] pimreg: entered allmulticast mode
[   58.817748] pimreg: entered allmulticast mode
[   58.837684] pimreg: entered allmulticast mode
[   58.862103] pimreg: left allmulticast mode
[   58.862459] pimreg: left allmulticast mode
[   58.862732] pimreg: left allmulticast mode
[   58.863003] pimreg: left allmulticast mode
[   58.863278] pimreg: left allmulticast mode
[   58.872632] pimreg: entered allmulticast mode
[   58.895154] pimreg: entered allmulticast mode
[   58.905229] pimreg: entered allmulticast mode
[   58.925894] pimreg: entered allmulticast mode
[   58.949643] pimreg: entered allmulticast mode
[   58.969553] pimreg: entered allmulticast mode
[   58.989487] pimreg: entered allmulticast mode
[   58.993894] pimreg: left allmulticast mode
[   58.994240] pimreg: left allmulticast mode
[   58.994508] pimreg: left allmulticast mode
[   58.994768] pimreg: left allmulticast mode
[   58.995026] pimreg: left allmulticast mode
[   58.995343] pimreg: left allmulticast mode
[   59.007082] pimreg: entered allmulticast mode
[   59.023954] pimreg: entered allmulticast mode
[   59.036294] pimreg: entered allmulticast mode
[   59.057938] pimreg: entered allmulticast mode
[   59.081033] pimreg: entered allmulticast mode
[   59.105701] pimreg: entered allmulticast mode
[   59.124802] pimreg: entered allmulticast mode
[   59.146010] pimreg: left allmulticast mode
[   59.146336] pimreg: left allmulticast mode
[   59.146627] pimreg: left allmulticast mode
[   59.146932] pimreg: left allmulticast mode
[   59.147243] pimreg: left allmulticast mode
[   59.147842] pimreg: left allmulticast mode
[   59.148141] pimreg: left allmulticast mode
[   59.148444] pimreg: left allmulticast mode
[   59.160770] pimreg: entered allmulticast mode
[   59.187304] pimreg: entered allmulticast mode
[   59.217571] pimreg: entered allmulticast mode
[   59.245756] pimreg: entered allmulticast mode
[   59.268737] pimreg: entered allmulticast mode
