c[?7l[2J[0mSeaBIOS (version rel-1.16.3-0-ga6ed6b701f0a-prebuilt.qemu.org)


iPXE (http://ipxe.org) 00:03.0 CA00 PCI2.10 PnP PMM+7EFD0D60+7EF30D60 CA00
Press Ctrl-B to configure iPXE (PCI 00:03.0)...                                                                               


Booting from ROM...
c[?7l[2J[    0.000000] Linux version 7.0.0-5fe03dd0c520+ (root@gnr-800442) (gcc (GCC) 11.5.0 20240719 (Red Hat 11.5.0-14), GNU ld version 2.35.2-66.el9) #1 SMP PREEMPT_DYNAMIC Wed May  6 10:07:32 CST 2026
[    0.000000] Command line: console=ttyS0 root=/dev/sda earlyprintk=serial net.ifnames=0 thunderbolt.dyndbg
[    0.000000] KERNEL supported cpus:
[    0.000000]   Intel GenuineIntel
[    0.000000]   AMD AuthenticAMD
[    0.000000]   Hygon HygonGenuine
[    0.000000]   Centaur CentaurHauls
[    0.000000]   zhaoxin   Shanghai  
[    0.000000] x86/CPU: Model not found in latest microcode list
[    0.000000] x86/split lock detection: #DB: warning on user-space bus_locks
[    0.000000] BIOS-provided physical RAM map:
[    0.000000] BIOS-e820: [mem 0x0000000000000000-0x000000000009fbff]  System RAM
[    0.000000] BIOS-e820: [mem 0x000000000009fc00-0x000000000009ffff]  device reserved
[    0.000000] BIOS-e820: [gap 0x00000000000a0000-0x00000000000effff]
[    0.000000] BIOS-e820: [mem 0x00000000000f0000-0x00000000000fffff]  device reserved
[    0.000000] BIOS-e820: [mem 0x0000000000100000-0x000000007ffdffff]  System RAM
[    0.000000] BIOS-e820: [mem 0x000000007ffe0000-0x000000007fffffff]  device reserved
[    0.000000] BIOS-e820: [gap 0x0000000080000000-0x00000000feffbfff]
[    0.000000] BIOS-e820: [mem 0x00000000feffc000-0x00000000feffffff]  device reserved
[    0.000000] BIOS-e820: [gap 0x00000000ff000000-0x00000000fffbffff]
[    0.000000] BIOS-e820: [mem 0x00000000fffc0000-0x00000000ffffffff]  device reserved
[    0.000000] printk: legacy bootconsole [earlyser0] enabled
[    0.000000] NX (Execute Disable) protection: active
[    0.000000] APIC: Static calls initialized
[    0.000000] DMI: SMBIOS 3.0.0 present.
[    0.000000] DMI: QEMU Standard PC (i440FX + PIIX, 1996), BIOS rel-1.16.3-0-ga6ed6b701f0a-prebuilt.qemu.org 04/01/2014
[    0.000000] DMI: Memory slots populated: 1/1
[    0.000000] Hypervisor detected: KVM
[    0.000000] last_pfn = 0x7ffe0 max_arch_pfn = 0x10000000000
[    0.000000] kvm-clock: Using msrs 4b564d01 and 4b564d00
[    0.000003] kvm-clock: using sched offset of 756299891 cycles
[    0.000520] clocksource: kvm-clock: mask: 0xffffffffffffffff max_cycles: 0x1cd42e4dffb, max_idle_ns: 881590591483 ns
[    0.002137] tsc: Detected 2500.000 MHz processor
[    0.011217] last_pfn = 0x7ffe0 max_arch_pfn = 0x10000000000
[    0.011786] MTRR map: 4 entries (3 fixed + 1 variable; max 19), built from 8 variable MTRRs
[    0.012615] x86/PAT: Configuration [0-7]: WB  WC  UC- UC  WB  WP  UC- WT  
[    0.018623] found SMP MP-table at [mem 0x000f5480-0x000f548f]
[    0.019205] Using GB pages for direct mapping
[    0.022001] ACPI: Early table checksum verification disabled
[    0.022565] ACPI: RSDP 0x00000000000F52A0 000014 (v00 BOCHS )
[    0.023156] ACPI: RSDT 0x000000007FFE1C9B 000034 (v01 BOCHS  BXPC     00000001 BXPC 00000001)
[    0.024021] ACPI: FACP 0x000000007FFE1B47 000074 (v01 BOCHS  BXPC     00000001 BXPC 00000001)
[    0.024878] ACPI: DSDT 0x000000007FFE0040 001B07 (v01 BOCHS  BXPC     00000001 BXPC 00000001)
[    0.025735] ACPI: FACS 0x000000007FFE0000 000040
[    0.026213] ACPI: APIC 0x000000007FFE1BBB 000080 (v03 BOCHS  BXPC     00000001 BXPC 00000001)
[    0.027081] ACPI: HPET 0x000000007FFE1C3B 000038 (v01 BOCHS  BXPC     00000001 BXPC 00000001)
[    0.027941] ACPI: WAET 0x000000007FFE1C73 000028 (v01 BOCHS  BXPC     00000001 BXPC 00000001)
[    0.028802] ACPI: Reserving FACP table memory at [mem 0x7ffe1b47-0x7ffe1bba]
[    0.029502] ACPI: Reserving DSDT table memory at [mem 0x7ffe0040-0x7ffe1b46]
[    0.030206] ACPI: Reserving FACS table memory at [mem 0x7ffe0000-0x7ffe003f]
[    0.030909] ACPI: Reserving APIC table memory at [mem 0x7ffe1bbb-0x7ffe1c3a]
[    0.031606] ACPI: Reserving HPET table memory at [mem 0x7ffe1c3b-0x7ffe1c72]
[    0.032305] ACPI: Reserving WAET table memory at [mem 0x7ffe1c73-0x7ffe1c9a]
[    0.033560] No NUMA configuration found
[    0.033947] Faking a node at [mem 0x0000000000000000-0x000000007ffdffff]
[    0.034643] NODE_DATA(0) allocated [mem 0x7ffb4bc0-0x7ffdfcbf]
[    0.084964] KernelAddressSanitizer initialized (generic)
[    0.085808] ACPI: PM-Timer IO Port: 0x608
[    0.086236] ACPI: LAPIC_NMI (acpi_id[0xff] dfl dfl lint[0x1])
[    0.086849] IOAPIC[0]: apic_id 0, version 17, address 0xfec00000, GSI 0-23
[    0.087540] ACPI: INT_SRC_OVR (bus 0 bus_irq 0 global_irq 2 dfl dfl)
[    0.088170] ACPI: INT_SRC_OVR (bus 0 bus_irq 5 global_irq 5 high level)
[    0.088827] ACPI: INT_SRC_OVR (bus 0 bus_irq 9 global_irq 9 high level)
[    0.089481] ACPI: INT_SRC_OVR (bus 0 bus_irq 10 global_irq 10 high level)
[    0.090157] ACPI: INT_SRC_OVR (bus 0 bus_irq 11 global_irq 11 high level)
[    0.090842] ACPI: Using ACPI (MADT) for SMP configuration information
[    0.091471] ACPI: HPET id: 0x8086a201 base: 0xfed00000
[    0.091990] TSC deadline timer available
[    0.092379] CPU topo: Max. logical packages:   1
[    0.092832] CPU topo: Max. logical nodes:      1
[    0.093285] CPU topo: Num. nodes per package:  1
[    0.093744] CPU topo: Max. logical dies:       1
[    0.094200] CPU topo: Max. dies per package:   1
[    0.094664] CPU topo: Max. threads per core:   1
[    0.095123] CPU topo: Num. cores per package:     2
[    0.095603] CPU topo: Num. threads per package:   2
[    0.096086] CPU topo: Allowing 2 present CPUs plus 0 hotplug CPUs
[    0.096730] kvm-guest: APIC: eoi() replaced with kvm_guest_apic_eoi_write()
[    0.097451] kvm-guest: KVM setup pv remote TLB flush
[    0.097946] kvm-guest: setup PV sched yield
[    0.098405] PM: hibernation: Registered nosave memory: [mem 0x00000000-0x00000fff]
[    0.099156] PM: hibernation: Registered nosave memory: [mem 0x0009f000-0x000fffff]
[    0.099916] [gap 0x80000000-0xfeffbfff] available for PCI devices
[    0.100518] Booting paravirtualized kernel on KVM
[    0.100990] clocksource: refined-jiffies: mask: 0xffffffff max_cycles: 0xffffffff, max_idle_ns: 7645519600211568 ns
[    0.102424] Zone ranges:
[    0.102699]   DMA      [mem 0x0000000000001000-0x0000000000ffffff]
[    0.103323]   DMA32    [mem 0x0000000001000000-0x000000007ffdffff]
[    0.103940]   Normal   empty
[    0.104230]   Device   empty
[    0.104519] Movable zone start for each node
[    0.104957] Early memory node ranges
[    0.105307]   node   0: [mem 0x0000000000001000-0x000000000009efff]
[    0.105935]   node   0: [mem 0x0000000000100000-0x000000007ffdffff]
[    0.106554] Initmem setup node 0 [mem 0x0000000000001000-0x000000007ffdffff]
[    0.107477] On node 0, zone DMA: 1 pages in unavailable ranges
[    0.108229] On node 0, zone DMA: 97 pages in unavailable ranges
[    0.138468] On node 0, zone DMA32: 32 pages in unavailable ranges
[    0.139094] setup_percpu: NR_CPUS:8192 nr_cpumask_bits:2 nr_cpu_ids:2 nr_node_ids:1
[    0.140289] percpu: Embedded 81 pages/cpu s294912 r8192 d28672 u1048576
[    0.141148] kvm-guest: PV spinlocks enabled
[    0.141575] PV qspinlock hash table entries: 256 (order: 0, 4096 bytes, linear)
[    0.142313] Kernel command line: net.ifnames=0 console=ttyS0 root=/dev/sda earlyprintk=serial net.ifnames=0 thunderbolt.dyndbg
[    0.143744] random: crng init done
[    0.144091] printk: log buffer data + meta data: 262144 + 1114112 = 1376256 bytes
[    0.145176] Dentry cache hash table entries: 262144 (order: 9, 2097152 bytes, linear)
[    0.146267] Inode-cache hash table entries: 131072 (order: 8, 1048576 bytes, linear)
[    0.147349] Fallback order for Node 0: 0 
[    0.147361] Built 1 zonelists, mobility grouping on.  Total pages: 524158
[    0.148405] Policy zone: DMA32
[    0.148700] mem auto-init: stack:off, heap alloc:off, heap free:off
[    0.149292] stackdepot: allocating hash table via alloc_large_system_hash
[    0.149957] stackdepot hash table entries: 1048576 (order: 12, 16777216 bytes, linear)
[    0.153455] stackdepot: allocating space for 8192 stack pools via memblock
[    0.190044] SLUB: HWalign=64, Order=0-3, MinObjects=0, CPUs=2, Nodes=1
[    0.190679] kmemleak: Kernel memory leak detector disabled
[    0.230639] ftrace: allocating 76125 entries in 300 pages
[    0.231163] ftrace: allocated 300 pages with 4 groups
[    0.234604] Dynamic Preempt: lazy
[    0.235555] Running RCU self tests
[    0.235887] Running RCU synchronous self tests
[    0.236315] rcu: Preemptible hierarchical RCU implementation.
[    0.236864] rcu: 	RCU lockdep checking is enabled.
[    0.237318] rcu: 	RCU restricting CPUs from NR_CPUS=8192 to nr_cpu_ids=2.
[    0.237968] 	Trampoline variant of Tasks RCU enabled.
[    0.238448] 	Rude variant of Tasks RCU enabled.
[    0.238886] 	Tracing variant of Tasks RCU enabled.
[    0.239339] rcu: RCU calculated value of scheduler-enlistment delay is 25 jiffies.
[    0.240058] rcu: Adjusting geometry for rcu_fanout_leaf=16, nr_cpu_ids=2
[    0.240781] Running RCU synchronous self tests
[    0.241211] RCU Tasks: Setting shift to 1 and lim to 1 rcu_task_cb_adjust=1 rcu_task_cpu_ids=2.
[    0.242042] RCU Tasks Rude: Setting shift to 1 and lim to 1 rcu_task_cb_adjust=1 rcu_task_cpu_ids=2.
[    0.324454] NR_IRQS: 524544, nr_irqs: 440, preallocated irqs: 16
[    0.325673] rcu: srcu_init: Setting srcu_struct sizes based on contention.
[    0.335188] Console: colour VGA+ 80x25
[    0.335622] printk: legacy console [ttyS0] enabled
[    0.335622] printk: legacy console [ttyS0] enabled
[    0.336553] printk: legacy bootconsole [earlyser0] disabled
[    0.336553] printk: legacy bootconsole [earlyser0] disabled
[    0.337650] Lock dependency validator: Copyright (c) 2006 Red Hat, Inc., Ingo Molnar
[    0.338409] ... MAX_LOCKDEP_SUBCLASSES:  8
[    0.338821] ... MAX_LOCK_DEPTH:          48
[    0.339237] ... MAX_LOCKDEP_KEYS:        8192
[    0.339672] ... CLASSHASH_SIZE:          4096
[    0.340112] ... MAX_LOCKDEP_ENTRIES:     32768
[    0.340558] ... MAX_LOCKDEP_CHAINS:      65536
[    0.341002] ... CHAINHASH_SIZE:          32768
[    0.341441]  memory used by lock dependency info: 6429 kB
[    0.341979]  memory used for stack traces: 16896 kB
[    0.342462]  per task-struct memory footprint: 1920 bytes
[    0.343118] ACPI: Core revision 20251212
[    0.344033] clocksource: hpet: mask: 0xffffffff max_cycles: 0xffffffff, max_idle_ns: 19112604467 ns
[    0.345113] APIC: Switch to symmetric I/O mode setup
[    0.345790] x2apic enabled
[    0.346470] APIC: Switched APIC routing to: physical x2apic
[    0.347027] kvm-guest: APIC: send_IPI_mask() replaced with kvm_send_ipi_mask()
[    0.347750] kvm-guest: APIC: send_IPI_mask_allbutself() replaced with kvm_send_ipi_mask_allbutself()
[    0.348640] kvm-guest: setup PV IPIs
[    0.350211] ..TIMER: vector=0x30 apic1=0 pin1=2 apic2=-1 pin2=-1
[    0.350838] clocksource: tsc-early: mask: 0xffffffffffffffff max_cycles: 0x240939f1bb2, max_idle_ns: 440795263295 ns
[    0.351875] Calibrating delay loop (skipped) preset value.. 5000.00 BogoMIPS (lpj=10000000)
[    0.352863] x86/cpu: User Mode Instruction Prevention (UMIP) activated
[    0.355988] Last level iTLB entries: 4KB 0, 2MB 0, 4MB 0
[    0.356521] Last level dTLB entries: 4KB 0, 2MB 0, 4MB 0, 1GB 0
[    0.357135] mitigations: Enabled attack vectors: user_kernel, user_user, guest_host, guest_guest, SMT mitigations: auto
[    0.358219] Speculative Store Bypass: Mitigation: Speculative Store Bypass disabled via prctl
[    0.359054] Spectre V2 : Mitigation: Enhanced / Automatic IBRS
[    0.359868] ITS: Mitigation: Aligned branch/return thunks
[    0.360408] Spectre V1 : Mitigation: usercopy/swapgs barriers and __user pointer sanitization
[    0.361236] Spectre V2 : WARNING: Unprivileged eBPF is enabled with eIBRS on, data leaks possible via Spectre v2 BHB attacks!
[    0.362345] Spectre V2 : Spectre v2 / PBRSB-eIBRS: Retire a single CALL on VMEXIT
[    0.363052] Spectre V2 : mitigation: Enabling conditional Indirect Branch Prediction Barrier
[    0.363871] active return thunk: its_return_thunk
[    0.364337] Spectre V2 : Spectre BHI mitigation: SW BHB clearing on syscall and VM exit
[    0.365139] x86/fpu: Supporting XSAVE feature 0x001: 'x87 floating point registers'
[    0.365875] x86/fpu: Supporting XSAVE feature 0x002: 'SSE registers'
[    0.366482] x86/fpu: Supporting XSAVE feature 0x004: 'AVX registers'
[    0.367088] x86/fpu: Supporting XSAVE feature 0x020: 'AVX-512 opmask'
[    0.367867] x86/fpu: Supporting XSAVE feature 0x040: 'AVX-512 Hi256'
[    0.368482] x86/fpu: Supporting XSAVE feature 0x080: 'AVX-512 ZMM_Hi256'
[    0.369121] x86/fpu: Supporting XSAVE feature 0x200: 'Protection Keys User registers'
[    0.369867] x86/fpu: Supporting XSAVE feature 0x20000: 'AMX Tile config'
[    0.370509] x86/fpu: Supporting XSAVE feature 0x40000: 'AMX Tile data'
[    0.371132] x86/fpu: xstate_offset[2]:  576, xstate_sizes[2]:  256
[    0.371867] x86/fpu: xstate_offset[5]:  832, xstate_sizes[5]:   64
[    0.372460] x86/fpu: xstate_offset[6]:  896, xstate_sizes[6]:  512
[    0.373053] x86/fpu: xstate_offset[7]: 1408, xstate_sizes[7]: 1024
[    0.373649] x86/fpu: xstate_offset[9]: 2432, xstate_sizes[9]:    8
[    0.374236] x86/fpu: xstate_offset[17]: 2496, xstate_sizes[17]:   64
[    0.374846] x86/fpu: xstate_offset[18]: 2560, xstate_sizes[18]: 8192
[    0.375451] x86/fpu: Enabled xstate features 0x602e7, context size is 10752 bytes, using 'compacted' format.
[    0.541750] Freeing SMP alternatives memory: 64K
[    0.542209] pid_max: default: 32768 minimum: 301
[    0.543097] Yama: becoming mindful.
[    0.544033] Mount-cache hash table entries: 4096 (order: 3, 32768 bytes, linear)
[    0.544750] Mountpoint-cache hash table entries: 4096 (order: 3, 32768 bytes, linear)
[    0.546134] VFS: Finished mounting rootfs on nullfs
[    0.547958] Running RCU synchronous self tests
[    0.548391] Running RCU synchronous self tests
[    0.549160] smpboot: CPU0: Intel GENUINE INTEL(R) XEON(R) (family: 0x6, model: 0xad, stepping: 0x0)
[    0.550849] Performance Events: PEBS fmt0-, Granite Rapids events, 
[    0.550934] core: The event 0x400 is not supported as a normal event.
[    0.551862] core: The event 0x8000 is not supported as a normal event.
[    0.551862] core: The event 0x8100 is not supported as a normal event.
[    0.551879] core: The event 0x8200 is not supported as a normal event.
[    0.552518] core: The event 0x8300 is not supported as a normal event.
[    0.553153] core: The event 0x8400 is not supported as a normal event.
[    0.553789] core: The event 0x8500 is not supported as a normal event.
[    0.554430] core: The event 0x8600 is not supported as a normal event.
[    0.555066] core: The event 0x8700 is not supported as a normal event.
[    0.555721] full-width counters, Intel PMU driver.
[    0.555874] ... version:                   2
[    0.556295] ... bit width:                 48
[    0.556728] ... generic counters:          8
[    0.557145] ... generic bitmap:            00000000000000ff
[    0.557692] ... fixed-purpose counters:    3
[    0.558108] ... fixed-purpose bitmap:      0000000000000007
[    0.558653] ... value mask:                0000ffffffffffff
[    0.559202] ... max period:                00007fffffffffff
[    0.559751] ... global_ctrl mask:          00000007000000ff
[    0.560470] signal: max sigframe size: 11952
[    0.561041] rcu: Hierarchical SRCU implementation.
[    0.561516] rcu: 	Max phase no-delay instances is 1000.
[    0.562465] Timer migration: 1 hierarchy levels; 8 children per group; 1 crossnode level
[    0.585530] smp: Bringing up secondary CPUs ...
[    0.586532] smpboot: x86: Booting SMP configuration:
[    0.587034] .... node  #0, CPUs:      #1
[    0.587922] smp: Brought up 1 node, 2 CPUs
[    0.588686] smpboot: Total of 2 processors activated (10000.00 BogoMIPS)
[    0.589989] Memory: 1574928K/2096632K available (81770K kernel code, 15875K rwdata, 19536K rodata, 16640K init, 34656K bss, 509320K reserved, 0K cma-reserved)
[    0.592257] devtmpfs: initialized
[    0.593015] x86/mm: Memory block size: 128MB
[    0.604767] Running RCU synchronous self tests
[    0.605305] Running RCU synchronous self tests
[    0.605796] Running RCU Tasks wait API self tests
[    0.607888] Running RCU Tasks Rude wait API self tests
[    0.608440] Running RCU Tasks Trace wait API self tests
[    0.609068] clocksource: jiffies: mask: 0xffffffff max_cycles: 0xffffffff, max_idle_ns: 7645041785100000 ns
[    0.609068] posixtimers hash table entries: 1024 (order: 5, 73728 bytes, linear)
[    0.609834] futex hash table entries: 512 (65536 bytes on 1 NUMA nodes, total 64 KiB, linear).
[    0.614007] 
[    0.614179] *************************************************************
[    0.614845] **     NOTICE NOTICE NOTICE NOTICE NOTICE NOTICE NOTICE    **
[    0.615515] **                                                         **
[    0.615921] **  IOMMU DebugFS SUPPORT HAS BEEN ENABLED IN THIS KERNEL  **
[    0.616590] **                                                         **
[    0.617257] ** This means that this kernel is built to expose internal **
[    0.617918] ** IOMMU data structures, which may compromise security on **
[    0.618583] ** your system.                                            **
[    0.619249] **                                                         **
[    0.619868] ** If you see this message and you are not debugging the   **
[    0.620531] ** kernel, report this immediately to your vendor!         **
[    0.621195] **                                                         **
[    0.621851] **     NOTICE NOTICE NOTICE NOTICE NOTICE NOTICE NOTICE    **
[    0.622516] *************************************************************
[    0.623250] PM: RTC time: 02:08:56, date: 2026-05-06
[    0.626457] NET: Registered PF_NETLINK/PF_ROUTE protocol family
[    0.628909] DMA: preallocated 256 KiB GFP_KERNEL|GFP_DMA pool for atomic allocations
[    0.629684] DMA: preallocated 256 KiB GFP_KERNEL|GFP_DMA32 pool for atomic allocations
[    0.630540] audit: initializing netlink subsys (disabled)
[    0.631128] audit: type=2000 audit(1778033337.032:1): state=initialized audit_enabled=0 res=1
[    0.631128] thermal_sys: Registered thermal governor 'fair_share'
[    0.631128] thermal_sys: Registered thermal governor 'bang_bang'
[    0.631128] thermal_sys: Registered thermal governor 'step_wise'
[    0.631132] thermal_sys: Registered thermal governor 'user_space'
[    0.631911] cpuidle: using governor ladder
[    0.635914] Callback from call_rcu_tasks_trace() invoked.
[    0.636797] cpuidle: using governor menu
[    0.636890] acpiphp: ACPI Hot Plug PCI Controller Driver version: 0.5
[    0.637269] PCI: Using configuration type 1 for base access
[    0.640215] kprobes: kprobe jump-optimization is enabled. All kprobes are optimized if possible.
[    0.644337] HugeTLB: registered 1.00 GiB page size, pre-allocated 0 pages
[    0.647895] HugeTLB: 16380 KiB vmemmap can be freed for a 1.00 GiB page
[    0.648553] HugeTLB: registered 2.00 MiB page size, pre-allocated 0 pages
[    0.649221] HugeTLB: 28 KiB vmemmap can be freed for a 2.00 MiB page
[    0.698301] ACPI: Added _OSI(Module Device)
[    0.698751] ACPI: Added _OSI(Processor Device)
[    0.699201] ACPI: Added _OSI(Processor Aggregator Device)
[    0.746811] ACPI: 1 ACPI AML tables successfully acquired and loaded
[    0.787890] ACPI: \_SB_: platform _OSC: OS support mask [002e7eff]
[    0.791434] ACPI: Interpreter enabled
[    0.791922] ACPI: PM: (supports S0 S3 S4 S5)
[    0.792317] ACPI: Using IOAPIC for interrupt routing
[    0.792883] PCI: Using host bridge windows from ACPI; if necessary, use "pci=nocrs" and report a bug
[    0.793701] PCI: Using E820 reservations for host bridge windows
[    0.795578] ACPI: Enabled 2 GPEs in block 00 to 0F
[    0.847792] ACPI: PCI Root Bridge [PCI0] (domain 0000 [bus 00-ff])
[    0.847895] acpi PNP0A03:00: _OSC: OS supports [ASPM ClockPM Segments MSI EDR HPX-Type3]
[    0.848691] acpi PNP0A03:00: _OSC: not requesting OS control; OS requires [ExtendedConfig ASPM ClockPM MSI]
[    0.849712] acpi PNP0A03:00: _OSC: platform retains control of PCIe features (AE_ERROR)
[    0.850609] acpi PNP0A03:00: fail to add MMCONFIG information, can't access extended configuration space under this bridge
[    0.857524] acpiphp: Slot [3] registered
[    0.858057] acpiphp: Slot [4] registered
[    0.858608] acpiphp: Slot [5] registered
[    0.859162] acpiphp: Slot [6] registered
[    0.859724] acpiphp: Slot [7] registered
[    0.860025] acpiphp: Slot [8] registered
[    0.860585] acpiphp: Slot [9] registered
[    0.861135] acpiphp: Slot [10] registered
[    0.861692] acpiphp: Slot [11] registered
[    0.862248] acpiphp: Slot [12] registered
[    0.862803] acpiphp: Slot [13] registered
[    0.863370] acpiphp: Slot [14] registered
[    0.863928] acpiphp: Slot [15] registered
[    0.864487] acpiphp: Slot [16] registered
[    0.865042] acpiphp: Slot [17] registered
[    0.865601] acpiphp: Slot [18] registered
[    0.866165] acpiphp: Slot [19] registered
[    0.866722] acpiphp: Slot [20] registered
[    0.867284] acpiphp: Slot [21] registered
[    0.867837] acpiphp: Slot [22] registered
[    0.868025] acpiphp: Slot [23] registered
[    0.868581] acpiphp: Slot [24] registered
[    0.869140] acpiphp: Slot [25] registered
[    0.869700] acpiphp: Slot [26] registered
[    0.870261] acpiphp: Slot [27] registered
[    0.870802] acpiphp: Slot [28] registered
[    0.871322] acpiphp: Slot [29] registered
[    0.871844] acpiphp: Slot [30] registered
[    0.876027] acpiphp: Slot [31] registered
[    0.876499] PCI host bridge to bus 0000:00
[    0.876976] pci_bus 0000:00: root bus resource [io  0x0000-0x0cf7 window]
[    0.877657] pci_bus 0000:00: root bus resource [io  0x0d00-0xffff window]
[    0.878301] pci_bus 0000:00: root bus resource [mem 0x000a0000-0x000bffff window]
[    0.878987] pci_bus 0000:00: root bus resource [mem 0x80000000-0xfebfffff window]
[    0.879708] pci_bus 0000:00: root bus resource [mem 0x100000000-0x17fffffff window]
[    0.879877] pci_bus 0000:00: root bus resource [bus 00-ff]
[    0.880483] pci 0000:00:00.0: [8086:1237] type 00 class 0x060000 conventional PCI endpoint
[    0.883011] pci 0000:00:01.0: [8086:7000] type 00 class 0x060100 conventional PCI endpoint
[    0.885360] pci 0000:00:01.1: [8086:7010] type 00 class 0x010180 conventional PCI endpoint
[    0.886754] pci 0000:00:01.1: BAR 4 [io  0xc040-0xc04f]
[    0.887302] pci 0000:00:01.1: BAR 0 [io  0x01f0-0x01f7]: legacy IDE quirk
[    0.887870] pci 0000:00:01.1: BAR 1 [io  0x03f6]: legacy IDE quirk
[    0.888473] pci 0000:00:01.1: BAR 2 [io  0x0170-0x0177]: legacy IDE quirk
[    0.889129] pci 0000:00:01.1: BAR 3 [io  0x0376]: legacy IDE quirk
[    0.891004] pci 0000:00:01.3: [8086:7113] type 00 class 0x068000 conventional PCI endpoint
[    0.892115] pci 0000:00:01.3: quirk: [io  0x0600-0x063f] claimed by PIIX4 ACPI
[    0.892821] pci 0000:00:01.3: quirk: [io  0x0700-0x070f] claimed by PIIX4 SMB
[    0.894781] pci 0000:00:02.0: [1234:1111] type 00 class 0x030000 conventional PCI endpoint
[    0.900423] pci 0000:00:02.0: BAR 0 [mem 0xfd000000-0xfdffffff pref]
[    0.901079] pci 0000:00:02.0: BAR 2 [mem 0xfebf0000-0xfebf0fff]
[    0.901691] pci 0000:00:02.0: ROM [mem 0xfebe0000-0xfebeffff pref]
[    0.902400] pci 0000:00:02.0: Video device with shadowed ROM at [mem 0x000c0000-0x000dffff]
[    0.904583] pci 0000:00:03.0: [8086:100e] type 00 class 0x020000 conventional PCI endpoint
[    0.916376] pci 0000:00:03.0: BAR 0 [mem 0xfebc0000-0xfebdffff]
[    0.916978] pci 0000:00:03.0: BAR 1 [io  0xc000-0xc03f]
[    0.917534] pci 0000:00:03.0: ROM [mem 0xfeb80000-0xfebbffff pref]
[    0.945914] ACPI: PCI: Interrupt link LNKA configured for IRQ 10
[    0.947620] ACPI: PCI: Interrupt link LNKB configured for IRQ 10
[    0.948950] ACPI: PCI: Interrupt link LNKC configured for IRQ 11
[    0.950610] ACPI: PCI: Interrupt link LNKD configured for IRQ 11
[    0.951648] ACPI: PCI: Interrupt link LNKS configured for IRQ 9
[    0.959907] iommu: Default domain type: Translated
[    0.960404] iommu: DMA domain TLB invalidation policy: lazy mode
[    0.965467] SCSI subsystem initialized
[    0.966361] ACPI: bus type USB registered
[    0.967000] usbcore: registered new interface driver usbfs
[    0.967652] usbcore: registered new interface driver hub
[    0.967947] usbcore: registered new device driver usb
[    0.968801] pps_core: LinuxPPS API ver. 1 registered
[    0.969297] pps_core: Software ver. 5.3.6 - Copyright 2005-2007 Rodolfo Giometti <giometti@linux.it>
[    0.970201] PTP clock support registered
[    0.971990] EDAC MC: Ver: 3.0.0
[    0.978284] NetLabel: Initializing
[    0.978643] NetLabel:  domain hash size = 128
[    0.979080] NetLabel:  protocols = UNLABELED CIPSOv4 CALIPSO
[    0.979773] NetLabel:  unlabeled traffic allowed by default
[    0.980430] PCI: Using ACPI for IRQ routing
[    0.980945] e820: register RAM buffer resource [mem 0x0009fc00-0x0009ffff]
[    0.981633] e820: register RAM buffer resource [mem 0x7ffe0000-0x7fffffff]
[    0.982635] pci 0000:00:02.0: vgaarb: setting as boot VGA device
[    0.983187] pci 0000:00:02.0: vgaarb: bridge control possible
[    0.983712] pci 0000:00:02.0: vgaarb: VGA device added: decodes=io+mem,owns=io+mem,locks=none
[    0.983874] vgaarb: loaded
[    0.988294] hpet0: at MMIO 0xfed00000, IRQs 2, 8, 0
[    0.988809] hpet0: 3 comparators, 64-bit 100.000000 MHz counter
[    0.992058] clocksource: Switched to clocksource kvm-clock
[    0.994276] VFS: Disk quotas dquot_6.6.0
[    0.994745] VFS: Dquot-cache hash table entries: 512 (order 0, 4096 bytes)
[    1.000366] pnp: PnP ACPI init
[    1.004976] pnp: PnP ACPI: found 5 devices
[    1.027410] clocksource: acpi_pm: mask: 0xffffff max_cycles: 0xffffff, max_idle_ns: 2085701024 ns
[    1.028850] NET: Registered PF_INET protocol family
[    1.029491] IP idents hash table entries: 32768 (order: 6, 262144 bytes, linear)
[    1.031820] tcp_listen_portaddr_hash hash table entries: 1024 (order: 5, 73728 bytes, linear)
[    1.032662] Table-perturb hash table entries: 65536 (order: 6, 262144 bytes, linear)
[    1.033563] TCP established hash table entries: 16384 (order: 5, 131072 bytes, linear)
[    1.034628] TCP bind hash table entries: 16384 (order: 10, 2359296 bytes, linear)
[    1.036327] TCP: Hash tables configured (established 16384 bind 16384)
[    1.037088] UDP hash table entries: 1024 (order: 6, 262144 bytes, linear)
[    1.038190] NET: Registered PF_UNIX/PF_LOCAL protocol family
[    1.041826] RPC: Registered named UNIX socket transport module.
[    1.042463] RPC: Registered udp transport module.
[    1.042980] RPC: Registered tcp transport module.
[    1.043452] RPC: Registered tcp-with-tls transport module.
[    1.043993] RPC: Registered tcp NFSv4.1 backchannel transport module.
[    1.044656] pci_bus 0000:00: resource 4 [io  0x0000-0x0cf7 window]
[    1.045270] pci_bus 0000:00: resource 5 [io  0x0d00-0xffff window]
[    1.045901] pci_bus 0000:00: resource 6 [mem 0x000a0000-0x000bffff window]
[    1.046589] pci_bus 0000:00: resource 7 [mem 0x80000000-0xfebfffff window]
[    1.047268] pci_bus 0000:00: resource 8 [mem 0x100000000-0x17fffffff window]
[    1.048373] pci 0000:00:01.0: PIIX3: Enabling Passive Release
[    1.048957] pci 0000:00:00.0: Limiting direct PCI/PCI transfers
[    1.049649] PCI: CLS 0 bytes, default 64
[    1.050153] ACPI: bus type thunderbolt registered
[    1.051414] clocksource: tsc: mask: 0xffffffffffffffff max_cycles: 0x240939f1bb2, max_idle_ns: 440795263295 ns
[    1.065404] Initialise system trusted keyrings
[    1.066022] Key type blacklist registered
[    1.066636] workingset: timestamp_bits=36 (anon: 32) max_order=19 bucket_order=0 (anon: 0)
[    1.069953] squashfs: version 4.0 (2009/01/31) Phillip Lougher
[    1.071976] NFS: Registering the id_resolver key type
[    1.072512] Key type id_resolver registered
[    1.072927] Key type id_legacy registered
[    1.073421] nfs4filelayout_init: NFSv4 File Layout Driver Registering...
[    1.074120] nfs4flexfilelayout_init: NFSv4 Flexfile Layout Driver Registering...
[    1.075170] fuse: init (API version 7.45)
[    1.076273] SGI XFS with ACLs, security attributes, realtime, quota, no debug enabled
[    1.079316] 9p: Installing v9fs 9p2000 file system support
[    1.094605] Key type asymmetric registered
[    1.095012] Asymmetric key parser 'x509' registered
[    1.095645] Block layer SCSI generic (bsg) driver version 0.4 loaded (major 241)
[    1.096778] io scheduler mq-deadline registered
[    1.097388] io scheduler bfq registered
[    1.099499] ledtrig-cpu: registered to indicate activity on CPUs
[    1.101757] IPMI message handler: version 39.2
[    1.102291] ipmi device interface
[    1.104933] input: Power Button as /devices/platform/LNXPWRBN:00/input/input0
[    1.106024] ACPI: button: Power Button [PWRF]
[    1.109851] ERST DBG: ERST support is disabled.
[    1.111886] Serial: 8250/16550 driver, 32 ports, IRQ sharing enabled
[    1.113909] 00:04: ttyS0 at I/O 0x3f8 (irq = 4, base_baud = 115200) is a 16550A
[    1.148292] Linux agpgart interface v0.103
[    1.152408] ACPI: bus type drm_connector registered
[    1.182097] brd: module loaded
[    1.199193] loop: module loaded
[    1.213205] scsi host0: ata_piix
[    1.215033] scsi host1: ata_piix
[    1.215956] ata1: PATA max MWDMA2 cmd 0x1f0 ctl 0x3f6 bmdma 0xc040 irq 14 lpm-pol 0
[    1.216714] ata2: PATA max MWDMA2 cmd 0x170 ctl 0x376 bmdma 0xc048 irq 15 lpm-pol 0
[    1.220941] tun: Universal TUN/TAP device driver, 1.6
[    1.221841] e100: Intel(R) PRO/100 Network Driver
[    1.222307] e100: Copyright(c) 1999-2006 Intel Corporation
[    1.222991] e1000: Intel(R) PRO/1000 Network Driver
[    1.223478] e1000: Copyright (c) 1999-2006 Intel Corporation.
[    1.375050] ata1: found unknown device (class 0)
[    1.376043] ata1.00: Model 'QEMU HARDDISK', rev '2.5+', applying quirks: bridgeok
[    1.376799] ata1.00: ATA-7: QEMU HARDDISK, 2.5+, max UDMA/100
[    1.377364] ata1.00: 17196647 sectors, multi 16: LBA48 
[    1.379044] ata2: found unknown device (class 0)
[    1.379220] scsi 0:0:0:0: Direct-Access     ATA      QEMU HARDDISK    2.5+ PQ: 0 ANSI: 5
[    1.380217] ata2.00: ATAPI: QEMU DVD-ROM, 2.5+, max UDMA/100
[    1.386254] sd 0:0:0:0: [sda] 17196647 512-byte logical blocks: (8.80 GB/8.20 GiB)
[    1.388559] sd 0:0:0:0: [sda] Write Protect is off
[    1.388691] sd 0:0:0:0: Attached scsi generic sg0 type 0
[    1.389678] sd 0:0:0:0: [sda] Write cache: enabled, read cache: enabled, doesn't support DPO or FUA
[    1.390675] scsi 1:0:0:0: CD-ROM            QEMU     QEMU DVD-ROM     2.5+ PQ: 0 ANSI: 5
[    1.392170] sd 0:0:0:0: [sda] Preferred minimum I/O size 512 bytes
[    1.433589] scsi 1:0:0:0: Attached scsi generic sg1 type 5
[    1.439001] sd 0:0:0:0: [sda] Attached SCSI disk
[    2.100262] ACPI: \_SB_.LNKC: Enabled at IRQ 11
[    2.413913] e1000 0000:00:03.0 eth0: (PCI:33MHz:32-bit) 52:54:00:12:34:56
[    2.414576] e1000 0000:00:03.0 eth0: Intel(R) PRO/1000 Network Connection
[    2.415412] e1000e: Intel(R) PRO/1000 Network Driver
[    2.415905] e1000e: Copyright(c) 1999 - 2015 Intel Corporation.
[    2.416662] igb: Intel(R) Gigabit Ethernet Network Driver
[    2.417151] igb: Copyright (c) 2007-2014 Intel Corporation.
[    2.418077] PPP generic driver version 2.4.2
[    2.419455] VFIO - User Level meta-driver version: 0.3
[    2.421716] usbcore: registered new interface driver uas
[    2.422381] usbcore: registered new interface driver usb-storage
[    2.423260] i8042: PNP: PS/2 Controller [PNP0303:KBD,PNP0f13:MOU] at 0x60,0x64 irq 1,12
[    2.425097] serio: i8042 KBD port at 0x60,0x64 irq 1
[    2.425714] serio: i8042 AUX port at 0x60,0x64 irq 12
[    2.429599] mousedev: PS/2 mouse device common for all mice
[    2.432606] input: AT Translated Set 2 keyboard as /devices/platform/i8042/serio0/input/input1
[    2.433880] rtc_cmos PNP0B00:00: RTC can wake from S4
[    2.436819] rtc_cmos PNP0B00:00: registered as rtc0
[    2.437615] rtc_cmos PNP0B00:00: setting system clock to 2026-05-06T02:08:58 UTC (1778033338)
[    2.438710] rtc_cmos PNP0B00:00: alarms up to one day, y3k, 242 bytes nvram, hpet irqs
[    2.439547] i2c_dev: i2c /dev entries driver
[    2.440046] device-mapper: core: CONFIG_IMA_DISABLE_HTABLE is disabled. Duplicate IMA measurements will not be recorded in the IMA log.
[    2.441273] device-mapper: uevent: version 1.0.3
[    2.442286] input: VirtualPS/2 VMware VMMouse as /devices/platform/i8042/serio1/input/input4
[    2.444210] device-mapper: ioctl: 4.50.0-ioctl (2025-04-28) initialised: dm-devel@lists.linux.dev
[    2.445087] intel_pstate: CPU model not supported
[    2.446898] drop_monitor: Initializing network drop monitor service
[    2.447948] NET: Registered PF_INET6 protocol family
[    2.449137] input: VirtualPS/2 VMware VMMouse as /devices/platform/i8042/serio1/input/input3
[    2.451629] Segment Routing with IPv6
[    2.452038] In-situ OAM (IOAM) with IPv6
[    2.452467] NET: Registered PF_PACKET protocol family
[    2.453153] 9pnet: Installing 9P2000 support
[    2.453703] Key type dns_resolver registered
[    2.457362] IPI shorthand broadcast: enabled
[    2.533768] sched_clock: Marking stable (2512003139, 21519996)->(2539883018, -6359883)
[    2.535379] registered taskstats version 1
[    2.537808] Loading compiled-in X.509 certificates
[    2.632976] Demotion targets for Node 0: null
[    2.634735] Key type .fscrypt registered
[    2.635130] Key type fscrypt-provisioning registered
[    2.655474] Key type encrypted registered
[    2.655910] ima: No TPM chip found, activating TPM-bypass!
[    2.656482] ima: Allocated hash algorithm: sha1
[    2.657025] ima: No architecture policies found
[    2.657692] evm: Initialising EVM extended attributes:
[    2.658207] evm: security.selinux
[    2.658550] evm: security.SMACK64
[    2.658884] evm: security.SMACK64EXEC
[    2.659252] evm: security.SMACK64TRANSMUTE
[    2.659664] evm: security.SMACK64MMAP
[    2.660026] evm: security.apparmor
[    2.660368] evm: security.ima
[    2.660664] evm: security.capability
[    2.661017] evm: HMAC attrs: 0x1
[    2.665621] PM:   Magic number: 10:716:105
[    2.666816] RAS: Correctable Errors collector initialized.
[    2.877738] clocksource: Watchdog remote CPU 1 read timed out
[    4.531665] clk: Disabling unused clocks
[    4.532090] PM: genpd: Disabling unused power domains
[    4.533555] md: Waiting for all devices to be available before autodetect
[    4.534037] md: If you don't use raid, use raid=noautodetect
[    4.534435] md: Autodetecting RAID arrays.
[    4.534721] md: autorun ...
[    4.534927] md: ... autorun DONE.
[    4.545901] Callback from call_rcu_tasks() invoked.
[    4.549861] EXT4-fs (sda): mounted filesystem 088740a9-c8b4-422c-999d-a804eb68a4da ro with ordered data mode. Quota mode: none.
[    4.550747] VFS: Mounted root (ext4 filesystem) readonly on device 8:0.
[    4.553888] devtmpfs: mounted
[    4.554262] VFS: Pivoted into new rootfs
[    4.575648] Freeing unused decrypted memory: 2036K
[    4.581325] Freeing unused kernel image (initmem) memory: 16640K
[    4.581845] Write protecting the kernel read-only data: 102400k
[    4.584134] Freeing unused kernel image (text/rodata gap) memory: 148K
[    4.585537] Freeing unused kernel image (rodata/data gap) memory: 944K
[    5.801674] x86/mm: Checked W+X mappings: passed, no W+X pages found.
[    5.802163] Run /sbin/init as init process
[    5.994776] systemd[1]: systemd 252-15.el9 running in system mode (+PAM +AUDIT +SELINUX -APPARMOR +IMA +SMACK +SECCOMP +GCRYPT +GNUTLS +OPENSSL +ACL +BLKID +CURL +ELFUTILS -FIDO2 +IDN2 -IDN -IPTC +KMOD +LIBCRYPTSETUP +LIBFDISK +PCRE2 -PWQUALITY +P11KIT -QRENCODE +TPM2 +BZIP2 +LZ4 +XZ +ZLIB +ZSTD -BPF_FRAMEWORK +XKBCOMMON +UTMP +SYSVINIT default-hierarchy=unified)
[    5.996924] systemd[1]: Detected virtualization kvm.
[    5.997285] systemd[1]: Detected architecture x86-64.

Welcome to [0;31mCentOS Stream 9[0m!

[    6.004841] systemd[1]: Hostname set to <test>.
[    6.257423] systemd-rc-local-generator[122]: /etc/rc.d/rc.local is not marked executable, skipping.
[    6.572893] systemd[1]: Queued start job for default target Multi-User System.
[    6.592802] systemd[1]: Created slice Virtual Machine and Container Slice.
[[0;32m  OK  [0m] Created slice [0;1;39mVirtual Machine and Container Slice[0m.
[    6.598486] systemd[1]: Created slice Slice /system/getty.
[[0;32m  OK  [0m] Created slice [0;1;39mSlice /system/getty[0m.
[    6.602098] systemd[1]: Created slice Slice /system/modprobe.
[[0;32m  OK  [0m] Created slice [0;1;39mSlice /system/modprobe[0m.
[    6.605468] systemd[1]: Created slice Slice /system/serial-getty.
[[0;32m  OK  [0m] Created slice [0;1;39mSlice /system/serial-getty[0m.
[    6.608949] systemd[1]: Created slice Slice /system/sshd-keygen.
[[0;32m  OK  [0m] Created slice [0;1;39mSlice /system/sshd-keygen[0m.
[    6.612261] systemd[1]: Created slice User and Session Slice.
[[0;32m  OK  [0m] Created slice [0;1;39mUser and Session Slice[0m.
[    6.614059] systemd[1]: Started Forward Password Requests to Wall Directory Watch.
[[0;32m  OK  [0m] Started [0;1;39mForward Password R…uests to Wall Directory Watch[0m.
[    6.616585] systemd[1]: Set up automount Arbitrary Executable File Formats File System Automount Point.
[[0;32m  OK  [0m] Set up automount [0;1;39mArbitrary…s File System Automount Point[0m.
[    6.618275] systemd[1]: Reached target Local Integrity Protected Volumes.
[[0;32m  OK  [0m] Reached target [0;1;39mLocal Integrity Protected Volumes[0m.
[    6.619683] systemd[1]: Reached target Slice Units.
[[0;32m  OK  [0m] Reached target [0;1;39mSlice Units[0m.
[    6.620814] systemd[1]: Reached target Swaps.
[[0;32m  OK  [0m] Reached target [0;1;39mSwaps[0m.
[    6.621809] systemd[1]: Reached target Local Verity Protected Volumes.
[[0;32m  OK  [0m] Reached target [0;1;39mLocal Verity Protected Volumes[0m.
[    6.623482] systemd[1]: Listening on Device-mapper event daemon FIFOs.
[[0;32m  OK  [0m] Listening on [0;1;39mDevice-mapper event daemon FIFOs[0m.
[    6.625314] systemd[1]: Listening on LVM2 poll daemon socket.
[[0;32m  OK  [0m] Listening on [0;1;39mLVM2 poll daemon socket[0m.
[    6.626810] systemd[1]: multipathd control socket was skipped because of an unmet condition check (ConditionPathExists=/etc/multipath.conf).
[    6.687496] systemd[1]: Listening on RPCbind Server Activation Socket.
[[0;32m  OK  [0m] Listening on [0;1;39mRPCbind Server Activation Socket[0m.
[    6.688954] systemd[1]: Reached target RPC Port Mapper.
[[0;32m  OK  [0m] Reached target [0;1;39mRPC Port Mapper[0m.
[    6.692559] systemd[1]: Listening on Process Core Dump Socket.
[[0;32m  OK  [0m] Listening on [0;1;39mProcess Core Dump Socket[0m.
[    6.694507] systemd[1]: Listening on initctl Compatibility Named Pipe.
[[0;32m  OK  [0m] Listening on [0;1;39minitctl Compatibility Named Pipe[0m.
[    6.696519] systemd[1]: Listening on Journal Socket (/dev/log).
[[0;32m  OK  [0m] Listening on [0;1;39mJournal Socket (/dev/log)[0m.
[    6.698329] systemd[1]: Listening on Journal Socket.
[[0;32m  OK  [0m] Listening on [0;1;39mJournal Socket[0m.
[    6.700114] systemd[1]: Listening on udev Control Socket.
[[0;32m  OK  [0m] Listening on [0;1;39mudev Control Socket[0m.
[    6.701715] systemd[1]: Listening on udev Kernel Socket.
[[0;32m  OK  [0m] Listening on [0;1;39mudev Kernel Socket[0m.
[    6.708406] systemd[1]: Mounting Huge Pages File System...
         Mounting [0;1;39mHuge Pages File System[0m...
[    6.715434] systemd[1]: Mounting POSIX Message Queue File System...
         Mounting [0;1;39mPOSIX Message Queue File System[0m...
[    6.727425] systemd[1]: Mounting Kernel Debug File System...
         Mounting [0;1;39mKernel Debug File System[0m...
[    6.738116] systemd[1]: Mounting Kernel Trace File System...
         Mounting [0;1;39mKernel Trace File System[0m...
[    6.741928] systemd[1]: Kernel Module supporting RPCSEC_GSS was skipped because of an unmet condition check (ConditionPathExists=/etc/krb5.keytab).
[    6.742893] systemd[1]: Create List of Static Device Nodes was skipped because of an unmet condition check (ConditionFileNotEmpty=/lib/modules/7.0.0-5fe03dd0c520+/modules.devname).
[    6.749241] systemd[1]: Starting Monitoring of LVM2 mirrors, snapshots etc. using dmeventd or progress polling...
         Starting [0;1;39mMonitoring of LVM…meventd or progress polling[0m...
[    6.756957] systemd[1]: Starting Load Kernel Module configfs...
         Starting [0;1;39mLoad Kernel Module configfs[0m...
[    6.770332] systemd[1]: Starting Load Kernel Module drm...
         Starting [0;1;39mLoad Kernel Module drm[0m...
[    6.784411] systemd[1]: Starting Load Kernel Module fuse...
         Starting [0;1;39mLoad Kernel Module fuse[0m...
[    6.798079] systemd[1]: Starting Read and set NIS domainname from /etc/sysconfig/network...
         Starting [0;1;39mRead and set NIS …from /etc/sysconfig/network[0m...
[    6.817895] systemd[1]: Starting Journal Service...
         Starting [0;1;39mJournal Service[0m...
[    6.854523] systemd[1]: Starting Load Kernel Modules...
         Starting [0;1;39mLoad Kernel Modules[0m...
[    6.867223] systemd[1]: Starting Generate network units from Kernel command line...
         Starting [0;1;39mGenerate network …ts from Kernel command line[0m...
[    6.892255] systemd[1]: Starting Remount Root and Kernel File Systems...
         Starting [0;1;39mRemount Root and Kernel File Systems[0m...
[    6.897703] systemd[1]: Repartition Root Disk was skipped because no trigger condition checks were met.
[    6.909366] systemd[1]: Starting Coldplug All udev Devices...
         Starting [0;1;39mColdplug All udev Devices[0m...
[    6.936686] systemd[1]: Mounted Huge Pages File System.
[[0;32m  OK  [0m] Mounted [0;1;39mHuge Pages File System[0m.
[    6.942531] systemd[1]: Mounted POSIX Message Queue File System.
[[0;32m  OK  [0m] Mounted [0;1;39mPOSIX Message Queue File System[0m.
[    6.946635] systemd[1]: Mounted Kernel Debug File System.
[[0;32m  OK  [0m] Mounted [0;1;39mKernel Debug File System[0m.
[    6.952153] systemd[1]: Mounted Kernel Trace File System.
[[0;32m  OK  [0m] Mounted [0;1;39mKernel Trace File System[0m.
[    6.966807] systemd[1]: Finished Monitoring of LVM2 mirrors, snapshots etc. using dmeventd or progress polling.
[[0;32m  OK  [0m] Finished [0;1;39mMonitoring of LVM… dmeventd or progress polling[0m.
[    6.973192] systemd[1]: modprobe@configfs.service: Deactivated successfully.
[    6.978893] EXT4-fs (sda): re-mounted 088740a9-c8b4-422c-999d-a804eb68a4da r/w.
[    6.982558] systemd[1]: Finished Load Kernel Module configfs.
[[0;32m  OK  [0m] Finished [0;1;39mLoad Kernel Module configfs[0m.
[    6.988083] systemd[1]: Started Journal Service.
[[0;32m  OK  [0m] Started [0;1;39mJournal Service[0m.
[[0;32m  OK  [0m] Finished [0;1;39mLoad Kernel Module drm[0m.
[[0;32m  OK  [0m] Finished [0;1;39mLoad Kernel Module fuse[0m.
[[0;32m  OK  [0m] Finished [0;1;39mRead and set NIS …e from /etc/sysconfig/network[0m.
[[0;1;31mFAILED[0m] Failed to start [0;1;39mLoad Kernel Modules[0m.
See 'systemctl status systemd-modules-load.service' for details.
[[0;32m  OK  [0m] Finished [0;1;39mGenerate network units from Kernel command line[0m.
[[0;32m  OK  [0m] Finished [0;1;39mRemount Root and Kernel File Systems[0m.
[[0;32m  OK  [0m] Reached target [0;1;39mPreparation for Network[0m.
         Mounting [0;1;39mFUSE Control File System[0m...
         Mounting [0;1;39mKernel Configuration File System[0m...
         Starting [0;1;39mFlush Journal to Persistent Storage[0m...
         Starting [0;1;39mLoad/Save Random Seed[0m...
         Starting [0;1;39mApply Kernel Variables[0m...
[    7.122901] systemd-journald[144]: Received client request to flush runtime journal.
         Starting [0;1;39mCreate Static Device Nodes in /dev[0m...
         Starting [0;1;39mSetup Virtual Console[0m...
[[0;32m  OK  [0m] Mounted [0;1;39mFUSE Control File System[0m.
[[0;32m  OK  [0m] Mounted [0;1;39mKernel Configuration File System[0m.
[[0;32m  OK  [0m] Finished [0;1;39mFlush Journal to Persistent Storage[0m.
[[0;32m  OK  [0m] Finished [0;1;39mLoad/Save Random Seed[0m.
[[0;32m  OK  [0m] Finished [0;1;39mApply Kernel Variables[0m.
[[0;32m  OK  [0m] Finished [0;1;39mCreate Static Device Nodes in /dev[0m.
         Starting [0;1;39mRule-based Manage…for Device Events and Files[0m...
[[0;32m  OK  [0m] Started [0;1;39mRule-based Manager for Device Events and Files[0m.
         Starting [0;1;39mAuto-connect to s…E devices found during boot[0m...
[[0;32m  OK  [0m] Finished [0;1;39mAuto-connect to s…VME devices found during boot[0m.
[[0;32m  OK  [0m] Finished [0;1;39mSetup Virtual Console[0m.
[[0;32m  OK  [0m] Finished [0;1;39mColdplug All udev Devices[0m.
         Starting [0;1;39mShow Plymouth Boot Screen[0m...
         Starting [0;1;39mWait for udev To …plete Device Initialization[0m...
[2J[3J[-1;-1f[[0;32m  OK  [0m] Started [0;1;39mShow Plymouth Boot Screen[0m.
[[0;32m  OK  [0m] Started [0;1;39mForward Password R…s to Plymouth Directory Watch[0m.
[[0;32m  OK  [0m] Reached target [0;1;39mLocal Encrypted Volumes[0m.
[[0;32m  OK  [0m] Reached target [0;1;39mPath Units[0m.
[[0;32m  OK  [0m] Found device [0;1;39m/dev/ttyS0[0m.
[[0;32m  OK  [0m] Listening on [0;1;39mLoad/Save RF …itch Status /dev/rfkill Watch[0m.
[[0;32m  OK  [0m] Finished [0;1;39mWait for udev To Complete Device Initialization[0m.
[[0;32m  OK  [0m] Reached target [0;1;39mPreparation for Local File Systems[0m.
[[0;32m  OK  [0m] Reached target [0;1;39mLocal File Systems[0m.
         Starting [0;1;39mTell Plymouth To Write Out Runtime Data[0m...
         Starting [0;1;39mAutomatic Boot Loader Update[0m...
         Starting [0;1;39mCreate Volatile Files and Directories[0m...
[[0;32m  OK  [0m] Finished [0;1;39mTell Plymouth To Write Out Runtime Data[0m.
[[0;32m  OK  [0m] Finished [0;1;39mAutomatic Boot Loader Update[0m.
[[0;32m  OK  [0m] Finished [0;1;39mCreate Volatile Files and Directories[0m.
         Mounting [0;1;39mRPC Pipe File System[0m...
         Starting [0;1;39mSecurity Auditing Service[0m...
         Starting [0;1;39mRPC Bind[0m...
[[0;32m  OK  [0m] Mounted [0;1;39mRPC Pipe File System[0m.
[[0;32m  OK  [0m] Reached target [0;1;39mrpc_pipefs.target[0m.
[[0;32m  OK  [0m] Started [0;1;39mRPC Bind[0m.
[[0;32m  OK  [0m] Started [0;1;39mSecurity Auditing Service[0m.
         Starting [0;1;39mRecord System Boot/Shutdown in UTMP[0m...
[[0;32m  OK  [0m] Finished [0;1;39mRecord System Boot/Shutdown in UTMP[0m.
[[0;32m  OK  [0m] Reached target [0;1;39mSystem Initialization[0m.
[[0;32m  OK  [0m] Started [0;1;39mDaily rotation of log files[0m.
[[0;32m  OK  [0m] Started [0;1;39mUpdates mlocate database every day[0m.
[[0;32m  OK  [0m] Started [0;1;39mDaily Cleanup of Temporary Directories[0m.
[[0;32m  OK  [0m] Started [0;1;39mdaily update of the root trust anchor for DNSSEC[0m.
[[0;32m  OK  [0m] Reached target [0;1;39mTimer Units[0m.
[[0;32m  OK  [0m] Listening on [0;1;39mD-Bus System Message Bus Socket[0m.
[[0;32m  OK  [0m] Listening on [0;1;39mOpen-iSCSI iscsid Socket[0m.
[[0;32m  OK  [0m] Listening on [0;1;39mOpen-iSCSI iscsiuio Socket[0m.
[[0;32m  OK  [0m] Listening on [0;1;39mSSSD Kerberos…ache Manager responder socket[0m.
[[0;32m  OK  [0m] Listening on [0;1;39mLibvirt interface local socket[0m.
[[0;32m  OK  [0m] Listening on [0;1;39mVirtual machine lock manager socket[0m.
[[0;32m  OK  [0m] Listening on [0;1;39mVirtual machine log manager socket[0m.
[[0;32m  OK  [0m] Listening on [0;1;39mLibvirt network local socket[0m.
[[0;32m  OK  [0m] Listening on [0;1;39mLibvirt nodedev local socket[0m.
[[0;32m  OK  [0m] Listening on [0;1;39mLibvirt nwfilter local socket[0m.
[[0;32m  OK  [0m] Listening on [0;1;39mLibvirt proxy local socket[0m.
[[0;32m  OK  [0m] Listening on [0;1;39mLibvirt qemu local socket[0m.
[[0;32m  OK  [0m] Listening on [0;1;39mLibvirt qemu admin socket[0m.
[[0;32m  OK  [0m] Listening on [0;1;39mLibvirt qemu local read-only socket[0m.
[[0;32m  OK  [0m] Listening on [0;1;39mLibvirt secret local socket[0m.
[[0;32m  OK  [0m] Listening on [0;1;39mLibvirt storage local socket[0m.
[[0;32m  OK  [0m] Reached target [0;1;39mSocket Units[0m.
         Starting [0;1;39mD-Bus System Message Bus[0m...
[[0;32m  OK  [0m] Started [0;1;39mD-Bus System Message Bus[0m.
[[0;32m  OK  [0m] Reached target [0;1;39mBasic System[0m.
         Starting [0;1;39mNetwork Manager[0m...
         Starting [0;1;39mNTP client/server[0m...
         Starting [0;1;39mRestore /run/initramfs on shutdown[0m...
[[0;32m  OK  [0m] Started [0;1;39mirqbalance daemon[0m.
[[0;32m  OK  [0m] Started [0;1;39mlibstoragemgmt plug-in server daemon[0m.
[[0;32m  OK  [0m] Started [0;1;39mMachine Check Exception Logging Daemon[0m.
[[0;32m  OK  [0m] Reached target [0;1;39msshd-keygen.target[0m.
[[0;32m  OK  [0m] Reached target [0;1;39mUser and Group Name Lookups[0m.
         Starting [0;1;39mUser Login Management[0m...
         Starting [0;1;39mVirtual Machine a…tainer Registration Service[0m...
[[0;32m  OK  [0m] Finished [0;1;39mRestore /run/initramfs on shutdown[0m.
[[0;32m  OK  [0m] Started [0;1;39mVirtual Machine an…ontainer Registration Service[0m.
         Starting [0;1;39mHostname Service[0m...
[[0;32m  OK  [0m] Started [0;1;39mNTP client/server[0m.
[[0;32m  OK  [0m] Started [0;1;39mUser Login Management[0m.
[[0;32m  OK  [0m] Started [0;1;39mHostname Service[0m.
         Starting [0;1;39mNetwork Manager Script Dispatcher Service[0m...
[[0;32m  OK  [0m] Started [0;1;39mNetwork Manager Script Dispatcher Service[0m.
[   10.743061] e1000: eth0 NIC Link is Up 1000 Mbps Full Duplex, Flow Control: RX
[[0;32m  OK  [0m] Started [0;1;39mNetwork Manager[0m.
[[0;32m  OK  [0m] Reached target [0;1;39mNetwork[0m.
[[0;32m  OK  [0m] Reached target [0;1;39mNetwork is Online[0m.
         Starting [0;1;39mGSSAPI Proxy Daemon[0m...
         Starting [0;1;39mNotify NFS peers of a restart[0m...
         Starting [0;1;39mSystem Logging Service[0m...
         Starting [0;1;39mOpenSSH server daemon[0m...
         Starting [0;1;39mDynamic System Tuning Daemon[0m...
[[0;32m  OK  [0m] Started [0;1;39mNotify NFS peers of a restart[0m.
[[0;32m  OK  [0m] Started [0;1;39mGSSAPI Proxy Daemon[0m.
[[0;32m  OK  [0m] Reached target [0;1;39mNFS client services[0m.
[[0;32m  OK  [0m] Reached target [0;1;39mPreparation for Remote File Systems[0m.
[[0;32m  OK  [0m] Reached target [0;1;39mRemote File Systems[0m.
         Starting [0;1;39mPermit User Sessions[0m...
         Starting [0;1;39mVirtualization qemu daemon[0m...
[[0;32m  OK  [0m] Started [0;1;39mOpenSSH server daemon[0m.
[[0;32m  OK  [0m] Finished [0;1;39mPermit User Sessions[0m.
[[0;32m  OK  [0m] Started [0;1;39mSystem Logging Service[0m.
[[0;32m  OK  [0m] Started [0;1;39mDeferred execution scheduler[0m.
[[0;32m  OK  [0m] Started [0;1;39mCommand Scheduler[0m.
         Starting [0;1;39mHold until boot process finishes up[0m...
         Starting [0;1;39mTerminate Plymouth Boot Screen[0m...

CentOS Stream 9
Kernel 7.0.0-5fe03dd0c520+ on an x86_64

Activate the web console with: systemctl enable --now cockpit.socket

test login: [   17.624567] pimreg: entered allmulticast mode
[   17.646139] pimreg: entered allmulticast mode
[   17.654335] pimreg: left allmulticast mode
[   17.663845] pimreg: entered allmulticast mode
[   17.676277] pimreg: entered allmulticast mode
[   17.712369] pimreg: entered allmulticast mode
[   17.723153] pimreg: entered allmulticast mode
[   17.726427] pimreg: left allmulticast mode
[   17.726770] pimreg: left allmulticast mode
[   17.727170] pimreg: left allmulticast mode
[   17.727480] pimreg: left allmulticast mode
[   17.737601] pimreg: entered allmulticast mode
[   17.762392] pimreg: entered allmulticast mode
[   17.783753] pimreg: entered allmulticast mode
[   17.802313] pimreg: entered allmulticast mode
[   17.826003] pimreg: entered allmulticast mode
[   17.846280] pimreg: left allmulticast mode
[   17.846613] pimreg: left allmulticast mode
[   17.846936] pimreg: left allmulticast mode
[   17.847240] pimreg: left allmulticast mode
[   17.847551] pimreg: left allmulticast mode
[   17.858799] pimreg: entered allmulticast mode
[   17.888936] pimreg: entered allmulticast mode
[   17.917341] pimreg: entered allmulticast mode
[   17.941869] pimreg: entered allmulticast mode
[   17.962015] pimreg: entered allmulticast mode
[   17.982408] pimreg: entered allmulticast mode
[   17.994405] pimreg: left allmulticast mode
[   17.994699] pimreg: left allmulticast mode
[   17.994960] pimreg: left allmulticast mode
[   17.995246] pimreg: left allmulticast mode
[   17.995534] pimreg: left allmulticast mode
[   17.995827] pimreg: left allmulticast mode
[   18.007981] pimreg: entered allmulticast mode
[   18.032914] pimreg: entered allmulticast mode
[   18.057274] pimreg: entered allmulticast mode
[   18.078333] pimreg: entered allmulticast mode
[   18.090627] pimreg: entered allmulticast mode
[   18.105383] pimreg: entered allmulticast mode
[   18.114764] pimreg: left allmulticast mode
[   18.115094] pimreg: left allmulticast mode
[   18.115403] pimreg: left allmulticast mode
[   18.115699] pimreg: left allmulticast mode
[   18.116011] pimreg: left allmulticast mode
[   18.116315] pimreg: left allmulticast mode
[   18.128159] pimreg: entered allmulticast mode
[   18.151965] pimreg: entered allmulticast mode
[   18.173884] pimreg: entered allmulticast mode
[   18.193075] pimreg: entered allmulticast mode
[   18.218553] pimreg: entered allmulticast mode
[   18.242479] pimreg: entered allmulticast mode
[   18.261841] pimreg: entered allmulticast mode
[   18.285941] pimreg: entered allmulticast mode
[   18.290467] pimreg: left allmulticast mode
[   18.290818] pimreg: left allmulticast mode
[   18.291118] pimreg: left allmulticast mode
[   18.291432] pimreg: left allmulticast mode
[   18.291731] pimreg: left allmulticast mode
[   18.292051] pimreg: left allmulticast mode
[   18.292351] pimreg: left allmulticast mode
[   18.293068] pimreg: left allmulticast mode
[   18.307461] pimreg: entered allmulticast mode
[   18.331524] pimreg: entered allmulticast mode
[   18.353628] pimreg: entered allmulticast mode
[   18.377720] pimreg: entered allmulticast mode
[   18.401464] pimreg: entered allmulticast mode
[   18.425784] pimreg: entered allmulticast mode
[   18.446075] pimreg: entered allmulticast mode
[   18.470413] pimreg: entered allmulticast mode
[   18.486935] pimreg: left allmulticast mode
[   18.487228] pimreg: left allmulticast mode
[   18.487485] pimreg: left allmulticast mode
[   18.487743] pimreg: left allmulticast mode
[   18.488045] pimreg: left allmulticast mode
[   18.488354] pimreg: left allmulticast mode
[   18.488627] pimreg: left allmulticast mode
[   18.488910] pimreg: left allmulticast mode
[   18.501960] pimreg: entered allmulticast mode
[   18.523841] pimreg: entered allmulticast mode
[   18.545442] pimreg: entered allmulticast mode
[   18.570105] pimreg: entered allmulticast mode
[   18.585660] pimreg: entered allmulticast mode
[   18.605912] pimreg: entered allmulticast mode
[   18.629645] pimreg: entered allmulticast mode
[   18.654339] pimreg: entered allmulticast mode
[   18.658523] pimreg: left allmulticast mode
[   18.658856] pimreg: left allmulticast mode
[   18.659176] pimreg: left allmulticast mode
[   18.659488] pimreg: left allmulticast mode
[   18.659788] pimreg: left allmulticast mode
[   18.660401] pimreg: left allmulticast mode
[   18.660705] pimreg: left allmulticast mode
[   18.661009] pimreg: left allmulticast mode
[   18.675355] pimreg: entered allmulticast mode
[   18.707509] pimreg: entered allmulticast mode
[   18.734911] pimreg: entered allmulticast mode
[   18.750590] pimreg: entered allmulticast mode
[   18.770810] pimreg: entered allmulticast mode
[   18.789778] pimreg: entered allmulticast mode
[   18.813832] pimreg: entered allmulticast mode
[   18.837832] pimreg: entered allmulticast mode
[   18.862572] pimreg: entered allmulticast mode
[   18.882236] pimreg: left allmulticast mode
[   18.882567] pimreg: left allmulticast mode
[   18.882890] pimreg: left allmulticast mode
[   18.883187] pimreg: left allmulticast mode
[   18.883904] pimreg: left allmulticast mode
[   18.884219] pimreg: left allmulticast mode
[   18.884529] pimreg: left allmulticast mode
[   18.884841] pimreg: left allmulticast mode
[   18.885144] pimreg: left allmulticast mode
[   18.899944] pimreg: entered allmulticast mode
[   18.932429] pimreg: entered allmulticast mode
[   18.942984] pimreg: entered allmulticast mode
[   18.961257] pimreg: entered allmulticast mode
[   18.985696] pimreg: entered allmulticast mode
[   19.009827] pimreg: entered allmulticast mode
[   19.038038] pimreg: entered allmulticast mode
[   19.061722] pimreg: entered allmulticast mode
[   19.081747] pimreg: entered allmulticast mode
[   19.102553] pimreg: left allmulticast mode
[   19.102899] pimreg: left allmulticast mode
[   19.103204] pimreg: left allmulticast mode
[   19.103508] pimreg: left allmulticast mode
[   19.103825] pimreg: left allmulticast mode
[   19.104207] pimreg: left allmulticast mode
[   19.104503] pimreg: left allmulticast mode
[   19.104814] pimreg: left allmulticast mode
[   19.105111] pimreg: left allmulticast mode
[   19.119097] pimreg: entered allmulticast mode
[   19.140623] pimreg: entered allmulticast mode
[   19.162091] pimreg: entered allmulticast mode
[   19.185892] pimreg: entered allmulticast mode
[   19.205334] pimreg: entered allmulticast mode
[   19.225911] pimreg: entered allmulticast mode
[   19.253847] pimreg: entered allmulticast mode
[   19.278054] pimreg: entered allmulticast mode
[   19.305575] pimreg: entered allmulticast mode
[   19.318687] pimreg: left allmulticast mode
[   19.319201] pimreg: left allmulticast mode
[   19.319494] pimreg: left allmulticast mode
[   19.319820] pimreg: left allmulticast mode
[   19.320132] pimreg: left allmulticast mode
[   19.320444] pimreg: left allmulticast mode
[   19.320764] pimreg: left allmulticast mode
[   19.321077] pimreg: left allmulticast mode
[   19.321385] pimreg: left allmulticast mode
[   19.337657] pimreg: entered allmulticast mode
[   19.371278] pimreg: entered allmulticast mode
[   19.382972] pimreg: entered allmulticast mode
[   19.401685] pimreg: entered allmulticast mode
[   19.425951] pimreg: entered allmulticast mode
[   19.449787] pimreg: entered allmulticast mode
[   19.481799] pimreg: entered allmulticast mode
[   19.501468] pimreg: entered allmulticast mode
[   19.525688] pimreg: entered allmulticast mode
[   19.546631] pimreg: left allmulticast mode
[   19.546946] pimreg: left allmulticast mode
[   19.547231] pimreg: left allmulticast mode
[   19.547546] pimreg: left allmulticast mode
[   19.547870] pimreg: left allmulticast mode
[   19.548187] pimreg: left allmulticast mode
[   19.548500] pimreg: left allmulticast mode
[   19.548820] pimreg: left allmulticast mode
[   19.549133] pimreg: left allmulticast mode
[   19.563314] pimreg: entered allmulticast mode
[   19.583944] pimreg: entered allmulticast mode
[   19.597971] pimreg: entered allmulticast mode
[   19.618132] pimreg: entered allmulticast mode
[   19.646098] pimreg: entered allmulticast mode
[   19.677684] pimreg: entered allmulticast mode
[   19.701815] pimreg: entered allmulticast mode
[   19.742096] pimreg: entered allmulticast mode
[   19.778160] pimreg: entered allmulticast mode
[   19.809858] pimreg: entered allmulticast mode
[   19.814487] pimreg: left allmulticast mode
[   19.814845] pimreg: left allmulticast mode
[   19.815147] pimreg: left allmulticast mode
[   19.815944] pimreg: left allmulticast mode
[   19.816316] pimreg: left allmulticast mode
[   19.816624] pimreg: left allmulticast mode
[   19.816941] pimreg: left allmulticast mode
[   19.817248] pimreg: left allmulticast mode
[   19.817687] pimreg: left allmulticast mode
[   19.818006] pimreg: left allmulticast mode
[   19.834427] pimreg: entered allmulticast mode
[   19.853413] pimreg: entered allmulticast mode
[   19.887255] pimreg: entered allmulticast mode
[   19.909291] pimreg: entered allmulticast mode
[   19.937597] pimreg: entered allmulticast mode
[   19.965631] pimreg: entered allmulticast mode
[   20.002009] pimreg: entered allmulticast mode
[   20.029312] pimreg: entered allmulticast mode
[   20.053744] pimreg: entered allmulticast mode
[   20.090467] pimreg: entered allmulticast mode
[   20.106780] pimreg: left allmulticast mode
[   20.107148] pimreg: left allmulticast mode
[   20.107470] pimreg: left allmulticast mode
[   20.107784] pimreg: left allmulticast mode
[   20.108098] pimreg: left allmulticast mode
[   20.108510] pimreg: left allmulticast mode
[   20.108832] pimreg: left allmulticast mode
[   20.109136] pimreg: left allmulticast mode
[   20.109446] pimreg: left allmulticast mode
[   20.109813] pimreg: left allmulticast mode
[   20.125420] pimreg: entered allmulticast mode
[   20.153188] pimreg: entered allmulticast mode
[   20.179195] pimreg: entered allmulticast mode
[   20.197920] pimreg: entered allmulticast mode
[   20.221634] pimreg: entered allmulticast mode
[   20.246027] pimreg: entered allmulticast mode
[   20.265550] pimreg: entered allmulticast mode
[   20.285662] pimreg: entered allmulticast mode
[   20.306474] pimreg: left allmulticast mode
[   20.306815] pimreg: left allmulticast mode
[   20.307128] pimreg: left allmulticast mode
[   20.307453] pimreg: left allmulticast mode
[   20.307782] pimreg: left allmulticast mode
[   20.308193] pimreg: left allmulticast mode
[   20.308913] pimreg: left allmulticast mode
[   20.309240] pimreg: left allmulticast mode
[   20.322175] pimreg: entered allmulticast mode
[   20.343208] pimreg: entered allmulticast mode
[   20.363333] pimreg: entered allmulticast mode
[   20.386535] pimreg: entered allmulticast mode
[   20.413903] pimreg: entered allmulticast mode
[   20.441226] pimreg: entered allmulticast mode
[   20.465715] pimreg: entered allmulticast mode
[   20.490359] pimreg: entered allmulticast mode
[   20.506379] pimreg: left allmulticast mode
[   20.506716] pimreg: left allmulticast mode
[   20.507036] pimreg: left allmulticast mode
[   20.507352] pimreg: left allmulticast mode
[   20.508974] pimreg: left allmulticast mode
[   20.509273] pimreg: left allmulticast mode
[   20.509601] pimreg: left allmulticast mode
[   20.509887] pimreg: left allmulticast mode
[   20.523338] pimreg: entered allmulticast mode
[   20.544995] pimreg: entered allmulticast mode
[   20.568412] pimreg: entered allmulticast mode
[   20.594344] pimreg: entered allmulticast mode
[   20.621874] pimreg: entered allmulticast mode
[   20.641840] pimreg: entered allmulticast mode
[   20.653748] pimreg: entered allmulticast mode
[   20.685457] pimreg: entered allmulticast mode
[   20.709502] pimreg: entered allmulticast mode
[   20.726485] pimreg: left allmulticast mode
[   20.726854] pimreg: left allmulticast mode
[   20.727190] pimreg: left allmulticast mode
[   20.727522] pimreg: left allmulticast mode
[   20.728641] pimreg: left allmulticast mode
[   20.728993] pimreg: left allmulticast mode
[   20.729304] pimreg: left allmulticast mode
[   20.730248] pimreg: left allmulticast mode
[   20.730629] pimreg: left allmulticast mode
[   20.745282] pimreg: entered allmulticast mode
[   20.770747] pimreg: entered allmulticast mode
[   20.796200] pimreg: entered allmulticast mode
[   20.813915] pimreg: entered allmulticast mode
[   20.841335] pimreg: entered allmulticast mode
[   20.885734] pimreg: entered allmulticast mode
[   20.913431] pimreg: entered allmulticast mode
[   20.937914] pimreg: entered allmulticast mode
[   20.958559] pimreg: entered allmulticast mode
[   20.974654] pimreg: left allmulticast mode
[   20.975400] pimreg: left allmulticast mode
[   20.975730] pimreg: left allmulticast mode
[   20.977018] pimreg: left allmulticast mode
[   20.977347] pimreg: left allmulticast mode
[   20.977721] pimreg: left allmulticast mode
[   20.978034] pimreg: left allmulticast mode
[   20.978337] pimreg: left allmulticast mode
[   20.978636] pimreg: left allmulticast mode
[   20.993307] pimreg: entered allmulticast mode
[   21.015474] pimreg: entered allmulticast mode
[   21.049599] pimreg: entered allmulticast mode
[   21.082760] pimreg: entered allmulticast mode
[   21.125691] pimreg: entered allmulticast mode
[   21.161577] pimreg: entered allmulticast mode
[   21.193746] pimreg: entered allmulticast mode
[   21.237842] pimreg: entered allmulticast mode
[   21.254431] pimreg: left allmulticast mode
[   21.254924] pimreg: left allmulticast mode
[   21.255227] pimreg: left allmulticast mode
[   21.255539] pimreg: left allmulticast mode
[   21.255866] pimreg: left allmulticast mode
[   21.256181] pimreg: left allmulticast mode
[   21.256495] pimreg: left allmulticast mode
[   21.256816] pimreg: left allmulticast mode
[   21.270837] pimreg: entered allmulticast mode
[   21.303478] pimreg: entered allmulticast mode
[   21.321958] pimreg: entered allmulticast mode
[   21.346161] pimreg: entered allmulticast mode
[   21.365745] pimreg: entered allmulticast mode
[   21.385716] pimreg: entered allmulticast mode
[   21.406036] pimreg: entered allmulticast mode
[   21.433639] pimreg: entered allmulticast mode
[   21.445800] pimreg: entered allmulticast mode
[   21.453973] pimreg: left allmulticast mode
[   21.454302] pimreg: left allmulticast mode
[   21.454614] pimreg: left allmulticast mode
[   21.454935] pimreg: left allmulticast mode
[   21.455256] pimreg: left allmulticast mode
[   21.456118] pimreg: left allmulticast mode
[   21.456446] pimreg: left allmulticast mode
[   21.456770] pimreg: left allmulticast mode
[   21.457083] pimreg: left allmulticast mode
[   21.471202] pimreg: entered allmulticast mode
[   21.493360] pimreg: entered allmulticast mode
[   21.521212] pimreg: entered allmulticast mode
[   21.558367] pimreg: entered allmulticast mode
[   21.585411] pimreg: entered allmulticast mode
[   21.613457] pimreg: entered allmulticast mode
[   21.641876] pimreg: entered allmulticast mode
[   21.663374] pimreg: left allmulticast mode
[   21.663713] pimreg: left allmulticast mode
[   21.664026] pimreg: left allmulticast mode
[   21.664334] pimreg: left allmulticast mode
[   21.664658] pimreg: left allmulticast mode
[   21.664978] pimreg: left allmulticast mode
[   21.665285] pimreg: left allmulticast mode
[   21.677378] pimreg: entered allmulticast mode
[   21.726469] pimreg: entered allmulticast mode
[   21.751350] pimreg: entered allmulticast mode
[   21.773854] pimreg: entered allmulticast mode
[   21.793766] pimreg: entered allmulticast mode
[   21.825793] pimreg: entered allmulticast mode
[   21.845667] pimreg: entered allmulticast mode
[   21.865805] pimreg: entered allmulticast mode
[   21.891364] pimreg: left allmulticast mode
[   21.891699] pimreg: left allmulticast mode
[   21.892011] pimreg: left allmulticast mode
[   21.892332] pimreg: left allmulticast mode
[   21.892664] pimreg: left allmulticast mode
[   21.892991] pimreg: left allmulticast mode
[   21.893309] pimreg: left allmulticast mode
[   21.893928] pimreg: left allmulticast mode
[   21.907342] pimreg: entered allmulticast mode
[   21.939082] pimreg: entered allmulticast mode
[   21.951238] pimreg: entered allmulticast mode
[   21.990301] pimreg: entered allmulticast mode
[   22.017473] pimreg: entered allmulticast mode
[   22.037686] pimreg: entered allmulticast mode
[   22.051686] pimreg: entered allmulticast mode
[   22.062537] pimreg: left allmulticast mode
[   22.062916] pimreg: left allmulticast mode
[   22.063229] pimreg: left allmulticast mode
[   22.063538] pimreg: left allmulticast mode
[   22.063821] pimreg: left allmulticast mode
[   22.064129] pimreg: left allmulticast mode
[   22.064417] pimreg: left allmulticast mode
[   22.077279] pimreg: entered allmulticast mode
[   22.101238] pimreg: entered allmulticast mode
[   22.135085] pimreg: entered allmulticast mode
[   22.173616] pimreg: entered allmulticast mode
[   22.201902] pimreg: entered allmulticast mode
[   22.226207] pimreg: entered allmulticast mode
[   22.257818] pimreg: entered allmulticast mode
[   22.286304] pimreg: entered allmulticast mode
[   22.310948] pimreg: left allmulticast mode
[   22.311298] pimreg: left allmulticast mode
[   22.311639] pimreg: left allmulticast mode
[   22.311959] pimreg: left allmulticast mode
[   22.312307] pimreg: left allmulticast mode
[   22.313727] pimreg: left allmulticast mode
[   22.314076] pimreg: left allmulticast mode
[   22.314390] pimreg: left allmulticast mode
[   22.327368] pimreg: entered allmulticast mode
[   22.343726] pimreg: entered allmulticast mode
[   22.361757] pimreg: entered allmulticast mode
[   22.401342] pimreg: entered allmulticast mode
[   22.438219] pimreg: entered allmulticast mode
[   22.465448] pimreg: entered allmulticast mode
[   22.493595] pimreg: entered allmulticast mode
[   22.518902] pimreg: left allmulticast mode
[   22.519240] pimreg: left allmulticast mode
[   22.519562] pimreg: left allmulticast mode
[   22.520388] pimreg: left allmulticast mode
[   22.520732] pimreg: left allmulticast mode
[   22.521044] pimreg: left allmulticast mode
[   22.521356] pimreg: left allmulticast mode
[   22.533222] pimreg: entered allmulticast mode
[   22.558748] pimreg: entered allmulticast mode
[   22.571696] pimreg: entered allmulticast mode
[   22.594091] pimreg: entered allmulticast mode
[   22.633815] pimreg: entered allmulticast mode
[   22.661412] pimreg: entered allmulticast mode
[   22.685745] pimreg: entered allmulticast mode
[   22.709987] pimreg: entered allmulticast mode
[   22.714741] pimreg: left allmulticast mode
[   22.715152] pimreg: left allmulticast mode
[   22.715468] pimreg: left allmulticast mode
[   22.715782] pimreg: left allmulticast mode
[   22.716084] pimreg: left allmulticast mode
[   22.716421] pimreg: left allmulticast mode
[   22.716745] pimreg: left allmulticast mode
[   22.717031] pimreg: left allmulticast mode
[   22.731337] pimreg: entered allmulticast mode
[   22.762666] pimreg: entered allmulticast mode
[   22.783005] pimreg: entered allmulticast mode
[   22.801881] pimreg: entered allmulticast mode
[   22.821725] pimreg: entered allmulticast mode
[   22.849897] pimreg: entered allmulticast mode
[   22.878018] pimreg: entered allmulticast mode
[   22.905398] pimreg: entered allmulticast mode
[   22.914517] pimreg: left allmulticast mode
[   22.914873] pimreg: left allmulticast mode
[   22.915190] pimreg: left allmulticast mode
[   22.915500] pimreg: left allmulticast mode
[   22.915820] pimreg: left allmulticast mode
[   22.916385] pimreg: left allmulticast mode
[   22.916710] pimreg: left allmulticast mode
[   22.916997] pimreg: left allmulticast mode
[   22.931436] pimreg: entered allmulticast mode
[   22.994233] pimreg: entered allmulticast mode
[   23.017883] pimreg: entered allmulticast mode
[   23.030545] pimreg: entered allmulticast mode
[   23.062183] pimreg: entered allmulticast mode
[   23.093693] pimreg: entered allmulticast mode
[   23.117921] pimreg: entered allmulticast mode
[   23.122285] pimreg: left allmulticast mode
[   23.122656] pimreg: left allmulticast mode
[   23.122974] pimreg: left allmulticast mode
[   23.123284] pimreg: left allmulticast mode
[   23.123593] pimreg: left allmulticast mode
[   23.124158] pimreg: left allmulticast mode
[   23.135990] pimreg: entered allmulticast mode
[   23.153740] pimreg: entered allmulticast mode
[   23.173767] pimreg: entered allmulticast mode
[   23.197366] pimreg: entered allmulticast mode
[   23.226860] pimreg: entered allmulticast mode
[   23.253640] pimreg: entered allmulticast mode
[   23.277203] pimreg: entered allmulticast mode
[   23.298465] pimreg: left allmulticast mode
[   23.298805] pimreg: left allmulticast mode
[   23.299107] pimreg: left allmulticast mode
[   23.299421] pimreg: left allmulticast mode
[   23.300207] pimreg: left allmulticast mode
[   23.300567] pimreg: left allmulticast mode
[   23.300886] pimreg: left allmulticast mode
[   23.301197] pimreg: left allmulticast mode
[   23.314494] pimreg: entered allmulticast mode
[   23.335969] pimreg: entered allmulticast mode
[   23.365217] pimreg: entered allmulticast mode
[   23.393859] pimreg: entered allmulticast mode
[   23.421717] pimreg: entered allmulticast mode
[   23.461802] pimreg: entered allmulticast mode
[   23.489490] pimreg: entered allmulticast mode
[   23.517544] pimreg: entered allmulticast mode
[   23.554386] pimreg: left allmulticast mode
[   23.554755] pimreg: left allmulticast mode
[   23.555093] pimreg: left allmulticast mode
[   23.555427] pimreg: left allmulticast mode
[   23.555774] pimreg: left allmulticast mode
[   23.556668] pimreg: left allmulticast mode
[   23.557061] pimreg: left allmulticast mode
[   23.558414] pimreg: left allmulticast mode
[   23.571738] pimreg: entered allmulticast mode
[   23.590936] pimreg: entered allmulticast mode
[   23.623827] pimreg: entered allmulticast mode
[   23.661829] pimreg: entered allmulticast mode
[   23.682254] pimreg: entered allmulticast mode
[   23.713820] pimreg: entered allmulticast mode
[   23.737803] pimreg: entered allmulticast mode
[   23.758802] pimreg: entered allmulticast mode
[   23.767265] pimreg: left allmulticast mode
[   23.767639] pimreg: left allmulticast mode
[   23.767978] pimreg: left allmulticast mode
[   23.768307] pimreg: left allmulticast mode
[   23.768649] pimreg: left allmulticast mode
[   23.769215] pimreg: left allmulticast mode
[   23.769571] pimreg: left allmulticast mode
[   23.769857] pimreg: left allmulticast mode
[   23.784761] pimreg: entered allmulticast mode
[   23.806166] pimreg: entered allmulticast mode
[   23.819808] pimreg: entered allmulticast mode
[   23.838746] pimreg: entered allmulticast mode
[   23.865198] pimreg: entered allmulticast mode
[   23.898343] pimreg: entered allmulticast mode
[   23.917553] pimreg: entered allmulticast mode
[   23.945811] pimreg: entered allmulticast mode
[   23.973748] pimreg: entered allmulticast mode
[   24.006461] pimreg: left allmulticast mode
[   24.006815] pimreg: left allmulticast mode
[   24.007133] pimreg: left allmulticast mode
[   24.007443] pimreg: left allmulticast mode
[   24.009373] pimreg: left allmulticast mode
[   24.010082] pimreg: left allmulticast mode
[   24.010405] pimreg: left allmulticast mode
[   24.010721] pimreg: left allmulticast mode
[   24.011043] pimreg: left allmulticast mode
[   24.025508] pimreg: entered allmulticast mode
[   24.075266] pimreg: entered allmulticast mode
[   24.095395] pimreg: entered allmulticast mode
[   24.118003] pimreg: entered allmulticast mode
[   24.145684] pimreg: entered allmulticast mode
[   24.169714] pimreg: entered allmulticast mode
[   24.201767] pimreg: entered allmulticast mode
[   24.222179] pimreg: entered allmulticast mode
[   24.241681] pimreg: entered allmulticast mode
[   24.266675] pimreg: left allmulticast mode
[   24.267006] pimreg: left allmulticast mode
[   24.267340] pimreg: left allmulticast mode
[   24.267681] pimreg: left allmulticast mode
[   24.268016] pimreg: left allmulticast mode
[   24.268417] pimreg: left allmulticast mode
[   24.268739] pimreg: left allmulticast mode
[   24.269044] pimreg: left allmulticast mode
[   24.269354] pimreg: left allmulticast mode
[   24.283977] pimreg: entered allmulticast mode
[   24.309255] pimreg: entered allmulticast mode
[   24.340610] pimreg: entered allmulticast mode
[   24.366371] pimreg: entered allmulticast mode
[   24.385845] pimreg: entered allmulticast mode
[   24.414087] pimreg: entered allmulticast mode
[   24.441801] pimreg: entered allmulticast mode
[   24.461741] pimreg: entered allmulticast mode
[   24.482663] pimreg: entered allmulticast mode
[   24.510637] pimreg: left allmulticast mode
[   24.511024] pimreg: left allmulticast mode
[   24.511349] pimreg: left allmulticast mode
[   24.511687] pimreg: left allmulticast mode
[   24.512100] pimreg: left allmulticast mode
[   24.512411] pimreg: left allmulticast mode
[   24.512717] pimreg: left allmulticast mode
[   24.513022] pimreg: left allmulticast mode
[   24.513329] pimreg: left allmulticast mode
[   24.527773] pimreg: entered allmulticast mode
[   24.558921] pimreg: entered allmulticast mode
[   24.587099] pimreg: entered allmulticast mode
[   24.621704] pimreg: entered allmulticast mode
[   24.642020] pimreg: entered allmulticast mode
[   24.661776] pimreg: entered allmulticast mode
[   24.673429] pimreg: entered allmulticast mode
[   24.706436] pimreg: entered allmulticast mode
[   24.737794] pimreg: entered allmulticast mode
[   24.742919] pimreg: left allmulticast mode
[   24.743336] pimreg: left allmulticast mode
[   24.743709] pimreg: left allmulticast mode
[   24.744026] pimreg: left allmulticast mode
[   24.744375] pimreg: left allmulticast mode
[   24.744691] pimreg: left allmulticast mode
[   24.744990] pimreg: left allmulticast mode
[   24.745292] pimreg: left allmulticast mode
[   24.745931] pimreg: left allmulticast mode
[   24.761242] pimreg: entered allmulticast mode
[   24.791684] pimreg: entered allmulticast mode
[   24.809393] pimreg: entered allmulticast mode
[   24.821513] pimreg: entered allmulticast mode
[   24.857378] pimreg: entered allmulticast mode
[   24.877783] pimreg: entered allmulticast mode
[   24.901818] pimreg: entered allmulticast mode
[   24.929696] pimreg: entered allmulticast mode
[   24.954433] pimreg: left allmulticast mode
[   24.954771] pimreg: left allmulticast mode
[   24.955047] pimreg: left allmulticast mode
[   24.955319] pimreg: left allmulticast mode
[   24.955651] pimreg: left allmulticast mode
[   24.955985] pimreg: left allmulticast mode
[   24.956301] pimreg: left allmulticast mode
[   24.957018] pimreg: left allmulticast mode
[   24.970270] pimreg: entered allmulticast mode
[   24.991288] pimreg: entered allmulticast mode
[   25.005131] pimreg: entered allmulticast mode
[   25.029817] pimreg: entered allmulticast mode
[   25.054630] pimreg: entered allmulticast mode
[   25.081855] pimreg: entered allmulticast mode
[   25.101458] pimreg: entered allmulticast mode
[   25.126639] pimreg: entered allmulticast mode
[   25.142375] pimreg: left allmulticast mode
[   25.142713] pimreg: left allmulticast mode
[   25.143024] pimreg: left allmulticast mode
[   25.143317] pimreg: left allmulticast mode
[   25.144235] pimreg: left allmulticast mode
[   25.144508] pimreg: left allmulticast mode
[   25.144792] pimreg: left allmulticast mode
[   25.145081] pimreg: left allmulticast mode
[   25.158190] pimreg: entered allmulticast mode
[   25.180795] pimreg: entered allmulticast mode
[   25.204404] pimreg: entered allmulticast mode
[   25.234091] pimreg: entered allmulticast mode
[   25.261609] pimreg: entered allmulticast mode
[   25.277676] pimreg: entered allmulticast mode
[   25.302308] pimreg: entered allmulticast mode
[   25.321865] pimreg: entered allmulticast mode
[   25.353758] pimreg: entered allmulticast mode
[   25.358633] pimreg: left allmulticast mode
[   25.358949] pimreg: left allmulticast mode
[   25.359225] pimreg: left allmulticast mode
[   25.359516] pimreg: left allmulticast mode
[   25.359836] pimreg: left allmulticast mode
[   25.360144] pimreg: left allmulticast mode
[   25.360448] pimreg: left allmulticast mode
[   25.360763] pimreg: left allmulticast mode
[   25.377081] pimreg: entered allmulticast mode
[   25.415439] pimreg: entered allmulticast mode
[   25.432335] pimreg: entered allmulticast mode
[   25.450271] pimreg: entered allmulticast mode
[   25.489633] pimreg: entered allmulticast mode
[   25.529867] pimreg: entered allmulticast mode
[   25.557569] pimreg: entered allmulticast mode
[   25.597543] pimreg: entered allmulticast mode
[   25.633785] pimreg: entered allmulticast mode
[   25.639321] pimreg: left allmulticast mode
[   25.639670] pimreg: left allmulticast mode
[   25.639983] pimreg: left allmulticast mode
[   25.640293] pimreg: left allmulticast mode
[   25.640612] pimreg: left allmulticast mode
[   25.640913] pimreg: left allmulticast mode
[   25.641220] pimreg: left allmulticast mode
[   25.641576] pimreg: left allmulticast mode
[   25.641877] pimreg: left allmulticast mode
[   25.661241] pimreg: entered allmulticast mode
[   25.688534] pimreg: entered allmulticast mode
[   25.707010] pimreg: entered allmulticast mode
[   25.725585] pimreg: entered allmulticast mode
[   25.750093] pimreg: entered allmulticast mode
[   25.777785] pimreg: entered allmulticast mode
[   25.797866] pimreg: entered allmulticast mode
[   25.817650] pimreg: entered allmulticast mode
[   25.842226] pimreg: entered allmulticast mode
[   25.862207] pimreg: entered allmulticast mode
[   25.866594] pimreg: left allmulticast mode
[   25.866914] pimreg: left allmulticast mode
[   25.867224] pimreg: left allmulticast mode
[   25.867535] pimreg: left allmulticast mode
[   25.867848] pimreg: left allmulticast mode
[   25.868150] pimreg: left allmulticast mode
[   25.868456] pimreg: left allmulticast mode
[   25.868765] pimreg: left allmulticast mode
[   25.869072] pimreg: left allmulticast mode
[   25.869375] pimreg: left allmulticast mode
[   25.886711] pimreg: entered allmulticast mode
[   25.920052] pimreg: entered allmulticast mode
[   25.931186] pimreg: entered allmulticast mode
[   25.953820] pimreg: entered allmulticast mode
[   25.977788] pimreg: entered allmulticast mode
[   26.001773] pimreg: entered allmulticast mode
[   26.025556] pimreg: entered allmulticast mode
[   26.049862] pimreg: entered allmulticast mode
[   26.077757] pimreg: entered allmulticast mode
[   26.101693] pimreg: entered allmulticast mode
[   26.114745] pimreg: left allmulticast mode
[   26.115074] pimreg: left allmulticast mode
[   26.115354] pimreg: left allmulticast mode
[   26.115632] pimreg: left allmulticast mode
[   26.115908] pimreg: left allmulticast mode
[   26.116180] pimreg: left allmulticast mode
[   26.116449] pimreg: left allmulticast mode
[   26.116727] pimreg: left allmulticast mode
[   26.117005] pimreg: left allmulticast mode
[   26.117311] pimreg: left allmulticast mode
[   26.117640] pimreg: left allmulticast mode
[   26.135544] pimreg: entered allmulticast mode
[   26.169265] pimreg: entered allmulticast mode
[   26.183596] pimreg: entered allmulticast mode
[   26.202525] pimreg: entered allmulticast mode
[   26.213139] pimreg: entered allmulticast mode
[   26.237895] pimreg: entered allmulticast mode
[   26.258055] pimreg: entered allmulticast mode
[   26.281345] pimreg: entered allmulticast mode
[   26.305810] pimreg: entered allmulticast mode
[   26.329688] pimreg: entered allmulticast mode
[   26.349615] pimreg: entered allmulticast mode
[   26.354773] pimreg: left allmulticast mode
[   26.355112] pimreg: left allmulticast mode
[   26.355425] pimreg: left allmulticast mode
[   26.355752] pimreg: left allmulticast mode
[   26.356058] pimreg: left allmulticast mode
[   26.356361] pimreg: left allmulticast mode
[   26.356673] pimreg: left allmulticast mode
[   26.356982] pimreg: left allmulticast mode
[   26.357286] pimreg: left allmulticast mode
[   26.357629] pimreg: left allmulticast mode
[   26.374998] pimreg: entered allmulticast mode
[   26.409060] pimreg: entered allmulticast mode
[   26.432273] pimreg: entered allmulticast mode
[   26.454542] pimreg: entered allmulticast mode
[   26.478573] pimreg: entered allmulticast mode
[   26.497763] pimreg: entered allmulticast mode
[   26.517596] pimreg: entered allmulticast mode
[   26.538123] pimreg: entered allmulticast mode
[   26.561843] pimreg: entered allmulticast mode
[   26.582576] pimreg: left allmulticast mode
[   26.582884] pimreg: left allmulticast mode
[   26.583198] pimreg: left allmulticast mode
[   26.583510] pimreg: left allmulticast mode
[   26.583816] pimreg: left allmulticast mode
[   26.584212] pimreg: left allmulticast mode
[   26.584529] pimreg: left allmulticast mode
[   26.584826] pimreg: left allmulticast mode
[   26.585132] pimreg: left allmulticast mode
[   26.585438] pimreg: left allmulticast mode
[   26.585809] pimreg: left allmulticast mode
[   26.602710] pimreg: entered allmulticast mode
[   26.637314] pimreg: entered allmulticast mode
[   26.662845] pimreg: entered allmulticast mode
[   26.681487] pimreg: entered allmulticast mode
[   26.693328] pimreg: entered allmulticast mode
[   26.717545] pimreg: entered allmulticast mode
[   26.741650] pimreg: entered allmulticast mode
[   26.765719] pimreg: entered allmulticast mode
[   26.797586] pimreg: entered allmulticast mode
[   26.822348] pimreg: entered allmulticast mode
[   26.831095] pimreg: left allmulticast mode
[   26.831418] pimreg: left allmulticast mode
[   26.831739] pimreg: left allmulticast mode
[   26.832040] pimreg: left allmulticast mode
[   26.832355] pimreg: left allmulticast mode
[   26.832679] pimreg: left allmulticast mode
[   26.832982] pimreg: left allmulticast mode
[   26.833285] pimreg: left allmulticast mode
[   26.833629] pimreg: left allmulticast mode
[   26.848201] pimreg: entered allmulticast mode
[   26.867754] pimreg: entered allmulticast mode
[   26.878117] pimreg: entered allmulticast mode
[   26.896164] pimreg: entered allmulticast mode
[   26.914045] pimreg: entered allmulticast mode
[   26.937742] pimreg: entered allmulticast mode
[   26.958364] pimreg: entered allmulticast mode
[   26.974719] pimreg: left allmulticast mode
[   26.975053] pimreg: left allmulticast mode
[   26.975378] pimreg: left allmulticast mode
[   26.975704] pimreg: left allmulticast mode
[   26.976029] pimreg: left allmulticast mode
[   26.976332] pimreg: left allmulticast mode
[   26.976635] pimreg: left allmulticast mode
[   26.988561] pimreg: entered allmulticast mode
[   27.014931] pimreg: entered allmulticast mode
[   27.038690] pimreg: entered allmulticast mode
[   27.061959] pimreg: entered allmulticast mode
[   27.086234] pimreg: entered allmulticast mode
[   27.101515] pimreg: entered allmulticast mode
[   27.121774] pimreg: entered allmulticast mode
[   27.141928] pimreg: entered allmulticast mode
[   27.162980] pimreg: left allmulticast mode
[   27.163310] pimreg: left allmulticast mode
[   27.163629] pimreg: left allmulticast mode
[   27.163942] pimreg: left allmulticast mode
[   27.164246] pimreg: left allmulticast mode
[   27.164574] pimreg: left allmulticast mode
[   27.164875] pimreg: left allmulticast mode
[   27.165179] pimreg: left allmulticast mode
[   27.178496] pimreg: entered allmulticast mode
[   27.200482] pimreg: entered allmulticast mode
[   27.224836] pimreg: entered allmulticast mode
[   27.249889] pimreg: entered allmulticast mode
[   27.269601] pimreg: entered allmulticast mode
[   27.293491] pimreg: entered allmulticast mode
[   27.321550] pimreg: entered allmulticast mode
[   27.345598] pimreg: entered allmulticast mode
[   27.369560] pimreg: entered allmulticast mode
[   27.374915] pimreg: left allmulticast mode
[   27.375232] pimreg: left allmulticast mode
[   27.375550] pimreg: left allmulticast mode
[   27.375857] pimreg: left allmulticast mode
[   27.376162] pimreg: left allmulticast mode
[   27.376488] pimreg: left allmulticast mode
[   27.376787] pimreg: left allmulticast mode
[   27.377088] pimreg: left allmulticast mode
[   27.377396] pimreg: left allmulticast mode
[   27.392304] pimreg: entered allmulticast mode
[   27.414147] pimreg: entered allmulticast mode
[   27.438999] pimreg: entered allmulticast mode
[   27.457773] pimreg: entered allmulticast mode
[   27.481588] pimreg: entered allmulticast mode
[   27.505429] pimreg: entered allmulticast mode
[   27.533506] pimreg: entered allmulticast mode
[   27.557576] pimreg: entered allmulticast mode
[   27.581697] pimreg: entered allmulticast mode
[   27.605706] pimreg: entered allmulticast mode
[   27.611586] pimreg: left allmulticast mode
[   27.611919] pimreg: left allmulticast mode
[   27.612231] pimreg: left allmulticast mode
[   27.612554] pimreg: left allmulticast mode
[   27.612861] pimreg: left allmulticast mode
[   27.613170] pimreg: left allmulticast mode
[   27.613486] pimreg: left allmulticast mode
[   27.613837] pimreg: left allmulticast mode
[   27.614148] pimreg: left allmulticast mode
[   27.638051] pimreg: entered allmulticast mode
[   27.665910] pimreg: entered allmulticast mode
[   27.685965] pimreg: entered allmulticast mode
[   27.713997] pimreg: entered allmulticast mode
[   27.734294] pimreg: left allmulticast mode
[   27.734635] pimreg: left allmulticast mode
[   27.734945] pimreg: left allmulticast mode
[   27.735256] pimreg: left allmulticast mode
[   27.735565] pimreg: left allmulticast mode
[   27.745339] pimreg: entered allmulticast mode
[   27.765448] pimreg: entered allmulticast mode
[   27.792366] pimreg: entered allmulticast mode
[   27.817804] pimreg: entered allmulticast mode
[   27.842005] pimreg: entered allmulticast mode
[   27.865488] pimreg: entered allmulticast mode
[   27.889564] pimreg: entered allmulticast mode
[   27.898838] pimreg: left allmulticast mode
[   27.899372] pimreg: left allmulticast mode
[   27.899704] pimreg: left allmulticast mode
[   27.900013] pimreg: left allmulticast mode
[   27.900319] pimreg: left allmulticast mode
[   27.900630] pimreg: left allmulticast mode
[   27.913020] pimreg: entered allmulticast mode
[   27.939987] pimreg: entered allmulticast mode
[   27.958837] pimreg: entered allmulticast mode
[   27.981979] pimreg: entered allmulticast mode
[   28.002094] pimreg: entered allmulticast mode
[   28.021551] pimreg: entered allmulticast mode
[   28.046106] pimreg: entered allmulticast mode
[   28.062279] pimreg: left allmulticast mode
[   28.062943] pimreg: left allmulticast mode
[   28.063255] pimreg: left allmulticast mode
[   28.063586] pimreg: left allmulticast mode
[   28.063912] pimreg: left allmulticast mode
[   28.064229] pimreg: left allmulticast mode
[   28.064547] pimreg: left allmulticast mode
[   28.064855] pimreg: left allmulticast mode
[   28.078163] pimreg: entered allmulticast mode
[   28.101497] pimreg: entered allmulticast mode
[   28.127952] pimreg: entered allmulticast mode
[   28.149867] pimreg: entered allmulticast mode
[   28.167008] pimreg: entered allmulticast mode
[   28.170982] pimreg: left allmulticast mode
[   28.171329] pimreg: left allmulticast mode
[   28.171648] pimreg: left allmulticast mode
[   28.171948] pimreg: left allmulticast mode
[   28.172249] pimreg: left allmulticast mode
[   28.185801] pimreg: entered allmulticast mode
[   28.215435] pimreg: entered allmulticast mode
[   28.230866] pimreg: entered allmulticast mode
[   28.253629] pimreg: entered allmulticast mode
[   28.277633] pimreg: entered allmulticast mode
[   28.309237] pimreg: entered allmulticast mode
[   28.318457] pimreg: left allmulticast mode
[   28.318783] pimreg: left allmulticast mode
[   28.319088] pimreg: left allmulticast mode
[   28.319390] pimreg: left allmulticast mode
[   28.319704] pimreg: left allmulticast mode
[   28.330363] pimreg: entered allmulticast mode
[   28.359565] pimreg: entered allmulticast mode
[   28.383461] pimreg: entered allmulticast mode
[   28.405473] pimreg: entered allmulticast mode
[   28.429664] pimreg: entered allmulticast mode
[   28.453589] pimreg: entered allmulticast mode
[   28.478451] pimreg: left allmulticast mode
[   28.478748] pimreg: left allmulticast mode
[   28.479015] pimreg: left allmulticast mode
[   28.479281] pimreg: left allmulticast mode
[   28.479668] pimreg: left allmulticast mode
[   28.479973] pimreg: left allmulticast mode
[   28.480279] pimreg: left allmulticast mode
[   28.491816] pimreg: entered allmulticast mode
[   28.509958] pimreg: entered allmulticast mode
[   28.533983] pimreg: entered allmulticast mode
[   28.546408] pimreg: entered allmulticast mode
[   28.569682] pimreg: entered allmulticast mode
[   28.586348] pimreg: left allmulticast mode
[   28.586687] pimreg: left allmulticast mode
[   28.586996] pimreg: left allmulticast mode
[   28.587293] pimreg: left allmulticast mode
[   28.587857] pimreg: left allmulticast mode
[   28.598096] pimreg: entered allmulticast mode
[   28.621710] pimreg: entered allmulticast mode
[   28.645398] pimreg: entered allmulticast mode
[   28.658458] pimreg: entered allmulticast mode
[   28.681582] pimreg: entered allmulticast mode
[   28.702037] pimreg: left allmulticast mode
[   28.702359] pimreg: left allmulticast mode
[   28.702682] pimreg: left allmulticast mode
[   28.702989] pimreg: left allmulticast mode
[   28.703303] pimreg: left allmulticast mode
[   28.712986] pimreg: entered allmulticast mode
[   28.737832] pimreg: entered allmulticast mode
[   28.747972] pimreg: entered allmulticast mode
[   28.758485] pimreg: entered allmulticast mode
[   28.781635] pimreg: entered allmulticast mode
[   28.809774] pimreg: entered allmulticast mode
[   28.833629] pimreg: entered allmulticast mode
[   28.854506] pimreg: left allmulticast mode
[   28.854803] pimreg: left allmulticast mode
[   28.855073] pimreg: left allmulticast mode
[   28.855347] pimreg: left allmulticast mode
[   28.855663] pimreg: left allmulticast mode
[   28.855973] pimreg: left allmulticast mode
[   28.856268] pimreg: left allmulticast mode
[   28.867840] pimreg: entered allmulticast mode
[   28.885997] pimreg: entered allmulticast mode
[   28.914083] pimreg: entered allmulticast mode
[   28.938112] pimreg: entered allmulticast mode
[   28.961773] pimreg: entered allmulticast mode
[   28.985797] pimreg: entered allmulticast mode
[   29.009267] pimreg: entered allmulticast mode
[   29.026599] pimreg: left allmulticast mode
[   29.026895] pimreg: left allmulticast mode
[   29.027172] pimreg: left allmulticast mode
[   29.027464] pimreg: left allmulticast mode
[   29.027748] pimreg: left allmulticast mode
[   29.028018] pimreg: left allmulticast mode
[   29.028316] pimreg: left allmulticast mode
[   29.041009] pimreg: entered allmulticast mode
[   29.066118] pimreg: entered allmulticast mode
[   29.092342] pimreg: entered allmulticast mode
[   29.109563] pimreg: entered allmulticast mode
[   29.129281] pimreg: entered allmulticast mode
[   29.149832] pimreg: entered allmulticast mode
[   29.173861] pimreg: entered allmulticast mode
[   29.201565] pimreg: entered allmulticast mode
[   29.206640] pimreg: left allmulticast mode
[   29.206983] pimreg: left allmulticast mode
[   29.207293] pimreg: left allmulticast mode
[   29.207999] pimreg: left allmulticast mode
[   29.208603] pimreg: left allmulticast mode
[   29.209242] pimreg: left allmulticast mode
[   29.209843] pimreg: left allmulticast mode
[   29.210169] pimreg: left allmulticast mode
[   29.223482] pimreg: entered allmulticast mode
[   29.259328] pimreg: entered allmulticast mode
[   29.283683] pimreg: entered allmulticast mode
[   29.309654] pimreg: entered allmulticast mode
[   29.333619] pimreg: entered allmulticast mode
[   29.357142] pimreg: entered allmulticast mode
[   29.381556] pimreg: entered allmulticast mode
[   29.405667] pimreg: entered allmulticast mode
[   29.425680] pimreg: entered allmulticast mode
[   29.431322] pimreg: left allmulticast mode
[   29.431981] pimreg: left allmulticast mode
[   29.432300] pimreg: left allmulticast mode
[   29.432611] pimreg: left allmulticast mode
[   29.432914] pimreg: left allmulticast mode
[   29.433198] pimreg: left allmulticast mode
[   29.433486] pimreg: left allmulticast mode
[   29.433805] pimreg: left allmulticast mode
[   29.449983] pimreg: entered allmulticast mode
[   29.479076] pimreg: entered allmulticast mode
[   29.491135] pimreg: entered allmulticast mode
[   29.509482] pimreg: entered allmulticast mode
[   29.521176] pimreg: entered allmulticast mode
[   29.545607] pimreg: entered allmulticast mode
[   29.585704] pimreg: entered allmulticast mode
[   29.609557] pimreg: entered allmulticast mode
[   29.615269] pimreg: left allmulticast mode
[   29.615843] pimreg: left allmulticast mode
[   29.616158] pimreg: left allmulticast mode
[   29.616472] pimreg: left allmulticast mode
[   29.616782] pimreg: left allmulticast mode
[   29.617094] pimreg: left allmulticast mode
[   29.617413] pimreg: left allmulticast mode
[   29.617764] pimreg: left allmulticast mode
[   29.637697] pimreg: entered allmulticast mode
[   29.661358] pimreg: entered allmulticast mode
[   29.684153] pimreg: entered allmulticast mode
[   29.702341] pimreg: entered allmulticast mode
[   29.717762] pimreg: entered allmulticast mode
[   29.737562] pimreg: entered allmulticast mode
[   29.761669] pimreg: entered allmulticast mode
[   29.785562] pimreg: entered allmulticast mode
[   29.805808] pimreg: entered allmulticast mode
[   29.818441] pimreg: left allmulticast mode
[   29.818980] pimreg: left allmulticast mode
[   29.819262] pimreg: left allmulticast mode
[   29.819549] pimreg: left allmulticast mode
[   29.819824] pimreg: left allmulticast mode
[   29.820096] pimreg: left allmulticast mode
[   29.820408] pimreg: left allmulticast mode
[   29.820703] pimreg: left allmulticast mode
[   29.821004] pimreg: left allmulticast mode
[   29.821304] pimreg: left allmulticast mode
[   29.837804] pimreg: entered allmulticast mode
[   29.876889] pimreg: entered allmulticast mode
[   29.899094] pimreg: entered allmulticast mode
[   29.917559] pimreg: entered allmulticast mode
[   29.942072] pimreg: entered allmulticast mode
[   29.961606] pimreg: entered allmulticast mode
[   29.985622] pimreg: entered allmulticast mode
[   30.009742] pimreg: entered allmulticast mode
[   30.041495] pimreg: entered allmulticast mode
[   30.065977] pimreg: entered allmulticast mode
[   30.075377] pimreg: left allmulticast mode
[   30.075855] pimreg: left allmulticast mode
[   30.076170] pimreg: left allmulticast mode
[   30.076490] pimreg: left allmulticast mode
[   30.076799] pimreg: left allmulticast mode
[   30.077093] pimreg: left allmulticast mode
[   30.077406] pimreg: left allmulticast mode
[   30.077752] pimreg: left allmulticast mode
[   30.078058] pimreg: left allmulticast mode
[   30.078369] pimreg: left allmulticast mode
[   30.094704] pimreg: entered allmulticast mode
[   30.128709] pimreg: entered allmulticast mode
[   30.154168] pimreg: entered allmulticast mode
[   30.178343] pimreg: entered allmulticast mode
[   30.201584] pimreg: entered allmulticast mode
[   30.225713] pimreg: entered allmulticast mode
[   30.249909] pimreg: entered allmulticast mode
[   30.281712] pimreg: entered allmulticast mode
[   30.305501] pimreg: entered allmulticast mode
[   30.329649] pimreg: entered allmulticast mode
[   30.335816] pimreg: left allmulticast mode
[   30.336230] pimreg: left allmulticast mode
[   30.336914] pimreg: left allmulticast mode
[   30.337261] pimreg: left allmulticast mode
[   30.337927] pimreg: left allmulticast mode
[   30.338183] pimreg: left allmulticast mode
[   30.338435] pimreg: left allmulticast mode
[   30.338719] pimreg: left allmulticast mode
[   30.339001] pimreg: left allmulticast mode
[   30.339592] pimreg: left allmulticast mode
[   30.355472] pimreg: entered allmulticast mode
[   30.380842] pimreg: entered allmulticast mode
[   30.409136] pimreg: entered allmulticast mode
[   30.434294] pimreg: entered allmulticast mode
[   30.453332] pimreg: entered allmulticast mode
[   30.465277] pimreg: entered allmulticast mode
[   30.489697] pimreg: entered allmulticast mode
[   30.510832] pimreg: entered allmulticast mode
[   30.520763] pimreg: left allmulticast mode
[   30.521077] pimreg: left allmulticast mode
[   30.521399] pimreg: left allmulticast mode
[   30.521751] pimreg: left allmulticast mode
[   30.522079] pimreg: left allmulticast mode
[   30.522393] pimreg: left allmulticast mode
[   30.522696] pimreg: left allmulticast mode
[   30.522996] pimreg: left allmulticast mode
[   30.537200] pimreg: entered allmulticast mode
[   30.563922] pimreg: entered allmulticast mode
[   30.574458] pimreg: entered allmulticast mode
[   30.593742] pimreg: entered allmulticast mode
[   30.605830] pimreg: entered allmulticast mode
[   30.629605] pimreg: entered allmulticast mode
[   30.653869] pimreg: entered allmulticast mode
[   30.674647] pimreg: left allmulticast mode
[   30.674968] pimreg: left allmulticast mode
[   30.675274] pimreg: left allmulticast mode
[   30.675592] pimreg: left allmulticast mode
[   30.675906] pimreg: left allmulticast mode
[   30.676760] pimreg: left allmulticast mode
[   30.677103] pimreg: left allmulticast mode
[   30.689383] pimreg: entered allmulticast mode
[   30.714833] pimreg: entered allmulticast mode
[   30.734075] pimreg: entered allmulticast mode
[   30.753915] pimreg: entered allmulticast mode
[   30.777761] pimreg: entered allmulticast mode
[   30.797567] pimreg: entered allmulticast mode
[   30.817455] pimreg: entered allmulticast mode
[   30.841450] pimreg: entered allmulticast mode
[   30.862744] pimreg: left allmulticast mode
[   30.863090] pimreg: left allmulticast mode
[   30.863373] pimreg: left allmulticast mode
[   30.863652] pimreg: left allmulticast mode
[   30.863941] pimreg: left allmulticast mode
[   30.864231] pimreg: left allmulticast mode
[   30.864546] pimreg: left allmulticast mode
[   30.864854] pimreg: left allmulticast mode
[   30.877993] pimreg: entered allmulticast mode
[   30.899371] pimreg: entered allmulticast mode
[   30.913202] pimreg: entered allmulticast mode
[   30.941450] pimreg: entered allmulticast mode
[   30.965548] pimreg: entered allmulticast mode
[   30.989584] pimreg: entered allmulticast mode
[   31.013718] pimreg: entered allmulticast mode
[   31.041605] pimreg: entered allmulticast mode
[   31.047229] pimreg: left allmulticast mode
[   31.047693] pimreg: left allmulticast mode
[   31.048004] pimreg: left allmulticast mode
[   31.048312] pimreg: left allmulticast mode
[   31.048617] pimreg: left allmulticast mode
[   31.048918] pimreg: left allmulticast mode
[   31.049213] pimreg: left allmulticast mode
[   31.065314] pimreg: entered allmulticast mode
[   31.084731] pimreg: entered allmulticast mode
[   31.105985] pimreg: entered allmulticast mode
[   31.129555] pimreg: entered allmulticast mode
[   31.153416] pimreg: entered allmulticast mode
[   31.181658] pimreg: entered allmulticast mode
[   31.209774] pimreg: entered allmulticast mode
[   31.233476] pimreg: entered allmulticast mode
[   31.239126] pimreg: left allmulticast mode
[   31.239631] pimreg: left allmulticast mode
[   31.239947] pimreg: left allmulticast mode
[   31.240256] pimreg: left allmulticast mode
[   31.240562] pimreg: left allmulticast mode
[   31.240864] pimreg: left allmulticast mode
[   31.241168] pimreg: left allmulticast mode
[   31.241480] pimreg: left allmulticast mode
[   31.261794] pimreg: entered allmulticast mode
[   31.285275] pimreg: entered allmulticast mode
[   31.313650] pimreg: entered allmulticast mode
[   31.341786] pimreg: entered allmulticast mode
[   31.365517] pimreg: entered allmulticast mode
[   31.389549] pimreg: entered allmulticast mode
[   31.413486] pimreg: entered allmulticast mode
[   31.441709] pimreg: entered allmulticast mode
[   31.462331] pimreg: left allmulticast mode
[   31.462658] pimreg: left allmulticast mode
[   31.462961] pimreg: left allmulticast mode
[   31.463284] pimreg: left allmulticast mode
[   31.463606] pimreg: left allmulticast mode
[   31.463927] pimreg: left allmulticast mode
[   31.464234] pimreg: left allmulticast mode
[   31.465031] pimreg: left allmulticast mode
[   31.465413] pimreg: left allmulticast mode
[   31.479657] pimreg: entered allmulticast mode
[   31.504888] pimreg: entered allmulticast mode
[   31.530116] pimreg: entered allmulticast mode
[   31.541883] pimreg: entered allmulticast mode
[   31.570042] pimreg: entered allmulticast mode
[   31.589115] pimreg: entered allmulticast mode
[   31.613303] pimreg: entered allmulticast mode
[   31.630462] pimreg: left allmulticast mode
[   31.630780] pimreg: left allmulticast mode
[   31.631085] pimreg: left allmulticast mode
[   31.631390] pimreg: left allmulticast mode
[   31.631702] pimreg: left allmulticast mode
[   31.632269] pimreg: left allmulticast mode
[   31.632615] pimreg: left allmulticast mode
[   31.645782] pimreg: entered allmulticast mode
[   31.670569] pimreg: entered allmulticast mode
[   31.697712] pimreg: entered allmulticast mode
[   31.709900] pimreg: entered allmulticast mode
[   31.733945] pimreg: entered allmulticast mode
[   31.753336] pimreg: entered allmulticast mode
[   31.777607] pimreg: entered allmulticast mode
[   31.798229] pimreg: left allmulticast mode
[   31.798851] pimreg: left allmulticast mode
[   31.799140] pimreg: left allmulticast mode
[   31.799473] pimreg: left allmulticast mode
[   31.800827] pimreg: left allmulticast mode
[   31.801144] pimreg: left allmulticast mode
[   31.801470] pimreg: left allmulticast mode
[   31.813508] pimreg: entered allmulticast mode
[   31.835361] pimreg: entered allmulticast mode
[   31.858183] pimreg: entered allmulticast mode
[   31.877766] pimreg: entered allmulticast mode
[   31.897676] pimreg: entered allmulticast mode
[   31.921730] pimreg: entered allmulticast mode
[   31.941810] pimreg: entered allmulticast mode
[   31.961663] pimreg: entered allmulticast mode
[   31.962844] pimreg: left allmulticast mode
[   31.963146] pimreg: left allmulticast mode
[   31.963399] pimreg: left allmulticast mode
[   31.963645] pimreg: left allmulticast mode
[   31.963937] pimreg: left allmulticast mode
[   31.964217] pimreg: left allmulticast mode
[   31.964509] pimreg: left allmulticast mode
[   31.985933] pimreg: entered allmulticast mode
[   32.012526] pimreg: entered allmulticast mode
[   32.025006] pimreg: entered allmulticast mode
[   32.045645] pimreg: entered allmulticast mode
[   32.073493] pimreg: entered allmulticast mode
[   32.093591] pimreg: entered allmulticast mode
[   32.121322] pimreg: entered allmulticast mode
[   32.141769] pimreg: entered allmulticast mode
[   32.149978] pimreg: left allmulticast mode
[   32.150285] pimreg: left allmulticast mode
[   32.150537] pimreg: left allmulticast mode
[   32.150781] pimreg: left allmulticast mode
[   32.151043] pimreg: left allmulticast mode
[   32.151313] pimreg: left allmulticast mode
[   32.151752] pimreg: left allmulticast mode
[   32.152277] pimreg: left allmulticast mode
[   32.152546] pimreg: left allmulticast mode
[   32.152839] pimreg: left allmulticast mode
[   32.167911] pimreg: entered allmulticast mode
[   32.194556] pimreg: entered allmulticast mode
[   32.216181] pimreg: entered allmulticast mode
[   32.234300] pimreg: entered allmulticast mode
[   32.265899] pimreg: entered allmulticast mode
[   32.285858] pimreg: entered allmulticast mode
[   32.302649] pimreg: left allmulticast mode
[   32.302928] pimreg: left allmulticast mode
[   32.303187] pimreg: left allmulticast mode
[   32.303483] pimreg: left allmulticast mode
[   32.303776] pimreg: left allmulticast mode
[   32.313197] pimreg: entered allmulticast mode
[   32.331070] pimreg: entered allmulticast mode
[   32.342467] pimreg: entered allmulticast mode
[   32.365663] pimreg: entered allmulticast mode
[   32.385681] pimreg: entered allmulticast mode
[   32.413627] pimreg: entered allmulticast mode
[   32.438151] pimreg: left allmulticast mode
[   32.438523] pimreg: left allmulticast mode
[   32.438854] pimreg: left allmulticast mode
[   32.439185] pimreg: left allmulticast mode
[   32.439701] pimreg: left allmulticast mode
[   32.440031] pimreg: left allmulticast mode
[   32.451331] pimreg: entered allmulticast mode
[   32.484912] pimreg: entered allmulticast mode
[   32.510114] pimreg: entered allmulticast mode
[   32.523026] pimreg: entered allmulticast mode
[   32.532182] pimreg: left allmulticast mode
[   32.532537] pimreg: left allmulticast mode
[   32.532861] pimreg: left allmulticast mode
[   32.533189] pimreg: left allmulticast mode
[   32.540471] pimreg: entered allmulticast mode
[   32.550488] pimreg: entered allmulticast mode
[   32.576338] pimreg: entered allmulticast mode
[   32.594637] pimreg: entered allmulticast mode
[   32.621602] pimreg: entered allmulticast mode
[   32.641906] pimreg: entered allmulticast mode
[   32.650690] pimreg: left allmulticast mode
[   32.651029] pimreg: left allmulticast mode
[   32.651352] pimreg: left allmulticast mode
[   32.651655] pimreg: left allmulticast mode
[   32.651960] pimreg: left allmulticast mode
[   32.661973] pimreg: entered allmulticast mode
[   32.686145] pimreg: entered allmulticast mode
[   32.705996] pimreg: entered allmulticast mode
[   32.730439] pimreg: entered allmulticast mode
[   32.758031] pimreg: entered allmulticast mode
[   32.777901] pimreg: entered allmulticast mode
[   32.778258] pimreg: left allmulticast mode
[   32.778612] pimreg: left allmulticast mode
[   32.778928] pimreg: left allmulticast mode
[   32.779242] pimreg: left allmulticast mode
[   32.779549] pimreg: left allmulticast mode
[   32.780011] pimreg: left allmulticast mode
[   32.791261] pimreg: entered allmulticast mode
[   32.810130] pimreg: entered allmulticast mode
[   32.835651] pimreg: entered allmulticast mode
[   32.861811] pimreg: entered allmulticast mode
[   32.881427] pimreg: entered allmulticast mode
[   32.901367] pimreg: entered allmulticast mode
[   32.922312] pimreg: left allmulticast mode
[   32.922635] pimreg: left allmulticast mode
[   32.922943] pimreg: left allmulticast mode
[   32.923538] pimreg: left allmulticast mode
[   32.923948] pimreg: left allmulticast mode
[   32.924250] pimreg: left allmulticast mode
[   32.924523] pimreg: left allmulticast mode
[   32.936969] pimreg: entered allmulticast mode
[   32.958263] pimreg: entered allmulticast mode
[   32.978962] pimreg: entered allmulticast mode
[   33.005696] pimreg: entered allmulticast mode
[   33.029728] pimreg: entered allmulticast mode
[   33.053583] pimreg: entered allmulticast mode
[   33.073441] pimreg: entered allmulticast mode
[   33.090924] pimreg: left allmulticast mode
[   33.091267] pimreg: left allmulticast mode
[   33.091577] pimreg: left allmulticast mode
[   33.091888] pimreg: left allmulticast mode
[   33.092213] pimreg: left allmulticast mode
[   33.092544] pimreg: left allmulticast mode
[   33.092853] pimreg: left allmulticast mode
[   33.105262] pimreg: entered allmulticast mode
[   33.133983] pimreg: entered allmulticast mode
[   33.160829] pimreg: entered allmulticast mode
[   33.178958] pimreg: entered allmulticast mode
[   33.201418] pimreg: entered allmulticast mode
[   33.210258] pimreg: left allmulticast mode
[   33.210578] pimreg: left allmulticast mode
[   33.210886] pimreg: left allmulticast mode
[   33.211190] pimreg: left allmulticast mode
[   33.211500] pimreg: left allmulticast mode
[   33.223097] pimreg: entered allmulticast mode
[   33.233517] pimreg: entered allmulticast mode
[   33.259182] pimreg: entered allmulticast mode
[   33.278021] pimreg: entered allmulticast mode
[   33.301886] pimreg: entered allmulticast mode
[   33.325835] pimreg: entered allmulticast mode
[   33.353742] pimreg: entered allmulticast mode
[   33.377201] pimreg: entered allmulticast mode
[   33.382485] pimreg: left allmulticast mode
[   33.382813] pimreg: left allmulticast mode
[   33.383130] pimreg: left allmulticast mode
[   33.383445] pimreg: left allmulticast mode
[   33.384177] pimreg: left allmulticast mode
[   33.384558] pimreg: left allmulticast mode
[   33.384869] pimreg: left allmulticast mode
[   33.385170] pimreg: left allmulticast mode
[   33.399766] pimreg: entered allmulticast mode
[   33.418330] pimreg: entered allmulticast mode
[   33.433732] pimreg: entered allmulticast mode
[   33.454188] pimreg: entered allmulticast mode
[   33.477746] pimreg: entered allmulticast mode
[   33.501635] pimreg: entered allmulticast mode
[   33.529369] pimreg: entered allmulticast mode
[   33.549971] pimreg: entered allmulticast mode
[   33.562266] pimreg: entered allmulticast mode
[   33.566562] pimreg: left allmulticast mode
[   33.566912] pimreg: left allmulticast mode
[   33.567237] pimreg: left allmulticast mode
[   33.567537] pimreg: left allmulticast mode
[   33.567909] pimreg: left allmulticast mode
[   33.568260] pimreg: left allmulticast mode
[   33.568562] pimreg: left allmulticast mode
[   33.568869] pimreg: left allmulticast mode
[   33.569170] pimreg: left allmulticast mode
[   33.584333] pimreg: entered allmulticast mode
[   33.607803] pimreg: entered allmulticast mode
[   33.632348] pimreg: entered allmulticast mode
[   33.653927] pimreg: entered allmulticast mode
[   33.677454] pimreg: entered allmulticast mode
[   33.697966] pimreg: entered allmulticast mode
[   33.725475] pimreg: entered allmulticast mode
[   33.746110] pimreg: entered allmulticast mode
[   33.765555] pimreg: entered allmulticast mode
[   33.789761] pimreg: entered allmulticast mode
[   33.794629] pimreg: left allmulticast mode
[   33.795141] pimreg: left allmulticast mode
[   33.795463] pimreg: left allmulticast mode
[   33.795769] pimreg: left allmulticast mode
[   33.796078] pimreg: left allmulticast mode
[   33.796391] pimreg: left allmulticast mode
[   33.796691] pimreg: left allmulticast mode
[   33.796995] pimreg: left allmulticast mode
[   33.797302] pimreg: left allmulticast mode
[   33.797622] pimreg: left allmulticast mode
[   33.814280] pimreg: entered allmulticast mode
[   33.842174] pimreg: entered allmulticast mode
[   33.869726] pimreg: entered allmulticast mode
[   33.893896] pimreg: entered allmulticast mode
[   33.918098] pimreg: entered allmulticast mode
[   33.945477] pimreg: entered allmulticast mode
[   33.965949] pimreg: entered allmulticast mode
[   33.989585] pimreg: entered allmulticast mode
[   34.010532] pimreg: entered allmulticast mode
[   34.029826] pimreg: entered allmulticast mode
[   34.054688] pimreg: left allmulticast mode
[   34.055009] pimreg: left allmulticast mode
[   34.055342] pimreg: left allmulticast mode
[   34.055660] pimreg: left allmulticast mode
[   34.055968] pimreg: left allmulticast mode
[   34.056750] pimreg: left allmulticast mode
[   34.057088] pimreg: left allmulticast mode
[   34.057409] pimreg: left allmulticast mode
[   34.057765] pimreg: left allmulticast mode
[   34.058072] pimreg: left allmulticast mode
[   34.073777] pimreg: entered allmulticast mode
[   34.097762] pimreg: entered allmulticast mode
[   34.126562] pimreg: entered allmulticast mode
[   34.150441] pimreg: entered allmulticast mode
[   34.166140] pimreg: entered allmulticast mode
[   34.189139] pimreg: entered allmulticast mode
[   34.209968] pimreg: entered allmulticast mode
[   34.241810] pimreg: entered allmulticast mode
[   34.261634] pimreg: entered allmulticast mode
[   34.286708] pimreg: entered allmulticast mode
[   34.301829] pimreg: entered allmulticast mode
[   34.306901] pimreg: left allmulticast mode
[   34.307236] pimreg: left allmulticast mode
[   34.307544] pimreg: left allmulticast mode
[   34.307849] pimreg: left allmulticast mode
[   34.308147] pimreg: left allmulticast mode
[   34.308471] pimreg: left allmulticast mode
[   34.308772] pimreg: left allmulticast mode
[   34.309082] pimreg: left allmulticast mode
[   34.309403] pimreg: left allmulticast mode
[   34.310154] pimreg: left allmulticast mode
[   34.310485] pimreg: left allmulticast mode
[   34.327272] pimreg: entered allmulticast mode
[   34.358480] pimreg: entered allmulticast mode
[   34.386833] pimreg: entered allmulticast mode
[   34.410029] pimreg: entered allmulticast mode
[   34.433571] pimreg: entered allmulticast mode
[   34.453849] pimreg: entered allmulticast mode
[   34.481221] pimreg: entered allmulticast mode
[   34.509355] pimreg: entered allmulticast mode
[   34.529432] pimreg: entered allmulticast mode
[   34.541322] pimreg: entered allmulticast mode
[   34.558614] pimreg: left allmulticast mode
[   34.558960] pimreg: left allmulticast mode
[   34.559297] pimreg: left allmulticast mode
[   34.559614] pimreg: left allmulticast mode
[   34.560144] pimreg: left allmulticast mode
[   34.560520] pimreg: left allmulticast mode
[   34.560843] pimreg: left allmulticast mode
[   34.561161] pimreg: left allmulticast mode
[   34.561499] pimreg: left allmulticast mode
[   34.562187] pimreg: left allmulticast mode
[   34.577848] pimreg: entered allmulticast mode
[   34.612988] pimreg: entered allmulticast mode
[   34.635290] pimreg: entered allmulticast mode
[   34.653205] pimreg: entered allmulticast mode
[   34.666045] pimreg: entered allmulticast mode
[   34.685877] pimreg: entered allmulticast mode
[   34.709581] pimreg: entered allmulticast mode
[   34.733598] pimreg: entered allmulticast mode
[   34.754145] pimreg: entered allmulticast mode
[   34.781879] pimreg: entered allmulticast mode
[   34.786691] pimreg: left allmulticast mode
[   34.787102] pimreg: left allmulticast mode
[   34.787428] pimreg: left allmulticast mode
[   34.787897] pimreg: left allmulticast mode
[   34.788392] pimreg: left allmulticast mode
[   34.788705] pimreg: left allmulticast mode
[   34.789017] pimreg: left allmulticast mode
[   34.789329] pimreg: left allmulticast mode
[   34.790164] pimreg: left allmulticast mode
[   34.790453] pimreg: left allmulticast mode
[   34.806844] pimreg: entered allmulticast mode
[   34.840086] pimreg: entered allmulticast mode
[   34.867618] pimreg: entered allmulticast mode
[   34.889751] pimreg: entered allmulticast mode
[   34.914266] pimreg: entered allmulticast mode
[   34.941656] pimreg: entered allmulticast mode
[   34.961949] pimreg: entered allmulticast mode
[   34.981221] pimreg: entered allmulticast mode
[   35.006441] pimreg: entered allmulticast mode
[   35.029972] pimreg: entered allmulticast mode
[   35.035037] pimreg: left allmulticast mode
[   35.035443] pimreg: left allmulticast mode
[   35.035759] pimreg: left allmulticast mode
[   35.036067] pimreg: left allmulticast mode
[   35.036390] pimreg: left allmulticast mode
[   35.036703] pimreg: left allmulticast mode
[   35.037014] pimreg: left allmulticast mode
[   35.037328] pimreg: left allmulticast mode
[   35.037673] pimreg: left allmulticast mode
[   35.037984] pimreg: left allmulticast mode
[   35.054073] pimreg: entered allmulticast mode
[   35.084785] pimreg: entered allmulticast mode
[   35.109950] pimreg: entered allmulticast mode
[   35.133924] pimreg: entered allmulticast mode
[   35.157796] pimreg: entered allmulticast mode
[   35.185663] pimreg: entered allmulticast mode
[   35.205481] pimreg: entered allmulticast mode
[   35.229505] pimreg: entered allmulticast mode
[   35.257411] pimreg: entered allmulticast mode
[   35.281331] pimreg: entered allmulticast mode
[   35.287237] pimreg: left allmulticast mode
[   35.287564] pimreg: left allmulticast mode
[   35.287872] pimreg: left allmulticast mode
[   35.288190] pimreg: left allmulticast mode
[   35.288500] pimreg: left allmulticast mode
[   35.288823] pimreg: left allmulticast mode
[   35.289132] pimreg: left allmulticast mode
[   35.289446] pimreg: left allmulticast mode
[   35.289779] pimreg: left allmulticast mode
[   35.290089] pimreg: left allmulticast mode
[   35.306752] pimreg: entered allmulticast mode
[   35.340119] pimreg: entered allmulticast mode
[   35.354206] pimreg: entered allmulticast mode
[   35.377560] pimreg: entered allmulticast mode
[   35.402294] pimreg: entered allmulticast mode
[   35.425641] pimreg: entered allmulticast mode
[   35.449725] pimreg: entered allmulticast mode
[   35.473576] pimreg: entered allmulticast mode
[   35.502660] pimreg: entered allmulticast mode
[   35.510625] pimreg: left allmulticast mode
[   35.511125] pimreg: left allmulticast mode
[   35.511425] pimreg: left allmulticast mode
[   35.511733] pimreg: left allmulticast mode
[   35.512033] pimreg: left allmulticast mode
[   35.512341] pimreg: left allmulticast mode
[   35.512642] pimreg: left allmulticast mode
[   35.512945] pimreg: left allmulticast mode
[   35.513254] pimreg: left allmulticast mode
[   35.528454] pimreg: entered allmulticast mode
[   35.547289] pimreg: entered allmulticast mode
[   35.559047] pimreg: entered allmulticast mode
[   35.582487] pimreg: entered allmulticast mode
[   35.593642] pimreg: entered allmulticast mode
[   35.614272] pimreg: entered allmulticast mode
[   35.637569] pimreg: entered allmulticast mode
[   35.666078] pimreg: entered allmulticast mode
[   35.685453] pimreg: entered allmulticast mode
[   35.690401] pimreg: left allmulticast mode
[   35.690723] pimreg: left allmulticast mode
[   35.691247] pimreg: left allmulticast mode
[   35.691548] pimreg: left allmulticast mode
[   35.691851] pimreg: left allmulticast mode
[   35.692158] pimreg: left allmulticast mode
[   35.692461] pimreg: left allmulticast mode
[   35.692761] pimreg: left allmulticast mode
[   35.706930] pimreg: entered allmulticast mode
[   35.735169] pimreg: entered allmulticast mode
[   35.758421] pimreg: entered allmulticast mode
[   35.786142] pimreg: entered allmulticast mode
[   35.806203] pimreg: entered allmulticast mode
[   35.829248] pimreg: entered allmulticast mode
[   35.853598] pimreg: entered allmulticast mode
[   35.877758] pimreg: entered allmulticast mode
[   35.901510] pimreg: entered allmulticast mode
[   35.907544] pimreg: left allmulticast mode
[   35.908140] pimreg: left allmulticast mode
[   35.908457] pimreg: left allmulticast mode
[   35.908766] pimreg: left allmulticast mode
[   35.909075] pimreg: left allmulticast mode
[   35.909395] pimreg: left allmulticast mode
[   35.909751] pimreg: left allmulticast mode
[   35.910063] pimreg: left allmulticast mode
[   35.910379] pimreg: left allmulticast mode
[   35.933467] pimreg: entered allmulticast mode
[   35.962034] pimreg: entered allmulticast mode
[   35.982416] pimreg: entered allmulticast mode
[   36.013458] pimreg: entered allmulticast mode
[   36.038079] pimreg: entered allmulticast mode
[   36.057575] pimreg: entered allmulticast mode
[   36.081688] pimreg: entered allmulticast mode
[   36.114156] pimreg: entered allmulticast mode
[   36.134520] pimreg: left allmulticast mode
[   36.134864] pimreg: left allmulticast mode
[   36.135171] pimreg: left allmulticast mode
[   36.135463] pimreg: left allmulticast mode
[   36.135998] pimreg: left allmulticast mode
[   36.136366] pimreg: left allmulticast mode
[   36.136699] pimreg: left allmulticast mode
[   36.137019] pimreg: left allmulticast mode
[   36.137607] pimreg: left allmulticast mode
[   36.152487] pimreg: entered allmulticast mode
[   36.179787] pimreg: entered allmulticast mode
[   36.198770] pimreg: entered allmulticast mode
[   36.222331] pimreg: entered allmulticast mode
[   36.237436] pimreg: entered allmulticast mode
[   36.258364] pimreg: left allmulticast mode
[   36.258693] pimreg: left allmulticast mode
[   36.259010] pimreg: left allmulticast mode
[   36.259332] pimreg: left allmulticast mode
[   36.259647] pimreg: left allmulticast mode
[   36.268810] pimreg: entered allmulticast mode
[   36.295313] pimreg: entered allmulticast mode
[   36.315227] pimreg: entered allmulticast mode
[   36.337670] pimreg: entered allmulticast mode
[   36.362117] pimreg: entered allmulticast mode
[   36.386068] pimreg: entered allmulticast mode
[   36.402392] pimreg: left allmulticast mode
[   36.403010] pimreg: left allmulticast mode
[   36.403294] pimreg: left allmulticast mode
[   36.403576] pimreg: left allmulticast mode
[   36.404774] pimreg: left allmulticast mode
[   36.405090] pimreg: left allmulticast mode
[   36.416144] pimreg: entered allmulticast mode
[   36.446563] pimreg: entered allmulticast mode
[   36.471331] pimreg: entered allmulticast mode
[   36.489943] pimreg: entered allmulticast mode
[   36.513696] pimreg: entered allmulticast mode
[   36.537580] pimreg: entered allmulticast mode
[   36.565230] pimreg: entered allmulticast mode
[   36.590234] pimreg: left allmulticast mode
[   36.590578] pimreg: left allmulticast mode
[   36.590903] pimreg: left allmulticast mode
[   36.591226] pimreg: left allmulticast mode
[   36.591563] pimreg: left allmulticast mode
[   36.591901] pimreg: left allmulticast mode
[   36.592660] pimreg: left allmulticast mode
[   36.604808] pimreg: entered allmulticast mode
[   36.628940] pimreg: entered allmulticast mode
[   36.657206] pimreg: entered allmulticast mode
[   36.670376] pimreg: entered allmulticast mode
[   36.694119] pimreg: left allmulticast mode
[   36.694437] pimreg: left allmulticast mode
[   36.694713] pimreg: left allmulticast mode
[   36.695020] pimreg: left allmulticast mode
[   36.703547] pimreg: entered allmulticast mode
[   36.725878] pimreg: entered allmulticast mode
[   36.746922] pimreg: entered allmulticast mode
[   36.769382] pimreg: entered allmulticast mode
[   36.793725] pimreg: entered allmulticast mode
[   36.817632] pimreg: entered allmulticast mode
[   36.822507] pimreg: left allmulticast mode
[   36.822836] pimreg: left allmulticast mode
[   36.823160] pimreg: left allmulticast mode
[   36.823476] pimreg: left allmulticast mode
[   36.823790] pimreg: left allmulticast mode
[   36.841773] pimreg: entered allmulticast mode
[   36.866795] pimreg: entered allmulticast mode
[   36.885743] pimreg: entered allmulticast mode
[   36.913510] pimreg: entered allmulticast mode
[   36.934365] pimreg: entered allmulticast mode
[   36.942201] pimreg: left allmulticast mode
[   36.942525] pimreg: left allmulticast mode
[   36.942827] pimreg: left allmulticast mode
[   36.943141] pimreg: left allmulticast mode
[   36.943455] pimreg: left allmulticast mode
[   36.943770] pimreg: left allmulticast mode
[   36.955401] pimreg: entered allmulticast mode
[   36.979553] pimreg: entered allmulticast mode
[   36.990041] pimreg: entered allmulticast mode
[   37.009802] pimreg: entered allmulticast mode
[   37.021551] pimreg: entered allmulticast mode
[   37.046116] pimreg: left allmulticast mode
[   37.046446] pimreg: left allmulticast mode
[   37.046753] pimreg: left allmulticast mode
[   37.047054] pimreg: left allmulticast mode
[   37.048006] pimreg: left allmulticast mode
[   37.057369] pimreg: entered allmulticast mode
[   37.075116] pimreg: entered allmulticast mode
[   37.085504] pimreg: entered allmulticast mode
[   37.105777] pimreg: entered allmulticast mode
[   37.129762] pimreg: entered allmulticast mode
[   37.153365] pimreg: entered allmulticast mode
[   37.178279] pimreg: entered allmulticast mode
[   37.178631] pimreg: left allmulticast mode
[   37.178984] pimreg: left allmulticast mode
[   37.179300] pimreg: left allmulticast mode
[   37.179676] pimreg: left allmulticast mode
[   37.180000] pimreg: left allmulticast mode
[   37.180311] pimreg: left allmulticast mode
[   37.191510] pimreg: entered allmulticast mode
[   37.214735] pimreg: entered allmulticast mode
[   37.243262] pimreg: entered allmulticast mode
[   37.265059] pimreg: entered allmulticast mode
[   37.293549] pimreg: entered allmulticast mode
[   37.317669] pimreg: entered allmulticast mode
[   37.345682] pimreg: entered allmulticast mode
[   37.366354] pimreg: left allmulticast mode
[   37.366648] pimreg: left allmulticast mode
[   37.366917] pimreg: left allmulticast mode
[   37.367218] pimreg: left allmulticast mode
[   37.367498] pimreg: left allmulticast mode
[   37.367784] pimreg: left allmulticast mode
[   37.368049] pimreg: left allmulticast mode
[   37.368351] pimreg: left allmulticast mode
[   37.380709] pimreg: entered allmulticast mode
[   37.407419] pimreg: entered allmulticast mode
[   37.417791] pimreg: entered allmulticast mode
[   37.433903] pimreg: entered allmulticast mode
[   37.457825] pimreg: entered allmulticast mode
[   37.478566] pimreg: entered allmulticast mode
[   37.482583] pimreg: left allmulticast mode
[   37.482967] pimreg: left allmulticast mode
[   37.483294] pimreg: left allmulticast mode
[   37.483598] pimreg: left allmulticast mode
[   37.483901] pimreg: left allmulticast mode
[   37.494262] pimreg: entered allmulticast mode
[   37.515798] pimreg: entered allmulticast mode
[   37.547139] pimreg: entered allmulticast mode
[   37.565837] pimreg: entered allmulticast mode
[   37.589362] pimreg: entered allmulticast mode
[   37.613799] pimreg: entered allmulticast mode
[   37.634385] pimreg: left allmulticast mode
[   37.634739] pimreg: left allmulticast mode
[   37.635024] pimreg: left allmulticast mode
[   37.635345] pimreg: left allmulticast mode
[   37.635676] pimreg: left allmulticast mode
[   37.635990] pimreg: left allmulticast mode
[   37.636307] pimreg: left allmulticast mode
[   37.648407] pimreg: entered allmulticast mode
[   37.674154] pimreg: entered allmulticast mode
[   37.687024] pimreg: entered allmulticast mode
[   37.711830] pimreg: entered allmulticast mode
[   37.729613] pimreg: entered allmulticast mode
[   37.753489] pimreg: entered allmulticast mode
[   37.777408] pimreg: entered allmulticast mode
[   37.801607] pimreg: entered allmulticast mode
[   37.829740] pimreg: entered allmulticast mode
[   37.850173] pimreg: left allmulticast mode
[   37.850508] pimreg: left allmulticast mode
[   37.850823] pimreg: left allmulticast mode
[   37.851140] pimreg: left allmulticast mode
[   37.851804] pimreg: left allmulticast mode
[   37.852144] pimreg: left allmulticast mode
[   37.852472] pimreg: left allmulticast mode
[   37.852790] pimreg: left allmulticast mode
[   37.853114] pimreg: left allmulticast mode
[   37.867722] pimreg: entered allmulticast mode
[   37.895048] pimreg: entered allmulticast mode
[   37.921127] pimreg: entered allmulticast mode
[   37.946323] pimreg: entered allmulticast mode
[   37.969897] pimreg: entered allmulticast mode
[   37.994043] pimreg: entered allmulticast mode
[   38.017984] pimreg: entered allmulticast mode
[   38.041429] pimreg: entered allmulticast mode
[   38.066357] pimreg: left allmulticast mode
[   38.066677] pimreg: left allmulticast mode
[   38.066955] pimreg: left allmulticast mode
[   38.067364] pimreg: left allmulticast mode
[   38.067686] pimreg: left allmulticast mode
[   38.068390] pimreg: left allmulticast mode
[   38.068719] pimreg: left allmulticast mode
[   38.069020] pimreg: left allmulticast mode
[   38.082809] pimreg: entered allmulticast mode
[   38.115046] pimreg: entered allmulticast mode
[   38.125812] pimreg: entered allmulticast mode
[   38.145730] pimreg: entered allmulticast mode
[   38.158295] pimreg: entered allmulticast mode
[   38.185782] pimreg: entered allmulticast mode
[   38.210377] pimreg: entered allmulticast mode
[   38.223255] pimreg: left allmulticast mode
[   38.223594] pimreg: left allmulticast mode
[   38.223914] pimreg: left allmulticast mode
[   38.224248] pimreg: left allmulticast mode
[   38.224560] pimreg: left allmulticast mode
[   38.224867] pimreg: left allmulticast mode
[   38.225179] pimreg: left allmulticast mode
[   38.237826] pimreg: entered allmulticast mode
[   38.265637] pimreg: entered allmulticast mode
[   38.289869] pimreg: entered allmulticast mode
[   38.302068] pimreg: entered allmulticast mode
[   38.321601] pimreg: entered allmulticast mode
[   38.341492] pimreg: entered allmulticast mode
[   38.362056] pimreg: entered allmulticast mode
[   38.385633] pimreg: entered allmulticast mode
[   38.395166] pimreg: left allmulticast mode
[   38.395510] pimreg: left allmulticast mode
[   38.395832] pimreg: left allmulticast mode
[   38.396157] pimreg: left allmulticast mode
[   38.396469] pimreg: left allmulticast mode
[   38.396778] pimreg: left allmulticast mode
[   38.397089] pimreg: left allmulticast mode
[   38.410329] pimreg: entered allmulticast mode
[   38.441465] pimreg: entered allmulticast mode
[   38.462402] pimreg: entered allmulticast mode
[   38.485827] pimreg: entered allmulticast mode
[   38.509878] pimreg: entered allmulticast mode
[   38.533484] pimreg: entered allmulticast mode
[   38.553675] pimreg: entered allmulticast mode
[   38.573907] pimreg: entered allmulticast mode
[   38.595491] pimreg: left allmulticast mode
[   38.595836] pimreg: left allmulticast mode
[   38.596149] pimreg: left allmulticast mode
[   38.596462] pimreg: left allmulticast mode
[   38.596792] pimreg: left allmulticast mode
[   38.597125] pimreg: left allmulticast mode
[   38.597432] pimreg: left allmulticast mode
[   38.598050] pimreg: left allmulticast mode
[   38.598331] pimreg: left allmulticast mode
[   38.612375] pimreg: entered allmulticast mode
[   38.639934] pimreg: entered allmulticast mode
[   38.650580] pimreg: entered allmulticast mode
[   38.670134] pimreg: entered allmulticast mode
[   38.693334] pimreg: entered allmulticast mode
[   38.714088] pimreg: entered allmulticast mode
[   38.725160] pimreg: entered allmulticast mode
[   38.750144] pimreg: entered allmulticast mode
[   38.781660] pimreg: entered allmulticast mode
[   38.786586] pimreg: left allmulticast mode
[   38.787193] pimreg: left allmulticast mode
[   38.787511] pimreg: left allmulticast mode
[   38.787809] pimreg: left allmulticast mode
[   38.788119] pimreg: left allmulticast mode
[   38.788424] pimreg: left allmulticast mode
[   38.788725] pimreg: left allmulticast mode
[   38.789032] pimreg: left allmulticast mode
[   38.805614] pimreg: entered allmulticast mode
[   38.834993] pimreg: entered allmulticast mode
[   38.846970] pimreg: entered allmulticast mode
[   38.856426] pimreg: entered allmulticast mode
[   38.866697] pimreg: entered allmulticast mode
[   38.889582] pimreg: entered allmulticast mode
[   38.913389] pimreg: entered allmulticast mode
[   38.933894] pimreg: entered allmulticast mode
[   38.954143] pimreg: entered allmulticast mode
[   38.974239] pimreg: entered allmulticast mode
[   38.974763] pimreg: left allmulticast mode
[   38.975136] pimreg: left allmulticast mode
[   38.975459] pimreg: left allmulticast mode
[   38.975760] pimreg: left allmulticast mode
[   38.976075] pimreg: left allmulticast mode
[   38.976397] pimreg: left allmulticast mode
[   38.976698] pimreg: left allmulticast mode
[   38.977007] pimreg: left allmulticast mode
[   38.977320] pimreg: left allmulticast mode
[   38.977946] pimreg: left allmulticast mode
[   38.997368] pimreg: entered allmulticast mode
[   39.034459] pimreg: entered allmulticast mode
[   39.058433] pimreg: entered allmulticast mode
[   39.077551] pimreg: entered allmulticast mode
[   39.101807] pimreg: entered allmulticast mode
[   39.125845] pimreg: entered allmulticast mode
[   39.145578] pimreg: entered allmulticast mode
[   39.169701] pimreg: entered allmulticast mode
[   39.174898] pimreg: left allmulticast mode
[   39.175207] pimreg: left allmulticast mode
[   39.175480] pimreg: left allmulticast mode
[   39.175752] pimreg: left allmulticast mode
[   39.176024] pimreg: left allmulticast mode
[   39.176304] pimreg: left allmulticast mode
[   39.176573] pimreg: left allmulticast mode
[   39.176842] pimreg: left allmulticast mode
[   39.177113] pimreg: left allmulticast mode
[   39.192147] pimreg: entered allmulticast mode
[   39.227663] pimreg: entered allmulticast mode
[   39.255346] pimreg: entered allmulticast mode
[   39.266462] pimreg: entered allmulticast mode
[   39.290378] pimreg: entered allmulticast mode
[   39.309817] pimreg: entered allmulticast mode
[   39.329748] pimreg: entered allmulticast mode
[   39.353748] pimreg: entered allmulticast mode
[   39.374779] pimreg: left allmulticast mode
[   39.375089] pimreg: left allmulticast mode
[   39.375408] pimreg: left allmulticast mode
[   39.375722] pimreg: left allmulticast mode
[   39.376028] pimreg: left allmulticast mode
[   39.376347] pimreg: left allmulticast mode
[   39.376649] pimreg: left allmulticast mode
[   39.376948] pimreg: left allmulticast mode
[   39.390049] pimreg: entered allmulticast mode
[   39.410877] pimreg: entered allmulticast mode
[   39.428198] pimreg: entered allmulticast mode
[   39.445878] pimreg: entered allmulticast mode
[   39.469619] pimreg: entered allmulticast mode
[   39.497733] pimreg: entered allmulticast mode
[   39.521843] pimreg: entered allmulticast mode
[   39.545380] pimreg: entered allmulticast mode
[   39.569411] pimreg: entered allmulticast mode
[   39.575312] pimreg: left allmulticast mode
[   39.575811] pimreg: left allmulticast mode
[   39.576145] pimreg: left allmulticast mode
[   39.576458] pimreg: left allmulticast mode
[   39.576759] pimreg: left allmulticast mode
[   39.577045] pimreg: left allmulticast mode
[   39.577327] pimreg: left allmulticast mode
[   39.577663] pimreg: left allmulticast mode
[   39.594045] pimreg: entered allmulticast mode
[   39.626254] pimreg: entered allmulticast mode
[   39.652691] pimreg: entered allmulticast mode
[   39.670688] pimreg: entered allmulticast mode
[   39.693667] pimreg: entered allmulticast mode
[   39.718075] pimreg: entered allmulticast mode
[   39.745675] pimreg: entered allmulticast mode
[   39.769662] pimreg: entered allmulticast mode
[   39.774931] pimreg: left allmulticast mode
[   39.775253] pimreg: left allmulticast mode
[   39.775537] pimreg: left allmulticast mode
[   39.775842] pimreg: left allmulticast mode
[   39.776158] pimreg: left allmulticast mode
[   39.776461] pimreg: left allmulticast mode
[   39.776764] pimreg: left allmulticast mode
[   39.777074] pimreg: left allmulticast mode
[   39.794171] pimreg: entered allmulticast mode
[   39.826710] pimreg: entered allmulticast mode
[   39.852988] pimreg: entered allmulticast mode
[   39.882565] pimreg: entered allmulticast mode
[   39.905990] pimreg: entered allmulticast mode
[   39.926586] pimreg: entered allmulticast mode
[   39.945358] pimreg: entered allmulticast mode
[   39.969690] pimreg: entered allmulticast mode
[   39.974712] pimreg: left allmulticast mode
[   39.975048] pimreg: left allmulticast mode
[   39.975365] pimreg: left allmulticast mode
[   39.975677] pimreg: left allmulticast mode
[   39.975988] pimreg: left allmulticast mode
[   39.976304] pimreg: left allmulticast mode
[   39.976608] pimreg: left allmulticast mode
[   39.976912] pimreg: left allmulticast mode
[   39.977215] pimreg: left allmulticast mode
[   39.992981] pimreg: entered allmulticast mode
[   40.039401] pimreg: entered allmulticast mode
[   40.051463] pimreg: entered allmulticast mode
[   40.074163] pimreg: entered allmulticast mode
[   40.098175] pimreg: entered allmulticast mode
[   40.125827] pimreg: entered allmulticast mode
[   40.153707] pimreg: entered allmulticast mode
[   40.181778] pimreg: entered allmulticast mode
[   40.209929] pimreg: entered allmulticast mode
[   40.242865] pimreg: left allmulticast mode
[   40.243195] pimreg: left allmulticast mode
[   40.243525] pimreg: left allmulticast mode
[   40.243861] pimreg: left allmulticast mode
[   40.244207] pimreg: left allmulticast mode
[   40.244524] pimreg: left allmulticast mode
[   40.244837] pimreg: left allmulticast mode
[   40.245145] pimreg: left allmulticast mode
[   40.245449] pimreg: left allmulticast mode
[   40.260686] pimreg: entered allmulticast mode
[   40.288876] pimreg: entered allmulticast mode
[   40.306865] pimreg: entered allmulticast mode
[   40.330415] pimreg: entered allmulticast mode
[   40.357761] pimreg: entered allmulticast mode
[   40.381779] pimreg: entered allmulticast mode
[   40.405507] pimreg: entered allmulticast mode
[   40.429166] pimreg: entered allmulticast mode
[   40.443520] pimreg: left allmulticast mode
[   40.443879] pimreg: left allmulticast mode
[   40.444219] pimreg: left allmulticast mode
[   40.444555] pimreg: left allmulticast mode
[   40.444883] pimreg: left allmulticast mode
[   40.445209] pimreg: left allmulticast mode
[   40.445572] pimreg: left allmulticast mode
[   40.445873] pimreg: left allmulticast mode
[   40.459413] pimreg: entered allmulticast mode
[   40.491276] pimreg: entered allmulticast mode
[   40.524775] pimreg: entered allmulticast mode
[   40.549805] pimreg: entered allmulticast mode
[   40.574117] pimreg: entered allmulticast mode
[   40.593884] pimreg: entered allmulticast mode
[   40.615138] pimreg: entered allmulticast mode
[   40.618516] pimreg: left allmulticast mode
[   40.618829] pimreg: left allmulticast mode
[   40.619132] pimreg: left allmulticast mode
[   40.619416] pimreg: left allmulticast mode
[   40.619703] pimreg: left allmulticast mode
[   40.620015] pimreg: left allmulticast mode
[   40.620322] pimreg: left allmulticast mode
[   40.637625] pimreg: entered allmulticast mode
[   40.667325] pimreg: entered allmulticast mode
[   40.690728] pimreg: entered allmulticast mode
[   40.709741] pimreg: entered allmulticast mode
[   40.733829] pimreg: entered allmulticast mode
[   40.753729] pimreg: entered allmulticast mode
[   40.766486] pimreg: left allmulticast mode
[   40.766886] pimreg: left allmulticast mode
[   40.767192] pimreg: left allmulticast mode
[   40.767474] pimreg: left allmulticast mode
[   40.767799] pimreg: left allmulticast mode
[   40.768110] pimreg: left allmulticast mode
[   40.779020] pimreg: entered allmulticast mode
[   40.803430] pimreg: entered allmulticast mode
[   40.829317] pimreg: entered allmulticast mode
[   40.850921] pimreg: entered allmulticast mode
[   40.874342] pimreg: entered allmulticast mode
[   40.882445] pimreg: left allmulticast mode
[   40.882765] pimreg: left allmulticast mode
[   40.883080] pimreg: left allmulticast mode
[   40.883386] pimreg: left allmulticast mode
[   40.883696] pimreg: left allmulticast mode
[   40.894901] pimreg: entered allmulticast mode
[   40.919734] pimreg: entered allmulticast mode
[   40.937585] pimreg: entered allmulticast mode
[   40.953734] pimreg: entered allmulticast mode
[   40.973571] pimreg: entered allmulticast mode
[   41.001639] pimreg: entered allmulticast mode
[   41.029978] pimreg: entered allmulticast mode
[   41.034250] pimreg: left allmulticast mode
[   41.034569] pimreg: left allmulticast mode
[   41.034856] pimreg: left allmulticast mode
[   41.035154] pimreg: left allmulticast mode
[   41.035434] pimreg: left allmulticast mode
[   41.035761] pimreg: left allmulticast mode
[   41.036074] pimreg: left allmulticast mode
[   41.048851] pimreg: entered allmulticast mode
[   41.074935] pimreg: entered allmulticast mode
[   41.096416] pimreg: entered allmulticast mode
[   41.113731] pimreg: entered allmulticast mode
[   41.126399] pimreg: entered allmulticast mode
[   41.130389] pimreg: left allmulticast mode
[   41.130714] pimreg: left allmulticast mode
[   41.131035] pimreg: left allmulticast mode
[   41.131349] pimreg: left allmulticast mode
[   41.131644] pimreg: left allmulticast mode
[   41.141310] pimreg: entered allmulticast mode
[   41.187341] pimreg: entered allmulticast mode
[   41.203108] pimreg: entered allmulticast mode
[   41.225978] pimreg: entered allmulticast mode
[   41.257639] pimreg: entered allmulticast mode
[   41.281936] pimreg: entered allmulticast mode
[   41.298231] pimreg: left allmulticast mode
[   41.298554] pimreg: left allmulticast mode
[   41.298861] pimreg: left allmulticast mode
[   41.299182] pimreg: left allmulticast mode
[   41.299480] pimreg: left allmulticast mode
[   41.300738] pimreg: left allmulticast mode
[   41.311962] pimreg: entered allmulticast mode
[   41.350309] pimreg: entered allmulticast mode
[   41.375483] pimreg: entered allmulticast mode
[   41.397936] pimreg: entered allmulticast mode
[   41.417291] pimreg: entered allmulticast mode
[   41.437564] pimreg: entered allmulticast mode
[   41.457674] pimreg: entered allmulticast mode
[   41.478515] pimreg: left allmulticast mode
[   41.479043] pimreg: left allmulticast mode
[   41.479643] pimreg: left allmulticast mode
[   41.479994] pimreg: left allmulticast mode
[   41.480320] pimreg: left allmulticast mode
[   41.480638] pimreg: left allmulticast mode
[   41.480953] pimreg: left allmulticast mode
[   41.493104] pimreg: entered allmulticast mode
[   41.528905] pimreg: entered allmulticast mode
[   41.552133] pimreg: entered allmulticast mode
[   41.570000] pimreg: entered allmulticast mode
[   41.593871] pimreg: entered allmulticast mode
[   41.621695] pimreg: entered allmulticast mode
[   41.657955] pimreg: entered allmulticast mode
[   41.697638] pimreg: entered allmulticast mode
[   41.710133] pimreg: left allmulticast mode
[   41.710454] pimreg: left allmulticast mode
[   41.710757] pimreg: left allmulticast mode
[   41.711067] pimreg: left allmulticast mode
[   41.711371] pimreg: left allmulticast mode
[   41.711683] pimreg: left allmulticast mode
[   41.712001] pimreg: left allmulticast mode
[   41.712579] pimreg: left allmulticast mode
[   41.726955] pimreg: entered allmulticast mode
[   41.760469] pimreg: entered allmulticast mode
[   41.784507] pimreg: entered allmulticast mode
[   41.805466] pimreg: entered allmulticast mode
[   41.833826] pimreg: entered allmulticast mode
[   41.854299] pimreg: entered allmulticast mode
[   41.873477] pimreg: entered allmulticast mode
[   41.894060] pimreg: entered allmulticast mode
[   41.914145] pimreg: entered allmulticast mode
[   41.934408] pimreg: left allmulticast mode
[   41.934731] pimreg: left allmulticast mode
[   41.935052] pimreg: left allmulticast mode
[   41.935354] pimreg: left allmulticast mode
[   41.935676] pimreg: left allmulticast mode
[   41.937238] pimreg: left allmulticast mode
[   41.937517] pimreg: left allmulticast mode
[   41.937820] pimreg: left allmulticast mode
[   41.938109] pimreg: left allmulticast mode
[   41.953025] pimreg: entered allmulticast mode
[   41.980326] pimreg: entered allmulticast mode
[   41.992114] pimreg: entered allmulticast mode
[   42.013584] pimreg: entered allmulticast mode
[   42.037687] pimreg: entered allmulticast mode
[   42.061459] pimreg: entered allmulticast mode
[   42.093931] pimreg: entered allmulticast mode
[   42.125609] pimreg: entered allmulticast mode
[   42.138240] pimreg: left allmulticast mode
[   42.138573] pimreg: left allmulticast mode
[   42.138851] pimreg: left allmulticast mode
[   42.139134] pimreg: left allmulticast mode
[   42.139423] pimreg: left allmulticast mode
[   42.139723] pimreg: left allmulticast mode
[   42.140034] pimreg: left allmulticast mode
[   42.140339] pimreg: left allmulticast mode
[   42.153574] pimreg: entered allmulticast mode
[   42.177766] pimreg: entered allmulticast mode
[   42.197092] pimreg: entered allmulticast mode
[   42.227763] pimreg: entered allmulticast mode
[   42.245961] pimreg: entered allmulticast mode
[   42.270089] pimreg: entered allmulticast mode
[   42.297682] pimreg: entered allmulticast mode
[   42.321819] pimreg: entered allmulticast mode
[   42.353486] pimreg: entered allmulticast mode
[   42.377379] pimreg: entered allmulticast mode
[   42.382624] pimreg: left allmulticast mode
[   42.382970] pimreg: left allmulticast mode
[   42.383266] pimreg: left allmulticast mode
[   42.383572] pimreg: left allmulticast mode
[   42.383873] pimreg: left allmulticast mode
[   42.384187] pimreg: left allmulticast mode
[   42.384487] pimreg: left allmulticast mode
[   42.384786] pimreg: left allmulticast mode
[   42.385091] pimreg: left allmulticast mode
[   42.401682] pimreg: entered allmulticast mode
[   42.427848] pimreg: entered allmulticast mode
[   42.451344] pimreg: entered allmulticast mode
[   42.473993] pimreg: entered allmulticast mode
[   42.493470] pimreg: entered allmulticast mode
[   42.517513] pimreg: entered allmulticast mode
[   42.545721] pimreg: entered allmulticast mode
[   42.565616] pimreg: entered allmulticast mode
[   42.589510] pimreg: entered allmulticast mode
[   42.594604] pimreg: left allmulticast mode
[   42.594939] pimreg: left allmulticast mode
[   42.595255] pimreg: left allmulticast mode
[   42.595563] pimreg: left allmulticast mode
[   42.595876] pimreg: left allmulticast mode
[   42.596710] pimreg: left allmulticast mode
[   42.597075] pimreg: left allmulticast mode
[   42.597381] pimreg: left allmulticast mode
[   42.597722] pimreg: left allmulticast mode
[   42.598046] pimreg: left allmulticast mode
[   42.614164] pimreg: entered allmulticast mode
[   42.648103] pimreg: entered allmulticast mode
[   42.671313] pimreg: entered allmulticast mode
[   42.694483] pimreg: entered allmulticast mode
[   42.713670] pimreg: entered allmulticast mode
[   42.745734] pimreg: entered allmulticast mode
[   42.765500] pimreg: entered allmulticast mode
[   42.789293] pimreg: entered allmulticast mode
[   42.814553] pimreg: entered allmulticast mode
[   42.815080] pimreg: left allmulticast mode
[   42.815428] pimreg: left allmulticast mode
[   42.815749] pimreg: left allmulticast mode
[   42.816069] pimreg: left allmulticast mode
[   42.816368] pimreg: left allmulticast mode
[   42.816679] pimreg: left allmulticast mode
[   42.816989] pimreg: left allmulticast mode
[   42.817292] pimreg: left allmulticast mode
[   42.832016] pimreg: entered allmulticast mode
[   42.863147] pimreg: entered allmulticast mode
[   42.874063] pimreg: entered allmulticast mode
[   42.897446] pimreg: entered allmulticast mode
[   42.922039] pimreg: entered allmulticast mode
[   42.958095] pimreg: entered allmulticast mode
[   42.981931] pimreg: entered allmulticast mode
[   43.005800] pimreg: entered allmulticast mode
[   43.029954] pimreg: entered allmulticast mode
[   43.039443] pimreg: left allmulticast mode
[   43.039772] pimreg: left allmulticast mode
[   43.040102] pimreg: left allmulticast mode
[   43.040407] pimreg: left allmulticast mode
[   43.040709] pimreg: left allmulticast mode
[   43.041023] pimreg: left allmulticast mode
[   43.041331] pimreg: left allmulticast mode
[   43.041677] pimreg: left allmulticast mode
[   43.041989] pimreg: left allmulticast mode
[   43.058595] pimreg: entered allmulticast mode
[   43.083812] pimreg: entered allmulticast mode
[   43.107046] pimreg: entered allmulticast mode
[   43.130121] pimreg: entered allmulticast mode
[   43.169943] pimreg: entered allmulticast mode
[   43.189718] pimreg: entered allmulticast mode
[   43.218229] pimreg: entered allmulticast mode
[   43.250222] pimreg: entered allmulticast mode
[   43.273315] pimreg: entered allmulticast mode
[   43.286622] pimreg: left allmulticast mode
[   43.286952] pimreg: left allmulticast mode
[   43.287261] pimreg: left allmulticast mode
[   43.287560] pimreg: left allmulticast mode
[   43.287879] pimreg: left allmulticast mode
[   43.288180] pimreg: left allmulticast mode
[   43.288613] pimreg: left allmulticast mode
[   43.288922] pimreg: left allmulticast mode
[   43.289226] pimreg: left allmulticast mode
[   43.289548] pimreg: left allmulticast mode
[   43.305881] pimreg: entered allmulticast mode
[   43.340783] pimreg: entered allmulticast mode
[   43.381309] pimreg: entered allmulticast mode
[   43.409126] pimreg: entered allmulticast mode
[   43.433813] pimreg: entered allmulticast mode
[   43.453452] pimreg: entered allmulticast mode
[   43.473813] pimreg: entered allmulticast mode
[   43.509736] pimreg: entered allmulticast mode
[   43.537832] pimreg: entered allmulticast mode
[   43.558555] pimreg: left allmulticast mode
[   43.558889] pimreg: left allmulticast mode
[   43.559188] pimreg: left allmulticast mode
[   43.559796] pimreg: left allmulticast mode
[   43.560106] pimreg: left allmulticast mode
[   43.560725] pimreg: left allmulticast mode
[   43.561016] pimreg: left allmulticast mode
[   43.561299] pimreg: left allmulticast mode
[   43.561635] pimreg: left allmulticast mode
[   43.575635] pimreg: entered allmulticast mode
[   43.602191] pimreg: entered allmulticast mode
[   43.630619] pimreg: entered allmulticast mode
[   43.641655] pimreg: entered allmulticast mode
[   43.666206] pimreg: entered allmulticast mode
[   43.694138] pimreg: entered allmulticast mode
[   43.717885] pimreg: entered allmulticast mode
[   43.745749] pimreg: entered allmulticast mode
[   43.750870] pimreg: left allmulticast mode
[   43.751253] pimreg: left allmulticast mode
[   43.751560] pimreg: left allmulticast mode
[   43.751910] pimreg: left allmulticast mode
[   43.752244] pimreg: left allmulticast mode
[   43.753859] pimreg: left allmulticast mode
[   43.754162] pimreg: left allmulticast mode
[   43.754459] pimreg: left allmulticast mode
[   43.767864] pimreg: entered allmulticast mode
[   43.807196] pimreg: entered allmulticast mode
[   43.833247] pimreg: entered allmulticast mode
[   43.866441] pimreg: entered allmulticast mode
[   43.893957] pimreg: entered allmulticast mode
[   43.913793] pimreg: entered allmulticast mode
[   43.934437] pimreg: left allmulticast mode
[   43.934773] pimreg: left allmulticast mode
[   43.935092] pimreg: left allmulticast mode
[   43.935849] pimreg: left allmulticast mode
[   43.936454] pimreg: left allmulticast mode
[   43.936776] pimreg: left allmulticast mode
[   43.937102] pimreg: left allmulticast mode
[   43.949348] pimreg: entered allmulticast mode
[   43.969634] pimreg: entered allmulticast mode
[   43.994650] pimreg: entered allmulticast mode
[   44.022028] pimreg: entered allmulticast mode
[   44.057507] pimreg: entered allmulticast mode
[   44.085444] pimreg: entered allmulticast mode
[   44.113921] pimreg: entered allmulticast mode
[   44.154065] pimreg: entered allmulticast mode
[   44.174164] pimreg: left allmulticast mode
[   44.174492] pimreg: left allmulticast mode
[   44.174795] pimreg: left allmulticast mode
[   44.175113] pimreg: left allmulticast mode
[   44.175621] pimreg: left allmulticast mode
[   44.175963] pimreg: left allmulticast mode
[   44.176278] pimreg: left allmulticast mode
[   44.187841] pimreg: entered allmulticast mode
[   44.217711] pimreg: entered allmulticast mode
[   44.241359] pimreg: entered allmulticast mode
[   44.262369] pimreg: entered allmulticast mode
[   44.281478] pimreg: entered allmulticast mode
[   44.321462] pimreg: entered allmulticast mode
[   44.349738] pimreg: entered allmulticast mode
[   44.373450] pimreg: entered allmulticast mode
[   44.378928] pimreg: left allmulticast mode
[   44.379233] pimreg: left allmulticast mode
[   44.379536] pimreg: left allmulticast mode
[   44.379854] pimreg: left allmulticast mode
[   44.380161] pimreg: left allmulticast mode
[   44.380475] pimreg: left allmulticast mode
[   44.380782] pimreg: left allmulticast mode
[   44.381095] pimreg: left allmulticast mode
[   44.395647] pimreg: entered allmulticast mode
[   44.422377] pimreg: entered allmulticast mode
[   44.445030] pimreg: entered allmulticast mode
[   44.470530] pimreg: entered allmulticast mode
[   44.485898] pimreg: entered allmulticast mode
[   44.510042] pimreg: entered allmulticast mode
[   44.533746] pimreg: entered allmulticast mode
[   44.538540] pimreg: left allmulticast mode
[   44.538896] pimreg: left allmulticast mode
[   44.539206] pimreg: left allmulticast mode
[   44.539511] pimreg: left allmulticast mode
[   44.539821] pimreg: left allmulticast mode
[   44.540452] pimreg: left allmulticast mode
[   44.540764] pimreg: left allmulticast mode
[   44.554139] pimreg: entered allmulticast mode
[   44.593774] pimreg: entered allmulticast mode
[   44.618559] pimreg: entered allmulticast mode
[   44.670740] pimreg: entered allmulticast mode
[   44.685650] pimreg: entered allmulticast mode
[   44.705962] pimreg: entered allmulticast mode
[   44.726349] pimreg: entered allmulticast mode
[   44.750328] pimreg: left allmulticast mode
[   44.751138] pimreg: left allmulticast mode
[   44.751507] pimreg: left allmulticast mode
[   44.751846] pimreg: left allmulticast mode
[   44.752153] pimreg: left allmulticast mode
[   44.752447] pimreg: left allmulticast mode
[   44.752741] pimreg: left allmulticast mode
[   44.765283] pimreg: entered allmulticast mode
[   44.786830] pimreg: entered allmulticast mode
[   44.811569] pimreg: entered allmulticast mode
[   44.831046] pimreg: entered allmulticast mode
[   44.869932] pimreg: entered allmulticast mode
[   44.905682] pimreg: entered allmulticast mode
[   44.929839] pimreg: entered allmulticast mode
[   44.950232] pimreg: left allmulticast mode
[   44.950646] pimreg: left allmulticast mode
[   44.950960] pimreg: left allmulticast mode
[   44.951263] pimreg: left allmulticast mode
[   44.951759] pimreg: left allmulticast mode
[   44.952361] pimreg: left allmulticast mode
[   44.952670] pimreg: left allmulticast mode
[   44.964762] pimreg: entered allmulticast mode
[   44.989924] pimreg: entered allmulticast mode
[   45.022706] pimreg: entered allmulticast mode
[   45.046301] pimreg: entered allmulticast mode
[   45.069859] pimreg: entered allmulticast mode
[   45.109454] pimreg: entered allmulticast mode
[   45.133617] pimreg: entered allmulticast mode
[   45.154305] pimreg: left allmulticast mode
[   45.154625] pimreg: left allmulticast mode
[   45.154914] pimreg: left allmulticast mode
[   45.155216] pimreg: left allmulticast mode
[   45.155540] pimreg: left allmulticast mode
[   45.156002] pimreg: left allmulticast mode
[   45.156391] pimreg: left allmulticast mode
[   45.167876] pimreg: entered allmulticast mode
[   45.185853] pimreg: entered allmulticast mode
[   45.214981] pimreg: entered allmulticast mode
[   45.233984] pimreg: entered allmulticast mode
[   45.269626] pimreg: entered allmulticast mode
[   45.305363] pimreg: entered allmulticast mode
[   45.350164] pimreg: entered allmulticast mode
[   45.382310] pimreg: entered allmulticast mode
[   45.390015] pimreg: left allmulticast mode
[   45.390493] pimreg: left allmulticast mode
[   45.390846] pimreg: left allmulticast mode
[   45.391163] pimreg: left allmulticast mode
[   45.391480] pimreg: left allmulticast mode
[   45.391801] pimreg: left allmulticast mode
[   45.392123] pimreg: left allmulticast mode
[   45.392443] pimreg: left allmulticast mode
[   45.405693] pimreg: entered allmulticast mode
[   45.430845] pimreg: entered allmulticast mode
[   45.446104] pimreg: entered allmulticast mode
[   45.482290] pimreg: entered allmulticast mode
[   45.513731] pimreg: entered allmulticast mode
[   45.553478] pimreg: entered allmulticast mode
[   45.593694] pimreg: entered allmulticast mode
[   45.618002] pimreg: entered allmulticast mode
[   45.645491] pimreg: entered allmulticast mode
[   45.650740] pimreg: left allmulticast mode
[   45.651286] pimreg: left allmulticast mode
[   45.651600] pimreg: left allmulticast mode
[   45.651912] pimreg: left allmulticast mode
[   45.652215] pimreg: left allmulticast mode
[   45.652514] pimreg: left allmulticast mode
[   45.652821] pimreg: left allmulticast mode
[   45.653123] pimreg: left allmulticast mode
[   45.669299] pimreg: entered allmulticast mode
[   45.706602] pimreg: entered allmulticast mode
[   45.735458] pimreg: entered allmulticast mode
[   45.762238] pimreg: entered allmulticast mode
[   45.789574] pimreg: entered allmulticast mode
[   45.817518] pimreg: entered allmulticast mode
[   45.849643] pimreg: entered allmulticast mode
[   45.881880] pimreg: entered allmulticast mode
[   45.906398] pimreg: left allmulticast mode
[   45.906925] pimreg: left allmulticast mode
[   45.907258] pimreg: left allmulticast mode
[   45.907549] pimreg: left allmulticast mode
[   45.907887] pimreg: left allmulticast mode
[   45.908197] pimreg: left allmulticast mode
[   45.908504] pimreg: left allmulticast mode
[   45.908814] pimreg: left allmulticast mode
[   45.909118] pimreg: left allmulticast mode
[   45.923402] pimreg: entered allmulticast mode
[   45.945087] pimreg: entered allmulticast mode
[   45.972595] pimreg: entered allmulticast mode
[   45.994821] pimreg: entered allmulticast mode
[   46.014202] pimreg: entered allmulticast mode
[   46.037821] pimreg: entered allmulticast mode
[   46.077487] pimreg: entered allmulticast mode
[   46.091247] pimreg: left allmulticast mode
[   46.091775] pimreg: left allmulticast mode
[   46.092089] pimreg: left allmulticast mode
[   46.092405] pimreg: left allmulticast mode
[   46.092707] pimreg: left allmulticast mode
[   46.093015] pimreg: left allmulticast mode
[   46.093319] pimreg: left allmulticast mode
[   46.106306] pimreg: entered allmulticast mode
[   46.133882] pimreg: entered allmulticast mode
[   46.155901] pimreg: entered allmulticast mode
[   46.169425] pimreg: entered allmulticast mode
[   46.181227] pimreg: entered allmulticast mode
[   46.201356] pimreg: entered allmulticast mode
[   46.233630] pimreg: entered allmulticast mode
[   46.257634] pimreg: entered allmulticast mode
[   46.282831] pimreg: left allmulticast mode
[   46.283145] pimreg: left allmulticast mode
[   46.283459] pimreg: left allmulticast mode
[   46.283792] pimreg: left allmulticast mode
[   46.284122] pimreg: left allmulticast mode
[   46.284442] pimreg: left allmulticast mode
[   46.284753] pimreg: left allmulticast mode
[   46.285064] pimreg: left allmulticast mode
[   46.298438] pimreg: entered allmulticast mode
[   46.318660] pimreg: entered allmulticast mode
[   46.344323] pimreg: entered allmulticast mode
[   46.365449] pimreg: entered allmulticast mode
[   46.377803] pimreg: entered allmulticast mode
[   46.409578] pimreg: entered allmulticast mode
[   46.433718] pimreg: entered allmulticast mode
[   46.446447] pimreg: left allmulticast mode
[   46.446971] pimreg: left allmulticast mode
[   46.447300] pimreg: left allmulticast mode
[   46.447635] pimreg: left allmulticast mode
[   46.447963] pimreg: left allmulticast mode
[   46.448288] pimreg: left allmulticast mode
[   46.448608] pimreg: left allmulticast mode
[   46.461970] pimreg: entered allmulticast mode
[   46.494409] pimreg: entered allmulticast mode
[   46.506985] pimreg: entered allmulticast mode
[   46.526994] pimreg: entered allmulticast mode
[   46.550120] pimreg: entered allmulticast mode
[   46.582306] pimreg: left allmulticast mode
[   46.582622] pimreg: left allmulticast mode
[   46.582912] pimreg: left allmulticast mode
[   46.583212] pimreg: left allmulticast mode
[   46.583536] pimreg: left allmulticast mode
[   46.593788] pimreg: entered allmulticast mode
[   46.629571] pimreg: entered allmulticast mode
[   46.650038] pimreg: entered allmulticast mode
[   46.690939] pimreg: entered allmulticast mode
[   46.729190] pimreg: entered allmulticast mode
[   46.753860] pimreg: entered allmulticast mode
[   46.794619] pimreg: left allmulticast mode
[   46.794943] pimreg: left allmulticast mode
[   46.795252] pimreg: left allmulticast mode
[   46.795558] pimreg: left allmulticast mode
[   46.795866] pimreg: left allmulticast mode
[   46.796180] pimreg: left allmulticast mode
[   46.806790] pimreg: entered allmulticast mode
[   46.824922] pimreg: entered allmulticast mode
[   46.849187] pimreg: entered allmulticast mode
[   46.882316] pimreg: entered allmulticast mode
[   46.897805] pimreg: entered allmulticast mode
[   46.927054] pimreg: entered allmulticast mode
[   46.938829] pimreg: left allmulticast mode
[   46.939150] pimreg: left allmulticast mode
[   46.939453] pimreg: left allmulticast mode
[   46.939766] pimreg: left allmulticast mode
[   46.940073] pimreg: left allmulticast mode
[   46.940392] pimreg: left allmulticast mode
[   46.952377] pimreg: entered allmulticast mode
[   46.980925] pimreg: entered allmulticast mode
[   47.007817] pimreg: entered allmulticast mode
[   47.025995] pimreg: entered allmulticast mode
[   47.053477] pimreg: entered allmulticast mode
[   47.077625] pimreg: entered allmulticast mode
[   47.101934] pimreg: entered allmulticast mode
[   47.137260] pimreg: entered allmulticast mode
[   47.142428] pimreg: left allmulticast mode
[   47.142757] pimreg: left allmulticast mode
[   47.143104] pimreg: left allmulticast mode
[   47.143436] pimreg: left allmulticast mode
[   47.144025] pimreg: left allmulticast mode
[   47.144341] pimreg: left allmulticast mode
[   47.144647] pimreg: left allmulticast mode
[   47.144959] pimreg: left allmulticast mode
[   47.158219] pimreg: entered allmulticast mode
[   47.178732] pimreg: entered allmulticast mode
[   47.211553] pimreg: entered allmulticast mode
[   47.233620] pimreg: entered allmulticast mode
[   47.257959] pimreg: entered allmulticast mode
[   47.277706] pimreg: entered allmulticast mode
[   47.305686] pimreg: entered allmulticast mode
[   47.326200] pimreg: entered allmulticast mode
[   47.334374] pimreg: left allmulticast mode
[   47.334932] pimreg: left allmulticast mode
[   47.335240] pimreg: left allmulticast mode
[   47.335548] pimreg: left allmulticast mode
[   47.335859] pimreg: left allmulticast mode
[   47.336165] pimreg: left allmulticast mode
[   47.336459] pimreg: left allmulticast mode
[   47.336761] pimreg: left allmulticast mode
[   47.350408] pimreg: entered allmulticast mode
[   47.398778] pimreg: entered allmulticast mode
[   47.422955] pimreg: entered allmulticast mode
[   47.466037] pimreg: entered allmulticast mode
[   47.493681] pimreg: entered allmulticast mode
[   47.521460] pimreg: entered allmulticast mode
[   47.565597] pimreg: entered allmulticast mode
[   47.610030] pimreg: entered allmulticast mode
[   47.662297] pimreg: left allmulticast mode
[   47.662649] pimreg: left allmulticast mode
[   47.662971] pimreg: left allmulticast mode
[   47.663292] pimreg: left allmulticast mode
[   47.663604] pimreg: left allmulticast mode
[   47.664072] pimreg: left allmulticast mode
[   47.664680] pimreg: left allmulticast mode
[   47.665011] pimreg: left allmulticast mode
[   47.679048] pimreg: entered allmulticast mode
[   47.707128] pimreg: entered allmulticast mode
[   47.720512] pimreg: entered allmulticast mode
[   47.733796] pimreg: entered allmulticast mode
[   47.766552] pimreg: entered allmulticast mode
[   47.786247] pimreg: entered allmulticast mode
[   47.809868] pimreg: entered allmulticast mode
[   47.837515] pimreg: entered allmulticast mode
[   47.870285] pimreg: entered allmulticast mode
[   47.870703] pimreg: left allmulticast mode
[   47.871003] pimreg: left allmulticast mode
[   47.871266] pimreg: left allmulticast mode
[   47.871510] pimreg: left allmulticast mode
[   47.871795] pimreg: left allmulticast mode
[   47.872076] pimreg: left allmulticast mode
[   47.872368] pimreg: left allmulticast mode
[   47.872639] pimreg: left allmulticast mode
[   47.886433] pimreg: entered allmulticast mode
[   47.906728] pimreg: entered allmulticast mode
[   47.937920] pimreg: entered allmulticast mode
[   47.978229] pimreg: entered allmulticast mode
[   48.017635] pimreg: entered allmulticast mode
[   48.049292] pimreg: entered allmulticast mode
[   48.089300] pimreg: entered allmulticast mode
[   48.113957] pimreg: entered allmulticast mode
[   48.163384] pimreg: left allmulticast mode
[   48.163718] pimreg: left allmulticast mode
[   48.163996] pimreg: left allmulticast mode
[   48.164272] pimreg: left allmulticast mode
[   48.164593] pimreg: left allmulticast mode
[   48.164913] pimreg: left allmulticast mode
[   48.165213] pimreg: left allmulticast mode
[   48.165508] pimreg: left allmulticast mode
[   48.165862] pimreg: left allmulticast mode
[   48.179874] pimreg: entered allmulticast mode
[   48.199809] pimreg: entered allmulticast mode
[   48.232170] pimreg: entered allmulticast mode
[   48.253652] pimreg: entered allmulticast mode
[   48.277307] pimreg: entered allmulticast mode
[   48.301713] pimreg: entered allmulticast mode
[   48.333835] pimreg: entered allmulticast mode
[   48.361679] pimreg: entered allmulticast mode
[   48.381568] pimreg: entered allmulticast mode
[   48.382384] pimreg: left allmulticast mode
[   48.382731] pimreg: left allmulticast mode
[   48.383034] pimreg: left allmulticast mode
[   48.383329] pimreg: left allmulticast mode
[   48.383636] pimreg: left allmulticast mode
[   48.383966] pimreg: left allmulticast mode
[   48.384269] pimreg: left allmulticast mode
[   48.384573] pimreg: left allmulticast mode
[   48.398341] pimreg: entered allmulticast mode
[   48.418318] pimreg: entered allmulticast mode
[   48.445122] pimreg: entered allmulticast mode
[   48.478141] pimreg: entered allmulticast mode
[   48.505963] pimreg: entered allmulticast mode
[   48.541641] pimreg: entered allmulticast mode
[   48.565665] pimreg: entered allmulticast mode
[   48.588312] pimreg: left allmulticast mode
[   48.588637] pimreg: left allmulticast mode
[   48.589560] pimreg: left allmulticast mode
[   48.589852] pimreg: left allmulticast mode
[   48.590165] pimreg: left allmulticast mode
[   48.590459] pimreg: left allmulticast mode
[   48.590771] pimreg: left allmulticast mode
[   48.591076] pimreg: left allmulticast mode
[   48.602697] pimreg: entered allmulticast mode
[   48.634819] pimreg: entered allmulticast mode
[   48.656958] pimreg: entered allmulticast mode
[   48.682705] pimreg: entered allmulticast mode
[   48.698037] pimreg: entered allmulticast mode
[   48.717594] pimreg: entered allmulticast mode
[   48.745580] pimreg: entered allmulticast mode
[   48.750676] pimreg: left allmulticast mode
[   48.750981] pimreg: left allmulticast mode
[   48.751268] pimreg: left allmulticast mode
[   48.751571] pimreg: left allmulticast mode
[   48.751879] pimreg: left allmulticast mode
[   48.752194] pimreg: left allmulticast mode
[   48.752491] pimreg: left allmulticast mode
[   48.765378] pimreg: entered allmulticast mode
[   48.805428] pimreg: entered allmulticast mode
[   48.827295] pimreg: entered allmulticast mode
[   48.849734] pimreg: entered allmulticast mode
[   48.873652] pimreg: entered allmulticast mode
[   48.901676] pimreg: entered allmulticast mode
[   48.921679] pimreg: entered allmulticast mode
[   48.941835] pimreg: entered allmulticast mode
[   48.946313] pimreg: left allmulticast mode
[   48.946666] pimreg: left allmulticast mode
[   48.946965] pimreg: left allmulticast mode
[   48.947264] pimreg: left allmulticast mode
[   48.947570] pimreg: left allmulticast mode
[   48.947880] pimreg: left allmulticast mode
[   48.948185] pimreg: left allmulticast mode
[   48.965477] pimreg: entered allmulticast mode
[   48.985718] pimreg: entered allmulticast mode
[   49.018298] pimreg: entered allmulticast mode
[   49.050152] pimreg: entered allmulticast mode
[   49.065148] pimreg: entered allmulticast mode
[   49.089745] pimreg: entered allmulticast mode
[   49.117887] pimreg: entered allmulticast mode
[   49.134577] pimreg: left allmulticast mode
[   49.134893] pimreg: left allmulticast mode
[   49.135191] pimreg: left allmulticast mode
[   49.135485] pimreg: left allmulticast mode
[   49.136744] pimreg: left allmulticast mode
[   49.137029] pimreg: left allmulticast mode
[   49.137317] pimreg: left allmulticast mode
[   49.137650] pimreg: left allmulticast mode
[   49.150510] pimreg: entered allmulticast mode
[   49.171673] pimreg: entered allmulticast mode
[   49.196600] pimreg: entered allmulticast mode
[   49.229666] pimreg: entered allmulticast mode
[   49.257854] pimreg: entered allmulticast mode
[   49.289481] pimreg: entered allmulticast mode
[   49.317725] pimreg: entered allmulticast mode
[   49.345476] pimreg: entered allmulticast mode
[   49.396422] pimreg: left allmulticast mode
[   49.396771] pimreg: left allmulticast mode
[   49.397091] pimreg: left allmulticast mode
[   49.397410] pimreg: left allmulticast mode
[   49.397771] pimreg: left allmulticast mode
[   49.398084] pimreg: left allmulticast mode
[   49.398382] pimreg: left allmulticast mode
[   49.398686] pimreg: left allmulticast mode
[   49.410606] pimreg: entered allmulticast mode
[   49.436108] pimreg: entered allmulticast mode
[   49.454186] pimreg: entered allmulticast mode
[   49.477939] pimreg: entered allmulticast mode
[   49.505710] pimreg: entered allmulticast mode
[   49.529883] pimreg: entered allmulticast mode
[   49.581588] pimreg: entered allmulticast mode
[   49.614241] pimreg: entered allmulticast mode
[   49.637822] pimreg: entered allmulticast mode
[   49.642537] pimreg: left allmulticast mode
[   49.642865] pimreg: left allmulticast mode
[   49.643165] pimreg: left allmulticast mode
[   49.643463] pimreg: left allmulticast mode
[   49.643776] pimreg: left allmulticast mode
[   49.644080] pimreg: left allmulticast mode
[   49.644380] pimreg: left allmulticast mode
[   49.644683] pimreg: left allmulticast mode
[   49.661060] pimreg: entered allmulticast mode
[   49.702124] pimreg: entered allmulticast mode
[   49.726385] pimreg: entered allmulticast mode
[   49.738356] pimreg: entered allmulticast mode
[   49.764819] pimreg: entered allmulticast mode
[   49.797697] pimreg: entered allmulticast mode
[   49.817615] pimreg: entered allmulticast mode
[   49.837865] pimreg: entered allmulticast mode
[   49.858572] pimreg: left allmulticast mode
[   49.858903] pimreg: left allmulticast mode
[   49.859238] pimreg: left allmulticast mode
[   49.859564] pimreg: left allmulticast mode
[   49.859899] pimreg: left allmulticast mode
[   49.861164] pimreg: left allmulticast mode
[   49.861479] pimreg: left allmulticast mode
[   49.861837] pimreg: left allmulticast mode
[   49.862141] pimreg: left allmulticast mode
[   49.876464] pimreg: entered allmulticast mode
[   49.904198] pimreg: entered allmulticast mode
[   49.914417] pimreg: entered allmulticast mode
[   49.926608] pimreg: entered allmulticast mode
[   49.946792] pimreg: entered allmulticast mode
[   49.969564] pimreg: entered allmulticast mode
[   49.993936] pimreg: entered allmulticast mode
[   50.022032] pimreg: entered allmulticast mode
[   50.061472] pimreg: entered allmulticast mode
[   50.065816] systemd-journald[144]: Data hash table of /run/log/journal/938775788448454bb5b34822d5730c41/system.journal has a fill level at 75.0 (5360 of 7146 items, 4116480 file size, 768 bytes per hash table item), suggesting rotation.
[   50.067272] pimreg: left allmulticast mode
[   50.067414] systemd-journald[144]: /run/log/journal/938775788448454bb5b34822d5730c41/system.journal: Journal header limits reached or header out-of-date, rotating.
[   50.067622] pimreg: left allmulticast mode
[   50.069883] pimreg: left allmulticast mode
[   50.070192] pimreg: left allmulticast mode
[   50.070509] pimreg: left allmulticast mode
[   50.070817] pimreg: left allmulticast mode
[   50.071118] pimreg: left allmulticast mode
[   50.071432] pimreg: left allmulticast mode
[   50.093727] pimreg: entered allmulticast mode
[   50.129496] pimreg: entered allmulticast mode
[   50.144014] pimreg: entered allmulticast mode
[   50.162136] pimreg: entered allmulticast mode
[   50.181402] pimreg: entered allmulticast mode
[   50.205608] pimreg: entered allmulticast mode
[   50.229818] pimreg: entered allmulticast mode
[   50.258039] pimreg: entered allmulticast mode
[   50.282310] pimreg: left allmulticast mode
[   50.282638] pimreg: left allmulticast mode
[   50.282918] pimreg: left allmulticast mode
[   50.283203] pimreg: left allmulticast mode
[   50.283497] pimreg: left allmulticast mode
[   50.283828] pimreg: left allmulticast mode
[   50.284134] pimreg: left allmulticast mode
[   50.284761] pimreg: left allmulticast mode
[   50.285074] pimreg: left allmulticast mode
[   50.299927] pimreg: entered allmulticast mode
[   50.330913] pimreg: entered allmulticast mode
[   50.350821] pimreg: entered allmulticast mode
[   50.362278] pimreg: entered allmulticast mode
[   50.413825] pimreg: entered allmulticast mode
[   50.435635] pimreg: left allmulticast mode
[   50.435967] pimreg: left allmulticast mode
[   50.436281] pimreg: left allmulticast mode
[   50.436612] pimreg: left allmulticast mode
[   50.436922] pimreg: left allmulticast mode
[   50.447150] pimreg: entered allmulticast mode
[   50.469576] pimreg: entered allmulticast mode
[   50.495694] pimreg: entered allmulticast mode
[   50.513415] pimreg: entered allmulticast mode
[   50.545734] pimreg: entered allmulticast mode
[   50.585806] pimreg: entered allmulticast mode
[   50.621778] pimreg: entered allmulticast mode
[   50.626258] pimreg: left allmulticast mode
[   50.626617] pimreg: left allmulticast mode
[   50.626928] pimreg: left allmulticast mode
[   50.627232] pimreg: left allmulticast mode
[   50.627540] pimreg: left allmulticast mode
[   50.627850] pimreg: left allmulticast mode
[   50.647273] pimreg: entered allmulticast mode
[   50.658249] pimreg: entered allmulticast mode
[   50.681371] pimreg: entered allmulticast mode
[   50.702079] pimreg: entered allmulticast mode
[   50.721846] pimreg: entered allmulticast mode
[   50.761878] pimreg: entered allmulticast mode
[   50.785496] pimreg: entered allmulticast mode
[   50.790473] pimreg: left allmulticast mode
[   50.790815] pimreg: left allmulticast mode
[   50.791131] pimreg: left allmulticast mode
[   50.791439] pimreg: left allmulticast mode
[   50.791750] pimreg: left allmulticast mode
[   50.792319] pimreg: left allmulticast mode
[   50.792672] pimreg: left allmulticast mode
[   50.792977] pimreg: left allmulticast mode
[   50.806744] pimreg: entered allmulticast mode
[   50.842663] pimreg: entered allmulticast mode
[   50.855416] pimreg: entered allmulticast mode
[   50.873951] pimreg: entered allmulticast mode
[   50.893814] pimreg: entered allmulticast mode
[   50.921475] pimreg: entered allmulticast mode
[   50.945646] pimreg: entered allmulticast mode
[   50.973806] pimreg: entered allmulticast mode
[   50.993892] pimreg: entered allmulticast mode
[   50.998405] pimreg: left allmulticast mode
[   50.998722] pimreg: left allmulticast mode
[   50.999007] pimreg: left allmulticast mode
[   50.999312] pimreg: left allmulticast mode
[   50.999623] pimreg: left allmulticast mode
[   50.999922] pimreg: left allmulticast mode
[   51.000220] pimreg: left allmulticast mode
[   51.000524] pimreg: left allmulticast mode
[   51.013924] pimreg: entered allmulticast mode
[   51.046278] pimreg: entered allmulticast mode
[   51.059414] pimreg: entered allmulticast mode
[   51.087329] pimreg: entered allmulticast mode
[   51.113665] pimreg: entered allmulticast mode
[   51.142638] pimreg: left allmulticast mode
[   51.142907] pimreg: left allmulticast mode
[   51.143167] pimreg: left allmulticast mode
[   51.143434] pimreg: left allmulticast mode
[   51.143697] pimreg: left allmulticast mode
[   51.143957] pimreg: left allmulticast mode
[   51.155177] pimreg: entered allmulticast mode
[   51.185402] pimreg: entered allmulticast mode
[   51.209788] pimreg: entered allmulticast mode
[   51.246610] pimreg: entered allmulticast mode
[   51.265020] pimreg: entered allmulticast mode
[   51.290207] pimreg: entered allmulticast mode
[   51.309856] pimreg: entered allmulticast mode
[   51.314339] pimreg: left allmulticast mode
[   51.314822] pimreg: left allmulticast mode
[   51.315132] pimreg: left allmulticast mode
[   51.315448] pimreg: left allmulticast mode
[   51.315792] pimreg: left allmulticast mode
[   51.316100] pimreg: left allmulticast mode
[   51.316407] pimreg: left allmulticast mode
[   51.329068] pimreg: entered allmulticast mode
[   51.357857] pimreg: entered allmulticast mode
[   51.378782] pimreg: entered allmulticast mode
[   51.397402] pimreg: entered allmulticast mode
[   51.417783] pimreg: entered allmulticast mode
[   51.445604] pimreg: entered allmulticast mode
[   51.466069] pimreg: entered allmulticast mode
[   51.474712] pimreg: left allmulticast mode
[   51.475030] pimreg: left allmulticast mode
[   51.475313] pimreg: left allmulticast mode
[   51.475627] pimreg: left allmulticast mode
[   51.475938] pimreg: left allmulticast mode
[   51.476249] pimreg: left allmulticast mode
[   51.476558] pimreg: left allmulticast mode
[   51.488809] pimreg: entered allmulticast mode
[   51.515626] pimreg: entered allmulticast mode
[   51.527844] pimreg: entered allmulticast mode
[   51.549845] pimreg: entered allmulticast mode
[   51.577673] pimreg: entered allmulticast mode
[   51.609398] pimreg: entered allmulticast mode
[   51.649898] pimreg: entered allmulticast mode
[   51.689738] pimreg: entered allmulticast mode
[   51.710374] pimreg: left allmulticast mode
[   51.710714] pimreg: left allmulticast mode
[   51.711023] pimreg: left allmulticast mode
[   51.711473] pimreg: left allmulticast mode
[   51.712184] pimreg: left allmulticast mode
[   51.712514] pimreg: left allmulticast mode
[   51.712836] pimreg: left allmulticast mode
[   51.713132] pimreg: left allmulticast mode
[   51.725697] pimreg: entered allmulticast mode
[   51.747491] pimreg: entered allmulticast mode
[   51.780427] pimreg: entered allmulticast mode
[   51.806122] pimreg: entered allmulticast mode
[   51.830061] pimreg: entered allmulticast mode
[   51.857824] pimreg: entered allmulticast mode
[   51.877022] pimreg: entered allmulticast mode
[   51.901721] pimreg: entered allmulticast mode
[   51.906580] pimreg: left allmulticast mode
[   51.907150] pimreg: left allmulticast mode
[   51.907462] pimreg: left allmulticast mode
[   51.907777] pimreg: left allmulticast mode
[   51.908078] pimreg: left allmulticast mode
[   51.908378] pimreg: left allmulticast mode
[   51.908683] pimreg: left allmulticast mode
[   51.922555] pimreg: entered allmulticast mode
[   51.973023] pimreg: entered allmulticast mode
[   51.996433] pimreg: entered allmulticast mode
[   52.017673] pimreg: entered allmulticast mode
[   52.037735] pimreg: entered allmulticast mode
[   52.061732] pimreg: entered allmulticast mode
[   52.081667] pimreg: entered allmulticast mode
[   52.109605] pimreg: entered allmulticast mode
[   52.110062] pimreg: left allmulticast mode
[   52.110384] pimreg: left allmulticast mode
[   52.110678] pimreg: left allmulticast mode
[   52.110962] pimreg: left allmulticast mode
[   52.111232] pimreg: left allmulticast mode
[   52.111542] pimreg: left allmulticast mode
[   52.111827] pimreg: left allmulticast mode
[   52.112101] pimreg: left allmulticast mode
[   52.126747] pimreg: entered allmulticast mode
[   52.160028] pimreg: entered allmulticast mode
[   52.185989] pimreg: entered allmulticast mode
[   52.209999] pimreg: entered allmulticast mode
[   52.238123] pimreg: entered allmulticast mode
[   52.265250] pimreg: entered allmulticast mode
[   52.285693] pimreg: entered allmulticast mode
[   52.306108] pimreg: entered allmulticast mode
[   52.322352] pimreg: left allmulticast mode
[   52.322703] pimreg: left allmulticast mode
[   52.323005] pimreg: left allmulticast mode
[   52.323336] pimreg: left allmulticast mode
[   52.325135] pimreg: left allmulticast mode
[   52.325463] pimreg: left allmulticast mode
[   52.325850] pimreg: left allmulticast mode
[   52.326156] pimreg: left allmulticast mode
[   52.326453] pimreg: left allmulticast mode
[   52.339992] pimreg: entered allmulticast mode
[   52.387621] pimreg: entered allmulticast mode
[   52.405770] pimreg: entered allmulticast mode
[   52.429760] pimreg: entered allmulticast mode
[   52.457712] pimreg: entered allmulticast mode
[   52.482127] pimreg: entered allmulticast mode
[   52.505826] pimreg: entered allmulticast mode
[   52.537581] pimreg: entered allmulticast mode
[   52.565827] pimreg: entered allmulticast mode
[   52.587648] pimreg: left allmulticast mode
[   52.587947] pimreg: left allmulticast mode
[   52.588215] pimreg: left allmulticast mode
[   52.588488] pimreg: left allmulticast mode
[   52.588809] pimreg: left allmulticast mode
[   52.589141] pimreg: left allmulticast mode
[   52.589451] pimreg: left allmulticast mode
[   52.590116] pimreg: left allmulticast mode
[   52.590429] pimreg: left allmulticast mode
[   52.605241] pimreg: entered allmulticast mode
[   52.629287] pimreg: entered allmulticast mode
[   52.672337] pimreg: entered allmulticast mode
[   52.693550] pimreg: entered allmulticast mode
[   52.725582] pimreg: entered allmulticast mode
[   52.745411] pimreg: entered allmulticast mode
[   52.777970] pimreg: entered allmulticast mode
[   52.817415] pimreg: entered allmulticast mode
[   52.845697] pimreg: entered allmulticast mode
[   52.870906] pimreg: left allmulticast mode
[   52.871276] pimreg: left allmulticast mode
[   52.871619] pimreg: left allmulticast mode
[   52.871948] pimreg: left allmulticast mode
[   52.872277] pimreg: left allmulticast mode
[   52.872605] pimreg: left allmulticast mode
[   52.872910] pimreg: left allmulticast mode
[   52.873213] pimreg: left allmulticast mode
[   52.874006] pimreg: left allmulticast mode
[   52.888617] pimreg: entered allmulticast mode
[   52.913515] pimreg: entered allmulticast mode
[   52.939074] pimreg: entered allmulticast mode
[   52.978499] pimreg: entered allmulticast mode
[   53.001924] pimreg: entered allmulticast mode
[   53.021905] pimreg: entered allmulticast mode
[   53.041681] pimreg: entered allmulticast mode
[   53.061667] pimreg: entered allmulticast mode
[   53.081562] pimreg: entered allmulticast mode
[   53.090558] pimreg: left allmulticast mode
[   53.090904] pimreg: left allmulticast mode
[   53.091234] pimreg: left allmulticast mode
[   53.091571] pimreg: left allmulticast mode
[   53.092275] pimreg: left allmulticast mode
[   53.092601] pimreg: left allmulticast mode
[   53.092927] pimreg: left allmulticast mode
[   53.093250] pimreg: left allmulticast mode
[   53.093993] pimreg: left allmulticast mode
[   53.108654] pimreg: entered allmulticast mode
[   53.136677] pimreg: entered allmulticast mode
[   53.181376] pimreg: entered allmulticast mode
[   53.193951] pimreg: entered allmulticast mode
[   53.217891] pimreg: entered allmulticast mode
[   53.237808] pimreg: entered allmulticast mode
[   53.265916] pimreg: entered allmulticast mode
[   53.286379] pimreg: entered allmulticast mode
[   53.302061] pimreg: left allmulticast mode
[   53.302404] pimreg: left allmulticast mode
[   53.302741] pimreg: left allmulticast mode
[   53.303064] pimreg: left allmulticast mode
[   53.303834] pimreg: left allmulticast mode
[   53.304215] pimreg: left allmulticast mode
[   53.304552] pimreg: left allmulticast mode
[   53.304862] pimreg: left allmulticast mode
[   53.318162] pimreg: entered allmulticast mode
[   53.343128] pimreg: entered allmulticast mode
[   53.362935] pimreg: entered allmulticast mode
[   53.389865] pimreg: entered allmulticast mode
[   53.445581] pimreg: entered allmulticast mode
[   53.473754] pimreg: entered allmulticast mode
[   53.513660] pimreg: entered allmulticast mode
[   53.549616] pimreg: entered allmulticast mode
[   53.577440] pimreg: entered allmulticast mode
[   53.582604] pimreg: left allmulticast mode
[   53.582919] pimreg: left allmulticast mode
[   53.583207] pimreg: left allmulticast mode
[   53.583495] pimreg: left allmulticast mode
[   53.583780] pimreg: left allmulticast mode
[   53.584060] pimreg: left allmulticast mode
[   53.584344] pimreg: left allmulticast mode
[   53.584628] pimreg: left allmulticast mode
[   53.605797] pimreg: entered allmulticast mode
[   53.630169] pimreg: entered allmulticast mode
[   53.654520] pimreg: entered allmulticast mode
[   53.705707] pimreg: entered allmulticast mode
[   53.741488] pimreg: entered allmulticast mode
[   53.757386] pimreg: entered allmulticast mode
[   53.770921] pimreg: entered allmulticast mode
[   53.782172] pimreg: left allmulticast mode
[   53.782516] pimreg: left allmulticast mode
[   53.782828] pimreg: left allmulticast mode
[   53.783129] pimreg: left allmulticast mode
[   53.783446] pimreg: left allmulticast mode
[   53.783756] pimreg: left allmulticast mode
[   53.784336] pimreg: left allmulticast mode
[   53.784645] pimreg: left allmulticast mode
[   53.798834] pimreg: entered allmulticast mode
[   53.823853] pimreg: entered allmulticast mode
[   53.861991] pimreg: entered allmulticast mode
[   53.902014] pimreg: entered allmulticast mode
[   53.921487] pimreg: entered allmulticast mode
[   53.949238] pimreg: entered allmulticast mode
[   53.981489] pimreg: entered allmulticast mode
[   54.006291] pimreg: entered allmulticast mode
[   54.014465] pimreg: left allmulticast mode
[   54.014783] pimreg: left allmulticast mode
[   54.015055] pimreg: left allmulticast mode
[   54.015331] pimreg: left allmulticast mode
[   54.015653] pimreg: left allmulticast mode
[   54.015958] pimreg: left allmulticast mode
[   54.016257] pimreg: left allmulticast mode
[   54.016566] pimreg: left allmulticast mode
[   54.034094] pimreg: entered allmulticast mode
[   54.054359] pimreg: entered allmulticast mode
[   54.097228] pimreg: entered allmulticast mode
[   54.110274] pimreg: entered allmulticast mode
[   54.146199] pimreg: left allmulticast mode
[   54.146541] pimreg: left allmulticast mode
[   54.146843] pimreg: left allmulticast mode
[   54.147154] pimreg: left allmulticast mode
[   54.156353] pimreg: entered allmulticast mode
[   54.169553] pimreg: entered allmulticast mode
[   54.182844] pimreg: entered allmulticast mode
[   54.205374] pimreg: entered allmulticast mode
[   54.218008] pimreg: entered allmulticast mode
[   54.226807] pimreg: left allmulticast mode
[   54.227162] pimreg: left allmulticast mode
[   54.227503] pimreg: left allmulticast mode
[   54.227832] pimreg: left allmulticast mode
[   54.228161] pimreg: left allmulticast mode
[   54.238166] pimreg: entered allmulticast mode
[   54.283190] pimreg: entered allmulticast mode
[   54.309401] pimreg: entered allmulticast mode
[   54.330081] pimreg: entered allmulticast mode
[   54.341677] pimreg: entered allmulticast mode
[   54.365473] pimreg: entered allmulticast mode
[   54.401839] pimreg: entered allmulticast mode
[   54.431042] pimreg: left allmulticast mode
[   54.431370] pimreg: left allmulticast mode
[   54.431685] pimreg: left allmulticast mode
[   54.431987] pimreg: left allmulticast mode
[   54.432306] pimreg: left allmulticast mode
[   54.432638] pimreg: left allmulticast mode
[   54.432946] pimreg: left allmulticast mode
[   54.445517] pimreg: entered allmulticast mode
[   54.477615] pimreg: entered allmulticast mode
[   54.520732] pimreg: entered allmulticast mode
[   54.557942] pimreg: entered allmulticast mode
[   54.594091] pimreg: entered allmulticast mode
[   54.630025] pimreg: entered allmulticast mode
[   54.669470] pimreg: entered allmulticast mode
[   54.709763] pimreg: entered allmulticast mode
[   54.730904] pimreg: left allmulticast mode
[   54.731235] pimreg: left allmulticast mode
[   54.731561] pimreg: left allmulticast mode
[   54.731872] pimreg: left allmulticast mode
[   54.732182] pimreg: left allmulticast mode
[   54.732501] pimreg: left allmulticast mode
[   54.732804] pimreg: left allmulticast mode
[   54.733104] pimreg: left allmulticast mode
[   54.746558] pimreg: entered allmulticast mode
[   54.767651] pimreg: entered allmulticast mode
[   54.800277] pimreg: entered allmulticast mode
[   54.825838] pimreg: entered allmulticast mode
[   54.850008] pimreg: entered allmulticast mode
[   54.877813] pimreg: entered allmulticast mode
[   54.878338] pimreg: left allmulticast mode
[   54.878693] pimreg: left allmulticast mode
[   54.879000] pimreg: left allmulticast mode
[   54.879311] pimreg: left allmulticast mode
[   54.879636] pimreg: left allmulticast mode
[   54.889921] pimreg: entered allmulticast mode
[   54.907117] pimreg: entered allmulticast mode
[   54.937313] pimreg: entered allmulticast mode
[   54.951022] pimreg: entered allmulticast mode
[   54.957888] pimreg: left allmulticast mode
[   54.958183] pimreg: left allmulticast mode
[   54.958464] pimreg: left allmulticast mode
[   54.958738] pimreg: left allmulticast mode
[   54.959010] pimreg: left allmulticast mode
[   54.968043] pimreg: entered allmulticast mode
[   54.995781] pimreg: entered allmulticast mode
[   55.013911] pimreg: entered allmulticast mode
[   55.046047] pimreg: entered allmulticast mode
[   55.077680] pimreg: entered allmulticast mode
[   55.101842] pimreg: entered allmulticast mode
[   55.118220] pimreg: left allmulticast mode
[   55.118557] pimreg: left allmulticast mode
[   55.118861] pimreg: left allmulticast mode
[   55.119166] pimreg: left allmulticast mode
[   55.119496] pimreg: left allmulticast mode
[   55.119810] pimreg: left allmulticast mode
[   55.130584] pimreg: entered allmulticast mode
[   55.160967] pimreg: entered allmulticast mode
[   55.180711] pimreg: entered allmulticast mode
[   55.213847] pimreg: entered allmulticast mode
[   55.237847] pimreg: entered allmulticast mode
[   55.265689] pimreg: entered allmulticast mode
[   55.285837] pimreg: entered allmulticast mode
[   55.302374] pimreg: left allmulticast mode
[   55.302707] pimreg: left allmulticast mode
[   55.303006] pimreg: left allmulticast mode
[   55.303323] pimreg: left allmulticast mode
[   55.303642] pimreg: left allmulticast mode
[   55.303969] pimreg: left allmulticast mode
[   55.304269] pimreg: left allmulticast mode
[   55.316231] pimreg: entered allmulticast mode
[   55.330302] pimreg: entered allmulticast mode
[   55.357629] pimreg: entered allmulticast mode
[   55.381831] pimreg: entered allmulticast mode
[   55.421699] pimreg: entered allmulticast mode
[   55.461870] pimreg: entered allmulticast mode
[   55.493871] pimreg: entered allmulticast mode
[   55.514419] pimreg: left allmulticast mode
[   55.514748] pimreg: left allmulticast mode
[   55.515048] pimreg: left allmulticast mode
[   55.515531] pimreg: left allmulticast mode
[   55.516377] pimreg: left allmulticast mode
[   55.516693] pimreg: left allmulticast mode
[   55.516962] pimreg: left allmulticast mode
[   55.517230] pimreg: left allmulticast mode
[   55.530447] pimreg: entered allmulticast mode
[   55.553932] pimreg: entered allmulticast mode
[   55.573580] pimreg: entered allmulticast mode
[   55.594823] pimreg: entered allmulticast mode
[   55.617970] pimreg: entered allmulticast mode
[   55.645744] pimreg: entered allmulticast mode
[   55.673803] pimreg: entered allmulticast mode
[   55.706086] pimreg: entered allmulticast mode
[   55.725596] pimreg: entered allmulticast mode
[   55.742249] pimreg: left allmulticast mode
[   55.742974] pimreg: left allmulticast mode
[   55.743334] pimreg: left allmulticast mode
[   55.743942] pimreg: left allmulticast mode
[   55.744264] pimreg: left allmulticast mode
[   55.744581] pimreg: left allmulticast mode
[   55.744883] pimreg: left allmulticast mode
[   55.745203] pimreg: left allmulticast mode
[   55.758422] pimreg: entered allmulticast mode
[   55.779304] pimreg: entered allmulticast mode
[   55.790021] pimreg: entered allmulticast mode
[   55.810471] pimreg: entered allmulticast mode
[   55.825448] pimreg: entered allmulticast mode
[   55.857755] pimreg: entered allmulticast mode
[   55.881606] pimreg: entered allmulticast mode
[   55.905882] pimreg: entered allmulticast mode
[   55.938391] pimreg: left allmulticast mode
[   55.938712] pimreg: left allmulticast mode
[   55.939023] pimreg: left allmulticast mode
[   55.939344] pimreg: left allmulticast mode
[   55.939669] pimreg: left allmulticast mode
[   55.941213] pimreg: left allmulticast mode
[   55.941558] pimreg: left allmulticast mode
[   55.941835] pimreg: left allmulticast mode
[   55.955164] pimreg: entered allmulticast mode
[   55.975945] pimreg: entered allmulticast mode
[   56.006194] pimreg: entered allmulticast mode
[   56.026405] pimreg: entered allmulticast mode
[   56.061767] pimreg: entered allmulticast mode
[   56.090023] pimreg: entered allmulticast mode
[   56.133761] pimreg: entered allmulticast mode
[   56.157280] pimreg: entered allmulticast mode
[   56.198383] pimreg: left allmulticast mode
[   56.198710] pimreg: left allmulticast mode
[   56.199017] pimreg: left allmulticast mode
[   56.199330] pimreg: left allmulticast mode
[   56.200115] pimreg: left allmulticast mode
[   56.200508] pimreg: left allmulticast mode
[   56.200826] pimreg: left allmulticast mode
[   56.201126] pimreg: left allmulticast mode
[   56.201437] pimreg: left allmulticast mode
[   56.215882] pimreg: entered allmulticast mode
[   56.237847] pimreg: entered allmulticast mode
[   56.284538] pimreg: entered allmulticast mode
[   56.321204] pimreg: entered allmulticast mode
[   56.361812] pimreg: entered allmulticast mode
[   56.397514] pimreg: entered allmulticast mode
[   56.437802] pimreg: entered allmulticast mode
[   56.461959] pimreg: entered allmulticast mode
[   56.490664] pimreg: entered allmulticast mode
[   56.499297] pimreg: left allmulticast mode
[   56.499637] pimreg: left allmulticast mode
[   56.499947] pimreg: left allmulticast mode
[   56.500255] pimreg: left allmulticast mode
[   56.500569] pimreg: left allmulticast mode
[   56.500884] pimreg: left allmulticast mode
[   56.501258] pimreg: left allmulticast mode
[   56.501896] pimreg: left allmulticast mode
[   56.515465] pimreg: entered allmulticast mode
[   56.543836] pimreg: entered allmulticast mode
[   56.572894] pimreg: entered allmulticast mode
[   56.595403] pimreg: entered allmulticast mode
[   56.617840] pimreg: entered allmulticast mode
[   56.642001] pimreg: entered allmulticast mode
[   56.685960] pimreg: entered allmulticast mode
[   56.725662] pimreg: entered allmulticast mode
[   56.754856] pimreg: left allmulticast mode
[   56.755189] pimreg: left allmulticast mode
[   56.755489] pimreg: left allmulticast mode
[   56.755790] pimreg: left allmulticast mode
[   56.756095] pimreg: left allmulticast mode
[   56.756420] pimreg: left allmulticast mode
[   56.756719] pimreg: left allmulticast mode
[   56.757017] pimreg: left allmulticast mode
[   56.770366] pimreg: entered allmulticast mode
[   56.795722] pimreg: entered allmulticast mode
[   56.820159] pimreg: entered allmulticast mode
[   56.833253] pimreg: entered allmulticast mode
[   56.861849] pimreg: entered allmulticast mode
[   56.881551] pimreg: entered allmulticast mode
[   56.905624] pimreg: entered allmulticast mode
[   56.929543] pimreg: entered allmulticast mode
[   56.954192] pimreg: entered allmulticast mode
[   56.958608] pimreg: left allmulticast mode
[   56.958964] pimreg: left allmulticast mode
[   56.959275] pimreg: left allmulticast mode
[   56.959592] pimreg: left allmulticast mode
[   56.959892] pimreg: left allmulticast mode
[   56.960196] pimreg: left allmulticast mode
[   56.960509] pimreg: left allmulticast mode
[   56.960816] pimreg: left allmulticast mode
[   56.981856] pimreg: entered allmulticast mode
[   57.007447] pimreg: entered allmulticast mode
[   57.029445] pimreg: entered allmulticast mode
[   57.041215] pimreg: entered allmulticast mode
[   57.081784] pimreg: entered allmulticast mode
[   57.122293] pimreg: entered allmulticast mode
[   57.137444] pimreg: entered allmulticast mode
[   57.161807] pimreg: entered allmulticast mode
[   57.166461] pimreg: left allmulticast mode
[   57.166782] pimreg: left allmulticast mode
[   57.167088] pimreg: left allmulticast mode
[   57.167404] pimreg: left allmulticast mode
[   57.167707] pimreg: left allmulticast mode
[   57.168016] pimreg: left allmulticast mode
[   57.168787] pimreg: left allmulticast mode
[   57.169159] pimreg: left allmulticast mode
[   57.169480] pimreg: left allmulticast mode
[   57.184807] pimreg: entered allmulticast mode
[   57.231298] pimreg: entered allmulticast mode
[   57.244652] pimreg: entered allmulticast mode
[   57.287257] pimreg: entered allmulticast mode
[   57.313623] pimreg: entered allmulticast mode
[   57.337406] pimreg: entered allmulticast mode
[   57.350572] pimreg: left allmulticast mode
[   57.351053] pimreg: left allmulticast mode
[   57.351378] pimreg: left allmulticast mode
[   57.351694] pimreg: left allmulticast mode
[   57.352006] pimreg: left allmulticast mode
[   57.352313] pimreg: left allmulticast mode
[   57.363842] pimreg: entered allmulticast mode
[   57.380796] pimreg: entered allmulticast mode
[   57.417433] pimreg: entered allmulticast mode
[   57.453676] pimreg: entered allmulticast mode
[   57.481938] pimreg: entered allmulticast mode
[   57.505636] pimreg: entered allmulticast mode
[   57.561306] pimreg: entered allmulticast mode
[   57.566199] pimreg: left allmulticast mode
[   57.566560] pimreg: left allmulticast mode
[   57.566869] pimreg: left allmulticast mode
[   57.567173] pimreg: left allmulticast mode
[   57.567664] pimreg: left allmulticast mode
[   57.567965] pimreg: left allmulticast mode
[   57.585499] pimreg: entered allmulticast mode
[   57.610698] pimreg: entered allmulticast mode
[   57.629593] pimreg: entered allmulticast mode
[   57.653611] pimreg: entered allmulticast mode
[   57.673617] pimreg: entered allmulticast mode
[   57.709835] pimreg: entered allmulticast mode
[   57.733694] pimreg: entered allmulticast mode
[   57.738408] pimreg: left allmulticast mode
[   57.738823] pimreg: left allmulticast mode
[   57.739116] pimreg: left allmulticast mode
[   57.739403] pimreg: left allmulticast mode
[   57.739677] pimreg: left allmulticast mode
[   57.739953] pimreg: left allmulticast mode
[   57.740236] pimreg: left allmulticast mode
[   57.757049] pimreg: entered allmulticast mode
[   57.781902] pimreg: entered allmulticast mode
[   57.797802] pimreg: entered allmulticast mode
[   57.823049] pimreg: entered allmulticast mode
[   57.841848] pimreg: entered allmulticast mode
[   57.881849] pimreg: entered allmulticast mode
[   57.905861] pimreg: entered allmulticast mode
[   57.930020] pimreg: entered allmulticast mode
[   57.934399] pimreg: left allmulticast mode
[   57.934699] pimreg: left allmulticast mode
[   57.934951] pimreg: left allmulticast mode
[   57.935210] pimreg: left allmulticast mode
[   57.935467] pimreg: left allmulticast mode
[   57.935712] pimreg: left allmulticast mode
[   57.936150] pimreg: left allmulticast mode
[   57.936509] pimreg: left allmulticast mode
[   57.936823] pimreg: left allmulticast mode
[   57.951806] pimreg: entered allmulticast mode
[   57.999322] pimreg: entered allmulticast mode
[   58.027257] pimreg: entered allmulticast mode
[   58.050324] pimreg: entered allmulticast mode
[   58.089839] pimreg: entered allmulticast mode
[   58.117606] pimreg: entered allmulticast mode
[   58.157450] pimreg: entered allmulticast mode
[   58.185837] pimreg: entered allmulticast mode
[   58.209792] pimreg: entered allmulticast mode
[   58.239196] pimreg: left allmulticast mode
[   58.239537] pimreg: left allmulticast mode
[   58.239836] pimreg: left allmulticast mode
[   58.240141] pimreg: left allmulticast mode
[   58.240453] pimreg: left allmulticast mode
[   58.240764] pimreg: left allmulticast mode
[   58.241073] pimreg: left allmulticast mode
[   58.241397] pimreg: left allmulticast mode
[   58.242045] pimreg: left allmulticast mode
[   58.256225] pimreg: entered allmulticast mode
[   58.287523] pimreg: entered allmulticast mode
[   58.325883] pimreg: entered allmulticast mode
[   58.365343] pimreg: entered allmulticast mode
[   58.405620] pimreg: entered allmulticast mode
[   58.457362] pimreg: entered allmulticast mode
[   58.485639] pimreg: entered allmulticast mode
[   58.525948] pimreg: entered allmulticast mode
[   58.550674] pimreg: left allmulticast mode
[   58.551021] pimreg: left allmulticast mode
[   58.551372] pimreg: left allmulticast mode
[   58.551684] pimreg: left allmulticast mode
[   58.552246] pimreg: left allmulticast mode
[   58.552561] pimreg: left allmulticast mode
[   58.552858] pimreg: left allmulticast mode
[   58.553155] pimreg: left allmulticast mode
[   58.566661] pimreg: entered allmulticast mode
[   58.614138] pimreg: entered allmulticast mode
[   58.626657] pimreg: entered allmulticast mode
[   58.650101] pimreg: entered allmulticast mode
[   58.669776] pimreg: entered allmulticast mode
[   58.689608] pimreg: entered allmulticast mode
[   58.709496] pimreg: entered allmulticast mode
[   58.729655] pimreg: entered allmulticast mode
[   58.746756] pimreg: left allmulticast mode
[   58.747106] pimreg: left allmulticast mode
[   58.747442] pimreg: left allmulticast mode
[   58.747787] pimreg: left allmulticast mode
[   58.748126] pimreg: left allmulticast mode
[   58.748698] pimreg: left allmulticast mode
[   58.749005] pimreg: left allmulticast mode
[   58.749308] pimreg: left allmulticast mode
[   58.762754] pimreg: entered allmulticast mode
[   58.794313] pimreg: entered allmulticast mode
[   58.839835] pimreg: entered allmulticast mode
[   58.861913] pimreg: entered allmulticast mode
[   58.909729] pimreg: entered allmulticast mode
[   58.945795] pimreg: entered allmulticast mode
[   58.977764] pimreg: entered allmulticast mode
[   59.021430] pimreg: entered allmulticast mode
[   59.049474] pimreg: entered allmulticast mode
[   59.050890] pimreg: left allmulticast mode
[   59.051243] pimreg: left allmulticast mode
[   59.051568] pimreg: left allmulticast mode
[   59.051869] pimreg: left allmulticast mode
[   59.052182] pimreg: left allmulticast mode
[   59.052504] pimreg: left allmulticast mode
[   59.052806] pimreg: left allmulticast mode
[   59.053114] pimreg: left allmulticast mode
[   59.068474] pimreg: entered allmulticast mode
[   59.091071] pimreg: entered allmulticast mode
[   59.119875] pimreg: entered allmulticast mode
[   59.150325] pimreg: entered allmulticast mode
[   59.173461] pimreg: entered allmulticast mode
[   59.205438] pimreg: entered allmulticast mode
[   59.229507] pimreg: entered allmulticast mode
[   59.258003] pimreg: entered allmulticast mode
[   59.282294] pimreg: left allmulticast mode
[   59.282617] pimreg: left allmulticast mode
[   59.282923] pimreg: left allmulticast mode
[   59.283227] pimreg: left allmulticast mode
[   59.284837] pimreg: left allmulticast mode
[   59.285166] pimreg: left allmulticast mode
[   59.285488] pimreg: left allmulticast mode
[   59.285834] pimreg: left allmulticast mode
[   59.286147] pimreg: left allmulticast mode
[   59.300117] pimreg: entered allmulticast mode
[   59.327718] pimreg: entered allmulticast mode
[   59.338755] pimreg: entered allmulticast mode
[   59.362179] pimreg: entered allmulticast mode
[   59.377854] pimreg: entered allmulticast mode
[   59.405877] pimreg: entered allmulticast mode
[   59.445788] pimreg: entered allmulticast mode
[   59.481288] pimreg: entered allmulticast mode
[   59.517605] pimreg: entered allmulticast mode
[   59.550403] pimreg: left allmulticast mode
[   59.550950] pimreg: left allmulticast mode
[   59.551261] pimreg: left allmulticast mode
[   59.551539] pimreg: left allmulticast mode
[   59.551871] pimreg: left allmulticast mode
[   59.552181] pimreg: left allmulticast mode
[   59.552496] pimreg: left allmulticast mode
[   59.552800] pimreg: left allmulticast mode
[   59.553099] pimreg: left allmulticast mode
[   59.567889] pimreg: entered allmulticast mode
[   59.599571] pimreg: entered allmulticast mode
[   59.611109] pimreg: entered allmulticast mode
[   59.620654] pimreg: entered allmulticast mode
[   59.641844] pimreg: entered allmulticast mode
[   59.665719] pimreg: entered allmulticast mode
[   59.701491] pimreg: entered allmulticast mode
[   59.733694] pimreg: entered allmulticast mode
[   59.765260] pimreg: entered allmulticast mode
[   59.781621] pimreg: entered allmulticast mode
[   59.795655] pimreg: entered allmulticast mode
[   59.818006] pimreg: left allmulticast mode
[   59.818338] pimreg: left allmulticast mode
[   59.818640] pimreg: left allmulticast mode
[   59.818942] pimreg: left allmulticast mode
[   59.819947] pimreg: left allmulticast mode
[   59.820291] pimreg: left allmulticast mode
[   59.820588] pimreg: left allmulticast mode
[   59.820879] pimreg: left allmulticast mode
[   59.821185] pimreg: left allmulticast mode
[   59.821493] pimreg: left allmulticast mode
[   59.821815] pimreg: left allmulticast mode
[   59.838689] pimreg: entered allmulticast mode
[   59.873770] pimreg: entered allmulticast mode
[   59.918510] pimreg: entered allmulticast mode
[   59.945942] pimreg: entered allmulticast mode
[   59.969800] pimreg: entered allmulticast mode
[   60.009398] pimreg: entered allmulticast mode
[   60.045903] pimreg: entered allmulticast mode
[   60.073687] pimreg: entered allmulticast mode
[   60.097589] pimreg: entered allmulticast mode
[   60.126348] pimreg: entered allmulticast mode
[   60.142465] pimreg: left allmulticast mode
[   60.142792] pimreg: left allmulticast mode
[   60.143100] pimreg: left allmulticast mode
[   60.143425] pimreg: left allmulticast mode
[   60.144898] pimreg: left allmulticast mode
[   60.145215] pimreg: left allmulticast mode
[   60.145582] pimreg: left allmulticast mode
[   60.145888] pimreg: left allmulticast mode
[   60.146181] pimreg: left allmulticast mode
[   60.146490] pimreg: left allmulticast mode
[   60.161619] pimreg: entered allmulticast mode
[   60.186265] pimreg: entered allmulticast mode
[   60.219037] pimreg: entered allmulticast mode
[   60.229889] pimreg: entered allmulticast mode
[   60.254335] pimreg: left allmulticast mode
[   60.254752] pimreg: left allmulticast mode
[   60.255058] pimreg: left allmulticast mode
[   60.255381] pimreg: left allmulticast mode
[   60.263658] pimreg: entered allmulticast mode
[   60.285905] pimreg: entered allmulticast mode
