c[?7l[2J[0mSeaBIOS (version rel-1.16.3-0-ga6ed6b701f0a-prebuilt.qemu.org)


iPXE (http://ipxe.org) 00:03.0 CA00 PCI2.10 PnP PMM+7EFD0D60+7EF30D60 CA00
Press Ctrl-B to configure iPXE (PCI 00:03.0)...                                                                               


Booting from ROM...
c[?7l[2J[    0.000000] Linux version 7.1.0-rc2-705d645ba803+ (root@gnr-800442) (gcc (GCC) 11.5.0 20240719 (Red Hat 11.5.0-14), GNU ld version 2.35.2-66.el9) #1 SMP PREEMPT_DYNAMIC Wed May  6 10:35:06 CST 2026
[    0.000000] Command line: console=ttyS0 root=/dev/sda earlyprintk=serial net.ifnames=0 thunderbolt.dyndbg
[    0.000000] KERNEL supported cpus:
[    0.000000]   Intel GenuineIntel
[    0.000000]   AMD AuthenticAMD
[    0.000000]   Hygon HygonGenuine
[    0.000000]   Centaur CentaurHauls
[    0.000000]   zhaoxin   Shanghai  
[    0.000000] x86/CPU: Model not found in latest microcode list
[    0.000000] x86/split lock detection: #DB: warning on user-space bus_locks
[    0.000000] BIOS-provided physical RAM map:
[    0.000000] BIOS-e820: [mem 0x0000000000000000-0x000000000009fbff]  System RAM
[    0.000000] BIOS-e820: [mem 0x000000000009fc00-0x000000000009ffff]  device reserved
[    0.000000] BIOS-e820: [gap 0x00000000000a0000-0x00000000000effff]
[    0.000000] BIOS-e820: [mem 0x00000000000f0000-0x00000000000fffff]  device reserved
[    0.000000] BIOS-e820: [mem 0x0000000000100000-0x000000007ffdffff]  System RAM
[    0.000000] BIOS-e820: [mem 0x000000007ffe0000-0x000000007fffffff]  device reserved
[    0.000000] BIOS-e820: [gap 0x0000000080000000-0x00000000feffbfff]
[    0.000000] BIOS-e820: [mem 0x00000000feffc000-0x00000000feffffff]  device reserved
[    0.000000] BIOS-e820: [gap 0x00000000ff000000-0x00000000fffbffff]
[    0.000000] BIOS-e820: [mem 0x00000000fffc0000-0x00000000ffffffff]  device reserved
[    0.000000] printk: legacy bootconsole [earlyser0] enabled
[    0.000000] NX (Execute Disable) protection: active
[    0.000000] APIC: Static calls initialized
[    0.000000] DMI: SMBIOS 3.0.0 present.
[    0.000000] DMI: QEMU Standard PC (i440FX + PIIX, 1996), BIOS rel-1.16.3-0-ga6ed6b701f0a-prebuilt.qemu.org 04/01/2014
[    0.000000] DMI: Memory slots populated: 1/1
[    0.000000] Hypervisor detected: KVM
[    0.000000] last_pfn = 0x7ffe0 max_arch_pfn = 0x10000000000
[    0.000000] kvm-clock: Using msrs 4b564d01 and 4b564d00
[    0.000003] kvm-clock: using sched offset of 746922417 cycles
[    0.000529] clocksource: kvm-clock: mask: 0xffffffffffffffff max_cycles: 0x1cd42e4dffb, max_idle_ns: 881590591483 ns
[    0.002160] tsc: Detected 2500.000 MHz processor
[    0.010208] last_pfn = 0x7ffe0 max_arch_pfn = 0x10000000000
[    0.010787] MTRR map: 4 entries (3 fixed + 1 variable; max 19), built from 8 variable MTRRs
[    0.011636] x86/PAT: Configuration [0-7]: WB  WC  UC- UC  WB  WP  UC- WT  
[    0.017136] found SMP MP-table at [mem 0x000f5480-0x000f548f]
[    0.017717] Using GB pages for direct mapping
[    0.020116] ACPI: Early table checksum verification disabled
[    0.020660] ACPI: RSDP 0x00000000000F52A0 000014 (v00 BOCHS )
[    0.021265] ACPI: RSDT 0x000000007FFE1C9B 000034 (v01 BOCHS  BXPC     00000001 BXPC 00000001)
[    0.022151] ACPI: FACP 0x000000007FFE1B47 000074 (v01 BOCHS  BXPC     00000001 BXPC 00000001)
[    0.023043] ACPI: DSDT 0x000000007FFE0040 001B07 (v01 BOCHS  BXPC     00000001 BXPC 00000001)
[    0.023913] ACPI: FACS 0x000000007FFE0000 000040
[    0.024395] ACPI: APIC 0x000000007FFE1BBB 000080 (v03 BOCHS  BXPC     00000001 BXPC 00000001)
[    0.025254] ACPI: HPET 0x000000007FFE1C3B 000038 (v01 BOCHS  BXPC     00000001 BXPC 00000001)
[    0.026117] ACPI: WAET 0x000000007FFE1C73 000028 (v01 BOCHS  BXPC     00000001 BXPC 00000001)
[    0.026976] ACPI: Reserving FACP table memory at [mem 0x7ffe1b47-0x7ffe1bba]
[    0.027691] ACPI: Reserving DSDT table memory at [mem 0x7ffe0040-0x7ffe1b46]
[    0.028400] ACPI: Reserving FACS table memory at [mem 0x7ffe0000-0x7ffe003f]
[    0.029112] ACPI: Reserving APIC table memory at [mem 0x7ffe1bbb-0x7ffe1c3a]
[    0.029822] ACPI: Reserving HPET table memory at [mem 0x7ffe1c3b-0x7ffe1c72]
[    0.030532] ACPI: Reserving WAET table memory at [mem 0x7ffe1c73-0x7ffe1c9a]
[    0.031777] No NUMA configuration found
[    0.032165] Faking a node at [mem 0x0000000000000000-0x000000007ffdffff]
[    0.032873] NODE_DATA(0) allocated [mem 0x7ffb4bc0-0x7ffdfcbf]
[    0.107381] KernelAddressSanitizer initialized (generic)
[    0.108252] ACPI: PM-Timer IO Port: 0x608
[    0.108697] ACPI: LAPIC_NMI (acpi_id[0xff] dfl dfl lint[0x1])
[    0.109369] IOAPIC[0]: apic_id 0, version 17, address 0xfec00000, GSI 0-23
[    0.110103] ACPI: INT_SRC_OVR (bus 0 bus_irq 0 global_irq 2 dfl dfl)
[    0.110774] ACPI: INT_SRC_OVR (bus 0 bus_irq 5 global_irq 5 high level)
[    0.111470] ACPI: INT_SRC_OVR (bus 0 bus_irq 9 global_irq 9 high level)
[    0.112153] ACPI: INT_SRC_OVR (bus 0 bus_irq 10 global_irq 10 high level)
[    0.112850] ACPI: INT_SRC_OVR (bus 0 bus_irq 11 global_irq 11 high level)
[    0.113556] ACPI: Using ACPI (MADT) for SMP configuration information
[    0.114202] ACPI: HPET id: 0x8086a201 base: 0xfed00000
[    0.114741] TSC deadline timer available
[    0.115143] CPU topo: Max. logical packages:   1
[    0.115619] CPU topo: Max. logical nodes:      1
[    0.116084] CPU topo: Num. nodes per package:  1
[    0.116563] CPU topo: Max. logical dies:       1
[    0.117028] CPU topo: Max. dies per package:   1
[    0.117514] CPU topo: Max. threads per core:   1
[    0.117983] CPU topo: Num. cores per package:     2
[    0.118492] CPU topo: Num. threads per package:   2
[    0.118984] CPU topo: Allowing 2 present CPUs plus 0 hotplug CPUs
[    0.119663] kvm-guest: APIC: eoi() replaced with kvm_guest_apic_eoi_write()
[    0.120398] kvm-guest: KVM setup pv remote TLB flush
[    0.120894] kvm-guest: setup PV sched yield
[    0.121350] PM: hibernation: Registered nosave memory: [mem 0x00000000-0x00000fff]
[    0.122100] PM: hibernation: Registered nosave memory: [mem 0x0009f000-0x000fffff]
[    0.122873] [gap 0x80000000-0xfeffbfff] available for PCI devices
[    0.123493] Booting paravirtualized kernel on KVM
[    0.123970] clocksource: refined-jiffies: mask: 0xffffffff max_cycles: 0xffffffff, max_idle_ns: 7645519600211568 ns
[    0.125637] Zone ranges:
[    0.125937]   DMA      [mem 0x0000000000001000-0x0000000000ffffff]
[    0.126570]   DMA32    [mem 0x0000000001000000-0x000000007ffdffff]
[    0.127196]   Normal   empty
[    0.127500]   Device   empty
[    0.127791] Movable zone start for each node
[    0.128238] Early memory node ranges
[    0.128602]   node   0: [mem 0x0000000000001000-0x000000000009efff]
[    0.129238]   node   0: [mem 0x0000000000100000-0x000000007ffdffff]
[    0.129878] Initmem setup node 0 [mem 0x0000000000001000-0x000000007ffdffff]
[    0.130934] On node 0, zone DMA: 1 pages in unavailable ranges
[    0.131752] On node 0, zone DMA: 97 pages in unavailable ranges
[    0.159898] On node 0, zone DMA32: 32 pages in unavailable ranges
[    0.160526] setup_percpu: NR_CPUS:8192 nr_cpumask_bits:2 nr_cpu_ids:2 nr_node_ids:1
[    0.161942] percpu: Embedded 81 pages/cpu s294912 r8192 d28672 u1048576
[    0.162845] kvm-guest: PV spinlocks enabled
[    0.163281] PV qspinlock hash table entries: 256 (order: 0, 4096 bytes, linear)
[    0.164044] Kernel command line: net.ifnames=0 console=ttyS0 root=/dev/sda earlyprintk=serial net.ifnames=0 thunderbolt.dyndbg
[    0.165516] random: crng init done
[    0.165871] printk: log buffer data + meta data: 262144 + 1114112 = 1376256 bytes
[    0.167147] Dentry cache hash table entries: 262144 (order: 9, 2097152 bytes, linear)
[    0.168469] Inode-cache hash table entries: 131072 (order: 8, 1048576 bytes, linear)
[    0.169583] Fallback order for Node 0: 0 
[    0.169597] Built 1 zonelists, mobility grouping on.  Total pages: 524158
[    0.170684] Policy zone: DMA32
[    0.170987] mem auto-init: stack:off, heap alloc:off, heap free:off
[    0.171608] stackdepot: allocating hash table via alloc_large_system_hash
[    0.172286] stackdepot hash table entries: 1048576 (order: 12, 16777216 bytes, linear)
[    0.177287] stackdepot: allocating space for 8192 stack pools via memblock
[    0.227710] SLUB: HWalign=64, Order=0-3, MinObjects=0, CPUs=2, Nodes=1
[    0.228347] kmemleak: Kernel memory leak detector disabled
[    0.267742] ftrace: allocating 76262 entries in 300 pages
[    0.268220] ftrace: allocated 300 pages with 4 groups
[    0.271409] Dynamic Preempt: lazy
[    0.272280] Running RCU self tests
[    0.272589] Running RCU synchronous self tests
[    0.272985] rcu: Preemptible hierarchical RCU implementation.
[    0.273500] rcu: 	RCU lockdep checking is enabled.
[    0.273927] rcu: 	RCU restricting CPUs from NR_CPUS=8192 to nr_cpu_ids=2.
[    0.274531] 	Trampoline variant of Tasks RCU enabled.
[    0.274977] 	Rude variant of Tasks RCU enabled.
[    0.275382] 	Tracing variant of Tasks RCU enabled.
[    0.275808] rcu: RCU calculated value of scheduler-enlistment delay is 25 jiffies.
[    0.276486] rcu: Adjusting geometry for rcu_fanout_leaf=16, nr_cpu_ids=2
[    0.277169] Running RCU synchronous self tests
[    0.277579] RCU Tasks: Setting shift to 1 and lim to 1 rcu_task_cb_adjust=1 rcu_task_cpu_ids=2.
[    0.278366] RCU Tasks Rude: Setting shift to 1 and lim to 1 rcu_task_cb_adjust=1 rcu_task_cpu_ids=2.
[    0.352981] NR_IRQS: 524544, nr_irqs: 440, preallocated irqs: 16
[    0.354248] rcu: srcu_init: Setting srcu_struct sizes based on contention.
[    0.363268] Console: colour VGA+ 80x25
[    0.363690] printk: legacy console [ttyS0] enabled
[    0.363690] printk: legacy console [ttyS0] enabled
[    0.364655] printk: legacy bootconsole [earlyser0] disabled
[    0.364655] printk: legacy bootconsole [earlyser0] disabled
[    0.365776] Lock dependency validator: Copyright (c) 2006 Red Hat, Inc., Ingo Molnar
[    0.366549] ... MAX_LOCKDEP_SUBCLASSES:  8
[    0.366962] ... MAX_LOCK_DEPTH:          48
[    0.367394] ... MAX_LOCKDEP_KEYS:        8192
[    0.367838] ... CLASSHASH_SIZE:          4096
[    0.368280] ... MAX_LOCKDEP_ENTRIES:     32768
[    0.368732] ... MAX_LOCKDEP_CHAINS:      65536
[    0.369180] ... CHAINHASH_SIZE:          32768
[    0.369629]  memory used by lock dependency info: 6429 kB
[    0.370163]  memory used for stack traces: 16896 kB
[    0.370658]  per task-struct memory footprint: 1920 bytes
[    0.371320] ACPI: Core revision 20251212
[    0.372220] clocksource: hpet: mask: 0xffffffff max_cycles: 0xffffffff, max_idle_ns: 19112604467 ns
[    0.373337] APIC: Switch to symmetric I/O mode setup
[    0.374266] x2apic enabled
[    0.374975] APIC: Switched APIC routing to: physical x2apic
[    0.375564] kvm-guest: APIC: send_IPI_mask() replaced with kvm_send_ipi_mask()
[    0.376322] kvm-guest: APIC: send_IPI_mask_allbutself() replaced with kvm_send_ipi_mask_allbutself()
[    0.377240] kvm-guest: setup PV IPIs
[    0.378844] ..TIMER: vector=0x30 apic1=0 pin1=2 apic2=-1 pin2=-1
[    0.379493] clocksource: tsc-early: mask: 0xffffffffffffffff max_cycles: 0x240939f1bb2, max_idle_ns: 440795263295 ns
[    0.380589] Calibrating delay loop (skipped) preset value.. 5000.00 BogoMIPS (lpj=10000000)
[    0.384766] x86/cpu: User Mode Instruction Prevention (UMIP) activated
[    0.385569] Last level iTLB entries: 4KB 0, 2MB 0, 4MB 0
[    0.386110] Last level dTLB entries: 4KB 0, 2MB 0, 4MB 0, 1GB 0
[    0.386758] mitigations: Enabled attack vectors: user_kernel, user_user, guest_host, guest_guest, SMT mitigations: auto
[    0.387853] Speculative Store Bypass: Mitigation: Speculative Store Bypass disabled via prctl
[    0.388588] Spectre V2 : Mitigation: Enhanced / Automatic IBRS
[    0.389204] ITS: Mitigation: Aligned branch/return thunks
[    0.389753] Spectre V1 : Mitigation: usercopy/swapgs barriers and __user pointer sanitization
[    0.390609] Spectre V2 : WARNING: Unprivileged eBPF is enabled with eIBRS on, data leaks possible via Spectre v2 BHB attacks!
[    0.391728] Spectre V2 : Spectre v2 / PBRSB-eIBRS: Retire a single CALL on VMEXIT
[    0.392594] Spectre V2 : mitigation: Enabling conditional Indirect Branch Prediction Barrier
[    0.393441] active return thunk: its_return_thunk
[    0.393926] Spectre V2 : Spectre BHI mitigation: SW BHB clearing on syscall and VM exit
[    0.394771] x86/fpu: Supporting XSAVE feature 0x001: 'x87 floating point registers'
[    0.395526] x86/fpu: Supporting XSAVE feature 0x002: 'SSE registers'
[    0.396585] x86/fpu: Supporting XSAVE feature 0x004: 'AVX registers'
[    0.397215] x86/fpu: Supporting XSAVE feature 0x020: 'AVX-512 opmask'
[    0.397852] x86/fpu: Supporting XSAVE feature 0x040: 'AVX-512 Hi256'
[    0.398482] x86/fpu: Supporting XSAVE feature 0x080: 'AVX-512 ZMM_Hi256'
[    0.399124] x86/fpu: Supporting XSAVE feature 0x200: 'Protection Keys User registers'
[    0.399898] x86/fpu: Supporting XSAVE feature 0x20000: 'AMX Tile config'
[    0.400585] x86/fpu: Supporting XSAVE feature 0x40000: 'AMX Tile data'
[    0.401232] x86/fpu: xstate_offset[2]:  576, xstate_sizes[2]:  256
[    0.401852] x86/fpu: xstate_offset[5]:  832, xstate_sizes[5]:   64
[    0.402461] x86/fpu: xstate_offset[6]:  896, xstate_sizes[6]:  512
[    0.403076] x86/fpu: xstate_offset[7]: 1408, xstate_sizes[7]: 1024
[    0.403696] x86/fpu: xstate_offset[9]: 2432, xstate_sizes[9]:    8
[    0.404314] x86/fpu: xstate_offset[17]: 2496, xstate_sizes[17]:   64
[    0.404577] x86/fpu: xstate_offset[18]: 2560, xstate_sizes[18]: 8192
[    0.405202] x86/fpu: Enabled xstate features 0x602e7, context size is 10752 bytes, using 'compacted' format.
[    0.574203] pid_max: default: 32768 minimum: 301
[    0.575183] Yama: becoming mindful.
[    0.576066] Mount-cache hash table entries: 4096 (order: 3, 32768 bytes, linear)
[    0.576587] Mountpoint-cache hash table entries: 4096 (order: 3, 32768 bytes, linear)
[    0.578073] VFS: Finished mounting rootfs on nullfs
[    0.579960] Running RCU synchronous self tests
[    0.580583] Running RCU synchronous self tests
[    0.581405] smpboot: CPU0: Intel GENUINE INTEL(R) XEON(R) (family: 0x6, model: 0xad, stepping: 0x0)
[    0.583187] Performance Events: PEBS fmt0-, Granite Rapids events, 
[    0.583279] core: The event 0x400 is not supported as a normal event.
[    0.584562] core: The event 0x8000 is not supported as a normal event.
[    0.584573] core: The event 0x8100 is not supported as a normal event.
[    0.584592] core: The event 0x8200 is not supported as a normal event.
[    0.585237] core: The event 0x8300 is not supported as a normal event.
[    0.585880] core: The event 0x8400 is not supported as a normal event.
[    0.586531] core: The event 0x8500 is not supported as a normal event.
[    0.587180] core: The event 0x8600 is not supported as a normal event.
[    0.587809] core: The event 0x8700 is not supported as a normal event.
[    0.588489] full-width counters, Intel PMU driver.
[    0.588586] ... version:                   2
[    0.589008] ... bit width:                 48
[    0.589444] ... generic counters:          8
[    0.589869] ... generic bitmap:            00000000000000ff
[    0.590419] ... fixed-purpose counters:    3
[    0.590850] ... fixed-purpose bitmap:      0000000000000007
[    0.591396] ... value mask:                0000ffffffffffff
[    0.591948] ... max period:                00007fffffffffff
[    0.592499] ... global_ctrl mask:          00000007000000ff
[    0.593121] signal: max sigframe size: 11952
[    0.593717] rcu: Hierarchical SRCU implementation.
[    0.594209] rcu: 	Max phase no-delay instances is 1000.
[    0.594958] Timer migration: 1 hierarchy levels; 8 children per group; 1 crossnode level
[    0.619500] smp: Bringing up secondary CPUs ...
[    0.620573] smpboot: x86: Booting SMP configuration:
[    0.621130] .... node  #0, CPUs:      #1
[    0.621498] smp: Brought up 1 node, 2 CPUs
[    0.621498] smpboot: Total of 2 processors activated (10000.00 BogoMIPS)
[    0.624897] Memory: 1574872K/2096632K available (81910K kernel code, 15888K rwdata, 19560K rodata, 16684K init, 34600K bss, 509384K reserved, 0K cma-reserved)
[    0.627188] devtmpfs: initialized
[    0.629440] x86/mm: Memory block size: 128MB
[    0.641482] Running RCU synchronous self tests
[    0.641944] Running RCU synchronous self tests
[    0.642541] Running RCU Tasks wait API self tests
[    0.644639] Running RCU Tasks Rude wait API self tests
[    0.645175] Running RCU Tasks Trace wait API self tests
[    0.645882] clocksource: jiffies: mask: 0xffffffff max_cycles: 0xffffffff, max_idle_ns: 7645041785100000 ns
[    0.646944] posixtimers hash table entries: 1024 (order: 5, 73728 bytes, linear)
[    0.647753] futex hash table entries: 512 (65536 bytes on 1 NUMA nodes, total 64 KiB, linear).
[    0.650760] 
[    0.650935] *************************************************************
[    0.651623] **     NOTICE NOTICE NOTICE NOTICE NOTICE NOTICE NOTICE    **
[    0.652314] **                                                         **
[    0.652611] **  IOMMU DebugFS SUPPORT HAS BEEN ENABLED IN THIS KERNEL  **
[    0.653301] **                                                         **
[    0.653988] ** This means that this kernel is built to expose internal **
[    0.654650] ** IOMMU data structures, which may compromise security on **
[    0.655345] ** your system.                                            **
[    0.656030] **                                                         **
[    0.656643] ** If you see this message and you are not debugging the   **
[    0.657310] ** kernel, report this immediately to your vendor!         **
[    0.657985] **                                                         **
[    0.658649] **     NOTICE NOTICE NOTICE NOTICE NOTICE NOTICE NOTICE    **
[    0.659320] *************************************************************
[    0.660070] PM: RTC time: 02:36:31, date: 2026-05-06
[    0.663463] NET: Registered PF_NETLINK/PF_ROUTE protocol family
[    0.665956] DMA: preallocated 256 KiB GFP_KERNEL|GFP_DMA pool for atomic allocations
[    0.666749] DMA: preallocated 256 KiB GFP_KERNEL|GFP_DMA32 pool for atomic allocations
[    0.667664] audit: initializing netlink subsys (disabled)
[    0.668265] Callback from call_rcu_tasks_trace() invoked.
[    0.668662] audit: type=2000 audit(1778034991.569:1): state=initialized audit_enabled=0 res=1
[    0.670821] thermal_sys: Registered thermal governor 'fair_share'
[    0.670834] thermal_sys: Registered thermal governor 'bang_bang'
[    0.671521] thermal_sys: Registered thermal governor 'step_wise'
[    0.672592] thermal_sys: Registered thermal governor 'user_space'
[    0.673299] cpuidle: using governor ladder
[    0.674392] cpuidle: using governor menu
[    0.675297] Freeing SMP alternatives memory: 64K
[    0.676089] acpiphp: ACPI Hot Plug PCI Controller Driver version: 0.5
[    0.678511] PCI: Using configuration type 1 for base access
[    0.679287] virt/tdx: TDX not supported by the host platform
[    0.680372] kprobes: kprobe jump-optimization is enabled. All kprobes are optimized if possible.
[    0.685150] HugeTLB: registered 1.00 GiB page size, pre-allocated 0 pages
[    0.685529] HugeTLB: 16380 KiB vmemmap can be freed for a 1.00 GiB page
[    0.686223] HugeTLB: registered 2.00 MiB page size, pre-allocated 0 pages
[    0.686919] HugeTLB: 28 KiB vmemmap can be freed for a 2.00 MiB page
[    0.727068] ACPI: Added _OSI(Module Device)
[    0.727511] ACPI: Added _OSI(Processor Device)
[    0.727912] ACPI: Added _OSI(Processor Aggregator Device)
[    0.770951] ACPI: 1 ACPI AML tables successfully acquired and loaded
[    0.808612] ACPI: \_SB_: platform _OSC: OS support mask [002e7eff]
[    0.812157] ACPI: Interpreter enabled
[    0.812690] ACPI: PM: (supports S0 S3 S4 S5)
[    0.813135] ACPI: Using IOAPIC for interrupt routing
[    0.813774] PCI: Using host bridge windows from ACPI; if necessary, use "pci=nocrs" and report a bug
[    0.814692] PCI: Using E820 reservations for host bridge windows
[    0.824717] ACPI: Enabled 2 GPEs in block 00 to 0F
[    0.879863] ACPI: PCI Root Bridge [PCI0] (domain 0000 [bus 00-ff])
[    0.880482] acpi PNP0A03:00: _OSC: OS supports [ASPM ClockPM Segments MSI EDR HPX-Type3]
[    0.880584] acpi PNP0A03:00: _OSC: not requesting OS control; OS requires [ExtendedConfig ASPM ClockPM MSI]
[    0.881612] acpi PNP0A03:00: _OSC: platform retains control of PCIe features (AE_ERROR)
[    0.882528] acpi PNP0A03:00: fail to add MMCONFIG information, can't access extended configuration space under this bridge
[    0.889245] acpiphp: Slot [3] registered
[    0.889769] acpiphp: Slot [4] registered
[    0.890326] acpiphp: Slot [5] registered
[    0.890882] acpiphp: Slot [6] registered
[    0.891445] acpiphp: Slot [7] registered
[    0.892009] acpiphp: Slot [8] registered
[    0.892557] acpiphp: Slot [9] registered
[    0.892733] acpiphp: Slot [10] registered
[    0.893287] acpiphp: Slot [11] registered
[    0.893850] acpiphp: Slot [12] registered
[    0.894421] acpiphp: Slot [13] registered
[    0.894967] acpiphp: Slot [14] registered
[    0.895529] acpiphp: Slot [15] registered
[    0.896089] acpiphp: Slot [16] registered
[    0.896660] acpiphp: Slot [17] registered
[    0.897228] acpiphp: Slot [18] registered
[    0.897787] acpiphp: Slot [19] registered
[    0.898351] acpiphp: Slot [20] registered
[    0.898874] acpiphp: Slot [21] registered
[    0.899407] acpiphp: Slot [22] registered
[    0.899950] acpiphp: Slot [23] registered
[    0.900510] acpiphp: Slot [24] registered
[    0.900731] acpiphp: Slot [25] registered
[    0.901287] acpiphp: Slot [26] registered
[    0.901828] acpiphp: Slot [27] registered
[    0.902368] acpiphp: Slot [28] registered
[    0.902924] acpiphp: Slot [29] registered
[    0.903469] acpiphp: Slot [30] registered
[    0.904016] acpiphp: Slot [31] registered
[    0.904484] PCI host bridge to bus 0000:00
[    0.904640] pci_bus 0000:00: root bus resource [io  0x0000-0x0cf7 window]
[    0.905322] pci_bus 0000:00: root bus resource [io  0x0d00-0xffff window]
[    0.905993] pci_bus 0000:00: root bus resource [mem 0x000a0000-0x000bffff window]
[    0.906735] pci_bus 0000:00: root bus resource [mem 0x80000000-0xfebfffff window]
[    0.907467] pci_bus 0000:00: root bus resource [mem 0x100000000-0x17fffffff window]
[    0.908223] pci_bus 0000:00: root bus resource [bus 00-ff]
[    0.908696] pci 0000:00:00.0: [8086:1237] type 00 class 0x060000 conventional PCI endpoint
[    0.911256] pci 0000:00:01.0: [8086:7000] type 00 class 0x060100 conventional PCI endpoint
[    0.913540] pci 0000:00:01.1: [8086:7010] type 00 class 0x010180 conventional PCI endpoint
[    0.914953] pci 0000:00:01.1: BAR 4 [io  0xc040-0xc04f]
[    0.915509] pci 0000:00:01.1: BAR 0 [io  0x01f0-0x01f7]: legacy IDE quirk
[    0.916169] pci 0000:00:01.1: BAR 1 [io  0x03f6]: legacy IDE quirk
[    0.916582] pci 0000:00:01.1: BAR 2 [io  0x0170-0x0177]: legacy IDE quirk
[    0.917240] pci 0000:00:01.1: BAR 3 [io  0x0376]: legacy IDE quirk
[    0.919085] pci 0000:00:01.3: [8086:7113] type 00 class 0x068000 conventional PCI endpoint
[    0.920157] pci 0000:00:01.3: quirk: [io  0x0600-0x063f] claimed by PIIX4 ACPI
[    0.920588] pci 0000:00:01.3: quirk: [io  0x0700-0x070f] claimed by PIIX4 SMB
[    0.922485] pci 0000:00:02.0: [1234:1111] type 00 class 0x030000 conventional PCI endpoint
[    0.932635] pci 0000:00:02.0: BAR 0 [mem 0xfd000000-0xfdffffff pref]
[    0.933421] pci 0000:00:02.0: BAR 2 [mem 0xfebf0000-0xfebf0fff]
[    0.934204] pci 0000:00:02.0: ROM [mem 0xfebe0000-0xfebeffff pref]
[    0.935116] pci 0000:00:02.0: Video device with shadowed ROM at [mem 0x000c0000-0x000dffff]
[    0.937508] pci 0000:00:03.0: [8086:100e] type 00 class 0x020000 conventional PCI endpoint
[    0.949138] pci 0000:00:03.0: BAR 0 [mem 0xfebc0000-0xfebdffff]
[    0.949756] pci 0000:00:03.0: BAR 1 [io  0xc000-0xc03f]
[    0.950315] pci 0000:00:03.0: ROM [mem 0xfeb80000-0xfebbffff pref]
[    0.977938] ACPI: PCI: Interrupt link LNKA configured for IRQ 10
[    0.979630] ACPI: PCI: Interrupt link LNKB configured for IRQ 10
[    0.981257] ACPI: PCI: Interrupt link LNKC configured for IRQ 11
[    0.982887] ACPI: PCI: Interrupt link LNKD configured for IRQ 11
[    0.983924] ACPI: PCI: Interrupt link LNKS configured for IRQ 9
[    0.988574] iommu: Default domain type: Translated
[    0.992587] iommu: DMA domain TLB invalidation policy: lazy mode
[    0.999362] SCSI subsystem initialized
[    1.000359] ACPI: bus type USB registered
[    1.000826] usbcore: registered new interface driver usbfs
[    1.001517] usbcore: registered new interface driver hub
[    1.002132] usbcore: registered new device driver usb
[    1.003039] pps_core: LinuxPPS API ver. 1 registered
[    1.003564] pps_core: Software ver. 5.3.6 - Copyright 2005-2007 Rodolfo Giometti <giometti@linux.it>
[    1.004533] PTP clock support registered
[    1.008774] EDAC MC: Ver: 3.0.0
[    1.014884] NetLabel: Initializing
[    1.015240] NetLabel:  domain hash size = 128
[    1.015695] NetLabel:  protocols = UNLABELED CIPSOv4 CALIPSO
[    1.016417] NetLabel:  unlabeled traffic allowed by default
[    1.017161] PCI: Using ACPI for IRQ routing
[    1.017705] e820: register RAM buffer resource [mem 0x0009fc00-0x0009ffff]
[    1.018436] e820: register RAM buffer resource [mem 0x7ffe0000-0x7fffffff]
[    1.019478] pci 0000:00:02.0: vgaarb: setting as boot VGA device
[    1.020067] pci 0000:00:02.0: vgaarb: bridge control possible
[    1.020573] pci 0000:00:02.0: vgaarb: VGA device added: decodes=io+mem,owns=io+mem,locks=none
[    1.020591] vgaarb: loaded
[    1.025100] hpet0: at MMIO 0xfed00000, IRQs 2, 8, 0
[    1.025619] hpet0: 3 comparators, 64-bit 100.000000 MHz counter
[    1.028574] clocksource: Switched to clocksource kvm-clock
[    1.028574] VFS: Disk quotas dquot_6.6.0
[    1.033317] VFS: Dquot-cache hash table entries: 512 (order 0, 4096 bytes)
[    1.037205] pnp: PnP ACPI init
[    1.041854] pnp: PnP ACPI: found 5 devices
[    1.064018] clocksource: acpi_pm: mask: 0xffffff max_cycles: 0xffffff, max_idle_ns: 2085701024 ns
[    1.065490] NET: Registered PF_INET protocol family
[    1.066187] IP idents hash table entries: 32768 (order: 6, 262144 bytes, linear)
[    1.068502] tcp_listen_portaddr_hash hash table entries: 1024 (order: 5, 73728 bytes, linear)
[    1.069802] Table-perturb hash table entries: 65536 (order: 6, 262144 bytes, linear)
[    1.070720] TCP established hash table entries: 16384 (order: 5, 131072 bytes, linear)
[    1.071920] TCP bind hash table entries: 16384 (order: 10, 2359296 bytes, linear)
[    1.074027] TCP: Hash tables configured (established 16384 bind 16384)
[    1.074872] UDP hash table entries: 1024 (order: 6, 262144 bytes, linear)
[    1.075974] NET: Registered PF_UNIX/PF_LOCAL protocol family
[    1.078147] RPC: Registered named UNIX socket transport module.
[    1.078800] RPC: Registered udp transport module.
[    1.079296] RPC: Registered tcp transport module.
[    1.079786] RPC: Registered tcp-with-tls transport module.
[    1.080350] RPC: Registered tcp NFSv4.1 backchannel transport module.
[    1.081030] pci_bus 0000:00: resource 4 [io  0x0000-0x0cf7 window]
[    1.081687] pci_bus 0000:00: resource 5 [io  0x0d00-0xffff window]
[    1.082314] pci_bus 0000:00: resource 6 [mem 0x000a0000-0x000bffff window]
[    1.083007] pci_bus 0000:00: resource 7 [mem 0x80000000-0xfebfffff window]
[    1.083718] pci_bus 0000:00: resource 8 [mem 0x100000000-0x17fffffff window]
[    1.084835] pci 0000:00:01.0: PIIX3: Enabling Passive Release
[    1.085444] pci 0000:00:00.0: Limiting direct PCI/PCI transfers
[    1.086157] PCI: CLS 0 bytes, default 64
[    1.086682] ACPI: bus type thunderbolt registered
[    1.087733] clocksource: tsc: mask: 0xffffffffffffffff max_cycles: 0x240939f1bb2, max_idle_ns: 440795263295 ns
[    1.098585] Initialise system trusted keyrings
[    1.099172] Key type blacklist registered
[    1.099874] workingset: timestamp_bits=36 (anon: 32) max_order=19 bucket_order=0 (anon: 0)
[    1.103312] squashfs: version 4.0 (2009/01/31) Phillip Lougher
[    1.106712] NFS: Registering the id_resolver key type
[    1.107291] Key type id_resolver registered
[    1.107773] Key type id_legacy registered
[    1.108249] nfs4filelayout_init: NFSv4 File Layout Driver Registering...
[    1.108969] nfs4flexfilelayout_init: NFSv4 Flexfile Layout Driver Registering...
[    1.110117] fuse: init (API version 7.45)
[    1.111185] SGI XFS with ACLs, security attributes, realtime, quota, no debug enabled
[    1.115601] 9p: Installing v9fs 9p2000 file system support
[    1.130140] Key type asymmetric registered
[    1.130562] Asymmetric key parser 'x509' registered
[    1.131222] Block layer SCSI generic (bsg) driver version 0.4 loaded (major 241)
[    1.133739] io scheduler mq-deadline registered
[    1.134433] io scheduler bfq registered
[    1.137690] ledtrig-cpu: registered to indicate activity on CPUs
[    1.140083] IPMI message handler: version 39.2
[    1.140657] ipmi device interface
[    1.143642] input: Power Button as /devices/platform/LNXPWRBN:00/input/input0
[    1.144785] ACPI: button: Power Button [PWRF]
[    1.148858] ERST DBG: ERST support is disabled.
[    1.150997] Serial: 8250/16550 driver, 32 ports, IRQ sharing enabled
[    1.153492] 00:04: ttyS0 at I/O 0x3f8 (irq = 4, base_baud = 115200) is a 16550A
[    1.191575] ACPI: bus type drm_connector registered
[    1.219993] brd: module loaded
[    1.236624] loop: module loaded
[    1.250510] scsi host0: ata_piix
[    1.253149] scsi host1: ata_piix
[    1.254138] ata1: PATA max MWDMA2 cmd 0x1f0 ctl 0x3f6 bmdma 0xc040 irq 14 lpm-pol 0
[    1.254945] ata2: PATA max MWDMA2 cmd 0x170 ctl 0x376 bmdma 0xc048 irq 15 lpm-pol 0
[    1.259030] tun: Universal TUN/TAP device driver, 1.6
[    1.259974] e100: Intel(R) PRO/100 Network Driver
[    1.260424] e100: Copyright(c) 1999-2006 Intel Corporation
[    1.261147] e1000: Intel(R) PRO/1000 Network Driver
[    1.261680] e1000: Copyright (c) 1999-2006 Intel Corporation.
[    1.411155] ata1: found unknown device (class 0)
[    1.412191] ata1.00: Model 'QEMU HARDDISK', rev '2.5+', applying quirks: bridgeok
[    1.413000] ata1.00: ATA-7: QEMU HARDDISK, 2.5+, max UDMA/100
[    1.413591] ata1.00: 17196647 sectors, multi 16: LBA48 
[    1.414434] ata2: found unknown device (class 0)
[    1.415321] ata2.00: ATAPI: QEMU DVD-ROM, 2.5+, max UDMA/100
[    1.418975] scsi 0:0:0:0: Direct-Access     ATA      QEMU HARDDISK    2.5+ PQ: 0 ANSI: 5
[    1.422429] sd 0:0:0:0: [sda] 17196647 512-byte logical blocks: (8.80 GB/8.20 GiB)
[    1.423261] sd 0:0:0:0: [sda] Write Protect is off
[    1.423855] sd 0:0:0:0: [sda] Write cache: enabled, read cache: enabled, doesn't support DPO or FUA
[    1.426427] sd 0:0:0:0: Attached scsi generic sg0 type 0
[    1.427038] sd 0:0:0:0: [sda] Preferred minimum I/O size 512 bytes
[    1.429693] scsi 1:0:0:0: CD-ROM            QEMU     QEMU DVD-ROM     2.5+ PQ: 0 ANSI: 5
[    1.463461] sd 0:0:0:0: [sda] Attached SCSI disk
[    1.464281] scsi 1:0:0:0: Attached scsi generic sg1 type 5
[    2.099061] ACPI: \_SB_.LNKC: Enabled at IRQ 11
[    2.414280] e1000 0000:00:03.0 eth0: (PCI:33MHz:32-bit) 52:54:00:12:34:56
[    2.414999] e1000 0000:00:03.0 eth0: Intel(R) PRO/1000 Network Connection
[    2.415855] e1000e: Intel(R) PRO/1000 Network Driver
[    2.416318] e1000e: Copyright(c) 1999 - 2015 Intel Corporation.
[    2.417063] igb: Intel(R) Gigabit Ethernet Network Driver
[    2.417600] igb: Copyright (c) 2007-2014 Intel Corporation.
[    2.418590] PPP generic driver version 2.4.2
[    2.419897] VFIO - User Level meta-driver version: 0.3
[    2.421897] usbcore: registered new interface driver uas
[    2.422948] usbcore: registered new interface driver usb-storage
[    2.423934] i8042: PNP: PS/2 Controller [PNP0303:KBD,PNP0f13:MOU] at 0x60,0x64 irq 1,12
[    2.425913] serio: i8042 KBD port at 0x60,0x64 irq 1
[    2.426547] serio: i8042 AUX port at 0x60,0x64 irq 12
[    2.428447] mousedev: PS/2 mouse device common for all mice
[    2.430463] input: AT Translated Set 2 keyboard as /devices/platform/i8042/serio0/input/input1
[    2.433183] rtc_cmos PNP0B00:00: RTC can wake from S4
[    2.435910] input: VirtualPS/2 VMware VMMouse as /devices/platform/i8042/serio1/input/input4
[    2.438394] rtc_cmos PNP0B00:00: registered as rtc0
[    2.438937] rtc_cmos PNP0B00:00: setting system clock to 2026-05-06T02:36:33 UTC (1778034993)
[    2.440229] rtc_cmos PNP0B00:00: alarms up to one day, y3k, 242 bytes nvram, hpet irqs
[    2.441107] i2c_dev: i2c /dev entries driver
[    2.441773] device-mapper: core: CONFIG_IMA_DISABLE_HTABLE is disabled. Duplicate IMA measurements will not be recorded in the IMA log.
[    2.443037] device-mapper: uevent: version 1.0.3
[    2.443895] input: VirtualPS/2 VMware VMMouse as /devices/platform/i8042/serio1/input/input3
[    2.445934] device-mapper: ioctl: 4.50.0-ioctl (2025-04-28) initialised: dm-devel@lists.linux.dev
[    2.446856] intel_pstate: CPU model not supported
[    2.448481] drop_monitor: Initializing network drop monitor service
[    2.449512] NET: Registered PF_INET6 protocol family
[    2.452336] Segment Routing with IPv6
[    2.452757] In-situ OAM (IOAM) with IPv6
[    2.453175] NET: Registered PF_PACKET protocol family
[    2.455143] 9pnet: Installing 9P2000 support
[    2.455730] Key type dns_resolver registered
[    2.459396] IPI shorthand broadcast: enabled
[    2.530872] sched_clock: Marking stable (2512004188, 17617211)->(2532490936, -2869537)
[    2.532896] registered taskstats version 1
[    2.534204] Loading compiled-in X.509 certificates
[    2.623760] Demotion targets for Node 0: null
[    2.626148] Key type .fscrypt registered
[    2.626601] Key type fscrypt-provisioning registered
[    2.637358] Key type encrypted registered
[    2.637823] ima: No TPM chip found, activating TPM-bypass!
[    2.638378] ima: Allocated hash algorithm: sha1
[    2.638968] ima: No architecture policies found
[    2.639621] evm: Initialising EVM extended attributes:
[    2.640161] evm: security.selinux
[    2.640518] evm: security.SMACK64
[    2.640861] evm: security.SMACK64EXEC
[    2.641244] evm: security.SMACK64TRANSMUTE
[    2.641708] evm: security.SMACK64MMAP
[    2.642089] evm: security.apparmor
[    2.642446] evm: security.ima
[    2.642754] evm: security.capability
[    2.643122] evm: HMAC attrs: 0x1
[    2.646094] PM:   Magic number: 10:234:611
[    2.647586] RAS: Correctable Errors collector initialized.
[    4.349514] clk: Disabling unused clocks
[    4.350065] PM: genpd: Disabling unused power domains
[    4.351303] md: Waiting for all devices to be available before autodetect
[    4.351730] md: If you don't use raid, use raid=noautodetect
[    4.352108] md: Autodetecting RAID arrays.
[    4.352388] md: autorun ...
[    4.352578] md: ... autorun DONE.
[    4.365603] EXT4-fs (sda): INFO: recovery required on readonly filesystem
[    4.366119] EXT4-fs (sda): write access will be enabled during recovery
[    4.374351] Callback from call_rcu_tasks() invoked.
[    4.433898] EXT4-fs (sda): recovery complete
[    4.437999] EXT4-fs (sda): mounted filesystem 088740a9-c8b4-422c-999d-a804eb68a4da ro with ordered data mode. Quota mode: none.
[    4.438889] VFS: Mounted root (ext4 filesystem) readonly on device 8:0.
[    4.442911] devtmpfs: mounted
[    4.443711] VFS: Pivoted into new rootfs
[    4.464034] Freeing unused decrypted memory: 2036K
[    4.471049] Freeing unused kernel image (initmem) memory: 16684K
[    4.471598] Write protecting the kernel read-only data: 102400k
[    4.473922] Freeing unused kernel image (text/rodata gap) memory: 8K
[    4.475547] Freeing unused kernel image (rodata/data gap) memory: 920K
[    5.606028] x86/mm: Checked W+X mappings: passed, no W+X pages found.
[    5.606523] Run /sbin/init as init process
[    5.854686] systemd[1]: systemd 252-15.el9 running in system mode (+PAM +AUDIT +SELINUX -APPARMOR +IMA +SMACK +SECCOMP +GCRYPT +GNUTLS +OPENSSL +ACL +BLKID +CURL +ELFUTILS -FIDO2 +IDN2 -IDN -IPTC +KMOD +LIBCRYPTSETUP +LIBFDISK +PCRE2 -PWQUALITY +P11KIT -QRENCODE +TPM2 +BZIP2 +LZ4 +XZ +ZLIB +ZSTD -BPF_FRAMEWORK +XKBCOMMON +UTMP +SYSVINIT default-hierarchy=unified)
[    5.856817] systemd[1]: Detected virtualization kvm.
[    5.857166] systemd[1]: Detected architecture x86-64.

Welcome to [0;31mCentOS Stream 9[0m!

[    5.866274] systemd[1]: Hostname set to <test>.
[    6.115613] systemd-rc-local-generator[123]: /etc/rc.d/rc.local is not marked executable, skipping.
[    6.550865] systemd[1]: Queued start job for default target Multi-User System.
[    6.568737] systemd[1]: Created slice Virtual Machine and Container Slice.
[[0;32m  OK  [0m] Created slice [0;1;39mVirtual Machine and Container Slice[0m.
[    6.575084] systemd[1]: Created slice Slice /system/getty.
[[0;32m  OK  [0m] Created slice [0;1;39mSlice /system/getty[0m.
[    6.578595] systemd[1]: Created slice Slice /system/modprobe.
[[0;32m  OK  [0m] Created slice [0;1;39mSlice /system/modprobe[0m.
[    6.582049] systemd[1]: Created slice Slice /system/serial-getty.
[[0;32m  OK  [0m] Created slice [0;1;39mSlice /system/serial-getty[0m.
[    6.585330] systemd[1]: Created slice Slice /system/sshd-keygen.
[[0;32m  OK  [0m] Created slice [0;1;39mSlice /system/sshd-keygen[0m.
[    6.588285] systemd[1]: Created slice User and Session Slice.
[[0;32m  OK  [0m] Created slice [0;1;39mUser and Session Slice[0m.
[    6.589921] systemd[1]: Started Forward Password Requests to Wall Directory Watch.
[[0;32m  OK  [0m] Started [0;1;39mForward Password R…uests to Wall Directory Watch[0m.
[    6.592410] systemd[1]: Set up automount Arbitrary Executable File Formats File System Automount Point.
[[0;32m  OK  [0m] Set up automount [0;1;39mArbitrary…s File System Automount Point[0m.
[    6.594090] systemd[1]: Reached target Local Integrity Protected Volumes.
[[0;32m  OK  [0m] Reached target [0;1;39mLocal Integrity Protected Volumes[0m.
[    6.595546] systemd[1]: Reached target Slice Units.
[[0;32m  OK  [0m] Reached target [0;1;39mSlice Units[0m.
[    6.596485] systemd[1]: Reached target Swaps.
[[0;32m  OK  [0m] Reached target [0;1;39mSwaps[0m.
[    6.597366] systemd[1]: Reached target Local Verity Protected Volumes.
[[0;32m  OK  [0m] Reached target [0;1;39mLocal Verity Protected Volumes[0m.
[    6.599046] systemd[1]: Listening on Device-mapper event daemon FIFOs.
[[0;32m  OK  [0m] Listening on [0;1;39mDevice-mapper event daemon FIFOs[0m.
[    6.600846] systemd[1]: Listening on LVM2 poll daemon socket.
[[0;32m  OK  [0m] Listening on [0;1;39mLVM2 poll daemon socket[0m.
[    6.602136] systemd[1]: multipathd control socket was skipped because of an unmet condition check (ConditionPathExists=/etc/multipath.conf).
[    6.652422] systemd[1]: Listening on RPCbind Server Activation Socket.
[[0;32m  OK  [0m] Listening on [0;1;39mRPCbind Server Activation Socket[0m.
[    6.654301] systemd[1]: Reached target RPC Port Mapper.
[[0;32m  OK  [0m] Reached target [0;1;39mRPC Port Mapper[0m.
[    6.658455] systemd[1]: Listening on Process Core Dump Socket.
[[0;32m  OK  [0m] Listening on [0;1;39mProcess Core Dump Socket[0m.
[    6.660425] systemd[1]: Listening on initctl Compatibility Named Pipe.
[[0;32m  OK  [0m] Listening on [0;1;39minitctl Compatibility Named Pipe[0m.
[    6.662511] systemd[1]: Listening on Journal Socket (/dev/log).
[[0;32m  OK  [0m] Listening on [0;1;39mJournal Socket (/dev/log)[0m.
[    6.664762] systemd[1]: Listening on Journal Socket.
[[0;32m  OK  [0m] Listening on [0;1;39mJournal Socket[0m.
[    6.666583] systemd[1]: Listening on udev Control Socket.
[[0;32m  OK  [0m] Listening on [0;1;39mudev Control Socket[0m.
[    6.668436] systemd[1]: Listening on udev Kernel Socket.
[[0;32m  OK  [0m] Listening on [0;1;39mudev Kernel Socket[0m.
[    6.686733] systemd[1]: Mounting Huge Pages File System...
         Mounting [0;1;39mHuge Pages File System[0m...
[    6.694526] systemd[1]: Mounting POSIX Message Queue File System...
         Mounting [0;1;39mPOSIX Message Queue File System[0m...
[    6.711213] systemd[1]: Mounting Kernel Debug File System...
         Mounting [0;1;39mKernel Debug File System[0m...
[    6.726444] systemd[1]: Mounting Kernel Trace File System...
         Mounting [0;1;39mKernel Trace File System[0m...
[    6.727855] systemd[1]: Kernel Module supporting RPCSEC_GSS was skipped because of an unmet condition check (ConditionPathExists=/etc/krb5.keytab).
[    6.728909] systemd[1]: Create List of Static Device Nodes was skipped because of an unmet condition check (ConditionFileNotEmpty=/lib/modules/7.1.0-rc2-705d645ba803+/modules.devname).
[    6.735546] systemd[1]: Starting Monitoring of LVM2 mirrors, snapshots etc. using dmeventd or progress polling...
         Starting [0;1;39mMonitoring of LVM…meventd or progress polling[0m...
[    6.746155] systemd[1]: Starting Load Kernel Module configfs...
         Starting [0;1;39mLoad Kernel Module configfs[0m...
[    6.760923] systemd[1]: Starting Load Kernel Module drm...
         Starting [0;1;39mLoad Kernel Module drm[0m...
[    6.770978] systemd[1]: Starting Load Kernel Module fuse...
         Starting [0;1;39mLoad Kernel Module fuse[0m...
[    6.782356] systemd[1]: Starting Read and set NIS domainname from /etc/sysconfig/network...
         Starting [0;1;39mRead and set NIS …from /etc/sysconfig/network[0m...
[    6.809172] systemd[1]: Starting Journal Service...
         Starting [0;1;39mJournal Service[0m...
[    6.825788] systemd[1]: Starting Load Kernel Modules...
         Starting [0;1;39mLoad Kernel Modules[0m...
[    6.842802] systemd[1]: Starting Generate network units from Kernel command line...
         Starting [0;1;39mGenerate network …ts from Kernel command line[0m...
[    6.855881] systemd[1]: Starting Remount Root and Kernel File Systems...
         Starting [0;1;39mRemount Root and Kernel File Systems[0m...
[    6.860150] systemd[1]: Repartition Root Disk was skipped because no trigger condition checks were met.
[    6.886345] systemd[1]: Starting Coldplug All udev Devices...
         Starting [0;1;39mColdplug All udev Devices[0m...
[    6.907772] systemd[1]: Mounted Huge Pages File System.
[[0;32m  OK  [0m] Mounted [0;1;39mHuge Pages File System[0m.
[    6.914600] systemd[1]: Mounted POSIX Message Queue File System.
[[0;32m  OK  [0m] Mounted [0;1;39mPOSIX Message Queue File System[0m.
[    6.916346] systemd[1]: Mounted Kernel Debug File System.
[[0;32m  OK  [0m] Mounted [0;1;39mKernel Debug File System[0m.
[    6.919027] systemd[1]: Mounted Kernel Trace File System.
[[0;32m  OK  [0m] Mounted [0;1;39mKernel Trace File System[0m.
[    6.928255] systemd[1]: Finished Monitoring of LVM2 mirrors, snapshots etc. using dmeventd or progress polling.
[[0;32m  OK  [0m] Finished [0;1;39mMonitoring of LVM… dmeventd or progress polling[0m.
[    6.935279] systemd[1]: modprobe@configfs.service: Deactivated successfully.
[    6.937368] systemd[1]: Finished Load Kernel Module configfs.
[[0;32m  OK  [0m] Finished [0;1;39mLoad Kernel Module configfs[0m.
[    6.940137] systemd[1]: modprobe@drm.service: Deactivated successfully.
[    6.942735] systemd[1]: Finished Load Kernel Module drm.
[[0;32m  OK  [0m] Finished [0;1;39mLoad Kernel Module drm[0m.
[    6.946094] systemd[1]: modprobe@fuse.service: Deactivated successfully.
[    6.948565] EXT4-fs (sda): re-mounted 088740a9-c8b4-422c-999d-a804eb68a4da r/w.
[    6.952011] systemd[1]: Finished Load Kernel Module fuse.
[[0;32m  OK  [0m] Finished [0;1;39mLoad Kernel Module fuse[0m.
[    6.963278] systemd[1]: Finished Read and set NIS domainname from /etc/sysconfig/network.
[[0;32m  OK  [0m] Finished [0;1;39mRead and set NIS …e from /etc/sysconfig/network[0m.
[    6.965511] systemd[1]: systemd-modules-load.service: Main process exited, code=exited, status=1/FAILURE
[    6.967710] systemd[1]: systemd-modules-load.service: Failed with result 'exit-code'.
[    6.969502] systemd[1]: Failed to start Load Kernel Modules.
[[0;1;31mFAILED[0m] Failed to start [0;1;39mLoad Kernel Modules[0m.
See 'systemctl status systemd-modules-load.service' for details.
[    6.974517] systemd[1]: Finished Generate network units from Kernel command line.
[[0;32m  OK  [0m] Finished [0;1;39mGenerate network units from Kernel command line[0m.
[    6.978495] systemd[1]: Finished Remount Root and Kernel File Systems.
[[0;32m  OK  [0m] Finished [0;1;39mRemount Root and Kernel File Systems[0m.
[    6.980899] systemd[1]: Reached target Preparation for Network.
[[0;32m  OK  [0m] Reached target [0;1;39mPreparation for Network[0m.
[    7.000940] systemd[1]: Mounting FUSE Control File System...
         Mounting [0;1;39mFUSE Control File System[0m...
[    7.023185] systemd[1]: Mounting Kernel Configuration File System...
         Mounting [0;1;39mKernel Configuration File System[0m...
[    7.030364] systemd[1]: Special handling of early boot iSCSI sessions was skipped because of an unmet condition check (ConditionDirectoryNotEmpty=/sys/class/iscsi_session).
[    7.031539] systemd[1]: First Boot Wizard was skipped because of an unmet condition check (ConditionFirstBoot=yes).
[    7.050611] systemd[1]: Rebuild Hardware Database was skipped because of an unmet condition check (ConditionNeedsUpdate=/etc).
[    7.079960] systemd[1]: Starting Load/Save Random Seed...
         Starting [0;1;39mLoad/Save Random Seed[0m...
[    7.088541] systemd[1]: Starting Apply Kernel Variables...
         Starting [0;1;39mApply Kernel Variables[0m...
[    7.092689] systemd[1]: Create System Users was skipped because no trigger condition checks were met.
[    7.107797] systemd[1]: Starting Create Static Device Nodes in /dev...
         Starting [0;1;39mCreate Static Device Nodes in /dev[0m...
[    7.131966] systemd[1]: Starting Setup Virtual Console...
         Starting [0;1;39mSetup Virtual Console[0m...
[    7.156353] systemd[1]: Started Journal Service.
[[0;32m  OK  [0m] Started [0;1;39mJournal Service[0m.
[[0;32m  OK  [0m] Mounted [0;1;39mFUSE Control File System[0m.
[[0;32m  OK  [0m] Mounted [0;1;39mKernel Configuration File System[0m.
[[0;32m  OK  [0m] Finished [0;1;39mLoad/Save Random Seed[0m.
         Starting [0;1;39mFlush Journal to Persistent Storage[0m...
[[0;32m  OK  [0m] Finished [0;1;39mApply Kernel Variables[0m.
[    7.256707] systemd-journald[145]: Received client request to flush runtime journal.
[[0;32m  OK  [0m] Finished [0;1;39mFlush Journal to Persistent Storage[0m.
[[0;32m  OK  [0m] Finished [0;1;39mCreate Static Device Nodes in /dev[0m.
         Starting [0;1;39mRule-based Manage…for Device Events and Files[0m...
[[0;32m  OK  [0m] Started [0;1;39mRule-based Manager for Device Events and Files[0m.
         Starting [0;1;39mAuto-connect to s…E devices found during boot[0m...
[[0;32m  OK  [0m] Finished [0;1;39mAuto-connect to s…VME devices found during boot[0m.
[[0;32m  OK  [0m] Finished [0;1;39mColdplug All udev Devices[0m.
         Starting [0;1;39mWait for udev To …plete Device Initialization[0m...
[[0;32m  OK  [0m] Finished [0;1;39mSetup Virtual Console[0m.
         Starting [0;1;39mShow Plymouth Boot Screen[0m...
[2J[3J[-1;-1f[[0;32m  OK  [0m] Started [0;1;39mShow Plymouth Boot Screen[0m.
[[0;32m  OK  [0m] Started [0;1;39mForward Password R…s to Plymouth Directory Watch[0m.
[[0;32m  OK  [0m] Reached target [0;1;39mLocal Encrypted Volumes[0m.
[[0;32m  OK  [0m] Reached target [0;1;39mPath Units[0m.
[[0;32m  OK  [0m] Found device [0;1;39m/dev/ttyS0[0m.
[[0;32m  OK  [0m] Listening on [0;1;39mLoad/Save RF …itch Status /dev/rfkill Watch[0m.
[[0;32m  OK  [0m] Finished [0;1;39mWait for udev To Complete Device Initialization[0m.
[[0;32m  OK  [0m] Reached target [0;1;39mPreparation for Local File Systems[0m.
[[0;32m  OK  [0m] Reached target [0;1;39mLocal File Systems[0m.
         Starting [0;1;39mTell Plymouth To Write Out Runtime Data[0m...
         Starting [0;1;39mAutomatic Boot Loader Update[0m...
         Starting [0;1;39mCreate Volatile Files and Directories[0m...
[[0;32m  OK  [0m] Finished [0;1;39mTell Plymouth To Write Out Runtime Data[0m.
[[0;32m  OK  [0m] Finished [0;1;39mAutomatic Boot Loader Update[0m.
[[0;32m  OK  [0m] Finished [0;1;39mCreate Volatile Files and Directories[0m.
         Mounting [0;1;39mRPC Pipe File System[0m...
         Starting [0;1;39mSecurity Auditing Service[0m...
         Starting [0;1;39mRPC Bind[0m...
[[0;32m  OK  [0m] Mounted [0;1;39mRPC Pipe File System[0m.
[[0;32m  OK  [0m] Reached target [0;1;39mrpc_pipefs.target[0m.
[[0;32m  OK  [0m] Started [0;1;39mRPC Bind[0m.
[[0;32m  OK  [0m] Started [0;1;39mSecurity Auditing Service[0m.
         Starting [0;1;39mRecord System Boot/Shutdown in UTMP[0m...
[[0;32m  OK  [0m] Finished [0;1;39mRecord System Boot/Shutdown in UTMP[0m.
[[0;32m  OK  [0m] Reached target [0;1;39mSystem Initialization[0m.
[[0;32m  OK  [0m] Started [0;1;39mDaily rotation of log files[0m.
[[0;32m  OK  [0m] Started [0;1;39mUpdates mlocate database every day[0m.
[[0;32m  OK  [0m] Started [0;1;39mDaily Cleanup of Temporary Directories[0m.
[[0;32m  OK  [0m] Started [0;1;39mdaily update of the root trust anchor for DNSSEC[0m.
[[0;32m  OK  [0m] Reached target [0;1;39mTimer Units[0m.
[[0;32m  OK  [0m] Listening on [0;1;39mD-Bus System Message Bus Socket[0m.
[[0;32m  OK  [0m] Listening on [0;1;39mOpen-iSCSI iscsid Socket[0m.
[[0;32m  OK  [0m] Listening on [0;1;39mOpen-iSCSI iscsiuio Socket[0m.
[[0;32m  OK  [0m] Listening on [0;1;39mSSSD Kerberos…ache Manager responder socket[0m.
[[0;32m  OK  [0m] Listening on [0;1;39mLibvirt interface local socket[0m.
[[0;32m  OK  [0m] Listening on [0;1;39mVirtual machine lock manager socket[0m.
[[0;32m  OK  [0m] Listening on [0;1;39mVirtual machine log manager socket[0m.
[[0;32m  OK  [0m] Listening on [0;1;39mLibvirt network local socket[0m.
[[0;32m  OK  [0m] Listening on [0;1;39mLibvirt nodedev local socket[0m.
[[0;32m  OK  [0m] Listening on [0;1;39mLibvirt nwfilter local socket[0m.
[[0;32m  OK  [0m] Listening on [0;1;39mLibvirt proxy local socket[0m.
[[0;32m  OK  [0m] Listening on [0;1;39mLibvirt qemu local socket[0m.
[[0;32m  OK  [0m] Listening on [0;1;39mLibvirt qemu admin socket[0m.
[[0;32m  OK  [0m] Listening on [0;1;39mLibvirt qemu local read-only socket[0m.
[[0;32m  OK  [0m] Listening on [0;1;39mLibvirt secret local socket[0m.
[[0;32m  OK  [0m] Listening on [0;1;39mLibvirt storage local socket[0m.
[[0;32m  OK  [0m] Reached target [0;1;39mSocket Units[0m.
         Starting [0;1;39mD-Bus System Message Bus[0m...
[[0;32m  OK  [0m] Started [0;1;39mD-Bus System Message Bus[0m.
[[0;32m  OK  [0m] Reached target [0;1;39mBasic System[0m.
         Starting [0;1;39mNetwork Manager[0m...
         Starting [0;1;39mNTP client/server[0m...
         Starting [0;1;39mRestore /run/initramfs on shutdown[0m...
[[0;32m  OK  [0m] Started [0;1;39mirqbalance daemon[0m.
[[0;32m  OK  [0m] Started [0;1;39mlibstoragemgmt plug-in server daemon[0m.
[[0;32m  OK  [0m] Started [0;1;39mMachine Check Exception Logging Daemon[0m.
[[0;32m  OK  [0m] Reached target [0;1;39msshd-keygen.target[0m.
[[0;32m  OK  [0m] Reached target [0;1;39mUser and Group Name Lookups[0m.
         Starting [0;1;39mUser Login Management[0m...
         Starting [0;1;39mVirtual Machine a…tainer Registration Service[0m...
[[0;32m  OK  [0m] Finished [0;1;39mRestore /run/initramfs on shutdown[0m.
[[0;32m  OK  [0m] Started [0;1;39mVirtual Machine an…ontainer Registration Service[0m.
         Starting [0;1;39mHostname Service[0m...
[[0;32m  OK  [0m] Started [0;1;39mUser Login Management[0m.
[[0;32m  OK  [0m] Started [0;1;39mNTP client/server[0m.
[[0;32m  OK  [0m] Started [0;1;39mHostname Service[0m.
         Starting [0;1;39mNetwork Manager Script Dispatcher Service[0m...
[[0;32m  OK  [0m] Started [0;1;39mNetwork Manager Script Dispatcher Service[0m.
[   10.898295] e1000: eth0 NIC Link is Up 1000 Mbps Full Duplex, Flow Control: RX
[[0;32m  OK  [0m] Started [0;1;39mNetwork Manager[0m.
[[0;32m  OK  [0m] Reached target [0;1;39mNetwork[0m.
[[0;32m  OK  [0m] Reached target [0;1;39mNetwork is Online[0m.
         Starting [0;1;39mGSSAPI Proxy Daemon[0m...
         Starting [0;1;39mNotify NFS peers of a restart[0m...
         Starting [0;1;39mSystem Logging Service[0m...
         Starting [0;1;39mOpenSSH server daemon[0m...
         Starting [0;1;39mDynamic System Tuning Daemon[0m...
[[0;32m  OK  [0m] Started [0;1;39mNotify NFS peers of a restart[0m.
[[0;32m  OK  [0m] Started [0;1;39mOpenSSH server daemon[0m.
[[0;32m  OK  [0m] Started [0;1;39mGSSAPI Proxy Daemon[0m.
[[0;32m  OK  [0m] Reached target [0;1;39mNFS client services[0m.
[[0;32m  OK  [0m] Reached target [0;1;39mPreparation for Remote File Systems[0m.
[[0;32m  OK  [0m] Reached target [0;1;39mRemote File Systems[0m.
         Starting [0;1;39mPermit User Sessions[0m...
         Starting [0;1;39mVirtualization qemu daemon[0m...
[[0;32m  OK  [0m] Finished [0;1;39mPermit User Sessions[0m.
[[0;32m  OK  [0m] Started [0;1;39mDeferred execution scheduler[0m.
[[0;32m  OK  [0m] Started [0;1;39mCommand Scheduler[0m.
         Starting [0;1;39mHold until boot process finishes up[0m...
         Starting [0;1;39mTerminate Plymouth Boot Screen[0m...
[[0;32m  OK  [0m] Started [0;1;39mSystem Logging Service[0m.

CentOS Stream 9
Kernel 7.1.0-rc2-705d645ba803+ on an x86_64

Activate the web console with: systemctl enable --now cockpit.socket

test login: [   18.766280] pimreg: entered allmulticast mode
[   18.766949] 
[   18.767087] =============================
[   18.767366] WARNING: suspicious RCU usage
[   18.767637] 7.1.0-rc2-705d645ba803+ #1 Not tainted
[   18.767967] -----------------------------
[   18.768310] net/ipv4/ipmr.c:329 suspicious rcu_dereference_check() usage!
[   18.768779] 
[   18.768779] other info that might help us debug this:
[   18.768779] 
[   18.769332] 
[   18.769332] rcu_scheduler_active = 2, debug_locks = 1
[   18.769824] 2 locks held by repro/712:
[   18.770086]  #0: ffffffff87696300 (rcu_read_lock_bh){....}-{1:3}, at: __dev_queue_xmit+0x239/0x4140
[   18.770733]  #1: ff1100001a85f118 (_xmit_PIMREG#2){+...}-{3:3}, at: __dev_queue_xmit+0x1d5d/0x4140
[   18.771359] 
[   18.771359] stack backtrace:
[   18.771659] CPU: 0 UID: 0 PID: 712 Comm: repro Not tainted 7.1.0-rc2-705d645ba803+ #1 PREEMPT(lazy) 
[   18.771670] Hardware name: QEMU Standard PC (i440FX + PIIX, 1996), BIOS rel-1.16.3-0-ga6ed6b701f0a-prebuilt.qemu.org 04/01/2014
[   18.771676] Call Trace:
[   18.771679]  <TASK>
[   18.771683]  dump_stack_lvl+0x121/0x150
[   18.771700]  dump_stack+0x19/0x20
[   18.771710]  lockdep_rcu_suspicious+0x15b/0x1f0
[   18.771729]  reg_vif_xmit+0x2ee/0x3c0
[   18.771748]  dev_hard_start_xmit+0x170/0x700
[   18.771764]  __dev_queue_xmit+0x1df1/0x4140
[   18.771775]  ? __might_fault+0x14a/0x1b0
[   18.771790]  ? __this_cpu_preempt_check+0x21/0x30
[   18.771808]  ? __pfx___dev_queue_xmit+0x10/0x10
[   18.771821]  ? _copy_from_iter+0x288/0x15e0
[   18.771834]  ? __virt_addr_valid+0x22c/0x420
[   18.771848]  ? __virt_addr_valid+0x22c/0x420
[   18.771859]  ? __this_cpu_preempt_check+0x21/0x30
[   18.771872]  ? __pfx__copy_from_iter+0x10/0x10
[   18.771888]  ? __sanitizer_cov_trace_const_cmp1+0x1e/0x30
[   18.771902]  ? packet_parse_headers+0x439/0x7b0
[   18.771916]  ? packet_parse_headers+0x202/0x7b0
[   18.771929]  ? __pfx_packet_parse_headers+0x10/0x10
[   18.771945]  packet_xmit+0x252/0x370
[   18.771957]  packet_sendmsg+0x39ad/0x5650
[   18.771972]  ? __lock_acquire+0x412/0x2210
[   18.772005]  ? __pfx_packet_sendmsg+0x10/0x10
[   18.772016]  ? audit_dupe_exe+0x10/0x110
[   18.772027]  ? __import_iovec+0x1df/0x660
[   18.772037]  ? _copy_from_user+0x75/0xa0
[   18.772052]  ? __pfx_packet_sendmsg+0x10/0x10
[   18.772062]  ____sys_sendmsg+0xa21/0xba0
[   18.772079]  ? __pfx_____sys_sendmsg+0x10/0x10
[   18.772098]  ? __this_cpu_preempt_check+0x21/0x30
[   18.772109]  ? lock_release+0x14f/0x2c0
[   18.772124]  ___sys_sendmsg+0x121/0x1c0
[   18.772138]  ? __pfx____sys_sendmsg+0x10/0x10
[   18.772156]  ? __handle_mm_fault+0x656/0x2cb0
[   18.772189]  __sys_sendmsg+0x177/0x220
[   18.772200]  ? __pfx___sys_sendmsg+0x10/0x10
[   18.772221]  ? seqcount_lockdep_reader_access.constprop.0+0xc0/0xd0
[   18.772236]  ? __sanitizer_cov_trace_cmp4+0x1a/0x20
[   18.772247]  ? ktime_get_coarse_real_ts64+0xad/0xf0
[   18.772264]  __x64_sys_sendmsg+0x80/0xc0
[   18.772276]  x64_sys_call+0x1d9c/0x21c0
[   18.772287]  do_syscall_64+0xc1/0x10b0
[   18.772301]  entry_SYSCALL_64_after_hwframe+0x76/0x7e
[   18.772310] RIP: 0033:0x7f6ae843ee5d
[   18.772319] Code: ff c3 66 2e 0f 1f 84 00 00 00 00 00 90 f3 0f 1e fa 48 89 f8 48 89 f7 48 89 d6 48 89 ca 4d 89 c2 4d 89 c8 4c 8b 4c 24 08 0f 05 <48> 3d 01 f0 ff ff 73 01 c3 48 8b 0d 93 af 1b 00 f7 d8 64 89 01 48
[   18.772328] RSP: 002b:00007fffe3abdff8 EFLAGS: 00000246 ORIG_RAX: 000000000000002e
[   18.772337] RAX: ffffffffffffffda RBX: 0000200000000380 RCX: 00007f6ae843ee5d
[   18.772343] RDX: 0000000000000000 RSI: 00002000000012c0 RDI: 0000000000000004
[   18.772348] RBP: 00007fffe3abe020 R08: 0000000200000000 R09: 0000000200000000
[   18.772354] R10: 0000000200000000 R11: 0000000000000246 R12: 00007fffe3abe138
[   18.772359] R13: 0000000000401164 R14: 0000000000403e08 R15: 00007f6ae8785000
[   18.772381]  </TASK>
[   18.809939] pimreg: entered allmulticast mode
[   18.827418] pimreg: left allmulticast mode
[   18.834381] pimreg: entered allmulticast mode
[   18.851317] pimreg: entered allmulticast mode
[   18.876444] pimreg: entered allmulticast mode
[   18.895787] pimreg: entered allmulticast mode
[   18.898430] pimreg: left allmulticast mode
[   18.898802] pimreg: left allmulticast mode
[   18.899068] pimreg: left allmulticast mode
[   18.899339] pimreg: left allmulticast mode
[   18.910933] pimreg: entered allmulticast mode
[   18.931068] pimreg: entered allmulticast mode
[   18.948712] pimreg: entered allmulticast mode
[   18.976360] pimreg: entered allmulticast mode
[   18.998688] pimreg: entered allmulticast mode
[   19.022759] pimreg: entered allmulticast mode
[   19.028668] pimreg: left allmulticast mode
[   19.029040] pimreg: left allmulticast mode
[   19.029389] pimreg: left allmulticast mode
[   19.032167] pimreg: left allmulticast mode
[   19.032482] pimreg: left allmulticast mode
[   19.032751] pimreg: left allmulticast mode
[   19.047987] pimreg: entered allmulticast mode
[   19.073989] pimreg: entered allmulticast mode
[   19.095328] pimreg: entered allmulticast mode
[   19.118828] pimreg: entered allmulticast mode
[   19.143441] pimreg: entered allmulticast mode
[   19.162753] pimreg: entered allmulticast mode
[   19.182341] pimreg: entered allmulticast mode
[   19.194533] pimreg: left allmulticast mode
[   19.194890] pimreg: left allmulticast mode
[   19.195148] pimreg: left allmulticast mode
[   19.195454] pimreg: left allmulticast mode
[   19.195796] pimreg: left allmulticast mode
[   19.196118] pimreg: left allmulticast mode
[   19.196418] pimreg: left allmulticast mode
[   19.210168] pimreg: entered allmulticast mode
[   19.234965] pimreg: entered allmulticast mode
[   19.257530] pimreg: entered allmulticast mode
[   19.283082] pimreg: entered allmulticast mode
[   19.303853] pimreg: entered allmulticast mode
[   19.315373] pimreg: left allmulticast mode
[   19.315736] pimreg: left allmulticast mode
[   19.316610] pimreg: left allmulticast mode
[   19.317108] pimreg: left allmulticast mode
[   19.317418] pimreg: left allmulticast mode
[   19.328263] pimreg: entered allmulticast mode
[   19.357777] pimreg: entered allmulticast mode
[   19.384764] pimreg: entered allmulticast mode
[   19.407058] pimreg: entered allmulticast mode
[   19.436317] pimreg: entered allmulticast mode
[   19.458550] pimreg: entered allmulticast mode
[   19.478791] pimreg: left allmulticast mode
[   19.479091] pimreg: left allmulticast mode
[   19.479344] pimreg: left allmulticast mode
[   19.479659] pimreg: left allmulticast mode
[   19.479965] pimreg: left allmulticast mode
[   19.480361] pimreg: left allmulticast mode
[   19.491768] pimreg: entered allmulticast mode
[   19.510244] pimreg: entered allmulticast mode
[   19.545198] pimreg: entered allmulticast mode
[   19.566885] pimreg: entered allmulticast mode
[   19.594010] pimreg: entered allmulticast mode
[   19.618155] pimreg: entered allmulticast mode
[   19.646568] pimreg: entered allmulticast mode
[   19.666539] pimreg: left allmulticast mode
[   19.666897] pimreg: left allmulticast mode
[   19.667152] pimreg: left allmulticast mode
[   19.667988] pimreg: left allmulticast mode
[   19.668464] pimreg: left allmulticast mode
[   19.668806] pimreg: left allmulticast mode
[   19.669125] pimreg: left allmulticast mode
[   19.682493] pimreg: entered allmulticast mode
[   19.698062] pimreg: entered allmulticast mode
[   19.723374] pimreg: entered allmulticast mode
[   19.746322] pimreg: entered allmulticast mode
[   19.766253] pimreg: entered allmulticast mode
[   19.782104] pimreg: entered allmulticast mode
[   19.799054] pimreg: left allmulticast mode
[   19.800068] pimreg: left allmulticast mode
[   19.800415] pimreg: left allmulticast mode
[   19.800689] pimreg: left allmulticast mode
[   19.800950] pimreg: left allmulticast mode
[   19.801256] pimreg: left allmulticast mode
[   19.812054] pimreg: entered allmulticast mode
[   19.835253] pimreg: entered allmulticast mode
[   19.858333] pimreg: entered allmulticast mode
[   19.882960] pimreg: entered allmulticast mode
[   19.898502] pimreg: entered allmulticast mode
[   19.923880] pimreg: entered allmulticast mode
[   19.930123] pimreg: left allmulticast mode
[   19.930452] pimreg: left allmulticast mode
[   19.930779] pimreg: left allmulticast mode
[   19.931096] pimreg: left allmulticast mode
[   19.931407] pimreg: left allmulticast mode
[   19.932381] pimreg: left allmulticast mode
[   19.943889] pimreg: entered allmulticast mode
[   19.962996] pimreg: entered allmulticast mode
[   19.988939] pimreg: entered allmulticast mode
[   20.006678] pimreg: entered allmulticast mode
[   20.027801] pimreg: entered allmulticast mode
[   20.050926] pimreg: entered allmulticast mode
[   20.078477] pimreg: entered allmulticast mode
[   20.107086] pimreg: entered allmulticast mode
[   20.110611] pimreg: left allmulticast mode
[   20.110966] pimreg: left allmulticast mode
[   20.111232] pimreg: left allmulticast mode
[   20.111483] pimreg: left allmulticast mode
[   20.111810] pimreg: left allmulticast mode
[   20.112185] pimreg: left allmulticast mode
[   20.112511] pimreg: left allmulticast mode
[   20.112819] pimreg: left allmulticast mode
[   20.127966] pimreg: entered allmulticast mode
[   20.152649] pimreg: entered allmulticast mode
[   20.168527] pimreg: entered allmulticast mode
[   20.186471] pimreg: entered allmulticast mode
[   20.210855] pimreg: entered allmulticast mode
[   20.234472] pimreg: entered allmulticast mode
[   20.266017] pimreg: entered allmulticast mode
[   20.294418] pimreg: entered allmulticast mode
[   20.310273] pimreg: left allmulticast mode
[   20.310608] pimreg: left allmulticast mode
[   20.310883] pimreg: left allmulticast mode
[   20.311136] pimreg: left allmulticast mode
[   20.311394] pimreg: left allmulticast mode
[   20.312485] pimreg: left allmulticast mode
[   20.312939] pimreg: left allmulticast mode
[   20.313257] pimreg: left allmulticast mode
[   20.313583] pimreg: left allmulticast mode
[   20.328532] pimreg: entered allmulticast mode
[   20.354798] pimreg: entered allmulticast mode
[   20.369610] pimreg: entered allmulticast mode
[   20.390536] pimreg: entered allmulticast mode
[   20.418796] pimreg: entered allmulticast mode
[   20.442379] pimreg: entered allmulticast mode
[   20.466384] pimreg: entered allmulticast mode
[   20.494153] pimreg: entered allmulticast mode
[   20.518395] pimreg: entered allmulticast mode
[   20.550570] pimreg: left allmulticast mode
[   20.550939] pimreg: left allmulticast mode
[   20.551599] pimreg: left allmulticast mode
[   20.552094] pimreg: left allmulticast mode
[   20.552436] pimreg: left allmulticast mode
[   20.552749] pimreg: left allmulticast mode
[   20.553053] pimreg: left allmulticast mode
[   20.553355] pimreg: left allmulticast mode
[   20.567623] pimreg: entered allmulticast mode
[   20.599220] pimreg: entered allmulticast mode
[   20.613068] pimreg: entered allmulticast mode
[   20.634548] pimreg: entered allmulticast mode
[   20.658363] pimreg: entered allmulticast mode
[   20.695201] pimreg: entered allmulticast mode
[   20.718327] pimreg: entered allmulticast mode
[   20.742578] pimreg: entered allmulticast mode
[   20.766116] pimreg: entered allmulticast mode
[   20.771431] pimreg: left allmulticast mode
[   20.771808] pimreg: left allmulticast mode
[   20.772099] pimreg: left allmulticast mode
[   20.772406] pimreg: left allmulticast mode
[   20.772725] pimreg: left allmulticast mode
[   20.773040] pimreg: left allmulticast mode
[   20.773357] pimreg: left allmulticast mode
[   20.773736] pimreg: left allmulticast mode
[   20.794115] pimreg: entered allmulticast mode
[   20.813386] pimreg: entered allmulticast mode
[   20.841957] pimreg: entered allmulticast mode
[   20.856238] pimreg: entered allmulticast mode
[   20.879836] pimreg: entered allmulticast mode
[   20.881986] clocksource: Watchdog remote CPU 1 read timed out
[   20.894454] pimreg: entered allmulticast mode
[   20.899903] pimreg: left allmulticast mode
[   20.900224] pimreg: left allmulticast mode
[   20.900483] pimreg: left allmulticast mode
[   20.900743] pimreg: left allmulticast mode
[   20.901061] pimreg: left allmulticast mode
[   20.901371] pimreg: left allmulticast mode
[   20.901739] pimreg: left allmulticast mode
[   20.915182] pimreg: entered allmulticast mode
[   20.942734] pimreg: entered allmulticast mode
[   20.957506] pimreg: entered allmulticast mode
[   20.982909] pimreg: entered allmulticast mode
[   21.006627] pimreg: entered allmulticast mode
[   21.038341] pimreg: entered allmulticast mode
[   21.066801] pimreg: entered allmulticast mode
[   21.106362] pimreg: entered allmulticast mode
[   21.111317] pimreg: left allmulticast mode
[   21.111688] pimreg: left allmulticast mode
[   21.111964] pimreg: left allmulticast mode
[   21.112228] pimreg: left allmulticast mode
[   21.112482] pimreg: left allmulticast mode
[   21.112798] pimreg: left allmulticast mode
[   21.113108] pimreg: left allmulticast mode
[   21.130347] pimreg: entered allmulticast mode
[   21.153355] pimreg: entered allmulticast mode
[   21.175214] pimreg: entered allmulticast mode
[   21.191016] pimreg: entered allmulticast mode
[   21.215194] pimreg: entered allmulticast mode
[   21.234564] pimreg: entered allmulticast mode
[   21.254420] pimreg: left allmulticast mode
[   21.254784] pimreg: left allmulticast mode
[   21.255120] pimreg: left allmulticast mode
[   21.255428] pimreg: left allmulticast mode
[   21.256532] pimreg: left allmulticast mode
[   21.256904] pimreg: left allmulticast mode
[   21.257211] pimreg: left allmulticast mode
[   21.269369] pimreg: entered allmulticast mode
[   21.292876] pimreg: entered allmulticast mode
[   21.312675] pimreg: entered allmulticast mode
[   21.336463] pimreg: entered allmulticast mode
[   21.355581] pimreg: entered allmulticast mode
[   21.366624] pimreg: left allmulticast mode
[   21.366987] pimreg: left allmulticast mode
[   21.367258] pimreg: left allmulticast mode
[   21.367573] pimreg: left allmulticast mode
[   21.367912] pimreg: left allmulticast mode
[   21.378631] pimreg: entered allmulticast mode
[   21.395693] pimreg: entered allmulticast mode
[   21.415810] pimreg: entered allmulticast mode
[   21.434878] pimreg: entered allmulticast mode
[   21.458207] pimreg: entered allmulticast mode
[   21.482207] pimreg: entered allmulticast mode
[   21.506717] pimreg: entered allmulticast mode
[   21.510315] pimreg: left allmulticast mode
[   21.510723] pimreg: left allmulticast mode
[   21.511032] pimreg: left allmulticast mode
[   21.511347] pimreg: left allmulticast mode
[   21.511671] pimreg: left allmulticast mode
[   21.511982] pimreg: left allmulticast mode
[   21.526049] pimreg: entered allmulticast mode
[   21.551817] pimreg: entered allmulticast mode
[   21.570951] pimreg: entered allmulticast mode
[   21.584546] pimreg: entered allmulticast mode
[   21.602176] pimreg: entered allmulticast mode
[   21.607054] pimreg: left allmulticast mode
[   21.607405] pimreg: left allmulticast mode
[   21.607696] pimreg: left allmulticast mode
[   21.607966] pimreg: left allmulticast mode
[   21.608221] pimreg: left allmulticast mode
[   21.627144] pimreg: entered allmulticast mode
[   21.637892] pimreg: entered allmulticast mode
[   21.651272] pimreg: entered allmulticast mode
[   21.675152] pimreg: entered allmulticast mode
[   21.702301] pimreg: entered allmulticast mode
[   21.726304] pimreg: entered allmulticast mode
[   21.746271] pimreg: left allmulticast mode
[   21.746614] pimreg: left allmulticast mode
[   21.746944] pimreg: left allmulticast mode
[   21.747903] pimreg: left allmulticast mode
[   21.748247] pimreg: left allmulticast mode
[   21.748570] pimreg: left allmulticast mode
[   21.748879] pimreg: left allmulticast mode
[   21.760657] pimreg: entered allmulticast mode
[   21.785850] pimreg: entered allmulticast mode
[   21.817660] pimreg: entered allmulticast mode
[   21.838030] pimreg: entered allmulticast mode
[   21.850779] pimreg: entered allmulticast mode
[   21.870404] pimreg: entered allmulticast mode
[   21.874992] pimreg: left allmulticast mode
[   21.875511] pimreg: left allmulticast mode
[   21.875807] pimreg: left allmulticast mode
[   21.876062] pimreg: left allmulticast mode
[   21.876333] pimreg: left allmulticast mode
[   21.891707] pimreg: entered allmulticast mode
[   21.907976] pimreg: entered allmulticast mode
[   21.927734] pimreg: entered allmulticast mode
[   21.950517] pimreg: entered allmulticast mode
[   21.970779] pimreg: entered allmulticast mode
[   21.990526] pimreg: entered allmulticast mode
[   22.006568] pimreg: left allmulticast mode
[   22.007621] pimreg: left allmulticast mode
[   22.007927] pimreg: left allmulticast mode
[   22.008335] pimreg: left allmulticast mode
[   22.008605] pimreg: left allmulticast mode
[   22.008889] pimreg: left allmulticast mode
[   22.009152] pimreg: left allmulticast mode
[   22.021017] pimreg: entered allmulticast mode
[   22.047948] pimreg: entered allmulticast mode
[   22.066652] pimreg: entered allmulticast mode
[   22.079943] pimreg: entered allmulticast mode
[   22.102538] pimreg: entered allmulticast mode
[   22.126321] pimreg: entered allmulticast mode
[   22.154636] pimreg: entered allmulticast mode
[   22.190886] pimreg: entered allmulticast mode
[   22.216016] pimreg: entered allmulticast mode
[   22.222788] pimreg: left allmulticast mode
[   22.223114] pimreg: left allmulticast mode
[   22.223377] pimreg: left allmulticast mode
[   22.223638] pimreg: left allmulticast mode
[   22.223948] pimreg: left allmulticast mode
[   22.224362] pimreg: left allmulticast mode
[   22.224674] pimreg: left allmulticast mode
[   22.224971] pimreg: left allmulticast mode
[   22.225270] pimreg: left allmulticast mode
[   22.225562] pimreg: left allmulticast mode
[   22.241977] pimreg: entered allmulticast mode
[   22.269398] pimreg: entered allmulticast mode
[   22.295547] pimreg: entered allmulticast mode
[   22.315141] pimreg: entered allmulticast mode
[   22.334555] pimreg: entered allmulticast mode
[   22.358454] pimreg: entered allmulticast mode
[   22.394040] pimreg: entered allmulticast mode
[   22.422640] pimreg: entered allmulticast mode
[   22.450638] pimreg: entered allmulticast mode
[   22.454976] pimreg: left allmulticast mode
[   22.455324] pimreg: left allmulticast mode
[   22.455583] pimreg: left allmulticast mode
[   22.455848] pimreg: left allmulticast mode
[   22.456097] pimreg: left allmulticast mode
[   22.456416] pimreg: left allmulticast mode
[   22.457462] pimreg: left allmulticast mode
[   22.457883] pimreg: left allmulticast mode
[   22.471561] pimreg: entered allmulticast mode
[   22.495980] pimreg: entered allmulticast mode
[   22.514474] pimreg: entered allmulticast mode
[   22.538592] pimreg: entered allmulticast mode
[   22.558438] pimreg: entered allmulticast mode
[   22.582000] pimreg: entered allmulticast mode
[   22.602714] pimreg: entered allmulticast mode
[   22.620576] pimreg: entered allmulticast mode
[   22.638250] pimreg: left allmulticast mode
[   22.638590] pimreg: left allmulticast mode
[   22.638855] pimreg: left allmulticast mode
[   22.639142] pimreg: left allmulticast mode
[   22.639958] pimreg: left allmulticast mode
[   22.640733] pimreg: left allmulticast mode
[   22.641079] pimreg: left allmulticast mode
[   22.642004] pimreg: left allmulticast mode
[   22.655507] pimreg: entered allmulticast mode
[   22.674792] pimreg: entered allmulticast mode
[   22.700908] pimreg: entered allmulticast mode
[   22.722409] pimreg: entered allmulticast mode
[   22.742470] pimreg: entered allmulticast mode
[   22.762588] pimreg: entered allmulticast mode
[   22.782684] pimreg: entered allmulticast mode
[   22.802735] pimreg: entered allmulticast mode
[   22.822422] pimreg: entered allmulticast mode
[   22.822782] pimreg: left allmulticast mode
[   22.823167] pimreg: left allmulticast mode
[   22.823491] pimreg: left allmulticast mode
[   22.823852] pimreg: left allmulticast mode
[   22.824181] pimreg: left allmulticast mode
[   22.824506] pimreg: left allmulticast mode
[   22.824804] pimreg: left allmulticast mode
[   22.825103] pimreg: left allmulticast mode
[   22.839438] pimreg: entered allmulticast mode
[   22.866856] pimreg: entered allmulticast mode
[   22.891371] pimreg: entered allmulticast mode
[   22.903457] pimreg: entered allmulticast mode
[   22.923492] pimreg: entered allmulticast mode
[   22.946720] pimreg: entered allmulticast mode
[   22.970585] pimreg: entered allmulticast mode
[   22.995724] pimreg: entered allmulticast mode
[   23.018535] pimreg: entered allmulticast mode
[   23.042556] pimreg: entered allmulticast mode
[   23.047862] pimreg: left allmulticast mode
[   23.048175] pimreg: left allmulticast mode
[   23.048435] pimreg: left allmulticast mode
[   23.048693] pimreg: left allmulticast mode
[   23.048987] pimreg: left allmulticast mode
[   23.049281] pimreg: left allmulticast mode
[   23.049569] pimreg: left allmulticast mode
[   23.050291] pimreg: left allmulticast mode
[   23.050614] pimreg: left allmulticast mode
[   23.050915] pimreg: left allmulticast mode
[   23.052606] pimreg: left allmulticast mode
[   23.069367] pimreg: entered allmulticast mode
[   23.099759] pimreg: entered allmulticast mode
[   23.114987] pimreg: entered allmulticast mode
[   23.134804] pimreg: entered allmulticast mode
[   23.158245] pimreg: entered allmulticast mode
[   23.178252] pimreg: entered allmulticast mode
[   23.198623] pimreg: entered allmulticast mode
[   23.230603] pimreg: entered allmulticast mode
[   23.254768] pimreg: entered allmulticast mode
[   23.282427] pimreg: entered allmulticast mode
[   23.306742] pimreg: entered allmulticast mode
[   23.311927] pimreg: left allmulticast mode
[   23.312277] pimreg: left allmulticast mode
[   23.312553] pimreg: left allmulticast mode
[   23.312835] pimreg: left allmulticast mode
[   23.313102] pimreg: left allmulticast mode
[   23.313370] pimreg: left allmulticast mode
[   23.313732] pimreg: left allmulticast mode
[   23.314060] pimreg: left allmulticast mode
[   23.314386] pimreg: left allmulticast mode
[   23.314699] pimreg: left allmulticast mode
[   23.315486] pimreg: left allmulticast mode
[   23.331980] pimreg: entered allmulticast mode
[   23.350402] pimreg: entered allmulticast mode
[   23.369213] pimreg: entered allmulticast mode
[   23.402417] pimreg: entered allmulticast mode
[   23.422875] pimreg: entered allmulticast mode
[   23.446676] pimreg: entered allmulticast mode
[   23.474477] pimreg: entered allmulticast mode
[   23.498898] pimreg: entered allmulticast mode
[   23.526906] pimreg: entered allmulticast mode
[   23.550547] pimreg: entered allmulticast mode
[   23.574842] pimreg: entered allmulticast mode
[   23.587109] pimreg: left allmulticast mode
[   23.587471] pimreg: left allmulticast mode
[   23.587748] pimreg: left allmulticast mode
[   23.588017] pimreg: left allmulticast mode
[   23.588267] pimreg: left allmulticast mode
[   23.588575] pimreg: left allmulticast mode
[   23.588883] pimreg: left allmulticast mode
[   23.589180] pimreg: left allmulticast mode
[   23.589481] pimreg: left allmulticast mode
[   23.589841] pimreg: left allmulticast mode
[   23.590144] pimreg: left allmulticast mode
[   23.608125] pimreg: entered allmulticast mode
[   23.628922] pimreg: entered allmulticast mode
[   23.659858] pimreg: entered allmulticast mode
[   23.678733] pimreg: entered allmulticast mode
[   23.702640] pimreg: entered allmulticast mode
[   23.726948] pimreg: entered allmulticast mode
[   23.750477] pimreg: entered allmulticast mode
[   23.774015] pimreg: entered allmulticast mode
[   23.798717] pimreg: entered allmulticast mode
[   23.830801] pimreg: entered allmulticast mode
[   23.854612] pimreg: entered allmulticast mode
[   23.859468] pimreg: left allmulticast mode
[   23.859783] pimreg: left allmulticast mode
[   23.860047] pimreg: left allmulticast mode
[   23.860306] pimreg: left allmulticast mode
[   23.860553] pimreg: left allmulticast mode
[   23.860877] pimreg: left allmulticast mode
[   23.861197] pimreg: left allmulticast mode
[   23.861508] pimreg: left allmulticast mode
[   23.861845] pimreg: left allmulticast mode
[   23.862156] pimreg: left allmulticast mode
[   23.862471] pimreg: left allmulticast mode
[   23.880406] pimreg: entered allmulticast mode
[   23.910181] pimreg: entered allmulticast mode
[   23.937126] pimreg: entered allmulticast mode
[   23.974570] pimreg: entered allmulticast mode
[   24.002561] pimreg: entered allmulticast mode
[   24.026678] pimreg: entered allmulticast mode
[   24.049977] pimreg: entered allmulticast mode
[   24.078717] pimreg: entered allmulticast mode
[   24.106593] pimreg: entered allmulticast mode
[   24.134926] pimreg: entered allmulticast mode
[   24.158766] pimreg: left allmulticast mode
[   24.159102] pimreg: left allmulticast mode
[   24.159352] pimreg: left allmulticast mode
[   24.159661] pimreg: left allmulticast mode
[   24.159991] pimreg: left allmulticast mode
[   24.161611] pimreg: left allmulticast mode
[   24.161929] pimreg: left allmulticast mode
[   24.162178] pimreg: left allmulticast mode
[   24.162458] pimreg: left allmulticast mode
[   24.162769] pimreg: left allmulticast mode
[   24.177865] pimreg: entered allmulticast mode
[   24.201381] pimreg: entered allmulticast mode
[   24.234460] pimreg: entered allmulticast mode
[   24.247203] pimreg: entered allmulticast mode
[   24.266093] pimreg: entered allmulticast mode
[   24.286106] pimreg: entered allmulticast mode
[   24.291206] pimreg: left allmulticast mode
[   24.291702] pimreg: left allmulticast mode
[   24.292042] pimreg: left allmulticast mode
[   24.292359] pimreg: left allmulticast mode
[   24.292690] pimreg: left allmulticast mode
[   24.292984] pimreg: left allmulticast mode
[   24.304148] pimreg: entered allmulticast mode
[   24.322832] pimreg: entered allmulticast mode
[   24.351782] pimreg: entered allmulticast mode
[   24.363217] pimreg: entered allmulticast mode
[   24.386249] pimreg: entered allmulticast mode
[   24.414766] pimreg: entered allmulticast mode
[   24.418909] pimreg: left allmulticast mode
[   24.419246] pimreg: left allmulticast mode
[   24.419519] pimreg: left allmulticast mode
[   24.419778] pimreg: left allmulticast mode
[   24.420098] pimreg: left allmulticast mode
[   24.438703] pimreg: entered allmulticast mode
[   24.455245] pimreg: entered allmulticast mode
[   24.478742] pimreg: entered allmulticast mode
[   24.499457] pimreg: entered allmulticast mode
[   24.510871] pimreg: left allmulticast mode
[   24.511234] pimreg: left allmulticast mode
[   24.511500] pimreg: left allmulticast mode
[   24.511788] pimreg: left allmulticast mode
[   24.512046] pimreg: left allmulticast mode
[   24.522830] pimreg: entered allmulticast mode
[   24.550773] pimreg: entered allmulticast mode
[   24.571660] pimreg: entered allmulticast mode
[   24.589564] pimreg: entered allmulticast mode
[   24.613743] pimreg: entered allmulticast mode
[   24.638624] pimreg: entered allmulticast mode
[   24.658272] pimreg: entered allmulticast mode
[   24.662314] pimreg: left allmulticast mode
[   24.662685] pimreg: left allmulticast mode
[   24.662991] pimreg: left allmulticast mode
[   24.663297] pimreg: left allmulticast mode
[   24.663595] pimreg: left allmulticast mode
[   24.663893] pimreg: left allmulticast mode
[   24.683884] pimreg: entered allmulticast mode
[   24.697851] pimreg: entered allmulticast mode
[   24.719169] pimreg: entered allmulticast mode
[   24.742417] pimreg: entered allmulticast mode
[   24.766555] pimreg: entered allmulticast mode
[   24.785776] pimreg: entered allmulticast mode
[   24.806844] pimreg: entered allmulticast mode
[   24.815127] pimreg: left allmulticast mode
[   24.815672] pimreg: left allmulticast mode
[   24.815955] pimreg: left allmulticast mode
[   24.816215] pimreg: left allmulticast mode
[   24.816475] pimreg: left allmulticast mode
[   24.816740] pimreg: left allmulticast mode
[   24.817035] pimreg: left allmulticast mode
[   24.817340] pimreg: left allmulticast mode
[   24.832286] pimreg: entered allmulticast mode
[   24.859138] pimreg: entered allmulticast mode
[   24.883067] pimreg: entered allmulticast mode
[   24.907099] pimreg: entered allmulticast mode
[   24.942221] pimreg: entered allmulticast mode
[   24.966340] pimreg: entered allmulticast mode
[   24.986690] pimreg: entered allmulticast mode
[   25.015628] pimreg: entered allmulticast mode
[   25.042680] pimreg: entered allmulticast mode
[   25.047192] pimreg: left allmulticast mode
[   25.047487] pimreg: left allmulticast mode
[   25.047763] pimreg: left allmulticast mode
[   25.048017] pimreg: left allmulticast mode
[   25.048333] pimreg: left allmulticast mode
[   25.048672] pimreg: left allmulticast mode
[   25.048987] pimreg: left allmulticast mode
[   25.049300] pimreg: left allmulticast mode
[   25.049656] pimreg: left allmulticast mode
[   25.065380] pimreg: entered allmulticast mode
[   25.095973] pimreg: entered allmulticast mode
[   25.137903] pimreg: entered allmulticast mode
[   25.162484] pimreg: entered allmulticast mode
[   25.191008] pimreg: entered allmulticast mode
[   25.210714] pimreg: entered allmulticast mode
[   25.234374] pimreg: entered allmulticast mode
[   25.258469] pimreg: entered allmulticast mode
[   25.282100] pimreg: entered allmulticast mode
[   25.294587] pimreg: left allmulticast mode
[   25.294918] pimreg: left allmulticast mode
[   25.295188] pimreg: left allmulticast mode
[   25.295444] pimreg: left allmulticast mode
[   25.295717] pimreg: left allmulticast mode
[   25.295974] pimreg: left allmulticast mode
[   25.296277] pimreg: left allmulticast mode
[   25.296581] pimreg: left allmulticast mode
[   25.296879] pimreg: left allmulticast mode
[   25.311401] pimreg: entered allmulticast mode
[   25.339670] pimreg: entered allmulticast mode
[   25.368896] pimreg: entered allmulticast mode
[   25.390372] pimreg: entered allmulticast mode
[   25.410476] pimreg: entered allmulticast mode
[   25.438344] pimreg: entered allmulticast mode
[   25.462021] pimreg: entered allmulticast mode
[   25.486891] pimreg: entered allmulticast mode
[   25.506582] pimreg: entered allmulticast mode
[   25.526373] pimreg: left allmulticast mode
[   25.526706] pimreg: left allmulticast mode
[   25.526963] pimreg: left allmulticast mode
[   25.527216] pimreg: left allmulticast mode
[   25.527520] pimreg: left allmulticast mode
[   25.527947] pimreg: left allmulticast mode
[   25.528271] pimreg: left allmulticast mode
[   25.528577] pimreg: left allmulticast mode
[   25.528897] pimreg: left allmulticast mode
[   25.542761] pimreg: entered allmulticast mode
[   25.567113] pimreg: entered allmulticast mode
[   25.592872] pimreg: entered allmulticast mode
[   25.630560] pimreg: entered allmulticast mode
[   25.654255] pimreg: entered allmulticast mode
[   25.678421] pimreg: entered allmulticast mode
[   25.702427] pimreg: entered allmulticast mode
[   25.726605] pimreg: entered allmulticast mode
[   25.750109] pimreg: entered allmulticast mode
[   25.762680] pimreg: left allmulticast mode
[   25.763009] pimreg: left allmulticast mode
[   25.763279] pimreg: left allmulticast mode
[   25.763601] pimreg: left allmulticast mode
[   25.763907] pimreg: left allmulticast mode
[   25.764208] pimreg: left allmulticast mode
[   25.764509] pimreg: left allmulticast mode
[   25.764803] pimreg: left allmulticast mode
[   25.765094] pimreg: left allmulticast mode
[   25.781028] pimreg: entered allmulticast mode
[   25.805122] pimreg: entered allmulticast mode
[   25.828113] pimreg: entered allmulticast mode
[   25.839917] pimreg: entered allmulticast mode
[   25.854026] pimreg: entered allmulticast mode
[   25.878554] pimreg: entered allmulticast mode
[   25.902575] pimreg: entered allmulticast mode
[   25.926469] pimreg: entered allmulticast mode
[   25.950319] pimreg: entered allmulticast mode
[   25.970952] pimreg: left allmulticast mode
[   25.971298] pimreg: left allmulticast mode
[   25.971585] pimreg: left allmulticast mode
[   25.971841] pimreg: left allmulticast mode
[   25.972150] pimreg: left allmulticast mode
[   25.973258] pimreg: left allmulticast mode
[   25.973675] pimreg: left allmulticast mode
[   25.973979] pimreg: left allmulticast mode
[   25.974268] pimreg: left allmulticast mode
[   25.988051] pimreg: entered allmulticast mode
[   26.015790] pimreg: entered allmulticast mode
[   26.026715] pimreg: entered allmulticast mode
[   26.050207] pimreg: entered allmulticast mode
[   26.074206] pimreg: entered allmulticast mode
[   26.098312] pimreg: entered allmulticast mode
[   26.134573] pimreg: entered allmulticast mode
[   26.162160] pimreg: entered allmulticast mode
[   26.190759] pimreg: entered allmulticast mode
[   26.210937] pimreg: left allmulticast mode
[   26.211226] pimreg: left allmulticast mode
[   26.211491] pimreg: left allmulticast mode
[   26.211810] pimreg: left allmulticast mode
[   26.212139] pimreg: left allmulticast mode
[   26.212566] pimreg: left allmulticast mode
[   26.212870] pimreg: left allmulticast mode
[   26.213189] pimreg: left allmulticast mode
[   26.213487] pimreg: left allmulticast mode
[   26.228545] pimreg: entered allmulticast mode
[   26.260686] pimreg: entered allmulticast mode
[   26.283520] pimreg: entered allmulticast mode
[   26.303368] pimreg: entered allmulticast mode
[   26.330384] pimreg: entered allmulticast mode
[   26.354504] pimreg: entered allmulticast mode
[   26.378139] pimreg: entered allmulticast mode
[   26.407960] pimreg: entered allmulticast mode
[   26.434596] pimreg: entered allmulticast mode
[   26.461958] pimreg: entered allmulticast mode
[   26.467542] pimreg: left allmulticast mode
[   26.468074] pimreg: left allmulticast mode
[   26.468405] pimreg: left allmulticast mode
[   26.468739] pimreg: left allmulticast mode
[   26.469031] pimreg: left allmulticast mode
[   26.469332] pimreg: left allmulticast mode
[   26.469718] pimreg: left allmulticast mode
[   26.470030] pimreg: left allmulticast mode
[   26.470332] pimreg: left allmulticast mode
[   26.490073] pimreg: entered allmulticast mode
[   26.515653] pimreg: entered allmulticast mode
[   26.533943] pimreg: entered allmulticast mode
[   26.554826] pimreg: entered allmulticast mode
[   26.569914] pimreg: entered allmulticast mode
[   26.594732] pimreg: entered allmulticast mode
[   26.618192] pimreg: entered allmulticast mode
[   26.642479] pimreg: entered allmulticast mode
[   26.666199] pimreg: entered allmulticast mode
[   26.679098] pimreg: left allmulticast mode
[   26.679489] pimreg: left allmulticast mode
[   26.679833] pimreg: left allmulticast mode
[   26.680144] pimreg: left allmulticast mode
[   26.680442] pimreg: left allmulticast mode
[   26.680753] pimreg: left allmulticast mode
[   26.681049] pimreg: left allmulticast mode
[   26.681358] pimreg: left allmulticast mode
[   26.681701] pimreg: left allmulticast mode
[   26.682021] pimreg: left allmulticast mode
[   26.698719] pimreg: entered allmulticast mode
[   26.728078] pimreg: entered allmulticast mode
[   26.741022] pimreg: entered allmulticast mode
[   26.751644] pimreg: entered allmulticast mode
[   26.774553] pimreg: entered allmulticast mode
[   26.793971] pimreg: entered allmulticast mode
[   26.817976] pimreg: entered allmulticast mode
[   26.838331] pimreg: entered allmulticast mode
[   26.839453] pimreg: left allmulticast mode
[   26.839797] pimreg: left allmulticast mode
[   26.840095] pimreg: left allmulticast mode
[   26.840406] pimreg: left allmulticast mode
[   26.840676] pimreg: left allmulticast mode
[   26.841008] pimreg: left allmulticast mode
[   26.841310] pimreg: left allmulticast mode
[   26.857804] pimreg: entered allmulticast mode
[   26.894240] pimreg: entered allmulticast mode
[   26.922727] pimreg: entered allmulticast mode
[   26.942949] pimreg: entered allmulticast mode
[   26.957874] pimreg: entered allmulticast mode
[   26.977831] pimreg: entered allmulticast mode
[   27.002177] pimreg: entered allmulticast mode
[   27.022100] pimreg: entered allmulticast mode
[   27.042501] pimreg: left allmulticast mode
[   27.043203] pimreg: left allmulticast mode
[   27.043519] pimreg: left allmulticast mode
[   27.043779] pimreg: left allmulticast mode
[   27.044173] pimreg: left allmulticast mode
[   27.044448] pimreg: left allmulticast mode
[   27.044704] pimreg: left allmulticast mode
[   27.044957] pimreg: left allmulticast mode
[   27.045251] pimreg: left allmulticast mode
[   27.059608] pimreg: entered allmulticast mode
[   27.080344] pimreg: entered allmulticast mode
[   27.109232] pimreg: entered allmulticast mode
[   27.135284] pimreg: entered allmulticast mode
[   27.161834] pimreg: entered allmulticast mode
[   27.185981] pimreg: entered allmulticast mode
[   27.218757] pimreg: entered allmulticast mode
[   27.227423] pimreg: left allmulticast mode
[   27.227973] pimreg: left allmulticast mode
[   27.228309] pimreg: left allmulticast mode
[   27.228620] pimreg: left allmulticast mode
[   27.228920] pimreg: left allmulticast mode
[   27.229216] pimreg: left allmulticast mode
[   27.229525] pimreg: left allmulticast mode
[   27.241911] pimreg: entered allmulticast mode
[   27.262133] pimreg: entered allmulticast mode
[   27.286462] pimreg: entered allmulticast mode
[   27.307167] pimreg: entered allmulticast mode
[   27.335653] pimreg: entered allmulticast mode
[   27.346665] pimreg: left allmulticast mode
[   27.346995] pimreg: left allmulticast mode
[   27.347272] pimreg: left allmulticast mode
[   27.347533] pimreg: left allmulticast mode
[   27.347847] pimreg: left allmulticast mode
[   27.359229] pimreg: entered allmulticast mode
[   27.375613] pimreg: entered allmulticast mode
[   27.398813] pimreg: entered allmulticast mode
[   27.411671] pimreg: entered allmulticast mode
[   27.426448] pimreg: entered allmulticast mode
[   27.445717] pimreg: entered allmulticast mode
[   27.462932] pimreg: left allmulticast mode
[   27.463286] pimreg: left allmulticast mode
[   27.463621] pimreg: left allmulticast mode
[   27.463948] pimreg: left allmulticast mode
[   27.464268] pimreg: left allmulticast mode
[   27.464781] pimreg: left allmulticast mode
[   27.475714] pimreg: entered allmulticast mode
[   27.493270] pimreg: entered allmulticast mode
[   27.528651] pimreg: entered allmulticast mode
[   27.558895] pimreg: entered allmulticast mode
[   27.582400] pimreg: entered allmulticast mode
[   27.606254] pimreg: entered allmulticast mode
[   27.630565] pimreg: entered allmulticast mode
[   27.646584] pimreg: left allmulticast mode
[   27.646927] pimreg: left allmulticast mode
[   27.647712] pimreg: left allmulticast mode
[   27.648373] pimreg: left allmulticast mode
[   27.648665] pimreg: left allmulticast mode
[   27.648928] pimreg: left allmulticast mode
[   27.649221] pimreg: left allmulticast mode
[   27.661770] pimreg: entered allmulticast mode
[   27.682384] pimreg: entered allmulticast mode
[   27.711510] pimreg: entered allmulticast mode
[   27.735166] pimreg: entered allmulticast mode
[   27.750360] pimreg: entered allmulticast mode
[   27.773915] pimreg: entered allmulticast mode
[   27.793536] pimreg: entered allmulticast mode
[   27.815002] pimreg: entered allmulticast mode
[   27.834592] pimreg: left allmulticast mode
[   27.834927] pimreg: left allmulticast mode
[   27.835199] pimreg: left allmulticast mode
[   27.835467] pimreg: left allmulticast mode
[   27.836804] pimreg: left allmulticast mode
[   27.837166] pimreg: left allmulticast mode
[   27.837471] pimreg: left allmulticast mode
[   27.838000] pimreg: left allmulticast mode
[   27.850906] pimreg: entered allmulticast mode
[   27.882807] pimreg: entered allmulticast mode
[   27.906123] pimreg: entered allmulticast mode
[   27.918774] pimreg: entered allmulticast mode
[   27.945865] pimreg: entered allmulticast mode
[   27.958549] pimreg: left allmulticast mode
[   27.958874] pimreg: left allmulticast mode
[   27.959136] pimreg: left allmulticast mode
[   27.959455] pimreg: left allmulticast mode
[   27.959760] pimreg: left allmulticast mode
[   27.970207] pimreg: entered allmulticast mode
[   27.987476] pimreg: entered allmulticast mode
[   28.010061] pimreg: entered allmulticast mode
[   28.024390] pimreg: entered allmulticast mode
[   28.030180] pimreg: left allmulticast mode
[   28.031024] pimreg: left allmulticast mode
[   28.031477] pimreg: left allmulticast mode
[   28.031844] pimreg: left allmulticast mode
[   28.040648] pimreg: entered allmulticast mode
[   28.062124] pimreg: entered allmulticast mode
[   28.081825] pimreg: entered allmulticast mode
[   28.107543] pimreg: entered allmulticast mode
[   28.119038] pimreg: left allmulticast mode
[   28.119412] pimreg: left allmulticast mode
[   28.119704] pimreg: left allmulticast mode
[   28.119973] pimreg: left allmulticast mode
[   28.130323] pimreg: entered allmulticast mode
[   28.157830] pimreg: entered allmulticast mode
[   28.179481] pimreg: entered allmulticast mode
[   28.202465] pimreg: entered allmulticast mode
[   28.225903] pimreg: entered allmulticast mode
[   28.255414] pimreg: entered allmulticast mode
[   28.255785] pimreg: left allmulticast mode
[   28.256498] pimreg: left allmulticast mode
[   28.256852] pimreg: left allmulticast mode
[   28.257174] pimreg: left allmulticast mode
[   28.257487] pimreg: left allmulticast mode
[   28.268452] pimreg: entered allmulticast mode
[   28.284320] pimreg: entered allmulticast mode
[   28.301797] pimreg: entered allmulticast mode
[   28.331156] pimreg: entered allmulticast mode
[   28.354356] pimreg: entered allmulticast mode
[   28.378455] pimreg: entered allmulticast mode
[   28.398488] pimreg: left allmulticast mode
[   28.398833] pimreg: left allmulticast mode
[   28.399090] pimreg: left allmulticast mode
[   28.399385] pimreg: left allmulticast mode
[   28.400360] pimreg: left allmulticast mode
[   28.400652] pimreg: left allmulticast mode
[   28.400910] pimreg: left allmulticast mode
[   28.412375] pimreg: entered allmulticast mode
[   28.434988] pimreg: entered allmulticast mode
[   28.459890] pimreg: entered allmulticast mode
[   28.482071] pimreg: entered allmulticast mode
[   28.506309] pimreg: entered allmulticast mode
[   28.530046] pimreg: entered allmulticast mode
[   28.554486] pimreg: entered allmulticast mode
[   28.578874] pimreg: entered allmulticast mode
[   28.598409] pimreg: left allmulticast mode
[   28.598764] pimreg: left allmulticast mode
[   28.599155] pimreg: left allmulticast mode
[   28.599540] pimreg: left allmulticast mode
[   28.599963] pimreg: left allmulticast mode
[   28.600285] pimreg: left allmulticast mode
[   28.600579] pimreg: left allmulticast mode
[   28.600882] pimreg: left allmulticast mode
[   28.614803] pimreg: entered allmulticast mode
[   28.642657] pimreg: entered allmulticast mode
[   28.666969] pimreg: entered allmulticast mode
[   28.679579] pimreg: entered allmulticast mode
[   28.703236] pimreg: entered allmulticast mode
[   28.703831] pimreg: left allmulticast mode
[   28.704189] pimreg: left allmulticast mode
[   28.704504] pimreg: left allmulticast mode
[   28.704764] pimreg: left allmulticast mode
[   28.705018] pimreg: left allmulticast mode
[   28.715425] pimreg: entered allmulticast mode
[   28.732998] pimreg: entered allmulticast mode
[   28.772128] pimreg: entered allmulticast mode
[   28.790196] pimreg: entered allmulticast mode
[   28.814873] pimreg: entered allmulticast mode
[   28.830177] pimreg: entered allmulticast mode
[   28.850082] pimreg: entered allmulticast mode
[   28.854260] pimreg: left allmulticast mode
[   28.854624] pimreg: left allmulticast mode
[   28.854891] pimreg: left allmulticast mode
[   28.855144] pimreg: left allmulticast mode
[   28.855452] pimreg: left allmulticast mode
[   28.855782] pimreg: left allmulticast mode
[   28.873523] pimreg: entered allmulticast mode
[   28.890060] pimreg: entered allmulticast mode
[   28.905591] pimreg: entered allmulticast mode
[   28.934540] pimreg: entered allmulticast mode
[   28.958186] pimreg: entered allmulticast mode
[   28.982625] pimreg: entered allmulticast mode
[   29.006503] pimreg: entered allmulticast mode
[   29.030455] pimreg: left allmulticast mode
[   29.030806] pimreg: left allmulticast mode
[   29.031142] pimreg: left allmulticast mode
[   29.031453] pimreg: left allmulticast mode
[   29.031766] pimreg: left allmulticast mode
[   29.032251] pimreg: left allmulticast mode
[   29.032984] pimreg: left allmulticast mode
[   29.033329] pimreg: left allmulticast mode
[   29.048665] pimreg: entered allmulticast mode
[   29.069720] pimreg: entered allmulticast mode
[   29.096594] pimreg: entered allmulticast mode
[   29.119777] pimreg: entered allmulticast mode
[   29.146656] pimreg: entered allmulticast mode
[   29.190443] pimreg: entered allmulticast mode
[   29.222474] pimreg: entered allmulticast mode
[   29.246456] pimreg: entered allmulticast mode
[   29.270454] pimreg: entered allmulticast mode
[   29.275428] pimreg: left allmulticast mode
[   29.275771] pimreg: left allmulticast mode
[   29.276036] pimreg: left allmulticast mode
[   29.276348] pimreg: left allmulticast mode
[   29.276672] pimreg: left allmulticast mode
[   29.276972] pimreg: left allmulticast mode
[   29.277274] pimreg: left allmulticast mode
[   29.277588] pimreg: left allmulticast mode
[   29.294582] pimreg: entered allmulticast mode
[   29.310931] pimreg: entered allmulticast mode
[   29.334071] pimreg: entered allmulticast mode
[   29.346505] pimreg: entered allmulticast mode
[   29.374547] pimreg: entered allmulticast mode
[   29.406536] pimreg: entered allmulticast mode
[   29.434722] pimreg: entered allmulticast mode
[   29.458343] pimreg: entered allmulticast mode
[   29.463470] pimreg: left allmulticast mode
[   29.463995] pimreg: left allmulticast mode
[   29.464266] pimreg: left allmulticast mode
[   29.464580] pimreg: left allmulticast mode
[   29.464870] pimreg: left allmulticast mode
[   29.465169] pimreg: left allmulticast mode
[   29.465482] pimreg: left allmulticast mode
[   29.465847] pimreg: left allmulticast mode
[   29.483030] pimreg: entered allmulticast mode
[   29.511060] pimreg: entered allmulticast mode
[   29.539134] pimreg: entered allmulticast mode
[   29.551092] pimreg: entered allmulticast mode
[   29.578848] pimreg: entered allmulticast mode
[   29.594339] pimreg: entered allmulticast mode
[   29.614938] pimreg: entered allmulticast mode
[   29.634211] pimreg: entered allmulticast mode
[   29.654747] pimreg: left allmulticast mode
[   29.655093] pimreg: left allmulticast mode
[   29.655363] pimreg: left allmulticast mode
[   29.655673] pimreg: left allmulticast mode
[   29.656412] pimreg: left allmulticast mode
[   29.656725] pimreg: left allmulticast mode
[   29.657034] pimreg: left allmulticast mode
[   29.657331] pimreg: left allmulticast mode
[   29.658061] pimreg: left allmulticast mode
[   29.672513] pimreg: entered allmulticast mode
[   29.705279] pimreg: entered allmulticast mode
[   29.732378] pimreg: entered allmulticast mode
[   29.743167] pimreg: entered allmulticast mode
[   29.762651] pimreg: entered allmulticast mode
[   29.786196] pimreg: entered allmulticast mode
[   29.810521] pimreg: entered allmulticast mode
[   29.850088] pimreg: entered allmulticast mode
[   29.874474] pimreg: entered allmulticast mode
[   29.878623] pimreg: left allmulticast mode
[   29.878977] pimreg: left allmulticast mode
[   29.879286] pimreg: left allmulticast mode
[   29.880206] pimreg: left allmulticast mode
[   29.880683] pimreg: left allmulticast mode
[   29.881002] pimreg: left allmulticast mode
[   29.881296] pimreg: left allmulticast mode
[   29.882081] pimreg: left allmulticast mode
[   29.882431] pimreg: left allmulticast mode
[   29.898113] pimreg: entered allmulticast mode
[   29.917459] pimreg: entered allmulticast mode
[   29.943966] pimreg: entered allmulticast mode
[   29.955167] pimreg: entered allmulticast mode
[   29.994702] pimreg: entered allmulticast mode
[   30.028112] pimreg: left allmulticast mode
[   30.028427] pimreg: left allmulticast mode
[   30.028680] pimreg: left allmulticast mode
[   30.029000] pimreg: left allmulticast mode
[   30.029323] pimreg: left allmulticast mode
[   30.039367] pimreg: entered allmulticast mode
[   30.068156] pimreg: entered allmulticast mode
[   30.092533] pimreg: entered allmulticast mode
[   30.110767] pimreg: entered allmulticast mode
[   30.134294] pimreg: entered allmulticast mode
[   30.158449] pimreg: entered allmulticast mode
[   30.178341] pimreg: left allmulticast mode
[   30.178699] pimreg: left allmulticast mode
[   30.178956] pimreg: left allmulticast mode
[   30.179555] pimreg: left allmulticast mode
[   30.180352] pimreg: left allmulticast mode
[   30.180690] pimreg: left allmulticast mode
[   30.191223] pimreg: entered allmulticast mode
[   30.209871] pimreg: entered allmulticast mode
[   30.234954] pimreg: entered allmulticast mode
[   30.258566] pimreg: entered allmulticast mode
[   30.277958] pimreg: entered allmulticast mode
[   30.297876] pimreg: entered allmulticast mode
[   30.323325] pimreg: entered allmulticast mode
[   30.323712] pimreg: left allmulticast mode
[   30.324126] pimreg: left allmulticast mode
[   30.324504] pimreg: left allmulticast mode
[   30.324819] pimreg: left allmulticast mode
[   30.325116] pimreg: left allmulticast mode
[   30.325416] pimreg: left allmulticast mode
[   30.337075] pimreg: entered allmulticast mode
[   30.361424] pimreg: entered allmulticast mode
[   30.392112] pimreg: entered allmulticast mode
[   30.409900] pimreg: entered allmulticast mode
[   30.434532] pimreg: entered allmulticast mode
[   30.454258] pimreg: entered allmulticast mode
[   30.474552] pimreg: entered allmulticast mode
[   30.494457] pimreg: left allmulticast mode
[   30.494802] pimreg: left allmulticast mode
[   30.495126] pimreg: left allmulticast mode
[   30.495718] pimreg: left allmulticast mode
[   30.496189] pimreg: left allmulticast mode
[   30.496513] pimreg: left allmulticast mode
[   30.496812] pimreg: left allmulticast mode
[   30.497120] pimreg: left allmulticast mode
[   30.510215] pimreg: entered allmulticast mode
[   30.531385] pimreg: entered allmulticast mode
[   30.556156] pimreg: entered allmulticast mode
[   30.566683] pimreg: entered allmulticast mode
[   30.590288] pimreg: entered allmulticast mode
[   30.615116] pimreg: entered allmulticast mode
[   30.615493] pimreg: left allmulticast mode
[   30.615868] pimreg: left allmulticast mode
[   30.616165] pimreg: left allmulticast mode
[   30.616493] pimreg: left allmulticast mode
[   30.616798] pimreg: left allmulticast mode
[   30.627836] pimreg: entered allmulticast mode
[   30.646414] pimreg: entered allmulticast mode
[   30.673769] pimreg: entered allmulticast mode
[   30.715487] pimreg: entered allmulticast mode
[   30.738438] pimreg: entered allmulticast mode
[   30.762529] pimreg: entered allmulticast mode
[   30.782454] pimreg: left allmulticast mode
[   30.782801] pimreg: left allmulticast mode
[   30.783071] pimreg: left allmulticast mode
[   30.783343] pimreg: left allmulticast mode
[   30.783608] pimreg: left allmulticast mode
[   30.783987] pimreg: left allmulticast mode
[   30.784458] pimreg: left allmulticast mode
[   30.796975] pimreg: entered allmulticast mode
[   30.821407] pimreg: entered allmulticast mode
[   30.846839] pimreg: entered allmulticast mode
[   30.860542] pimreg: entered allmulticast mode
[   30.878876] pimreg: entered allmulticast mode
[   30.902584] pimreg: entered allmulticast mode
[   30.926335] pimreg: entered allmulticast mode
[   30.950427] pimreg: entered allmulticast mode
[   30.974563] pimreg: entered allmulticast mode
[   30.994403] pimreg: left allmulticast mode
[   30.994968] pimreg: left allmulticast mode
[   30.995308] pimreg: left allmulticast mode
[   30.995625] pimreg: left allmulticast mode
[   30.996778] pimreg: left allmulticast mode
[   30.997139] pimreg: left allmulticast mode
[   30.997461] pimreg: left allmulticast mode
[   30.997808] pimreg: left allmulticast mode
[   30.998140] pimreg: left allmulticast mode
[   31.012521] pimreg: entered allmulticast mode
[   31.033516] pimreg: entered allmulticast mode
[   31.060847] pimreg: entered allmulticast mode
[   31.082222] pimreg: entered allmulticast mode
[   31.094621] pimreg: entered allmulticast mode
[   31.118272] pimreg: entered allmulticast mode
[   31.138910] pimreg: entered allmulticast mode
[   31.158628] pimreg: entered allmulticast mode
[   31.178936] pimreg: left allmulticast mode
[   31.179229] pimreg: left allmulticast mode
[   31.179494] pimreg: left allmulticast mode
[   31.179821] pimreg: left allmulticast mode
[   31.180140] pimreg: left allmulticast mode
[   31.180569] pimreg: left allmulticast mode
[   31.180874] pimreg: left allmulticast mode
[   31.181175] pimreg: left allmulticast mode
[   31.194694] pimreg: entered allmulticast mode
[   31.212362] pimreg: entered allmulticast mode
[   31.253676] pimreg: entered allmulticast mode
[   31.274658] pimreg: entered allmulticast mode
[   31.294637] pimreg: entered allmulticast mode
[   31.318422] pimreg: entered allmulticast mode
[   31.338546] pimreg: entered allmulticast mode
[   31.378495] pimreg: entered allmulticast mode
[   31.401847] pimreg: entered allmulticast mode
[   31.407148] pimreg: left allmulticast mode
[   31.407737] pimreg: left allmulticast mode
[   31.408017] pimreg: left allmulticast mode
[   31.408340] pimreg: left allmulticast mode
[   31.408647] pimreg: left allmulticast mode
[   31.408964] pimreg: left allmulticast mode
[   31.409258] pimreg: left allmulticast mode
[   31.409568] pimreg: left allmulticast mode
[   31.426617] pimreg: entered allmulticast mode
[   31.455037] pimreg: entered allmulticast mode
[   31.486000] pimreg: entered allmulticast mode
[   31.510495] pimreg: entered allmulticast mode
[   31.534432] pimreg: entered allmulticast mode
[   31.558379] pimreg: entered allmulticast mode
[   31.577969] pimreg: entered allmulticast mode
[   31.599443] pimreg: left allmulticast mode
[   31.599803] pimreg: left allmulticast mode
[   31.600078] pimreg: left allmulticast mode
[   31.600409] pimreg: left allmulticast mode
[   31.600722] pimreg: left allmulticast mode
[   31.601048] pimreg: left allmulticast mode
[   31.601365] pimreg: left allmulticast mode
[   31.602052] pimreg: left allmulticast mode
[   31.602398] pimreg: left allmulticast mode
[   31.616117] pimreg: entered allmulticast mode
[   31.643442] pimreg: entered allmulticast mode
[   31.670472] pimreg: entered allmulticast mode
[   31.695100] pimreg: entered allmulticast mode
[   31.718378] pimreg: entered allmulticast mode
[   31.746637] pimreg: entered allmulticast mode
[   31.770043] pimreg: entered allmulticast mode
[   31.798511] pimreg: entered allmulticast mode
[   31.821919] pimreg: entered allmulticast mode
[   31.834643] pimreg: left allmulticast mode
[   31.835144] pimreg: left allmulticast mode
[   31.835473] pimreg: left allmulticast mode
[   31.835793] pimreg: left allmulticast mode
[   31.836112] pimreg: left allmulticast mode
[   31.836417] pimreg: left allmulticast mode
[   31.836707] pimreg: left allmulticast mode
[   31.837001] pimreg: left allmulticast mode
[   31.850673] pimreg: entered allmulticast mode
[   31.879251] pimreg: entered allmulticast mode
[   31.903034] pimreg: entered allmulticast mode
[   31.926804] pimreg: entered allmulticast mode
[   31.959073] pimreg: entered allmulticast mode
[   31.978052] pimreg: entered allmulticast mode
[   32.006470] pimreg: entered allmulticast mode
[   32.030165] pimreg: entered allmulticast mode
[   32.054395] pimreg: entered allmulticast mode
[   32.058765] pimreg: left allmulticast mode
[   32.059160] pimreg: left allmulticast mode
[   32.059513] pimreg: left allmulticast mode
[   32.059823] pimreg: left allmulticast mode
[   32.060124] pimreg: left allmulticast mode
[   32.060636] pimreg: left allmulticast mode
[   32.061282] pimreg: left allmulticast mode
[   32.061577] pimreg: left allmulticast mode
[   32.062264] pimreg: left allmulticast mode
[   32.077116] pimreg: entered allmulticast mode
[   32.103811] pimreg: entered allmulticast mode
[   32.122771] pimreg: entered allmulticast mode
[   32.147280] pimreg: entered allmulticast mode
[   32.166709] pimreg: entered allmulticast mode
[   32.186200] pimreg: entered allmulticast mode
[   32.215185] pimreg: entered allmulticast mode
[   32.227694] pimreg: left allmulticast mode
[   32.228057] pimreg: left allmulticast mode
[   32.228413] pimreg: left allmulticast mode
[   32.228739] pimreg: left allmulticast mode
[   32.229056] pimreg: left allmulticast mode
[   32.229360] pimreg: left allmulticast mode
[   32.229723] pimreg: left allmulticast mode
[   32.241836] pimreg: entered allmulticast mode
[   32.266676] pimreg: entered allmulticast mode
[   32.288373] pimreg: entered allmulticast mode
[   32.306476] pimreg: left allmulticast mode
[   32.306812] pimreg: left allmulticast mode
[   32.307082] pimreg: left allmulticast mode
[   32.315364] pimreg: entered allmulticast mode
[   32.326180] pimreg: entered allmulticast mode
[   32.339025] pimreg: entered allmulticast mode
[   32.359959] pimreg: entered allmulticast mode
[   32.378617] pimreg: entered allmulticast mode
[   32.406529] pimreg: entered allmulticast mode
[   32.426168] pimreg: left allmulticast mode
[   32.426527] pimreg: left allmulticast mode
[   32.426795] pimreg: left allmulticast mode
[   32.427057] pimreg: left allmulticast mode
[   32.428025] pimreg: left allmulticast mode
[   32.428337] pimreg: left allmulticast mode
[   32.439351] pimreg: entered allmulticast mode
[   32.456323] pimreg: entered allmulticast mode
[   32.481563] pimreg: entered allmulticast mode
[   32.502324] pimreg: entered allmulticast mode
[   32.526123] pimreg: entered allmulticast mode
[   32.546199] pimreg: entered allmulticast mode
[   32.570596] pimreg: entered allmulticast mode
[   32.594431] pimreg: left allmulticast mode
[   32.594772] pimreg: left allmulticast mode
[   32.595053] pimreg: left allmulticast mode
[   32.596351] pimreg: left allmulticast mode
[   32.596653] pimreg: left allmulticast mode
[   32.596907] pimreg: left allmulticast mode
[   32.597159] pimreg: left allmulticast mode
[   32.608969] pimreg: entered allmulticast mode
[   32.629759] pimreg: entered allmulticast mode
[   32.654610] pimreg: entered allmulticast mode
[   32.667729] pimreg: entered allmulticast mode
[   32.690037] pimreg: entered allmulticast mode
[   32.714792] pimreg: entered allmulticast mode
[   32.734265] pimreg: entered allmulticast mode
[   32.758487] pimreg: entered allmulticast mode
[   32.778385] pimreg: entered allmulticast mode
[   32.778796] pimreg: left allmulticast mode
[   32.779190] pimreg: left allmulticast mode
[   32.779517] pimreg: left allmulticast mode
[   32.779822] pimreg: left allmulticast mode
[   32.780553] pimreg: left allmulticast mode
[   32.780897] pimreg: left allmulticast mode
[   32.781206] pimreg: left allmulticast mode
[   32.781528] pimreg: left allmulticast mode
[   32.795660] pimreg: entered allmulticast mode
[   32.820589] pimreg: entered allmulticast mode
[   32.845294] pimreg: entered allmulticast mode
[   32.882098] pimreg: entered allmulticast mode
[   32.906496] pimreg: entered allmulticast mode
[   32.930078] pimreg: entered allmulticast mode
[   32.958747] pimreg: entered allmulticast mode
[   32.982578] pimreg: entered allmulticast mode
[   33.007527] pimreg: entered allmulticast mode
[   33.007902] pimreg: left allmulticast mode
[   33.008251] pimreg: left allmulticast mode
[   33.008527] pimreg: left allmulticast mode
[   33.008858] pimreg: left allmulticast mode
[   33.009162] pimreg: left allmulticast mode
[   33.009473] pimreg: left allmulticast mode
[   33.009912] pimreg: left allmulticast mode
[   33.010236] pimreg: left allmulticast mode
[   33.010527] pimreg: left allmulticast mode
[   33.010822] pimreg: left allmulticast mode
[   33.027778] pimreg: entered allmulticast mode
[   33.054921] pimreg: entered allmulticast mode
[   33.081553] pimreg: entered allmulticast mode
[   33.094843] pimreg: entered allmulticast mode
[   33.126311] pimreg: entered allmulticast mode
[   33.150230] pimreg: entered allmulticast mode
[   33.170607] pimreg: left allmulticast mode
[   33.170942] pimreg: left allmulticast mode
[   33.172206] pimreg: left allmulticast mode
[   33.172511] pimreg: left allmulticast mode
[   33.172763] pimreg: left allmulticast mode
[   33.173070] pimreg: left allmulticast mode
[   33.184246] pimreg: entered allmulticast mode
[   33.206607] pimreg: entered allmulticast mode
[   33.228164] pimreg: entered allmulticast mode
[   33.246087] pimreg: entered allmulticast mode
[   33.259575] pimreg: entered allmulticast mode
[   33.269812] pimreg: entered allmulticast mode
[   33.291336] pimreg: entered allmulticast mode
[   33.291680] pimreg: left allmulticast mode
[   33.291963] pimreg: left allmulticast mode
[   33.292229] pimreg: left allmulticast mode
[   33.292550] pimreg: left allmulticast mode
[   33.292866] pimreg: left allmulticast mode
[   33.293921] pimreg: left allmulticast mode
[   33.305976] pimreg: entered allmulticast mode
[   33.326784] pimreg: entered allmulticast mode
[   33.344478] pimreg: entered allmulticast mode
[   33.368689] pimreg: entered allmulticast mode
[   33.393990] pimreg: entered allmulticast mode
[   33.418257] pimreg: entered allmulticast mode
[   33.442619] pimreg: entered allmulticast mode
[   33.462169] pimreg: entered allmulticast mode
[   33.474936] pimreg: left allmulticast mode
[   33.475316] pimreg: left allmulticast mode
[   33.475594] pimreg: left allmulticast mode
[   33.475893] pimreg: left allmulticast mode
[   33.476211] pimreg: left allmulticast mode
[   33.476522] pimreg: left allmulticast mode
[   33.476835] pimreg: left allmulticast mode
[   33.477134] pimreg: left allmulticast mode
[   33.477433] pimreg: left allmulticast mode
[   33.493252] pimreg: entered allmulticast mode
[   33.520520] pimreg: entered allmulticast mode
[   33.533071] pimreg: entered allmulticast mode
[   33.551508] pimreg: entered allmulticast mode
[   33.574630] pimreg: entered allmulticast mode
[   33.598253] pimreg: entered allmulticast mode
[   33.622214] pimreg: entered allmulticast mode
[   33.646315] pimreg: entered allmulticast mode
[   33.670803] pimreg: entered allmulticast mode
[   33.694529] pimreg: entered allmulticast mode
[   33.698877] pimreg: left allmulticast mode
[   33.699239] pimreg: left allmulticast mode
[   33.699506] pimreg: left allmulticast mode
[   33.699767] pimreg: left allmulticast mode
[   33.700022] pimreg: left allmulticast mode
[   33.700485] pimreg: left allmulticast mode
[   33.700845] pimreg: left allmulticast mode
[   33.701171] pimreg: left allmulticast mode
[   33.701505] pimreg: left allmulticast mode
[   33.702218] pimreg: left allmulticast mode
[   33.719138] pimreg: entered allmulticast mode
[   33.753176] pimreg: entered allmulticast mode
[   33.782844] pimreg: entered allmulticast mode
[   33.806771] pimreg: entered allmulticast mode
[   33.830026] pimreg: entered allmulticast mode
[   33.854605] pimreg: entered allmulticast mode
[   33.878653] pimreg: entered allmulticast mode
[   33.902453] pimreg: entered allmulticast mode
[   33.926561] pimreg: entered allmulticast mode
[   33.950569] pimreg: entered allmulticast mode
[   33.955344] pimreg: left allmulticast mode
[   33.955677] pimreg: left allmulticast mode
[   33.955943] pimreg: left allmulticast mode
[   33.956208] pimreg: left allmulticast mode
[   33.956512] pimreg: left allmulticast mode
[   33.956831] pimreg: left allmulticast mode
[   33.957128] pimreg: left allmulticast mode
[   33.957436] pimreg: left allmulticast mode
[   33.957790] pimreg: left allmulticast mode
[   33.958096] pimreg: left allmulticast mode
[   33.973567] pimreg: entered allmulticast mode
[   33.996504] pimreg: entered allmulticast mode
[   34.024311] pimreg: entered allmulticast mode
[   34.042103] pimreg: entered allmulticast mode
[   34.066434] pimreg: entered allmulticast mode
[   34.082554] pimreg: entered allmulticast mode
[   34.094731] pimreg: entered allmulticast mode
[   34.118665] pimreg: entered allmulticast mode
[   34.142592] pimreg: entered allmulticast mode
[   34.167137] pimreg: left allmulticast mode
[   34.167442] pimreg: left allmulticast mode
[   34.167698] pimreg: left allmulticast mode
[   34.167960] pimreg: left allmulticast mode
[   34.168300] pimreg: left allmulticast mode
[   34.168680] pimreg: left allmulticast mode
[   34.169042] pimreg: left allmulticast mode
[   34.169363] pimreg: left allmulticast mode
[   34.170077] pimreg: left allmulticast mode
[   34.184416] pimreg: entered allmulticast mode
[   34.215627] pimreg: entered allmulticast mode
[   34.226841] pimreg: entered allmulticast mode
[   34.250920] pimreg: entered allmulticast mode
[   34.266393] pimreg: entered allmulticast mode
[   34.286680] pimreg: entered allmulticast mode
[   34.306496] pimreg: entered allmulticast mode
[   34.326960] pimreg: entered allmulticast mode
[   34.350762] pimreg: entered allmulticast mode
[   34.371082] pimreg: left allmulticast mode
[   34.371398] pimreg: left allmulticast mode
[   34.371653] pimreg: left allmulticast mode
[   34.371914] pimreg: left allmulticast mode
[   34.372245] pimreg: left allmulticast mode
[   34.372600] pimreg: left allmulticast mode
[   34.372938] pimreg: left allmulticast mode
[   34.373297] pimreg: left allmulticast mode
[   34.374028] pimreg: left allmulticast mode
[   34.388486] pimreg: entered allmulticast mode
[   34.409110] pimreg: entered allmulticast mode
[   34.418606] pimreg: entered allmulticast mode
[   34.438454] pimreg: entered allmulticast mode
[   34.449935] pimreg: entered allmulticast mode
[   34.471202] pimreg: entered allmulticast mode
[   34.494298] pimreg: entered allmulticast mode
[   34.518210] pimreg: entered allmulticast mode
[   34.543098] pimreg: entered allmulticast mode
[   34.560479] pimreg: entered allmulticast mode
[   34.567599] pimreg: left allmulticast mode
[   34.567936] pimreg: left allmulticast mode
[   34.568200] pimreg: left allmulticast mode
[   34.568454] pimreg: left allmulticast mode
[   34.568717] pimreg: left allmulticast mode
[   34.568969] pimreg: left allmulticast mode
[   34.569301] pimreg: left allmulticast mode
[   34.569597] pimreg: left allmulticast mode
[   34.570434] pimreg: left allmulticast mode
[   34.571172] pimreg: left allmulticast mode
[   34.587636] pimreg: entered allmulticast mode
[   34.616080] pimreg: entered allmulticast mode
[   34.640489] pimreg: entered allmulticast mode
[   34.662248] pimreg: entered allmulticast mode
[   34.681853] pimreg: entered allmulticast mode
[   34.706095] pimreg: entered allmulticast mode
[   34.730600] pimreg: entered allmulticast mode
[   34.754716] pimreg: entered allmulticast mode
[   34.778637] pimreg: entered allmulticast mode
[   34.803639] pimreg: entered allmulticast mode
[   34.823029] pimreg: left allmulticast mode
[   34.823399] pimreg: left allmulticast mode
[   34.823655] pimreg: left allmulticast mode
[   34.823926] pimreg: left allmulticast mode
[   34.824205] pimreg: left allmulticast mode
[   34.824524] pimreg: left allmulticast mode
[   34.824841] pimreg: left allmulticast mode
[   34.825197] pimreg: left allmulticast mode
[   34.825534] pimreg: left allmulticast mode
[   34.826339] pimreg: left allmulticast mode
[   34.841459] pimreg: entered allmulticast mode
[   34.865300] pimreg: entered allmulticast mode
[   34.893961] pimreg: entered allmulticast mode
[   34.914393] pimreg: entered allmulticast mode
[   34.938852] pimreg: entered allmulticast mode
[   34.962579] pimreg: entered allmulticast mode
[   34.986657] pimreg: entered allmulticast mode
[   35.013938] pimreg: entered allmulticast mode
[   35.038351] pimreg: entered allmulticast mode
[   35.062529] pimreg: entered allmulticast mode
[   35.075705] pimreg: left allmulticast mode
[   35.076041] pimreg: left allmulticast mode
[   35.076317] pimreg: left allmulticast mode
[   35.076570] pimreg: left allmulticast mode
[   35.076831] pimreg: left allmulticast mode
[   35.077137] pimreg: left allmulticast mode
[   35.077447] pimreg: left allmulticast mode
[   35.077803] pimreg: left allmulticast mode
[   35.078107] pimreg: left allmulticast mode
[   35.078401] pimreg: left allmulticast mode
[   35.095473] pimreg: entered allmulticast mode
[   35.123194] pimreg: entered allmulticast mode
[   35.143497] pimreg: entered allmulticast mode
[   35.165335] pimreg: entered allmulticast mode
[   35.190094] pimreg: entered allmulticast mode
[   35.203552] pimreg: entered allmulticast mode
[   35.230906] pimreg: entered allmulticast mode
[   35.234828] pimreg: left allmulticast mode
[   35.235190] pimreg: left allmulticast mode
[   35.235502] pimreg: left allmulticast mode
[   35.235807] pimreg: left allmulticast mode
[   35.236108] pimreg: left allmulticast mode
[   35.236420] pimreg: left allmulticast mode
[   35.254504] pimreg: entered allmulticast mode
[   35.280100] pimreg: entered allmulticast mode
[   35.302469] pimreg: entered allmulticast mode
[   35.326945] pimreg: entered allmulticast mode
[   35.342562] pimreg: entered allmulticast mode
[   35.362397] pimreg: entered allmulticast mode
[   35.378447] pimreg: left allmulticast mode
[   35.378778] pimreg: left allmulticast mode
[   35.379054] pimreg: left allmulticast mode
[   35.379319] pimreg: left allmulticast mode
[   35.379588] pimreg: left allmulticast mode
[   35.380092] pimreg: left allmulticast mode
[   35.380496] pimreg: left allmulticast mode
[   35.392065] pimreg: entered allmulticast mode
[   35.411387] pimreg: entered allmulticast mode
[   35.433150] pimreg: entered allmulticast mode
[   35.463121] pimreg: entered allmulticast mode
[   35.486572] pimreg: entered allmulticast mode
[   35.510278] pimreg: entered allmulticast mode
[   35.534755] pimreg: entered allmulticast mode
[   35.558356] pimreg: entered allmulticast mode
[   35.562576] pimreg: left allmulticast mode
[   35.562982] pimreg: left allmulticast mode
[   35.563327] pimreg: left allmulticast mode
[   35.563629] pimreg: left allmulticast mode
[   35.563926] pimreg: left allmulticast mode
[   35.564264] pimreg: left allmulticast mode
[   35.564711] pimreg: left allmulticast mode
[   35.565077] pimreg: left allmulticast mode
[   35.579632] pimreg: entered allmulticast mode
[   35.610858] pimreg: entered allmulticast mode
[   35.635407] pimreg: entered allmulticast mode
[   35.658872] pimreg: entered allmulticast mode
[   35.674229] pimreg: entered allmulticast mode
[   35.698670] pimreg: entered allmulticast mode
[   35.722398] pimreg: entered allmulticast mode
[   35.746711] pimreg: entered allmulticast mode
[   35.770742] pimreg: entered allmulticast mode
[   35.774696] pimreg: left allmulticast mode
[   35.775068] pimreg: left allmulticast mode
[   35.775367] pimreg: left allmulticast mode
[   35.775638] pimreg: left allmulticast mode
[   35.775924] pimreg: left allmulticast mode
[   35.776404] pimreg: left allmulticast mode
[   35.776686] pimreg: left allmulticast mode
[   35.777048] pimreg: left allmulticast mode
[   35.777422] pimreg: left allmulticast mode
[   35.792588] pimreg: entered allmulticast mode
[   35.816110] pimreg: entered allmulticast mode
[   35.838737] pimreg: entered allmulticast mode
[   35.862812] pimreg: entered allmulticast mode
[   35.882361] pimreg: entered allmulticast mode
[   35.906557] pimreg: entered allmulticast mode
[   35.930352] pimreg: entered allmulticast mode
[   35.966790] pimreg: entered allmulticast mode
[   35.990593] pimreg: entered allmulticast mode
[   36.010612] pimreg: left allmulticast mode
[   36.010960] pimreg: left allmulticast mode
[   36.011787] pimreg: left allmulticast mode
[   36.013514] pimreg: left allmulticast mode
[   36.013882] pimreg: left allmulticast mode
[   36.014209] pimreg: left allmulticast mode
[   36.014512] pimreg: left allmulticast mode
[   36.014803] pimreg: left allmulticast mode
[   36.015113] pimreg: left allmulticast mode
[   36.028931] pimreg: entered allmulticast mode
[   36.057196] pimreg: entered allmulticast mode
[   36.087580] pimreg: entered allmulticast mode
[   36.110483] pimreg: entered allmulticast mode
[   36.134462] pimreg: entered allmulticast mode
[   36.158648] pimreg: entered allmulticast mode
[   36.182525] pimreg: entered allmulticast mode
[   36.206329] pimreg: entered allmulticast mode
[   36.233890] pimreg: entered allmulticast mode
[   36.250871] pimreg: left allmulticast mode
[   36.251378] pimreg: left allmulticast mode
[   36.251660] pimreg: left allmulticast mode
[   36.251978] pimreg: left allmulticast mode
[   36.252299] pimreg: left allmulticast mode
[   36.252612] pimreg: left allmulticast mode
[   36.252925] pimreg: left allmulticast mode
[   36.253240] pimreg: left allmulticast mode
[   36.253561] pimreg: left allmulticast mode
[   36.269601] pimreg: entered allmulticast mode
[   36.288696] pimreg: entered allmulticast mode
[   36.315865] pimreg: entered allmulticast mode
[   36.327086] pimreg: entered allmulticast mode
[   36.349960] pimreg: entered allmulticast mode
[   36.374472] pimreg: entered allmulticast mode
[   36.394703] pimreg: entered allmulticast mode
[   36.414788] pimreg: entered allmulticast mode
[   36.434669] pimreg: left allmulticast mode
[   36.435026] pimreg: left allmulticast mode
[   36.435305] pimreg: left allmulticast mode
[   36.435581] pimreg: left allmulticast mode
[   36.435831] pimreg: left allmulticast mode
[   36.436495] pimreg: left allmulticast mode
[   36.436756] pimreg: left allmulticast mode
[   36.437005] pimreg: left allmulticast mode
[   36.450336] pimreg: entered allmulticast mode
[   36.471378] pimreg: entered allmulticast mode
[   36.501701] pimreg: entered allmulticast mode
[   36.522631] pimreg: entered allmulticast mode
[   36.546468] pimreg: entered allmulticast mode
[   36.570556] pimreg: entered allmulticast mode
[   36.594391] pimreg: entered allmulticast mode
[   36.618541] pimreg: entered allmulticast mode
[   36.646672] pimreg: entered allmulticast mode
[   36.650778] pimreg: left allmulticast mode
[   36.651556] pimreg: left allmulticast mode
[   36.651918] pimreg: left allmulticast mode
[   36.652316] pimreg: left allmulticast mode
[   36.652665] pimreg: left allmulticast mode
[   36.652996] pimreg: left allmulticast mode
[   36.653333] pimreg: left allmulticast mode
[   36.654140] pimreg: left allmulticast mode
[   36.654536] pimreg: left allmulticast mode
[   36.670159] pimreg: entered allmulticast mode
[   36.686844] pimreg: entered allmulticast mode
[   36.708191] pimreg: entered allmulticast mode
[   36.727791] pimreg: entered allmulticast mode
[   36.742893] pimreg: entered allmulticast mode
[   36.762202] pimreg: entered allmulticast mode
[   36.786518] pimreg: entered allmulticast mode
[   36.814539] pimreg: entered allmulticast mode
[   36.838091] pimreg: entered allmulticast mode
[   36.857934] pimreg: entered allmulticast mode
[   36.870794] pimreg: entered allmulticast mode
[   36.878524] pimreg: left allmulticast mode
[   36.878865] pimreg: left allmulticast mode
[   36.879220] pimreg: left allmulticast mode
[   36.879573] pimreg: left allmulticast mode
[   36.879890] pimreg: left allmulticast mode
[   36.880253] pimreg: left allmulticast mode
[   36.880560] pimreg: left allmulticast mode
[   36.880900] pimreg: left allmulticast mode
[   36.881267] pimreg: left allmulticast mode
[   36.881572] pimreg: left allmulticast mode
[   36.881993] pimreg: left allmulticast mode
[   36.898576] pimreg: entered allmulticast mode
[   36.926738] pimreg: entered allmulticast mode
[   36.948565] pimreg: entered allmulticast mode
[   36.973138] pimreg: entered allmulticast mode
[   36.998544] pimreg: entered allmulticast mode
[   37.022650] pimreg: entered allmulticast mode
[   37.054152] pimreg: entered allmulticast mode
[   37.086090] pimreg: entered allmulticast mode
[   37.098991] pimreg: left allmulticast mode
[   37.099617] pimreg: left allmulticast mode
[   37.099894] pimreg: left allmulticast mode
[   37.100162] pimreg: left allmulticast mode
[   37.100416] pimreg: left allmulticast mode
[   37.100668] pimreg: left allmulticast mode
[   37.100975] pimreg: left allmulticast mode
[   37.101286] pimreg: left allmulticast mode
[   37.116105] pimreg: entered allmulticast mode
[   37.142994] pimreg: entered allmulticast mode
[   37.166972] pimreg: entered allmulticast mode
[   37.190457] pimreg: entered allmulticast mode
[   37.214371] pimreg: entered allmulticast mode
[   37.238797] pimreg: entered allmulticast mode
[   37.262744] pimreg: entered allmulticast mode
[   37.286384] pimreg: entered allmulticast mode
[   37.306843] pimreg: entered allmulticast mode
[   37.310569] pimreg: left allmulticast mode
[   37.310915] pimreg: left allmulticast mode
[   37.311230] pimreg: left allmulticast mode
[   37.311561] pimreg: left allmulticast mode
[   37.312151] pimreg: left allmulticast mode
[   37.312849] pimreg: left allmulticast mode
[   37.313223] pimreg: left allmulticast mode
[   37.313532] pimreg: left allmulticast mode
[   37.327261] pimreg: entered allmulticast mode
[   37.359473] pimreg: entered allmulticast mode
[   37.379073] pimreg: entered allmulticast mode
[   37.406347] pimreg: entered allmulticast mode
[   37.430434] pimreg: entered allmulticast mode
[   37.458702] pimreg: entered allmulticast mode
[   37.482729] pimreg: entered allmulticast mode
[   37.518375] pimreg: entered allmulticast mode
[   37.538548] pimreg: left allmulticast mode
[   37.539162] pimreg: left allmulticast mode
[   37.539885] pimreg: left allmulticast mode
[   37.540616] pimreg: left allmulticast mode
[   37.540901] pimreg: left allmulticast mode
[   37.541167] pimreg: left allmulticast mode
[   37.541477] pimreg: left allmulticast mode
[   37.541827] pimreg: left allmulticast mode
[   37.542137] pimreg: left allmulticast mode
[   37.556225] pimreg: entered allmulticast mode
[   37.577209] pimreg: entered allmulticast mode
[   37.588505] pimreg: entered allmulticast mode
[   37.611141] pimreg: entered allmulticast mode
[   37.626126] pimreg: entered allmulticast mode
[   37.650340] pimreg: entered allmulticast mode
[   37.670783] pimreg: entered allmulticast mode
[   37.694388] pimreg: entered allmulticast mode
[   37.714576] pimreg: entered allmulticast mode
[   37.735805] pimreg: left allmulticast mode
[   37.736121] pimreg: left allmulticast mode
[   37.736397] pimreg: left allmulticast mode
[   37.736711] pimreg: left allmulticast mode
[   37.737021] pimreg: left allmulticast mode
[   37.737341] pimreg: left allmulticast mode
[   37.738014] pimreg: left allmulticast mode
[   37.738338] pimreg: left allmulticast mode
[   37.738646] pimreg: left allmulticast mode
[   37.752468] pimreg: entered allmulticast mode
[   37.771213] pimreg: entered allmulticast mode
[   37.790923] pimreg: entered allmulticast mode
[   37.808911] pimreg: entered allmulticast mode
[   37.831262] pimreg: entered allmulticast mode
[   37.850668] pimreg: entered allmulticast mode
[   37.873956] pimreg: entered allmulticast mode
[   37.898032] pimreg: entered allmulticast mode
[   37.922515] pimreg: entered allmulticast mode
[   37.947361] pimreg: entered allmulticast mode
[   37.947743] pimreg: left allmulticast mode
[   37.948151] pimreg: left allmulticast mode
[   37.948490] pimreg: left allmulticast mode
[   37.948816] pimreg: left allmulticast mode
[   37.949146] pimreg: left allmulticast mode
[   37.949459] pimreg: left allmulticast mode
[   37.949816] pimreg: left allmulticast mode
[   37.950145] pimreg: left allmulticast mode
[   37.950440] pimreg: left allmulticast mode
[   37.966579] pimreg: entered allmulticast mode
[   37.992579] pimreg: entered allmulticast mode
[   38.008827] pimreg: entered allmulticast mode
[   38.030542] pimreg: entered allmulticast mode
[   38.042181] pimreg: entered allmulticast mode
[   38.062268] pimreg: entered allmulticast mode
[   38.082098] pimreg: entered allmulticast mode
[   38.106573] pimreg: entered allmulticast mode
[   38.122789] pimreg: entered allmulticast mode
[   38.126885] pimreg: left allmulticast mode
[   38.127235] pimreg: left allmulticast mode
[   38.127501] pimreg: left allmulticast mode
[   38.127750] pimreg: left allmulticast mode
[   38.128054] pimreg: left allmulticast mode
[   38.128377] pimreg: left allmulticast mode
[   38.128677] pimreg: left allmulticast mode
[   38.128975] pimreg: left allmulticast mode
[   38.129287] pimreg: left allmulticast mode
[   38.129591] pimreg: left allmulticast mode
[   38.146906] pimreg: entered allmulticast mode
[   38.170194] pimreg: entered allmulticast mode
[   38.198680] pimreg: entered allmulticast mode
[   38.222960] pimreg: entered allmulticast mode
[   38.246226] pimreg: entered allmulticast mode
[   38.270739] pimreg: entered allmulticast mode
[   38.294541] pimreg: entered allmulticast mode
[   38.318576] pimreg: entered allmulticast mode
[   38.342513] pimreg: entered allmulticast mode
[   38.366698] pimreg: entered allmulticast mode
[   38.371339] pimreg: left allmulticast mode
[   38.371664] pimreg: left allmulticast mode
[   38.371971] pimreg: left allmulticast mode
[   38.372285] pimreg: left allmulticast mode
[   38.372604] pimreg: left allmulticast mode
[   38.372948] pimreg: left allmulticast mode
[   38.373259] pimreg: left allmulticast mode
[   38.373570] pimreg: left allmulticast mode
[   38.373910] pimreg: left allmulticast mode
[   38.374218] pimreg: left allmulticast mode
[   38.390549] pimreg: entered allmulticast mode
[   38.418290] pimreg: entered allmulticast mode
[   38.447318] pimreg: entered allmulticast mode
[   38.463672] pimreg: entered allmulticast mode
[   38.490072] pimreg: entered allmulticast mode
[   38.514035] pimreg: entered allmulticast mode
[   38.537982] pimreg: entered allmulticast mode
[   38.558472] pimreg: entered allmulticast mode
[   38.582181] pimreg: entered allmulticast mode
[   38.594842] pimreg: left allmulticast mode
[   38.595187] pimreg: left allmulticast mode
[   38.595456] pimreg: left allmulticast mode
[   38.595708] pimreg: left allmulticast mode
[   38.596028] pimreg: left allmulticast mode
[   38.596327] pimreg: left allmulticast mode
[   38.596648] pimreg: left allmulticast mode
[   38.596952] pimreg: left allmulticast mode
[   38.597271] pimreg: left allmulticast mode
[   38.612040] pimreg: entered allmulticast mode
[   38.641100] pimreg: entered allmulticast mode
[   38.673166] pimreg: entered allmulticast mode
[   38.695909] pimreg: entered allmulticast mode
[   38.714633] pimreg: entered allmulticast mode
[   38.738099] pimreg: entered allmulticast mode
[   38.758747] pimreg: entered allmulticast mode
[   38.782883] pimreg: entered allmulticast mode
[   38.815269] pimreg: entered allmulticast mode
[   38.815714] pimreg: left allmulticast mode
[   38.816071] pimreg: left allmulticast mode
[   38.816331] pimreg: left allmulticast mode
[   38.816616] pimreg: left allmulticast mode
[   38.816869] pimreg: left allmulticast mode
[   38.817138] pimreg: left allmulticast mode
[   38.817388] pimreg: left allmulticast mode
[   38.817759] pimreg: left allmulticast mode
[   38.831315] pimreg: entered allmulticast mode
[   38.851662] pimreg: entered allmulticast mode
[   38.875024] pimreg: entered allmulticast mode
[   38.887537] pimreg: entered allmulticast mode
[   38.906509] pimreg: entered allmulticast mode
[   38.934456] pimreg: entered allmulticast mode
[   38.958568] pimreg: entered allmulticast mode
[   38.998680] pimreg: entered allmulticast mode
[   39.022731] pimreg: entered allmulticast mode
[   39.026819] pimreg: left allmulticast mode
[   39.027538] pimreg: left allmulticast mode
[   39.027834] pimreg: left allmulticast mode
[   39.028107] pimreg: left allmulticast mode
[   39.028386] pimreg: left allmulticast mode
[   39.028643] pimreg: left allmulticast mode
[   39.028968] pimreg: left allmulticast mode
[   39.029273] pimreg: left allmulticast mode
[   39.029570] pimreg: left allmulticast mode
[   39.030346] pimreg: left allmulticast mode
[   39.047552] pimreg: entered allmulticast mode
[   39.080608] pimreg: entered allmulticast mode
[   39.116112] pimreg: entered allmulticast mode
[   39.127234] pimreg: entered allmulticast mode
[   39.150242] pimreg: entered allmulticast mode
[   39.171054] pimreg: entered allmulticast mode
[   39.186598] pimreg: left allmulticast mode
[   39.186940] pimreg: left allmulticast mode
[   39.187224] pimreg: left allmulticast mode
[   39.187897] pimreg: left allmulticast mode
[   39.188649] pimreg: left allmulticast mode
[   39.189005] pimreg: left allmulticast mode
[   39.200024] pimreg: entered allmulticast mode
[   39.229256] pimreg: entered allmulticast mode
[   39.254385] pimreg: entered allmulticast mode
[   39.275224] pimreg: entered allmulticast mode
[   39.293892] pimreg: entered allmulticast mode
[   39.313883] pimreg: entered allmulticast mode
[   39.338182] pimreg: entered allmulticast mode
[   39.358534] pimreg: left allmulticast mode
[   39.359321] pimreg: left allmulticast mode
[   39.359612] pimreg: left allmulticast mode
[   39.359878] pimreg: left allmulticast mode
[   39.361381] pimreg: left allmulticast mode
[   39.361739] pimreg: left allmulticast mode
[   39.362014] pimreg: left allmulticast mode
[   39.374586] pimreg: entered allmulticast mode
[   39.394146] pimreg: entered allmulticast mode
[   39.420681] pimreg: entered allmulticast mode
[   39.454272] pimreg: entered allmulticast mode
[   39.482463] pimreg: entered allmulticast mode
[   39.522152] pimreg: entered allmulticast mode
[   39.546473] pimreg: entered allmulticast mode
[   39.574374] pimreg: entered allmulticast mode
[   39.579282] pimreg: left allmulticast mode
[   39.579627] pimreg: left allmulticast mode
[   39.579902] pimreg: left allmulticast mode
[   39.580174] pimreg: left allmulticast mode
[   39.580428] pimreg: left allmulticast mode
[   39.580736] pimreg: left allmulticast mode
[   39.581049] pimreg: left allmulticast mode
[   39.602508] pimreg: entered allmulticast mode
[   39.628252] pimreg: entered allmulticast mode
[   39.639943] pimreg: entered allmulticast mode
[   39.650587] pimreg: entered allmulticast mode
[   39.683284] pimreg: entered allmulticast mode
[   39.706685] pimreg: entered allmulticast mode
[   39.707351] pimreg: left allmulticast mode
[   39.707694] pimreg: left allmulticast mode
[   39.708029] pimreg: left allmulticast mode
[   39.708340] pimreg: left allmulticast mode
[   39.708632] pimreg: left allmulticast mode
[   39.708930] pimreg: left allmulticast mode
[   39.724924] pimreg: entered allmulticast mode
[   39.742418] pimreg: entered allmulticast mode
[   39.772903] pimreg: entered allmulticast mode
[   39.798618] pimreg: entered allmulticast mode
[   39.822408] pimreg: entered allmulticast mode
[   39.854110] pimreg: entered allmulticast mode
[   39.879281] pimreg: entered allmulticast mode
[   39.890903] pimreg: left allmulticast mode
[   39.891264] pimreg: left allmulticast mode
[   39.891544] pimreg: left allmulticast mode
[   39.891897] pimreg: left allmulticast mode
[   39.892214] pimreg: left allmulticast mode
[   39.892526] pimreg: left allmulticast mode
[   39.892842] pimreg: left allmulticast mode
[   39.893200] pimreg: left allmulticast mode
[   39.907232] pimreg: entered allmulticast mode
[   39.926315] pimreg: entered allmulticast mode
[   39.950791] pimreg: entered allmulticast mode
[   39.967350] pimreg: entered allmulticast mode
[   39.990839] pimreg: entered allmulticast mode
[   40.014212] pimreg: entered allmulticast mode
[   40.042332] pimreg: entered allmulticast mode
[   40.066381] pimreg: entered allmulticast mode
[   40.090163] pimreg: entered allmulticast mode
[   40.114844] pimreg: left allmulticast mode
[   40.115159] pimreg: left allmulticast mode
[   40.115423] pimreg: left allmulticast mode
[   40.115677] pimreg: left allmulticast mode
[   40.115988] pimreg: left allmulticast mode
[   40.116406] pimreg: left allmulticast mode
[   40.116734] pimreg: left allmulticast mode
[   40.117044] pimreg: left allmulticast mode
[   40.117345] pimreg: left allmulticast mode
[   40.131760] pimreg: entered allmulticast mode
[   40.153144] pimreg: entered allmulticast mode
[   40.181232] pimreg: entered allmulticast mode
[   40.202701] pimreg: entered allmulticast mode
[   40.218359] pimreg: entered allmulticast mode
[   40.242792] pimreg: entered allmulticast mode
[   40.262206] pimreg: entered allmulticast mode
[   40.289890] pimreg: entered allmulticast mode
[   40.302797] pimreg: left allmulticast mode
[   40.303137] pimreg: left allmulticast mode
[   40.303397] pimreg: left allmulticast mode
[   40.303648] pimreg: left allmulticast mode
[   40.303968] pimreg: left allmulticast mode
[   40.304277] pimreg: left allmulticast mode
[   40.304590] pimreg: left allmulticast mode
[   40.304904] pimreg: left allmulticast mode
[   40.318373] pimreg: entered allmulticast mode
[   40.347514] pimreg: entered allmulticast mode
[   40.371072] pimreg: entered allmulticast mode
[   40.393896] pimreg: entered allmulticast mode
[   40.406671] pimreg: entered allmulticast mode
[   40.427589] pimreg: entered allmulticast mode
[   40.446423] pimreg: entered allmulticast mode
[   40.466586] pimreg: entered allmulticast mode
[   40.471517] pimreg: left allmulticast mode
[   40.471920] pimreg: left allmulticast mode
[   40.472199] pimreg: left allmulticast mode
[   40.472534] pimreg: left allmulticast mode
[   40.472885] pimreg: left allmulticast mode
[   40.473271] pimreg: left allmulticast mode
[   40.473705] pimreg: left allmulticast mode
[   40.494200] pimreg: entered allmulticast mode
[   40.510016] pimreg: entered allmulticast mode
[   40.526575] pimreg: entered allmulticast mode
[   40.550207] pimreg: entered allmulticast mode
[   40.574247] pimreg: entered allmulticast mode
[   40.594215] pimreg: entered allmulticast mode
[   40.614482] pimreg: entered allmulticast mode
[   40.634534] pimreg: left allmulticast mode
[   40.634881] pimreg: left allmulticast mode
[   40.635210] pimreg: left allmulticast mode
[   40.635523] pimreg: left allmulticast mode
[   40.635833] pimreg: left allmulticast mode
[   40.636721] pimreg: left allmulticast mode
[   40.637050] pimreg: left allmulticast mode
[   40.637349] pimreg: left allmulticast mode
[   40.650581] pimreg: entered allmulticast mode
[   40.671599] pimreg: entered allmulticast mode
[   40.684980] pimreg: entered allmulticast mode
[   40.707125] pimreg: entered allmulticast mode
[   40.730180] pimreg: entered allmulticast mode
[   40.749946] pimreg: entered allmulticast mode
[   40.774346] pimreg: entered allmulticast mode
[   40.795135] pimreg: entered allmulticast mode
[   40.812685] pimreg: entered allmulticast mode
[   40.814979] pimreg: left allmulticast mode
[   40.815286] pimreg: left allmulticast mode
[   40.815542] pimreg: left allmulticast mode
[   40.815851] pimreg: left allmulticast mode
[   40.816159] pimreg: left allmulticast mode
[   40.816456] pimreg: left allmulticast mode
[   40.816773] pimreg: left allmulticast mode
[   40.817077] pimreg: left allmulticast mode
[   40.834418] pimreg: entered allmulticast mode
[   40.864704] pimreg: entered allmulticast mode
[   40.887337] pimreg: entered allmulticast mode
[   40.911741] pimreg: entered allmulticast mode
[   40.934674] pimreg: entered allmulticast mode
[   40.954841] pimreg: entered allmulticast mode
[   40.971289] pimreg: left allmulticast mode
[   40.972221] pimreg: left allmulticast mode
[   40.972550] pimreg: left allmulticast mode
[   40.973177] pimreg: left allmulticast mode
[   40.973555] pimreg: left allmulticast mode
[   40.974243] pimreg: left allmulticast mode
[   40.974632] pimreg: left allmulticast mode
[   40.986274] pimreg: entered allmulticast mode
[   41.013129] pimreg: entered allmulticast mode
[   41.042739] pimreg: entered allmulticast mode
[   41.054938] pimreg: entered allmulticast mode
[   41.074144] pimreg: entered allmulticast mode
[   41.094996] pimreg: entered allmulticast mode
[   41.095372] pimreg: left allmulticast mode
[   41.095713] pimreg: left allmulticast mode
[   41.096010] pimreg: left allmulticast mode
[   41.096281] pimreg: left allmulticast mode
[   41.096535] pimreg: left allmulticast mode
[   41.107208] pimreg: entered allmulticast mode
[   41.126263] pimreg: entered allmulticast mode
[   41.152263] pimreg: entered allmulticast mode
[   41.178210] pimreg: entered allmulticast mode
[   41.202465] pimreg: entered allmulticast mode
[   41.230437] pimreg: entered allmulticast mode
[   41.266279] pimreg: entered allmulticast mode
[   41.270941] pimreg: left allmulticast mode
[   41.271286] pimreg: left allmulticast mode
[   41.271567] pimreg: left allmulticast mode
[   41.271817] pimreg: left allmulticast mode
[   41.272144] pimreg: left allmulticast mode
[   41.272437] pimreg: left allmulticast mode
[   41.272733] pimreg: left allmulticast mode
[   41.289714] pimreg: entered allmulticast mode
[   41.318304] pimreg: entered allmulticast mode
[   41.332620] pimreg: entered allmulticast mode
[   41.358099] pimreg: entered allmulticast mode
[   41.386601] pimreg: entered allmulticast mode
[   41.410635] pimreg: entered allmulticast mode
[   41.434413] pimreg: entered allmulticast mode
[   41.459541] pimreg: entered allmulticast mode
[   41.471554] pimreg: left allmulticast mode
[   41.472115] pimreg: left allmulticast mode
[   41.472398] pimreg: left allmulticast mode
[   41.472650] pimreg: left allmulticast mode
[   41.472899] pimreg: left allmulticast mode
[   41.473376] pimreg: left allmulticast mode
[   41.473881] pimreg: left allmulticast mode
[   41.474207] pimreg: left allmulticast mode
[   41.487657] pimreg: entered allmulticast mode
[   41.510184] pimreg: entered allmulticast mode
[   41.537834] pimreg: entered allmulticast mode
[   41.558219] pimreg: entered allmulticast mode
[   41.582019] pimreg: entered allmulticast mode
[   41.606403] pimreg: entered allmulticast mode
[   41.633895] pimreg: entered allmulticast mode
[   41.662303] pimreg: entered allmulticast mode
[   41.682566] pimreg: entered allmulticast mode
[   41.686885] pimreg: left allmulticast mode
[   41.687321] pimreg: left allmulticast mode
[   41.687653] pimreg: left allmulticast mode
[   41.687968] pimreg: left allmulticast mode
[   41.688330] pimreg: left allmulticast mode
[   41.688891] pimreg: left allmulticast mode
[   41.689203] pimreg: left allmulticast mode
[   41.689509] pimreg: left allmulticast mode
[   41.689854] pimreg: left allmulticast mode
[   41.706726] pimreg: entered allmulticast mode
[   41.727772] pimreg: entered allmulticast mode
[   41.746260] pimreg: entered allmulticast mode
[   41.765912] pimreg: entered allmulticast mode
[   41.790374] pimreg: entered allmulticast mode
[   41.814326] pimreg: entered allmulticast mode
[   41.834374] pimreg: entered allmulticast mode
[   41.858156] pimreg: entered allmulticast mode
[   41.882348] pimreg: entered allmulticast mode
[   41.887786] pimreg: left allmulticast mode
[   41.888151] pimreg: left allmulticast mode
[   41.888434] pimreg: left allmulticast mode
[   41.888684] pimreg: left allmulticast mode
[   41.888995] pimreg: left allmulticast mode
[   41.889294] pimreg: left allmulticast mode
[   41.889591] pimreg: left allmulticast mode
[   41.889961] pimreg: left allmulticast mode
[   41.890281] pimreg: left allmulticast mode
[   41.906415] pimreg: entered allmulticast mode
[   41.940090] pimreg: entered allmulticast mode
[   41.966299] pimreg: entered allmulticast mode
[   41.986477] pimreg: entered allmulticast mode
[   42.006359] pimreg: entered allmulticast mode
[   42.030308] pimreg: entered allmulticast mode
[   42.066501] pimreg: entered allmulticast mode
[   42.090441] pimreg: entered allmulticast mode
[   42.118304] pimreg: entered allmulticast mode
[   42.138580] pimreg: left allmulticast mode
[   42.138926] pimreg: left allmulticast mode
[   42.139191] pimreg: left allmulticast mode
[   42.139689] pimreg: left allmulticast mode
[   42.140365] pimreg: left allmulticast mode
[   42.140633] pimreg: left allmulticast mode
[   42.140892] pimreg: left allmulticast mode
[   42.141161] pimreg: left allmulticast mode
[   42.141532] pimreg: left allmulticast mode
[   42.141855] pimreg: left allmulticast mode
[   42.157515] pimreg: entered allmulticast mode
[   42.184873] pimreg: entered allmulticast mode
[   42.210629] pimreg: entered allmulticast mode
[   42.230417] pimreg: entered allmulticast mode
[   42.258397] pimreg: entered allmulticast mode
[   42.286350] pimreg: entered allmulticast mode
[   42.314477] pimreg: entered allmulticast mode
[   42.342130] pimreg: entered allmulticast mode
[   42.366613] pimreg: entered allmulticast mode
[   42.390745] pimreg: entered allmulticast mode
[   42.399588] pimreg: left allmulticast mode
[   42.400307] pimreg: left allmulticast mode
[   42.400623] pimreg: left allmulticast mode
[   42.400890] pimreg: left allmulticast mode
[   42.401141] pimreg: left allmulticast mode
[   42.401394] pimreg: left allmulticast mode
[   42.401790] pimreg: left allmulticast mode
[   42.402123] pimreg: left allmulticast mode
[   42.402433] pimreg: left allmulticast mode
[   42.402790] pimreg: left allmulticast mode
[   42.420149] pimreg: entered allmulticast mode
[   42.437380] pimreg: entered allmulticast mode
[   42.467080] pimreg: entered allmulticast mode
[   42.479942] pimreg: entered allmulticast mode
[   42.502363] pimreg: entered allmulticast mode
[   42.526184] pimreg: entered allmulticast mode
[   42.550469] pimreg: entered allmulticast mode
[   42.574748] pimreg: entered allmulticast mode
[   42.598664] pimreg: entered allmulticast mode
[   42.618606] pimreg: left allmulticast mode
[   42.618961] pimreg: left allmulticast mode
[   42.621462] pimreg: left allmulticast mode
[   42.621898] pimreg: left allmulticast mode
[   42.622203] pimreg: left allmulticast mode
[   42.622494] pimreg: left allmulticast mode
[   42.622786] pimreg: left allmulticast mode
[   42.623096] pimreg: left allmulticast mode
[   42.623378] pimreg: left allmulticast mode
[   42.636762] pimreg: entered allmulticast mode
[   42.664099] pimreg: entered allmulticast mode
[   42.688808] pimreg: entered allmulticast mode
[   42.711842] pimreg: entered allmulticast mode
[   42.734403] pimreg: entered allmulticast mode
[   42.762341] pimreg: entered allmulticast mode
[   42.786151] pimreg: entered allmulticast mode
[   42.810390] pimreg: entered allmulticast mode
[   42.833968] pimreg: entered allmulticast mode
[   42.846911] pimreg: left allmulticast mode
[   42.847244] pimreg: left allmulticast mode
[   42.847547] pimreg: left allmulticast mode
[   42.847841] pimreg: left allmulticast mode
[   42.848171] pimreg: left allmulticast mode
[   42.848476] pimreg: left allmulticast mode
[   42.848779] pimreg: left allmulticast mode
[   42.849088] pimreg: left allmulticast mode
[   42.849383] pimreg: left allmulticast mode
[   42.864964] pimreg: entered allmulticast mode
[   42.888435] pimreg: entered allmulticast mode
[   42.901025] pimreg: entered allmulticast mode
[   42.923080] pimreg: entered allmulticast mode
[   42.942268] pimreg: entered allmulticast mode
[   42.966445] pimreg: entered allmulticast mode
[   42.994182] pimreg: entered allmulticast mode
[   43.015182] pimreg: entered allmulticast mode
[   43.038091] pimreg: entered allmulticast mode
[   43.062826] pimreg: entered allmulticast mode
[   43.066828] pimreg: left allmulticast mode
[   43.067244] pimreg: left allmulticast mode
[   43.067580] pimreg: left allmulticast mode
[   43.067916] pimreg: left allmulticast mode
[   43.068216] pimreg: left allmulticast mode
[   43.068511] pimreg: left allmulticast mode
[   43.068803] pimreg: left allmulticast mode
[   43.069114] pimreg: left allmulticast mode
[   43.069410] pimreg: left allmulticast mode
[   43.085977] pimreg: entered allmulticast mode
[   43.115947] pimreg: entered allmulticast mode
[   43.138701] pimreg: entered allmulticast mode
[   43.155054] pimreg: entered allmulticast mode
[   43.178218] pimreg: entered allmulticast mode
[   43.210434] pimreg: entered allmulticast mode
[   43.234755] pimreg: entered allmulticast mode
[   43.254865] pimreg: entered allmulticast mode
[   43.274642] pimreg: left allmulticast mode
[   43.274998] pimreg: left allmulticast mode
[   43.275256] pimreg: left allmulticast mode
[   43.275510] pimreg: left allmulticast mode
[   43.275831] pimreg: left allmulticast mode
[   43.276622] pimreg: left allmulticast mode
[   43.277007] pimreg: left allmulticast mode
[   43.277309] pimreg: left allmulticast mode
[   43.277775] pimreg: left allmulticast mode
[   43.292400] pimreg: entered allmulticast mode
[   43.312083] pimreg: entered allmulticast mode
[   43.325944] pimreg: entered allmulticast mode
[   43.346269] pimreg: entered allmulticast mode
[   43.370492] pimreg: entered allmulticast mode
[   43.398641] pimreg: entered allmulticast mode
[   43.422546] pimreg: entered allmulticast mode
[   43.450252] pimreg: entered allmulticast mode
[   43.474111] pimreg: entered allmulticast mode
[   43.486663] pimreg: left allmulticast mode
[   43.487280] pimreg: left allmulticast mode
[   43.487559] pimreg: left allmulticast mode
[   43.487879] pimreg: left allmulticast mode
[   43.488183] pimreg: left allmulticast mode
[   43.488486] pimreg: left allmulticast mode
[   43.488789] pimreg: left allmulticast mode
[   43.489101] pimreg: left allmulticast mode
[   43.489407] pimreg: left allmulticast mode
[   43.505424] pimreg: entered allmulticast mode
[   43.535029] pimreg: entered allmulticast mode
[   43.549817] pimreg: entered allmulticast mode
[   43.570421] pimreg: entered allmulticast mode
[   43.590639] pimreg: entered allmulticast mode
[   43.611303] pimreg: entered allmulticast mode
[   43.630600] pimreg: entered allmulticast mode
[   43.654456] pimreg: entered allmulticast mode
[   43.678167] pimreg: entered allmulticast mode
[   43.690804] pimreg: left allmulticast mode
[   43.691136] pimreg: left allmulticast mode
[   43.691394] pimreg: left allmulticast mode
[   43.691648] pimreg: left allmulticast mode
[   43.691965] pimreg: left allmulticast mode
[   43.692265] pimreg: left allmulticast mode
[   43.692579] pimreg: left allmulticast mode
[   43.692880] pimreg: left allmulticast mode
[   43.693183] pimreg: left allmulticast mode
[   43.708847] pimreg: entered allmulticast mode
[   43.731377] pimreg: entered allmulticast mode
[   43.757857] pimreg: entered allmulticast mode
[   43.779186] pimreg: entered allmulticast mode
[   43.794893] pimreg: entered allmulticast mode
[   43.818178] pimreg: entered allmulticast mode
[   43.842272] pimreg: entered allmulticast mode
[   43.870912] pimreg: entered allmulticast mode
[   43.894488] pimreg: entered allmulticast mode
[   43.915028] pimreg: left allmulticast mode
[   43.915327] pimreg: left allmulticast mode
[   43.915578] pimreg: left allmulticast mode
[   43.915908] pimreg: left allmulticast mode
[   43.916535] pimreg: left allmulticast mode
[   43.916876] pimreg: left allmulticast mode
[   43.917176] pimreg: left allmulticast mode
[   43.917477] pimreg: left allmulticast mode
[   43.917855] pimreg: left allmulticast mode
[   43.931812] pimreg: entered allmulticast mode
[   43.957585] pimreg: entered allmulticast mode
[   43.972211] pimreg: entered allmulticast mode
[   43.990149] pimreg: entered allmulticast mode
[   44.014530] pimreg: entered allmulticast mode
[   44.038284] pimreg: entered allmulticast mode
[   44.074260] pimreg: entered allmulticast mode
[   44.098327] pimreg: entered allmulticast mode
[   44.122143] pimreg: entered allmulticast mode
[   44.146639] pimreg: left allmulticast mode
[   44.146992] pimreg: left allmulticast mode
[   44.147839] pimreg: left allmulticast mode
[   44.148932] pimreg: left allmulticast mode
[   44.149224] pimreg: left allmulticast mode
[   44.149485] pimreg: left allmulticast mode
[   44.150210] pimreg: left allmulticast mode
[   44.150489] pimreg: left allmulticast mode
[   44.150743] pimreg: left allmulticast mode
[   44.164765] pimreg: entered allmulticast mode
[   44.185233] pimreg: entered allmulticast mode
[   44.213736] pimreg: entered allmulticast mode
[   44.238156] pimreg: entered allmulticast mode
[   44.262423] pimreg: entered allmulticast mode
[   44.290275] pimreg: entered allmulticast mode
[   44.314298] pimreg: entered allmulticast mode
[   44.338538] pimreg: entered allmulticast mode
[   44.366508] pimreg: entered allmulticast mode
[   44.370584] pimreg: left allmulticast mode
[   44.370964] pimreg: left allmulticast mode
[   44.371228] pimreg: left allmulticast mode
[   44.371486] pimreg: left allmulticast mode
[   44.371792] pimreg: left allmulticast mode
[   44.372130] pimreg: left allmulticast mode
[   44.372425] pimreg: left allmulticast mode
[   44.372725] pimreg: left allmulticast mode
[   44.386392] pimreg: entered allmulticast mode
[   44.419243] pimreg: entered allmulticast mode
[   44.448556] pimreg: entered allmulticast mode
[   44.466334] pimreg: entered allmulticast mode
[   44.490132] pimreg: entered allmulticast mode
[   44.514297] pimreg: entered allmulticast mode
[   44.538607] pimreg: entered allmulticast mode
[   44.562589] pimreg: entered allmulticast mode
[   44.586527] pimreg: entered allmulticast mode
[   44.591198] pimreg: left allmulticast mode
[   44.591850] pimreg: left allmulticast mode
[   44.592190] pimreg: left allmulticast mode
[   44.592495] pimreg: left allmulticast mode
[   44.592806] pimreg: left allmulticast mode
[   44.593107] pimreg: left allmulticast mode
[   44.593406] pimreg: left allmulticast mode
[   44.593764] pimreg: left allmulticast mode
[   44.594080] pimreg: left allmulticast mode
[   44.613609] pimreg: entered allmulticast mode
[   44.635433] pimreg: entered allmulticast mode
[   44.654252] pimreg: entered allmulticast mode
[   44.668233] pimreg: entered allmulticast mode
[   44.690137] pimreg: entered allmulticast mode
[   44.714362] pimreg: entered allmulticast mode
[   44.742136] pimreg: entered allmulticast mode
[   44.766582] pimreg: entered allmulticast mode
[   44.786204] pimreg: entered allmulticast mode
[   44.806798] pimreg: entered allmulticast mode
[   44.826725] pimreg: left allmulticast mode
[   44.827083] pimreg: left allmulticast mode
[   44.827354] pimreg: left allmulticast mode
[   44.828175] pimreg: left allmulticast mode
[   44.828825] pimreg: left allmulticast mode
[   44.829110] pimreg: left allmulticast mode
[   44.829430] pimreg: left allmulticast mode
[   44.830378] pimreg: left allmulticast mode
[   44.830702] pimreg: left allmulticast mode
[   44.831017] pimreg: left allmulticast mode
[   44.831321] pimreg: left allmulticast mode
[   44.847070] pimreg: entered allmulticast mode
[   44.871911] pimreg: entered allmulticast mode
[   44.895878] pimreg: entered allmulticast mode
[   44.918617] pimreg: entered allmulticast mode
[   44.930586] pimreg: entered allmulticast mode
[   44.958231] pimreg: entered allmulticast mode
[   44.982087] pimreg: entered allmulticast mode
[   45.003039] pimreg: entered allmulticast mode
[   45.022601] pimreg: entered allmulticast mode
[   45.031851] pimreg: left allmulticast mode
[   45.032456] pimreg: left allmulticast mode
[   45.032811] pimreg: left allmulticast mode
[   45.033125] pimreg: left allmulticast mode
[   45.033433] pimreg: left allmulticast mode
[   45.033818] pimreg: left allmulticast mode
[   45.034133] pimreg: left allmulticast mode
[   45.034432] pimreg: left allmulticast mode
[   45.034741] pimreg: left allmulticast mode
[   45.050867] pimreg: entered allmulticast mode
[   45.072948] pimreg: entered allmulticast mode
[   45.101816] pimreg: entered allmulticast mode
[   45.115064] pimreg: entered allmulticast mode
[   45.138273] pimreg: entered allmulticast mode
[   45.166703] pimreg: entered allmulticast mode
[   45.189927] pimreg: entered allmulticast mode
[   45.202971] pimreg: left allmulticast mode
[   45.203261] pimreg: left allmulticast mode
[   45.203534] pimreg: left allmulticast mode
[   45.203806] pimreg: left allmulticast mode
[   45.204057] pimreg: left allmulticast mode
[   45.204385] pimreg: left allmulticast mode
[   45.204701] pimreg: left allmulticast mode
[   45.217805] pimreg: entered allmulticast mode
[   45.242946] pimreg: entered allmulticast mode
[   45.272539] pimreg: entered allmulticast mode
[   45.290357] pimreg: entered allmulticast mode
[   45.314437] pimreg: entered allmulticast mode
[   45.338362] pimreg: entered allmulticast mode
[   45.366194] pimreg: entered allmulticast mode
[   45.389758] pimreg: entered allmulticast mode
[   45.402610] pimreg: left allmulticast mode
[   45.402964] pimreg: left allmulticast mode
[   45.403299] pimreg: left allmulticast mode
[   45.403604] pimreg: left allmulticast mode
[   45.403933] pimreg: left allmulticast mode
[   45.404231] pimreg: left allmulticast mode
[   45.404530] pimreg: left allmulticast mode
[   45.404833] pimreg: left allmulticast mode
[   45.418466] pimreg: entered allmulticast mode
[   45.438396] pimreg: entered allmulticast mode
[   45.462346] pimreg: entered allmulticast mode
[   45.486054] pimreg: entered allmulticast mode
[   45.514479] pimreg: entered allmulticast mode
[   45.538216] pimreg: entered allmulticast mode
[   45.562469] pimreg: entered allmulticast mode
[   45.586748] pimreg: entered allmulticast mode
[   45.610485] pimreg: entered allmulticast mode
[   45.631386] pimreg: left allmulticast mode
[   45.631697] pimreg: left allmulticast mode
[   45.631972] pimreg: left allmulticast mode
[   45.632222] pimreg: left allmulticast mode
[   45.632534] pimreg: left allmulticast mode
[   45.632854] pimreg: left allmulticast mode
[   45.633157] pimreg: left allmulticast mode
[   45.633462] pimreg: left allmulticast mode
[   45.634190] pimreg: left allmulticast mode
[   45.648112] pimreg: entered allmulticast mode
[   45.669384] pimreg: entered allmulticast mode
[   45.695162] pimreg: entered allmulticast mode
[   45.718692] pimreg: entered allmulticast mode
[   45.742615] pimreg: entered allmulticast mode
[   45.762134] pimreg: entered allmulticast mode
[   45.782462] pimreg: entered allmulticast mode
[   45.802219] pimreg: entered allmulticast mode
[   45.822457] pimreg: entered allmulticast mode
[   45.835397] pimreg: left allmulticast mode
[   45.835968] pimreg: left allmulticast mode
[   45.836242] pimreg: left allmulticast mode
[   45.836508] pimreg: left allmulticast mode
[   45.836760] pimreg: left allmulticast mode
[   45.837057] pimreg: left allmulticast mode
[   45.837353] pimreg: left allmulticast mode
[   45.837725] pimreg: left allmulticast mode
[   45.838041] pimreg: left allmulticast mode
[   45.853310] pimreg: entered allmulticast mode
[   45.875233] pimreg: entered allmulticast mode
[   45.894867] pimreg: entered allmulticast mode
[   45.912038] pimreg: entered allmulticast mode
[   45.930394] pimreg: entered allmulticast mode
[   45.954430] pimreg: entered allmulticast mode
[   45.974356] pimreg: entered allmulticast mode
[   45.994511] pimreg: entered allmulticast mode
[   46.018269] pimreg: entered allmulticast mode
[   46.045782] pimreg: entered allmulticast mode
[   46.058834] pimreg: left allmulticast mode
[   46.059409] pimreg: left allmulticast mode
[   46.059684] pimreg: left allmulticast mode
[   46.059959] pimreg: left allmulticast mode
[   46.060206] pimreg: left allmulticast mode
[   46.060519] pimreg: left allmulticast mode
[   46.060819] pimreg: left allmulticast mode
[   46.061118] pimreg: left allmulticast mode
[   46.061414] pimreg: left allmulticast mode
[   46.061734] pimreg: left allmulticast mode
[   46.078315] pimreg: entered allmulticast mode
[   46.106296] pimreg: entered allmulticast mode
[   46.128375] pimreg: entered allmulticast mode
[   46.141957] pimreg: entered allmulticast mode
[   46.155133] pimreg: entered allmulticast mode
[   46.178243] pimreg: entered allmulticast mode
[   46.206565] pimreg: entered allmulticast mode
[   46.230233] pimreg: entered allmulticast mode
[   46.254300] pimreg: entered allmulticast mode
[   46.278449] pimreg: entered allmulticast mode
[   46.302990] pimreg: left allmulticast mode
[   46.303293] pimreg: left allmulticast mode
[   46.303547] pimreg: left allmulticast mode
[   46.303825] pimreg: left allmulticast mode
[   46.304193] pimreg: left allmulticast mode
[   46.304459] pimreg: left allmulticast mode
[   46.304715] pimreg: left allmulticast mode
[   46.304975] pimreg: left allmulticast mode
[   46.305227] pimreg: left allmulticast mode
[   46.305532] pimreg: left allmulticast mode
[   46.321102] pimreg: entered allmulticast mode
[   46.350868] pimreg: entered allmulticast mode
[   46.374687] pimreg: entered allmulticast mode
[   46.399451] pimreg: entered allmulticast mode
[   46.418095] pimreg: entered allmulticast mode
[   46.438186] pimreg: entered allmulticast mode
[   46.458076] pimreg: entered allmulticast mode
[   46.478145] pimreg: entered allmulticast mode
[   46.496603] pimreg: entered allmulticast mode
[   46.507910] pimreg: left allmulticast mode
[   46.508272] pimreg: left allmulticast mode
[   46.508536] pimreg: left allmulticast mode
[   46.508806] pimreg: left allmulticast mode
[   46.509124] pimreg: left allmulticast mode
[   46.509451] pimreg: left allmulticast mode
[   46.510133] pimreg: left allmulticast mode
[   46.510775] pimreg: left allmulticast mode
[   46.511153] pimreg: left allmulticast mode
[   46.525811] pimreg: entered allmulticast mode
[   46.564567] pimreg: entered allmulticast mode
[   46.581325] pimreg: entered allmulticast mode
[   46.611724] pimreg: entered allmulticast mode
[   46.634398] pimreg: entered allmulticast mode
[   46.658190] pimreg: entered allmulticast mode
[   46.686613] pimreg: entered allmulticast mode
[   46.710811] pimreg: entered allmulticast mode
[   46.730542] pimreg: entered allmulticast mode
[   46.734686] pimreg: left allmulticast mode
[   46.735281] pimreg: left allmulticast mode
[   46.735762] pimreg: left allmulticast mode
[   46.736319] pimreg: left allmulticast mode
[   46.736777] pimreg: left allmulticast mode
[   46.737080] pimreg: left allmulticast mode
[   46.737543] pimreg: left allmulticast mode
[   46.737888] pimreg: left allmulticast mode
[   46.751571] pimreg: entered allmulticast mode
[   46.770878] pimreg: entered allmulticast mode
[   46.797461] pimreg: entered allmulticast mode
[   46.818263] pimreg: entered allmulticast mode
[   46.842783] pimreg: entered allmulticast mode
[   46.858409] pimreg: entered allmulticast mode
[   46.878453] pimreg: entered allmulticast mode
[   46.902465] pimreg: entered allmulticast mode
[   46.926242] pimreg: entered allmulticast mode
[   46.931378] pimreg: left allmulticast mode
[   46.931673] pimreg: left allmulticast mode
[   46.931953] pimreg: left allmulticast mode
[   46.932215] pimreg: left allmulticast mode
[   46.932472] pimreg: left allmulticast mode
[   46.932742] pimreg: left allmulticast mode
[   46.933017] pimreg: left allmulticast mode
[   46.933268] pimreg: left allmulticast mode
[   46.933588] pimreg: left allmulticast mode
[   46.934271] pimreg: left allmulticast mode
[   46.949786] pimreg: entered allmulticast mode
[   46.976594] pimreg: entered allmulticast mode
[   46.995752] pimreg: entered allmulticast mode
[   47.018391] pimreg: entered allmulticast mode
[   47.046220] pimreg: entered allmulticast mode
[   47.070300] pimreg: entered allmulticast mode
[   47.094148] pimreg: entered allmulticast mode
[   47.118227] pimreg: entered allmulticast mode
[   47.142121] pimreg: entered allmulticast mode
[   47.162207] pimreg: entered allmulticast mode
[   47.174350] pimreg: left allmulticast mode
[   47.174718] pimreg: left allmulticast mode
[   47.174985] pimreg: left allmulticast mode
[   47.175242] pimreg: left allmulticast mode
[   47.175495] pimreg: left allmulticast mode
[   47.175773] pimreg: left allmulticast mode
[   47.176074] pimreg: left allmulticast mode
[   47.176753] pimreg: left allmulticast mode
[   47.177108] pimreg: left allmulticast mode
[   47.177419] pimreg: left allmulticast mode
[   47.195088] pimreg: entered allmulticast mode
[   47.227898] pimreg: entered allmulticast mode
[   47.248942] pimreg: entered allmulticast mode
[   47.267438] pimreg: entered allmulticast mode
[   47.297894] pimreg: entered allmulticast mode
[   47.322484] pimreg: entered allmulticast mode
[   47.346260] pimreg: entered allmulticast mode
[   47.370349] pimreg: entered allmulticast mode
[   47.394535] pimreg: entered allmulticast mode
[   47.418409] pimreg: entered allmulticast mode
[   47.422670] pimreg: left allmulticast mode
[   47.423042] pimreg: left allmulticast mode
[   47.423350] pimreg: left allmulticast mode
[   47.423670] pimreg: left allmulticast mode
[   47.424005] pimreg: left allmulticast mode
[   47.424615] pimreg: left allmulticast mode
[   47.425057] pimreg: left allmulticast mode
[   47.425376] pimreg: left allmulticast mode
[   47.426165] pimreg: left allmulticast mode
[   47.426440] pimreg: left allmulticast mode
[   47.442799] pimreg: entered allmulticast mode
[   47.471958] pimreg: entered allmulticast mode
[   47.497837] pimreg: entered allmulticast mode
[   47.511028] pimreg: entered allmulticast mode
[   47.534149] pimreg: entered allmulticast mode
[   47.559027] pimreg: entered allmulticast mode
[   47.582355] pimreg: entered allmulticast mode
[   47.587934] pimreg: left allmulticast mode
[   47.588238] pimreg: left allmulticast mode
[   47.588729] pimreg: left allmulticast mode
[   47.588998] pimreg: left allmulticast mode
[   47.590559] pimreg: left allmulticast mode
[   47.590910] pimreg: left allmulticast mode
[   47.591219] pimreg: left allmulticast mode
[   47.604913] pimreg: entered allmulticast mode
[   47.627053] pimreg: entered allmulticast mode
[   47.650687] pimreg: entered allmulticast mode
[   47.677099] pimreg: entered allmulticast mode
[   47.698064] pimreg: entered allmulticast mode
[   47.710975] pimreg: entered allmulticast mode
[   47.738242] pimreg: entered allmulticast mode
[   47.766210] pimreg: entered allmulticast mode
[   47.786465] pimreg: left allmulticast mode
[   47.786841] pimreg: left allmulticast mode
[   47.787648] pimreg: left allmulticast mode
[   47.788415] pimreg: left allmulticast mode
[   47.788731] pimreg: left allmulticast mode
[   47.788994] pimreg: left allmulticast mode
[   47.789245] pimreg: left allmulticast mode
[   47.789544] pimreg: left allmulticast mode
[   47.802449] pimreg: entered allmulticast mode
[   47.827819] pimreg: entered allmulticast mode
[   47.849528] pimreg: entered allmulticast mode
[   47.866493] pimreg: entered allmulticast mode
[   47.890640] pimreg: entered allmulticast mode
[   47.914074] pimreg: entered allmulticast mode
[   47.938108] pimreg: entered allmulticast mode
[   47.958443] pimreg: left allmulticast mode
[   47.958812] pimreg: left allmulticast mode
[   47.959130] pimreg: left allmulticast mode
[   47.959716] pimreg: left allmulticast mode
[   47.960560] pimreg: left allmulticast mode
[   47.960926] pimreg: left allmulticast mode
[   47.961230] pimreg: left allmulticast mode
[   47.973226] pimreg: entered allmulticast mode
[   47.994166] pimreg: entered allmulticast mode
[   48.018409] pimreg: entered allmulticast mode
[   48.031073] pimreg: entered allmulticast mode
[   48.054285] pimreg: entered allmulticast mode
[   48.078233] pimreg: entered allmulticast mode
[   48.103493] pimreg: entered allmulticast mode
[   48.103875] pimreg: left allmulticast mode
[   48.104283] pimreg: left allmulticast mode
[   48.104622] pimreg: left allmulticast mode
[   48.104978] pimreg: left allmulticast mode
[   48.105270] pimreg: left allmulticast mode
[   48.105573] pimreg: left allmulticast mode
[   48.117047] pimreg: entered allmulticast mode
[   48.140986] pimreg: entered allmulticast mode
[   48.167049] pimreg: entered allmulticast mode
[   48.190730] pimreg: entered allmulticast mode
[   48.210147] pimreg: entered allmulticast mode
[   48.210512] pimreg: left allmulticast mode
[   48.210893] pimreg: left allmulticast mode
[   48.211202] pimreg: left allmulticast mode
[   48.211515] pimreg: left allmulticast mode
[   48.211835] pimreg: left allmulticast mode
[   48.223032] pimreg: entered allmulticast mode
[   48.247878] pimreg: entered allmulticast mode
[   48.266968] pimreg: entered allmulticast mode
[   48.290446] pimreg: entered allmulticast mode
[   48.314714] pimreg: entered allmulticast mode
[   48.342358] pimreg: entered allmulticast mode
[   48.362712] pimreg: left allmulticast mode
[   48.363109] pimreg: left allmulticast mode
[   48.363368] pimreg: left allmulticast mode
[   48.364864] pimreg: left allmulticast mode
[   48.365210] pimreg: left allmulticast mode
[   48.365530] pimreg: left allmulticast mode
[   48.365890] pimreg: left allmulticast mode
[   48.377902] pimreg: entered allmulticast mode
[   48.402231] pimreg: entered allmulticast mode
[   48.423822] pimreg: entered allmulticast mode
[   48.446635] pimreg: entered allmulticast mode
[   48.470009] pimreg: entered allmulticast mode
[   48.494273] pimreg: entered allmulticast mode
[   48.522225] pimreg: entered allmulticast mode
[   48.546298] pimreg: entered allmulticast mode
[   48.562681] pimreg: left allmulticast mode
[   48.563037] pimreg: left allmulticast mode
[   48.563906] pimreg: left allmulticast mode
[   48.564603] pimreg: left allmulticast mode
[   48.564968] pimreg: left allmulticast mode
[   48.565274] pimreg: left allmulticast mode
[   48.565576] pimreg: left allmulticast mode
[   48.566172] systemd-journald[145]: Data hash table of /run/log/journal/938775788448454bb5b34822d5730c41/system.journal has a fill level at 75.0 (5360 of 7146 items, 4116480 file size, 768 bytes per hash table item), suggesting rotation.
[   48.567648] pimreg: left allmulticast mode
[   48.568937] systemd-journald[145]: /run/log/journal/938775788448454bb5b34822d5730c41/system.journal: Journal header limits reached or header out-of-date, rotating.
[   48.582961] pimreg: entered allmulticast mode
[   48.613232] pimreg: entered allmulticast mode
[   48.631205] pimreg: entered allmulticast mode
[   48.652202] pimreg: entered allmulticast mode
[   48.666336] pimreg: entered allmulticast mode
[   48.685876] pimreg: entered allmulticast mode
[   48.710594] pimreg: entered allmulticast mode
[   48.717897] pimreg: left allmulticast mode
[   48.718669] pimreg: left allmulticast mode
[   48.718956] pimreg: left allmulticast mode
[   48.719238] pimreg: left allmulticast mode
[   48.719949] pimreg: left allmulticast mode
[   48.720551] pimreg: left allmulticast mode
[   48.720899] pimreg: left allmulticast mode
[   48.732939] pimreg: entered allmulticast mode
[   48.758740] pimreg: entered allmulticast mode
[   48.782799] pimreg: entered allmulticast mode
[   48.806580] pimreg: entered allmulticast mode
[   48.830778] pimreg: entered allmulticast mode
[   48.850973] pimreg: entered allmulticast mode
[   48.870233] pimreg: entered allmulticast mode
[   48.883266] pimreg: entered allmulticast mode
[   48.891232] pimreg: left allmulticast mode
[   48.891565] pimreg: left allmulticast mode
[   48.891842] pimreg: left allmulticast mode
[   48.892109] pimreg: left allmulticast mode
[   48.892372] pimreg: left allmulticast mode
[   48.892618] pimreg: left allmulticast mode
[   48.892921] pimreg: left allmulticast mode
[   48.893217] pimreg: left allmulticast mode
[   48.908361] pimreg: entered allmulticast mode
[   48.927713] pimreg: entered allmulticast mode
[   48.948995] pimreg: entered allmulticast mode
[   48.975712] pimreg: entered allmulticast mode
[   48.998227] pimreg: entered allmulticast mode
[   49.018247] pimreg: entered allmulticast mode
[   49.038702] pimreg: entered allmulticast mode
[   49.058546] pimreg: entered allmulticast mode
[   49.083219] pimreg: left allmulticast mode
[   49.083563] pimreg: left allmulticast mode
[   49.084386] pimreg: left allmulticast mode
[   49.085149] pimreg: left allmulticast mode
[   49.085458] pimreg: left allmulticast mode
[   49.086106] pimreg: left allmulticast mode
[   49.086447] pimreg: left allmulticast mode
[   49.086760] pimreg: left allmulticast mode
[   49.099166] pimreg: entered allmulticast mode
[   49.127074] pimreg: entered allmulticast mode
[   49.147502] pimreg: entered allmulticast mode
[   49.169956] pimreg: entered allmulticast mode
[   49.193895] pimreg: entered allmulticast mode
[   49.222759] pimreg: entered allmulticast mode
[   49.246330] pimreg: entered allmulticast mode
[   49.270157] pimreg: entered allmulticast mode
[   49.294344] pimreg: entered allmulticast mode
[   49.298725] pimreg: left allmulticast mode
[   49.299101] pimreg: left allmulticast mode
[   49.299403] pimreg: left allmulticast mode
[   49.299719] pimreg: left allmulticast mode
[   49.300004] pimreg: left allmulticast mode
[   49.300340] pimreg: left allmulticast mode
[   49.300637] pimreg: left allmulticast mode
[   49.300939] pimreg: left allmulticast mode
[   49.301237] pimreg: left allmulticast mode
[   49.316285] pimreg: entered allmulticast mode
[   49.345417] pimreg: entered allmulticast mode
[   49.370947] pimreg: entered allmulticast mode
[   49.394973] pimreg: entered allmulticast mode
[   49.422252] pimreg: entered allmulticast mode
[   49.441872] pimreg: entered allmulticast mode
[   49.462570] pimreg: entered allmulticast mode
[   49.486293] pimreg: entered allmulticast mode
[   49.510236] pimreg: entered allmulticast mode
[   49.530861] pimreg: left allmulticast mode
[   49.531162] pimreg: left allmulticast mode
[   49.531416] pimreg: left allmulticast mode
[   49.531748] pimreg: left allmulticast mode
[   49.532080] pimreg: left allmulticast mode
[   49.532409] pimreg: left allmulticast mode
[   49.532730] pimreg: left allmulticast mode
[   49.533033] pimreg: left allmulticast mode
[   49.533331] pimreg: left allmulticast mode
[   49.547459] pimreg: entered allmulticast mode
[   49.569713] pimreg: entered allmulticast mode
[   49.594745] pimreg: entered allmulticast mode
[   49.616223] pimreg: entered allmulticast mode
[   49.630290] pimreg: entered allmulticast mode
[   49.650343] pimreg: entered allmulticast mode
[   49.674370] pimreg: entered allmulticast mode
[   49.698318] pimreg: entered allmulticast mode
[   49.722119] pimreg: entered allmulticast mode
[   49.726752] pimreg: left allmulticast mode
[   49.727096] pimreg: left allmulticast mode
[   49.727374] pimreg: left allmulticast mode
[   49.727633] pimreg: left allmulticast mode
[   49.727938] pimreg: left allmulticast mode
[   49.728248] pimreg: left allmulticast mode
[   49.729066] pimreg: left allmulticast mode
[   49.729419] pimreg: left allmulticast mode
[   49.729961] pimreg: left allmulticast mode
[   49.744115] pimreg: entered allmulticast mode
[   49.779713] pimreg: entered allmulticast mode
[   49.791210] pimreg: entered allmulticast mode
[   49.807577] pimreg: entered allmulticast mode
[   49.830563] pimreg: entered allmulticast mode
[   49.849944] pimreg: entered allmulticast mode
[   49.878171] pimreg: entered allmulticast mode
[   49.902086] pimreg: entered allmulticast mode
[   49.926582] pimreg: entered allmulticast mode
[   49.947081] pimreg: left allmulticast mode
[   49.947380] pimreg: left allmulticast mode
[   49.947657] pimreg: left allmulticast mode
[   49.947924] pimreg: left allmulticast mode
[   49.948174] pimreg: left allmulticast mode
[   49.949542] pimreg: left allmulticast mode
[   49.949943] pimreg: left allmulticast mode
[   49.950251] pimreg: left allmulticast mode
[   49.950563] pimreg: left allmulticast mode
[   49.964396] pimreg: entered allmulticast mode
[   49.988121] pimreg: entered allmulticast mode
[   50.018161] pimreg: entered allmulticast mode
[   50.042933] pimreg: entered allmulticast mode
[   50.070143] pimreg: entered allmulticast mode
[   50.094097] pimreg: entered allmulticast mode
[   50.118102] pimreg: entered allmulticast mode
[   50.142333] pimreg: entered allmulticast mode
[   50.169898] pimreg: entered allmulticast mode
[   50.182970] pimreg: left allmulticast mode
[   50.183567] pimreg: left allmulticast mode
[   50.183901] pimreg: left allmulticast mode
[   50.184200] pimreg: left allmulticast mode
[   50.184514] pimreg: left allmulticast mode
[   50.184817] pimreg: left allmulticast mode
[   50.185114] pimreg: left allmulticast mode
[   50.185430] pimreg: left allmulticast mode
[   50.185791] pimreg: left allmulticast mode
[   50.201574] pimreg: entered allmulticast mode
[   50.223492] pimreg: entered allmulticast mode
[   50.249434] pimreg: entered allmulticast mode
[   50.274259] pimreg: entered allmulticast mode
[   50.302485] pimreg: entered allmulticast mode
[   50.330101] pimreg: entered allmulticast mode
[   50.358237] pimreg: entered allmulticast mode
[   50.386349] pimreg: entered allmulticast mode
[   50.413870] pimreg: entered allmulticast mode
[   50.426888] pimreg: left allmulticast mode
[   50.427257] pimreg: left allmulticast mode
[   50.427595] pimreg: left allmulticast mode
[   50.427912] pimreg: left allmulticast mode
[   50.428224] pimreg: left allmulticast mode
[   50.428528] pimreg: left allmulticast mode
[   50.428819] pimreg: left allmulticast mode
[   50.429113] pimreg: left allmulticast mode
[   50.429405] pimreg: left allmulticast mode
[   50.445162] pimreg: entered allmulticast mode
[   50.473811] pimreg: entered allmulticast mode
[   50.499706] pimreg: entered allmulticast mode
[   50.522406] pimreg: entered allmulticast mode
[   50.534696] pimreg: entered allmulticast mode
[   50.558273] pimreg: entered allmulticast mode
[   50.578224] pimreg: entered allmulticast mode
[   50.598293] pimreg: entered allmulticast mode
[   50.618249] pimreg: entered allmulticast mode
[   50.630990] pimreg: left allmulticast mode
[   50.631355] pimreg: left allmulticast mode
[   50.631710] pimreg: left allmulticast mode
[   50.632019] pimreg: left allmulticast mode
[   50.632345] pimreg: left allmulticast mode
[   50.632650] pimreg: left allmulticast mode
[   50.632976] pimreg: left allmulticast mode
[   50.633275] pimreg: left allmulticast mode
[   50.633584] pimreg: left allmulticast mode
[   50.649436] pimreg: entered allmulticast mode
[   50.673888] pimreg: entered allmulticast mode
[   50.700819] pimreg: entered allmulticast mode
[   50.714523] pimreg: entered allmulticast mode
[   50.742778] pimreg: entered allmulticast mode
[   50.766106] pimreg: entered allmulticast mode
[   50.782646] pimreg: left allmulticast mode
[   50.782989] pimreg: left allmulticast mode
[   50.783249] pimreg: left allmulticast mode
[   50.783505] pimreg: left allmulticast mode
[   50.785551] pimreg: left allmulticast mode
[   50.785916] pimreg: left allmulticast mode
[   50.796770] pimreg: entered allmulticast mode
[   50.818076] pimreg: entered allmulticast mode
[   50.847282] pimreg: entered allmulticast mode
[   50.866548] pimreg: entered allmulticast mode
[   50.893957] pimreg: entered allmulticast mode
[   50.918184] pimreg: entered allmulticast mode
[   50.946022] pimreg: entered allmulticast mode
[   50.962357] pimreg: left allmulticast mode
[   50.962976] pimreg: left allmulticast mode
[   50.963306] pimreg: left allmulticast mode
[   50.964658] pimreg: left allmulticast mode
[   50.964958] pimreg: left allmulticast mode
[   50.965213] pimreg: left allmulticast mode
[   50.965464] pimreg: left allmulticast mode
[   50.976664] pimreg: entered allmulticast mode
[   51.001837] pimreg: entered allmulticast mode
[   51.025419] pimreg: entered allmulticast mode
[   51.037845] pimreg: entered allmulticast mode
[   51.058294] pimreg: entered allmulticast mode
[   51.078419] pimreg: entered allmulticast mode
[   51.102622] pimreg: left allmulticast mode
[   51.102971] pimreg: left allmulticast mode
[   51.103296] pimreg: left allmulticast mode
[   51.104516] pimreg: left allmulticast mode
[   51.104880] pimreg: left allmulticast mode
[   51.105178] pimreg: left allmulticast mode
[   51.115903] pimreg: entered allmulticast mode
[   51.137782] pimreg: entered allmulticast mode
[   51.162979] pimreg: entered allmulticast mode
[   51.198194] pimreg: entered allmulticast mode
[   51.230287] pimreg: entered allmulticast mode
[   51.254350] pimreg: entered allmulticast mode
[   51.278663] pimreg: entered allmulticast mode
[   51.299534] pimreg: left allmulticast mode
[   51.299892] pimreg: left allmulticast mode
[   51.300168] pimreg: left allmulticast mode
[   51.300467] pimreg: left allmulticast mode
[   51.300791] pimreg: left allmulticast mode
[   51.301456] pimreg: left allmulticast mode
[   51.301875] pimreg: left allmulticast mode
[   51.313180] pimreg: entered allmulticast mode
[   51.339595] pimreg: entered allmulticast mode
[   51.364662] pimreg: entered allmulticast mode
[   51.394183] pimreg: entered allmulticast mode
[   51.418228] pimreg: entered allmulticast mode
[   51.442247] pimreg: entered allmulticast mode
[   51.466013] pimreg: entered allmulticast mode
[   51.490707] pimreg: entered allmulticast mode
[   51.494730] pimreg: left allmulticast mode
[   51.495053] pimreg: left allmulticast mode
[   51.495365] pimreg: left allmulticast mode
[   51.495674] pimreg: left allmulticast mode
[   51.495976] pimreg: left allmulticast mode
[   51.496475] pimreg: left allmulticast mode
[   51.497288] pimreg: left allmulticast mode
[   51.498035] pimreg: left allmulticast mode
[   51.511333] pimreg: entered allmulticast mode
[   51.532746] pimreg: entered allmulticast mode
[   51.560838] pimreg: entered allmulticast mode
[   51.594508] pimreg: entered allmulticast mode
[   51.618846] pimreg: entered allmulticast mode
[   51.642469] pimreg: entered allmulticast mode
[   51.666495] pimreg: entered allmulticast mode
[   51.682375] pimreg: entered allmulticast mode
[   51.702918] pimreg: entered allmulticast mode
[   51.703328] pimreg: left allmulticast mode
[   51.703667] pimreg: left allmulticast mode
[   51.703922] pimreg: left allmulticast mode
[   51.704196] pimreg: left allmulticast mode
[   51.704763] pimreg: left allmulticast mode
[   51.705059] pimreg: left allmulticast mode
[   51.705362] pimreg: left allmulticast mode
[   51.705728] pimreg: left allmulticast mode
[   51.719034] pimreg: entered allmulticast mode
[   51.738989] pimreg: entered allmulticast mode
[   51.767158] pimreg: entered allmulticast mode
[   51.786022] pimreg: entered allmulticast mode
[   51.810456] pimreg: entered allmulticast mode
[   51.834844] pimreg: entered allmulticast mode
[   51.850125] pimreg: entered allmulticast mode
[   51.865883] pimreg: entered allmulticast mode
[   51.890549] pimreg: left allmulticast mode
[   51.890886] pimreg: left allmulticast mode
[   51.891165] pimreg: left allmulticast mode
[   51.891488] pimreg: left allmulticast mode
[   51.891799] pimreg: left allmulticast mode
[   51.893926] pimreg: left allmulticast mode
[   51.894255] pimreg: left allmulticast mode
[   51.894557] pimreg: left allmulticast mode
[   51.894857] pimreg: left allmulticast mode
[   51.909593] pimreg: entered allmulticast mode
[   51.932807] pimreg: entered allmulticast mode
[   51.955388] pimreg: entered allmulticast mode
[   51.979210] pimreg: entered allmulticast mode
[   52.001936] pimreg: entered allmulticast mode
[   52.027025] pimreg: entered allmulticast mode
[   52.042804] pimreg: entered allmulticast mode
[   52.046843] pimreg: left allmulticast mode
[   52.047189] pimreg: left allmulticast mode
[   52.047461] pimreg: left allmulticast mode
[   52.047723] pimreg: left allmulticast mode
[   52.047972] pimreg: left allmulticast mode
[   52.048668] pimreg: left allmulticast mode
[   52.048944] pimreg: left allmulticast mode
[   52.062075] pimreg: entered allmulticast mode
[   52.089479] pimreg: entered allmulticast mode
[   52.110584] pimreg: entered allmulticast mode
[   52.134788] pimreg: entered allmulticast mode
[   52.150208] pimreg: entered allmulticast mode
[   52.174288] pimreg: entered allmulticast mode
[   52.198660] pimreg: entered allmulticast mode
[   52.210486] pimreg: left allmulticast mode
[   52.210842] pimreg: left allmulticast mode
[   52.211106] pimreg: left allmulticast mode
[   52.211361] pimreg: left allmulticast mode
[   52.211630] pimreg: left allmulticast mode
[   52.211945] pimreg: left allmulticast mode
[   52.212841] pimreg: left allmulticast mode
[   52.228669] pimreg: entered allmulticast mode
[   52.245931] pimreg: entered allmulticast mode
[   52.284517] pimreg: entered allmulticast mode
[   52.311040] pimreg: entered allmulticast mode
[   52.350344] pimreg: entered allmulticast mode
[   52.382808] pimreg: entered allmulticast mode
[   52.406318] pimreg: entered allmulticast mode
[   52.438415] pimreg: entered allmulticast mode
[   52.443095] pimreg: left allmulticast mode
[   52.443702] pimreg: left allmulticast mode
[   52.444040] pimreg: left allmulticast mode
[   52.444353] pimreg: left allmulticast mode
[   52.444658] pimreg: left allmulticast mode
[   52.444958] pimreg: left allmulticast mode
[   52.445251] pimreg: left allmulticast mode
[   52.466251] pimreg: entered allmulticast mode
[   52.493158] pimreg: entered allmulticast mode
[   52.510218] pimreg: entered allmulticast mode
[   52.522400] pimreg: entered allmulticast mode
[   52.546020] pimreg: entered allmulticast mode
[   52.570666] pimreg: entered allmulticast mode
[   52.590546] pimreg: entered allmulticast mode
[   52.610561] pimreg: left allmulticast mode
[   52.610898] pimreg: left allmulticast mode
[   52.611207] pimreg: left allmulticast mode
[   52.611530] pimreg: left allmulticast mode
[   52.611850] pimreg: left allmulticast mode
[   52.612648] pimreg: left allmulticast mode
[   52.612961] pimreg: left allmulticast mode
[   52.613258] pimreg: left allmulticast mode
[   52.627257] pimreg: entered allmulticast mode
[   52.646825] pimreg: entered allmulticast mode
[   52.674820] pimreg: entered allmulticast mode
[   52.702672] pimreg: entered allmulticast mode
[   52.742316] pimreg: entered allmulticast mode
[   52.770589] pimreg: entered allmulticast mode
[   52.794311] pimreg: entered allmulticast mode
[   52.818409] pimreg: entered allmulticast mode
[   52.838523] pimreg: left allmulticast mode
[   52.838865] pimreg: left allmulticast mode
[   52.839135] pimreg: left allmulticast mode
[   52.839692] pimreg: left allmulticast mode
[   52.840401] pimreg: left allmulticast mode
[   52.840744] pimreg: left allmulticast mode
[   52.841054] pimreg: left allmulticast mode
[   52.841352] pimreg: left allmulticast mode
[   52.854164] pimreg: entered allmulticast mode
[   52.883698] pimreg: entered allmulticast mode
[   52.906146] pimreg: entered allmulticast mode
[   52.942587] pimreg: entered allmulticast mode
[   52.958567] pimreg: entered allmulticast mode
[   52.978360] pimreg: entered allmulticast mode
[   53.002253] pimreg: entered allmulticast mode
[   53.026369] pimreg: entered allmulticast mode
[   53.046559] pimreg: left allmulticast mode
[   53.046900] pimreg: left allmulticast mode
[   53.047160] pimreg: left allmulticast mode
[   53.047704] pimreg: left allmulticast mode
[   53.049326] pimreg: left allmulticast mode
[   53.049668] pimreg: left allmulticast mode
[   53.049926] pimreg: left allmulticast mode
[   53.050232] pimreg: left allmulticast mode
[   53.063408] pimreg: entered allmulticast mode
[   53.094677] pimreg: entered allmulticast mode
[   53.106805] pimreg: entered allmulticast mode
[   53.130910] pimreg: entered allmulticast mode
[   53.154469] pimreg: entered allmulticast mode
[   53.186401] pimreg: entered allmulticast mode
[   53.214125] pimreg: entered allmulticast mode
[   53.238726] pimreg: entered allmulticast mode
[   53.270515] pimreg: entered allmulticast mode
[   53.275321] pimreg: left allmulticast mode
[   53.275697] pimreg: left allmulticast mode
[   53.276028] pimreg: left allmulticast mode
[   53.276337] pimreg: left allmulticast mode
[   53.276662] pimreg: left allmulticast mode
[   53.276960] pimreg: left allmulticast mode
[   53.277254] pimreg: left allmulticast mode
[   53.277564] pimreg: left allmulticast mode
[   53.294682] pimreg: entered allmulticast mode
[   53.310589] pimreg: entered allmulticast mode
[   53.335131] pimreg: entered allmulticast mode
[   53.347282] pimreg: entered allmulticast mode
[   53.369715] pimreg: entered allmulticast mode
[   53.393886] pimreg: entered allmulticast mode
[   53.418551] pimreg: entered allmulticast mode
[   53.442440] pimreg: entered allmulticast mode
[   53.451326] pimreg: left allmulticast mode
[   53.451682] pimreg: left allmulticast mode
[   53.451953] pimreg: left allmulticast mode
[   53.452253] pimreg: left allmulticast mode
[   53.452561] pimreg: left allmulticast mode
[   53.452858] pimreg: left allmulticast mode
[   53.453151] pimreg: left allmulticast mode
[   53.453453] pimreg: left allmulticast mode
[   53.453824] pimreg: left allmulticast mode
[   53.471432] pimreg: entered allmulticast mode
[   53.488149] pimreg: entered allmulticast mode
[   53.514698] pimreg: entered allmulticast mode
[   53.539253] pimreg: entered allmulticast mode
[   53.554248] pimreg: entered allmulticast mode
[   53.574187] pimreg: entered allmulticast mode
[   53.598309] pimreg: entered allmulticast mode
[   53.615668] pimreg: entered allmulticast mode
[   53.648067] pimreg: left allmulticast mode
[   53.648365] pimreg: left allmulticast mode
[   53.648642] pimreg: left allmulticast mode
[   53.648893] pimreg: left allmulticast mode
[   53.649197] pimreg: left allmulticast mode
[   53.650173] pimreg: left allmulticast mode
[   53.650542] pimreg: left allmulticast mode
[   53.650985] pimreg: left allmulticast mode
[   53.664072] pimreg: entered allmulticast mode
[   53.691400] pimreg: entered allmulticast mode
[   53.715116] pimreg: entered allmulticast mode
[   53.758778] pimreg: entered allmulticast mode
[   53.782362] pimreg: entered allmulticast mode
[   53.806733] pimreg: entered allmulticast mode
[   53.830049] pimreg: entered allmulticast mode
[   53.854731] pimreg: entered allmulticast mode
[   53.878528] pimreg: left allmulticast mode
[   53.878871] pimreg: left allmulticast mode
[   53.879407] pimreg: left allmulticast mode
[   53.879774] pimreg: left allmulticast mode
[   53.880111] pimreg: left allmulticast mode
[   53.880418] pimreg: left allmulticast mode
[   53.880724] pimreg: left allmulticast mode
[   53.881029] pimreg: left allmulticast mode
[   53.896095] pimreg: entered allmulticast mode
[   53.914662] pimreg: entered allmulticast mode
[   53.946002] pimreg: entered allmulticast mode
[   53.970346] pimreg: entered allmulticast mode
[   53.998472] pimreg: entered allmulticast mode
[   54.022779] pimreg: entered allmulticast mode
[   54.046457] pimreg: entered allmulticast mode
[   54.070496] pimreg: entered allmulticast mode
[   54.094926] pimreg: left allmulticast mode
[   54.095218] pimreg: left allmulticast mode
[   54.095481] pimreg: left allmulticast mode
[   54.095785] pimreg: left allmulticast mode
[   54.096095] pimreg: left allmulticast mode
[   54.096414] pimreg: left allmulticast mode
[   54.096718] pimreg: left allmulticast mode
[   54.097005] pimreg: left allmulticast mode
[   54.110096] pimreg: entered allmulticast mode
[   54.131924] pimreg: entered allmulticast mode
[   54.155701] pimreg: entered allmulticast mode
[   54.174820] pimreg: entered allmulticast mode
[   54.198324] pimreg: entered allmulticast mode
[   54.214266] pimreg: entered allmulticast mode
[   54.234277] pimreg: entered allmulticast mode
[   54.258258] pimreg: entered allmulticast mode
[   54.282338] pimreg: entered allmulticast mode
[   54.286573] pimreg: left allmulticast mode
[   54.286957] pimreg: left allmulticast mode
[   54.287275] pimreg: left allmulticast mode
[   54.287577] pimreg: left allmulticast mode
[   54.287881] pimreg: left allmulticast mode
[   54.288204] pimreg: left allmulticast mode
[   54.288933] pimreg: left allmulticast mode
[   54.289269] pimreg: left allmulticast mode
[   54.289584] pimreg: left allmulticast mode
[   54.305905] pimreg: entered allmulticast mode
[   54.328247] pimreg: entered allmulticast mode
[   54.346146] pimreg: entered allmulticast mode
[   54.371009] pimreg: entered allmulticast mode
[   54.394594] pimreg: entered allmulticast mode
[   54.410660] pimreg: entered allmulticast mode
[   54.430628] pimreg: entered allmulticast mode
[   54.462543] pimreg: entered allmulticast mode
[   54.490352] pimreg: entered allmulticast mode
[   54.503063] pimreg: left allmulticast mode
[   54.503670] pimreg: left allmulticast mode
[   54.503959] pimreg: left allmulticast mode
[   54.504213] pimreg: left allmulticast mode
[   54.504522] pimreg: left allmulticast mode
[   54.504831] pimreg: left allmulticast mode
[   54.505126] pimreg: left allmulticast mode
[   54.505443] pimreg: left allmulticast mode
[   54.505769] pimreg: left allmulticast mode
[   54.521052] pimreg: entered allmulticast mode
[   54.550028] pimreg: entered allmulticast mode
[   54.577593] pimreg: entered allmulticast mode
[   54.590918] pimreg: entered allmulticast mode
[   54.614770] pimreg: entered allmulticast mode
[   54.650581] pimreg: entered allmulticast mode
[   54.671109] pimreg: left allmulticast mode
[   54.671469] pimreg: left allmulticast mode
[   54.671728] pimreg: left allmulticast mode
[   54.672028] pimreg: left allmulticast mode
[   54.672768] pimreg: left allmulticast mode
[   54.673087] pimreg: left allmulticast mode
[   54.673381] pimreg: left allmulticast mode
[   54.686678] pimreg: entered allmulticast mode
[   54.714509] pimreg: entered allmulticast mode
[   54.730607] pimreg: entered allmulticast mode
[   54.754798] pimreg: entered allmulticast mode
[   54.782847] pimreg: entered allmulticast mode
[   54.806946] pimreg: entered allmulticast mode
[   54.830581] pimreg: entered allmulticast mode
[   54.854836] pimreg: entered allmulticast mode
[   54.858506] pimreg: left allmulticast mode
[   54.858842] pimreg: left allmulticast mode
[   54.859114] pimreg: left allmulticast mode
[   54.860007] pimreg: left allmulticast mode
[   54.860396] pimreg: left allmulticast mode
[   54.860714] pimreg: left allmulticast mode
[   54.861025] pimreg: left allmulticast mode
[   54.874871] pimreg: entered allmulticast mode
[   54.894359] pimreg: entered allmulticast mode
[   54.920833] pimreg: entered allmulticast mode
[   54.946629] pimreg: entered allmulticast mode
[   54.970085] pimreg: entered allmulticast mode
[   55.006593] pimreg: entered allmulticast mode
[   55.034578] pimreg: entered allmulticast mode
[   55.062635] pimreg: entered allmulticast mode
[   55.066707] pimreg: left allmulticast mode
[   55.067042] pimreg: left allmulticast mode
[   55.067310] pimreg: left allmulticast mode
[   55.067568] pimreg: left allmulticast mode
[   55.067818] pimreg: left allmulticast mode
[   55.068124] pimreg: left allmulticast mode
[   55.068425] pimreg: left allmulticast mode
[   55.069092] pimreg: left allmulticast mode
[   55.084071] pimreg: entered allmulticast mode
[   55.115886] pimreg: entered allmulticast mode
[   55.127124] pimreg: entered allmulticast mode
[   55.155308] pimreg: entered allmulticast mode
[   55.170601] pimreg: entered allmulticast mode
[   55.190595] pimreg: entered allmulticast mode
[   55.210590] pimreg: entered allmulticast mode
[   55.238349] pimreg: entered allmulticast mode
[   55.270600] pimreg: entered allmulticast mode
[   55.274571] pimreg: left allmulticast mode
[   55.274906] pimreg: left allmulticast mode
[   55.275236] pimreg: left allmulticast mode
[   55.276543] pimreg: left allmulticast mode
[   55.276871] pimreg: left allmulticast mode
[   55.277168] pimreg: left allmulticast mode
[   55.277490] pimreg: left allmulticast mode
[   55.278224] pimreg: left allmulticast mode
[   55.292951] pimreg: entered allmulticast mode
[   55.335014] pimreg: entered allmulticast mode
[   55.373500] pimreg: entered allmulticast mode
[   55.394548] pimreg: entered allmulticast mode
[   55.422408] pimreg: entered allmulticast mode
[   55.446791] pimreg: entered allmulticast mode
[   55.482451] pimreg: entered allmulticast mode
[   55.506291] pimreg: entered allmulticast mode
[   55.530599] pimreg: entered allmulticast mode
[   55.535923] pimreg: left allmulticast mode
[   55.536217] pimreg: left allmulticast mode
[   55.536539] pimreg: left allmulticast mode
[   55.536847] pimreg: left allmulticast mode
[   55.537156] pimreg: left allmulticast mode
[   55.537467] pimreg: left allmulticast mode
[   55.538181] pimreg: left allmulticast mode
[   55.538491] pimreg: left allmulticast mode
[   55.538787] pimreg: left allmulticast mode
[   55.539445] pimreg: left allmulticast mode
[   55.555522] pimreg: entered allmulticast mode
[   55.588292] pimreg: entered allmulticast mode
[   55.613809] pimreg: entered allmulticast mode
[   55.634424] pimreg: entered allmulticast mode
[   55.658644] pimreg: entered allmulticast mode
[   55.682240] pimreg: entered allmulticast mode
[   55.707290] pimreg: entered allmulticast mode
[   55.734568] pimreg: entered allmulticast mode
[   55.758694] pimreg: entered allmulticast mode
[   55.785765] pimreg: entered allmulticast mode
[   55.798906] pimreg: left allmulticast mode
[   55.799475] pimreg: left allmulticast mode
[   55.799755] pimreg: left allmulticast mode
[   55.800068] pimreg: left allmulticast mode
[   55.800383] pimreg: left allmulticast mode
[   55.800688] pimreg: left allmulticast mode
[   55.800994] pimreg: left allmulticast mode
[   55.801293] pimreg: left allmulticast mode
[   55.801600] pimreg: left allmulticast mode
[   55.802409] pimreg: left allmulticast mode
[   55.819422] pimreg: entered allmulticast mode
[   55.841331] pimreg: entered allmulticast mode
[   55.870866] pimreg: entered allmulticast mode
[   55.895011] pimreg: entered allmulticast mode
[   55.919057] pimreg: entered allmulticast mode
[   55.942603] pimreg: entered allmulticast mode
[   55.966443] pimreg: entered allmulticast mode
[   55.990595] pimreg: entered allmulticast mode
[   56.018265] pimreg: entered allmulticast mode
[   56.046611] pimreg: entered allmulticast mode
[   56.050960] pimreg: left allmulticast mode
[   56.051360] pimreg: left allmulticast mode
[   56.051692] pimreg: left allmulticast mode
[   56.051982] pimreg: left allmulticast mode
[   56.052278] pimreg: left allmulticast mode
[   56.052595] pimreg: left allmulticast mode
[   56.053307] pimreg: left allmulticast mode
[   56.053730] pimreg: left allmulticast mode
[   56.054512] pimreg: left allmulticast mode
[   56.054842] pimreg: left allmulticast mode
[   56.074889] pimreg: entered allmulticast mode
[   56.109671] pimreg: entered allmulticast mode
[   56.135315] pimreg: entered allmulticast mode
[   56.154981] pimreg: entered allmulticast mode
[   56.186543] pimreg: entered allmulticast mode
[   56.210581] pimreg: entered allmulticast mode
[   56.234257] pimreg: entered allmulticast mode
[   56.274145] pimreg: entered allmulticast mode
[   56.298849] pimreg: entered allmulticast mode
[   56.311642] pimreg: left allmulticast mode
[   56.311999] pimreg: left allmulticast mode
[   56.312260] pimreg: left allmulticast mode
[   56.312600] pimreg: left allmulticast mode
[   56.312905] pimreg: left allmulticast mode
[   56.313212] pimreg: left allmulticast mode
[   56.313528] pimreg: left allmulticast mode
[   56.313895] pimreg: left allmulticast mode
[   56.314198] pimreg: left allmulticast mode
[   56.332065] pimreg: entered allmulticast mode
[   56.358283] pimreg: entered allmulticast mode
[   56.386712] pimreg: entered allmulticast mode
[   56.400310] pimreg: entered allmulticast mode
[   56.410950] pimreg: left allmulticast mode
[   56.411614] pimreg: left allmulticast mode
[   56.411977] pimreg: left allmulticast mode
[   56.412301] pimreg: left allmulticast mode
[   56.422327] pimreg: entered allmulticast mode
[   56.450176] pimreg: entered allmulticast mode
[   56.474609] pimreg: entered allmulticast mode
[   56.485861] pimreg: entered allmulticast mode
[   56.514389] pimreg: entered allmulticast mode
[   56.534239] pimreg: left allmulticast mode
[   56.534618] pimreg: left allmulticast mode
[   56.534930] pimreg: left allmulticast mode
[   56.535221] pimreg: left allmulticast mode
[   56.535541] pimreg: left allmulticast mode
[   56.547211] pimreg: entered allmulticast mode
[   56.581837] pimreg: entered allmulticast mode
[   56.608921] pimreg: entered allmulticast mode
[   56.634664] pimreg: entered allmulticast mode
[   56.662556] pimreg: entered allmulticast mode
[   56.690556] pimreg: entered allmulticast mode
[   56.714393] pimreg: left allmulticast mode
[   56.714734] pimreg: left allmulticast mode
[   56.715000] pimreg: left allmulticast mode
[   56.715648] pimreg: left allmulticast mode
[   56.716381] pimreg: left allmulticast mode
[   56.716675] pimreg: left allmulticast mode
[   56.727372] pimreg: entered allmulticast mode
[   56.744595] pimreg: entered allmulticast mode
[   56.769417] pimreg: entered allmulticast mode
[   56.794662] pimreg: entered allmulticast mode
[   56.818575] pimreg: entered allmulticast mode
[   56.842463] pimreg: entered allmulticast mode
[   56.866556] pimreg: entered allmulticast mode
[   56.886412] pimreg: left allmulticast mode
[   56.887226] pimreg: left allmulticast mode
[   56.887914] pimreg: left allmulticast mode
[   56.888200] pimreg: left allmulticast mode
[   56.888495] pimreg: left allmulticast mode
[   56.888765] pimreg: left allmulticast mode
[   56.889051] pimreg: left allmulticast mode
[   56.900962] pimreg: entered allmulticast mode
[   56.922804] pimreg: entered allmulticast mode
[   56.944099] pimreg: entered allmulticast mode
[   56.963409] pimreg: entered allmulticast mode
[   56.986398] pimreg: entered allmulticast mode
[   56.990673] pimreg: left allmulticast mode
[   56.991062] pimreg: left allmulticast mode
[   56.991413] pimreg: left allmulticast mode
[   56.991711] pimreg: left allmulticast mode
[   56.992010] pimreg: left allmulticast mode
[   57.003364] pimreg: entered allmulticast mode
[   57.019272] pimreg: entered allmulticast mode
[   57.035068] pimreg: entered allmulticast mode
[   57.058983] pimreg: entered allmulticast mode
[   57.086018] pimreg: entered allmulticast mode
[   57.110502] pimreg: entered allmulticast mode
[   57.138483] pimreg: left allmulticast mode
[   57.138828] pimreg: left allmulticast mode
[   57.139088] pimreg: left allmulticast mode
[   57.139412] pimreg: left allmulticast mode
[   57.140236] pimreg: left allmulticast mode
[   57.140875] pimreg: left allmulticast mode
[   57.154536] pimreg: entered allmulticast mode
[   57.174923] pimreg: entered allmulticast mode
[   57.197437] pimreg: entered allmulticast mode
[   57.218690] pimreg: entered allmulticast mode
[   57.246505] pimreg: entered allmulticast mode
[   57.278534] pimreg: entered allmulticast mode
[   57.306976] pimreg: entered allmulticast mode
[   57.326515] pimreg: left allmulticast mode
[   57.326854] pimreg: left allmulticast mode
[   57.327110] pimreg: left allmulticast mode
[   57.327443] pimreg: left allmulticast mode
[   57.327759] pimreg: left allmulticast mode
[   57.328058] pimreg: left allmulticast mode
[   57.328381] pimreg: left allmulticast mode
[   57.340066] pimreg: entered allmulticast mode
[   57.358643] pimreg: entered allmulticast mode
[   57.389411] pimreg: entered allmulticast mode
[   57.414440] pimreg: entered allmulticast mode
[   57.442223] pimreg: entered allmulticast mode
[   57.470276] pimreg: entered allmulticast mode
[   57.494840] pimreg: entered allmulticast mode
[   57.518445] pimreg: entered allmulticast mode
[   57.523019] pimreg: left allmulticast mode
[   57.523468] pimreg: left allmulticast mode
[   57.523767] pimreg: left allmulticast mode
[   57.524070] pimreg: left allmulticast mode
[   57.524395] pimreg: left allmulticast mode
[   57.524689] pimreg: left allmulticast mode
[   57.524977] pimreg: left allmulticast mode
[   57.525270] pimreg: left allmulticast mode
[   57.539032] pimreg: entered allmulticast mode
[   57.566950] pimreg: entered allmulticast mode
[   57.594782] pimreg: entered allmulticast mode
[   57.614627] pimreg: entered allmulticast mode
[   57.630038] pimreg: entered allmulticast mode
[   57.654734] pimreg: entered allmulticast mode
[   57.678538] pimreg: entered allmulticast mode
[   57.702401] pimreg: entered allmulticast mode
[   57.707776] pimreg: left allmulticast mode
[   57.708705] pimreg: left allmulticast mode
[   57.709032] pimreg: left allmulticast mode
[   57.710676] pimreg: left allmulticast mode
[   57.711047] pimreg: left allmulticast mode
[   57.711375] pimreg: left allmulticast mode
[   57.711675] pimreg: left allmulticast mode
[   57.711981] pimreg: left allmulticast mode
[   57.726388] pimreg: entered allmulticast mode
[   57.754989] pimreg: entered allmulticast mode
[   57.785387] pimreg: entered allmulticast mode
[   57.810786] pimreg: entered allmulticast mode
[   57.838175] pimreg: entered allmulticast mode
[   57.862449] pimreg: entered allmulticast mode
[   57.886294] pimreg: entered allmulticast mode
[   57.910876] pimreg: entered allmulticast mode
[   57.930559] pimreg: left allmulticast mode
[   57.930895] pimreg: left allmulticast mode
[   57.931165] pimreg: left allmulticast mode
[   57.932070] pimreg: left allmulticast mode
[   57.932479] pimreg: left allmulticast mode
[   57.932755] pimreg: left allmulticast mode
[   57.933008] pimreg: left allmulticast mode
[   57.933330] pimreg: left allmulticast mode
[   57.948337] pimreg: entered allmulticast mode
[   57.962769] pimreg: entered allmulticast mode
[   57.988707] pimreg: entered allmulticast mode
[   58.010259] pimreg: entered allmulticast mode
[   58.030364] pimreg: entered allmulticast mode
[   58.062303] pimreg: entered allmulticast mode
[   58.082185] pimreg: entered allmulticast mode
[   58.102664] pimreg: entered allmulticast mode
[   58.118535] pimreg: left allmulticast mode
[   58.118873] pimreg: left allmulticast mode
[   58.119126] pimreg: left allmulticast mode
[   58.119393] pimreg: left allmulticast mode
[   58.119698] pimreg: left allmulticast mode
[   58.121950] pimreg: left allmulticast mode
[   58.122314] pimreg: left allmulticast mode
[   58.122639] pimreg: left allmulticast mode
[   58.135604] pimreg: entered allmulticast mode
[   58.160332] pimreg: entered allmulticast mode
[   58.181345] pimreg: entered allmulticast mode
[   58.206139] pimreg: entered allmulticast mode
[   58.231108] pimreg: entered allmulticast mode
[   58.254643] pimreg: entered allmulticast mode
[   58.293979] pimreg: entered allmulticast mode
[   58.318430] pimreg: entered allmulticast mode
[   58.342737] pimreg: entered allmulticast mode
[   58.346759] pimreg: left allmulticast mode
[   58.347100] pimreg: left allmulticast mode
[   58.347443] pimreg: left allmulticast mode
[   58.347749] pimreg: left allmulticast mode
[   58.348057] pimreg: left allmulticast mode
[   58.348834] pimreg: left allmulticast mode
[   58.349155] pimreg: left allmulticast mode
[   58.349489] pimreg: left allmulticast mode
[   58.349855] pimreg: left allmulticast mode
[   58.365404] pimreg: entered allmulticast mode
[   58.389338] pimreg: entered allmulticast mode
[   58.421925] pimreg: entered allmulticast mode
[   58.446345] pimreg: entered allmulticast mode
[   58.474294] pimreg: entered allmulticast mode
[   58.498724] pimreg: entered allmulticast mode
[   58.526391] pimreg: entered allmulticast mode
[   58.550379] pimreg: entered allmulticast mode
[   58.577802] pimreg: entered allmulticast mode
[   58.590778] pimreg: left allmulticast mode
[   58.591382] pimreg: left allmulticast mode
[   58.591668] pimreg: left allmulticast mode
[   58.591933] pimreg: left allmulticast mode
[   58.592242] pimreg: left allmulticast mode
[   58.592553] pimreg: left allmulticast mode
[   58.592860] pimreg: left allmulticast mode
[   58.593181] pimreg: left allmulticast mode
[   58.593498] pimreg: left allmulticast mode
[   58.609834] pimreg: entered allmulticast mode
[   58.639678] pimreg: entered allmulticast mode
[   58.665747] pimreg: entered allmulticast mode
[   58.678883] pimreg: entered allmulticast mode
[   58.702117] pimreg: entered allmulticast mode
[   58.734466] pimreg: entered allmulticast mode
[   58.758443] pimreg: entered allmulticast mode
[   58.790624] pimreg: left allmulticast mode
[   58.790966] pimreg: left allmulticast mode
[   58.791455] pimreg: left allmulticast mode
[   58.791756] pimreg: left allmulticast mode
[   58.792089] pimreg: left allmulticast mode
[   58.792393] pimreg: left allmulticast mode
[   58.792705] pimreg: left allmulticast mode
[   58.804949] pimreg: entered allmulticast mode
[   58.827179] pimreg: entered allmulticast mode
[   58.844723] pimreg: entered allmulticast mode
[   58.862447] pimreg: entered allmulticast mode
[   58.875605] pimreg: entered allmulticast mode
[   58.879053] pimreg: left allmulticast mode
[   58.879383] pimreg: left allmulticast mode
[   58.879637] pimreg: left allmulticast mode
[   58.879948] pimreg: left allmulticast mode
[   58.880273] pimreg: left allmulticast mode
[   58.890408] pimreg: entered allmulticast mode
[   58.913849] pimreg: entered allmulticast mode
[   58.945114] pimreg: entered allmulticast mode
[   58.971052] pimreg: entered allmulticast mode
[   58.990742] pimreg: entered allmulticast mode
[   59.010327] pimreg: entered allmulticast mode
[   59.030684] pimreg: left allmulticast mode
[   59.031027] pimreg: left allmulticast mode
[   59.031957] pimreg: left allmulticast mode
[   59.032346] pimreg: left allmulticast mode
[   59.032682] pimreg: left allmulticast mode
[   59.032984] pimreg: left allmulticast mode
[   59.043646] pimreg: entered allmulticast mode
[   59.062474] pimreg: entered allmulticast mode
[   59.100663] pimreg: entered allmulticast mode
[   59.122590] pimreg: entered allmulticast mode
[   59.146519] pimreg: entered allmulticast mode
[   59.170675] pimreg: entered allmulticast mode
[   59.194322] pimreg: entered allmulticast mode
[   59.218387] pimreg: left allmulticast mode
[   59.218748] pimreg: left allmulticast mode
[   59.219077] pimreg: left allmulticast mode
[   59.219400] pimreg: left allmulticast mode
[   59.220669] pimreg: left allmulticast mode
[   59.221017] pimreg: left allmulticast mode
[   59.221328] pimreg: left allmulticast mode
[   59.233489] pimreg: entered allmulticast mode
[   59.259418] pimreg: entered allmulticast mode
[   59.274773] pimreg: entered allmulticast mode
[   59.290624] pimreg: entered allmulticast mode
[   59.311199] pimreg: entered allmulticast mode
[   59.330426] pimreg: left allmulticast mode
[   59.330762] pimreg: left allmulticast mode
[   59.331032] pimreg: left allmulticast mode
[   59.331309] pimreg: left allmulticast mode
[   59.332310] pimreg: left allmulticast mode
[   59.341559] pimreg: entered allmulticast mode
[   59.372320] pimreg: entered allmulticast mode
[   59.389685] pimreg: entered allmulticast mode
[   59.421785] pimreg: entered allmulticast mode
[   59.442036] pimreg: entered allmulticast mode
[   59.461903] pimreg: entered allmulticast mode
[   59.486668] pimreg: left allmulticast mode
[   59.487398] pimreg: left allmulticast mode
[   59.487727] pimreg: left allmulticast mode
[   59.488008] pimreg: left allmulticast mode
[   59.488323] pimreg: left allmulticast mode
[   59.488624] pimreg: left allmulticast mode
[   59.499411] pimreg: entered allmulticast mode
[   59.514458] pimreg: entered allmulticast mode
[   59.551113] pimreg: entered allmulticast mode
[   59.571025] pimreg: entered allmulticast mode
[   59.594579] pimreg: entered allmulticast mode
[   59.602962] pimreg: left allmulticast mode
[   59.603305] pimreg: left allmulticast mode
[   59.603570] pimreg: left allmulticast mode
[   59.603826] pimreg: left allmulticast mode
[   59.604093] pimreg: left allmulticast mode
[   59.614759] pimreg: entered allmulticast mode
[   59.643175] pimreg: entered allmulticast mode
[   59.663790] pimreg: entered allmulticast mode
[   59.682780] pimreg: entered allmulticast mode
[   59.696797] pimreg: entered allmulticast mode
[   59.718340] pimreg: left allmulticast mode
[   59.718688] pimreg: left allmulticast mode
[   59.718956] pimreg: left allmulticast mode
[   59.720054] pimreg: left allmulticast mode
[   59.720438] pimreg: left allmulticast mode
[   59.730280] pimreg: entered allmulticast mode
[   59.747385] pimreg: entered allmulticast mode
[   59.772065] pimreg: entered allmulticast mode
[   59.795604] pimreg: entered allmulticast mode
[   59.818839] pimreg: entered allmulticast mode
[   59.858909] pimreg: entered allmulticast mode
[   59.870925] pimreg: left allmulticast mode
[   59.871291] pimreg: left allmulticast mode
[   59.871589] pimreg: left allmulticast mode
[   59.871861] pimreg: left allmulticast mode
[   59.872119] pimreg: left allmulticast mode
[   59.872385] pimreg: left allmulticast mode
[   59.883627] pimreg: entered allmulticast mode
[   59.905323] pimreg: entered allmulticast mode
[   59.927436] pimreg: entered allmulticast mode
[   59.945954] pimreg: entered allmulticast mode
[   59.959329] pimreg: entered allmulticast mode
[   59.966678] pimreg: left allmulticast mode
[   59.966968] pimreg: left allmulticast mode
[   59.967218] pimreg: left allmulticast mode
[   59.967544] pimreg: left allmulticast mode
[   59.967831] pimreg: left allmulticast mode
[   59.977708] pimreg: entered allmulticast mode
[   59.998649] pimreg: entered allmulticast mode
[   60.024447] pimreg: entered allmulticast mode
[   60.046485] pimreg: entered allmulticast mode
[   60.066055] pimreg: entered allmulticast mode
[   60.094638] pimreg: entered allmulticast mode
[   60.114517] pimreg: left allmulticast mode
[   60.114871] pimreg: left allmulticast mode
[   60.115188] pimreg: left allmulticast mode
[   60.115460] pimreg: left allmulticast mode
[   60.116037] pimreg: left allmulticast mode
[   60.116374] pimreg: left allmulticast mode
[   60.127468] pimreg: entered allmulticast mode
[   60.150449] pimreg: entered allmulticast mode
[   60.176542] pimreg: entered allmulticast mode
[   60.194381] pimreg: entered allmulticast mode
[   60.222731] pimreg: entered allmulticast mode
[   60.250063] pimreg: entered allmulticast mode
[   60.274610] pimreg: entered allmulticast mode
[   60.294460] pimreg: left allmulticast mode
[   60.294800] pimreg: left allmulticast mode
[   60.295062] pimreg: left allmulticast mode
[   60.295844] pimreg: left allmulticast mode
[   60.296156] pimreg: left allmulticast mode
[   60.296458] pimreg: left allmulticast mode
[   60.296713] pimreg: left allmulticast mode
[   60.308527] pimreg: entered allmulticast mode
[   60.318376] pimreg: entered allmulticast mode
[   60.334887] pimreg: entered allmulticast mode
[   60.349862] pimreg: entered allmulticast mode
[   60.362744] pimreg: entered allmulticast mode
[   60.398453] pimreg: entered allmulticast mode
[   60.426626] pimreg: entered allmulticast mode
[   60.450317] pimreg: entered allmulticast mode
[   60.486612] pimreg: entered allmulticast mode
[   60.491415] pimreg: left allmulticast mode
[   60.491775] pimreg: left allmulticast mode
[   60.492037] pimreg: left allmulticast mode
[   60.492361] pimreg: left allmulticast mode
[   60.492662] pimreg: left allmulticast mode
[   60.492959] pimreg: left allmulticast mode
[   60.493260] pimreg: left allmulticast mode
[   60.493548] pimreg: left allmulticast mode
[   60.514367] pimreg: entered allmulticast mode
[   60.535377] pimreg: entered allmulticast mode
[   60.548599] pimreg: entered allmulticast mode
[   60.571599] pimreg: entered allmulticast mode
[   60.586439] pimreg: entered allmulticast mode
[   60.606406] pimreg: entered allmulticast mode
[   60.634696] pimreg: entered allmulticast mode
[   60.658715] pimreg: entered allmulticast mode
[   60.682549] pimreg: entered allmulticast mode
[   60.686696] pimreg: left allmulticast mode
[   60.687039] pimreg: left allmulticast mode
[   60.687323] pimreg: left allmulticast mode
[   60.687578] pimreg: left allmulticast mode
[   60.687827] pimreg: left allmulticast mode
[   60.688578] pimreg: left allmulticast mode
[   60.688862] pimreg: left allmulticast mode
[   60.689112] pimreg: left allmulticast mode
[   60.689423] pimreg: left allmulticast mode
[   60.689782] pimreg: left allmulticast mode
[   60.706302] pimreg: entered allmulticast mode
[   60.736256] pimreg: entered allmulticast mode
[   60.754998] pimreg: entered allmulticast mode
[   60.779002] pimreg: entered allmulticast mode
[   60.798681] pimreg: entered allmulticast mode
[   60.818846] pimreg: entered allmulticast mode
[   60.842704] pimreg: entered allmulticast mode
[   60.862157] pimreg: entered allmulticast mode
[   60.882638] pimreg: entered allmulticast mode
[   60.904256] pimreg: entered allmulticast mode
[   60.904636] pimreg: left allmulticast mode
[   60.905023] pimreg: left allmulticast mode
[   60.905352] pimreg: left allmulticast mode
[   60.906030] pimreg: left allmulticast mode
[   60.906367] pimreg: left allmulticast mode
[   60.907127] pimreg: left allmulticast mode
[   60.907487] pimreg: left allmulticast mode
[   60.907797] pimreg: left allmulticast mode
[   60.908093] pimreg: left allmulticast mode
[   60.922675] pimreg: entered allmulticast mode
[   60.943640] pimreg: entered allmulticast mode
[   60.961598] pimreg: entered allmulticast mode
[   60.982607] pimreg: entered allmulticast mode
[   61.018031] pimreg: entered allmulticast mode
[   61.042480] pimreg: entered allmulticast mode
[   61.074637] pimreg: entered allmulticast mode
[   61.098304] pimreg: entered allmulticast mode
[   61.126877] pimreg: entered allmulticast mode
[   61.146601] pimreg: left allmulticast mode
[   61.147116] pimreg: left allmulticast mode
[   61.147407] pimreg: left allmulticast mode
[   61.147671] pimreg: left allmulticast mode
[   61.147921] pimreg: left allmulticast mode
[   61.148199] pimreg: left allmulticast mode
[   61.148464] pimreg: left allmulticast mode
[   61.148731] pimreg: left allmulticast mode
[   61.148989] pimreg: left allmulticast mode
[   61.149302] pimreg: left allmulticast mode
[   61.165111] pimreg: entered allmulticast mode
[   61.194867] pimreg: entered allmulticast mode
[   61.216403] pimreg: entered allmulticast mode
[   61.238604] pimreg: entered allmulticast mode
[   61.262434] pimreg: entered allmulticast mode
[   61.286627] pimreg: entered allmulticast mode
[   61.306467] pimreg: entered allmulticast mode
[   61.330669] pimreg: entered allmulticast mode
[   61.354590] pimreg: entered allmulticast mode
[   61.381391] pimreg: entered allmulticast mode
[   61.394527] pimreg: left allmulticast mode
[   61.394827] pimreg: left allmulticast mode
[   61.395083] pimreg: left allmulticast mode
[   61.395340] pimreg: left allmulticast mode
[   61.395622] pimreg: left allmulticast mode
[   61.395924] pimreg: left allmulticast mode
[   61.396213] pimreg: left allmulticast mode
[   61.396877] pimreg: left allmulticast mode
[   61.397242] pimreg: left allmulticast mode
[   61.397536] pimreg: left allmulticast mode
