c[?7l[2J[0mSeaBIOS (version rel-1.16.3-0-ga6ed6b701f0a-prebuilt.qemu.org)


iPXE (http://ipxe.org) 00:03.0 CA00 PCI2.10 PnP PMM+7EFD0D60+7EF30D60 CA00
Press Ctrl-B to configure iPXE (PCI 00:03.0)...                                                                               


Booting from ROM...
c[?7l[2J[    0.000000] Linux version 7.1.0-rc2-7ca672302aa5+ (root@gnr-800442) (gcc (GCC) 11.5.0 20240719 (Red Hat 11.5.0-14), GNU ld version 2.35.2-66.el9) #1 SMP PREEMPT_DYNAMIC Wed May  6 10:21:18 CST 2026
[    0.000000] Command line: console=ttyS0 root=/dev/sda earlyprintk=serial net.ifnames=0 thunderbolt.dyndbg
[    0.000000] KERNEL supported cpus:
[    0.000000]   Intel GenuineIntel
[    0.000000]   AMD AuthenticAMD
[    0.000000]   Hygon HygonGenuine
[    0.000000]   Centaur CentaurHauls
[    0.000000]   zhaoxin   Shanghai  
[    0.000000] x86/CPU: Model not found in latest microcode list
[    0.000000] x86/split lock detection: #DB: warning on user-space bus_locks
[    0.000000] BIOS-provided physical RAM map:
[    0.000000] BIOS-e820: [mem 0x0000000000000000-0x000000000009fbff]  System RAM
[    0.000000] BIOS-e820: [mem 0x000000000009fc00-0x000000000009ffff]  device reserved
[    0.000000] BIOS-e820: [gap 0x00000000000a0000-0x00000000000effff]
[    0.000000] BIOS-e820: [mem 0x00000000000f0000-0x00000000000fffff]  device reserved
[    0.000000] BIOS-e820: [mem 0x0000000000100000-0x000000007ffdffff]  System RAM
[    0.000000] BIOS-e820: [mem 0x000000007ffe0000-0x000000007fffffff]  device reserved
[    0.000000] BIOS-e820: [gap 0x0000000080000000-0x00000000feffbfff]
[    0.000000] BIOS-e820: [mem 0x00000000feffc000-0x00000000feffffff]  device reserved
[    0.000000] BIOS-e820: [gap 0x00000000ff000000-0x00000000fffbffff]
[    0.000000] BIOS-e820: [mem 0x00000000fffc0000-0x00000000ffffffff]  device reserved
[    0.000000] printk: legacy bootconsole [earlyser0] enabled
[    0.000000] NX (Execute Disable) protection: active
[    0.000000] APIC: Static calls initialized
[    0.000000] DMI: SMBIOS 3.0.0 present.
[    0.000000] DMI: QEMU Standard PC (i440FX + PIIX, 1996), BIOS rel-1.16.3-0-ga6ed6b701f0a-prebuilt.qemu.org 04/01/2014
[    0.000000] DMI: Memory slots populated: 1/1
[    0.000000] Hypervisor detected: KVM
[    0.000000] last_pfn = 0x7ffe0 max_arch_pfn = 0x10000000000
[    0.000000] kvm-clock: Using msrs 4b564d01 and 4b564d00
[    0.000003] kvm-clock: using sched offset of 752765404 cycles
[    0.000524] clocksource: kvm-clock: mask: 0xffffffffffffffff max_cycles: 0x1cd42e4dffb, max_idle_ns: 881590591483 ns
[    0.002121] tsc: Detected 2500.000 MHz processor
[    0.009848] last_pfn = 0x7ffe0 max_arch_pfn = 0x10000000000
[    0.010402] MTRR map: 4 entries (3 fixed + 1 variable; max 19), built from 8 variable MTRRs
[    0.011237] x86/PAT: Configuration [0-7]: WB  WC  UC- UC  WB  WP  UC- WT  
[    0.016761] found SMP MP-table at [mem 0x000f5480-0x000f548f]
[    0.017328] Using GB pages for direct mapping
[    0.019708] ACPI: Early table checksum verification disabled
[    0.020249] ACPI: RSDP 0x00000000000F52A0 000014 (v00 BOCHS )
[    0.020830] ACPI: RSDT 0x000000007FFE1C9B 000034 (v01 BOCHS  BXPC     00000001 BXPC 00000001)
[    0.021653] ACPI: FACP 0x000000007FFE1B47 000074 (v01 BOCHS  BXPC     00000001 BXPC 00000001)
[    0.022478] ACPI: DSDT 0x000000007FFE0040 001B07 (v01 BOCHS  BXPC     00000001 BXPC 00000001)
[    0.023303] ACPI: FACS 0x000000007FFE0000 000040
[    0.023754] ACPI: APIC 0x000000007FFE1BBB 000080 (v03 BOCHS  BXPC     00000001 BXPC 00000001)
[    0.024586] ACPI: HPET 0x000000007FFE1C3B 000038 (v01 BOCHS  BXPC     00000001 BXPC 00000001)
[    0.025415] ACPI: WAET 0x000000007FFE1C73 000028 (v01 BOCHS  BXPC     00000001 BXPC 00000001)
[    0.026232] ACPI: Reserving FACP table memory at [mem 0x7ffe1b47-0x7ffe1bba]
[    0.026918] ACPI: Reserving DSDT table memory at [mem 0x7ffe0040-0x7ffe1b46]
[    0.027602] ACPI: Reserving FACS table memory at [mem 0x7ffe0000-0x7ffe003f]
[    0.028280] ACPI: Reserving APIC table memory at [mem 0x7ffe1bbb-0x7ffe1c3a]
[    0.028950] ACPI: Reserving HPET table memory at [mem 0x7ffe1c3b-0x7ffe1c72]
[    0.029624] ACPI: Reserving WAET table memory at [mem 0x7ffe1c73-0x7ffe1c9a]
[    0.030833] No NUMA configuration found
[    0.031203] Faking a node at [mem 0x0000000000000000-0x000000007ffdffff]
[    0.031872] NODE_DATA(0) allocated [mem 0x7ffb4bc0-0x7ffdfcbf]
[    0.103616] KernelAddressSanitizer initialized (generic)
[    0.104456] ACPI: PM-Timer IO Port: 0x608
[    0.104874] ACPI: LAPIC_NMI (acpi_id[0xff] dfl dfl lint[0x1])
[    0.105508] IOAPIC[0]: apic_id 0, version 17, address 0xfec00000, GSI 0-23
[    0.106190] ACPI: INT_SRC_OVR (bus 0 bus_irq 0 global_irq 2 dfl dfl)
[    0.106832] ACPI: INT_SRC_OVR (bus 0 bus_irq 5 global_irq 5 high level)
[    0.107491] ACPI: INT_SRC_OVR (bus 0 bus_irq 9 global_irq 9 high level)
[    0.108143] ACPI: INT_SRC_OVR (bus 0 bus_irq 10 global_irq 10 high level)
[    0.108830] ACPI: INT_SRC_OVR (bus 0 bus_irq 11 global_irq 11 high level)
[    0.109503] ACPI: Using ACPI (MADT) for SMP configuration information
[    0.110115] ACPI: HPET id: 0x8086a201 base: 0xfed00000
[    0.110627] TSC deadline timer available
[    0.111006] CPU topo: Max. logical packages:   1
[    0.111447] CPU topo: Max. logical nodes:      1
[    0.111896] CPU topo: Num. nodes per package:  1
[    0.112347] CPU topo: Max. logical dies:       1
[    0.112801] CPU topo: Max. dies per package:   1
[    0.113251] CPU topo: Max. threads per core:   1
[    0.113688] CPU topo: Num. cores per package:     2
[    0.114153] CPU topo: Num. threads per package:   2
[    0.114631] CPU topo: Allowing 2 present CPUs plus 0 hotplug CPUs
[    0.115267] kvm-guest: APIC: eoi() replaced with kvm_guest_apic_eoi_write()
[    0.115957] kvm-guest: KVM setup pv remote TLB flush
[    0.116444] kvm-guest: setup PV sched yield
[    0.116882] PM: hibernation: Registered nosave memory: [mem 0x00000000-0x00000fff]
[    0.117607] PM: hibernation: Registered nosave memory: [mem 0x0009f000-0x000fffff]
[    0.118331] [gap 0x80000000-0xfeffbfff] available for PCI devices
[    0.118908] Booting paravirtualized kernel on KVM
[    0.119371] clocksource: refined-jiffies: mask: 0xffffffff max_cycles: 0xffffffff, max_idle_ns: 7645519600211568 ns
[    0.121044] Zone ranges:
[    0.121347]   DMA      [mem 0x0000000000001000-0x0000000000ffffff]
[    0.121951]   DMA32    [mem 0x0000000001000000-0x000000007ffdffff]
[    0.122552]   Normal   empty
[    0.122832]   Device   empty
[    0.123116] Movable zone start for each node
[    0.123549] Early memory node ranges
[    0.123889]   node   0: [mem 0x0000000000001000-0x000000000009efff]
[    0.124499]   node   0: [mem 0x0000000000100000-0x000000007ffdffff]
[    0.125092] Initmem setup node 0 [mem 0x0000000000001000-0x000000007ffdffff]
[    0.126112] On node 0, zone DMA: 1 pages in unavailable ranges
[    0.126909] On node 0, zone DMA: 97 pages in unavailable ranges
[    0.154730] On node 0, zone DMA32: 32 pages in unavailable ranges
[    0.155368] setup_percpu: NR_CPUS:8192 nr_cpumask_bits:2 nr_cpu_ids:2 nr_node_ids:1
[    0.156753] percpu: Embedded 81 pages/cpu s294912 r8192 d28672 u1048576
[    0.157648] kvm-guest: PV spinlocks enabled
[    0.158081] PV qspinlock hash table entries: 256 (order: 0, 4096 bytes, linear)
[    0.158817] Kernel command line: net.ifnames=0 console=ttyS0 root=/dev/sda earlyprintk=serial net.ifnames=0 thunderbolt.dyndbg
[    0.160231] random: crng init done
[    0.160566] printk: log buffer data + meta data: 262144 + 1114112 = 1376256 bytes
[    0.161835] Dentry cache hash table entries: 262144 (order: 9, 2097152 bytes, linear)
[    0.163113] Inode-cache hash table entries: 131072 (order: 8, 1048576 bytes, linear)
[    0.164194] Fallback order for Node 0: 0 
[    0.164207] Built 1 zonelists, mobility grouping on.  Total pages: 524158
[    0.165224] Policy zone: DMA32
[    0.165524] mem auto-init: stack:off, heap alloc:off, heap free:off
[    0.166111] stackdepot: allocating hash table via alloc_large_system_hash
[    0.166755] stackdepot hash table entries: 1048576 (order: 12, 16777216 bytes, linear)
[    0.171661] stackdepot: allocating space for 8192 stack pools via memblock
[    0.220563] SLUB: HWalign=64, Order=0-3, MinObjects=0, CPUs=2, Nodes=1
[    0.221201] kmemleak: Kernel memory leak detector disabled
[    0.260327] ftrace: allocating 76262 entries in 300 pages
[    0.260807] ftrace: allocated 300 pages with 4 groups
[    0.263995] Dynamic Preempt: lazy
[    0.264869] Running RCU self tests
[    0.265174] Running RCU synchronous self tests
[    0.265579] rcu: Preemptible hierarchical RCU implementation.
[    0.266086] rcu: 	RCU lockdep checking is enabled.
[    0.266516] rcu: 	RCU restricting CPUs from NR_CPUS=8192 to nr_cpu_ids=2.
[    0.267118] 	Trampoline variant of Tasks RCU enabled.
[    0.267574] 	Rude variant of Tasks RCU enabled.
[    0.267974] 	Tracing variant of Tasks RCU enabled.
[    0.268403] rcu: RCU calculated value of scheduler-enlistment delay is 25 jiffies.
[    0.269069] rcu: Adjusting geometry for rcu_fanout_leaf=16, nr_cpu_ids=2
[    0.269750] Running RCU synchronous self tests
[    0.270155] RCU Tasks: Setting shift to 1 and lim to 1 rcu_task_cb_adjust=1 rcu_task_cpu_ids=2.
[    0.270942] RCU Tasks Rude: Setting shift to 1 and lim to 1 rcu_task_cb_adjust=1 rcu_task_cpu_ids=2.
[    0.344416] NR_IRQS: 524544, nr_irqs: 440, preallocated irqs: 16
[    0.345652] rcu: srcu_init: Setting srcu_struct sizes based on contention.
[    0.354793] Console: colour VGA+ 80x25
[    0.355207] printk: legacy console [ttyS0] enabled
[    0.355207] printk: legacy console [ttyS0] enabled
[    0.356120] printk: legacy bootconsole [earlyser0] disabled
[    0.356120] printk: legacy bootconsole [earlyser0] disabled
[    0.357208] Lock dependency validator: Copyright (c) 2006 Red Hat, Inc., Ingo Molnar
[    0.357953] ... MAX_LOCKDEP_SUBCLASSES:  8
[    0.358353] ... MAX_LOCK_DEPTH:          48
[    0.358765] ... MAX_LOCKDEP_KEYS:        8192
[    0.359188] ... CLASSHASH_SIZE:          4096
[    0.359628] ... MAX_LOCKDEP_ENTRIES:     32768
[    0.360069] ... MAX_LOCKDEP_CHAINS:      65536
[    0.360508] ... CHAINHASH_SIZE:          32768
[    0.360948]  memory used by lock dependency info: 6429 kB
[    0.361482]  memory used for stack traces: 16896 kB
[    0.361954]  per task-struct memory footprint: 1920 bytes
[    0.362598] ACPI: Core revision 20251212
[    0.363496] clocksource: hpet: mask: 0xffffffff max_cycles: 0xffffffff, max_idle_ns: 19112604467 ns
[    0.364582] APIC: Switch to symmetric I/O mode setup
[    0.365524] x2apic enabled
[    0.366210] APIC: Switched APIC routing to: physical x2apic
[    0.366762] kvm-guest: APIC: send_IPI_mask() replaced with kvm_send_ipi_mask()
[    0.367540] kvm-guest: APIC: send_IPI_mask_allbutself() replaced with kvm_send_ipi_mask_allbutself()
[    0.368418] kvm-guest: setup PV IPIs
[    0.370107] ..TIMER: vector=0x30 apic1=0 pin1=2 apic2=-1 pin2=-1
[    0.370727] clocksource: tsc-early: mask: 0xffffffffffffffff max_cycles: 0x240939f1bb2, max_idle_ns: 440795263295 ns
[    0.371746] Calibrating delay loop (skipped) preset value.. 5000.00 BogoMIPS (lpj=10000000)
[    0.375817] x86/cpu: User Mode Instruction Prevention (UMIP) activated
[    0.376564] Last level iTLB entries: 4KB 0, 2MB 0, 4MB 0
[    0.377078] Last level dTLB entries: 4KB 0, 2MB 0, 4MB 0, 1GB 0
[    0.377681] mitigations: Enabled attack vectors: user_kernel, user_user, guest_host, guest_guest, SMT mitigations: auto
[    0.378734] Speculative Store Bypass: Mitigation: Speculative Store Bypass disabled via prctl
[    0.379559] Spectre V2 : Mitigation: Enhanced / Automatic IBRS
[    0.379758] ITS: Mitigation: Aligned branch/return thunks
[    0.380296] Spectre V1 : Mitigation: usercopy/swapgs barriers and __user pointer sanitization
[    0.381122] Spectre V2 : WARNING: Unprivileged eBPF is enabled with eIBRS on, data leaks possible via Spectre v2 BHB attacks!
[    0.382201] Spectre V2 : Spectre v2 / PBRSB-eIBRS: Retire a single CALL on VMEXIT
[    0.382900] Spectre V2 : mitigation: Enabling conditional Indirect Branch Prediction Barrier
[    0.383748] active return thunk: its_return_thunk
[    0.384226] Spectre V2 : Spectre BHI mitigation: SW BHB clearing on syscall and VM exit
[    0.385027] x86/fpu: Supporting XSAVE feature 0x001: 'x87 floating point registers'
[    0.385757] x86/fpu: Supporting XSAVE feature 0x002: 'SSE registers'
[    0.386356] x86/fpu: Supporting XSAVE feature 0x004: 'AVX registers'
[    0.386956] x86/fpu: Supporting XSAVE feature 0x020: 'AVX-512 opmask'
[    0.387742] x86/fpu: Supporting XSAVE feature 0x040: 'AVX-512 Hi256'
[    0.388346] x86/fpu: Supporting XSAVE feature 0x080: 'AVX-512 ZMM_Hi256'
[    0.388972] x86/fpu: Supporting XSAVE feature 0x200: 'Protection Keys User registers'
[    0.389699] x86/fpu: Supporting XSAVE feature 0x20000: 'AMX Tile config'
[    0.390337] x86/fpu: Supporting XSAVE feature 0x40000: 'AMX Tile data'
[    0.390954] x86/fpu: xstate_offset[2]:  576, xstate_sizes[2]:  256
[    0.391745] x86/fpu: xstate_offset[5]:  832, xstate_sizes[5]:   64
[    0.392375] x86/fpu: xstate_offset[6]:  896, xstate_sizes[6]:  512
[    0.392988] x86/fpu: xstate_offset[7]: 1408, xstate_sizes[7]: 1024
[    0.393588] x86/fpu: xstate_offset[9]: 2432, xstate_sizes[9]:    8
[    0.394195] x86/fpu: xstate_offset[17]: 2496, xstate_sizes[17]:   64
[    0.394811] x86/fpu: xstate_offset[18]: 2560, xstate_sizes[18]: 8192
[    0.395742] x86/fpu: Enabled xstate features 0x602e7, context size is 10752 bytes, using 'compacted' format.
[    0.559964] pid_max: default: 32768 minimum: 301
[    0.560914] Yama: becoming mindful.
[    0.561765] Mount-cache hash table entries: 4096 (order: 3, 32768 bytes, linear)
[    0.562511] Mountpoint-cache hash table entries: 4096 (order: 3, 32768 bytes, linear)
[    0.563915] VFS: Finished mounting rootfs on nullfs
[    0.565761] Running RCU synchronous self tests
[    0.566202] Running RCU synchronous self tests
[    0.567028] smpboot: CPU0: Intel GENUINE INTEL(R) XEON(R) (family: 0x6, model: 0xad, stepping: 0x0)
[    0.567730] Performance Events: PEBS fmt0-, Granite Rapids events, 
[    0.567730] core: The event 0x400 is not supported as a normal event.
[    0.567730] core: The event 0x8000 is not supported as a normal event.
[    0.567730] core: The event 0x8100 is not supported as a normal event.
[    0.567750] core: The event 0x8200 is not supported as a normal event.
[    0.568381] core: The event 0x8300 is not supported as a normal event.
[    0.569029] core: The event 0x8400 is not supported as a normal event.
[    0.569667] core: The event 0x8500 is not supported as a normal event.
[    0.570298] core: The event 0x8600 is not supported as a normal event.
[    0.570934] core: The event 0x8700 is not supported as a normal event.
[    0.571595] full-width counters, Intel PMU driver.
[    0.571743] ... version:                   2
[    0.572153] ... bit width:                 48
[    0.572588] ... generic counters:          8
[    0.573009] ... generic bitmap:            00000000000000ff
[    0.573550] ... fixed-purpose counters:    3
[    0.573971] ... fixed-purpose bitmap:      0000000000000007
[    0.574519] ... value mask:                0000ffffffffffff
[    0.575065] ... max period:                00007fffffffffff
[    0.575615] ... global_ctrl mask:          00000007000000ff
[    0.576269] signal: max sigframe size: 11952
[    0.576852] rcu: Hierarchical SRCU implementation.
[    0.577322] rcu: 	Max phase no-delay instances is 1000.
[    0.578053] Timer migration: 1 hierarchy levels; 8 children per group; 1 crossnode level
[    0.601001] smp: Bringing up secondary CPUs ...
[    0.602087] smpboot: x86: Booting SMP configuration:
[    0.602611] .... node  #0, CPUs:      #1
[    0.603949] smp: Brought up 1 node, 2 CPUs
[    0.604828] smpboot: Total of 2 processors activated (10000.00 BogoMIPS)
[    0.606427] Memory: 1572568K/2096632K available (81923K kernel code, 15892K rwdata, 19564K rodata, 16684K init, 34596K bss, 511688K reserved, 0K cma-reserved)
[    0.608812] devtmpfs: initialized
[    0.609015] x86/mm: Memory block size: 128MB
[    0.622568] Running RCU synchronous self tests
[    0.622568] Running RCU synchronous self tests
[    0.623871] Running RCU Tasks wait API self tests
[    0.624334] Running RCU Tasks Rude wait API self tests
[    0.624334] Running RCU Tasks Trace wait API self tests
[    0.627893] clocksource: jiffies: mask: 0xffffffff max_cycles: 0xffffffff, max_idle_ns: 7645041785100000 ns
[    0.628930] posixtimers hash table entries: 1024 (order: 5, 73728 bytes, linear)
[    0.629716] futex hash table entries: 512 (65536 bytes on 1 NUMA nodes, total 64 KiB, linear).
[    0.632721] 
[    0.632898] *************************************************************
[    0.633557] **     NOTICE NOTICE NOTICE NOTICE NOTICE NOTICE NOTICE    **
[    0.634219] **                                                         **
[    0.634870] **  IOMMU DebugFS SUPPORT HAS BEEN ENABLED IN THIS KERNEL  **
[    0.635527] **                                                         **
[    0.635764] ** This means that this kernel is built to expose internal **
[    0.636421] ** IOMMU data structures, which may compromise security on **
[    0.637080] ** your system.                                            **
[    0.637743] **                                                         **
[    0.638387] ** If you see this message and you are not debugging the   **
[    0.639039] ** kernel, report this immediately to your vendor!         **
[    0.639695] **                                                         **
[    0.639765] **     NOTICE NOTICE NOTICE NOTICE NOTICE NOTICE NOTICE    **
[    0.640456] *************************************************************
[    0.641210] PM: RTC time: 02:22:40, date: 2026-05-06
[    0.644381] NET: Registered PF_NETLINK/PF_ROUTE protocol family
[    0.646761] DMA: preallocated 256 KiB GFP_KERNEL|GFP_DMA pool for atomic allocations
[    0.647562] DMA: preallocated 256 KiB GFP_KERNEL|GFP_DMA32 pool for atomic allocations
[    0.647861] audit: initializing netlink subsys (disabled)
[    0.648447] audit: type=2000 audit(1778034161.378:1): state=initialized audit_enabled=0 res=1
[    0.648827] thermal_sys: Registered thermal governor 'fair_share'
[    0.648840] thermal_sys: Registered thermal governor 'bang_bang'
[    0.649529] thermal_sys: Registered thermal governor 'step_wise'
[    0.650145] thermal_sys: Registered thermal governor 'user_space'
[    0.651765] cpuidle: using governor ladder
[    0.652158] cpuidle: using governor menu
[    0.652646] Freeing SMP alternatives memory: 64K
[    0.655806] Callback from call_rcu_tasks_trace() invoked.
[    0.653927] acpiphp: ACPI Hot Plug PCI Controller Driver version: 0.5
[    0.656945] PCI: Using configuration type 1 for base access
[    0.657701] virt/tdx: TDX not supported by the host platform
[    0.660048] kprobes: kprobe jump-optimization is enabled. All kprobes are optimized if possible.
[    0.667862] HugeTLB: registered 1.00 GiB page size, pre-allocated 0 pages
[    0.668556] HugeTLB: 16380 KiB vmemmap can be freed for a 1.00 GiB page
[    0.669202] HugeTLB: registered 2.00 MiB page size, pre-allocated 0 pages
[    0.669865] HugeTLB: 28 KiB vmemmap can be freed for a 2.00 MiB page
[    0.714442] ACPI: Added _OSI(Module Device)
[    0.714882] ACPI: Added _OSI(Processor Device)
[    0.715331] ACPI: Added _OSI(Processor Aggregator Device)
[    0.761093] ACPI: 1 ACPI AML tables successfully acquired and loaded
[    0.787096] ACPI: \_SB_: platform _OSC: OS support mask [002e7eff]
[    0.790512] ACPI: Interpreter enabled
[    0.791044] ACPI: PM: (supports S0 S3 S4 S5)
[    0.791477] ACPI: Using IOAPIC for interrupt routing
[    0.791856] PCI: Using host bridge windows from ACPI; if necessary, use "pci=nocrs" and report a bug
[    0.792745] PCI: Using E820 reservations for host bridge windows
[    0.794657] ACPI: Enabled 2 GPEs in block 00 to 0F
[    0.838551] ACPI: PCI Root Bridge [PCI0] (domain 0000 [bus 00-ff])
[    0.839185] acpi PNP0A03:00: _OSC: OS supports [ASPM ClockPM Segments MSI EDR HPX-Type3]
[    0.839740] acpi PNP0A03:00: _OSC: not requesting OS control; OS requires [ExtendedConfig ASPM ClockPM MSI]
[    0.840724] acpi PNP0A03:00: _OSC: platform retains control of PCIe features (AE_ERROR)
[    0.841601] acpi PNP0A03:00: fail to add MMCONFIG information, can't access extended configuration space under this bridge
[    0.848423] acpiphp: Slot [3] registered
[    0.848948] acpiphp: Slot [4] registered
[    0.849485] acpiphp: Slot [5] registered
[    0.850015] acpiphp: Slot [6] registered
[    0.850544] acpiphp: Slot [7] registered
[    0.851080] acpiphp: Slot [8] registered
[    0.851597] acpiphp: Slot [9] registered
[    0.851934] acpiphp: Slot [10] registered
[    0.852466] acpiphp: Slot [11] registered
[    0.853008] acpiphp: Slot [12] registered
[    0.853536] acpiphp: Slot [13] registered
[    0.854075] acpiphp: Slot [14] registered
[    0.854598] acpiphp: Slot [15] registered
[    0.855128] acpiphp: Slot [16] registered
[    0.855652] acpiphp: Slot [17] registered
[    0.855876] acpiphp: Slot [18] registered
[    0.856396] acpiphp: Slot [19] registered
[    0.856937] acpiphp: Slot [20] registered
[    0.857460] acpiphp: Slot [21] registered
[    0.857978] acpiphp: Slot [22] registered
[    0.858508] acpiphp: Slot [23] registered
[    0.859032] acpiphp: Slot [24] registered
[    0.859574] acpiphp: Slot [25] registered
[    0.859878] acpiphp: Slot [26] registered
[    0.860414] acpiphp: Slot [27] registered
[    0.860943] acpiphp: Slot [28] registered
[    0.861472] acpiphp: Slot [29] registered
[    0.862002] acpiphp: Slot [30] registered
[    0.862527] acpiphp: Slot [31] registered
[    0.862979] PCI host bridge to bus 0000:00
[    0.863439] pci_bus 0000:00: root bus resource [io  0x0000-0x0cf7 window]
[    0.863738] pci_bus 0000:00: root bus resource [io  0x0d00-0xffff window]
[    0.864378] pci_bus 0000:00: root bus resource [mem 0x000a0000-0x000bffff window]
[    0.865081] pci_bus 0000:00: root bus resource [mem 0x80000000-0xfebfffff window]
[    0.865789] pci_bus 0000:00: root bus resource [mem 0x100000000-0x17fffffff window]
[    0.866513] pci_bus 0000:00: root bus resource [bus 00-ff]
[    0.867153] pci 0000:00:00.0: [8086:1237] type 00 class 0x060000 conventional PCI endpoint
[    0.869422] pci 0000:00:01.0: [8086:7000] type 00 class 0x060100 conventional PCI endpoint
[    0.871640] pci 0000:00:01.1: [8086:7010] type 00 class 0x010180 conventional PCI endpoint
[    0.872322] pci 0000:00:01.1: BAR 4 [io  0xc040-0xc04f]
[    0.872861] pci 0000:00:01.1: BAR 0 [io  0x01f0-0x01f7]: legacy IDE quirk
[    0.873515] pci 0000:00:01.1: BAR 1 [io  0x03f6]: legacy IDE quirk
[    0.874111] pci 0000:00:01.1: BAR 2 [io  0x0170-0x0177]: legacy IDE quirk
[    0.874745] pci 0000:00:01.1: BAR 3 [io  0x0376]: legacy IDE quirk
[    0.876566] pci 0000:00:01.3: [8086:7113] type 00 class 0x068000 conventional PCI endpoint
[    0.877635] pci 0000:00:01.3: quirk: [io  0x0600-0x063f] claimed by PIIX4 ACPI
[    0.878325] pci 0000:00:01.3: quirk: [io  0x0700-0x070f] claimed by PIIX4 SMB
[    0.880162] pci 0000:00:02.0: [1234:1111] type 00 class 0x030000 conventional PCI endpoint
[    0.885625] pci 0000:00:02.0: BAR 0 [mem 0xfd000000-0xfdffffff pref]
[    0.886286] pci 0000:00:02.0: BAR 2 [mem 0xfebf0000-0xfebf0fff]
[    0.886884] pci 0000:00:02.0: ROM [mem 0xfebe0000-0xfebeffff pref]
[    0.887625] pci 0000:00:02.0: Video device with shadowed ROM at [mem 0x000c0000-0x000dffff]
[    0.889081] pci 0000:00:03.0: [8086:100e] type 00 class 0x020000 conventional PCI endpoint
[    0.892294] pci 0000:00:03.0: BAR 0 [mem 0xfebc0000-0xfebdffff]
[    0.892916] pci 0000:00:03.0: BAR 1 [io  0xc000-0xc03f]
[    0.893471] pci 0000:00:03.0: ROM [mem 0xfeb80000-0xfebbffff pref]
[    0.919399] ACPI: PCI: Interrupt link LNKA configured for IRQ 10
[    0.920782] ACPI: PCI: Interrupt link LNKB configured for IRQ 10
[    0.922326] ACPI: PCI: Interrupt link LNKC configured for IRQ 11
[    0.923868] ACPI: PCI: Interrupt link LNKD configured for IRQ 11
[    0.924863] ACPI: PCI: Interrupt link LNKS configured for IRQ 9
[    0.931826] iommu: Default domain type: Translated
[    0.932336] iommu: DMA domain TLB invalidation policy: lazy mode
[    0.938171] SCSI subsystem initialized
[    0.939122] ACPI: bus type USB registered
[    0.939711] usbcore: registered new interface driver usbfs
[    0.939846] usbcore: registered new interface driver hub
[    0.940440] usbcore: registered new device driver usb
[    0.941299] pps_core: LinuxPPS API ver. 1 registered
[    0.941785] pps_core: Software ver. 5.3.6 - Copyright 2005-2007 Rodolfo Giometti <giometti@linux.it>
[    0.942687] PTP clock support registered
[    0.943829] EDAC MC: Ver: 3.0.0
[    0.950097] NetLabel: Initializing
[    0.950471] NetLabel:  domain hash size = 128
[    0.950902] NetLabel:  protocols = UNLABELED CIPSOv4 CALIPSO
[    0.951590] NetLabel:  unlabeled traffic allowed by default
[    0.952033] PCI: Using ACPI for IRQ routing
[    0.952504] e820: register RAM buffer resource [mem 0x0009fc00-0x0009ffff]
[    0.955805] e820: register RAM buffer resource [mem 0x7ffe0000-0x7fffffff]
[    0.956912] pci 0000:00:02.0: vgaarb: setting as boot VGA device
[    0.957528] pci 0000:00:02.0: vgaarb: bridge control possible
[    0.958093] pci 0000:00:02.0: vgaarb: VGA device added: decodes=io+mem,owns=io+mem,locks=none
[    0.958922] vgaarb: loaded
[    0.959691] hpet0: at MMIO 0xfed00000, IRQs 2, 8, 0
[    0.959754] hpet0: 3 comparators, 64-bit 100.000000 MHz counter
[    0.962848] clocksource: Switched to clocksource kvm-clock
[    0.964016] VFS: Disk quotas dquot_6.6.0
[    0.964496] VFS: Dquot-cache hash table entries: 512 (order 0, 4096 bytes)
[    0.968268] pnp: PnP ACPI init
[    0.972770] pnp: PnP ACPI: found 5 devices
[    0.993702] clocksource: acpi_pm: mask: 0xffffff max_cycles: 0xffffff, max_idle_ns: 2085701024 ns
[    0.995120] NET: Registered PF_INET protocol family
[    0.996068] IP idents hash table entries: 32768 (order: 6, 262144 bytes, linear)
[    0.998624] tcp_listen_portaddr_hash hash table entries: 1024 (order: 5, 73728 bytes, linear)
[    0.999527] Table-perturb hash table entries: 65536 (order: 6, 262144 bytes, linear)
[    1.000371] TCP established hash table entries: 16384 (order: 5, 131072 bytes, linear)
[    1.001476] TCP bind hash table entries: 16384 (order: 10, 2359296 bytes, linear)
[    1.003474] TCP: Hash tables configured (established 16384 bind 16384)
[    1.004646] UDP hash table entries: 1024 (order: 6, 262144 bytes, linear)
[    1.005787] NET: Registered PF_UNIX/PF_LOCAL protocol family
[    1.007488] RPC: Registered named UNIX socket transport module.
[    1.008110] RPC: Registered udp transport module.
[    1.008609] RPC: Registered tcp transport module.
[    1.009072] RPC: Registered tcp-with-tls transport module.
[    1.009623] RPC: Registered tcp NFSv4.1 backchannel transport module.
[    1.010276] pci_bus 0000:00: resource 4 [io  0x0000-0x0cf7 window]
[    1.010884] pci_bus 0000:00: resource 5 [io  0x0d00-0xffff window]
[    1.011486] pci_bus 0000:00: resource 6 [mem 0x000a0000-0x000bffff window]
[    1.012163] pci_bus 0000:00: resource 7 [mem 0x80000000-0xfebfffff window]
[    1.012839] pci_bus 0000:00: resource 8 [mem 0x100000000-0x17fffffff window]
[    1.013924] pci 0000:00:01.0: PIIX3: Enabling Passive Release
[    1.014495] pci 0000:00:00.0: Limiting direct PCI/PCI transfers
[    1.015162] PCI: CLS 0 bytes, default 64
[    1.015657] ACPI: bus type thunderbolt registered
[    1.016523] clocksource: tsc: mask: 0xffffffffffffffff max_cycles: 0x240939f1bb2, max_idle_ns: 440795263295 ns
[    1.028982] Initialise system trusted keyrings
[    1.029618] Key type blacklist registered
[    1.031667] workingset: timestamp_bits=36 (anon: 32) max_order=19 bucket_order=0 (anon: 0)
[    1.035106] squashfs: version 4.0 (2009/01/31) Phillip Lougher
[    1.037601] NFS: Registering the id_resolver key type
[    1.038144] Key type id_resolver registered
[    1.038563] Key type id_legacy registered
[    1.039014] nfs4filelayout_init: NFSv4 File Layout Driver Registering...
[    1.039709] nfs4flexfilelayout_init: NFSv4 Flexfile Layout Driver Registering...
[    1.040766] fuse: init (API version 7.45)
[    1.041871] SGI XFS with ACLs, security attributes, realtime, quota, no debug enabled
[    1.045976] 9p: Installing v9fs 9p2000 file system support
[    1.059906] Key type asymmetric registered
[    1.060298] Asymmetric key parser 'x509' registered
[    1.060942] Block layer SCSI generic (bsg) driver version 0.4 loaded (major 241)
[    1.061942] io scheduler mq-deadline registered
[    1.062535] io scheduler bfq registered
[    1.065456] ledtrig-cpu: registered to indicate activity on CPUs
[    1.067747] IPMI message handler: version 39.2
[    1.068283] ipmi device interface
[    1.070753] input: Power Button as /devices/platform/LNXPWRBN:00/input/input0
[    1.071847] ACPI: button: Power Button [PWRF]
[    1.074300] ERST DBG: ERST support is disabled.
[    1.076431] Serial: 8250/16550 driver, 32 ports, IRQ sharing enabled
[    1.078775] 00:04: ttyS0 at I/O 0x3f8 (irq = 4, base_baud = 115200) is a 16550A
[    1.116042] ACPI: bus type drm_connector registered
[    1.144159] brd: module loaded
[    1.161540] loop: module loaded
[    1.174119] scsi host0: ata_piix
[    1.176738] scsi host1: ata_piix
[    1.177630] ata1: PATA max MWDMA2 cmd 0x1f0 ctl 0x3f6 bmdma 0xc040 irq 14 lpm-pol 0
[    1.178334] ata2: PATA max MWDMA2 cmd 0x170 ctl 0x376 bmdma 0xc048 irq 15 lpm-pol 0
[    1.182418] tun: Universal TUN/TAP device driver, 1.6
[    1.183330] e100: Intel(R) PRO/100 Network Driver
[    1.183960] e100: Copyright(c) 1999-2006 Intel Corporation
[    1.184702] e1000: Intel(R) PRO/1000 Network Driver
[    1.185174] e1000: Copyright (c) 1999-2006 Intel Corporation.
[    1.334941] ata1: found unknown device (class 0)
[    1.335991] ata1.00: Model 'QEMU HARDDISK', rev '2.5+', applying quirks: bridgeok
[    1.336757] ata1.00: ATA-7: QEMU HARDDISK, 2.5+, max UDMA/100
[    1.337321] ata1.00: 17196647 sectors, multi 16: LBA48 
[    1.340886] scsi 0:0:0:0: Direct-Access     ATA      QEMU HARDDISK    2.5+ PQ: 0 ANSI: 5
[    1.342918] ata2: found unknown device (class 0)
[    1.343877] ata2.00: ATAPI: QEMU DVD-ROM, 2.5+, max UDMA/100
[    1.345221] sd 0:0:0:0: Attached scsi generic sg0 type 0
[    1.348672] sd 0:0:0:0: [sda] 17196647 512-byte logical blocks: (8.80 GB/8.20 GiB)
[    1.349504] scsi 1:0:0:0: CD-ROM            QEMU     QEMU DVD-ROM     2.5+ PQ: 0 ANSI: 5
[    1.350586] sd 0:0:0:0: [sda] Write Protect is off
[    1.351147] sd 0:0:0:0: [sda] Write cache: enabled, read cache: enabled, doesn't support DPO or FUA
[    1.354682] sd 0:0:0:0: [sda] Preferred minimum I/O size 512 bytes
[    1.374046] scsi 1:0:0:0: Attached scsi generic sg1 type 5
[    1.395172] sd 0:0:0:0: [sda] Attached SCSI disk
[    1.997811] ACPI: \_SB_.LNKC: Enabled at IRQ 11
[    2.313966] e1000 0000:00:03.0 eth0: (PCI:33MHz:32-bit) 52:54:00:12:34:56
[    2.314669] e1000 0000:00:03.0 eth0: Intel(R) PRO/1000 Network Connection
[    2.315537] e1000e: Intel(R) PRO/1000 Network Driver
[    2.316021] e1000e: Copyright(c) 1999 - 2015 Intel Corporation.
[    2.316750] igb: Intel(R) Gigabit Ethernet Network Driver
[    2.317270] igb: Copyright (c) 2007-2014 Intel Corporation.
[    2.318233] PPP generic driver version 2.4.2
[    2.319515] VFIO - User Level meta-driver version: 0.3
[    2.321421] usbcore: registered new interface driver uas
[    2.322084] usbcore: registered new interface driver usb-storage
[    2.322987] i8042: PNP: PS/2 Controller [PNP0303:KBD,PNP0f13:MOU] at 0x60,0x64 irq 1,12
[    2.324815] serio: i8042 KBD port at 0x60,0x64 irq 1
[    2.325366] serio: i8042 AUX port at 0x60,0x64 irq 12
[    2.327202] mousedev: PS/2 mouse device common for all mice
[    2.329228] rtc_cmos PNP0B00:00: RTC can wake from S4
[    2.331871] rtc_cmos PNP0B00:00: registered as rtc0
[    2.332497] rtc_cmos PNP0B00:00: setting system clock to 2026-05-06T02:22:42 UTC (1778034162)
[    2.333706] rtc_cmos PNP0B00:00: alarms up to one day, y3k, 242 bytes nvram, hpet irqs
[    2.334557] i2c_dev: i2c /dev entries driver
[    2.335130] device-mapper: core: CONFIG_IMA_DISABLE_HTABLE is disabled. Duplicate IMA measurements will not be recorded in the IMA log.
[    2.336335] device-mapper: uevent: version 1.0.3
[    2.337624] input: AT Translated Set 2 keyboard as /devices/platform/i8042/serio0/input/input1
[    2.340145] input: VirtualPS/2 VMware VMMouse as /devices/platform/i8042/serio1/input/input4
[    2.342116] input: VirtualPS/2 VMware VMMouse as /devices/platform/i8042/serio1/input/input3
[    2.343595] device-mapper: ioctl: 4.50.0-ioctl (2025-04-28) initialised: dm-devel@lists.linux.dev
[    2.344449] intel_pstate: CPU model not supported
[    2.346044] drop_monitor: Initializing network drop monitor service
[    2.347340] NET: Registered PF_INET6 protocol family
[    2.349806] Segment Routing with IPv6
[    2.350272] In-situ OAM (IOAM) with IPv6
[    2.350764] NET: Registered PF_PACKET protocol family
[    2.351856] 9pnet: Installing 9P2000 support
[    2.352401] Key type dns_resolver registered
[    2.354929] IPI shorthand broadcast: enabled
[    2.421499] sched_clock: Marking stable (2404004715, 17400685)->(2438108895, -16703495)
[    2.423171] registered taskstats version 1
[    2.424562] Loading compiled-in X.509 certificates
[    2.516490] Demotion targets for Node 0: null
[    2.518475] Key type .fscrypt registered
[    2.518909] Key type fscrypt-provisioning registered
[    2.527128] Key type encrypted registered
[    2.527611] ima: No TPM chip found, activating TPM-bypass!
[    2.528175] ima: Allocated hash algorithm: sha1
[    2.528784] ima: No architecture policies found
[    2.529431] evm: Initialising EVM extended attributes:
[    2.529932] evm: security.selinux
[    2.530266] evm: security.SMACK64
[    2.530607] evm: security.SMACK64EXEC
[    2.530972] evm: security.SMACK64TRANSMUTE
[    2.531374] evm: security.SMACK64MMAP
[    2.531744] evm: security.apparmor
[    2.532077] evm: security.ima
[    2.532375] evm: security.capability
[    2.532734] evm: HMAC attrs: 0x1
[    2.535592] PM:   Magic number: 10:475:358
[    2.537960] RAS: Correctable Errors collector initialized.
[    3.562057] clk: Disabling unused clocks
[    3.562506] PM: genpd: Disabling unused power domains
[    3.563918] md: Waiting for all devices to be available before autodetect
[    3.564463] md: If you don't use raid, use raid=noautodetect
[    3.564834] md: Autodetecting RAID arrays.
[    3.565141] md: autorun ...
[    3.565330] md: ... autorun DONE.
[    3.578216] EXT4-fs (sda): INFO: recovery required on readonly filesystem
[    3.578722] EXT4-fs (sda): write access will be enabled during recovery
[    3.597750] Callback from call_rcu_tasks() invoked.
[    3.652298] EXT4-fs (sda): recovery complete
[    3.657061] EXT4-fs (sda): mounted filesystem 088740a9-c8b4-422c-999d-a804eb68a4da ro with ordered data mode. Quota mode: none.
[    3.658003] VFS: Mounted root (ext4 filesystem) readonly on device 8:0.
[    3.662438] devtmpfs: mounted
[    3.662899] VFS: Pivoted into new rootfs
[    3.682777] Freeing unused decrypted memory: 2036K
[    3.689794] Freeing unused kernel image (initmem) memory: 16684K
[    3.690304] Write protecting the kernel read-only data: 104448k
[    3.694885] Freeing unused kernel image (text/rodata gap) memory: 2044K
[    3.696473] Freeing unused kernel image (rodata/data gap) memory: 916K
[    4.646459] x86/mm: Checked W+X mappings: passed, no W+X pages found.
[    4.646933] Run /sbin/init as init process
[    4.946912] systemd[1]: systemd 252-15.el9 running in system mode (+PAM +AUDIT +SELINUX -APPARMOR +IMA +SMACK +SECCOMP +GCRYPT +GNUTLS +OPENSSL +ACL +BLKID +CURL +ELFUTILS -FIDO2 +IDN2 -IDN -IPTC +KMOD +LIBCRYPTSETUP +LIBFDISK +PCRE2 -PWQUALITY +P11KIT -QRENCODE +TPM2 +BZIP2 +LZ4 +XZ +ZLIB +ZSTD -BPF_FRAMEWORK +XKBCOMMON +UTMP +SYSVINIT default-hierarchy=unified)
[    4.949051] systemd[1]: Detected virtualization kvm.
[    4.949429] systemd[1]: Detected architecture x86-64.

Welcome to [0;31mCentOS Stream 9[0m!

[    4.958559] systemd[1]: Hostname set to <test>.
[    5.223066] systemd-rc-local-generator[122]: /etc/rc.d/rc.local is not marked executable, skipping.
[    5.702913] systemd[1]: Queued start job for default target Multi-User System.
[    5.720838] systemd[1]: Created slice Virtual Machine and Container Slice.
[[0;32m  OK  [0m] Created slice [0;1;39mVirtual Machine and Container Slice[0m.
[    5.726979] systemd[1]: Created slice Slice /system/getty.
[[0;32m  OK  [0m] Created slice [0;1;39mSlice /system/getty[0m.
[    5.730261] systemd[1]: Created slice Slice /system/modprobe.
[[0;32m  OK  [0m] Created slice [0;1;39mSlice /system/modprobe[0m.
[    5.733396] systemd[1]: Created slice Slice /system/serial-getty.
[[0;32m  OK  [0m] Created slice [0;1;39mSlice /system/serial-getty[0m.
[    5.736587] systemd[1]: Created slice Slice /system/sshd-keygen.
[[0;32m  OK  [0m] Created slice [0;1;39mSlice /system/sshd-keygen[0m.
[    5.739433] systemd[1]: Created slice User and Session Slice.
[[0;32m  OK  [0m] Created slice [0;1;39mUser and Session Slice[0m.
[    5.740878] systemd[1]: Started Forward Password Requests to Wall Directory Watch.
[[0;32m  OK  [0m] Started [0;1;39mForward Password R…uests to Wall Directory Watch[0m.
[    5.743357] systemd[1]: Set up automount Arbitrary Executable File Formats File System Automount Point.
[[0;32m  OK  [0m] Set up automount [0;1;39mArbitrary…s File System Automount Point[0m.
[    5.744981] systemd[1]: Reached target Local Integrity Protected Volumes.
[[0;32m  OK  [0m] Reached target [0;1;39mLocal Integrity Protected Volumes[0m.
[    5.746231] systemd[1]: Reached target Slice Units.
[[0;32m  OK  [0m] Reached target [0;1;39mSlice Units[0m.
[    5.747130] systemd[1]: Reached target Swaps.
[[0;32m  OK  [0m] Reached target [0;1;39mSwaps[0m.
[    5.747962] systemd[1]: Reached target Local Verity Protected Volumes.
[[0;32m  OK  [0m] Reached target [0;1;39mLocal Verity Protected Volumes[0m.
[    5.749707] systemd[1]: Listening on Device-mapper event daemon FIFOs.
[[0;32m  OK  [0m] Listening on [0;1;39mDevice-mapper event daemon FIFOs[0m.
[    5.751535] systemd[1]: Listening on LVM2 poll daemon socket.
[[0;32m  OK  [0m] Listening on [0;1;39mLVM2 poll daemon socket[0m.
[    5.752763] systemd[1]: multipathd control socket was skipped because of an unmet condition check (ConditionPathExists=/etc/multipath.conf).
[    5.797779] systemd[1]: Listening on RPCbind Server Activation Socket.
[[0;32m  OK  [0m] Listening on [0;1;39mRPCbind Server Activation Socket[0m.
[    5.799634] systemd[1]: Reached target RPC Port Mapper.
[[0;32m  OK  [0m] Reached target [0;1;39mRPC Port Mapper[0m.
[    5.803414] systemd[1]: Listening on Process Core Dump Socket.
[[0;32m  OK  [0m] Listening on [0;1;39mProcess Core Dump Socket[0m.
[    5.805177] systemd[1]: Listening on initctl Compatibility Named Pipe.
[[0;32m  OK  [0m] Listening on [0;1;39minitctl Compatibility Named Pipe[0m.
[    5.807583] systemd[1]: Listening on Journal Socket (/dev/log).
[[0;32m  OK  [0m] Listening on [0;1;39mJournal Socket (/dev/log)[0m.
[    5.809377] systemd[1]: Listening on Journal Socket.
[[0;32m  OK  [0m] Listening on [0;1;39mJournal Socket[0m.
[    5.811059] systemd[1]: Listening on udev Control Socket.
[[0;32m  OK  [0m] Listening on [0;1;39mudev Control Socket[0m.
[    5.812717] systemd[1]: Listening on udev Kernel Socket.
[[0;32m  OK  [0m] Listening on [0;1;39mudev Kernel Socket[0m.
[    5.830380] systemd[1]: Mounting Huge Pages File System...
         Mounting [0;1;39mHuge Pages File System[0m...
[    5.836876] systemd[1]: Mounting POSIX Message Queue File System...
         Mounting [0;1;39mPOSIX Message Queue File System[0m...
[    5.845898] systemd[1]: Mounting Kernel Debug File System...
         Mounting [0;1;39mKernel Debug File System[0m...
[    5.857725] systemd[1]: Mounting Kernel Trace File System...
         Mounting [0;1;39mKernel Trace File System[0m...
[    5.858951] systemd[1]: Kernel Module supporting RPCSEC_GSS was skipped because of an unmet condition check (ConditionPathExists=/etc/krb5.keytab).
[    5.859950] systemd[1]: Create List of Static Device Nodes was skipped because of an unmet condition check (ConditionFileNotEmpty=/lib/modules/7.1.0-rc2-7ca672302aa5+/modules.devname).
[    5.869158] systemd[1]: Starting Monitoring of LVM2 mirrors, snapshots etc. using dmeventd or progress polling...
         Starting [0;1;39mMonitoring of LVM…meventd or progress polling[0m...
[    5.891644] systemd[1]: Starting Load Kernel Module configfs...
         Starting [0;1;39mLoad Kernel Module configfs[0m...
[    5.899114] systemd[1]: Starting Load Kernel Module drm...
         Starting [0;1;39mLoad Kernel Module drm[0m...
[    5.915810] systemd[1]: Starting Load Kernel Module fuse...
         Starting [0;1;39mLoad Kernel Module fuse[0m...
[    5.926144] systemd[1]: Starting Read and set NIS domainname from /etc/sysconfig/network...
         Starting [0;1;39mRead and set NIS …from /etc/sysconfig/network[0m...
[    5.962134] systemd[1]: Starting Journal Service...
         Starting [0;1;39mJournal Service[0m...
[    5.975684] systemd[1]: Starting Load Kernel Modules...
         Starting [0;1;39mLoad Kernel Modules[0m...
[    5.986088] systemd[1]: Starting Generate network units from Kernel command line...
         Starting [0;1;39mGenerate network …ts from Kernel command line[0m...
[    5.997889] systemd[1]: Starting Remount Root and Kernel File Systems...
         Starting [0;1;39mRemount Root and Kernel File Systems[0m...
[    6.000965] systemd[1]: Repartition Root Disk was skipped because no trigger condition checks were met.
[    6.040220] systemd[1]: Starting Coldplug All udev Devices...
         Starting [0;1;39mColdplug All udev Devices[0m...
[    6.068404] systemd[1]: Mounted Huge Pages File System.
[[0;32m  OK  [0m] Mounted [0;1;39mHuge Pages File System[0m.
[    6.072203] systemd[1]: Mounted POSIX Message Queue File System.
[    6.072277] EXT4-fs (sda): re-mounted 088740a9-c8b4-422c-999d-a804eb68a4da r/w.
[[0;32m  OK  [0m] Mounted [0;1;39mPOSIX Message Queue File System[0m.
[    6.080024] systemd[1]: Mounted Kernel Debug File System.
[[0;32m  OK  [0m] Mounted [0;1;39mKernel Debug File System[0m.
[    6.082487] systemd[1]: Mounted Kernel Trace File System.
[[0;32m  OK  [0m] Mounted [0;1;39mKernel Trace File System[0m.
[    6.088781] systemd[1]: Finished Monitoring of LVM2 mirrors, snapshots etc. using dmeventd or progress polling.
[[0;32m  OK  [0m] Finished [0;1;39mMonitoring of LVM… dmeventd or progress polling[0m.
[    6.101023] systemd[1]: modprobe@configfs.service: Deactivated successfully.
[    6.108575] systemd[1]: Finished Load Kernel Module configfs.
[[0;32m  OK  [0m] Finished [0;1;39mLoad Kernel Module configfs[0m.
[    6.118251] systemd[1]: modprobe@drm.service: Deactivated successfully.
[    6.119970] systemd[1]: Finished Load Kernel Module drm.
[[0;32m  OK  [0m] Finished [0;1;39mLoad Kernel Module drm[0m.
[    6.126521] systemd[1]: modprobe@fuse.service: Deactivated successfully.
[    6.130710] systemd[1]: Finished Load Kernel Module fuse.
[[0;32m  OK  [0m] Finished [0;1;39mLoad Kernel Module fuse[0m.
[    6.136802] systemd[1]: Finished Read and set NIS domainname from /etc/sysconfig/network.
[[0;32m  OK  [0m] Finished [0;1;39mRead and set NIS …e from /etc/sysconfig/network[0m.
[    6.142720] systemd[1]: systemd-modules-load.service: Main process exited, code=exited, status=1/FAILURE
[    6.145868] systemd[1]: systemd-modules-load.service: Failed with result 'exit-code'.
[    6.150423] systemd[1]: Failed to start Load Kernel Modules.
[[0;1;31mFAILED[0m] Failed to start [0;1;39mLoad Kernel Modules[0m.
See 'systemctl status systemd-modules-load.service' for details.
[    6.159252] systemd[1]: Finished Generate network units from Kernel command line.
[[0;32m  OK  [0m] Finished [0;1;39mGenerate network units from Kernel command line[0m.
[    6.166222] systemd[1]: Finished Remount Root and Kernel File Systems.
[[0;32m  OK  [0m] Finished [0;1;39mRemount Root and Kernel File Systems[0m.
[    6.171767] systemd[1]: Reached target Preparation for Network.
[[0;32m  OK  [0m] Reached target [0;1;39mPreparation for Network[0m.
[    6.192270] systemd[1]: Mounting FUSE Control File System...
         Mounting [0;1;39mFUSE Control File System[0m...
[    6.201969] systemd[1]: Mounting Kernel Configuration File System...
         Mounting [0;1;39mKernel Configuration File System[0m...
[    6.206407] systemd[1]: Special handling of early boot iSCSI sessions was skipped because of an unmet condition check (ConditionDirectoryNotEmpty=/sys/class/iscsi_session).
[    6.207500] systemd[1]: First Boot Wizard was skipped because of an unmet condition check (ConditionFirstBoot=yes).
[    6.216472] systemd[1]: Rebuild Hardware Database was skipped because of an unmet condition check (ConditionNeedsUpdate=/etc).
[    6.247495] systemd[1]: Starting Load/Save Random Seed...
         Starting [0;1;39mLoad/Save Random Seed[0m...
[    6.260227] systemd[1]: Starting Apply Kernel Variables...
         Starting [0;1;39mApply Kernel Variables[0m...
[    6.262018] systemd[1]: Create System Users was skipped because no trigger condition checks were met.
[    6.283372] systemd[1]: Starting Create Static Device Nodes in /dev...
         Starting [0;1;39mCreate Static Device Nodes in /dev[0m...
[    6.296554] systemd[1]: Starting Setup Virtual Console...
         Starting [0;1;39mSetup Virtual Console[0m...
[    6.320470] systemd[1]: Started Journal Service.
[[0;32m  OK  [0m] Started [0;1;39mJournal Service[0m.
[[0;32m  OK  [0m] Mounted [0;1;39mFUSE Control File System[0m.
[[0;32m  OK  [0m] Mounted [0;1;39mKernel Configuration File System[0m.
[[0;32m  OK  [0m] Finished [0;1;39mLoad/Save Random Seed[0m.
         Starting [0;1;39mFlush Journal to Persistent Storage[0m...
[[0;32m  OK  [0m] Finished [0;1;39mApply Kernel Variables[0m.
[    6.429270] systemd-journald[144]: Received client request to flush runtime journal.
[[0;32m  OK  [0m] Finished [0;1;39mFlush Journal to Persistent Storage[0m.
[[0;32m  OK  [0m] Finished [0;1;39mCreate Static Device Nodes in /dev[0m.
         Starting [0;1;39mRule-based Manage…for Device Events and Files[0m...
[[0;32m  OK  [0m] Started [0;1;39mRule-based Manager for Device Events and Files[0m.
         Starting [0;1;39mAuto-connect to s…E devices found during boot[0m...
[[0;32m  OK  [0m] Finished [0;1;39mAuto-connect to s…VME devices found during boot[0m.
[[0;32m  OK  [0m] Finished [0;1;39mColdplug All udev Devices[0m.
         Starting [0;1;39mWait for udev To …plete Device Initialization[0m...
[[0;32m  OK  [0m] Finished [0;1;39mSetup Virtual Console[0m.
         Starting [0;1;39mShow Plymouth Boot Screen[0m...
[2J[3J[-1;-1f[[0;32m  OK  [0m] Started [0;1;39mShow Plymouth Boot Screen[0m.
[[0;32m  OK  [0m] Started [0;1;39mForward Password R…s to Plymouth Directory Watch[0m.
[[0;32m  OK  [0m] Reached target [0;1;39mLocal Encrypted Volumes[0m.
[[0;32m  OK  [0m] Reached target [0;1;39mPath Units[0m.
[[0;32m  OK  [0m] Found device [0;1;39m/dev/ttyS0[0m.
[[0;32m  OK  [0m] Listening on [0;1;39mLoad/Save RF …itch Status /dev/rfkill Watch[0m.
[[0;32m  OK  [0m] Finished [0;1;39mWait for udev To Complete Device Initialization[0m.
[[0;32m  OK  [0m] Reached target [0;1;39mPreparation for Local File Systems[0m.
[[0;32m  OK  [0m] Reached target [0;1;39mLocal File Systems[0m.
         Starting [0;1;39mTell Plymouth To Write Out Runtime Data[0m...
         Starting [0;1;39mAutomatic Boot Loader Update[0m...
         Starting [0;1;39mCreate Volatile Files and Directories[0m...
[[0;32m  OK  [0m] Finished [0;1;39mTell Plymouth To Write Out Runtime Data[0m.
[[0;32m  OK  [0m] Finished [0;1;39mAutomatic Boot Loader Update[0m.
[[0;32m  OK  [0m] Finished [0;1;39mCreate Volatile Files and Directories[0m.
         Mounting [0;1;39mRPC Pipe File System[0m...
         Starting [0;1;39mSecurity Auditing Service[0m...
         Starting [0;1;39mRPC Bind[0m...
[[0;32m  OK  [0m] Mounted [0;1;39mRPC Pipe File System[0m.
[[0;32m  OK  [0m] Reached target [0;1;39mrpc_pipefs.target[0m.
[[0;32m  OK  [0m] Started [0;1;39mRPC Bind[0m.
[[0;32m  OK  [0m] Started [0;1;39mSecurity Auditing Service[0m.
         Starting [0;1;39mRecord System Boot/Shutdown in UTMP[0m...
[[0;32m  OK  [0m] Finished [0;1;39mRecord System Boot/Shutdown in UTMP[0m.
[[0;32m  OK  [0m] Reached target [0;1;39mSystem Initialization[0m.
[[0;32m  OK  [0m] Started [0;1;39mDaily rotation of log files[0m.
[[0;32m  OK  [0m] Started [0;1;39mUpdates mlocate database every day[0m.
[[0;32m  OK  [0m] Started [0;1;39mDaily Cleanup of Temporary Directories[0m.
[[0;32m  OK  [0m] Started [0;1;39mdaily update of the root trust anchor for DNSSEC[0m.
[[0;32m  OK  [0m] Reached target [0;1;39mTimer Units[0m.
[[0;32m  OK  [0m] Listening on [0;1;39mD-Bus System Message Bus Socket[0m.
[[0;32m  OK  [0m] Listening on [0;1;39mOpen-iSCSI iscsid Socket[0m.
[[0;32m  OK  [0m] Listening on [0;1;39mOpen-iSCSI iscsiuio Socket[0m.
[[0;32m  OK  [0m] Listening on [0;1;39mSSSD Kerberos…ache Manager responder socket[0m.
[[0;32m  OK  [0m] Listening on [0;1;39mLibvirt interface local socket[0m.
[[0;32m  OK  [0m] Listening on [0;1;39mVirtual machine lock manager socket[0m.
[[0;32m  OK  [0m] Listening on [0;1;39mVirtual machine log manager socket[0m.
[[0;32m  OK  [0m] Listening on [0;1;39mLibvirt network local socket[0m.
[[0;32m  OK  [0m] Listening on [0;1;39mLibvirt nodedev local socket[0m.
[[0;32m  OK  [0m] Listening on [0;1;39mLibvirt nwfilter local socket[0m.
[[0;32m  OK  [0m] Listening on [0;1;39mLibvirt proxy local socket[0m.
[[0;32m  OK  [0m] Listening on [0;1;39mLibvirt qemu local socket[0m.
[[0;32m  OK  [0m] Listening on [0;1;39mLibvirt qemu admin socket[0m.
[[0;32m  OK  [0m] Listening on [0;1;39mLibvirt qemu local read-only socket[0m.
[[0;32m  OK  [0m] Listening on [0;1;39mLibvirt secret local socket[0m.
[[0;32m  OK  [0m] Listening on [0;1;39mLibvirt storage local socket[0m.
[[0;32m  OK  [0m] Reached target [0;1;39mSocket Units[0m.
         Starting [0;1;39mD-Bus System Message Bus[0m...
[[0;32m  OK  [0m] Started [0;1;39mD-Bus System Message Bus[0m.
[[0;32m  OK  [0m] Reached target [0;1;39mBasic System[0m.
         Starting [0;1;39mNetwork Manager[0m...
         Starting [0;1;39mNTP client/server[0m...
         Starting [0;1;39mRestore /run/initramfs on shutdown[0m...
[[0;32m  OK  [0m] Started [0;1;39mirqbalance daemon[0m.
[[0;32m  OK  [0m] Started [0;1;39mlibstoragemgmt plug-in server daemon[0m.
[[0;32m  OK  [0m] Started [0;1;39mMachine Check Exception Logging Daemon[0m.
[[0;32m  OK  [0m] Reached target [0;1;39msshd-keygen.target[0m.
[[0;32m  OK  [0m] Reached target [0;1;39mUser and Group Name Lookups[0m.
         Starting [0;1;39mUser Login Management[0m...
         Starting [0;1;39mVirtual Machine a…tainer Registration Service[0m...
[[0;32m  OK  [0m] Finished [0;1;39mRestore /run/initramfs on shutdown[0m.
[[0;32m  OK  [0m] Started [0;1;39mVirtual Machine an…ontainer Registration Service[0m.
         Starting [0;1;39mHostname Service[0m...
[[0;32m  OK  [0m] Started [0;1;39mNTP client/server[0m.
[[0;32m  OK  [0m] Started [0;1;39mUser Login Management[0m.
[[0;32m  OK  [0m] Started [0;1;39mHostname Service[0m.
         Starting [0;1;39mNetwork Manager Script Dispatcher Service[0m...
[[0;32m  OK  [0m] Started [0;1;39mNetwork Manager Script Dispatcher Service[0m.
[    9.937930] e1000: eth0 NIC Link is Up 1000 Mbps Full Duplex, Flow Control: RX
[[0;32m  OK  [0m] Started [0;1;39mNetwork Manager[0m.
[[0;32m  OK  [0m] Reached target [0;1;39mNetwork[0m.
[[0;32m  OK  [0m] Reached target [0;1;39mNetwork is Online[0m.
         Starting [0;1;39mGSSAPI Proxy Daemon[0m...
         Starting [0;1;39mNotify NFS peers of a restart[0m...
         Starting [0;1;39mSystem Logging Service[0m...
         Starting [0;1;39mOpenSSH server daemon[0m...
         Starting [0;1;39mDynamic System Tuning Daemon[0m...
[[0;32m  OK  [0m] Started [0;1;39mNotify NFS peers of a restart[0m.
[[0;32m  OK  [0m] Started [0;1;39mOpenSSH server daemon[0m.
[[0;32m  OK  [0m] Started [0;1;39mGSSAPI Proxy Daemon[0m.
[[0;32m  OK  [0m] Reached target [0;1;39mNFS client services[0m.
[[0;32m  OK  [0m] Reached target [0;1;39mPreparation for Remote File Systems[0m.
[[0;32m  OK  [0m] Reached target [0;1;39mRemote File Systems[0m.
         Starting [0;1;39mPermit User Sessions[0m...
         Starting [0;1;39mVirtualization qemu daemon[0m...
[[0;32m  OK  [0m] Finished [0;1;39mPermit User Sessions[0m.
[[0;32m  OK  [0m] Started [0;1;39mDeferred execution scheduler[0m.
[[0;32m  OK  [0m] Started [0;1;39mCommand Scheduler[0m.
         Starting [0;1;39mHold until boot process finishes up[0m...
         Starting [0;1;39mTerminate Plymouth Boot Screen[0m...

CentOS Stream 9
Kernel 7.1.0-rc2-7ca672302aa5+ on an x86_64

Activate the web console with: systemctl enable --now cockpit.socket

test login: [   17.680526] pimreg: entered allmulticast mode
[   17.681047] 
[   17.681175] =============================
[   17.681665] WARNING: suspicious RCU usage
[   17.681949] 7.1.0-rc2-7ca672302aa5+ #1 Not tainted
[   17.682233] -----------------------------
[   17.682497] net/ipv4/ipmr.c:329 suspicious rcu_dereference_check() usage!
[   17.682954] 
[   17.682954] other info that might help us debug this:
[   17.682954] 
[   17.683468] 
[   17.683468] rcu_scheduler_active = 2, debug_locks = 1
[   17.683885] 2 locks held by repro/711:
[   17.684417]  #0: ffffffff87896340 (rcu_read_lock_bh){....}-{1:3}, at: __dev_queue_xmit+0x239/0x4140
[   17.685470]  #1: ff1100001a646918 (_xmit_PIMREG#2){+...}-{3:3}, at: __dev_queue_xmit+0x1d5d/0x4140
[   17.686100] 
[   17.686100] stack backtrace:
[   17.686394] CPU: 0 UID: 0 PID: 711 Comm: repro Not tainted 7.1.0-rc2-7ca672302aa5+ #1 PREEMPT(lazy) 
[   17.686404] Hardware name: QEMU Standard PC (i440FX + PIIX, 1996), BIOS rel-1.16.3-0-ga6ed6b701f0a-prebuilt.qemu.org 04/01/2014
[   17.686408] Call Trace:
[   17.686412]  <TASK>
[   17.686418]  dump_stack_lvl+0x121/0x150
[   17.686434]  dump_stack+0x19/0x20
[   17.686442]  lockdep_rcu_suspicious+0x15b/0x1f0
[   17.686460]  reg_vif_xmit+0x2ee/0x3c0
[   17.686474]  dev_hard_start_xmit+0x170/0x700
[   17.686488]  __dev_queue_xmit+0x1df1/0x4140
[   17.686499]  ? __might_fault+0x14a/0x1b0
[   17.686513]  ? __this_cpu_preempt_check+0x21/0x30
[   17.686531]  ? __pfx___dev_queue_xmit+0x10/0x10
[   17.686543]  ? _copy_from_iter+0x288/0x15e0
[   17.686556]  ? __virt_addr_valid+0x22c/0x420
[   17.686569]  ? __virt_addr_valid+0x22c/0x420
[   17.686579]  ? __this_cpu_preempt_check+0x21/0x30
[   17.686590]  ? __pfx__copy_from_iter+0x10/0x10
[   17.686606]  ? __sanitizer_cov_trace_const_cmp1+0x1e/0x30
[   17.686619]  ? packet_parse_headers+0x439/0x7b0
[   17.686632]  ? packet_parse_headers+0x202/0x7b0
[   17.686644]  ? __pfx_packet_parse_headers+0x10/0x10
[   17.686658]  packet_xmit+0x252/0x370
[   17.686669]  packet_sendmsg+0x39ad/0x5650
[   17.686682]  ? __lock_acquire+0x412/0x2210
[   17.686708]  ? __pfx_packet_sendmsg+0x10/0x10
[   17.686718]  ? audit_remove_watch_rule+0x300/0x3a0
[   17.686728]  ? __import_iovec+0x1df/0x660
[   17.686738]  ? _copy_from_user+0x75/0xa0
[   17.686752]  ? __pfx_packet_sendmsg+0x10/0x10
[   17.686761]  ____sys_sendmsg+0xa21/0xba0
[   17.686773]  ? __pfx_____sys_sendmsg+0x10/0x10
[   17.686789]  ? __this_cpu_preempt_check+0x21/0x30
[   17.686799]  ? lock_release+0x14f/0x2c0
[   17.686813]  ___sys_sendmsg+0x121/0x1c0
[   17.686825]  ? __pfx____sys_sendmsg+0x10/0x10
[   17.686842]  ? __handle_mm_fault+0x656/0x2cb0
[   17.686871]  __sys_sendmsg+0x177/0x220
[   17.686881]  ? __pfx___sys_sendmsg+0x10/0x10
[   17.686906]  ? seqcount_lockdep_reader_access.constprop.0+0xc0/0xd0
[   17.686920]  ? __sanitizer_cov_trace_cmp4+0x1a/0x20
[   17.686929]  ? ktime_get_coarse_real_ts64+0xad/0xf0
[   17.686945]  __x64_sys_sendmsg+0x80/0xc0
[   17.686956]  x64_sys_call+0x1d9c/0x21c0
[   17.686967]  do_syscall_64+0xc1/0x10b0
[   17.686980]  entry_SYSCALL_64_after_hwframe+0x76/0x7e
[   17.686988] RIP: 0033:0x7fb5d203ee5d
[   17.686997] Code: ff c3 66 2e 0f 1f 84 00 00 00 00 00 90 f3 0f 1e fa 48 89 f8 48 89 f7 48 89 d6 48 89 ca 4d 89 c2 4d 89 c8 4c 8b 4c 24 08 0f 05 <48> 3d 01 f0 ff ff 73 01 c3 48 8b 0d 93 af 1b 00 f7 d8 64 89 01 48
[   17.687005] RSP: 002b:00007ffe20148f38 EFLAGS: 00000246 ORIG_RAX: 000000000000002e
[   17.687013] RAX: ffffffffffffffda RBX: 0000200000000380 RCX: 00007fb5d203ee5d
[   17.687018] RDX: 0000000000000000 RSI: 00002000000012c0 RDI: 0000000000000004
[   17.687023] RBP: 00007ffe20148f60 R08: 0000000200000000 R09: 0000000200000000
[   17.687028] R10: 0000000200000000 R11: 0000000000000246 R12: 00007ffe20149078
[   17.687033] R13: 0000000000401164 R14: 0000000000403e08 R15: 00007fb5d225f000
[   17.687050]  </TASK>
[   17.718462] pimreg: entered allmulticast mode
[   17.726298] pimreg: left allmulticast mode
[   17.738747] pimreg: entered allmulticast mode
[   17.764312] pimreg: entered allmulticast mode
[   17.783667] pimreg: entered allmulticast mode
[   17.802426] pimreg: left allmulticast mode
[   17.802785] pimreg: left allmulticast mode
[   17.803065] pimreg: left allmulticast mode
[   17.812965] pimreg: entered allmulticast mode
[   17.838770] pimreg: entered allmulticast mode
[   17.861775] pimreg: entered allmulticast mode
[   17.894655] pimreg: entered allmulticast mode
[   17.910834] pimreg: entered allmulticast mode
[   17.914176] pimreg: left allmulticast mode
[   17.914525] pimreg: left allmulticast mode
[   17.914822] pimreg: left allmulticast mode
[   17.915147] pimreg: left allmulticast mode
[   17.915446] pimreg: left allmulticast mode
[   17.926092] pimreg: entered allmulticast mode
[   17.944775] pimreg: entered allmulticast mode
[   17.958752] pimreg: entered allmulticast mode
[   17.978978] pimreg: entered allmulticast mode
[   18.003794] pimreg: entered allmulticast mode
[   18.034194] pimreg: entered allmulticast mode
[   18.070809] pimreg: left allmulticast mode
[   18.071561] pimreg: left allmulticast mode
[   18.071848] pimreg: left allmulticast mode
[   18.072139] pimreg: left allmulticast mode
[   18.072536] pimreg: left allmulticast mode
[   18.072800] pimreg: left allmulticast mode
[   18.084041] pimreg: entered allmulticast mode
[   18.129651] pimreg: entered allmulticast mode
[   18.145813] pimreg: entered allmulticast mode
[   18.165590] pimreg: entered allmulticast mode
[   18.189836] pimreg: entered allmulticast mode
[   18.214248] pimreg: entered allmulticast mode
[   18.237875] pimreg: entered allmulticast mode
[   18.250366] pimreg: left allmulticast mode
[   18.251468] pimreg: left allmulticast mode
[   18.251761] pimreg: left allmulticast mode
[   18.252021] pimreg: left allmulticast mode
[   18.252309] pimreg: left allmulticast mode
[   18.252601] pimreg: left allmulticast mode
[   18.252887] pimreg: left allmulticast mode
[   18.266282] pimreg: entered allmulticast mode
[   18.294899] pimreg: entered allmulticast mode
[   18.340452] pimreg: entered allmulticast mode
[   18.362428] pimreg: entered allmulticast mode
[   18.390086] pimreg: entered allmulticast mode
[   18.413987] pimreg: entered allmulticast mode
[   18.437792] pimreg: entered allmulticast mode
[   18.466492] pimreg: entered allmulticast mode
[   18.471312] pimreg: left allmulticast mode
[   18.471664] pimreg: left allmulticast mode
[   18.471983] pimreg: left allmulticast mode
[   18.472296] pimreg: left allmulticast mode
[   18.472592] pimreg: left allmulticast mode
[   18.472889] pimreg: left allmulticast mode
[   18.473190] pimreg: left allmulticast mode
[   18.473962] pimreg: left allmulticast mode
[   18.488303] pimreg: entered allmulticast mode
[   18.515613] pimreg: entered allmulticast mode
[   18.530841] pimreg: entered allmulticast mode
[   18.550240] pimreg: entered allmulticast mode
[   18.573603] pimreg: entered allmulticast mode
[   18.597805] pimreg: entered allmulticast mode
[   18.626054] pimreg: entered allmulticast mode
[   18.650431] pimreg: entered allmulticast mode
[   18.675210] pimreg: entered allmulticast mode
[   18.675598] pimreg: left allmulticast mode
[   18.676010] pimreg: left allmulticast mode
[   18.677072] pimreg: left allmulticast mode
[   18.677344] pimreg: left allmulticast mode
[   18.677725] pimreg: left allmulticast mode
[   18.678551] pimreg: left allmulticast mode
[   18.678901] pimreg: left allmulticast mode
[   18.679195] pimreg: left allmulticast mode
[   18.679440] pimreg: left allmulticast mode
[   18.695906] pimreg: entered allmulticast mode
[   18.727146] pimreg: entered allmulticast mode
[   18.751330] pimreg: entered allmulticast mode
[   18.770358] pimreg: entered allmulticast mode
[   18.794269] pimreg: entered allmulticast mode
[   18.807301] pimreg: entered allmulticast mode
[   18.830588] pimreg: entered allmulticast mode
[   18.854383] pimreg: entered allmulticast mode
[   18.889633] pimreg: entered allmulticast mode
[   18.910591] pimreg: left allmulticast mode
[   18.911063] pimreg: left allmulticast mode
[   18.911340] pimreg: left allmulticast mode
[   18.911590] pimreg: left allmulticast mode
[   18.911907] pimreg: left allmulticast mode
[   18.912325] pimreg: left allmulticast mode
[   18.912639] pimreg: left allmulticast mode
[   18.912930] pimreg: left allmulticast mode
[   18.913237] pimreg: left allmulticast mode
[   18.927611] pimreg: entered allmulticast mode
[   18.949653] pimreg: entered allmulticast mode
[   18.977714] pimreg: entered allmulticast mode
[   18.997679] pimreg: entered allmulticast mode
[   19.009689] pimreg: entered allmulticast mode
[   19.031243] pimreg: entered allmulticast mode
[   19.053740] pimreg: entered allmulticast mode
[   19.086653] pimreg: entered allmulticast mode
[   19.106296] pimreg: left allmulticast mode
[   19.106648] pimreg: left allmulticast mode
[   19.106916] pimreg: left allmulticast mode
[   19.107166] pimreg: left allmulticast mode
[   19.107423] pimreg: left allmulticast mode
[   19.107682] pimreg: left allmulticast mode
[   19.109028] pimreg: left allmulticast mode
[   19.109332] pimreg: left allmulticast mode
[   19.123042] pimreg: entered allmulticast mode
[   19.147022] pimreg: entered allmulticast mode
[   19.174230] pimreg: entered allmulticast mode
[   19.195927] pimreg: entered allmulticast mode
[   19.213720] pimreg: entered allmulticast mode
[   19.249705] pimreg: entered allmulticast mode
[   19.278373] pimreg: left allmulticast mode
[   19.278717] pimreg: left allmulticast mode
[   19.278999] pimreg: left allmulticast mode
[   19.279693] pimreg: left allmulticast mode
[   19.280137] pimreg: left allmulticast mode
[   19.280430] pimreg: left allmulticast mode
[   19.291180] pimreg: entered allmulticast mode
[   19.314242] pimreg: entered allmulticast mode
[   19.335654] pimreg: entered allmulticast mode
[   19.358245] pimreg: entered allmulticast mode
[   19.377895] pimreg: entered allmulticast mode
[   19.397852] pimreg: entered allmulticast mode
[   19.422606] pimreg: entered allmulticast mode
[   19.438268] pimreg: left allmulticast mode
[   19.438613] pimreg: left allmulticast mode
[   19.438878] pimreg: left allmulticast mode
[   19.439883] pimreg: left allmulticast mode
[   19.440181] pimreg: left allmulticast mode
[   19.440451] pimreg: left allmulticast mode
[   19.440699] pimreg: left allmulticast mode
[   19.452700] pimreg: entered allmulticast mode
[   19.478730] pimreg: entered allmulticast mode
[   19.507722] pimreg: entered allmulticast mode
[   19.526042] pimreg: entered allmulticast mode
[   19.537890] pimreg: entered allmulticast mode
[   19.561681] pimreg: entered allmulticast mode
[   19.582263] pimreg: entered allmulticast mode
[   19.606344] pimreg: left allmulticast mode
[   19.606699] pimreg: left allmulticast mode
[   19.606972] pimreg: left allmulticast mode
[   19.607222] pimreg: left allmulticast mode
[   19.607531] pimreg: left allmulticast mode
[   19.609719] pimreg: left allmulticast mode
[   19.610061] pimreg: left allmulticast mode
[   19.621952] pimreg: entered allmulticast mode
[   19.647368] pimreg: entered allmulticast mode
[   19.670234] pimreg: entered allmulticast mode
[   19.694373] pimreg: entered allmulticast mode
[   19.710439] pimreg: entered allmulticast mode
[   19.730190] pimreg: entered allmulticast mode
[   19.753955] pimreg: entered allmulticast mode
[   19.777839] pimreg: entered allmulticast mode
[   19.782441] pimreg: left allmulticast mode
[   19.782789] pimreg: left allmulticast mode
[   19.783330] pimreg: left allmulticast mode
[   19.783593] pimreg: left allmulticast mode
[   19.783865] pimreg: left allmulticast mode
[   19.784109] pimreg: left allmulticast mode
[   19.784952] pimreg: left allmulticast mode
[   19.785377] pimreg: left allmulticast mode
[   19.799497] pimreg: entered allmulticast mode
[   19.826925] pimreg: entered allmulticast mode
[   19.849272] pimreg: entered allmulticast mode
[   19.861230] pimreg: entered allmulticast mode
[   19.882450] pimreg: entered allmulticast mode
[   19.901208] pimreg: entered allmulticast mode
[   19.926616] pimreg: entered allmulticast mode
[   19.942675] pimreg: left allmulticast mode
[   19.942993] pimreg: left allmulticast mode
[   19.943262] pimreg: left allmulticast mode
[   19.943522] pimreg: left allmulticast mode
[   19.943783] pimreg: left allmulticast mode
[   19.944047] pimreg: left allmulticast mode
[   19.944440] pimreg: left allmulticast mode
[   19.956035] pimreg: entered allmulticast mode
[   19.998339] pimreg: entered allmulticast mode
[   20.025300] pimreg: entered allmulticast mode
[   20.047419] pimreg: entered allmulticast mode
[   20.065695] pimreg: entered allmulticast mode
[   20.089668] pimreg: entered allmulticast mode
[   20.114076] pimreg: entered allmulticast mode
[   20.130468] pimreg: left allmulticast mode
[   20.130770] pimreg: left allmulticast mode
[   20.131035] pimreg: left allmulticast mode
[   20.131354] pimreg: left allmulticast mode
[   20.131655] pimreg: left allmulticast mode
[   20.132073] pimreg: left allmulticast mode
[   20.132367] pimreg: left allmulticast mode
[   20.143479] pimreg: entered allmulticast mode
[   20.163544] pimreg: entered allmulticast mode
[   20.188549] pimreg: entered allmulticast mode
[   20.218028] pimreg: entered allmulticast mode
[   20.242036] pimreg: entered allmulticast mode
[   20.277803] pimreg: entered allmulticast mode
[   20.301763] pimreg: entered allmulticast mode
[   20.325828] pimreg: entered allmulticast mode
[   20.330647] pimreg: left allmulticast mode
[   20.331007] pimreg: left allmulticast mode
[   20.331265] pimreg: left allmulticast mode
[   20.331518] pimreg: left allmulticast mode
[   20.331840] pimreg: left allmulticast mode
[   20.332135] pimreg: left allmulticast mode
[   20.332425] pimreg: left allmulticast mode
[   20.333113] pimreg: left allmulticast mode
[   20.347722] pimreg: entered allmulticast mode
[   20.367244] pimreg: entered allmulticast mode
[   20.393387] pimreg: entered allmulticast mode
[   20.407009] pimreg: entered allmulticast mode
[   20.432062] pimreg: entered allmulticast mode
[   20.438401] pimreg: left allmulticast mode
[   20.438702] pimreg: left allmulticast mode
[   20.438974] pimreg: left allmulticast mode
[   20.439274] pimreg: left allmulticast mode
[   20.439571] pimreg: left allmulticast mode
[   20.439868] pimreg: left allmulticast mode
[   20.450335] pimreg: entered allmulticast mode
[   20.480398] pimreg: entered allmulticast mode
[   20.497193] pimreg: entered allmulticast mode
[   20.510563] pimreg: entered allmulticast mode
[   20.530005] pimreg: entered allmulticast mode
[   20.566047] pimreg: entered allmulticast mode
[   20.585968] pimreg: entered allmulticast mode
[   20.590412] pimreg: left allmulticast mode
[   20.590756] pimreg: left allmulticast mode
[   20.591038] pimreg: left allmulticast mode
[   20.591295] pimreg: left allmulticast mode
[   20.591543] pimreg: left allmulticast mode
[   20.591799] pimreg: left allmulticast mode
[   20.603659] pimreg: entered allmulticast mode
[   20.627619] pimreg: entered allmulticast mode
[   20.653673] pimreg: entered allmulticast mode
[   20.681865] pimreg: entered allmulticast mode
[   20.706113] pimreg: entered allmulticast mode
[   20.729772] pimreg: entered allmulticast mode
[   20.754169] pimreg: entered allmulticast mode
[   20.774425] pimreg: left allmulticast mode
[   20.774761] pimreg: left allmulticast mode
[   20.775035] pimreg: left allmulticast mode
[   20.775345] pimreg: left allmulticast mode
[   20.776181] pimreg: left allmulticast mode
[   20.776525] pimreg: left allmulticast mode
[   20.776850] pimreg: left allmulticast mode
[   20.789343] pimreg: entered allmulticast mode
[   20.805156] pimreg: entered allmulticast mode
[   20.829220] pimreg: entered allmulticast mode
[   20.854039] pimreg: entered allmulticast mode
[   20.877807] pimreg: entered allmulticast mode
[   20.901131] pimreg: entered allmulticast mode
[   20.937795] pimreg: entered allmulticast mode
[   20.974054] pimreg: entered allmulticast mode
[   20.978410] pimreg: left allmulticast mode
[   20.978733] pimreg: left allmulticast mode
[   20.978995] pimreg: left allmulticast mode
[   20.979293] pimreg: left allmulticast mode
[   20.979589] pimreg: left allmulticast mode
[   20.980210] pimreg: left allmulticast mode
[   20.980661] pimreg: left allmulticast mode
[   20.980980] pimreg: left allmulticast mode
[   20.995285] pimreg: entered allmulticast mode
[   21.026124] pimreg: entered allmulticast mode
[   21.047302] pimreg: entered allmulticast mode
[   21.060136] pimreg: entered allmulticast mode
[   21.085783] pimreg: entered allmulticast mode
[   21.109504] pimreg: entered allmulticast mode
[   21.133395] pimreg: entered allmulticast mode
[   21.157696] pimreg: entered allmulticast mode
[   21.198108] pimreg: entered allmulticast mode
[   21.202494] pimreg: left allmulticast mode
[   21.202845] pimreg: left allmulticast mode
[   21.203104] pimreg: left allmulticast mode
[   21.203403] pimreg: left allmulticast mode
[   21.203693] pimreg: left allmulticast mode
[   21.204473] pimreg: left allmulticast mode
[   21.204831] pimreg: left allmulticast mode
[   21.205122] pimreg: left allmulticast mode
[   21.205476] pimreg: left allmulticast mode
[   21.220249] pimreg: entered allmulticast mode
[   21.234401] pimreg: entered allmulticast mode
[   21.259111] pimreg: entered allmulticast mode
[   21.274706] pimreg: entered allmulticast mode
[   21.286313] pimreg: entered allmulticast mode
[   21.310007] pimreg: entered allmulticast mode
[   21.329939] pimreg: entered allmulticast mode
[   21.349397] pimreg: entered allmulticast mode
[   21.354626] pimreg: left allmulticast mode
[   21.355001] pimreg: left allmulticast mode
[   21.355262] pimreg: left allmulticast mode
[   21.355508] pimreg: left allmulticast mode
[   21.355803] pimreg: left allmulticast mode
[   21.356731] pimreg: left allmulticast mode
[   21.357208] pimreg: left allmulticast mode
[   21.357574] pimreg: left allmulticast mode
[   21.371236] pimreg: entered allmulticast mode
[   21.390478] pimreg: entered allmulticast mode
[   21.416416] pimreg: entered allmulticast mode
[   21.434495] pimreg: entered allmulticast mode
[   21.457969] pimreg: entered allmulticast mode
[   21.481946] pimreg: entered allmulticast mode
[   21.509869] pimreg: entered allmulticast mode
[   21.534356] pimreg: entered allmulticast mode
[   21.561778] pimreg: entered allmulticast mode
[   21.566475] pimreg: left allmulticast mode
[   21.566842] pimreg: left allmulticast mode
[   21.567105] pimreg: left allmulticast mode
[   21.567353] pimreg: left allmulticast mode
[   21.567635] pimreg: left allmulticast mode
[   21.567941] pimreg: left allmulticast mode
[   21.568704] pimreg: left allmulticast mode
[   21.569059] pimreg: left allmulticast mode
[   21.569367] pimreg: left allmulticast mode
[   21.584179] pimreg: entered allmulticast mode
[   21.603330] pimreg: entered allmulticast mode
[   21.620882] pimreg: entered allmulticast mode
[   21.641712] pimreg: entered allmulticast mode
[   21.665863] pimreg: entered allmulticast mode
[   21.685684] pimreg: entered allmulticast mode
[   21.706258] pimreg: entered allmulticast mode
[   21.730124] pimreg: entered allmulticast mode
[   21.754933] pimreg: entered allmulticast mode
[   21.755315] pimreg: left allmulticast mode
[   21.755710] pimreg: left allmulticast mode
[   21.756122] pimreg: left allmulticast mode
[   21.756446] pimreg: left allmulticast mode
[   21.756753] pimreg: left allmulticast mode
[   21.757050] pimreg: left allmulticast mode
[   21.757338] pimreg: left allmulticast mode
[   21.758033] pimreg: left allmulticast mode
[   21.758501] pimreg: left allmulticast mode
[   21.772858] pimreg: entered allmulticast mode
[   21.807001] pimreg: entered allmulticast mode
[   21.837120] pimreg: entered allmulticast mode
[   21.857638] pimreg: entered allmulticast mode
[   21.870470] pimreg: entered allmulticast mode
[   21.909903] pimreg: entered allmulticast mode
[   21.937932] pimreg: entered allmulticast mode
[   21.987075] pimreg: left allmulticast mode
[   21.987407] pimreg: left allmulticast mode
[   21.987672] pimreg: left allmulticast mode
[   21.987930] pimreg: left allmulticast mode
[   21.988221] pimreg: left allmulticast mode
[   21.988521] pimreg: left allmulticast mode
[   21.988822] pimreg: left allmulticast mode
[   22.000672] pimreg: entered allmulticast mode
[   22.026178] pimreg: entered allmulticast mode
[   22.050548] pimreg: entered allmulticast mode
[   22.065853] pimreg: entered allmulticast mode
[   22.077320] pimreg: entered allmulticast mode
[   22.106690] pimreg: entered allmulticast mode
[   22.122605] pimreg: left allmulticast mode
[   22.122975] pimreg: left allmulticast mode
[   22.123246] pimreg: left allmulticast mode
[   22.123977] pimreg: left allmulticast mode
[   22.124402] pimreg: left allmulticast mode
[   22.124670] pimreg: left allmulticast mode
[   22.139131] pimreg: entered allmulticast mode
[   22.165699] pimreg: entered allmulticast mode
[   22.181359] pimreg: entered allmulticast mode
[   22.197784] pimreg: entered allmulticast mode
[   22.217431] pimreg: entered allmulticast mode
[   22.241637] pimreg: entered allmulticast mode
[   22.270290] pimreg: left allmulticast mode
[   22.270646] pimreg: left allmulticast mode
[   22.270932] pimreg: left allmulticast mode
[   22.271202] pimreg: left allmulticast mode
[   22.272165] pimreg: left allmulticast mode
[   22.272451] pimreg: left allmulticast mode
[   22.283479] pimreg: entered allmulticast mode
[   22.305105] pimreg: entered allmulticast mode
[   22.330280] pimreg: entered allmulticast mode
[   22.354837] pimreg: entered allmulticast mode
[   22.377971] pimreg: entered allmulticast mode
[   22.410346] pimreg: left allmulticast mode
[   22.410684] pimreg: left allmulticast mode
[   22.410995] pimreg: left allmulticast mode
[   22.411909] pimreg: left allmulticast mode
[   22.412284] pimreg: left allmulticast mode
[   22.422095] pimreg: entered allmulticast mode
[   22.434964] pimreg: entered allmulticast mode
[   22.456400] pimreg: entered allmulticast mode
[   22.474110] pimreg: entered allmulticast mode
[   22.497682] pimreg: entered allmulticast mode
[   22.521482] pimreg: entered allmulticast mode
[   22.542029] pimreg: entered allmulticast mode
[   22.546054] pimreg: left allmulticast mode
[   22.546386] pimreg: left allmulticast mode
[   22.546638] pimreg: left allmulticast mode
[   22.546946] pimreg: left allmulticast mode
[   22.547252] pimreg: left allmulticast mode
[   22.547547] pimreg: left allmulticast mode
[   22.561529] pimreg: entered allmulticast mode
[   22.591636] pimreg: entered allmulticast mode
[   22.604141] pimreg: entered allmulticast mode
[   22.622113] pimreg: entered allmulticast mode
[   22.645792] pimreg: entered allmulticast mode
[   22.669343] pimreg: entered allmulticast mode
[   22.693843] pimreg: entered allmulticast mode
[   22.717727] pimreg: entered allmulticast mode
[   22.722298] pimreg: left allmulticast mode
[   22.722634] pimreg: left allmulticast mode
[   22.722959] pimreg: left allmulticast mode
[   22.723257] pimreg: left allmulticast mode
[   22.723556] pimreg: left allmulticast mode
[   22.723864] pimreg: left allmulticast mode
[   22.724153] pimreg: left allmulticast mode
[   22.725062] pimreg: left allmulticast mode
[   22.725667] pimreg: left allmulticast mode
[   22.740358] pimreg: entered allmulticast mode
[   22.750372] pimreg: entered allmulticast mode
[   22.777155] pimreg: entered allmulticast mode
[   22.797590] pimreg: entered allmulticast mode
[   22.825970] pimreg: entered allmulticast mode
[   22.853875] pimreg: entered allmulticast mode
[   22.881894] pimreg: entered allmulticast mode
[   22.917646] pimreg: entered allmulticast mode
[   22.942113] pimreg: entered allmulticast mode
[   22.978533] pimreg: left allmulticast mode
[   22.978907] pimreg: left allmulticast mode
[   22.979171] pimreg: left allmulticast mode
[   22.979417] pimreg: left allmulticast mode
[   22.979748] pimreg: left allmulticast mode
[   22.980054] pimreg: left allmulticast mode
[   22.980354] pimreg: left allmulticast mode
[   22.980880] pimreg: left allmulticast mode
[   22.981312] pimreg: left allmulticast mode
[   22.996733] pimreg: entered allmulticast mode
[   23.021777] pimreg: entered allmulticast mode
[   23.050727] pimreg: entered allmulticast mode
[   23.073868] pimreg: entered allmulticast mode
[   23.098149] pimreg: entered allmulticast mode
[   23.125618] pimreg: entered allmulticast mode
[   23.154119] pimreg: entered allmulticast mode
[   23.182133] pimreg: entered allmulticast mode
[   23.206188] pimreg: entered allmulticast mode
[   23.210540] pimreg: left allmulticast mode
[   23.210916] pimreg: left allmulticast mode
[   23.211215] pimreg: left allmulticast mode
[   23.211502] pimreg: left allmulticast mode
[   23.211797] pimreg: left allmulticast mode
[   23.212487] pimreg: left allmulticast mode
[   23.212857] pimreg: left allmulticast mode
[   23.213153] pimreg: left allmulticast mode
[   23.213929] pimreg: left allmulticast mode
[   23.228297] pimreg: entered allmulticast mode
[   23.251017] pimreg: entered allmulticast mode
[   23.265901] pimreg: entered allmulticast mode
[   23.285555] pimreg: entered allmulticast mode
[   23.305316] pimreg: entered allmulticast mode
[   23.329619] pimreg: entered allmulticast mode
[   23.349877] pimreg: entered allmulticast mode
[   23.373659] pimreg: entered allmulticast mode
[   23.393634] pimreg: entered allmulticast mode
[   23.414676] pimreg: left allmulticast mode
[   23.415037] pimreg: left allmulticast mode
[   23.415285] pimreg: left allmulticast mode
[   23.415575] pimreg: left allmulticast mode
[   23.415893] pimreg: left allmulticast mode
[   23.416604] pimreg: left allmulticast mode
[   23.417065] pimreg: left allmulticast mode
[   23.417361] pimreg: left allmulticast mode
[   23.417751] pimreg: left allmulticast mode
[   23.431004] pimreg: entered allmulticast mode
[   23.447831] pimreg: entered allmulticast mode
[   23.468528] pimreg: entered allmulticast mode
[   23.477320] pimreg: entered allmulticast mode
[   23.501531] pimreg: entered allmulticast mode
[   23.522156] pimreg: entered allmulticast mode
[   23.545488] pimreg: entered allmulticast mode
[   23.566445] pimreg: left allmulticast mode
[   23.566801] pimreg: left allmulticast mode
[   23.567065] pimreg: left allmulticast mode
[   23.567378] pimreg: left allmulticast mode
[   23.567686] pimreg: left allmulticast mode
[   23.568940] pimreg: left allmulticast mode
[   23.569260] pimreg: left allmulticast mode
[   23.580945] pimreg: entered allmulticast mode
[   23.606902] pimreg: entered allmulticast mode
[   23.621874] pimreg: entered allmulticast mode
[   23.646350] pimreg: entered allmulticast mode
[   23.669615] pimreg: entered allmulticast mode
[   23.693674] pimreg: entered allmulticast mode
[   23.717547] pimreg: entered allmulticast mode
[   23.734584] pimreg: left allmulticast mode
[   23.734958] pimreg: left allmulticast mode
[   23.735211] pimreg: left allmulticast mode
[   23.735505] pimreg: left allmulticast mode
[   23.735812] pimreg: left allmulticast mode
[   23.736117] pimreg: left allmulticast mode
[   23.736409] pimreg: left allmulticast mode
[   23.748769] pimreg: entered allmulticast mode
[   23.762386] pimreg: entered allmulticast mode
[   23.787413] pimreg: entered allmulticast mode
[   23.810058] pimreg: entered allmulticast mode
[   23.834260] pimreg: entered allmulticast mode
[   23.858377] pimreg: entered allmulticast mode
[   23.873742] pimreg: entered allmulticast mode
[   23.897816] pimreg: entered allmulticast mode
[   23.903131] pimreg: left allmulticast mode
[   23.903465] pimreg: left allmulticast mode
[   23.903726] pimreg: left allmulticast mode
[   23.904025] pimreg: left allmulticast mode
[   23.904307] pimreg: left allmulticast mode
[   23.904594] pimreg: left allmulticast mode
[   23.904891] pimreg: left allmulticast mode
[   23.905167] pimreg: left allmulticast mode
[   23.918751] pimreg: entered allmulticast mode
[   23.938982] pimreg: entered allmulticast mode
[   23.969365] pimreg: entered allmulticast mode
[   23.989837] pimreg: entered allmulticast mode
[   24.001664] pimreg: entered allmulticast mode
[   24.025846] pimreg: entered allmulticast mode
[   24.057463] pimreg: entered allmulticast mode
[   24.081701] pimreg: entered allmulticast mode
[   24.086764] pimreg: left allmulticast mode
[   24.087124] pimreg: left allmulticast mode
[   24.087393] pimreg: left allmulticast mode
[   24.087647] pimreg: left allmulticast mode
[   24.087926] pimreg: left allmulticast mode
[   24.088227] pimreg: left allmulticast mode
[   24.088512] pimreg: left allmulticast mode
[   24.105161] pimreg: entered allmulticast mode
[   24.126354] pimreg: entered allmulticast mode
[   24.156124] pimreg: entered allmulticast mode
[   24.177991] pimreg: entered allmulticast mode
[   24.201496] pimreg: entered allmulticast mode
[   24.226080] pimreg: entered allmulticast mode
[   24.245592] pimreg: entered allmulticast mode
[   24.265460] pimreg: entered allmulticast mode
[   24.270476] pimreg: left allmulticast mode
[   24.270840] pimreg: left allmulticast mode
[   24.271103] pimreg: left allmulticast mode
[   24.271350] pimreg: left allmulticast mode
[   24.271598] pimreg: left allmulticast mode
[   24.271852] pimreg: left allmulticast mode
[   24.272142] pimreg: left allmulticast mode
[   24.272426] pimreg: left allmulticast mode
[   24.288935] pimreg: entered allmulticast mode
[   24.318160] pimreg: entered allmulticast mode
[   24.345633] pimreg: entered allmulticast mode
[   24.370544] pimreg: entered allmulticast mode
[   24.385151] pimreg: entered allmulticast mode
[   24.409665] pimreg: entered allmulticast mode
[   24.433986] pimreg: entered allmulticast mode
[   24.457571] pimreg: entered allmulticast mode
[   24.478309] pimreg: left allmulticast mode
[   24.478653] pimreg: left allmulticast mode
[   24.478906] pimreg: left allmulticast mode
[   24.479211] pimreg: left allmulticast mode
[   24.480070] pimreg: left allmulticast mode
[   24.480400] pimreg: left allmulticast mode
[   24.480714] pimreg: left allmulticast mode
[   24.480994] pimreg: left allmulticast mode
[   24.481278] pimreg: left allmulticast mode
[   24.494968] pimreg: entered allmulticast mode
[   24.516864] pimreg: entered allmulticast mode
[   24.542150] pimreg: entered allmulticast mode
[   24.578066] pimreg: entered allmulticast mode
[   24.602007] pimreg: entered allmulticast mode
[   24.625323] pimreg: entered allmulticast mode
[   24.650178] pimreg: entered allmulticast mode
[   24.673765] pimreg: entered allmulticast mode
[   24.693652] pimreg: entered allmulticast mode
[   24.694009] pimreg: left allmulticast mode
[   24.694322] pimreg: left allmulticast mode
[   24.694574] pimreg: left allmulticast mode
[   24.694830] pimreg: left allmulticast mode
[   24.695130] pimreg: left allmulticast mode
[   24.695417] pimreg: left allmulticast mode
[   24.695707] pimreg: left allmulticast mode
[   24.695997] pimreg: left allmulticast mode
[   24.710394] pimreg: entered allmulticast mode
[   24.733703] pimreg: entered allmulticast mode
[   24.765057] pimreg: entered allmulticast mode
[   24.786457] pimreg: entered allmulticast mode
[   24.797393] pimreg: entered allmulticast mode
[   24.833993] pimreg: entered allmulticast mode
[   24.850294] pimreg: left allmulticast mode
[   24.850649] pimreg: left allmulticast mode
[   24.850899] pimreg: left allmulticast mode
[   24.852193] pimreg: left allmulticast mode
[   24.852503] pimreg: left allmulticast mode
[   24.852777] pimreg: left allmulticast mode
[   24.853025] pimreg: left allmulticast mode
[   24.864343] pimreg: entered allmulticast mode
[   24.885611] pimreg: entered allmulticast mode
[   24.906181] pimreg: entered allmulticast mode
[   24.930450] pimreg: entered allmulticast mode
[   24.954377] pimreg: entered allmulticast mode
[   24.969919] pimreg: entered allmulticast mode
[   24.989361] pimreg: entered allmulticast mode
[   25.002348] pimreg: left allmulticast mode
[   25.002707] pimreg: left allmulticast mode
[   25.002964] pimreg: left allmulticast mode
[   25.003213] pimreg: left allmulticast mode
[   25.003509] pimreg: left allmulticast mode
[   25.004138] pimreg: left allmulticast mode
[   25.004444] pimreg: left allmulticast mode
[   25.018228] pimreg: entered allmulticast mode
[   25.044866] pimreg: entered allmulticast mode
[   25.086385] pimreg: entered allmulticast mode
[   25.106300] pimreg: entered allmulticast mode
[   25.130315] pimreg: entered allmulticast mode
[   25.153659] pimreg: entered allmulticast mode
[   25.174207] pimreg: entered allmulticast mode
[   25.182939] pimreg: left allmulticast mode
[   25.183273] pimreg: left allmulticast mode
[   25.183525] pimreg: left allmulticast mode
[   25.183837] pimreg: left allmulticast mode
[   25.184128] pimreg: left allmulticast mode
[   25.184418] pimreg: left allmulticast mode
[   25.184716] pimreg: left allmulticast mode
[   25.196827] pimreg: entered allmulticast mode
[   25.212314] pimreg: entered allmulticast mode
[   25.234324] pimreg: entered allmulticast mode
[   25.246188] pimreg: entered allmulticast mode
[   25.273382] pimreg: entered allmulticast mode
[   25.293966] pimreg: entered allmulticast mode
[   25.298375] pimreg: left allmulticast mode
[   25.298730] pimreg: left allmulticast mode
[   25.298977] pimreg: left allmulticast mode
[   25.299285] pimreg: left allmulticast mode
[   25.299576] pimreg: left allmulticast mode
[   25.299872] pimreg: left allmulticast mode
[   25.310720] pimreg: entered allmulticast mode
[   25.336893] pimreg: entered allmulticast mode
[   25.355249] pimreg: entered allmulticast mode
[   25.377564] pimreg: entered allmulticast mode
[   25.401752] pimreg: entered allmulticast mode
[   25.421321] pimreg: entered allmulticast mode
[   25.442174] pimreg: entered allmulticast mode
[   25.462183] pimreg: left allmulticast mode
[   25.462549] pimreg: left allmulticast mode
[   25.463343] pimreg: left allmulticast mode
[   25.463827] pimreg: left allmulticast mode
[   25.464096] pimreg: left allmulticast mode
[   25.464354] pimreg: left allmulticast mode
[   25.464664] pimreg: left allmulticast mode
[   25.475544] pimreg: entered allmulticast mode
[   25.494104] pimreg: entered allmulticast mode
[   25.520699] pimreg: entered allmulticast mode
[   25.542189] pimreg: entered allmulticast mode
[   25.569780] pimreg: entered allmulticast mode
[   25.593768] pimreg: entered allmulticast mode
[   25.618020] pimreg: entered allmulticast mode
[   25.641976] pimreg: entered allmulticast mode
[   25.646487] pimreg: left allmulticast mode
[   25.646851] pimreg: left allmulticast mode
[   25.647119] pimreg: left allmulticast mode
[   25.647363] pimreg: left allmulticast mode
[   25.647680] pimreg: left allmulticast mode
[   25.648184] pimreg: left allmulticast mode
[   25.648685] pimreg: left allmulticast mode
[   25.649004] pimreg: left allmulticast mode
[   25.662912] pimreg: entered allmulticast mode
[   25.690585] pimreg: entered allmulticast mode
[   25.710232] pimreg: entered allmulticast mode
[   25.722428] pimreg: entered allmulticast mode
[   25.746021] pimreg: entered allmulticast mode
[   25.765801] pimreg: entered allmulticast mode
[   25.790053] pimreg: entered allmulticast mode
[   25.813600] pimreg: entered allmulticast mode
[   25.826353] pimreg: left allmulticast mode
[   25.826700] pimreg: left allmulticast mode
[   25.826959] pimreg: left allmulticast mode
[   25.827208] pimreg: left allmulticast mode
[   25.827507] pimreg: left allmulticast mode
[   25.827817] pimreg: left allmulticast mode
[   25.828113] pimreg: left allmulticast mode
[   25.828677] pimreg: left allmulticast mode
[   25.842871] pimreg: entered allmulticast mode
[   25.882625] pimreg: entered allmulticast mode
[   25.902406] pimreg: entered allmulticast mode
[   25.926624] pimreg: entered allmulticast mode
[   25.941087] pimreg: entered allmulticast mode
[   25.965488] pimreg: entered allmulticast mode
[   25.986101] pimreg: entered allmulticast mode
[   25.990384] pimreg: left allmulticast mode
[   25.990763] pimreg: left allmulticast mode
[   25.991028] pimreg: left allmulticast mode
[   25.991286] pimreg: left allmulticast mode
[   25.991579] pimreg: left allmulticast mode
[   25.991891] pimreg: left allmulticast mode
[   25.992977] pimreg: left allmulticast mode
[   26.004653] pimreg: entered allmulticast mode
[   26.032964] pimreg: entered allmulticast mode
[   26.056998] pimreg: entered allmulticast mode
[   26.081938] pimreg: entered allmulticast mode
[   26.101612] pimreg: entered allmulticast mode
[   26.121998] pimreg: entered allmulticast mode
[   26.145660] pimreg: entered allmulticast mode
[   26.171218] pimreg: entered allmulticast mode
[   26.171600] pimreg: left allmulticast mode
[   26.171941] pimreg: left allmulticast mode
[   26.172216] pimreg: left allmulticast mode
[   26.172480] pimreg: left allmulticast mode
[   26.172772] pimreg: left allmulticast mode
[   26.173065] pimreg: left allmulticast mode
[   26.173368] pimreg: left allmulticast mode
[   26.186446] pimreg: entered allmulticast mode
[   26.209616] pimreg: entered allmulticast mode
[   26.234934] pimreg: entered allmulticast mode
[   26.257499] pimreg: entered allmulticast mode
[   26.281476] pimreg: entered allmulticast mode
[   26.301159] pimreg: entered allmulticast mode
[   26.326163] pimreg: entered allmulticast mode
[   26.326553] pimreg: left allmulticast mode
[   26.326949] pimreg: left allmulticast mode
[   26.327261] pimreg: left allmulticast mode
[   26.327547] pimreg: left allmulticast mode
[   26.327871] pimreg: left allmulticast mode
[   26.328179] pimreg: left allmulticast mode
[   26.328460] pimreg: left allmulticast mode
[   26.343256] pimreg: entered allmulticast mode
[   26.362727] pimreg: entered allmulticast mode
[   26.388214] pimreg: entered allmulticast mode
[   26.418017] pimreg: entered allmulticast mode
[   26.461626] pimreg: entered allmulticast mode
[   26.489844] pimreg: entered allmulticast mode
[   26.521642] pimreg: entered allmulticast mode
[   26.557245] pimreg: entered allmulticast mode
[   26.569695] pimreg: entered allmulticast mode
[   26.574220] pimreg: left allmulticast mode
[   26.574604] pimreg: left allmulticast mode
[   26.574867] pimreg: left allmulticast mode
[   26.575186] pimreg: left allmulticast mode
[   26.575478] pimreg: left allmulticast mode
[   26.575777] pimreg: left allmulticast mode
[   26.576061] pimreg: left allmulticast mode
[   26.576355] pimreg: left allmulticast mode
[   26.576651] pimreg: left allmulticast mode
[   26.576961] pimreg: left allmulticast mode
[   26.593390] pimreg: entered allmulticast mode
[   26.616195] pimreg: entered allmulticast mode
[   26.642526] pimreg: entered allmulticast mode
[   26.671018] pimreg: entered allmulticast mode
[   26.689721] pimreg: entered allmulticast mode
[   26.717300] pimreg: entered allmulticast mode
[   26.737670] pimreg: entered allmulticast mode
[   26.757589] pimreg: entered allmulticast mode
[   26.777733] pimreg: entered allmulticast mode
[   26.801681] pimreg: entered allmulticast mode
[   26.815422] pimreg: left allmulticast mode
[   26.815808] pimreg: left allmulticast mode
[   26.816081] pimreg: left allmulticast mode
[   26.816332] pimreg: left allmulticast mode
[   26.816656] pimreg: left allmulticast mode
[   26.816939] pimreg: left allmulticast mode
[   26.817239] pimreg: left allmulticast mode
[   26.817611] pimreg: left allmulticast mode
[   26.817916] pimreg: left allmulticast mode
[   26.818210] pimreg: left allmulticast mode
[   26.834686] pimreg: entered allmulticast mode
[   26.864366] pimreg: entered allmulticast mode
[   26.881334] pimreg: entered allmulticast mode
[   26.902082] pimreg: entered allmulticast mode
[   26.925657] pimreg: entered allmulticast mode
[   26.945543] pimreg: entered allmulticast mode
[   26.970238] pimreg: entered allmulticast mode
[   26.990054] pimreg: entered allmulticast mode
[   27.013531] pimreg: entered allmulticast mode
[   27.036196] pimreg: left allmulticast mode
[   27.036531] pimreg: left allmulticast mode
[   27.036819] pimreg: left allmulticast mode
[   27.037080] pimreg: left allmulticast mode
[   27.037334] pimreg: left allmulticast mode
[   27.037881] pimreg: left allmulticast mode
[   27.038192] pimreg: left allmulticast mode
[   27.038487] pimreg: left allmulticast mode
[   27.038781] pimreg: left allmulticast mode
[   27.051697] pimreg: entered allmulticast mode
[   27.075659] pimreg: entered allmulticast mode
[   27.103006] pimreg: entered allmulticast mode
[   27.125779] pimreg: entered allmulticast mode
[   27.149942] pimreg: entered allmulticast mode
[   27.173851] pimreg: entered allmulticast mode
[   27.201851] pimreg: entered allmulticast mode
[   27.221668] pimreg: entered allmulticast mode
[   27.245920] pimreg: entered allmulticast mode
[   27.251344] pimreg: left allmulticast mode
[   27.251690] pimreg: left allmulticast mode
[   27.251941] pimreg: left allmulticast mode
[   27.252188] pimreg: left allmulticast mode
[   27.252489] pimreg: left allmulticast mode
[   27.252800] pimreg: left allmulticast mode
[   27.253090] pimreg: left allmulticast mode
[   27.253376] pimreg: left allmulticast mode
[   27.254577] pimreg: left allmulticast mode
[   27.268376] pimreg: entered allmulticast mode
[   27.295739] pimreg: entered allmulticast mode
[   27.319199] pimreg: entered allmulticast mode
[   27.341371] pimreg: entered allmulticast mode
[   27.366172] pimreg: entered allmulticast mode
[   27.385861] pimreg: entered allmulticast mode
[   27.414076] pimreg: entered allmulticast mode
[   27.441895] pimreg: entered allmulticast mode
[   27.473321] pimreg: entered allmulticast mode
[   27.486343] pimreg: left allmulticast mode
[   27.486904] pimreg: left allmulticast mode
[   27.487162] pimreg: left allmulticast mode
[   27.487461] pimreg: left allmulticast mode
[   27.487765] pimreg: left allmulticast mode
[   27.488048] pimreg: left allmulticast mode
[   27.488332] pimreg: left allmulticast mode
[   27.488625] pimreg: left allmulticast mode
[   27.488908] pimreg: left allmulticast mode
[   27.503764] pimreg: entered allmulticast mode
[   27.530916] pimreg: entered allmulticast mode
[   27.552644] pimreg: entered allmulticast mode
[   27.573747] pimreg: entered allmulticast mode
[   27.597652] pimreg: entered allmulticast mode
[   27.621565] pimreg: entered allmulticast mode
[   27.645480] pimreg: entered allmulticast mode
[   27.671244] pimreg: entered allmulticast mode
[   27.697833] pimreg: entered allmulticast mode
[   27.718786] pimreg: left allmulticast mode
[   27.719086] pimreg: left allmulticast mode
[   27.719349] pimreg: left allmulticast mode
[   27.719619] pimreg: left allmulticast mode
[   27.720015] pimreg: left allmulticast mode
[   27.720306] pimreg: left allmulticast mode
[   27.720607] pimreg: left allmulticast mode
[   27.720897] pimreg: left allmulticast mode
[   27.721187] pimreg: left allmulticast mode
[   27.735001] pimreg: entered allmulticast mode
[   27.759671] pimreg: entered allmulticast mode
[   27.785630] pimreg: entered allmulticast mode
[   27.806118] pimreg: entered allmulticast mode
[   27.826567] pimreg: entered allmulticast mode
[   27.849821] pimreg: entered allmulticast mode
[   27.873704] pimreg: entered allmulticast mode
[   27.897896] pimreg: entered allmulticast mode
[   27.934225] pimreg: entered allmulticast mode
[   27.961975] pimreg: entered allmulticast mode
[   27.966919] pimreg: left allmulticast mode
[   27.967316] pimreg: left allmulticast mode
[   27.967621] pimreg: left allmulticast mode
[   27.967913] pimreg: left allmulticast mode
[   27.968203] pimreg: left allmulticast mode
[   27.968524] pimreg: left allmulticast mode
[   27.968827] pimreg: left allmulticast mode
[   27.969110] pimreg: left allmulticast mode
[   27.969392] pimreg: left allmulticast mode
[   27.970085] pimreg: left allmulticast mode
[   27.985026] pimreg: entered allmulticast mode
[   28.008882] pimreg: entered allmulticast mode
[   28.035496] pimreg: entered allmulticast mode
[   28.045575] pimreg: entered allmulticast mode
[   28.065495] pimreg: entered allmulticast mode
[   28.090107] pimreg: entered allmulticast mode
[   28.113889] pimreg: entered allmulticast mode
[   28.141728] pimreg: entered allmulticast mode
[   28.177252] pimreg: entered allmulticast mode
[   28.190442] pimreg: left allmulticast mode
[   28.190974] pimreg: left allmulticast mode
[   28.191244] pimreg: left allmulticast mode
[   28.191512] pimreg: left allmulticast mode
[   28.191817] pimreg: left allmulticast mode
[   28.192118] pimreg: left allmulticast mode
[   28.192430] pimreg: left allmulticast mode
[   28.192723] pimreg: left allmulticast mode
[   28.193014] pimreg: left allmulticast mode
[   28.209068] pimreg: entered allmulticast mode
[   28.227341] pimreg: entered allmulticast mode
[   28.257372] pimreg: entered allmulticast mode
[   28.277493] pimreg: entered allmulticast mode
[   28.301849] pimreg: entered allmulticast mode
[   28.325818] pimreg: entered allmulticast mode
[   28.353719] pimreg: entered allmulticast mode
[   28.382082] pimreg: entered allmulticast mode
[   28.405564] pimreg: entered allmulticast mode
[   28.426655] pimreg: left allmulticast mode
[   28.427001] pimreg: left allmulticast mode
[   28.427552] pimreg: left allmulticast mode
[   28.427825] pimreg: left allmulticast mode
[   28.428086] pimreg: left allmulticast mode
[   28.428382] pimreg: left allmulticast mode
[   28.428661] pimreg: left allmulticast mode
[   28.428942] pimreg: left allmulticast mode
[   28.429222] pimreg: left allmulticast mode
[   28.442753] pimreg: entered allmulticast mode
[   28.468792] pimreg: entered allmulticast mode
[   28.494350] pimreg: entered allmulticast mode
[   28.506148] pimreg: entered allmulticast mode
[   28.530082] pimreg: entered allmulticast mode
[   28.554155] pimreg: entered allmulticast mode
[   28.559457] pimreg: left allmulticast mode
[   28.560110] pimreg: left allmulticast mode
[   28.560438] pimreg: left allmulticast mode
[   28.560742] pimreg: left allmulticast mode
[   28.561028] pimreg: left allmulticast mode
[   28.577729] pimreg: entered allmulticast mode
[   28.602918] pimreg: entered allmulticast mode
[   28.621698] pimreg: entered allmulticast mode
[   28.642174] pimreg: entered allmulticast mode
[   28.681701] pimreg: entered allmulticast mode
[   28.705969] pimreg: entered allmulticast mode
[   28.710890] pimreg: left allmulticast mode
[   28.711520] pimreg: left allmulticast mode
[   28.711792] pimreg: left allmulticast mode
[   28.712041] pimreg: left allmulticast mode
[   28.712288] pimreg: left allmulticast mode
[   28.712575] pimreg: left allmulticast mode
[   28.729842] pimreg: entered allmulticast mode
[   28.755026] pimreg: entered allmulticast mode
[   28.773766] pimreg: entered allmulticast mode
[   28.801939] pimreg: entered allmulticast mode
[   28.833778] pimreg: entered allmulticast mode
[   28.861925] pimreg: entered allmulticast mode
[   28.898057] pimreg: entered allmulticast mode
[   28.902501] pimreg: left allmulticast mode
[   28.902847] pimreg: left allmulticast mode
[   28.903219] pimreg: left allmulticast mode
[   28.903474] pimreg: left allmulticast mode
[   28.904417] pimreg: left allmulticast mode
[   28.904736] pimreg: left allmulticast mode
[   28.906266] pimreg: left allmulticast mode
[   28.918831] pimreg: entered allmulticast mode
[   28.945550] pimreg: entered allmulticast mode
[   28.969060] pimreg: entered allmulticast mode
[   28.993256] pimreg: entered allmulticast mode
[   29.013173] pimreg: entered allmulticast mode
[   29.037433] pimreg: entered allmulticast mode
[   29.058206] pimreg: left allmulticast mode
[   29.058560] pimreg: left allmulticast mode
[   29.058813] pimreg: left allmulticast mode
[   29.059116] pimreg: left allmulticast mode
[   29.059549] pimreg: left allmulticast mode
[   29.060351] pimreg: left allmulticast mode
[   29.060723] pimreg: left allmulticast mode
[   29.072209] pimreg: entered allmulticast mode
[   29.097706] pimreg: entered allmulticast mode
[   29.118500] pimreg: entered allmulticast mode
[   29.130391] pimreg: entered allmulticast mode
[   29.154401] pimreg: entered allmulticast mode
[   29.166824] pimreg: left allmulticast mode
[   29.167151] pimreg: left allmulticast mode
[   29.167402] pimreg: left allmulticast mode
[   29.167711] pimreg: left allmulticast mode
[   29.168033] pimreg: left allmulticast mode
[   29.177802] pimreg: entered allmulticast mode
[   29.206992] pimreg: entered allmulticast mode
[   29.227619] pimreg: entered allmulticast mode
[   29.258792] pimreg: entered allmulticast mode
[   29.281730] pimreg: entered allmulticast mode
[   29.305757] pimreg: entered allmulticast mode
[   29.326150] pimreg: left allmulticast mode
[   29.327167] pimreg: left allmulticast mode
[   29.327539] pimreg: left allmulticast mode
[   29.328921] pimreg: left allmulticast mode
[   29.329178] pimreg: left allmulticast mode
[   29.329455] pimreg: left allmulticast mode
[   29.339685] pimreg: entered allmulticast mode
[   29.357002] pimreg: entered allmulticast mode
[   29.381246] pimreg: entered allmulticast mode
[   29.413645] pimreg: entered allmulticast mode
[   29.441797] pimreg: entered allmulticast mode
[   29.465663] pimreg: entered allmulticast mode
[   29.489812] pimreg: entered allmulticast mode
[   29.494944] pimreg: left allmulticast mode
[   29.495306] pimreg: left allmulticast mode
[   29.495616] pimreg: left allmulticast mode
[   29.495940] pimreg: left allmulticast mode
[   29.496243] pimreg: left allmulticast mode
[   29.496545] pimreg: left allmulticast mode
[   29.513642] pimreg: entered allmulticast mode
[   29.529078] pimreg: entered allmulticast mode
[   29.560267] pimreg: entered allmulticast mode
[   29.570673] pimreg: entered allmulticast mode
[   29.594346] pimreg: entered allmulticast mode
[   29.614108] pimreg: left allmulticast mode
[   29.614466] pimreg: left allmulticast mode
[   29.614716] pimreg: left allmulticast mode
[   29.615021] pimreg: left allmulticast mode
[   29.615331] pimreg: left allmulticast mode
[   29.615951] pimreg: left allmulticast mode
[   29.626363] pimreg: entered allmulticast mode
[   29.644623] pimreg: entered allmulticast mode
[   29.675801] pimreg: entered allmulticast mode
[   29.698347] pimreg: entered allmulticast mode
[   29.717658] pimreg: entered allmulticast mode
[   29.741336] pimreg: entered allmulticast mode
[   29.761501] pimreg: entered allmulticast mode
[   29.782463] pimreg: left allmulticast mode
[   29.783142] pimreg: left allmulticast mode
[   29.783429] pimreg: left allmulticast mode
[   29.783843] pimreg: left allmulticast mode
[   29.784107] pimreg: left allmulticast mode
[   29.784405] pimreg: left allmulticast mode
[   29.784717] pimreg: left allmulticast mode
[   29.796348] pimreg: entered allmulticast mode
[   29.810303] pimreg: entered allmulticast mode
[   29.838525] pimreg: entered allmulticast mode
[   29.849516] pimreg: entered allmulticast mode
[   29.873705] pimreg: entered allmulticast mode
[   29.898751] pimreg: entered allmulticast mode
[   29.914516] pimreg: left allmulticast mode
[   29.914938] pimreg: left allmulticast mode
[   29.915204] pimreg: left allmulticast mode
[   29.915472] pimreg: left allmulticast mode
[   29.915764] pimreg: left allmulticast mode
[   29.916069] pimreg: left allmulticast mode
[   29.926237] pimreg: entered allmulticast mode
[   29.945520] pimreg: entered allmulticast mode
[   29.970328] pimreg: entered allmulticast mode
[   29.983554] pimreg: entered allmulticast mode
[   30.002627] pimreg: entered allmulticast mode
[   30.022762] pimreg: left allmulticast mode
[   30.023077] pimreg: left allmulticast mode
[   30.023334] pimreg: left allmulticast mode
[   30.023601] pimreg: left allmulticast mode
[   30.023898] pimreg: left allmulticast mode
[   30.034109] pimreg: entered allmulticast mode
[   30.052342] pimreg: entered allmulticast mode
[   30.070902] pimreg: entered allmulticast mode
[   30.093671] pimreg: entered allmulticast mode
[   30.105538] pimreg: entered allmulticast mode
[   30.125780] pimreg: entered allmulticast mode
[   30.145966] pimreg: left allmulticast mode
[   30.146310] pimreg: left allmulticast mode
[   30.146585] pimreg: left allmulticast mode
[   30.146839] pimreg: left allmulticast mode
[   30.147161] pimreg: left allmulticast mode
[   30.148129] pimreg: left allmulticast mode
[   30.158500] pimreg: entered allmulticast mode
[   30.187531] pimreg: entered allmulticast mode
[   30.219170] pimreg: entered allmulticast mode
[   30.241767] pimreg: entered allmulticast mode
[   30.269833] pimreg: entered allmulticast mode
[   30.297534] pimreg: entered allmulticast mode
[   30.321541] pimreg: entered allmulticast mode
[   30.338777] pimreg: left allmulticast mode
[   30.339099] pimreg: left allmulticast mode
[   30.339400] pimreg: left allmulticast mode
[   30.339716] pimreg: left allmulticast mode
[   30.340010] pimreg: left allmulticast mode
[   30.340307] pimreg: left allmulticast mode
[   30.340610] pimreg: left allmulticast mode
[   30.352295] pimreg: entered allmulticast mode
[   30.361752] pimreg: entered allmulticast mode
[   30.378027] pimreg: entered allmulticast mode
[   30.405963] pimreg: entered allmulticast mode
[   30.425833] pimreg: entered allmulticast mode
[   30.445808] pimreg: entered allmulticast mode
[   30.469679] pimreg: entered allmulticast mode
[   30.489304] pimreg: entered allmulticast mode
[   30.518465] pimreg: entered allmulticast mode
[   30.518848] pimreg: left allmulticast mode
[   30.519198] pimreg: left allmulticast mode
[   30.519458] pimreg: left allmulticast mode
[   30.519719] pimreg: left allmulticast mode
[   30.519974] pimreg: left allmulticast mode
[   30.520290] pimreg: left allmulticast mode
[   30.520575] pimreg: left allmulticast mode
[   30.520885] pimreg: left allmulticast mode
[   30.534769] pimreg: entered allmulticast mode
[   30.554486] pimreg: entered allmulticast mode
[   30.578521] pimreg: entered allmulticast mode
[   30.601449] pimreg: entered allmulticast mode
[   30.626384] pimreg: entered allmulticast mode
[   30.649337] pimreg: entered allmulticast mode
[   30.673440] pimreg: entered allmulticast mode
[   30.697369] pimreg: entered allmulticast mode
[   30.718580] pimreg: left allmulticast mode
[   30.719249] pimreg: left allmulticast mode
[   30.719569] pimreg: left allmulticast mode
[   30.719834] pimreg: left allmulticast mode
[   30.720490] pimreg: left allmulticast mode
[   30.720770] pimreg: left allmulticast mode
[   30.721017] pimreg: left allmulticast mode
[   30.721291] pimreg: left allmulticast mode
[   30.721597] pimreg: left allmulticast mode
[   30.735481] pimreg: entered allmulticast mode
[   30.756959] pimreg: entered allmulticast mode
[   30.775113] pimreg: entered allmulticast mode
[   30.794245] pimreg: entered allmulticast mode
[   30.813294] pimreg: entered allmulticast mode
[   30.841738] pimreg: entered allmulticast mode
[   30.865825] pimreg: entered allmulticast mode
[   30.885654] pimreg: entered allmulticast mode
[   30.890339] pimreg: left allmulticast mode
[   30.890688] pimreg: left allmulticast mode
[   30.890949] pimreg: left allmulticast mode
[   30.891203] pimreg: left allmulticast mode
[   30.891502] pimreg: left allmulticast mode
[   30.891796] pimreg: left allmulticast mode
[   30.892111] pimreg: left allmulticast mode
[   30.904164] pimreg: entered allmulticast mode
[   30.921797] pimreg: entered allmulticast mode
[   30.936753] pimreg: entered allmulticast mode
[   30.967030] pimreg: entered allmulticast mode
[   30.994883] pimreg: entered allmulticast mode
[   31.009528] pimreg: entered allmulticast mode
[   31.029731] pimreg: entered allmulticast mode
[   31.049538] pimreg: entered allmulticast mode
[   31.070201] pimreg: left allmulticast mode
[   31.070571] pimreg: left allmulticast mode
[   31.070827] pimreg: left allmulticast mode
[   31.071084] pimreg: left allmulticast mode
[   31.071329] pimreg: left allmulticast mode
[   31.072203] pimreg: left allmulticast mode
[   31.072578] pimreg: left allmulticast mode
[   31.072868] pimreg: left allmulticast mode
[   31.073171] pimreg: left allmulticast mode
[   31.086545] pimreg: entered allmulticast mode
[   31.108004] pimreg: entered allmulticast mode
[   31.131129] pimreg: entered allmulticast mode
[   31.154965] pimreg: entered allmulticast mode
[   31.177687] pimreg: entered allmulticast mode
[   31.201961] pimreg: entered allmulticast mode
[   31.221920] pimreg: entered allmulticast mode
[   31.245884] pimreg: entered allmulticast mode
[   31.269794] pimreg: entered allmulticast mode
[   31.290453] pimreg: left allmulticast mode
[   31.290800] pimreg: left allmulticast mode
[   31.291339] pimreg: left allmulticast mode
[   31.291744] pimreg: left allmulticast mode
[   31.292057] pimreg: left allmulticast mode
[   31.292361] pimreg: left allmulticast mode
[   31.292667] pimreg: left allmulticast mode
[   31.292957] pimreg: left allmulticast mode
[   31.293247] pimreg: left allmulticast mode
[   31.307925] pimreg: entered allmulticast mode
[   31.329146] pimreg: entered allmulticast mode
[   31.355802] pimreg: entered allmulticast mode
[   31.379571] pimreg: entered allmulticast mode
[   31.393731] pimreg: entered allmulticast mode
[   31.417218] pimreg: entered allmulticast mode
[   31.441395] pimreg: entered allmulticast mode
[   31.465379] pimreg: entered allmulticast mode
[   31.489393] pimreg: entered allmulticast mode
[   31.510344] pimreg: left allmulticast mode
[   31.511173] pimreg: left allmulticast mode
[   31.511479] pimreg: left allmulticast mode
[   31.511886] pimreg: left allmulticast mode
[   31.512165] pimreg: left allmulticast mode
[   31.512429] pimreg: left allmulticast mode
[   31.512723] pimreg: left allmulticast mode
[   31.513005] pimreg: left allmulticast mode
[   31.513307] pimreg: left allmulticast mode
[   31.527525] pimreg: entered allmulticast mode
[   31.548779] pimreg: entered allmulticast mode
[   31.560370] pimreg: entered allmulticast mode
[   31.578080] pimreg: entered allmulticast mode
[   31.602316] pimreg: entered allmulticast mode
[   31.625713] pimreg: entered allmulticast mode
[   31.649749] pimreg: entered allmulticast mode
[   31.673651] pimreg: entered allmulticast mode
[   31.694243] pimreg: entered allmulticast mode
[   31.714636] pimreg: left allmulticast mode
[   31.715037] pimreg: left allmulticast mode
[   31.715333] pimreg: left allmulticast mode
[   31.715635] pimreg: left allmulticast mode
[   31.716917] pimreg: left allmulticast mode
[   31.717226] pimreg: left allmulticast mode
[   31.717568] pimreg: left allmulticast mode
[   31.717857] pimreg: left allmulticast mode
[   31.718143] pimreg: left allmulticast mode
[   31.732595] pimreg: entered allmulticast mode
[   31.755544] pimreg: entered allmulticast mode
[   31.782574] pimreg: entered allmulticast mode
[   31.805881] pimreg: entered allmulticast mode
[   31.818221] pimreg: entered allmulticast mode
[   31.841815] pimreg: entered allmulticast mode
[   31.865934] pimreg: entered allmulticast mode
[   31.909551] pimreg: entered allmulticast mode
[   31.941214] pimreg: entered allmulticast mode
[   31.946481] pimreg: left allmulticast mode
[   31.946814] pimreg: left allmulticast mode
[   31.947073] pimreg: left allmulticast mode
[   31.947393] pimreg: left allmulticast mode
[   31.947682] pimreg: left allmulticast mode
[   31.947979] pimreg: left allmulticast mode
[   31.948564] pimreg: left allmulticast mode
[   31.948938] pimreg: left allmulticast mode
[   31.949235] pimreg: left allmulticast mode
[   31.964691] pimreg: entered allmulticast mode
[   31.987159] pimreg: entered allmulticast mode
[   31.999277] pimreg: entered allmulticast mode
[   32.014272] pimreg: entered allmulticast mode
[   32.038654] pimreg: entered allmulticast mode
[   32.061748] pimreg: entered allmulticast mode
[   32.089879] pimreg: entered allmulticast mode
[   32.114585] pimreg: entered allmulticast mode
[   32.153282] pimreg: entered allmulticast mode
[   32.170323] pimreg: left allmulticast mode
[   32.170678] pimreg: left allmulticast mode
[   32.170947] pimreg: left allmulticast mode
[   32.171258] pimreg: left allmulticast mode
[   32.171574] pimreg: left allmulticast mode
[   32.172078] pimreg: left allmulticast mode
[   32.172471] pimreg: left allmulticast mode
[   32.172778] pimreg: left allmulticast mode
[   32.173064] pimreg: left allmulticast mode
[   32.173366] pimreg: left allmulticast mode
[   32.188630] pimreg: entered allmulticast mode
[   32.206230] pimreg: entered allmulticast mode
[   32.225510] pimreg: entered allmulticast mode
[   32.238606] pimreg: entered allmulticast mode
[   32.257822] pimreg: entered allmulticast mode
[   32.281641] pimreg: entered allmulticast mode
[   32.306086] pimreg: entered allmulticast mode
[   32.311682] pimreg: left allmulticast mode
[   32.312048] pimreg: left allmulticast mode
[   32.312303] pimreg: left allmulticast mode
[   32.312574] pimreg: left allmulticast mode
[   32.312873] pimreg: left allmulticast mode
[   32.326117] pimreg: entered allmulticast mode
[   32.349490] pimreg: entered allmulticast mode
[   32.374974] pimreg: entered allmulticast mode
[   32.397998] pimreg: entered allmulticast mode
[   32.421593] pimreg: entered allmulticast mode
[   32.446142] pimreg: entered allmulticast mode
[   32.466114] pimreg: left allmulticast mode
[   32.467134] pimreg: left allmulticast mode
[   32.468917] pimreg: left allmulticast mode
[   32.469230] pimreg: left allmulticast mode
[   32.469549] pimreg: left allmulticast mode
[   32.469798] pimreg: left allmulticast mode
[   32.470042] pimreg: left allmulticast mode
[   32.482034] pimreg: entered allmulticast mode
[   32.505695] pimreg: entered allmulticast mode
[   32.534141] pimreg: entered allmulticast mode
[   32.558655] pimreg: entered allmulticast mode
[   32.574008] pimreg: entered allmulticast mode
[   32.598258] pimreg: entered allmulticast mode
[   32.617574] pimreg: entered allmulticast mode
[   32.641935] pimreg: entered allmulticast mode
[   32.666382] pimreg: left allmulticast mode
[   32.666729] pimreg: left allmulticast mode
[   32.666990] pimreg: left allmulticast mode
[   32.667242] pimreg: left allmulticast mode
[   32.669323] pimreg: left allmulticast mode
[   32.670115] pimreg: left allmulticast mode
[   32.670411] pimreg: left allmulticast mode
[   32.670658] pimreg: left allmulticast mode
[   32.683296] pimreg: entered allmulticast mode
[   32.713724] pimreg: entered allmulticast mode
[   32.734773] pimreg: entered allmulticast mode
[   32.757736] pimreg: entered allmulticast mode
[   32.785590] pimreg: entered allmulticast mode
[   32.810177] pimreg: entered allmulticast mode
[   32.830293] pimreg: entered allmulticast mode
[   32.857242] pimreg: entered allmulticast mode
[   32.870390] pimreg: left allmulticast mode
[   32.870743] pimreg: left allmulticast mode
[   32.870994] pimreg: left allmulticast mode
[   32.871249] pimreg: left allmulticast mode
[   32.871552] pimreg: left allmulticast mode
[   32.871875] pimreg: left allmulticast mode
[   32.872938] pimreg: left allmulticast mode
[   32.873392] pimreg: left allmulticast mode
[   32.887139] pimreg: entered allmulticast mode
[   32.906113] pimreg: entered allmulticast mode
[   32.931497] pimreg: entered allmulticast mode
[   32.942668] pimreg: entered allmulticast mode
[   32.985768] pimreg: entered allmulticast mode
[   33.005878] pimreg: entered allmulticast mode
[   33.033459] pimreg: entered allmulticast mode
[   33.046342] pimreg: left allmulticast mode
[   33.046936] pimreg: left allmulticast mode
[   33.047218] pimreg: left allmulticast mode
[   33.047540] pimreg: left allmulticast mode
[   33.047832] pimreg: left allmulticast mode
[   33.048114] pimreg: left allmulticast mode
[   33.048995] pimreg: left allmulticast mode
[   33.061472] pimreg: entered allmulticast mode
[   33.084424] pimreg: entered allmulticast mode
[   33.101821] pimreg: entered allmulticast mode
[   33.116027] pimreg: entered allmulticast mode
[   33.137469] pimreg: entered allmulticast mode
[   33.157359] pimreg: entered allmulticast mode
[   33.177473] pimreg: entered allmulticast mode
[   33.202483] pimreg: entered allmulticast mode
[   33.211285] pimreg: left allmulticast mode
[   33.211662] pimreg: left allmulticast mode
[   33.211928] pimreg: left allmulticast mode
[   33.212181] pimreg: left allmulticast mode
[   33.212480] pimreg: left allmulticast mode
[   33.212777] pimreg: left allmulticast mode
[   33.213068] pimreg: left allmulticast mode
[   33.213365] pimreg: left allmulticast mode
[   33.227649] pimreg: entered allmulticast mode
[   33.246948] pimreg: entered allmulticast mode
[   33.260385] pimreg: entered allmulticast mode
[   33.278287] pimreg: entered allmulticast mode
[   33.301841] pimreg: entered allmulticast mode
[   33.321598] pimreg: entered allmulticast mode
[   33.346190] pimreg: entered allmulticast mode
[   33.381006] pimreg: entered allmulticast mode
[   33.406125] pimreg: entered allmulticast mode
[   33.410532] pimreg: left allmulticast mode
[   33.410896] pimreg: left allmulticast mode
[   33.411165] pimreg: left allmulticast mode
[   33.411438] pimreg: left allmulticast mode
[   33.411688] pimreg: left allmulticast mode
[   33.411983] pimreg: left allmulticast mode
[   33.412270] pimreg: left allmulticast mode
[   33.412562] pimreg: left allmulticast mode
[   33.426301] pimreg: entered allmulticast mode
[   33.462445] pimreg: entered allmulticast mode
[   33.487408] pimreg: entered allmulticast mode
[   33.509526] pimreg: entered allmulticast mode
[   33.521682] pimreg: entered allmulticast mode
[   33.549193] pimreg: entered allmulticast mode
[   33.581757] pimreg: entered allmulticast mode
[   33.601905] pimreg: entered allmulticast mode
[   33.621734] pimreg: entered allmulticast mode
[   33.626460] pimreg: left allmulticast mode
[   33.626803] pimreg: left allmulticast mode
[   33.627067] pimreg: left allmulticast mode
[   33.627328] pimreg: left allmulticast mode
[   33.627624] pimreg: left allmulticast mode
[   33.627928] pimreg: left allmulticast mode
[   33.628677] pimreg: left allmulticast mode
[   33.629005] pimreg: left allmulticast mode
[   33.629332] pimreg: left allmulticast mode
[   33.630227] pimreg: left allmulticast mode
[   33.645806] pimreg: entered allmulticast mode
[   33.671716] pimreg: entered allmulticast mode
[   33.695203] pimreg: entered allmulticast mode
[   33.717509] pimreg: entered allmulticast mode
[   33.741256] pimreg: entered allmulticast mode
[   33.765559] pimreg: entered allmulticast mode
[   33.786105] pimreg: entered allmulticast mode
[   33.805699] pimreg: entered allmulticast mode
[   33.829555] pimreg: entered allmulticast mode
[   33.869778] pimreg: entered allmulticast mode
[   33.874531] pimreg: left allmulticast mode
[   33.874883] pimreg: left allmulticast mode
[   33.875191] pimreg: left allmulticast mode
[   33.875523] pimreg: left allmulticast mode
[   33.875818] pimreg: left allmulticast mode
[   33.876136] pimreg: left allmulticast mode
[   33.876446] pimreg: left allmulticast mode
[   33.877320] pimreg: left allmulticast mode
[   33.878267] pimreg: left allmulticast mode
[   33.879058] pimreg: left allmulticast mode
[   33.894380] pimreg: entered allmulticast mode
[   33.932306] pimreg: entered allmulticast mode
[   33.949442] pimreg: entered allmulticast mode
[   33.965246] pimreg: entered allmulticast mode
[   34.002638] pimreg: entered allmulticast mode
[   34.033627] pimreg: entered allmulticast mode
[   34.058055] pimreg: entered allmulticast mode
[   34.097587] pimreg: entered allmulticast mode
[   34.126120] pimreg: entered allmulticast mode
[   34.150448] pimreg: left allmulticast mode
[   34.150786] pimreg: left allmulticast mode
[   34.151040] pimreg: left allmulticast mode
[   34.151374] pimreg: left allmulticast mode
[   34.151684] pimreg: left allmulticast mode
[   34.151994] pimreg: left allmulticast mode
[   34.152299] pimreg: left allmulticast mode
[   34.153134] pimreg: left allmulticast mode
[   34.153627] pimreg: left allmulticast mode
[   34.167977] pimreg: entered allmulticast mode
[   34.199393] pimreg: entered allmulticast mode
[   34.223653] pimreg: entered allmulticast mode
[   34.253669] pimreg: entered allmulticast mode
[   34.273267] pimreg: entered allmulticast mode
[   34.297720] pimreg: entered allmulticast mode
[   34.317638] pimreg: entered allmulticast mode
[   34.346185] pimreg: entered allmulticast mode
[   34.365537] pimreg: entered allmulticast mode
[   34.370537] pimreg: left allmulticast mode
[   34.370879] pimreg: left allmulticast mode
[   34.371142] pimreg: left allmulticast mode
[   34.371873] pimreg: left allmulticast mode
[   34.372167] pimreg: left allmulticast mode
[   34.372462] pimreg: left allmulticast mode
[   34.372713] pimreg: left allmulticast mode
[   34.373012] pimreg: left allmulticast mode
[   34.373324] pimreg: left allmulticast mode
[   34.388544] pimreg: entered allmulticast mode
[   34.418729] pimreg: entered allmulticast mode
[   34.432518] pimreg: entered allmulticast mode
[   34.454260] pimreg: entered allmulticast mode
[   34.493853] pimreg: entered allmulticast mode
[   34.533742] pimreg: entered allmulticast mode
[   34.561862] pimreg: entered allmulticast mode
[   34.597983] pimreg: entered allmulticast mode
[   34.618259] pimreg: left allmulticast mode
[   34.618643] pimreg: left allmulticast mode
[   34.619477] pimreg: left allmulticast mode
[   34.620298] pimreg: left allmulticast mode
[   34.620637] pimreg: left allmulticast mode
[   34.620926] pimreg: left allmulticast mode
[   34.621217] pimreg: left allmulticast mode
[   34.621589] pimreg: left allmulticast mode
[   34.634551] pimreg: entered allmulticast mode
[   34.659075] pimreg: entered allmulticast mode
[   34.681116] pimreg: entered allmulticast mode
[   34.702466] pimreg: entered allmulticast mode
[   34.738237] pimreg: entered allmulticast mode
[   34.761868] pimreg: entered allmulticast mode
[   34.797714] pimreg: entered allmulticast mode
[   34.802536] pimreg: left allmulticast mode
[   34.802885] pimreg: left allmulticast mode
[   34.803135] pimreg: left allmulticast mode
[   34.803467] pimreg: left allmulticast mode
[   34.803756] pimreg: left allmulticast mode
[   34.804040] pimreg: left allmulticast mode
[   34.804735] pimreg: left allmulticast mode
[   34.817734] pimreg: entered allmulticast mode
[   34.839493] pimreg: entered allmulticast mode
[   34.863149] pimreg: entered allmulticast mode
[   34.898416] pimreg: entered allmulticast mode
[   34.917332] pimreg: entered allmulticast mode
[   34.937608] pimreg: entered allmulticast mode
[   34.957631] pimreg: entered allmulticast mode
[   34.982623] pimreg: entered allmulticast mode
[   34.983048] pimreg: left allmulticast mode
[   34.983401] pimreg: left allmulticast mode
[   34.983656] pimreg: left allmulticast mode
[   34.983927] pimreg: left allmulticast mode
[   34.984175] pimreg: left allmulticast mode
[   34.984457] pimreg: left allmulticast mode
[   34.984703] pimreg: left allmulticast mode
[   34.996897] pimreg: entered allmulticast mode
[   35.032337] pimreg: entered allmulticast mode
[   35.046599] pimreg: entered allmulticast mode
[   35.074103] pimreg: entered allmulticast mode
[   35.113839] pimreg: entered allmulticast mode
[   35.137865] pimreg: entered allmulticast mode
[   35.193190] pimreg: entered allmulticast mode
[   35.213709] pimreg: entered allmulticast mode
[   35.218349] pimreg: left allmulticast mode
[   35.218689] pimreg: left allmulticast mode
[   35.218946] pimreg: left allmulticast mode
[   35.219197] pimreg: left allmulticast mode
[   35.219513] pimreg: left allmulticast mode
[   35.219814] pimreg: left allmulticast mode
[   35.220113] pimreg: left allmulticast mode
[   35.220812] pimreg: left allmulticast mode
[   35.221143] pimreg: left allmulticast mode
[   35.235553] pimreg: entered allmulticast mode
[   35.256405] pimreg: entered allmulticast mode
[   35.293291] pimreg: entered allmulticast mode
[   35.313633] pimreg: entered allmulticast mode
[   35.341776] pimreg: entered allmulticast mode
[   35.369713] pimreg: entered allmulticast mode
[   35.393816] pimreg: entered allmulticast mode
[   35.417596] pimreg: entered allmulticast mode
[   35.449954] pimreg: entered allmulticast mode
[   35.486648] pimreg: left allmulticast mode
[   35.487118] pimreg: left allmulticast mode
[   35.487415] pimreg: left allmulticast mode
[   35.487860] pimreg: left allmulticast mode
[   35.488176] pimreg: left allmulticast mode
[   35.488462] pimreg: left allmulticast mode
[   35.488757] pimreg: left allmulticast mode
[   35.489048] pimreg: left allmulticast mode
[   35.489366] pimreg: left allmulticast mode
[   35.503309] pimreg: entered allmulticast mode
[   35.528731] pimreg: entered allmulticast mode
[   35.556411] pimreg: entered allmulticast mode
[   35.589959] pimreg: entered allmulticast mode
[   35.621706] pimreg: entered allmulticast mode
[   35.665659] pimreg: entered allmulticast mode
[   35.705710] pimreg: entered allmulticast mode
[   35.729550] pimreg: entered allmulticast mode
[   35.773300] pimreg: entered allmulticast mode
[   35.793605] pimreg: entered allmulticast mode
[   35.798409] pimreg: left allmulticast mode
[   35.798763] pimreg: left allmulticast mode
[   35.799061] pimreg: left allmulticast mode
[   35.799392] pimreg: left allmulticast mode
[   35.799687] pimreg: left allmulticast mode
[   35.799980] pimreg: left allmulticast mode
[   35.800279] pimreg: left allmulticast mode
[   35.801015] pimreg: left allmulticast mode
[   35.801363] pimreg: left allmulticast mode
[   35.816193] pimreg: entered allmulticast mode
[   35.838922] pimreg: entered allmulticast mode
[   35.863355] pimreg: entered allmulticast mode
[   35.882508] pimreg: entered allmulticast mode
[   35.901593] pimreg: entered allmulticast mode
[   35.925346] pimreg: entered allmulticast mode
[   35.949280] pimreg: entered allmulticast mode
[   35.973618] pimreg: entered allmulticast mode
[   36.002646] pimreg: entered allmulticast mode
[   36.018794] pimreg: left allmulticast mode
[   36.019095] pimreg: left allmulticast mode
[   36.019401] pimreg: left allmulticast mode
[   36.019689] pimreg: left allmulticast mode
[   36.019985] pimreg: left allmulticast mode
[   36.020305] pimreg: left allmulticast mode
[   36.020589] pimreg: left allmulticast mode
[   36.020863] pimreg: left allmulticast mode
[   36.021135] pimreg: left allmulticast mode
[   36.021470] pimreg: left allmulticast mode
[   36.035694] pimreg: entered allmulticast mode
[   36.057981] pimreg: entered allmulticast mode
[   36.087837] pimreg: entered allmulticast mode
[   36.122793] pimreg: entered allmulticast mode
[   36.165834] pimreg: entered allmulticast mode
[   36.193759] pimreg: entered allmulticast mode
[   36.221694] pimreg: entered allmulticast mode
[   36.242377] pimreg: entered allmulticast mode
[   36.269500] pimreg: entered allmulticast mode
[   36.293807] pimreg: entered allmulticast mode
[   36.298407] pimreg: left allmulticast mode
[   36.298734] pimreg: left allmulticast mode
[   36.299039] pimreg: left allmulticast mode
[   36.299350] pimreg: left allmulticast mode
[   36.299638] pimreg: left allmulticast mode
[   36.299950] pimreg: left allmulticast mode
[   36.300259] pimreg: left allmulticast mode
[   36.300746] pimreg: left allmulticast mode
[   36.301094] pimreg: left allmulticast mode
[   36.301381] pimreg: left allmulticast mode
[   36.316776] pimreg: entered allmulticast mode
[   36.347684] pimreg: entered allmulticast mode
[   36.387614] pimreg: entered allmulticast mode
[   36.406491] pimreg: entered allmulticast mode
[   36.431004] pimreg: entered allmulticast mode
[   36.453537] pimreg: entered allmulticast mode
[   36.477788] pimreg: entered allmulticast mode
[   36.501632] pimreg: entered allmulticast mode
[   36.526028] pimreg: entered allmulticast mode
[   36.549861] pimreg: entered allmulticast mode
[   36.562736] pimreg: left allmulticast mode
[   36.563097] pimreg: left allmulticast mode
[   36.563407] pimreg: left allmulticast mode
[   36.563705] pimreg: left allmulticast mode
[   36.563995] pimreg: left allmulticast mode
[   36.564888] pimreg: left allmulticast mode
[   36.565257] pimreg: left allmulticast mode
[   36.565601] pimreg: left allmulticast mode
[   36.565863] pimreg: left allmulticast mode
[   36.566603] pimreg: left allmulticast mode
[   36.582583] pimreg: entered allmulticast mode
[   36.611226] pimreg: entered allmulticast mode
[   36.622629] pimreg: entered allmulticast mode
[   36.645891] pimreg: entered allmulticast mode
[   36.689827] pimreg: entered allmulticast mode
[   36.713751] pimreg: entered allmulticast mode
[   36.753817] pimreg: entered allmulticast mode
[   36.793625] pimreg: entered allmulticast mode
[   36.833815] pimreg: entered allmulticast mode
[   36.870042] pimreg: entered allmulticast mode
[   36.886770] pimreg: left allmulticast mode
[   36.887139] pimreg: left allmulticast mode
[   36.887424] pimreg: left allmulticast mode
[   36.887693] pimreg: left allmulticast mode
[   36.887950] pimreg: left allmulticast mode
[   36.888213] pimreg: left allmulticast mode
[   36.889040] pimreg: left allmulticast mode
[   36.889491] pimreg: left allmulticast mode
[   36.889812] pimreg: left allmulticast mode
[   36.890108] pimreg: left allmulticast mode
[   36.906829] pimreg: entered allmulticast mode
[   36.939703] pimreg: entered allmulticast mode
[   36.950281] pimreg: entered allmulticast mode
[   36.970773] pimreg: entered allmulticast mode
[   36.982278] pimreg: entered allmulticast mode
[   37.007079] pimreg: entered allmulticast mode
[   37.021777] pimreg: entered allmulticast mode
[   37.041274] pimreg: entered allmulticast mode
[   37.054789] pimreg: left allmulticast mode
[   37.055152] pimreg: left allmulticast mode
[   37.055451] pimreg: left allmulticast mode
[   37.055717] pimreg: left allmulticast mode
[   37.055970] pimreg: left allmulticast mode
[   37.056276] pimreg: left allmulticast mode
[   37.056566] pimreg: left allmulticast mode
[   37.056855] pimreg: left allmulticast mode
[   37.070494] pimreg: entered allmulticast mode
[   37.093862] pimreg: entered allmulticast mode
[   37.117596] pimreg: entered allmulticast mode
[   37.141570] pimreg: entered allmulticast mode
[   37.161505] pimreg: entered allmulticast mode
[   37.197699] pimreg: entered allmulticast mode
[   37.238293] pimreg: entered allmulticast mode
[   37.273724] pimreg: entered allmulticast mode
[   37.297752] pimreg: entered allmulticast mode
[   37.310377] pimreg: left allmulticast mode
[   37.310733] pimreg: left allmulticast mode
[   37.311038] pimreg: left allmulticast mode
[   37.311340] pimreg: left allmulticast mode
[   37.311643] pimreg: left allmulticast mode
[   37.311950] pimreg: left allmulticast mode
[   37.312260] pimreg: left allmulticast mode
[   37.313197] pimreg: left allmulticast mode
[   37.313607] pimreg: left allmulticast mode
[   37.327575] pimreg: entered allmulticast mode
[   37.349108] pimreg: entered allmulticast mode
[   37.372939] pimreg: entered allmulticast mode
[   37.393779] pimreg: entered allmulticast mode
[   37.417666] pimreg: entered allmulticast mode
[   37.437112] pimreg: entered allmulticast mode
[   37.449622] pimreg: entered allmulticast mode
[   37.469861] pimreg: entered allmulticast mode
[   37.493638] pimreg: entered allmulticast mode
[   37.498495] pimreg: left allmulticast mode
[   37.498828] pimreg: left allmulticast mode
[   37.499153] pimreg: left allmulticast mode
[   37.499483] pimreg: left allmulticast mode
[   37.499789] pimreg: left allmulticast mode
[   37.500084] pimreg: left allmulticast mode
[   37.500958] pimreg: left allmulticast mode
[   37.501325] pimreg: left allmulticast mode
[   37.501928] pimreg: left allmulticast mode
[   37.516181] pimreg: entered allmulticast mode
[   37.550425] pimreg: entered allmulticast mode
[   37.567177] pimreg: entered allmulticast mode
[   37.592854] pimreg: entered allmulticast mode
[   37.617954] pimreg: entered allmulticast mode
[   37.629279] pimreg: entered allmulticast mode
[   37.650227] pimreg: entered allmulticast mode
[   37.677541] pimreg: entered allmulticast mode
[   37.702011] pimreg: entered allmulticast mode
[   37.725360] pimreg: entered allmulticast mode
[   37.738779] pimreg: left allmulticast mode
[   37.739385] pimreg: left allmulticast mode
[   37.739684] pimreg: left allmulticast mode
[   37.739954] pimreg: left allmulticast mode
[   37.740218] pimreg: left allmulticast mode
[   37.740470] pimreg: left allmulticast mode
[   37.740776] pimreg: left allmulticast mode
[   37.741069] pimreg: left allmulticast mode
[   37.741369] pimreg: left allmulticast mode
[   37.741734] pimreg: left allmulticast mode
[   37.758048] pimreg: entered allmulticast mode
[   37.785913] pimreg: entered allmulticast mode
[   37.805846] pimreg: entered allmulticast mode
[   37.826900] pimreg: entered allmulticast mode
[   37.854384] pimreg: entered allmulticast mode
[   37.870312] pimreg: entered allmulticast mode
[   37.889578] pimreg: entered allmulticast mode
[   37.913252] pimreg: entered allmulticast mode
[   37.937870] pimreg: entered allmulticast mode
[   37.957469] pimreg: entered allmulticast mode
[   37.977998] pimreg: entered allmulticast mode
[   37.978876] pimreg: left allmulticast mode
[   37.979214] pimreg: left allmulticast mode
[   37.979476] pimreg: left allmulticast mode
[   37.979728] pimreg: left allmulticast mode
[   37.979972] pimreg: left allmulticast mode
[   37.980260] pimreg: left allmulticast mode
[   37.980579] pimreg: left allmulticast mode
[   37.980856] pimreg: left allmulticast mode
[   37.981149] pimreg: left allmulticast mode
[   37.981484] pimreg: left allmulticast mode
[   37.999120] pimreg: entered allmulticast mode
[   38.020566] pimreg: entered allmulticast mode
[   38.038998] pimreg: entered allmulticast mode
[   38.058191] pimreg: entered allmulticast mode
[   38.073516] pimreg: entered allmulticast mode
[   38.093995] pimreg: entered allmulticast mode
[   38.113521] pimreg: entered allmulticast mode
[   38.137583] pimreg: entered allmulticast mode
[   38.157768] pimreg: entered allmulticast mode
[   38.181536] pimreg: entered allmulticast mode
[   38.198879] pimreg: left allmulticast mode
[   38.199195] pimreg: left allmulticast mode
[   38.199468] pimreg: left allmulticast mode
[   38.199714] pimreg: left allmulticast mode
[   38.200009] pimreg: left allmulticast mode
[   38.200335] pimreg: left allmulticast mode
[   38.200617] pimreg: left allmulticast mode
[   38.200909] pimreg: left allmulticast mode
[   38.201211] pimreg: left allmulticast mode
[   38.201538] pimreg: left allmulticast mode
[   38.201824] pimreg: left allmulticast mode
[   38.202101] pimreg: left allmulticast mode
[   38.219316] pimreg: entered allmulticast mode
[   38.239400] pimreg: entered allmulticast mode
[   38.258617] pimreg: entered allmulticast mode
[   38.281995] pimreg: entered allmulticast mode
[   38.326050] pimreg: entered allmulticast mode
[   38.365935] pimreg: entered allmulticast mode
[   38.393741] pimreg: entered allmulticast mode
[   38.421731] pimreg: entered allmulticast mode
[   38.461708] pimreg: entered allmulticast mode
[   38.485579] pimreg: entered allmulticast mode
[   38.517888] pimreg: entered allmulticast mode
[   38.523914] pimreg: left allmulticast mode
[   38.524443] pimreg: left allmulticast mode
[   38.524698] pimreg: left allmulticast mode
[   38.524955] pimreg: left allmulticast mode
[   38.525254] pimreg: left allmulticast mode
[   38.525889] pimreg: left allmulticast mode
[   38.526139] pimreg: left allmulticast mode
[   38.526421] pimreg: left allmulticast mode
[   38.526729] pimreg: left allmulticast mode
[   38.540645] pimreg: entered allmulticast mode
[   38.559315] pimreg: entered allmulticast mode
[   38.585105] pimreg: entered allmulticast mode
[   38.623027] pimreg: entered allmulticast mode
[   38.645868] pimreg: entered allmulticast mode
[   38.669654] pimreg: entered allmulticast mode
[   38.698434] pimreg: entered allmulticast mode
[   38.725595] pimreg: entered allmulticast mode
[   38.750178] pimreg: entered allmulticast mode
[   38.754609] pimreg: left allmulticast mode
[   38.754944] pimreg: left allmulticast mode
[   38.755221] pimreg: left allmulticast mode
[   38.755467] pimreg: left allmulticast mode
[   38.755753] pimreg: left allmulticast mode
[   38.756598] pimreg: left allmulticast mode
[   38.756923] pimreg: left allmulticast mode
[   38.757256] pimreg: left allmulticast mode
[   38.757604] pimreg: left allmulticast mode
[   38.757894] pimreg: left allmulticast mode
[   38.773848] pimreg: entered allmulticast mode
[   38.795624] pimreg: entered allmulticast mode
[   38.808951] pimreg: entered allmulticast mode
[   38.829359] pimreg: entered allmulticast mode
[   38.853934] pimreg: entered allmulticast mode
[   38.877383] pimreg: entered allmulticast mode
[   38.905522] pimreg: entered allmulticast mode
[   38.929888] pimreg: entered allmulticast mode
[   38.949523] pimreg: entered allmulticast mode
[   38.985761] pimreg: entered allmulticast mode
[   38.990762] pimreg: left allmulticast mode
[   38.991148] pimreg: left allmulticast mode
[   38.991415] pimreg: left allmulticast mode
[   38.991681] pimreg: left allmulticast mode
[   38.991935] pimreg: left allmulticast mode
[   38.992255] pimreg: left allmulticast mode
[   38.992555] pimreg: left allmulticast mode
[   38.992847] pimreg: left allmulticast mode
[   38.993157] pimreg: left allmulticast mode
[   39.013132] pimreg: entered allmulticast mode
[   39.032756] pimreg: entered allmulticast mode
[   39.058946] pimreg: entered allmulticast mode
[   39.081773] pimreg: entered allmulticast mode
[   39.105553] pimreg: entered allmulticast mode
[   39.129513] pimreg: entered allmulticast mode
[   39.153350] pimreg: entered allmulticast mode
[   39.177624] pimreg: entered allmulticast mode
[   39.202370] pimreg: entered allmulticast mode
[   39.211443] pimreg: left allmulticast mode
[   39.211814] pimreg: left allmulticast mode
[   39.212158] pimreg: left allmulticast mode
[   39.212458] pimreg: left allmulticast mode
[   39.212758] pimreg: left allmulticast mode
[   39.213058] pimreg: left allmulticast mode
[   39.213353] pimreg: left allmulticast mode
[   39.213792] pimreg: left allmulticast mode
[   39.214115] pimreg: left allmulticast mode
[   39.214407] pimreg: left allmulticast mode
[   39.230481] pimreg: entered allmulticast mode
[   39.256041] pimreg: entered allmulticast mode
[   39.275294] pimreg: entered allmulticast mode
[   39.296018] pimreg: entered allmulticast mode
[   39.321908] pimreg: entered allmulticast mode
[   39.350064] pimreg: entered allmulticast mode
[   39.377648] pimreg: entered allmulticast mode
[   39.402148] pimreg: entered allmulticast mode
[   39.425700] pimreg: entered allmulticast mode
[   39.453349] pimreg: entered allmulticast mode
[   39.466830] pimreg: left allmulticast mode
[   39.467212] pimreg: left allmulticast mode
[   39.467500] pimreg: left allmulticast mode
[   39.467820] pimreg: left allmulticast mode
[   39.468111] pimreg: left allmulticast mode
[   39.468369] pimreg: left allmulticast mode
[   39.468616] pimreg: left allmulticast mode
[   39.468861] pimreg: left allmulticast mode
[   39.469112] pimreg: left allmulticast mode
[   39.469447] pimreg: left allmulticast mode
[   39.485795] pimreg: entered allmulticast mode
[   39.514527] pimreg: entered allmulticast mode
[   39.542550] pimreg: entered allmulticast mode
[   39.566055] pimreg: entered allmulticast mode
[   39.578166] pimreg: entered allmulticast mode
[   39.601689] pimreg: entered allmulticast mode
[   39.625707] pimreg: entered allmulticast mode
[   39.657615] pimreg: entered allmulticast mode
[   39.681655] pimreg: entered allmulticast mode
[   39.702835] pimreg: left allmulticast mode
[   39.703206] pimreg: left allmulticast mode
[   39.703525] pimreg: left allmulticast mode
[   39.703831] pimreg: left allmulticast mode
[   39.704150] pimreg: left allmulticast mode
[   39.704443] pimreg: left allmulticast mode
[   39.704731] pimreg: left allmulticast mode
[   39.705027] pimreg: left allmulticast mode
[   39.705317] pimreg: left allmulticast mode
[   39.719767] pimreg: entered allmulticast mode
[   39.739935] pimreg: entered allmulticast mode
[   39.764228] pimreg: entered allmulticast mode
[   39.786310] pimreg: entered allmulticast mode
[   39.810442] pimreg: entered allmulticast mode
[   39.827554] pimreg: entered allmulticast mode
[   39.845212] pimreg: entered allmulticast mode
[   39.859173] pimreg: entered allmulticast mode
[   39.866051] pimreg: left allmulticast mode
[   39.866393] pimreg: left allmulticast mode
[   39.866654] pimreg: left allmulticast mode
[   39.866969] pimreg: left allmulticast mode
[   39.867813] pimreg: left allmulticast mode
[   39.868170] pimreg: left allmulticast mode
[   39.868466] pimreg: left allmulticast mode
[   39.868771] pimreg: left allmulticast mode
[   39.882423] pimreg: entered allmulticast mode
[   39.904985] pimreg: entered allmulticast mode
[   39.931526] pimreg: entered allmulticast mode
[   39.953834] pimreg: entered allmulticast mode
[   39.973572] pimreg: entered allmulticast mode
[   39.997778] pimreg: entered allmulticast mode
[   40.017352] pimreg: entered allmulticast mode
[   40.041245] pimreg: entered allmulticast mode
[   40.066005] pimreg: entered allmulticast mode
[   40.093093] pimreg: left allmulticast mode
[   40.093465] pimreg: left allmulticast mode
[   40.093733] pimreg: left allmulticast mode
[   40.093991] pimreg: left allmulticast mode
[   40.094255] pimreg: left allmulticast mode
[   40.094557] pimreg: left allmulticast mode
[   40.094838] pimreg: left allmulticast mode
[   40.095138] pimreg: left allmulticast mode
[   40.095440] pimreg: left allmulticast mode
[   40.107915] pimreg: entered allmulticast mode
[   40.133350] pimreg: entered allmulticast mode
[   40.150345] pimreg: entered allmulticast mode
[   40.180278] pimreg: entered allmulticast mode
[   40.206033] pimreg: entered allmulticast mode
[   40.233337] pimreg: entered allmulticast mode
[   40.257613] pimreg: entered allmulticast mode
[   40.281627] pimreg: entered allmulticast mode
[   40.305840] pimreg: entered allmulticast mode
[   40.329268] pimreg: entered allmulticast mode
[   40.342800] pimreg: left allmulticast mode
[   40.343342] pimreg: left allmulticast mode
[   40.343684] pimreg: left allmulticast mode
[   40.343990] pimreg: left allmulticast mode
[   40.344288] pimreg: left allmulticast mode
[   40.344579] pimreg: left allmulticast mode
[   40.344870] pimreg: left allmulticast mode
[   40.345167] pimreg: left allmulticast mode
[   40.345487] pimreg: left allmulticast mode
[   40.345793] pimreg: left allmulticast mode
[   40.362123] pimreg: entered allmulticast mode
[   40.390023] pimreg: entered allmulticast mode
[   40.411174] pimreg: entered allmulticast mode
[   40.431856] pimreg: entered allmulticast mode
[   40.453911] pimreg: entered allmulticast mode
[   40.477748] pimreg: entered allmulticast mode
[   40.513555] pimreg: entered allmulticast mode
[   40.533264] pimreg: entered allmulticast mode
[   40.546150] pimreg: left allmulticast mode
[   40.546625] pimreg: left allmulticast mode
[   40.546902] pimreg: left allmulticast mode
[   40.547175] pimreg: left allmulticast mode
[   40.547432] pimreg: left allmulticast mode
[   40.547750] pimreg: left allmulticast mode
[   40.548452] pimreg: left allmulticast mode
[   40.548838] pimreg: left allmulticast mode
[   40.563087] pimreg: entered allmulticast mode
[   40.583352] pimreg: entered allmulticast mode
[   40.606515] pimreg: entered allmulticast mode
[   40.618601] pimreg: entered allmulticast mode
[   40.637693] pimreg: entered allmulticast mode
[   40.661088] pimreg: entered allmulticast mode
[   40.674375] pimreg: left allmulticast mode
[   40.674901] pimreg: left allmulticast mode
[   40.675186] pimreg: left allmulticast mode
[   40.675444] pimreg: left allmulticast mode
[   40.675691] pimreg: left allmulticast mode
[   40.675987] pimreg: left allmulticast mode
[   40.687761] pimreg: entered allmulticast mode
[   40.716975] pimreg: entered allmulticast mode
[   40.739256] pimreg: entered allmulticast mode
[   40.761714] pimreg: entered allmulticast mode
[   40.793760] pimreg: entered allmulticast mode
[   40.817371] pimreg: entered allmulticast mode
[   40.841621] pimreg: entered allmulticast mode
[   40.862330] pimreg: left allmulticast mode
[   40.862679] pimreg: left allmulticast mode
[   40.862944] pimreg: left allmulticast mode
[   40.863683] pimreg: left allmulticast mode
[   40.865291] pimreg: left allmulticast mode
[   40.865658] pimreg: left allmulticast mode
[   40.865911] pimreg: left allmulticast mode
[   40.878032] pimreg: entered allmulticast mode
[   40.897828] pimreg: entered allmulticast mode
[   40.923868] pimreg: entered allmulticast mode
[   40.934612] pimreg: entered allmulticast mode
[   40.957513] pimreg: entered allmulticast mode
[   40.981186] pimreg: entered allmulticast mode
[   41.005668] pimreg: entered allmulticast mode
[   41.029756] pimreg: entered allmulticast mode
[   41.042719] pimreg: left allmulticast mode
[   41.043011] pimreg: left allmulticast mode
[   41.043267] pimreg: left allmulticast mode
[   41.043554] pimreg: left allmulticast mode
[   41.043857] pimreg: left allmulticast mode
[   41.044171] pimreg: left allmulticast mode
[   41.044460] pimreg: left allmulticast mode
[   41.044758] pimreg: left allmulticast mode
[   41.058130] pimreg: entered allmulticast mode
[   41.085617] pimreg: entered allmulticast mode
[   41.109997] pimreg: entered allmulticast mode
[   41.137516] pimreg: entered allmulticast mode
[   41.159243] pimreg: entered allmulticast mode
[   41.181619] pimreg: entered allmulticast mode
[   41.190920] pimreg: left allmulticast mode
[   41.191268] pimreg: left allmulticast mode
[   41.191518] pimreg: left allmulticast mode
[   41.191809] pimreg: left allmulticast mode
[   41.192112] pimreg: left allmulticast mode
[   41.192412] pimreg: left allmulticast mode
[   41.203371] pimreg: entered allmulticast mode
[   41.225550] pimreg: entered allmulticast mode
[   41.253655] pimreg: entered allmulticast mode
[   41.273339] pimreg: entered allmulticast mode
[   41.285655] pimreg: entered allmulticast mode
[   41.309860] pimreg: entered allmulticast mode
[   41.333567] pimreg: entered allmulticast mode
[   41.361561] pimreg: entered allmulticast mode
[   41.366500] pimreg: left allmulticast mode
[   41.366827] pimreg: left allmulticast mode
[   41.367086] pimreg: left allmulticast mode
[   41.367798] pimreg: left allmulticast mode
[   41.368695] pimreg: left allmulticast mode
[   41.368961] pimreg: left allmulticast mode
[   41.370063] pimreg: left allmulticast mode
[   41.381979] pimreg: entered allmulticast mode
[   41.397396] pimreg: entered allmulticast mode
[   41.409975] pimreg: entered allmulticast mode
[   41.429259] pimreg: entered allmulticast mode
[   41.441255] pimreg: entered allmulticast mode
[   41.465680] pimreg: entered allmulticast mode
[   41.489369] pimreg: entered allmulticast mode
[   41.517592] pimreg: entered allmulticast mode
[   41.538264] pimreg: left allmulticast mode
[   41.538626] pimreg: left allmulticast mode
[   41.538937] pimreg: left allmulticast mode
[   41.539250] pimreg: left allmulticast mode
[   41.539547] pimreg: left allmulticast mode
[   41.540416] pimreg: left allmulticast mode
[   41.540741] pimreg: left allmulticast mode
[   41.541036] pimreg: left allmulticast mode
[   41.541338] pimreg: left allmulticast mode
[   41.555332] pimreg: entered allmulticast mode
[   41.575254] pimreg: entered allmulticast mode
[   41.598983] pimreg: entered allmulticast mode
[   41.637554] pimreg: entered allmulticast mode
[   41.661780] pimreg: entered allmulticast mode
[   41.689333] pimreg: entered allmulticast mode
[   41.713801] pimreg: entered allmulticast mode
[   41.741147] pimreg: entered allmulticast mode
[   41.766351] pimreg: left allmulticast mode
[   41.766698] pimreg: left allmulticast mode
[   41.766960] pimreg: left allmulticast mode
[   41.767220] pimreg: left allmulticast mode
[   41.767520] pimreg: left allmulticast mode
[   41.767822] pimreg: left allmulticast mode
[   41.768121] pimreg: left allmulticast mode
[   41.768976] pimreg: left allmulticast mode
[   41.782891] pimreg: entered allmulticast mode
[   41.807329] pimreg: entered allmulticast mode
[   41.842881] pimreg: entered allmulticast mode
[   41.870389] pimreg: entered allmulticast mode
[   41.885568] pimreg: entered allmulticast mode
[   41.905457] pimreg: entered allmulticast mode
[   41.929584] pimreg: entered allmulticast mode
[   41.951178] pimreg: left allmulticast mode
[   41.951499] pimreg: left allmulticast mode
[   41.951769] pimreg: left allmulticast mode
[   41.952038] pimreg: left allmulticast mode
[   41.952345] pimreg: left allmulticast mode
[   41.952655] pimreg: left allmulticast mode
[   41.952957] pimreg: left allmulticast mode
[   41.964915] pimreg: entered allmulticast mode
[   41.990669] pimreg: entered allmulticast mode
[   42.013837] pimreg: entered allmulticast mode
[   42.041703] pimreg: entered allmulticast mode
[   42.065868] pimreg: entered allmulticast mode
[   42.085942] pimreg: entered allmulticast mode
[   42.109449] pimreg: entered allmulticast mode
[   42.133922] pimreg: entered allmulticast mode
[   42.139110] pimreg: left allmulticast mode
[   42.139412] pimreg: left allmulticast mode
[   42.139657] pimreg: left allmulticast mode
[   42.139952] pimreg: left allmulticast mode
[   42.140246] pimreg: left allmulticast mode
[   42.140541] pimreg: left allmulticast mode
[   42.140848] pimreg: left allmulticast mode
[   42.141132] pimreg: left allmulticast mode
[   42.155501] pimreg: entered allmulticast mode
[   42.182334] pimreg: entered allmulticast mode
[   42.211595] pimreg: entered allmulticast mode
[   42.234546] pimreg: entered allmulticast mode
[   42.257590] pimreg: entered allmulticast mode
[   42.282029] pimreg: entered allmulticast mode
[   42.310443] pimreg: entered allmulticast mode
[   42.333675] pimreg: entered allmulticast mode
[   42.354273] pimreg: left allmulticast mode
[   42.354609] pimreg: left allmulticast mode
[   42.354863] pimreg: left allmulticast mode
[   42.355122] pimreg: left allmulticast mode
[   42.355416] pimreg: left allmulticast mode
[   42.355743] pimreg: left allmulticast mode
[   42.356058] pimreg: left allmulticast mode
[   42.356351] pimreg: left allmulticast mode
[   42.369326] pimreg: entered allmulticast mode
[   42.402013] pimreg: entered allmulticast mode
[   42.432097] pimreg: entered allmulticast mode
[   42.454380] pimreg: entered allmulticast mode
[   42.469585] pimreg: entered allmulticast mode
[   42.490168] pimreg: entered allmulticast mode
[   42.509475] pimreg: entered allmulticast mode
[   42.533521] pimreg: entered allmulticast mode
[   42.557275] pimreg: entered allmulticast mode
[   42.562597] pimreg: left allmulticast mode
[   42.563449] pimreg: left allmulticast mode
[   42.563843] pimreg: left allmulticast mode
[   42.564172] pimreg: left allmulticast mode
[   42.564469] pimreg: left allmulticast mode
[   42.564780] pimreg: left allmulticast mode
[   42.565076] pimreg: left allmulticast mode
[   42.565361] pimreg: left allmulticast mode
[   42.565687] pimreg: left allmulticast mode
[   42.580746] pimreg: entered allmulticast mode
[   42.607211] pimreg: entered allmulticast mode
[   42.619253] pimreg: entered allmulticast mode
[   42.641507] pimreg: entered allmulticast mode
[   42.662453] pimreg: entered allmulticast mode
[   42.690690] pimreg: entered allmulticast mode
[   42.705908] pimreg: entered allmulticast mode
[   42.729176] pimreg: entered allmulticast mode
[   42.753187] pimreg: entered allmulticast mode
[   42.778412] pimreg: left allmulticast mode
[   42.778764] pimreg: left allmulticast mode
[   42.779027] pimreg: left allmulticast mode
[   42.779277] pimreg: left allmulticast mode
[   42.779586] pimreg: left allmulticast mode
[   42.779901] pimreg: left allmulticast mode
[   42.780211] pimreg: left allmulticast mode
[   42.780527] pimreg: left allmulticast mode
[   42.780823] pimreg: left allmulticast mode
[   42.796007] pimreg: entered allmulticast mode
[   42.815423] pimreg: entered allmulticast mode
[   42.841340] pimreg: entered allmulticast mode
[   42.865674] pimreg: entered allmulticast mode
[   42.885907] pimreg: entered allmulticast mode
[   42.910287] pimreg: entered allmulticast mode
[   42.937484] pimreg: entered allmulticast mode
[   42.962109] pimreg: entered allmulticast mode
[   42.985603] pimreg: entered allmulticast mode
[   42.990663] pimreg: left allmulticast mode
[   42.991344] pimreg: left allmulticast mode
[   42.991629] pimreg: left allmulticast mode
[   42.991884] pimreg: left allmulticast mode
[   42.992144] pimreg: left allmulticast mode
[   42.992421] pimreg: left allmulticast mode
[   42.992718] pimreg: left allmulticast mode
[   42.993017] pimreg: left allmulticast mode
[   43.009186] pimreg: entered allmulticast mode
[   43.038682] pimreg: entered allmulticast mode
[   43.062335] pimreg: entered allmulticast mode
[   43.098787] pimreg: entered allmulticast mode
[   43.114367] pimreg: entered allmulticast mode
[   43.138064] pimreg: entered allmulticast mode
[   43.157871] pimreg: entered allmulticast mode
[   43.181514] pimreg: entered allmulticast mode
[   43.206259] pimreg: entered allmulticast mode
[   43.210458] pimreg: left allmulticast mode
[   43.210803] pimreg: left allmulticast mode
[   43.211192] pimreg: left allmulticast mode
[   43.211877] pimreg: left allmulticast mode
[   43.212541] pimreg: left allmulticast mode
[   43.212843] pimreg: left allmulticast mode
[   43.213134] pimreg: left allmulticast mode
[   43.213937] pimreg: left allmulticast mode
[   43.214297] pimreg: left allmulticast mode
[   43.214606] pimreg: left allmulticast mode
[   43.230341] pimreg: entered allmulticast mode
[   43.259521] pimreg: entered allmulticast mode
[   43.296455] pimreg: entered allmulticast mode
[   43.318137] pimreg: entered allmulticast mode
[   43.329966] pimreg: entered allmulticast mode
[   43.353751] pimreg: entered allmulticast mode
[   43.373673] pimreg: entered allmulticast mode
[   43.397911] pimreg: entered allmulticast mode
[   43.421642] pimreg: entered allmulticast mode
[   43.426519] pimreg: left allmulticast mode
[   43.426855] pimreg: left allmulticast mode
[   43.427133] pimreg: left allmulticast mode
[   43.427379] pimreg: left allmulticast mode
[   43.427678] pimreg: left allmulticast mode
[   43.428602] pimreg: left allmulticast mode
[   43.428993] pimreg: left allmulticast mode
[   43.429314] pimreg: left allmulticast mode
[   43.429674] pimreg: left allmulticast mode
[   43.444451] pimreg: entered allmulticast mode
[   43.454246] pimreg: entered allmulticast mode
[   43.482801] pimreg: entered allmulticast mode
[   43.504126] pimreg: entered allmulticast mode
[   43.526248] pimreg: entered allmulticast mode
[   43.549777] pimreg: entered allmulticast mode
[   43.573965] pimreg: entered allmulticast mode
[   43.601971] pimreg: entered allmulticast mode
[   43.626404] pimreg: entered allmulticast mode
[   43.649535] pimreg: entered allmulticast mode
[   43.662366] pimreg: left allmulticast mode
[   43.662708] pimreg: left allmulticast mode
[   43.662972] pimreg: left allmulticast mode
[   43.663271] pimreg: left allmulticast mode
[   43.663574] pimreg: left allmulticast mode
[   43.663883] pimreg: left allmulticast mode
[   43.664180] pimreg: left allmulticast mode
[   43.664466] pimreg: left allmulticast mode
[   43.664751] pimreg: left allmulticast mode
[   43.665046] pimreg: left allmulticast mode
[   43.680783] pimreg: entered allmulticast mode
[   43.700624] pimreg: entered allmulticast mode
[   43.730452] pimreg: entered allmulticast mode
[   43.754235] pimreg: entered allmulticast mode
[   43.777636] pimreg: entered allmulticast mode
[   43.806110] pimreg: entered allmulticast mode
[   43.830174] pimreg: entered allmulticast mode
[   43.857870] pimreg: entered allmulticast mode
[   43.882163] pimreg: entered allmulticast mode
[   43.905975] pimreg: entered allmulticast mode
[   43.910972] pimreg: left allmulticast mode
[   43.911456] pimreg: left allmulticast mode
[   43.911763] pimreg: left allmulticast mode
[   43.912088] pimreg: left allmulticast mode
[   43.912364] pimreg: left allmulticast mode
[   43.912642] pimreg: left allmulticast mode
[   43.912918] pimreg: left allmulticast mode
[   43.913216] pimreg: left allmulticast mode
[   43.913546] pimreg: left allmulticast mode
[   43.913840] pimreg: left allmulticast mode
[   43.929856] pimreg: entered allmulticast mode
[   43.960186] pimreg: entered allmulticast mode
[   43.979378] pimreg: entered allmulticast mode
[   44.002427] pimreg: entered allmulticast mode
[   44.025382] pimreg: entered allmulticast mode
[   44.049645] pimreg: entered allmulticast mode
[   44.074328] pimreg: entered allmulticast mode
[   44.101827] pimreg: entered allmulticast mode
[   44.117972] pimreg: entered allmulticast mode
[   44.137589] pimreg: entered allmulticast mode
[   44.143464] pimreg: left allmulticast mode
[   44.144208] pimreg: left allmulticast mode
[   44.144500] pimreg: left allmulticast mode
[   44.144750] pimreg: left allmulticast mode
[   44.145022] pimreg: left allmulticast mode
[   44.145272] pimreg: left allmulticast mode
[   44.145579] pimreg: left allmulticast mode
[   44.145830] pimreg: left allmulticast mode
[   44.146131] pimreg: left allmulticast mode
[   44.165777] pimreg: entered allmulticast mode
[   44.186112] pimreg: entered allmulticast mode
[   44.210201] pimreg: entered allmulticast mode
[   44.226319] pimreg: entered allmulticast mode
[   44.250609] pimreg: entered allmulticast mode
[   44.265716] pimreg: entered allmulticast mode
[   44.285727] pimreg: entered allmulticast mode
[   44.309664] pimreg: entered allmulticast mode
[   44.329840] pimreg: entered allmulticast mode
[   44.349689] pimreg: entered allmulticast mode
[   44.355513] pimreg: left allmulticast mode
[   44.355870] pimreg: left allmulticast mode
[   44.356167] pimreg: left allmulticast mode
[   44.356431] pimreg: left allmulticast mode
[   44.356680] pimreg: left allmulticast mode
[   44.356987] pimreg: left allmulticast mode
[   44.357279] pimreg: left allmulticast mode
[   44.357630] pimreg: left allmulticast mode
[   44.357931] pimreg: left allmulticast mode
[   44.358224] pimreg: left allmulticast mode
[   44.374337] pimreg: entered allmulticast mode
[   44.395805] pimreg: entered allmulticast mode
[   44.420294] pimreg: entered allmulticast mode
[   44.430010] pimreg: entered allmulticast mode
[   44.454077] pimreg: entered allmulticast mode
[   44.478074] pimreg: entered allmulticast mode
[   44.493721] pimreg: entered allmulticast mode
[   44.513878] pimreg: entered allmulticast mode
[   44.518712] pimreg: left allmulticast mode
[   44.519091] pimreg: left allmulticast mode
[   44.519354] pimreg: left allmulticast mode
[   44.519603] pimreg: left allmulticast mode
[   44.519896] pimreg: left allmulticast mode
[   44.520600] pimreg: left allmulticast mode
[   44.520875] pimreg: left allmulticast mode
[   44.521158] pimreg: left allmulticast mode
[   44.521832] pimreg: left allmulticast mode
[   44.536103] pimreg: entered allmulticast mode
[   44.555944] pimreg: entered allmulticast mode
[   44.574365] pimreg: entered allmulticast mode
[   44.590958] pimreg: entered allmulticast mode
[   44.618928] pimreg: entered allmulticast mode
[   44.633597] pimreg: entered allmulticast mode
[   44.654396] pimreg: entered allmulticast mode
[   44.670386] pimreg: left allmulticast mode
[   44.670737] pimreg: left allmulticast mode
[   44.671005] pimreg: left allmulticast mode
[   44.671261] pimreg: left allmulticast mode
[   44.671552] pimreg: left allmulticast mode
[   44.673155] pimreg: left allmulticast mode
[   44.673546] pimreg: left allmulticast mode
[   44.685368] pimreg: entered allmulticast mode
[   44.706192] pimreg: entered allmulticast mode
[   44.734664] pimreg: entered allmulticast mode
[   44.754470] pimreg: entered allmulticast mode
[   44.777296] pimreg: entered allmulticast mode
[   44.800990] pimreg: entered allmulticast mode
[   44.821883] pimreg: entered allmulticast mode
[   44.845909] pimreg: entered allmulticast mode
[   44.866315] pimreg: left allmulticast mode
[   44.866662] pimreg: left allmulticast mode
[   44.866929] pimreg: left allmulticast mode
[   44.867185] pimreg: left allmulticast mode
[   44.867491] pimreg: left allmulticast mode
[   44.869224] pimreg: left allmulticast mode
[   44.869607] pimreg: left allmulticast mode
[   44.869870] pimreg: left allmulticast mode
[   44.882905] pimreg: entered allmulticast mode
[   44.903182] pimreg: entered allmulticast mode
[   44.932259] pimreg: entered allmulticast mode
[   44.953936] pimreg: entered allmulticast mode
[   44.977838] pimreg: entered allmulticast mode
[   45.001840] pimreg: entered allmulticast mode
[   45.034110] pimreg: entered allmulticast mode
[   45.057349] pimreg: entered allmulticast mode
[   45.093944] pimreg: entered allmulticast mode
[   45.099064] pimreg: left allmulticast mode
[   45.099694] pimreg: left allmulticast mode
[   45.099985] pimreg: left allmulticast mode
[   45.100294] pimreg: left allmulticast mode
[   45.100581] pimreg: left allmulticast mode
[   45.100867] pimreg: left allmulticast mode
[   45.101166] pimreg: left allmulticast mode
[   45.101511] pimreg: left allmulticast mode
[   45.121938] pimreg: entered allmulticast mode
[   45.139507] pimreg: entered allmulticast mode
[   45.152951] pimreg: entered allmulticast mode
[   45.178398] pimreg: entered allmulticast mode
[   45.210095] pimreg: entered allmulticast mode
[   45.245363] pimreg: entered allmulticast mode
[   45.269987] pimreg: entered allmulticast mode
[   45.289374] pimreg: entered allmulticast mode
[   45.310290] pimreg: left allmulticast mode
[   45.310634] pimreg: left allmulticast mode
[   45.310896] pimreg: left allmulticast mode
[   45.311205] pimreg: left allmulticast mode
[   45.312296] pimreg: left allmulticast mode
[   45.312652] pimreg: left allmulticast mode
[   45.312981] pimreg: left allmulticast mode
[   45.313273] pimreg: left allmulticast mode
[   45.313632] pimreg: left allmulticast mode
[   45.327538] pimreg: entered allmulticast mode
[   45.348564] pimreg: entered allmulticast mode
[   45.376745] pimreg: entered allmulticast mode
[   45.393164] pimreg: entered allmulticast mode
[   45.418180] pimreg: entered allmulticast mode
[   45.446008] pimreg: entered allmulticast mode
[   45.473555] pimreg: entered allmulticast mode
[   45.501937] pimreg: entered allmulticast mode
[   45.529458] pimreg: entered allmulticast mode
[   45.554627] pimreg: left allmulticast mode
[   45.554965] pimreg: left allmulticast mode
[   45.555222] pimreg: left allmulticast mode
[   45.555747] pimreg: left allmulticast mode
[   45.556568] pimreg: left allmulticast mode
[   45.556914] pimreg: left allmulticast mode
[   45.557174] pimreg: left allmulticast mode
[   45.557455] pimreg: left allmulticast mode
[   45.557745] pimreg: left allmulticast mode
[   45.571515] pimreg: entered allmulticast mode
[   45.603011] pimreg: entered allmulticast mode
[   45.615275] pimreg: entered allmulticast mode
[   45.642633] pimreg: entered allmulticast mode
[   45.665540] pimreg: entered allmulticast mode
[   45.690374] pimreg: entered allmulticast mode
[   45.709543] pimreg: entered allmulticast mode
[   45.733321] pimreg: entered allmulticast mode
[   45.753067] pimreg: entered allmulticast mode
[   45.774198] pimreg: entered allmulticast mode
[   45.778907] pimreg: left allmulticast mode
[   45.779270] pimreg: left allmulticast mode
[   45.779544] pimreg: left allmulticast mode
[   45.779800] pimreg: left allmulticast mode
[   45.780066] pimreg: left allmulticast mode
[   45.780354] pimreg: left allmulticast mode
[   45.780650] pimreg: left allmulticast mode
[   45.780938] pimreg: left allmulticast mode
[   45.781246] pimreg: left allmulticast mode
[   45.797184] pimreg: entered allmulticast mode
[   45.819508] pimreg: entered allmulticast mode
[   45.858492] pimreg: entered allmulticast mode
[   45.886527] pimreg: entered allmulticast mode
[   45.902007] pimreg: entered allmulticast mode
[   45.921109] pimreg: entered allmulticast mode
[   45.945999] pimreg: entered allmulticast mode
[   45.969279] pimreg: entered allmulticast mode
[   45.993489] pimreg: entered allmulticast mode
[   46.014556] pimreg: left allmulticast mode
[   46.015052] pimreg: left allmulticast mode
[   46.015374] pimreg: left allmulticast mode
[   46.015671] pimreg: left allmulticast mode
[   46.016991] pimreg: left allmulticast mode
[   46.017260] pimreg: left allmulticast mode
[   46.017564] pimreg: left allmulticast mode
[   46.017821] pimreg: left allmulticast mode
[   46.018075] pimreg: left allmulticast mode
[   46.018364] pimreg: left allmulticast mode
[   46.033619] pimreg: entered allmulticast mode
[   46.059686] pimreg: entered allmulticast mode
[   46.083423] pimreg: entered allmulticast mode
[   46.106187] pimreg: entered allmulticast mode
[   46.117663] pimreg: entered allmulticast mode
[   46.142172] pimreg: entered allmulticast mode
[   46.161782] pimreg: entered allmulticast mode
[   46.190025] pimreg: entered allmulticast mode
[   46.213720] pimreg: entered allmulticast mode
[   46.218806] pimreg: left allmulticast mode
[   46.219183] pimreg: left allmulticast mode
[   46.219486] pimreg: left allmulticast mode
[   46.219775] pimreg: left allmulticast mode
[   46.220075] pimreg: left allmulticast mode
[   46.220564] pimreg: left allmulticast mode
[   46.221048] pimreg: left allmulticast mode
[   46.221350] pimreg: left allmulticast mode
[   46.221707] pimreg: left allmulticast mode
[   46.236228] pimreg: entered allmulticast mode
[   46.254967] pimreg: entered allmulticast mode
[   46.270193] pimreg: entered allmulticast mode
[   46.294062] pimreg: entered allmulticast mode
[   46.321645] pimreg: entered allmulticast mode
[   46.362017] pimreg: entered allmulticast mode
[   46.409705] pimreg: entered allmulticast mode
[   46.434201] pimreg: entered allmulticast mode
[   46.457812] pimreg: entered allmulticast mode
[   46.470605] pimreg: left allmulticast mode
[   46.470953] pimreg: left allmulticast mode
[   46.471212] pimreg: left allmulticast mode
[   46.471456] pimreg: left allmulticast mode
[   46.471755] pimreg: left allmulticast mode
[   46.472025] pimreg: left allmulticast mode
[   46.472306] pimreg: left allmulticast mode
[   46.472590] pimreg: left allmulticast mode
[   46.472880] pimreg: left allmulticast mode
[   46.487304] pimreg: entered allmulticast mode
[   46.515655] pimreg: entered allmulticast mode
[   46.535054] pimreg: entered allmulticast mode
[   46.559029] pimreg: entered allmulticast mode
[   46.573841] pimreg: entered allmulticast mode
[   46.593720] pimreg: entered allmulticast mode
[   46.618049] pimreg: entered allmulticast mode
[   46.622391] pimreg: left allmulticast mode
[   46.622739] pimreg: left allmulticast mode
[   46.623023] pimreg: left allmulticast mode
[   46.623537] pimreg: left allmulticast mode
[   46.623850] pimreg: left allmulticast mode
[   46.624141] pimreg: left allmulticast mode
[   46.624426] pimreg: left allmulticast mode
[   46.637375] pimreg: entered allmulticast mode
[   46.665813] pimreg: entered allmulticast mode
[   46.692973] pimreg: entered allmulticast mode
[   46.722663] pimreg: entered allmulticast mode
[   46.738027] pimreg: entered allmulticast mode
[   46.757648] pimreg: entered allmulticast mode
[   46.781697] pimreg: entered allmulticast mode
[   46.818442] pimreg: left allmulticast mode
[   46.818789] pimreg: left allmulticast mode
[   46.819067] pimreg: left allmulticast mode
[   46.819548] pimreg: left allmulticast mode
[   46.819864] pimreg: left allmulticast mode
[   46.820118] pimreg: left allmulticast mode
[   46.820417] pimreg: left allmulticast mode
[   46.831663] pimreg: entered allmulticast mode
[   46.854067] pimreg: entered allmulticast mode
[   46.875392] pimreg: entered allmulticast mode
[   46.897712] pimreg: entered allmulticast mode
[   46.917514] pimreg: entered allmulticast mode
[   46.941672] pimreg: entered allmulticast mode
[   46.961633] pimreg: entered allmulticast mode
[   46.985855] pimreg: entered allmulticast mode
[   47.007314] pimreg: left allmulticast mode
[   47.007607] pimreg: left allmulticast mode
[   47.007865] pimreg: left allmulticast mode
[   47.008148] pimreg: left allmulticast mode
[   47.008390] pimreg: left allmulticast mode
[   47.008700] pimreg: left allmulticast mode
[   47.008999] pimreg: left allmulticast mode
[   47.009304] pimreg: left allmulticast mode
[   47.022756] pimreg: entered allmulticast mode
[   47.043324] pimreg: entered allmulticast mode
[   47.063007] pimreg: entered allmulticast mode
[   47.086002] pimreg: entered allmulticast mode
[   47.109593] pimreg: entered allmulticast mode
[   47.130125] pimreg: entered allmulticast mode
[   47.165903] pimreg: entered allmulticast mode
[   47.193735] pimreg: entered allmulticast mode
[   47.214246] pimreg: left allmulticast mode
[   47.215028] pimreg: left allmulticast mode
[   47.215355] pimreg: left allmulticast mode
[   47.215689] pimreg: left allmulticast mode
[   47.216020] pimreg: left allmulticast mode
[   47.216327] pimreg: left allmulticast mode
[   47.216617] pimreg: left allmulticast mode
[   47.216928] pimreg: left allmulticast mode
[   47.229623] pimreg: entered allmulticast mode
[   47.250743] pimreg: entered allmulticast mode
[   47.276551] pimreg: entered allmulticast mode
[   47.303261] pimreg: entered allmulticast mode
[   47.317628] pimreg: entered allmulticast mode
[   47.337292] pimreg: entered allmulticast mode
[   47.350370] pimreg: left allmulticast mode
[   47.350989] pimreg: left allmulticast mode
[   47.351258] pimreg: left allmulticast mode
[   47.351519] pimreg: left allmulticast mode
[   47.351818] pimreg: left allmulticast mode
[   47.352112] pimreg: left allmulticast mode
[   47.363340] pimreg: entered allmulticast mode
[   47.384046] pimreg: entered allmulticast mode
[   47.407737] pimreg: entered allmulticast mode
[   47.431487] pimreg: entered allmulticast mode
[   47.446330] pimreg: left allmulticast mode
[   47.446675] pimreg: left allmulticast mode
[   47.446968] pimreg: left allmulticast mode
[   47.447237] pimreg: left allmulticast mode
[   47.456386] pimreg: entered allmulticast mode
[   47.465856] pimreg: entered allmulticast mode
[   47.495811] pimreg: entered allmulticast mode
[   47.515393] pimreg: entered allmulticast mode
[   47.534091] pimreg: entered allmulticast mode
[   47.557704] pimreg: entered allmulticast mode
[   47.562120] pimreg: left allmulticast mode
[   47.562472] pimreg: left allmulticast mode
[   47.562723] pimreg: left allmulticast mode
[   47.563226] pimreg: left allmulticast mode
[   47.564163] pimreg: left allmulticast mode
[   47.578919] pimreg: entered allmulticast mode
[   47.596308] pimreg: entered allmulticast mode
[   47.617294] pimreg: entered allmulticast mode
[   47.641718] pimreg: entered allmulticast mode
[   47.646004] pimreg: left allmulticast mode
[   47.646346] pimreg: left allmulticast mode
[   47.646608] pimreg: left allmulticast mode
[   47.646867] pimreg: left allmulticast mode
[   47.661475] pimreg: entered allmulticast mode
[   47.673950] pimreg: entered allmulticast mode
[   47.699387] pimreg: entered allmulticast mode
[   47.719353] pimreg: entered allmulticast mode
[   47.741822] pimreg: entered allmulticast mode
[   47.769849] pimreg: entered allmulticast mode
[   47.774067] pimreg: left allmulticast mode
[   47.774412] pimreg: left allmulticast mode
[   47.774664] pimreg: left allmulticast mode
[   47.774927] pimreg: left allmulticast mode
[   47.775224] pimreg: left allmulticast mode
[   47.775546] pimreg: left allmulticast mode
[   47.789279] pimreg: entered allmulticast mode
[   47.814581] pimreg: entered allmulticast mode
[   47.828546] pimreg: entered allmulticast mode
[   47.853630] pimreg: entered allmulticast mode
[   47.877207] pimreg: entered allmulticast mode
[   47.885766] clocksource: Watchdog remote CPU 1 read timed out
[   47.901387] pimreg: entered allmulticast mode
[   47.925991] pimreg: entered allmulticast mode
[   47.939064] pimreg: left allmulticast mode
[   47.939414] pimreg: left allmulticast mode
[   47.939672] pimreg: left allmulticast mode
[   47.939999] pimreg: left allmulticast mode
[   47.940298] pimreg: left allmulticast mode
[   47.940593] pimreg: left allmulticast mode
[   47.940898] pimreg: left allmulticast mode
[   47.941203] pimreg: left allmulticast mode
[   47.955656] pimreg: entered allmulticast mode
[   47.978738] pimreg: entered allmulticast mode
[   48.005190] pimreg: entered allmulticast mode
[   48.025357] pimreg: entered allmulticast mode
[   48.045584] pimreg: entered allmulticast mode
[   48.049718] systemd-journald[144]: Data hash table of /run/log/journal/938775788448454bb5b34822d5730c41/system.journal has a fill level at 75.0 (5360 of 7146 items, 4116480 file size, 768 bytes per hash table item), suggesting rotation.
[   48.051134] systemd-journald[144]: /run/log/journal/938775788448454bb5b34822d5730c41/system.journal: Journal header limits reached or header out-of-date, rotating.
[   48.064644] pimreg: entered allmulticast mode
[   48.083188] pimreg: entered allmulticast mode
[   48.094800] pimreg: left allmulticast mode
[   48.095097] pimreg: left allmulticast mode
[   48.095344] pimreg: left allmulticast mode
[   48.095635] pimreg: left allmulticast mode
[   48.095933] pimreg: left allmulticast mode
[   48.096222] pimreg: left allmulticast mode
[   48.096525] pimreg: left allmulticast mode
[   48.108913] pimreg: entered allmulticast mode
[   48.129900] pimreg: entered allmulticast mode
[   48.156632] pimreg: entered allmulticast mode
[   48.181320] pimreg: entered allmulticast mode
[   48.205387] pimreg: entered allmulticast mode
[   48.229706] pimreg: entered allmulticast mode
[   48.242078] pimreg: entered allmulticast mode
[   48.270183] pimreg: entered allmulticast mode
[   48.274328] pimreg: left allmulticast mode
[   48.274678] pimreg: left allmulticast mode
[   48.274959] pimreg: left allmulticast mode
[   48.275447] pimreg: left allmulticast mode
[   48.275822] pimreg: left allmulticast mode
[   48.276112] pimreg: left allmulticast mode
[   48.276412] pimreg: left allmulticast mode
[   48.276689] pimreg: left allmulticast mode
[   48.290417] pimreg: entered allmulticast mode
[   48.322670] pimreg: entered allmulticast mode
[   48.336017] pimreg: entered allmulticast mode
[   48.357633] pimreg: entered allmulticast mode
[   48.382097] pimreg: entered allmulticast mode
[   48.405811] pimreg: entered allmulticast mode
[   48.425607] pimreg: entered allmulticast mode
[   48.445783] pimreg: entered allmulticast mode
[   48.465666] pimreg: entered allmulticast mode
[   48.471216] pimreg: left allmulticast mode
[   48.471835] pimreg: left allmulticast mode
[   48.472133] pimreg: left allmulticast mode
[   48.472379] pimreg: left allmulticast mode
[   48.472682] pimreg: left allmulticast mode
[   48.472992] pimreg: left allmulticast mode
[   48.473284] pimreg: left allmulticast mode
[   48.473630] pimreg: left allmulticast mode
[   48.493624] pimreg: entered allmulticast mode
[   48.511396] pimreg: entered allmulticast mode
[   48.529480] pimreg: entered allmulticast mode
[   48.558456] pimreg: entered allmulticast mode
[   48.582052] pimreg: entered allmulticast mode
[   48.609679] pimreg: entered allmulticast mode
[   48.642028] pimreg: entered allmulticast mode
[   48.666141] pimreg: entered allmulticast mode
[   48.694348] pimreg: left allmulticast mode
[   48.694693] pimreg: left allmulticast mode
[   48.694970] pimreg: left allmulticast mode
[   48.695228] pimreg: left allmulticast mode
[   48.695494] pimreg: left allmulticast mode
[   48.695809] pimreg: left allmulticast mode
[   48.696107] pimreg: left allmulticast mode
[   48.696387] pimreg: left allmulticast mode
[   48.696957] pimreg: left allmulticast mode
[   48.710702] pimreg: entered allmulticast mode
[   48.731696] pimreg: entered allmulticast mode
[   48.744493] pimreg: entered allmulticast mode
[   48.766426] pimreg: entered allmulticast mode
[   48.785560] pimreg: entered allmulticast mode
[   48.821675] pimreg: entered allmulticast mode
[   48.850183] pimreg: entered allmulticast mode
[   48.874132] pimreg: entered allmulticast mode
[   48.901218] pimreg: entered allmulticast mode
[   48.918353] pimreg: left allmulticast mode
[   48.918698] pimreg: left allmulticast mode
[   48.918968] pimreg: left allmulticast mode
[   48.919213] pimreg: left allmulticast mode
[   48.919508] pimreg: left allmulticast mode
[   48.919807] pimreg: left allmulticast mode
[   48.920090] pimreg: left allmulticast mode
[   48.920375] pimreg: left allmulticast mode
[   48.920665] pimreg: left allmulticast mode
[   48.934988] pimreg: entered allmulticast mode
[   48.963508] pimreg: entered allmulticast mode
[   48.983788] pimreg: entered allmulticast mode
[   48.995572] pimreg: entered allmulticast mode
[   49.017939] pimreg: entered allmulticast mode
[   49.042331] pimreg: entered allmulticast mode
[   49.065704] pimreg: entered allmulticast mode
[   49.087551] pimreg: entered allmulticast mode
[   49.095275] pimreg: left allmulticast mode
[   49.095609] pimreg: left allmulticast mode
[   49.095874] pimreg: left allmulticast mode
[   49.096121] pimreg: left allmulticast mode
[   49.096375] pimreg: left allmulticast mode
[   49.096689] pimreg: left allmulticast mode
[   49.096977] pimreg: left allmulticast mode
[   49.097943] pimreg: left allmulticast mode
[   49.111094] pimreg: entered allmulticast mode
[   49.137552] pimreg: entered allmulticast mode
[   49.153570] pimreg: entered allmulticast mode
[   49.182105] pimreg: entered allmulticast mode
[   49.205227] pimreg: entered allmulticast mode
[   49.225238] pimreg: entered allmulticast mode
[   49.246093] pimreg: entered allmulticast mode
[   49.269357] pimreg: entered allmulticast mode
[   49.290679] pimreg: left allmulticast mode
[   49.291416] pimreg: left allmulticast mode
[   49.291709] pimreg: left allmulticast mode
[   49.293063] pimreg: left allmulticast mode
[   49.293500] pimreg: left allmulticast mode
[   49.293825] pimreg: left allmulticast mode
[   49.294127] pimreg: left allmulticast mode
[   49.294417] pimreg: left allmulticast mode
[   49.307610] pimreg: entered allmulticast mode
[   49.327276] pimreg: entered allmulticast mode
[   49.356595] pimreg: entered allmulticast mode
[   49.381972] pimreg: entered allmulticast mode
[   49.409718] pimreg: entered allmulticast mode
[   49.445848] pimreg: entered allmulticast mode
[   49.470165] pimreg: entered allmulticast mode
[   49.498047] pimreg: entered allmulticast mode
[   49.518664] pimreg: left allmulticast mode
[   49.518980] pimreg: left allmulticast mode
[   49.519228] pimreg: left allmulticast mode
[   49.519489] pimreg: left allmulticast mode
[   49.519801] pimreg: left allmulticast mode
[   49.520092] pimreg: left allmulticast mode
[   49.520376] pimreg: left allmulticast mode
[   49.520657] pimreg: left allmulticast mode
[   49.534365] pimreg: entered allmulticast mode
[   49.559003] pimreg: entered allmulticast mode
[   49.580973] pimreg: entered allmulticast mode
[   49.602719] pimreg: entered allmulticast mode
[   49.621873] pimreg: entered allmulticast mode
[   49.645874] pimreg: entered allmulticast mode
[   49.682111] pimreg: entered allmulticast mode
[   49.702249] pimreg: left allmulticast mode
[   49.702596] pimreg: left allmulticast mode
[   49.702859] pimreg: left allmulticast mode
[   49.703791] pimreg: left allmulticast mode
[   49.704239] pimreg: left allmulticast mode
[   49.704565] pimreg: left allmulticast mode
[   49.704864] pimreg: left allmulticast mode
[   49.716812] pimreg: entered allmulticast mode
[   49.737669] pimreg: entered allmulticast mode
[   49.757362] pimreg: entered allmulticast mode
[   49.770879] pimreg: entered allmulticast mode
[   49.798329] pimreg: entered allmulticast mode
[   49.813662] pimreg: entered allmulticast mode
[   49.833724] pimreg: entered allmulticast mode
[   49.873661] pimreg: entered allmulticast mode
[   49.898020] pimreg: entered allmulticast mode
[   49.902464] pimreg: left allmulticast mode
[   49.902804] pimreg: left allmulticast mode
[   49.903359] pimreg: left allmulticast mode
[   49.903620] pimreg: left allmulticast mode
[   49.903883] pimreg: left allmulticast mode
[   49.904171] pimreg: left allmulticast mode
[   49.905026] pimreg: left allmulticast mode
[   49.905347] pimreg: left allmulticast mode
[   49.906051] pimreg: left allmulticast mode
[   49.920499] pimreg: entered allmulticast mode
[   49.943482] pimreg: entered allmulticast mode
[   49.963238] pimreg: entered allmulticast mode
[   49.975217] pimreg: entered allmulticast mode
[   49.994077] pimreg: entered allmulticast mode
[   50.021850] pimreg: entered allmulticast mode
[   50.046066] pimreg: entered allmulticast mode
[   50.070001] pimreg: entered allmulticast mode
[   50.097851] pimreg: entered allmulticast mode
[   50.133190] pimreg: entered allmulticast mode
[   50.147194] pimreg: left allmulticast mode
[   50.147489] pimreg: left allmulticast mode
[   50.147752] pimreg: left allmulticast mode
[   50.148065] pimreg: left allmulticast mode
[   50.148366] pimreg: left allmulticast mode
[   50.148644] pimreg: left allmulticast mode
[   50.148956] pimreg: left allmulticast mode
[   50.149243] pimreg: left allmulticast mode
[   50.149562] pimreg: left allmulticast mode
[   50.149871] pimreg: left allmulticast mode
[   50.166317] pimreg: entered allmulticast mode
[   50.195395] pimreg: entered allmulticast mode
[   50.209468] pimreg: entered allmulticast mode
[   50.221964] pimreg: entered allmulticast mode
[   50.250462] pimreg: entered allmulticast mode
[   50.273856] pimreg: entered allmulticast mode
[   50.301561] pimreg: entered allmulticast mode
[   50.325847] pimreg: entered allmulticast mode
[   50.349939] pimreg: entered allmulticast mode
[   50.373713] pimreg: entered allmulticast mode
[   50.379462] pimreg: left allmulticast mode
[   50.380086] pimreg: left allmulticast mode
[   50.380363] pimreg: left allmulticast mode
[   50.380611] pimreg: left allmulticast mode
[   50.380866] pimreg: left allmulticast mode
[   50.381158] pimreg: left allmulticast mode
[   50.381511] pimreg: left allmulticast mode
[   50.381803] pimreg: left allmulticast mode
[   50.382083] pimreg: left allmulticast mode
[   50.401646] pimreg: entered allmulticast mode
[   50.420794] pimreg: entered allmulticast mode
[   50.440790] pimreg: entered allmulticast mode
[   50.455690] pimreg: entered allmulticast mode
[   50.465133] pimreg: entered allmulticast mode
[   50.489808] pimreg: entered allmulticast mode
[   50.521695] pimreg: entered allmulticast mode
[   50.549910] pimreg: entered allmulticast mode
[   50.590081] pimreg: entered allmulticast mode
[   50.596646] pimreg: left allmulticast mode
[   50.596986] pimreg: left allmulticast mode
[   50.597242] pimreg: left allmulticast mode
[   50.597691] pimreg: left allmulticast mode
[   50.597941] pimreg: left allmulticast mode
[   50.598498] pimreg: left allmulticast mode
[   50.598815] pimreg: left allmulticast mode
[   50.599113] pimreg: left allmulticast mode
[   50.599409] pimreg: left allmulticast mode
[   50.599723] pimreg: left allmulticast mode
[   50.615046] pimreg: entered allmulticast mode
[   50.639547] pimreg: entered allmulticast mode
[   50.651785] pimreg: entered allmulticast mode
[   50.690352] pimreg: entered allmulticast mode
[   50.713998] pimreg: entered allmulticast mode
[   50.737899] pimreg: entered allmulticast mode
[   50.769693] pimreg: entered allmulticast mode
[   50.793907] pimreg: entered allmulticast mode
[   50.817682] pimreg: entered allmulticast mode
[   50.845577] pimreg: entered allmulticast mode
[   50.858649] pimreg: left allmulticast mode
[   50.858999] pimreg: left allmulticast mode
[   50.859267] pimreg: left allmulticast mode
[   50.859514] pimreg: left allmulticast mode
[   50.859827] pimreg: left allmulticast mode
[   50.860120] pimreg: left allmulticast mode
[   50.860417] pimreg: left allmulticast mode
[   50.860727] pimreg: left allmulticast mode
[   50.861019] pimreg: left allmulticast mode
[   50.861302] pimreg: left allmulticast mode
[   50.877888] pimreg: entered allmulticast mode
[   50.900050] pimreg: entered allmulticast mode
[   50.922027] pimreg: entered allmulticast mode
[   50.946033] pimreg: entered allmulticast mode
[   50.970054] pimreg: entered allmulticast mode
[   50.993960] pimreg: entered allmulticast mode
[   51.017968] pimreg: entered allmulticast mode
[   51.041812] pimreg: entered allmulticast mode
[   51.066016] pimreg: entered allmulticast mode
[   51.093892] pimreg: entered allmulticast mode
[   51.098742] pimreg: left allmulticast mode
[   51.099092] pimreg: left allmulticast mode
[   51.099354] pimreg: left allmulticast mode
[   51.099605] pimreg: left allmulticast mode
[   51.099914] pimreg: left allmulticast mode
[   51.100707] pimreg: left allmulticast mode
[   51.101031] pimreg: left allmulticast mode
[   51.101327] pimreg: left allmulticast mode
[   51.102025] pimreg: left allmulticast mode
[   51.102349] pimreg: left allmulticast mode
[   51.118497] pimreg: entered allmulticast mode
[   51.147605] pimreg: entered allmulticast mode
[   51.161875] pimreg: entered allmulticast mode
[   51.186403] pimreg: entered allmulticast mode
[   51.226029] pimreg: entered allmulticast mode
[   51.249792] pimreg: entered allmulticast mode
[   51.285748] pimreg: entered allmulticast mode
[   51.310711] pimreg: entered allmulticast mode
[   51.325717] pimreg: entered allmulticast mode
[   51.342333] pimreg: left allmulticast mode
[   51.342686] pimreg: left allmulticast mode
[   51.342940] pimreg: left allmulticast mode
[   51.343196] pimreg: left allmulticast mode
[   51.343497] pimreg: left allmulticast mode
[   51.344883] pimreg: left allmulticast mode
[   51.345216] pimreg: left allmulticast mode
[   51.345586] pimreg: left allmulticast mode
[   51.345904] pimreg: left allmulticast mode
[   51.359753] pimreg: entered allmulticast mode
[   51.385259] pimreg: entered allmulticast mode
[   51.399940] pimreg: entered allmulticast mode
[   51.417640] pimreg: entered allmulticast mode
[   51.441664] pimreg: entered allmulticast mode
[   51.466209] pimreg: entered allmulticast mode
[   51.501851] pimreg: entered allmulticast mode
[   51.525954] pimreg: entered allmulticast mode
[   51.554008] pimreg: entered allmulticast mode
[   51.594425] pimreg: left allmulticast mode
[   51.594773] pimreg: left allmulticast mode
[   51.596041] pimreg: left allmulticast mode
[   51.596365] pimreg: left allmulticast mode
[   51.596632] pimreg: left allmulticast mode
[   51.596897] pimreg: left allmulticast mode
[   51.597174] pimreg: left allmulticast mode
[   51.597816] pimreg: left allmulticast mode
[   51.598129] pimreg: left allmulticast mode
[   51.612576] pimreg: entered allmulticast mode
[   51.631939] pimreg: entered allmulticast mode
[   51.652738] pimreg: entered allmulticast mode
[   51.669597] pimreg: entered allmulticast mode
[   51.693725] pimreg: entered allmulticast mode
[   51.707153] pimreg: left allmulticast mode
[   51.707488] pimreg: left allmulticast mode
[   51.707761] pimreg: left allmulticast mode
[   51.708011] pimreg: left allmulticast mode
[   51.708266] pimreg: left allmulticast mode
[   51.717944] pimreg: entered allmulticast mode
[   51.746761] pimreg: entered allmulticast mode
[   51.772780] pimreg: entered allmulticast mode
[   51.798222] pimreg: entered allmulticast mode
[   51.821835] pimreg: entered allmulticast mode
[   51.854004] pimreg: entered allmulticast mode
[   51.878110] pimreg: left allmulticast mode
[   51.878464] pimreg: left allmulticast mode
[   51.878729] pimreg: left allmulticast mode
[   51.879262] pimreg: left allmulticast mode
[   51.880006] pimreg: left allmulticast mode
[   51.880333] pimreg: left allmulticast mode
[   51.890714] pimreg: entered allmulticast mode
[   51.908591] pimreg: entered allmulticast mode
[   51.932008] pimreg: entered allmulticast mode
[   51.969725] pimreg: entered allmulticast mode
[   51.993870] pimreg: entered allmulticast mode
[   52.025835] pimreg: entered allmulticast mode
[   52.053827] pimreg: entered allmulticast mode
[   52.082215] pimreg: left allmulticast mode
[   52.082850] pimreg: left allmulticast mode
[   52.083160] pimreg: left allmulticast mode
[   52.083418] pimreg: left allmulticast mode
[   52.083694] pimreg: left allmulticast mode
[   52.084006] pimreg: left allmulticast mode
[   52.084328] pimreg: left allmulticast mode
[   52.096268] pimreg: entered allmulticast mode
[   52.105298] pimreg: entered allmulticast mode
[   52.122981] pimreg: entered allmulticast mode
[   52.141987] pimreg: entered allmulticast mode
[   52.166076] pimreg: entered allmulticast mode
[   52.193273] pimreg: entered allmulticast mode
[   52.217940] pimreg: entered allmulticast mode
[   52.241580] pimreg: entered allmulticast mode
[   52.266323] pimreg: entered allmulticast mode
[   52.266706] pimreg: left allmulticast mode
[   52.267047] pimreg: left allmulticast mode
[   52.267299] pimreg: left allmulticast mode
[   52.267611] pimreg: left allmulticast mode
[   52.267916] pimreg: left allmulticast mode
[   52.268216] pimreg: left allmulticast mode
[   52.268522] pimreg: left allmulticast mode
[   52.268826] pimreg: left allmulticast mode
[   52.286061] pimreg: entered allmulticast mode
[   52.323976] pimreg: entered allmulticast mode
[   52.348102] pimreg: entered allmulticast mode
[   52.370078] pimreg: entered allmulticast mode
[   52.386514] pimreg: entered allmulticast mode
[   52.409317] pimreg: entered allmulticast mode
[   52.434064] pimreg: entered allmulticast mode
[   52.457828] pimreg: entered allmulticast mode
[   52.482258] pimreg: left allmulticast mode
[   52.482621] pimreg: left allmulticast mode
[   52.482889] pimreg: left allmulticast mode
[   52.483137] pimreg: left allmulticast mode
[   52.483450] pimreg: left allmulticast mode
[   52.483753] pimreg: left allmulticast mode
[   52.484665] pimreg: left allmulticast mode
[   52.485301] pimreg: left allmulticast mode
[   52.485704] pimreg: left allmulticast mode
[   52.499154] pimreg: entered allmulticast mode
[   52.524797] pimreg: entered allmulticast mode
[   52.563177] pimreg: entered allmulticast mode
[   52.578162] pimreg: entered allmulticast mode
[   52.610057] pimreg: entered allmulticast mode
[   52.633992] pimreg: entered allmulticast mode
[   52.657905] pimreg: entered allmulticast mode
[   52.689867] pimreg: entered allmulticast mode
[   52.717352] pimreg: entered allmulticast mode
[   52.742368] pimreg: left allmulticast mode
[   52.742730] pimreg: left allmulticast mode
[   52.742994] pimreg: left allmulticast mode
[   52.743238] pimreg: left allmulticast mode
[   52.743546] pimreg: left allmulticast mode
[   52.743852] pimreg: left allmulticast mode
[   52.744155] pimreg: left allmulticast mode
[   52.744445] pimreg: left allmulticast mode
[   52.744736] pimreg: left allmulticast mode
[   52.759457] pimreg: entered allmulticast mode
[   52.787159] pimreg: entered allmulticast mode
[   52.814799] pimreg: entered allmulticast mode
[   52.827219] pimreg: entered allmulticast mode
[   52.854171] pimreg: entered allmulticast mode
[   52.878059] pimreg: entered allmulticast mode
[   52.883265] pimreg: left allmulticast mode
[   52.883816] pimreg: left allmulticast mode
[   52.884098] pimreg: left allmulticast mode
[   52.884345] pimreg: left allmulticast mode
[   52.884631] pimreg: left allmulticast mode
[   52.901780] pimreg: entered allmulticast mode
[   52.927340] pimreg: entered allmulticast mode
[   52.937384] pimreg: entered allmulticast mode
[   52.950996] pimreg: entered allmulticast mode
[   52.958164] pimreg: left allmulticast mode
[   52.958883] pimreg: left allmulticast mode
[   52.959219] pimreg: left allmulticast mode
[   52.959514] pimreg: left allmulticast mode
[   52.959945] pimreg: left allmulticast mode
[   52.969086] pimreg: entered allmulticast mode
[   52.986600] pimreg: entered allmulticast mode
[   53.009197] pimreg: entered allmulticast mode
[   53.021197] pimreg: entered allmulticast mode
[   53.042643] pimreg: entered allmulticast mode
[   53.065988] pimreg: entered allmulticast mode
[   53.070606] pimreg: left allmulticast mode
[   53.071064] pimreg: left allmulticast mode
[   53.071778] pimreg: left allmulticast mode
[   53.072116] pimreg: left allmulticast mode
[   53.072411] pimreg: left allmulticast mode
[   53.072716] pimreg: left allmulticast mode
[   53.083477] pimreg: entered allmulticast mode
[   53.109279] pimreg: entered allmulticast mode
[   53.135660] pimreg: entered allmulticast mode
[   53.157331] pimreg: entered allmulticast mode
[   53.181822] pimreg: entered allmulticast mode
[   53.202312] pimreg: entered allmulticast mode
[   53.221915] pimreg: entered allmulticast mode
[   53.246193] pimreg: left allmulticast mode
[   53.246541] pimreg: left allmulticast mode
[   53.246821] pimreg: left allmulticast mode
[   53.247070] pimreg: left allmulticast mode
[   53.247318] pimreg: left allmulticast mode
[   53.248059] pimreg: left allmulticast mode
[   53.248378] pimreg: left allmulticast mode
[   53.259208] pimreg: entered allmulticast mode
[   53.277954] pimreg: entered allmulticast mode
[   53.302945] pimreg: entered allmulticast mode
[   53.321593] pimreg: entered allmulticast mode
[   53.345589] pimreg: entered allmulticast mode
[   53.366735] pimreg: entered allmulticast mode
[   53.386408] pimreg: left allmulticast mode
[   53.386721] pimreg: left allmulticast mode
[   53.386975] pimreg: left allmulticast mode
[   53.387281] pimreg: left allmulticast mode
[   53.387566] pimreg: left allmulticast mode
[   53.387883] pimreg: left allmulticast mode
[   53.398364] pimreg: entered allmulticast mode
[   53.444086] pimreg: entered allmulticast mode
[   53.462032] pimreg: entered allmulticast mode
[   53.485872] pimreg: entered allmulticast mode
[   53.509533] pimreg: entered allmulticast mode
[   53.533534] pimreg: entered allmulticast mode
[   53.553634] pimreg: entered allmulticast mode
[   53.574875] pimreg: left allmulticast mode
[   53.575189] pimreg: left allmulticast mode
[   53.575446] pimreg: left allmulticast mode
[   53.575767] pimreg: left allmulticast mode
[   53.576056] pimreg: left allmulticast mode
[   53.577363] pimreg: left allmulticast mode
[   53.577774] pimreg: left allmulticast mode
[   53.589449] pimreg: entered allmulticast mode
[   53.615079] pimreg: entered allmulticast mode
[   53.636124] pimreg: entered allmulticast mode
[   53.653771] pimreg: entered allmulticast mode
[   53.666597] pimreg: entered allmulticast mode
[   53.686170] pimreg: entered allmulticast mode
[   53.705819] pimreg: entered allmulticast mode
[   53.735482] pimreg: left allmulticast mode
[   53.735811] pimreg: left allmulticast mode
[   53.736070] pimreg: left allmulticast mode
[   53.736326] pimreg: left allmulticast mode
[   53.736642] pimreg: left allmulticast mode
[   53.737012] pimreg: left allmulticast mode
[   53.737257] pimreg: left allmulticast mode
[   53.748891] pimreg: entered allmulticast mode
[   53.777777] pimreg: entered allmulticast mode
[   53.803174] pimreg: entered allmulticast mode
[   53.825528] pimreg: entered allmulticast mode
[   53.837947] pimreg: entered allmulticast mode
[   53.861534] pimreg: entered allmulticast mode
[   53.885622] pimreg: entered allmulticast mode
[   53.909577] pimreg: entered allmulticast mode
[   53.914329] pimreg: left allmulticast mode
[   53.914694] pimreg: left allmulticast mode
[   53.914962] pimreg: left allmulticast mode
[   53.915209] pimreg: left allmulticast mode
[   53.915948] pimreg: left allmulticast mode
[   53.916231] pimreg: left allmulticast mode
[   53.916478] pimreg: left allmulticast mode
[   53.916792] pimreg: left allmulticast mode
[   53.930720] pimreg: entered allmulticast mode
[   53.959130] pimreg: entered allmulticast mode
[   53.984050] pimreg: entered allmulticast mode
[   54.005548] pimreg: entered allmulticast mode
[   54.033572] pimreg: entered allmulticast mode
[   54.058275] pimreg: entered allmulticast mode
[   54.081533] pimreg: entered allmulticast mode
[   54.106352] pimreg: entered allmulticast mode
[   54.121987] pimreg: entered allmulticast mode
[   54.126749] pimreg: left allmulticast mode
[   54.127083] pimreg: left allmulticast mode
[   54.127345] pimreg: left allmulticast mode
[   54.127606] pimreg: left allmulticast mode
[   54.127887] pimreg: left allmulticast mode
[   54.128393] pimreg: left allmulticast mode
[   54.128863] pimreg: left allmulticast mode
[   54.129184] pimreg: left allmulticast mode
[   54.129854] pimreg: left allmulticast mode
[   54.144132] pimreg: entered allmulticast mode
[   54.164461] pimreg: entered allmulticast mode
[   54.181491] pimreg: entered allmulticast mode
[   54.194375] pimreg: entered allmulticast mode
[   54.209921] pimreg: entered allmulticast mode
[   54.229767] pimreg: entered allmulticast mode
[   54.253813] pimreg: entered allmulticast mode
[   54.277320] pimreg: entered allmulticast mode
[   54.290375] pimreg: left allmulticast mode
[   54.290726] pimreg: left allmulticast mode
[   54.290991] pimreg: left allmulticast mode
[   54.291235] pimreg: left allmulticast mode
[   54.291549] pimreg: left allmulticast mode
[   54.291839] pimreg: left allmulticast mode
[   54.292129] pimreg: left allmulticast mode
[   54.292426] pimreg: left allmulticast mode
[   54.306503] pimreg: entered allmulticast mode
[   54.334181] pimreg: entered allmulticast mode
[   54.353495] pimreg: entered allmulticast mode
[   54.377972] pimreg: entered allmulticast mode
[   54.401955] pimreg: entered allmulticast mode
[   54.430018] pimreg: entered allmulticast mode
[   54.461913] pimreg: entered allmulticast mode
[   54.489719] pimreg: entered allmulticast mode
[   54.510128] pimreg: left allmulticast mode
[   54.510480] pimreg: left allmulticast mode
[   54.510758] pimreg: left allmulticast mode
[   54.511733] pimreg: left allmulticast mode
[   54.512166] pimreg: left allmulticast mode
[   54.512424] pimreg: left allmulticast mode
[   54.512736] pimreg: left allmulticast mode
[   54.513062] pimreg: left allmulticast mode
[   54.526132] pimreg: entered allmulticast mode
[   54.551103] pimreg: entered allmulticast mode
[   54.573915] pimreg: entered allmulticast mode
[   54.597376] pimreg: entered allmulticast mode
[   54.621502] pimreg: entered allmulticast mode
[   54.645367] pimreg: entered allmulticast mode
[   54.669706] pimreg: entered allmulticast mode
[   54.690054] pimreg: entered allmulticast mode
[   54.706253] pimreg: left allmulticast mode
[   54.706612] pimreg: left allmulticast mode
[   54.706863] pimreg: left allmulticast mode
[   54.707182] pimreg: left allmulticast mode
[   54.707493] pimreg: left allmulticast mode
[   54.708492] pimreg: left allmulticast mode
[   54.708851] pimreg: left allmulticast mode
[   54.709176] pimreg: left allmulticast mode
[   54.722197] pimreg: entered allmulticast mode
[   54.747586] pimreg: entered allmulticast mode
[   54.768889] pimreg: entered allmulticast mode
[   54.789352] pimreg: entered allmulticast mode
[   54.809982] pimreg: entered allmulticast mode
[   54.829664] pimreg: entered allmulticast mode
[   54.857674] pimreg: entered allmulticast mode
[   54.881691] pimreg: entered allmulticast mode
[   54.901625] pimreg: entered allmulticast mode
[   54.907137] pimreg: left allmulticast mode
[   54.907500] pimreg: left allmulticast mode
[   54.907793] pimreg: left allmulticast mode
[   54.908056] pimreg: left allmulticast mode
[   54.908305] pimreg: left allmulticast mode
[   54.908612] pimreg: left allmulticast mode
[   54.908900] pimreg: left allmulticast mode
[   54.909192] pimreg: left allmulticast mode
[   54.929706] pimreg: entered allmulticast mode
[   54.947336] pimreg: entered allmulticast mode
[   54.960412] pimreg: entered allmulticast mode
[   54.985391] pimreg: entered allmulticast mode
[   55.005555] pimreg: entered allmulticast mode
[   55.025767] pimreg: entered allmulticast mode
[   55.045364] pimreg: entered allmulticast mode
[   55.070123] pimreg: entered allmulticast mode
[   55.090566] pimreg: left allmulticast mode
[   55.091321] pimreg: left allmulticast mode
[   55.091615] pimreg: left allmulticast mode
[   55.091867] pimreg: left allmulticast mode
[   55.092324] pimreg: left allmulticast mode
[   55.092666] pimreg: left allmulticast mode
[   55.092962] pimreg: left allmulticast mode
[   55.093275] pimreg: left allmulticast mode
[   55.093650] pimreg: left allmulticast mode
[   55.107359] pimreg: entered allmulticast mode
[   55.133446] pimreg: entered allmulticast mode
[   55.147446] pimreg: entered allmulticast mode
[   55.166756] pimreg: entered allmulticast mode
[   55.194408] pimreg: entered allmulticast mode
[   55.217800] pimreg: entered allmulticast mode
[   55.241780] pimreg: entered allmulticast mode
[   55.246499] pimreg: left allmulticast mode
[   55.246860] pimreg: left allmulticast mode
[   55.247129] pimreg: left allmulticast mode
[   55.247375] pimreg: left allmulticast mode
[   55.247682] pimreg: left allmulticast mode
[   55.247990] pimreg: left allmulticast mode
[   55.248747] pimreg: left allmulticast mode
[   55.261378] pimreg: entered allmulticast mode
[   55.294515] pimreg: entered allmulticast mode
[   55.317960] pimreg: entered allmulticast mode
[   55.342150] pimreg: entered allmulticast mode
[   55.361649] pimreg: entered allmulticast mode
[   55.381369] pimreg: entered allmulticast mode
[   55.405639] pimreg: entered allmulticast mode
[   55.425719] pimreg: entered allmulticast mode
[   55.450611] pimreg: left allmulticast mode
[   55.450950] pimreg: left allmulticast mode
[   55.451203] pimreg: left allmulticast mode
[   55.451888] pimreg: left allmulticast mode
[   55.452796] pimreg: left allmulticast mode
[   55.453114] pimreg: left allmulticast mode
[   55.453370] pimreg: left allmulticast mode
[   55.453953] pimreg: left allmulticast mode
[   55.466782] pimreg: entered allmulticast mode
[   55.498270] pimreg: entered allmulticast mode
[   55.520875] pimreg: entered allmulticast mode
[   55.546197] pimreg: entered allmulticast mode
[   55.565509] pimreg: entered allmulticast mode
[   55.586295] pimreg: entered allmulticast mode
[   55.609696] pimreg: entered allmulticast mode
[   55.633698] pimreg: entered allmulticast mode
[   55.638681] pimreg: left allmulticast mode
[   55.639025] pimreg: left allmulticast mode
[   55.639282] pimreg: left allmulticast mode
[   55.639548] pimreg: left allmulticast mode
[   55.639838] pimreg: left allmulticast mode
[   55.641686] pimreg: left allmulticast mode
[   55.642139] pimreg: left allmulticast mode
[   55.642424] pimreg: left allmulticast mode
[   55.658247] pimreg: entered allmulticast mode
[   55.690099] pimreg: entered allmulticast mode
[   55.715214] pimreg: entered allmulticast mode
[   55.733870] pimreg: entered allmulticast mode
[   55.758975] pimreg: entered allmulticast mode
[   55.773866] pimreg: entered allmulticast mode
[   55.793541] pimreg: entered allmulticast mode
[   55.813541] pimreg: entered allmulticast mode
[   55.838082] pimreg: entered allmulticast mode
[   55.842563] pimreg: left allmulticast mode
[   55.842913] pimreg: left allmulticast mode
[   55.843216] pimreg: left allmulticast mode
[   55.843517] pimreg: left allmulticast mode
[   55.844067] pimreg: left allmulticast mode
[   55.844376] pimreg: left allmulticast mode
[   55.844673] pimreg: left allmulticast mode
[   55.844973] pimreg: left allmulticast mode
[   55.845273] pimreg: left allmulticast mode
[   55.860382] pimreg: entered allmulticast mode
[   55.878278] pimreg: entered allmulticast mode
[   55.897345] pimreg: entered allmulticast mode
[   55.913831] pimreg: entered allmulticast mode
[   55.935596] pimreg: entered allmulticast mode
[   55.961188] pimreg: entered allmulticast mode
[   55.983178] pimreg: entered allmulticast mode
[   55.995593] pimreg: left allmulticast mode
[   55.995937] pimreg: left allmulticast mode
[   55.996193] pimreg: left allmulticast mode
[   55.996437] pimreg: left allmulticast mode
[   55.996730] pimreg: left allmulticast mode
[   55.997041] pimreg: left allmulticast mode
[   55.997636] pimreg: left allmulticast mode
[   56.010303] pimreg: entered allmulticast mode
[   56.036754] pimreg: entered allmulticast mode
[   56.064650] pimreg: entered allmulticast mode
[   56.081893] pimreg: entered allmulticast mode
[   56.101602] pimreg: entered allmulticast mode
[   56.121740] pimreg: entered allmulticast mode
[   56.145727] pimreg: entered allmulticast mode
[   56.171081] pimreg: entered allmulticast mode
[   56.171446] pimreg: left allmulticast mode
[   56.171797] pimreg: left allmulticast mode
[   56.172107] pimreg: left allmulticast mode
[   56.172420] pimreg: left allmulticast mode
[   56.172735] pimreg: left allmulticast mode
[   56.173015] pimreg: left allmulticast mode
[   56.173297] pimreg: left allmulticast mode
[   56.188944] pimreg: entered allmulticast mode
[   56.214324] pimreg: entered allmulticast mode
[   56.237691] pimreg: entered allmulticast mode
[   56.249465] pimreg: entered allmulticast mode
[   56.274268] pimreg: entered allmulticast mode
[   56.297893] pimreg: entered allmulticast mode
[   56.325734] pimreg: entered allmulticast mode
[   56.349961] pimreg: entered allmulticast mode
[   56.354378] pimreg: left allmulticast mode
[   56.354741] pimreg: left allmulticast mode
[   56.355008] pimreg: left allmulticast mode
[   56.355267] pimreg: left allmulticast mode
[   56.355522] pimreg: left allmulticast mode
[   56.355835] pimreg: left allmulticast mode
[   56.356121] pimreg: left allmulticast mode
[   56.356724] pimreg: left allmulticast mode
[   56.357025] pimreg: left allmulticast mode
[   56.371314] pimreg: entered allmulticast mode
[   56.395435] pimreg: entered allmulticast mode
[   56.420300] pimreg: entered allmulticast mode
[   56.442589] pimreg: entered allmulticast mode
[   56.461839] pimreg: entered allmulticast mode
[   56.486058] pimreg: entered allmulticast mode
[   56.509689] pimreg: entered allmulticast mode
[   56.533555] pimreg: entered allmulticast mode
[   56.557730] pimreg: entered allmulticast mode
[   56.578293] pimreg: left allmulticast mode
[   56.578677] pimreg: left allmulticast mode
[   56.578930] pimreg: left allmulticast mode
[   56.579228] pimreg: left allmulticast mode
[   56.580309] pimreg: left allmulticast mode
[   56.580626] pimreg: left allmulticast mode
[   56.580880] pimreg: left allmulticast mode
[   56.581172] pimreg: left allmulticast mode
[   56.581524] pimreg: left allmulticast mode
[   56.595552] pimreg: entered allmulticast mode
[   56.615804] pimreg: entered allmulticast mode
[   56.638932] pimreg: entered allmulticast mode
[   56.669351] pimreg: entered allmulticast mode
[   56.694034] pimreg: entered allmulticast mode
[   56.726079] pimreg: entered allmulticast mode
[   56.749725] pimreg: entered allmulticast mode
[   56.773622] pimreg: entered allmulticast mode
[   56.797633] pimreg: entered allmulticast mode
[   56.803520] pimreg: left allmulticast mode
[   56.803886] pimreg: left allmulticast mode
[   56.804151] pimreg: left allmulticast mode
[   56.804402] pimreg: left allmulticast mode
[   56.804693] pimreg: left allmulticast mode
[   56.804990] pimreg: left allmulticast mode
[   56.805277] pimreg: left allmulticast mode
[   56.805638] pimreg: left allmulticast mode
[   56.821518] pimreg: entered allmulticast mode
[   56.849919] pimreg: entered allmulticast mode
[   56.871193] pimreg: entered allmulticast mode
[   56.893727] pimreg: entered allmulticast mode
[   56.929811] pimreg: entered allmulticast mode
[   56.953999] pimreg: entered allmulticast mode
[   56.985756] pimreg: entered allmulticast mode
[   57.017735] pimreg: entered allmulticast mode
[   57.041919] pimreg: entered allmulticast mode
[   57.047177] pimreg: left allmulticast mode
[   57.047562] pimreg: left allmulticast mode
[   57.047823] pimreg: left allmulticast mode
[   57.048117] pimreg: left allmulticast mode
[   57.048412] pimreg: left allmulticast mode
[   57.048706] pimreg: left allmulticast mode
[   57.048990] pimreg: left allmulticast mode
[   57.049294] pimreg: left allmulticast mode
[   57.049675] pimreg: left allmulticast mode
[   57.065802] pimreg: entered allmulticast mode
[   57.095094] pimreg: entered allmulticast mode
[   57.146392] pimreg: entered allmulticast mode
[   57.169390] pimreg: entered allmulticast mode
[   57.193484] pimreg: entered allmulticast mode
[   57.217463] pimreg: entered allmulticast mode
[   57.241288] pimreg: entered allmulticast mode
[   57.265305] pimreg: entered allmulticast mode
[   57.289321] pimreg: entered allmulticast mode
[   57.310230] pimreg: left allmulticast mode
[   57.310600] pimreg: left allmulticast mode
[   57.310856] pimreg: left allmulticast mode
[   57.311128] pimreg: left allmulticast mode
[   57.311386] pimreg: left allmulticast mode
[   57.312092] pimreg: left allmulticast mode
[   57.312414] pimreg: left allmulticast mode
[   57.312726] pimreg: left allmulticast mode
[   57.313013] pimreg: left allmulticast mode
[   57.313334] pimreg: left allmulticast mode
[   57.329263] pimreg: entered allmulticast mode
[   57.356128] pimreg: entered allmulticast mode
[   57.367303] pimreg: entered allmulticast mode
[   57.385504] pimreg: entered allmulticast mode
[   57.426335] pimreg: entered allmulticast mode
[   57.449754] pimreg: entered allmulticast mode
[   57.473778] pimreg: entered allmulticast mode
[   57.497749] pimreg: entered allmulticast mode
[   57.521631] pimreg: entered allmulticast mode
[   57.545310] pimreg: entered allmulticast mode
[   57.558907] pimreg: left allmulticast mode
[   57.559517] pimreg: left allmulticast mode
[   57.559788] pimreg: left allmulticast mode
[   57.560097] pimreg: left allmulticast mode
[   57.560402] pimreg: left allmulticast mode
[   57.560669] pimreg: left allmulticast mode
[   57.560971] pimreg: left allmulticast mode
[   57.561264] pimreg: left allmulticast mode
[   57.561613] pimreg: left allmulticast mode
[   57.561913] pimreg: left allmulticast mode
[   57.578590] pimreg: entered allmulticast mode
[   57.607752] pimreg: entered allmulticast mode
[   57.626246] pimreg: entered allmulticast mode
[   57.645296] pimreg: entered allmulticast mode
[   57.669576] pimreg: entered allmulticast mode
[   57.694283] pimreg: entered allmulticast mode
[   57.713557] pimreg: entered allmulticast mode
[   57.737799] pimreg: entered allmulticast mode
[   57.757366] pimreg: entered allmulticast mode
[   57.781775] pimreg: entered allmulticast mode
[   57.795719] pimreg: left allmulticast mode
[   57.796306] pimreg: left allmulticast mode
[   57.796617] pimreg: left allmulticast mode
[   57.796862] pimreg: left allmulticast mode
[   57.797156] pimreg: left allmulticast mode
[   57.797515] pimreg: left allmulticast mode
[   57.797837] pimreg: left allmulticast mode
[   57.798124] pimreg: left allmulticast mode
[   57.798419] pimreg: left allmulticast mode
[   57.798729] pimreg: left allmulticast mode
[   57.814343] pimreg: entered allmulticast mode
[   57.843934] pimreg: entered allmulticast mode
[   57.877179] pimreg: entered allmulticast mode
[   57.910018] pimreg: entered allmulticast mode
[   57.945692] pimreg: entered allmulticast mode
[   57.973604] pimreg: entered allmulticast mode
[   57.997736] pimreg: entered allmulticast mode
[   58.033646] pimreg: entered allmulticast mode
[   58.057699] pimreg: entered allmulticast mode
[   58.078562] pimreg: left allmulticast mode
[   58.079036] pimreg: left allmulticast mode
[   58.079366] pimreg: left allmulticast mode
[   58.079671] pimreg: left allmulticast mode
[   58.079971] pimreg: left allmulticast mode
[   58.080266] pimreg: left allmulticast mode
[   58.080559] pimreg: left allmulticast mode
[   58.080850] pimreg: left allmulticast mode
[   58.081129] pimreg: left allmulticast mode
[   58.095078] pimreg: entered allmulticast mode
[   58.127394] pimreg: entered allmulticast mode
[   58.149681] pimreg: entered allmulticast mode
[   58.182175] pimreg: entered allmulticast mode
[   58.201978] pimreg: entered allmulticast mode
[   58.221624] pimreg: entered allmulticast mode
[   58.242223] pimreg: entered allmulticast mode
[   58.242611] pimreg: left allmulticast mode
[   58.242924] pimreg: left allmulticast mode
[   58.243173] pimreg: left allmulticast mode
[   58.243444] pimreg: left allmulticast mode
[   58.243743] pimreg: left allmulticast mode
[   58.244025] pimreg: left allmulticast mode
[   58.255115] pimreg: entered allmulticast mode
[   58.273694] pimreg: entered allmulticast mode
[   58.299449] pimreg: entered allmulticast mode
[   58.321960] pimreg: entered allmulticast mode
[   58.341737] pimreg: entered allmulticast mode
[   58.361632] pimreg: entered allmulticast mode
[   58.385336] pimreg: entered allmulticast mode
[   58.398278] pimreg: left allmulticast mode
[   58.398621] pimreg: left allmulticast mode
[   58.398872] pimreg: left allmulticast mode
[   58.399171] pimreg: left allmulticast mode
[   58.399478] pimreg: left allmulticast mode
[   58.400172] pimreg: left allmulticast mode
[   58.400475] pimreg: left allmulticast mode
[   58.400767] pimreg: left allmulticast mode
[   58.414279] pimreg: entered allmulticast mode
[   58.435152] pimreg: entered allmulticast mode
[   58.468302] pimreg: entered allmulticast mode
[   58.490106] pimreg: entered allmulticast mode
[   58.505525] pimreg: entered allmulticast mode
[   58.526152] pimreg: entered allmulticast mode
[   58.553340] pimreg: entered allmulticast mode
[   58.574244] pimreg: entered allmulticast mode
[   58.594835] pimreg: left allmulticast mode
[   58.595160] pimreg: left allmulticast mode
[   58.595428] pimreg: left allmulticast mode
[   58.595718] pimreg: left allmulticast mode
[   58.596010] pimreg: left allmulticast mode
[   58.596310] pimreg: left allmulticast mode
[   58.596607] pimreg: left allmulticast mode
[   58.596904] pimreg: left allmulticast mode
[   58.610135] pimreg: entered allmulticast mode
[   58.630869] pimreg: entered allmulticast mode
[   58.660187] pimreg: entered allmulticast mode
[   58.677621] pimreg: entered allmulticast mode
[   58.689648] pimreg: entered allmulticast mode
[   58.713283] pimreg: entered allmulticast mode
[   58.734243] pimreg: entered allmulticast mode
[   58.754975] pimreg: left allmulticast mode
[   58.755272] pimreg: left allmulticast mode
[   58.755532] pimreg: left allmulticast mode
[   58.755829] pimreg: left allmulticast mode
[   58.756121] pimreg: left allmulticast mode
[   58.756542] pimreg: left allmulticast mode
[   58.756836] pimreg: left allmulticast mode
[   58.770226] pimreg: entered allmulticast mode
[   58.790516] pimreg: entered allmulticast mode
[   58.819204] pimreg: entered allmulticast mode
[   58.830596] pimreg: entered allmulticast mode
[   58.853922] pimreg: entered allmulticast mode
[   58.878427] pimreg: entered allmulticast mode
[   58.885856] pimreg: left allmulticast mode
[   58.886445] pimreg: left allmulticast mode
[   58.886706] pimreg: left allmulticast mode
[   58.886966] pimreg: left allmulticast mode
[   58.887226] pimreg: left allmulticast mode
[   58.887544] pimreg: left allmulticast mode
[   58.898860] pimreg: entered allmulticast mode
[   58.945670] pimreg: entered allmulticast mode
[   58.974629] pimreg: entered allmulticast mode
[   59.009629] pimreg: entered allmulticast mode
[   59.033594] pimreg: entered allmulticast mode
[   59.066137] pimreg: entered allmulticast mode
[   59.089582] pimreg: entered allmulticast mode
[   59.110136] pimreg: left allmulticast mode
[   59.110506] pimreg: left allmulticast mode
[   59.110757] pimreg: left allmulticast mode
[   59.111003] pimreg: left allmulticast mode
[   59.112486] pimreg: left allmulticast mode
[   59.112789] pimreg: left allmulticast mode
[   59.113034] pimreg: left allmulticast mode
[   59.123907] pimreg: entered allmulticast mode
[   59.147454] pimreg: entered allmulticast mode
[   59.185069] pimreg: entered allmulticast mode
[   59.209829] pimreg: entered allmulticast mode
[   59.233960] pimreg: entered allmulticast mode
[   59.258354] pimreg: entered allmulticast mode
[   59.285848] pimreg: entered allmulticast mode
[   59.306186] pimreg: left allmulticast mode
[   59.306560] pimreg: left allmulticast mode
[   59.306823] pimreg: left allmulticast mode
[   59.307070] pimreg: left allmulticast mode
[   59.308053] pimreg: left allmulticast mode
[   59.308460] pimreg: left allmulticast mode
[   59.308747] pimreg: left allmulticast mode
[   59.320072] pimreg: entered allmulticast mode
[   59.357371] pimreg: entered allmulticast mode
[   59.378984] pimreg: entered allmulticast mode
[   59.402490] pimreg: entered allmulticast mode
[   59.424986] pimreg: entered allmulticast mode
[   59.438298] pimreg: left allmulticast mode
[   59.438654] pimreg: left allmulticast mode
[   59.438904] pimreg: left allmulticast mode
[   59.439206] pimreg: left allmulticast mode
[   59.439502] pimreg: left allmulticast mode
[   59.450418] pimreg: entered allmulticast mode
[   59.470267] pimreg: entered allmulticast mode
[   59.495535] pimreg: entered allmulticast mode
[   59.517724] pimreg: entered allmulticast mode
[   59.545736] pimreg: entered allmulticast mode
[   59.569996] pimreg: entered allmulticast mode
[   59.593866] pimreg: entered allmulticast mode
[   59.598124] pimreg: left allmulticast mode
[   59.598500] pimreg: left allmulticast mode
[   59.598765] pimreg: left allmulticast mode
[   59.599014] pimreg: left allmulticast mode
[   59.599310] pimreg: left allmulticast mode
[   59.599615] pimreg: left allmulticast mode
[   59.610246] pimreg: entered allmulticast mode
[   59.640226] pimreg: entered allmulticast mode
[   59.661471] pimreg: entered allmulticast mode
[   59.718271] pimreg: entered allmulticast mode
[   59.737704] pimreg: entered allmulticast mode
[   59.757733] pimreg: entered allmulticast mode
[   59.778109] pimreg: entered allmulticast mode
[   59.778480] pimreg: left allmulticast mode
[   59.778808] pimreg: left allmulticast mode
[   59.779059] pimreg: left allmulticast mode
[   59.779324] pimreg: left allmulticast mode
[   59.779633] pimreg: left allmulticast mode
[   59.779922] pimreg: left allmulticast mode
[   59.780214] pimreg: left allmulticast mode
[   59.794983] pimreg: entered allmulticast mode
[   59.815735] pimreg: entered allmulticast mode
[   59.828829] pimreg: entered allmulticast mode
[   59.854108] pimreg: entered allmulticast mode
[   59.877249] pimreg: entered allmulticast mode
[   59.894257] pimreg: left allmulticast mode
[   59.894625] pimreg: left allmulticast mode
[   59.894877] pimreg: left allmulticast mode
[   59.895142] pimreg: left allmulticast mode
[   59.895468] pimreg: left allmulticast mode
[   59.896356] pimreg: left allmulticast mode
[   59.906571] pimreg: entered allmulticast mode
[   59.931340] pimreg: entered allmulticast mode
[   59.949201] pimreg: entered allmulticast mode
[   59.961892] pimreg: entered allmulticast mode
[   59.994136] pimreg: entered allmulticast mode
[   60.013785] pimreg: entered allmulticast mode
[   60.034375] pimreg: left allmulticast mode
[   60.034721] pimreg: left allmulticast mode
[   60.035479] pimreg: left allmulticast mode
[   60.035850] pimreg: left allmulticast mode
[   60.036163] pimreg: left allmulticast mode
[   60.036486] pimreg: left allmulticast mode
[   60.046749] pimreg: entered allmulticast mode
[   60.065900] pimreg: entered allmulticast mode
[   60.089197] pimreg: entered allmulticast mode
[   60.101819] pimreg: entered allmulticast mode
[   60.121787] pimreg: entered allmulticast mode
[   60.153540] pimreg: entered allmulticast mode
[   60.170793] pimreg: left allmulticast mode
[   60.171079] pimreg: left allmulticast mode
[   60.171396] pimreg: left allmulticast mode
[   60.171708] pimreg: left allmulticast mode
[   60.172016] pimreg: left allmulticast mode
[   60.172343] pimreg: left allmulticast mode
[   60.182857] pimreg: entered allmulticast mode
[   60.200336] pimreg: entered allmulticast mode
[   60.219576] pimreg: entered allmulticast mode
[   60.249603] pimreg: entered allmulticast mode
[   60.273640] pimreg: entered allmulticast mode
[   60.297481] pimreg: entered allmulticast mode
[   60.333523] pimreg: entered allmulticast mode
