c[?7l[2J[0mSeaBIOS (version rel-1.16.3-0-ga6ed6b701f0a-prebuilt.qemu.org)


iPXE (http://ipxe.org) 00:03.0 CA00 PCI2.10 PnP PMM+7EFD0D60+7EF30D60 CA00
Press Ctrl-B to configure iPXE (PCI 00:03.0)...                                                                               


Booting from ROM...
c[?7l[2J[    0.000000] Linux version 6.6.0-89ed67ef126c+ (root@gnr-800442) (gcc (GCC) 11.5.0 20240719 (Red Hat 11.5.0-14), GNU ld version 2.35.2-66.el9) #1 SMP PREEMPT_DYNAMIC Wed May  6 09:30:42 CST 2026
[    0.000000] Command line: console=ttyS0 root=/dev/sda earlyprintk=serial net.ifnames=0 thunderbolt.dyndbg
[    0.000000] KERNEL supported cpus:
[    0.000000]   Intel GenuineIntel
[    0.000000]   AMD AuthenticAMD
[    0.000000]   Hygon HygonGenuine
[    0.000000]   Centaur CentaurHauls
[    0.000000]   zhaoxin   Shanghai  
[    0.000000] x86/split lock detection: #DB: warning on user-space bus_locks
[    0.000000] BIOS-provided physical RAM map:
[    0.000000] BIOS-e820: [mem 0x0000000000000000-0x000000000009fbff] usable
[    0.000000] BIOS-e820: [mem 0x000000000009fc00-0x000000000009ffff] reserved
[    0.000000] BIOS-e820: [mem 0x00000000000f0000-0x00000000000fffff] reserved
[    0.000000] BIOS-e820: [mem 0x0000000000100000-0x000000007ffdffff] usable
[    0.000000] BIOS-e820: [mem 0x000000007ffe0000-0x000000007fffffff] reserved
[    0.000000] BIOS-e820: [mem 0x00000000feffc000-0x00000000feffffff] reserved
[    0.000000] BIOS-e820: [mem 0x00000000fffc0000-0x00000000ffffffff] reserved
[    0.000000] printk: bootconsole [earlyser0] enabled
[    0.000000] NX (Execute Disable) protection: active
[    0.000000] APIC: Static calls initialized
[    0.000000] SMBIOS 3.0.0 present.
[    0.000000] DMI: QEMU Standard PC (i440FX + PIIX, 1996), BIOS rel-1.16.3-0-ga6ed6b701f0a-prebuilt.qemu.org 04/01/2014
[    0.000000] Hypervisor detected: KVM
[    0.000000] kvm-clock: Using msrs 4b564d01 and 4b564d00
[    0.000003] kvm-clock: using sched offset of 655626843 cycles
[    0.000642] clocksource: kvm-clock: mask: 0xffffffffffffffff max_cycles: 0x1cd42e4dffb, max_idle_ns: 881590591483 ns
[    0.002587] tsc: Detected 2500.000 MHz processor
[    0.009667] last_pfn = 0x7ffe0 max_arch_pfn = 0x10000000000
[    0.010374] MTRR map: 4 entries (3 fixed + 1 variable; max 19), built from 8 variable MTRRs
[    0.011383] x86/PAT: Configuration [0-7]: WB  WC  UC- UC  WB  WP  UC- WT  
[    0.016843] found SMP MP-table at [mem 0x000f5480-0x000f548f]
[    0.017572] Using GB pages for direct mapping
[    0.020242] ACPI: Early table checksum verification disabled
[    0.020910] ACPI: RSDP 0x00000000000F52A0 000014 (v00 BOCHS )
[    0.021617] ACPI: RSDT 0x000000007FFE1C9B 000034 (v01 BOCHS  BXPC     00000001 BXPC 00000001)
[    0.022629] ACPI: FACP 0x000000007FFE1B47 000074 (v01 BOCHS  BXPC     00000001 BXPC 00000001)
[    0.023650] ACPI: DSDT 0x000000007FFE0040 001B07 (v01 BOCHS  BXPC     00000001 BXPC 00000001)
[    0.024650] ACPI: FACS 0x000000007FFE0000 000040
[    0.025209] ACPI: APIC 0x000000007FFE1BBB 000080 (v03 BOCHS  BXPC     00000001 BXPC 00000001)
[    0.026216] ACPI: HPET 0x000000007FFE1C3B 000038 (v01 BOCHS  BXPC     00000001 BXPC 00000001)
[    0.027225] ACPI: WAET 0x000000007FFE1C73 000028 (v01 BOCHS  BXPC     00000001 BXPC 00000001)
[    0.028234] ACPI: Reserving FACP table memory at [mem 0x7ffe1b47-0x7ffe1bba]
[    0.029041] ACPI: Reserving DSDT table memory at [mem 0x7ffe0040-0x7ffe1b46]
[    0.029855] ACPI: Reserving FACS table memory at [mem 0x7ffe0000-0x7ffe003f]
[    0.030686] ACPI: Reserving APIC table memory at [mem 0x7ffe1bbb-0x7ffe1c3a]
[    0.031509] ACPI: Reserving HPET table memory at [mem 0x7ffe1c3b-0x7ffe1c72]
[    0.032338] ACPI: Reserving WAET table memory at [mem 0x7ffe1c73-0x7ffe1c9a]
[    0.033731] No NUMA configuration found
[    0.034175] Faking a node at [mem 0x0000000000000000-0x000000007ffdffff]
[    0.034974] NODE_DATA(0) allocated [mem 0x7ffb5000-0x7ffdffff]
[    0.037906] Zone ranges:
[    0.038262]   DMA      [mem 0x0000000000001000-0x0000000000ffffff]
[    0.038983]   DMA32    [mem 0x0000000001000000-0x000000007ffdffff]
[    0.039714]   Normal   empty
[    0.040056]   Device   empty
[    0.040405] Movable zone start for each node
[    0.040909] Early memory node ranges
[    0.041334]   node   0: [mem 0x0000000000001000-0x000000000009efff]
[    0.042058]   node   0: [mem 0x0000000000100000-0x000000007ffdffff]
[    0.042786] Initmem setup node 0 [mem 0x0000000000001000-0x000000007ffdffff]
[    0.043954] On node 0, zone DMA: 1 pages in unavailable ranges
[    0.044170] On node 0, zone DMA: 97 pages in unavailable ranges
[    0.073292] On node 0, zone DMA32: 32 pages in unavailable ranges
[    0.141528] kasan: KernelAddressSanitizer initialized
[    0.143195] ACPI: PM-Timer IO Port: 0x608
[    0.143678] ACPI: LAPIC_NMI (acpi_id[0xff] dfl dfl lint[0x1])
[    0.144435] IOAPIC[0]: apic_id 0, version 17, address 0xfec00000, GSI 0-23
[    0.145253] ACPI: INT_SRC_OVR (bus 0 bus_irq 0 global_irq 2 dfl dfl)
[    0.146008] ACPI: INT_SRC_OVR (bus 0 bus_irq 5 global_irq 5 high level)
[    0.146785] ACPI: INT_SRC_OVR (bus 0 bus_irq 9 global_irq 9 high level)
[    0.147560] ACPI: INT_SRC_OVR (bus 0 bus_irq 10 global_irq 10 high level)
[    0.148356] ACPI: INT_SRC_OVR (bus 0 bus_irq 11 global_irq 11 high level)
[    0.149161] ACPI: Using ACPI (MADT) for SMP configuration information
[    0.149913] ACPI: HPET id: 0x8086a201 base: 0xfed00000
[    0.150527] TSC deadline timer available
[    0.150985] smpboot: Allowing 2 CPUs, 0 hotplug CPUs
[    0.151623] kvm-guest: APIC: eoi() replaced with kvm_guest_apic_eoi_write()
[    0.152469] kvm-guest: KVM setup pv remote TLB flush
[    0.153051] kvm-guest: setup PV sched yield
[    0.153601] PM: hibernation: Registered nosave memory: [mem 0x00000000-0x00000fff]
[    0.154496] PM: hibernation: Registered nosave memory: [mem 0x0009f000-0x0009ffff]
[    0.155378] PM: hibernation: Registered nosave memory: [mem 0x000a0000-0x000effff]
[    0.156269] PM: hibernation: Registered nosave memory: [mem 0x000f0000-0x000fffff]
[    0.157163] [mem 0x80000000-0xfeffbfff] available for PCI devices
[    0.157885] Booting paravirtualized kernel on KVM
[    0.158447] clocksource: refined-jiffies: mask: 0xffffffff max_cycles: 0xffffffff, max_idle_ns: 7645519600211568 ns
[    0.159688] setup_percpu: NR_CPUS:8192 nr_cpumask_bits:2 nr_cpu_ids:2 nr_node_ids:1
[    0.161262] percpu: Embedded 82 pages/cpu s299008 r8192 d28672 u1048576
[    0.162259] kvm-guest: PV spinlocks enabled
[    0.162767] PV qspinlock hash table entries: 256 (order: 0, 4096 bytes, linear)
[    0.163692] Kernel command line: net.ifnames=0 console=ttyS0 root=/dev/sda earlyprintk=serial net.ifnames=0 thunderbolt.dyndbg
[    0.165395] random: crng init done
[    0.166346] Dentry cache hash table entries: 262144 (order: 9, 2097152 bytes, linear)
[    0.167799] Inode-cache hash table entries: 131072 (order: 8, 1048576 bytes, linear)
[    0.169009] Fallback order for Node 0: 0 
[    0.169022] Built 1 zonelists, mobility grouping on.  Total pages: 515808
[    0.170284] Policy zone: DMA32
[    0.170640] mem auto-init: stack:off, heap alloc:off, heap free:off
[    0.171363] stackdepot: allocating hash table via alloc_large_system_hash
[    0.174338] stackdepot hash table entries: 1048576 (order: 11, 8388608 bytes, linear)
[    0.225167] Memory: 1625256K/2096632K available (73728K kernel code, 14126K rwdata, 16596K rodata, 14780K init, 22008K bss, 471176K reserved, 0K cma-reserved)
[    0.228534] SLUB: HWalign=64, Order=0-3, MinObjects=0, CPUs=2, Nodes=1
[    0.229298] kmemleak: Kernel memory leak detector disabled
[    0.230092] ftrace: allocating 69836 entries in 273 pages
[    0.260722] ftrace: allocated 273 pages with 3 groups
[    0.265318] Dynamic Preempt: voluntary
[    0.266325] Running RCU self tests
[    0.266710] Running RCU synchronous self tests
[    0.267212] rcu: Preemptible hierarchical RCU implementation.
[    0.267859] rcu: 	RCU lockdep checking is enabled.
[    0.268395] rcu: 	RCU restricting CPUs from NR_CPUS=8192 to nr_cpu_ids=2.
[    0.269145] 	Trampoline variant of Tasks RCU enabled.
[    0.269705] 	Rude variant of Tasks RCU enabled.
[    0.270215] 	Tracing variant of Tasks RCU enabled.
[    0.270749] rcu: RCU calculated value of scheduler-enlistment delay is 25 jiffies.
[    0.271587] rcu: Adjusting geometry for rcu_fanout_leaf=16, nr_cpu_ids=2
[    0.272406] Running RCU synchronous self tests
[    0.320047] NR_IRQS: 524544, nr_irqs: 440, preallocated irqs: 16
[    0.321568] rcu: srcu_init: Setting srcu_struct sizes based on contention.
[    0.330765] Console: colour VGA+ 80x25
[    0.331312] printk: console [ttyS0] enabled
[    0.331312] printk: console [ttyS0] enabled
[    0.332346] printk: bootconsole [earlyser0] disabled
[    0.332346] printk: bootconsole [earlyser0] disabled
[    0.333538] Lock dependency validator: Copyright (c) 2006 Red Hat, Inc., Ingo Molnar
[    0.334439] ... MAX_LOCKDEP_SUBCLASSES:  8
[    0.334924] ... MAX_LOCK_DEPTH:          48
[    0.335427] ... MAX_LOCKDEP_KEYS:        8192
[    0.335934] ... CLASSHASH_SIZE:          4096
[    0.336448] ... MAX_LOCKDEP_ENTRIES:     32768
[    0.336970] ... MAX_LOCKDEP_CHAINS:      65536
[    0.337496] ... CHAINHASH_SIZE:          32768
[    0.338010]  memory used by lock dependency info: 6493 kB
[    0.338642]  memory used for stack traces: 4224 kB
[    0.339206]  per task-struct memory footprint: 1920 bytes
[    0.339944] ACPI: Core revision 20230628
[    0.341065] clocksource: hpet: mask: 0xffffffff max_cycles: 0xffffffff, max_idle_ns: 19112604467 ns
[    0.342410] APIC: Switch to symmetric I/O mode setup
[    0.343164] x2apic enabled
[    0.343898] APIC: Switched APIC routing to: physical x2apic
[    0.344562] kvm-guest: APIC: send_IPI_mask() replaced with kvm_send_ipi_mask()
[    0.345411] kvm-guest: APIC: send_IPI_mask_allbutself() replaced with kvm_send_ipi_mask_allbutself()
[    0.346595] kvm-guest: setup PV IPIs
[    0.348372] ..TIMER: vector=0x30 apic1=0 pin1=2 apic2=-1 pin2=-1
[    0.349119] clocksource: tsc-early: mask: 0xffffffffffffffff max_cycles: 0x240939f1bb2, max_idle_ns: 440795263295 ns
[    0.350391] Calibrating delay loop (skipped) preset value.. 5000.00 BogoMIPS (lpj=10000000)
[    0.354520] x86/cpu: User Mode Instruction Prevention (UMIP) activated
[    0.355413] Last level iTLB entries: 4KB 0, 2MB 0, 4MB 0
[    0.356044] Last level dTLB entries: 4KB 0, 2MB 0, 4MB 0, 1GB 0
[    0.356754] Spectre V1 : Mitigation: usercopy/swapgs barriers and __user pointer sanitization
[    0.358376] Spectre V2 : WARNING: Unprivileged eBPF is enabled with eIBRS on, data leaks possible via Spectre v2 BHB attacks!
[    0.359710] Spectre V2 : Mitigation: Enhanced / Automatic IBRS
[    0.360371] Spectre V2 : Spectre v2 / SpectreRSB mitigation: Filling RSB on context switch
[    0.361314] Spectre V2 : Spectre v2 / PBRSB-eIBRS: Retire a single CALL on VMEXIT
[    0.362379] Spectre V2 : mitigation: Enabling conditional Indirect Branch Prediction Barrier
[    0.363360] Speculative Store Bypass: Mitigation: Speculative Store Bypass disabled via prctl
[    0.364335] MMIO Stale Data: Unknown: No mitigations
[    0.364962] x86/fpu: Supporting XSAVE feature 0x001: 'x87 floating point registers'
[    0.365865] x86/fpu: Supporting XSAVE feature 0x002: 'SSE registers'
[    0.366374] x86/fpu: Supporting XSAVE feature 0x004: 'AVX registers'
[    0.367099] x86/fpu: Supporting XSAVE feature 0x020: 'AVX-512 opmask'
[    0.367846] x86/fpu: Supporting XSAVE feature 0x040: 'AVX-512 Hi256'
[    0.368572] x86/fpu: Supporting XSAVE feature 0x080: 'AVX-512 ZMM_Hi256'
[    0.369345] x86/fpu: Supporting XSAVE feature 0x200: 'Protection Keys User registers'
[    0.370374] x86/fpu: Supporting XSAVE feature 0x20000: 'AMX Tile config'
[    0.371140] x86/fpu: Supporting XSAVE feature 0x40000: 'AMX Tile data'
[    0.371900] x86/fpu: xstate_offset[2]:  576, xstate_sizes[2]:  256
[    0.372623] x86/fpu: xstate_offset[5]:  832, xstate_sizes[5]:   64
[    0.373320] x86/fpu: xstate_offset[6]:  896, xstate_sizes[6]:  512
[    0.374374] x86/fpu: xstate_offset[7]: 1408, xstate_sizes[7]: 1024
[    0.375089] x86/fpu: xstate_offset[9]: 2432, xstate_sizes[9]:    8
[    0.375799] x86/fpu: xstate_offset[17]: 2496, xstate_sizes[17]:   64
[    0.376524] x86/fpu: xstate_offset[18]: 2560, xstate_sizes[18]: 8192
[    0.377259] x86/fpu: Enabled xstate features 0x602e7, context size is 10752 bytes, using 'compacted' format.
[    0.516027] Freeing SMP alternatives memory: 56K
[    0.516665] pid_max: default: 32768 minimum: 301
[    0.517543] LSM: initializing lsm=capability,yama,integrity
[    0.518221] Yama: becoming mindful.
[    0.518835] Mount-cache hash table entries: 4096 (order: 3, 32768 bytes, linear)
[    0.519702] Mountpoint-cache hash table entries: 4096 (order: 3, 32768 bytes, linear)
[    0.523000] Running RCU synchronous self tests
[    0.523544] Running RCU synchronous self tests
[    0.524967] smpboot: CPU0: Intel GENUINE INTEL(R) XEON(R) (family: 0x6, model: 0xad, stepping: 0x0)
[    0.526370] RCU Tasks: Setting shift to 1 and lim to 1 rcu_task_cb_adjust=1.
[    0.526370] RCU Tasks Rude: Setting shift to 1 and lim to 1 rcu_task_cb_adjust=1.
[    0.526370] RCU Tasks Trace: Setting shift to 1 and lim to 1 rcu_task_cb_adjust=1.
[    0.526473] Running RCU Tasks wait API self tests
[    0.630507] Running RCU Tasks Rude wait API self tests
[    0.631321] Running RCU Tasks Trace wait API self tests
[    0.632035] Performance Events: PEBS fmt0-, Sapphire Rapids events, full-width counters, Intel PMU driver.
[    0.633353] ... version:                2
[    0.633849] ... bit width:              48
[    0.634341] ... generic registers:      8
[    0.634380] ... value mask:             0000ffffffffffff
[    0.635022] ... max period:             00007fffffffffff
[    0.635662] ... fixed-purpose events:   3
[    0.636140] ... event mask:             00000007000000ff
[    0.637176] signal: max sigframe size: 11952
[    0.637890] rcu: Hierarchical SRCU implementation.
[    0.638384] rcu: 	Max phase no-delay instances is 1000.
[    0.639015] Callback from call_rcu_tasks_trace() invoked.
[    0.646185] smp: Bringing up secondary CPUs ...
[    0.647261] smpboot: x86: Booting SMP configuration:
[    0.647892] .... node  #0, CPUs:      #1
[    0.648268] smp: Brought up 1 node, 2 CPUs
[    0.648268] smpboot: Max logical packages: 1
[    0.650388] smpboot: Total of 2 processors activated (10000.00 BogoMIPS)
[    0.652009] devtmpfs: initialized
[    0.655167] x86/mm: Memory block size: 128MB
[    0.664901] Running RCU synchronous self tests
[    0.666401] Running RCU synchronous self tests
[    0.667041] clocksource: jiffies: mask: 0xffffffff max_cycles: 0xffffffff, max_idle_ns: 7645041785100000 ns
[    0.668173] futex hash table entries: 512 (order: 4, 65536 bytes, linear)
[    0.669571] pinctrl core: initialized pinctrl subsystem
[    0.671202] 
[    0.671407] *************************************************************
[    0.672211] **     NOTICE NOTICE NOTICE NOTICE NOTICE NOTICE NOTICE    **
[    0.673025] **                                                         **
[    0.673826] **  IOMMU DebugFS SUPPORT HAS BEEN ENABLED IN THIS KERNEL  **
[    0.674383] **                                                         **
[    0.675178] ** This means that this kernel is built to expose internal **
[    0.675971] ** IOMMU data structures, which may compromise security on **
[    0.676769] ** your system.                                            **
[    0.677569] **                                                         **
[    0.678345] ** If you see this message and you are not debugging the   **
[    0.678382] ** kernel, report this immediately to your vendor!         **
[    0.679179] **                                                         **
[    0.679967] **     NOTICE NOTICE NOTICE NOTICE NOTICE NOTICE NOTICE    **
[    0.680746] *************************************************************
[    0.681606] PM: RTC time: 01:31:58, date: 2026-05-06
[    0.685390] NET: Registered PF_NETLINK/PF_ROUTE protocol family
[    0.687774] DMA: preallocated 256 KiB GFP_KERNEL pool for atomic allocations
[    0.688618] DMA: preallocated 256 KiB GFP_KERNEL|GFP_DMA pool for atomic allocations
[    0.689537] DMA: preallocated 256 KiB GFP_KERNEL|GFP_DMA32 pool for atomic allocations
[    0.690543] audit: initializing netlink subsys (disabled)
[    0.691670] audit: type=2000 audit(1778031118.894:1): state=initialized audit_enabled=0 res=1
[    0.692459] thermal_sys: Registered thermal governor 'fair_share'
[    0.692470] thermal_sys: Registered thermal governor 'bang_bang'
[    0.694386] thermal_sys: Registered thermal governor 'step_wise'
[    0.695086] thermal_sys: Registered thermal governor 'user_space'
[    0.695913] cpuidle: using governor ladder
[    0.697133] cpuidle: using governor menu
[    0.698166] acpiphp: ACPI Hot Plug PCI Controller Driver version: 0.5
[    0.699325] PCI: Using configuration type 1 for base access
[    0.701169] kprobes: kprobe jump-optimization is enabled. All kprobes are optimized if possible.
[    0.807035] HugeTLB: registered 1.00 GiB page size, pre-allocated 0 pages
[    0.807755] HugeTLB: 16380 KiB vmemmap can be freed for a 1.00 GiB page
[    0.808402] HugeTLB: registered 2.00 MiB page size, pre-allocated 0 pages
[    0.809045] HugeTLB: 28 KiB vmemmap can be freed for a 2.00 MiB page
[    0.810404] Callback from call_rcu_tasks_rude() invoked.
[    0.813870] ACPI: Added _OSI(Module Device)
[    0.814311] ACPI: Added _OSI(Processor Device)
[    0.814393] ACPI: Added _OSI(3.0 _SCP Extensions)
[    0.814841] ACPI: Added _OSI(Processor Aggregator Device)
[    0.847552] ACPI: 1 ACPI AML tables successfully acquired and loaded
[    0.861218] ACPI: _OSC evaluation for CPUs failed, trying _PDC
[    0.865336] ACPI: Interpreter enabled
[    0.865936] ACPI: PM: (supports S0 S3 S4 S5)
[    0.866380] ACPI: Using IOAPIC for interrupt routing
[    0.867004] PCI: Using host bridge windows from ACPI; if necessary, use "pci=nocrs" and report a bug
[    0.867900] PCI: Using E820 reservations for host bridge windows
[    0.870578] ACPI: Enabled 2 GPEs in block 00 to 0F
[    0.934199] ACPI: PCI Root Bridge [PCI0] (domain 0000 [bus 00-ff])
[    0.934412] acpi PNP0A03:00: _OSC: OS supports [ASPM ClockPM Segments MSI EDR HPX-Type3]
[    0.935242] acpi PNP0A03:00: _OSC: not requesting OS control; OS requires [ExtendedConfig ASPM ClockPM MSI]
[    0.936538] acpi PNP0A03:00: fail to add MMCONFIG information, can't access extended configuration space under this bridge
[    0.946383] acpiphp: Slot [3] registered
[    0.947054] acpiphp: Slot [4] registered
[    0.947701] acpiphp: Slot [5] registered
[    0.948339] acpiphp: Slot [6] registered
[    0.948986] acpiphp: Slot [7] registered
[    0.949625] acpiphp: Slot [8] registered
[    0.950261] acpiphp: Slot [9] registered
[    0.950624] acpiphp: Slot [10] registered
[    0.951265] acpiphp: Slot [11] registered
[    0.951905] acpiphp: Slot [12] registered
[    0.952552] acpiphp: Slot [13] registered
[    0.953181] acpiphp: Slot [14] registered
[    0.953836] acpiphp: Slot [15] registered
[    0.954496] acpiphp: Slot [16] registered
[    0.955128] acpiphp: Slot [17] registered
[    0.955762] acpiphp: Slot [18] registered
[    0.956399] acpiphp: Slot [19] registered
[    0.957026] acpiphp: Slot [20] registered
[    0.957653] acpiphp: Slot [21] registered
[    0.958285] acpiphp: Slot [22] registered
[    0.958627] acpiphp: Slot [23] registered
[    0.959264] acpiphp: Slot [24] registered
[    0.959897] acpiphp: Slot [25] registered
[    0.960532] acpiphp: Slot [26] registered
[    0.961187] acpiphp: Slot [27] registered
[    0.961811] acpiphp: Slot [28] registered
[    0.962443] acpiphp: Slot [29] registered
[    0.963071] acpiphp: Slot [30] registered
[    0.964049] acpiphp: Slot [31] registered
[    0.964607] PCI host bridge to bus 0000:00
[    0.965013] pci_bus 0000:00: root bus resource [io  0x0000-0x0cf7 window]
[    0.965664] pci_bus 0000:00: root bus resource [io  0x0d00-0xffff window]
[    0.966319] pci_bus 0000:00: root bus resource [mem 0x000a0000-0x000bffff window]
[    0.966385] pci_bus 0000:00: root bus resource [mem 0x80000000-0xfebfffff window]
[    0.967095] pci_bus 0000:00: root bus resource [mem 0x100000000-0x17fffffff window]
[    0.967829] pci_bus 0000:00: root bus resource [bus 00-ff]
[    0.968661] pci 0000:00:00.0: [8086:1237] type 00 class 0x060000
[    0.971699] pci 0000:00:01.0: [8086:7000] type 00 class 0x060100
[    0.974365] pci 0000:00:01.1: [8086:7010] type 00 class 0x010180
[    0.976803] pci 0000:00:01.1: reg 0x20: [io  0xc040-0xc04f]
[    0.978166] pci 0000:00:01.1: legacy IDE quirk: reg 0x10: [io  0x01f0-0x01f7]
[    0.978381] pci 0000:00:01.1: legacy IDE quirk: reg 0x14: [io  0x03f6]
[    0.979014] pci 0000:00:01.1: legacy IDE quirk: reg 0x18: [io  0x0170-0x0177]
[    0.979716] pci 0000:00:01.1: legacy IDE quirk: reg 0x1c: [io  0x0376]
[    0.982263] pci 0000:00:01.3: [8086:7113] type 00 class 0x068000
[    0.982766] pci 0000:00:01.3: quirk: [io  0x0600-0x063f] claimed by PIIX4 ACPI
[    0.983462] pci 0000:00:01.3: quirk: [io  0x0700-0x070f] claimed by PIIX4 SMB
[    0.985856] pci 0000:00:02.0: [1234:1111] type 00 class 0x030000
[    0.998151] pci 0000:00:02.0: reg 0x10: [mem 0xfd000000-0xfdffffff pref]
[    1.010773] pci 0000:00:02.0: reg 0x18: [mem 0xfebf0000-0xfebf0fff]
[    1.034279] pci 0000:00:02.0: reg 0x30: [mem 0xfebe0000-0xfebeffff pref]
[    1.034537] pci 0000:00:02.0: Video device with shadowed ROM at [mem 0x000c0000-0x000dffff]
[    1.037202] pci 0000:00:03.0: [8086:100e] type 00 class 0x020000
[    1.038605] pci 0000:00:03.0: reg 0x10: [mem 0xfebc0000-0xfebdffff]
[    1.042124] pci 0000:00:03.0: reg 0x14: [io  0xc000-0xc03f]
[    1.068606] pci 0000:00:03.0: reg 0x30: [mem 0xfeb80000-0xfebbffff pref]
[    1.112196] ACPI: PCI: Interrupt link LNKA configured for IRQ 10
[    1.114872] ACPI: PCI: Interrupt link LNKB configured for IRQ 10
[    1.117515] ACPI: PCI: Interrupt link LNKC configured for IRQ 11
[    1.120080] ACPI: PCI: Interrupt link LNKD configured for IRQ 11
[    1.121549] ACPI: PCI: Interrupt link LNKS configured for IRQ 9
[    1.128109] iommu: Default domain type: Translated
[    1.128673] iommu: DMA domain TLB invalidation policy: lazy mode
[    1.132241] SCSI subsystem initialized
[    1.133289] ACPI: bus type USB registered
[    1.133967] usbcore: registered new interface driver usbfs
[    1.134477] usbcore: registered new interface driver hub
[    1.135208] usbcore: registered new device driver usb
[    1.136421] pps_core: LinuxPPS API ver. 1 registered
[    1.137000] pps_core: Software ver. 5.3.6 - Copyright 2005-2007 Rodolfo Giometti <giometti@linux.it>
[    1.137986] PTP clock support registered
[    1.138867] EDAC MC: Ver: 3.0.0
[    1.142768] NetLabel: Initializing
[    1.143146] NetLabel:  domain hash size = 128
[    1.143586] NetLabel:  protocols = UNLABELED CIPSOv4 CALIPSO
[    1.144415] NetLabel:  unlabeled traffic allowed by default
[    1.145737] PCI: Using ACPI for IRQ routing
[    1.146613] pci 0000:00:02.0: vgaarb: setting as boot VGA device
[    1.147325] pci 0000:00:02.0: vgaarb: bridge control possible
[    1.148033] pci 0000:00:02.0: vgaarb: VGA device added: decodes=io+mem,owns=io+mem,locks=none
[    1.149039] vgaarb: loaded
[    1.150372] hpet0: at MMIO 0xfed00000, IRQs 2, 8, 0
[    1.150381] hpet0: 3 comparators, 64-bit 100.000000 MHz counter
[    1.162601] clocksource: Switched to clocksource kvm-clock
[    1.168692] VFS: Disk quotas dquot_6.6.0
[    1.169234] VFS: Dquot-cache hash table entries: 512 (order 0, 4096 bytes)
[    1.170618] pnp: PnP ACPI init
[    1.177090] pnp: PnP ACPI: found 6 devices
[    1.198913] clocksource: acpi_pm: mask: 0xffffff max_cycles: 0xffffff, max_idle_ns: 2085701024 ns
[    1.200830] NET: Registered PF_INET protocol family
[    1.201568] IP idents hash table entries: 32768 (order: 6, 262144 bytes, linear)
[    1.203922] tcp_listen_portaddr_hash hash table entries: 1024 (order: 4, 73728 bytes, linear)
[    1.205000] Table-perturb hash table entries: 65536 (order: 6, 262144 bytes, linear)
[    1.205967] TCP established hash table entries: 16384 (order: 5, 131072 bytes, linear)
[    1.207188] TCP bind hash table entries: 16384 (order: 9, 2359296 bytes, linear)
[    1.209360] TCP: Hash tables configured (established 16384 bind 16384)
[    1.210442] UDP hash table entries: 1024 (order: 5, 163840 bytes, linear)
[    1.211308] UDP-Lite hash table entries: 1024 (order: 5, 163840 bytes, linear)
[    1.212507] NET: Registered PF_UNIX/PF_LOCAL protocol family
[    1.214190] RPC: Registered named UNIX socket transport module.
[    1.214918] RPC: Registered udp transport module.
[    1.215479] RPC: Registered tcp transport module.
[    1.216067] RPC: Registered tcp-with-tls transport module.
[    1.216679] RPC: Registered tcp NFSv4.1 backchannel transport module.
[    1.217480] pci_bus 0000:00: resource 4 [io  0x0000-0x0cf7 window]
[    1.218184] pci_bus 0000:00: resource 5 [io  0x0d00-0xffff window]
[    1.218906] pci_bus 0000:00: resource 6 [mem 0x000a0000-0x000bffff window]
[    1.219665] pci_bus 0000:00: resource 7 [mem 0x80000000-0xfebfffff window]
[    1.220438] pci_bus 0000:00: resource 8 [mem 0x100000000-0x17fffffff window]
[    1.221768] pci 0000:00:01.0: PIIX3: Enabling Passive Release
[    1.222459] pci 0000:00:00.0: Limiting direct PCI/PCI transfers
[    1.223194] PCI: CLS 0 bytes, default 64
[    1.224344] ACPI: bus type thunderbolt registered
[    1.225244] clocksource: tsc: mask: 0xffffffffffffffff max_cycles: 0x240939f1bb2, max_idle_ns: 440795263295 ns
[    2.748290] Callback from call_rcu_tasks() invoked.
[    2.884618] Initialise system trusted keyrings
[    2.885259] Key type blacklist registered
[    2.886448] workingset: timestamp_bits=36 max_order=19 bucket_order=0
[    2.887291] zbud: loaded
[    2.890020] squashfs: version 4.0 (2009/01/31) Phillip Lougher
[    2.892644] NFS: Registering the id_resolver key type
[    2.893263] Key type id_resolver registered
[    2.893738] Key type id_legacy registered
[    2.894248] nfs4filelayout_init: NFSv4 File Layout Driver Registering...
[    2.895052] nfs4flexfilelayout_init: NFSv4 Flexfile Layout Driver Registering...
[    2.896237] fuse: init (API version 7.39)
[    2.897434] SGI XFS with ACLs, security attributes, realtime, quota, no debug enabled
[    2.899829] 9p: Installing v9fs 9p2000 file system support
[    2.910397] Key type asymmetric registered
[    2.910850] Asymmetric key parser 'x509' registered
[    2.911517] Block layer SCSI generic (bsg) driver version 0.4 loaded (major 243)
[    2.912672] io scheduler mq-deadline registered
[    2.913305] io scheduler bfq registered
[    2.914752] shpchp: Standard Hot Plug PCI Controller Driver version: 0.4
[    2.916516] IPMI message handler: version 39.2
[    2.917146] ipmi device interface
[    2.919968] input: Power Button as /devices/LNXSYSTM:00/LNXPWRBN:00/input/input0
[    2.921536] ACPI: button: Power Button [PWRF]
[    2.923863] ERST DBG: ERST support is disabled.
[    2.925959] Serial: 8250/16550 driver, 32 ports, IRQ sharing enabled
[    2.928781] 00:04: ttyS0 at I/O 0x3f8 (irq = 4, base_baud = 115200) is a 16550A
[    2.962882] Linux agpgart interface v0.103
[    2.965643] ACPI: bus type drm_connector registered
[    2.992569] brd: module loaded
[    3.008491] loop: module loaded
[    3.023494] scsi host0: ata_piix
[    3.025686] scsi host1: ata_piix
[    3.026640] ata1: PATA max MWDMA2 cmd 0x1f0 ctl 0x3f6 bmdma 0xc040 irq 14
[    3.027294] ata2: PATA max MWDMA2 cmd 0x170 ctl 0x376 bmdma 0xc048 irq 15
[    3.030509] tun: Universal TUN/TAP device driver, 1.6
[    3.031359] e100: Intel(R) PRO/100 Network Driver
[    3.031821] e100: Copyright(c) 1999-2006 Intel Corporation
[    3.032445] e1000: Intel(R) PRO/1000 Network Driver
[    3.032923] e1000: Copyright (c) 1999-2006 Intel Corporation.
[    3.188327] ata1: found unknown device (class 0)
[    3.189343] ata2: found unknown device (class 0)
[    3.190787] ata2.00: ATAPI: QEMU DVD-ROM, 2.5+, max UDMA/100
[    3.191707] ata1.00: ATA-7: QEMU HARDDISK, 2.5+, max UDMA/100
[    3.192438] ata1.00: 17196647 sectors, multi 16: LBA48 
[    3.195099] scsi 0:0:0:0: Direct-Access     ATA      QEMU HARDDISK    2.5+ PQ: 0 ANSI: 5
[    3.198089] scsi 0:0:0:0: Attached scsi generic sg0 type 0
[    3.199872] scsi 1:0:0:0: CD-ROM            QEMU     QEMU DVD-ROM     2.5+ PQ: 0 ANSI: 5
[    3.201816] sd 0:0:0:0: [sda] 17196647 512-byte logical blocks: (8.80 GB/8.20 GiB)
[    3.202957] sd 0:0:0:0: [sda] Write Protect is off
[    3.203835] sd 0:0:0:0: [sda] Write cache: enabled, read cache: enabled, doesn't support DPO or FUA
[    3.205415] sd 0:0:0:0: [sda] Preferred minimum I/O size 512 bytes
[    3.212538] sd 0:0:0:0: [sda] Attached SCSI disk
[    3.222450] scsi 1:0:0:0: Attached scsi generic sg1 type 5
[    4.969135] ACPI: \_SB_.LNKC: Enabled at IRQ 11
[    5.300743] e1000 0000:00:03.0 eth0: (PCI:33MHz:32-bit) 52:54:00:12:34:56
[    5.301534] e1000 0000:00:03.0 eth0: Intel(R) PRO/1000 Network Connection
[    5.302515] e1000e: Intel(R) PRO/1000 Network Driver
[    5.303080] e1000e: Copyright(c) 1999 - 2015 Intel Corporation.
[    5.303915] igb: Intel(R) Gigabit Ethernet Network Driver
[    5.304610] igb: Copyright (c) 2007-2014 Intel Corporation.
[    5.305533] PPP generic driver version 2.4.2
[    5.307602] VFIO - User Level meta-driver version: 0.3
[    5.309399] usbcore: registered new interface driver uas
[    5.310224] usbcore: registered new interface driver usb-storage
[    5.311259] i8042: PNP: PS/2 Controller [PNP0303:KBD,PNP0f13:MOU] at 0x60,0x64 irq 1,12
[    5.313475] serio: i8042 KBD port at 0x60,0x64 irq 1
[    5.314191] serio: i8042 AUX port at 0x60,0x64 irq 12
[    5.316112] mousedev: PS/2 mouse device common for all mice
[    5.318699] input: AT Translated Set 2 keyboard as /devices/platform/i8042/serio0/input/input1
[    5.320152] rtc_cmos 00:05: RTC can wake from S4
[    5.322910] rtc_cmos 00:05: registered as rtc0
[    5.323519] rtc_cmos 00:05: setting system clock to 2026-05-06T01:32:03 UTC (1778031123)
[    5.326234] input: VirtualPS/2 VMware VMMouse as /devices/platform/i8042/serio1/input/input4
[    5.327887] rtc_cmos 00:05: alarms up to one day, y3k, 242 bytes nvram, hpet irqs
[    5.328947] i2c_dev: i2c /dev entries driver
[    5.329622] device-mapper: core: CONFIG_IMA_DISABLE_HTABLE is disabled. Duplicate IMA measurements will not be recorded in the IMA log.
[    5.331189] device-mapper: uevent: version 1.0.3
[    5.333509] input: VirtualPS/2 VMware VMMouse as /devices/platform/i8042/serio1/input/input3
[    5.335055] device-mapper: ioctl: 4.48.0-ioctl (2023-03-01) initialised: dm-devel@redhat.com
[    5.336218] intel_pstate: CPU model not supported
[    5.337125] sdhci: Secure Digital Host Controller Interface driver
[    5.337864] sdhci: Copyright(c) Pierre Ossman
[    5.338532] sdhci-pltfm: SDHCI platform and OF driver helper
[    5.339326] ledtrig-cpu: registered to indicate activity on CPUs
[    5.340460] drop_monitor: Initializing network drop monitor service
[    5.341683] NET: Registered PF_INET6 protocol family
[    5.349368] Segment Routing with IPv6
[    5.349969] In-situ OAM (IOAM) with IPv6
[    5.350530] NET: Registered PF_PACKET protocol family
[    5.351465] 9pnet: Installing 9P2000 support
[    5.352223] Key type dns_resolver registered
[    5.354557] IPI shorthand broadcast: enabled
[    5.407018] sched_clock: Marking stable (5384006384, 20000015)->(5414278028, -10271629)
[    5.408899] registered taskstats version 1
[    5.410680] Loading compiled-in X.509 certificates
[    5.467845] Key type .fscrypt registered
[    5.468382] Key type fscrypt-provisioning registered
[    5.470436] Key type encrypted registered
[    5.471083] ima: No TPM chip found, activating TPM-bypass!
[    5.471841] ima: Allocated hash algorithm: sha1
[    5.472510] ima: No architecture policies found
[    5.473253] evm: Initialising EVM extended attributes:
[    5.473918] evm: security.selinux
[    5.474342] evm: security.SMACK64
[    5.474735] evm: security.SMACK64EXEC
[    5.475122] evm: security.SMACK64TRANSMUTE
[    5.475639] evm: security.SMACK64MMAP
[    5.476111] evm: security.apparmor
[    5.476544] evm: security.ima
[    5.476922] evm: security.capability
[    5.477376] evm: HMAC attrs: 0x1
[    5.481268] PM:   Magic number: 10:25:508
[    5.481770] bsg 1:0:0:0: hash matches
[    5.482273] scsi_device 1:0:0:0: hash matches
[    5.482840] scsi 1:0:0:0: hash matches
[    5.483418] pci 0000:00:01.0: hash matches
[    5.484825] RAS: Correctable Errors collector initialized.
[    5.486178] clk: Disabling unused clocks
[    5.487871] md: Waiting for all devices to be available before autodetect
[    5.488477] md: If you don't use raid, use raid=noautodetect
[    5.488927] md: Autodetecting RAID arrays.
[    5.489251] md: autorun ...
[    5.489474] md: ... autorun DONE.
[    5.500621] EXT4-fs (sda): INFO: recovery required on readonly filesystem
[    5.501211] EXT4-fs (sda): write access will be enabled during recovery
[    5.558579] EXT4-fs (sda): recovery complete
[    5.561601] EXT4-fs (sda): mounted filesystem 088740a9-c8b4-422c-999d-a804eb68a4da ro with ordered data mode. Quota mode: none.
[    5.562611] VFS: Mounted root (ext4 filesystem) readonly on device 8:0.
[    5.566767] devtmpfs: mounted
[    5.597186] Freeing unused decrypted memory: 2028K
[    5.602220] Freeing unused kernel image (initmem) memory: 14780K
[    5.602754] Write protecting the kernel read-only data: 92160k
[    5.605261] Freeing unused kernel image (rodata/data gap) memory: 1836K
[    6.648950] x86/mm: Checked W+X mappings: passed, no W+X pages found.
[    6.649856] Run /sbin/init as init process
[    6.965752] systemd[1]: systemd 252-15.el9 running in system mode (+PAM +AUDIT +SELINUX -APPARMOR +IMA +SMACK +SECCOMP +GCRYPT +GNUTLS +OPENSSL +ACL +BLKID +CURL +ELFUTILS -FIDO2 +IDN2 -IDN -IPTC +KMOD +LIBCRYPTSETUP +LIBFDISK +PCRE2 -PWQUALITY +P11KIT -QRENCODE +TPM2 +BZIP2 +LZ4 +XZ +ZLIB +ZSTD -BPF_FRAMEWORK +XKBCOMMON +UTMP +SYSVINIT default-hierarchy=unified)
[    6.968244] systemd[1]: Detected virtualization kvm.
[    6.968637] systemd[1]: Detected architecture x86-64.

Welcome to [0;31mCentOS Stream 9[0m!

[    6.976951] systemd[1]: Hostname set to <test>.
[    7.231095] systemd-rc-local-generator[113]: /etc/rc.d/rc.local is not marked executable, skipping.
[    7.848249] systemd[1]: Queued start job for default target Multi-User System.
[    7.871678] systemd[1]: Created slice Virtual Machine and Container Slice.
[[0;32m  OK  [0m] Created slice [0;1;39mVirtual Machine and Container Slice[0m.
[    7.877644] systemd[1]: Created slice Slice /system/getty.
[[0;32m  OK  [0m] Created slice [0;1;39mSlice /system/getty[0m.
[    7.881179] systemd[1]: Created slice Slice /system/modprobe.
[[0;32m  OK  [0m] Created slice [0;1;39mSlice /system/modprobe[0m.
[    7.884719] systemd[1]: Created slice Slice /system/serial-getty.
[[0;32m  OK  [0m] Created slice [0;1;39mSlice /system/serial-getty[0m.
[    7.888297] systemd[1]: Created slice Slice /system/sshd-keygen.
[[0;32m  OK  [0m] Created slice [0;1;39mSlice /system/sshd-keygen[0m.
[    7.891635] systemd[1]: Created slice User and Session Slice.
[[0;32m  OK  [0m] Created slice [0;1;39mUser and Session Slice[0m.
[    7.893432] systemd[1]: Started Forward Password Requests to Wall Directory Watch.
[[0;32m  OK  [0m] Started [0;1;39mForward Password R…uests to Wall Directory Watch[0m.
[    7.897250] systemd[1]: Set up automount Arbitrary Executable File Formats File System Automount Point.
[[0;32m  OK  [0m] Set up automount [0;1;39mArbitrary…s File System Automount Point[0m.
[    7.899100] systemd[1]: Reached target Local Integrity Protected Volumes.
[[0;32m  OK  [0m] Reached target [0;1;39mLocal Integrity Protected Volumes[0m.
[    7.900644] systemd[1]: Reached target Slice Units.
[[0;32m  OK  [0m] Reached target [0;1;39mSlice Units[0m.
[    7.901722] systemd[1]: Reached target Swaps.
[[0;32m  OK  [0m] Reached target [0;1;39mSwaps[0m.
[    7.902770] systemd[1]: Reached target Local Verity Protected Volumes.
[[0;32m  OK  [0m] Reached target [0;1;39mLocal Verity Protected Volumes[0m.
[    7.904673] systemd[1]: Listening on Device-mapper event daemon FIFOs.
[[0;32m  OK  [0m] Listening on [0;1;39mDevice-mapper event daemon FIFOs[0m.
[    7.907016] systemd[1]: Listening on LVM2 poll daemon socket.
[[0;32m  OK  [0m] Listening on [0;1;39mLVM2 poll daemon socket[0m.
[    7.908579] systemd[1]: multipathd control socket was skipped because of an unmet condition check (ConditionPathExists=/etc/multipath.conf).
[    7.978887] systemd[1]: Listening on RPCbind Server Activation Socket.
[[0;32m  OK  [0m] Listening on [0;1;39mRPCbind Server Activation Socket[0m.
[    7.980582] systemd[1]: Reached target RPC Port Mapper.
[[0;32m  OK  [0m] Reached target [0;1;39mRPC Port Mapper[0m.
[    7.984500] systemd[1]: Listening on Process Core Dump Socket.
[[0;32m  OK  [0m] Listening on [0;1;39mProcess Core Dump Socket[0m.
[    7.986101] systemd[1]: Listening on initctl Compatibility Named Pipe.
[[0;32m  OK  [0m] Listening on [0;1;39minitctl Compatibility Named Pipe[0m.
[    7.988083] systemd[1]: Listening on Journal Socket (/dev/log).
[[0;32m  OK  [0m] Listening on [0;1;39mJournal Socket (/dev/log)[0m.
[    7.990374] systemd[1]: Listening on Journal Socket.
[[0;32m  OK  [0m] Listening on [0;1;39mJournal Socket[0m.
[    7.992533] systemd[1]: Listening on udev Control Socket.
[[0;32m  OK  [0m] Listening on [0;1;39mudev Control Socket[0m.
[    7.994274] systemd[1]: Listening on udev Kernel Socket.
[[0;32m  OK  [0m] Listening on [0;1;39mudev Kernel Socket[0m.
[    8.016605] systemd[1]: Mounting Huge Pages File System...
         Mounting [0;1;39mHuge Pages File System[0m...
[    8.026695] systemd[1]: Mounting POSIX Message Queue File System...
         Mounting [0;1;39mPOSIX Message Queue File System[0m...
[    8.040950] systemd[1]: Mounting Kernel Debug File System...
         Mounting [0;1;39mKernel Debug File System[0m...
[    8.051676] systemd[1]: Mounting Kernel Trace File System...
         Mounting [0;1;39mKernel Trace File System[0m...
[    8.054102] systemd[1]: Kernel Module supporting RPCSEC_GSS was skipped because of an unmet condition check (ConditionPathExists=/etc/krb5.keytab).
[    8.055381] systemd[1]: Create List of Static Device Nodes was skipped because of an unmet condition check (ConditionFileNotEmpty=/lib/modules/6.6.0-89ed67ef126c+/modules.devname).
[    8.066135] systemd[1]: Starting Monitoring of LVM2 mirrors, snapshots etc. using dmeventd or progress polling...
         Starting [0;1;39mMonitoring of LVM…meventd or progress polling[0m...
[    8.077945] systemd[1]: Starting Load Kernel Module configfs...
         Starting [0;1;39mLoad Kernel Module configfs[0m...
[    8.088777] systemd[1]: Starting Load Kernel Module drm...
         Starting [0;1;39mLoad Kernel Module drm[0m...
[    8.112255] systemd[1]: Starting Load Kernel Module fuse...
         Starting [0;1;39mLoad Kernel Module fuse[0m...
[    8.127306] systemd[1]: Starting Read and set NIS domainname from /etc/sysconfig/network...
         Starting [0;1;39mRead and set NIS …from /etc/sysconfig/network[0m...
[    8.145097] systemd[1]: Starting Journal Service...
         Starting [0;1;39mJournal Service[0m...
[    8.184580] systemd[1]: Starting Load Kernel Modules...
         Starting [0;1;39mLoad Kernel Modules[0m...
[    8.206036] systemd[1]: Starting Generate network units from Kernel command line...
         Starting [0;1;39mGenerate network …ts from Kernel command line[0m...
[    8.233398] systemd[1]: Starting Remount Root and Kernel File Systems...
         Starting [0;1;39mRemount Root and Kernel File Systems[0m...
[    8.241076] systemd[1]: Repartition Root Disk was skipped because no trigger condition checks were met.
[    8.276697] systemd[1]: Starting Coldplug All udev Devices...
         Starting [0;1;39mColdplug All udev Devices[0m...
[    8.304257] systemd[1]: Mounted Huge Pages File System.
[[0;32m  OK  [0m] Mounted [0;1;39mHuge Pages File System[0m.
[    8.306233] systemd[1]: Mounted POSIX Message Queue File System.
[[0;32m  OK  [0m] Mounted [0;1;39mPOSIX Message Queue File System[0m.
[    8.308807] systemd[1]: Mounted Kernel Debug File System.
[[0;32m  OK  [0m] Mounted [0;1;39mKernel Debug File System[0m.
[    8.310680] systemd[1]: Mounted Kernel Trace File System.
[[0;32m  OK  [0m] Mounted [0;1;39mKernel Trace File System[0m.
[    8.317924] systemd[1]: Finished Monitoring of LVM2 mirrors, snapshots etc. using dmeventd or progress polling.
[[0;32m  OK  [0m] Finished [0;1;39mMonitoring of LVM… dmeventd or progress polling[0m.
[    8.322157] systemd[1]: modprobe@configfs.service: Deactivated successfully.
[    8.323950] systemd[1]: Finished Load Kernel Module configfs.
[[0;32m  OK  [0m] Finished [0;1;39mLoad Kernel Module configfs[0m.
[    8.331158] systemd[1]: modprobe@drm.service: Deactivated successfully.
[    8.333350] systemd[1]: Finished Load Kernel Module drm.
[[0;32m  OK  [0m] Finished [0;1;39mLoad Kernel Module drm[0m.
[    8.337970] systemd[1]: modprobe@fuse.service: Deactivated successfully.
[    8.339784] systemd[1]: Finished Load Kernel Module fuse.
[[0;32m  OK  [0m] Finished [0;1;39mLoad Kernel Module fuse[0m.
[    8.346690] systemd[1]: Finished Read and set NIS domainname from /etc/sysconfig/network.
[[0;32m  OK  [0m] Finished [0;1;39mRead and set NIS …e from /etc/sysconfig/network[0m.
[    8.352794] systemd[1]: systemd-modules-load.service: Main process exited, code=exited, status=1/FAILURE
[    8.354322] systemd[1]: systemd-modules-load.service: Failed with result 'exit-code'.
[    8.356141] systemd[1]: Failed to start Load Kernel Modules.
[[0;1;31mFAILED[0m] Failed to start [0;1;39mLoad Kernel Modules[0m.
See 'systemctl status systemd-modules-load.service' for details.
[    8.364860] systemd[1]: Finished Generate network units from Kernel command line.
[[0;32m  OK  [0m] Finished [0;1;39mGenerate network units from Kernel command line[0m.
[    8.367971] systemd[1]: Reached target Preparation for Network.
[[0;32m  OK  [0m] Reached target [0;1;39mPreparation for Network[0m.
[    8.372640] EXT4-fs (sda): re-mounted 088740a9-c8b4-422c-999d-a804eb68a4da r/w. Quota mode: none.
[    8.401026] systemd[1]: Mounting FUSE Control File System...
         Mounting [0;1;39mFUSE Control File System[0m...
[    8.422763] systemd[1]: Mounting Kernel Configuration File System...
         Mounting [0;1;39mKernel Configuration File System[0m...
[    8.438370] systemd[1]: Starting Apply Kernel Variables...
         Starting [0;1;39mApply Kernel Variables[0m...
[    8.453492] systemd[1]: Started Journal Service.
[[0;32m  OK  [0m] Started [0;1;39mJournal Service[0m.
[[0;32m  OK  [0m] Finished [0;1;39mRemount Root and Kernel File Systems[0m.
[[0;32m  OK  [0m] Mounted [0;1;39mFUSE Control File System[0m.
[[0;32m  OK  [0m] Mounted [0;1;39mKernel Configuration File System[0m.
         Starting [0;1;39mFlush Journal to Persistent Storage[0m...
         Starting [0;1;39mLoad/Save Random Seed[0m...
         Starting [0;1;39mCreate Static Device Nodes in /dev[0m...
         Starting [0;1;39mSetup Virtual Console[0m...
[    8.599231] systemd-journald[135]: Received client request to flush runtime journal.
[[0;32m  OK  [0m] Finished [0;1;39mApply Kernel Variables[0m.
[[0;32m  OK  [0m] Finished [0;1;39mFlush Journal to Persistent Storage[0m.
[[0;32m  OK  [0m] Finished [0;1;39mLoad/Save Random Seed[0m.
[[0;32m  OK  [0m] Finished [0;1;39mCreate Static Device Nodes in /dev[0m.
         Starting [0;1;39mRule-based Manage…for Device Events and Files[0m...
[[0;32m  OK  [0m] Started [0;1;39mRule-based Manager for Device Events and Files[0m.
         Starting [0;1;39mAuto-connect to s…E devices found during boot[0m...
[[0;32m  OK  [0m] Finished [0;1;39mColdplug All udev Devices[0m.
         Starting [0;1;39mWait for udev To …plete Device Initialization[0m...
[[0;32m  OK  [0m] Finished [0;1;39mAuto-connect to s…VME devices found during boot[0m.
[[0;32m  OK  [0m] Finished [0;1;39mSetup Virtual Console[0m.
         Starting [0;1;39mShow Plymouth Boot Screen[0m...
[2J[3J[-1;-1f[[0;32m  OK  [0m] Started [0;1;39mShow Plymouth Boot Screen[0m.
[[0;32m  OK  [0m] Started [0;1;39mForward Password R…s to Plymouth Directory Watch[0m.
[[0;32m  OK  [0m] Reached target [0;1;39mLocal Encrypted Volumes[0m.
[[0;32m  OK  [0m] Reached target [0;1;39mPath Units[0m.
[[0;32m  OK  [0m] Found device [0;1;39m/dev/ttyS0[0m.
[[0;32m  OK  [0m] Listening on [0;1;39mLoad/Save RF …itch Status /dev/rfkill Watch[0m.
[[0;32m  OK  [0m] Finished [0;1;39mWait for udev To Complete Device Initialization[0m.
[[0;32m  OK  [0m] Reached target [0;1;39mPreparation for Local File Systems[0m.
[[0;32m  OK  [0m] Reached target [0;1;39mLocal File Systems[0m.
         Starting [0;1;39mTell Plymouth To Write Out Runtime Data[0m...
         Starting [0;1;39mAutomatic Boot Loader Update[0m...
         Starting [0;1;39mCreate Volatile Files and Directories[0m...
[[0;32m  OK  [0m] Finished [0;1;39mTell Plymouth To Write Out Runtime Data[0m.
[[0;32m  OK  [0m] Finished [0;1;39mAutomatic Boot Loader Update[0m.
[[0;32m  OK  [0m] Finished [0;1;39mCreate Volatile Files and Directories[0m.
         Mounting [0;1;39mRPC Pipe File System[0m...
         Starting [0;1;39mSecurity Auditing Service[0m...
         Starting [0;1;39mRPC Bind[0m...
[[0;32m  OK  [0m] Mounted [0;1;39mRPC Pipe File System[0m.
[[0;32m  OK  [0m] Reached target [0;1;39mrpc_pipefs.target[0m.
[[0;32m  OK  [0m] Started [0;1;39mRPC Bind[0m.
[[0;32m  OK  [0m] Started [0;1;39mSecurity Auditing Service[0m.
         Starting [0;1;39mRecord System Boot/Shutdown in UTMP[0m...
[[0;32m  OK  [0m] Finished [0;1;39mRecord System Boot/Shutdown in UTMP[0m.
[[0;32m  OK  [0m] Reached target [0;1;39mSystem Initialization[0m.
[[0;32m  OK  [0m] Started [0;1;39mDaily rotation of log files[0m.
[[0;32m  OK  [0m] Started [0;1;39mUpdates mlocate database every day[0m.
[[0;32m  OK  [0m] Started [0;1;39mDaily Cleanup of Temporary Directories[0m.
[[0;32m  OK  [0m] Started [0;1;39mdaily update of the root trust anchor for DNSSEC[0m.
[[0;32m  OK  [0m] Reached target [0;1;39mTimer Units[0m.
[[0;32m  OK  [0m] Listening on [0;1;39mD-Bus System Message Bus Socket[0m.
[[0;32m  OK  [0m] Listening on [0;1;39mOpen-iSCSI iscsid Socket[0m.
[[0;32m  OK  [0m] Listening on [0;1;39mOpen-iSCSI iscsiuio Socket[0m.
[[0;32m  OK  [0m] Listening on [0;1;39mSSSD Kerberos…ache Manager responder socket[0m.
[[0;32m  OK  [0m] Listening on [0;1;39mLibvirt interface local socket[0m.
[[0;32m  OK  [0m] Listening on [0;1;39mVirtual machine lock manager socket[0m.
[[0;32m  OK  [0m] Listening on [0;1;39mVirtual machine log manager socket[0m.
[[0;32m  OK  [0m] Listening on [0;1;39mLibvirt network local socket[0m.
[[0;32m  OK  [0m] Listening on [0;1;39mLibvirt nodedev local socket[0m.
[[0;32m  OK  [0m] Listening on [0;1;39mLibvirt nwfilter local socket[0m.
[[0;32m  OK  [0m] Listening on [0;1;39mLibvirt proxy local socket[0m.
[[0;32m  OK  [0m] Listening on [0;1;39mLibvirt qemu local socket[0m.
[[0;32m  OK  [0m] Listening on [0;1;39mLibvirt qemu admin socket[0m.
[[0;32m  OK  [0m] Listening on [0;1;39mLibvirt qemu local read-only socket[0m.
[[0;32m  OK  [0m] Listening on [0;1;39mLibvirt secret local socket[0m.
[[0;32m  OK  [0m] Listening on [0;1;39mLibvirt storage local socket[0m.
[[0;32m  OK  [0m] Reached target [0;1;39mSocket Units[0m.
         Starting [0;1;39mD-Bus System Message Bus[0m...
[[0;32m  OK  [0m] Started [0;1;39mD-Bus System Message Bus[0m.
[[0;32m  OK  [0m] Reached target [0;1;39mBasic System[0m.
[   12.000334] dbus-broker-lau[252]: memfd_create() called without MFD_EXEC or MFD_NOEXEC_SEAL set
         Starting [0;1;39mNetwork Manager[0m...
         Starting [0;1;39mNTP client/server[0m...
         Starting [0;1;39mRestore /run/initramfs on shutdown[0m...
[[0;32m  OK  [0m] Started [0;1;39mirqbalance daemon[0m.
[[0;32m  OK  [0m] Started [0;1;39mlibstoragemgmt plug-in server daemon[0m.
[[0;32m  OK  [0m] Started [0;1;39mMachine Check Exception Logging Daemon[0m.
[[0;32m  OK  [0m] Reached target [0;1;39msshd-keygen.target[0m.
[[0;32m  OK  [0m] Reached target [0;1;39mUser and Group Name Lookups[0m.
         Starting [0;1;39mUser Login Management[0m...
         Starting [0;1;39mVirtual Machine a…tainer Registration Service[0m...
[[0;32m  OK  [0m] Finished [0;1;39mRestore /run/initramfs on shutdown[0m.
[[0;32m  OK  [0m] Started [0;1;39mVirtual Machine an…ontainer Registration Service[0m.
[[0;32m  OK  [0m] Started [0;1;39mNTP client/server[0m.
[[0;32m  OK  [0m] Started [0;1;39mUser Login Management[0m.
         Starting [0;1;39mHostname Service[0m...
[[0;32m  OK  [0m] Started [0;1;39mHostname Service[0m.
         Starting [0;1;39mNetwork Manager Script Dispatcher Service[0m...
[[0;32m  OK  [0m] Started [0;1;39mNetwork Manager Script Dispatcher Service[0m.
[   12.812902] e1000: eth0 NIC Link is Up 1000 Mbps Full Duplex, Flow Control: RX
[[0;32m  OK  [0m] Started [0;1;39mNetwork Manager[0m.
[[0;32m  OK  [0m] Reached target [0;1;39mNetwork[0m.
[[0;32m  OK  [0m] Reached target [0;1;39mNetwork is Online[0m.
         Starting [0;1;39mGSSAPI Proxy Daemon[0m...
         Starting [0;1;39mNotify NFS peers of a restart[0m...
         Starting [0;1;39mSystem Logging Service[0m...
         Starting [0;1;39mOpenSSH server daemon[0m...
         Starting [0;1;39mDynamic System Tuning Daemon[0m...
[[0;32m  OK  [0m] Started [0;1;39mNotify NFS peers of a restart[0m.
[[0;32m  OK  [0m] Started [0;1;39mGSSAPI Proxy Daemon[0m.
[[0;32m  OK  [0m] Reached target [0;1;39mNFS client services[0m.
[[0;32m  OK  [0m] Reached target [0;1;39mPreparation for Remote File Systems[0m.
[[0;32m  OK  [0m] Reached target [0;1;39mRemote File Systems[0m.
         Starting [0;1;39mPermit User Sessions[0m...
         Starting [0;1;39mVirtualization qemu daemon[0m...
[[0;32m  OK  [0m] Started [0;1;39mOpenSSH server daemon[0m.
[[0;32m  OK  [0m] Finished [0;1;39mPermit User Sessions[0m.
[[0;32m  OK  [0m] Started [0;1;39mDeferred execution scheduler[0m.
[[0;32m  OK  [0m] Started [0;1;39mCommand Scheduler[0m.
         Starting [0;1;39mHold until boot process finishes up[0m...
         Starting [0;1;39mTerminate Plymouth Boot Screen[0m...
[[0;32m  OK  [0m] Started [0;1;39mSystem Logging Service[0m.
[[0;32m  OK  [0m] Started [0;1;39mVirtualization qemu daemon[0m.

CentOS Stream 9
Kernel 6.6.0-89ed67ef126c+ on an x86_64

Activate the web console with: systemctl enable --now cockpit.socket

test login: [   21.397105] pimreg: entered allmulticast mode
[   21.423475] pimreg: entered allmulticast mode
[   21.453022] pimreg: entered allmulticast mode
[   21.457606] pimreg (unregistering): left allmulticast mode
[   21.483579] pimreg: entered allmulticast mode
[   21.514450] pimreg (unregistering): left allmulticast mode
[   21.516932] pimreg (unregistering): left allmulticast mode
[   21.521167] pimreg: entered allmulticast mode
[   21.547327] pimreg: entered allmulticast mode
[   21.575497] pimreg: entered allmulticast mode
[   21.603193] pimreg: entered allmulticast mode
[   21.625819] pimreg (unregistering): left allmulticast mode
[   21.628413] pimreg (unregistering): left allmulticast mode
[   21.631261] pimreg (unregistering): left allmulticast mode
[   21.638390] pimreg: entered allmulticast mode
[   21.668489] pimreg: entered allmulticast mode
[   21.696987] pimreg: entered allmulticast mode
[   21.717400] pimreg (unregistering): left allmulticast mode
[   21.719989] pimreg (unregistering): left allmulticast mode
[   21.723158] pimreg (unregistering): left allmulticast mode
[   21.729648] pimreg: entered allmulticast mode
[   21.754757] pimreg: entered allmulticast mode
[   21.782790] pimreg: entered allmulticast mode
[   21.788994] pimreg (unregistering): left allmulticast mode
[   21.791272] pimreg (unregistering): left allmulticast mode
[   21.793496] pimreg (unregistering): left allmulticast mode
[   21.806592] pimreg: entered allmulticast mode
[   21.836746] pimreg: entered allmulticast mode
[   21.862764] pimreg: entered allmulticast mode
[   21.888200] pimreg: entered allmulticast mode
[   21.893494] pimreg (unregistering): left allmulticast mode
[   21.895838] pimreg (unregistering): left allmulticast mode
[   21.898153] pimreg (unregistering): left allmulticast mode
[   21.900393] pimreg (unregistering): left allmulticast mode
[   21.914476] pimreg: entered allmulticast mode
[   21.937205] pimreg: entered allmulticast mode
[   21.967264] pimreg: entered allmulticast mode
[   21.972999] pimreg (unregistering): left allmulticast mode
[   21.975343] pimreg (unregistering): left allmulticast mode
[   21.977613] pimreg (unregistering): left allmulticast mode
[   21.992110] pimreg: entered allmulticast mode
[   22.027094] pimreg: entered allmulticast mode
[   22.046304] pimreg (unregistering): left allmulticast mode
[   22.049245] pimreg (unregistering): left allmulticast mode
[   22.051694] pimreg (unregistering): left allmulticast mode
[   22.057660] pimreg: entered allmulticast mode
[   22.086556] pimreg: entered allmulticast mode
[   22.119034] pimreg: entered allmulticast mode
[   22.124806] pimreg (unregistering): left allmulticast mode
[   22.127101] pimreg (unregistering): left allmulticast mode
[   22.151205] pimreg: entered allmulticast mode
[   22.186831] pimreg: entered allmulticast mode
[   22.187957] pimreg (unregistering): left allmulticast mode
[   22.190871] pimreg (unregistering): left allmulticast mode
[   22.200508] pimreg: entered allmulticast mode
[   22.228436] pimreg: entered allmulticast mode
[   22.249023] pimreg (unregistering): left allmulticast mode
[   22.251715] pimreg (unregistering): left allmulticast mode
[   22.254368] pimreg (unregistering): left allmulticast mode
[   22.262129] pimreg: entered allmulticast mode
[   22.298543] pimreg: entered allmulticast mode
[   22.326654] pimreg: entered allmulticast mode
[   22.360990] pimreg (unregistering): left allmulticast mode
[   22.363802] pimreg (unregistering): left allmulticast mode
[   22.367181] pimreg (unregistering): left allmulticast mode
[   22.372601] pimreg: entered allmulticast mode
[   22.398723] pimreg: entered allmulticast mode
[   22.426955] pimreg: entered allmulticast mode
[   22.458772] pimreg (unregistering): left allmulticast mode
[   22.461776] pimreg (unregistering): left allmulticast mode
[   22.464280] pimreg (unregistering): left allmulticast mode
[   22.470768] pimreg: entered allmulticast mode
[   22.500415] pimreg: entered allmulticast mode
[   22.532109] pimreg: entered allmulticast mode
[   22.536815] pimreg (unregistering): left allmulticast mode
[   22.539210] pimreg (unregistering): left allmulticast mode
[   22.564112] pimreg: entered allmulticast mode
[   22.594764] pimreg: entered allmulticast mode
[   22.605139] pimreg (unregistering): left allmulticast mode
[   22.607504] pimreg (unregistering): left allmulticast mode
[   22.623149] pimreg: entered allmulticast mode
[   22.662598] pimreg: entered allmulticast mode
[   22.683102] pimreg: entered allmulticast mode
[   22.701152] pimreg (unregistering): left allmulticast mode
[   22.704098] pimreg (unregistering): left allmulticast mode
[   22.707098] pimreg (unregistering): left allmulticast mode
[   22.714471] pimreg: entered allmulticast mode
[   22.758864] pimreg: entered allmulticast mode
[   22.822999] pimreg: entered allmulticast mode
[   22.829281] pimreg (unregistering): left allmulticast mode
[   22.831654] pimreg (unregistering): left allmulticast mode
[   22.834163] pimreg (unregistering): left allmulticast mode
[   22.851972] pimreg: entered allmulticast mode
[   22.864547] pimreg: entered allmulticast mode
[   22.891747] pimreg: entered allmulticast mode
[   22.905207] pimreg (unregistering): left allmulticast mode
[   22.907535] pimreg (unregistering): left allmulticast mode
[   22.909837] pimreg (unregistering): left allmulticast mode
[   22.922644] pimreg: entered allmulticast mode
[   22.947374] pimreg: entered allmulticast mode
[   22.975461] pimreg: entered allmulticast mode
[   22.989358] pimreg (unregistering): left allmulticast mode
[   22.991838] pimreg (unregistering): left allmulticast mode
[   22.994283] pimreg (unregistering): left allmulticast mode
[   23.007588] pimreg: entered allmulticast mode
[   23.031286] pimreg: entered allmulticast mode
[   23.059298] pimreg: entered allmulticast mode
[   23.073246] pimreg (unregistering): left allmulticast mode
[   23.075778] pimreg (unregistering): left allmulticast mode
[   23.078354] pimreg (unregistering): left allmulticast mode
[   23.092771] pimreg: entered allmulticast mode
[   23.131134] pimreg: entered allmulticast mode
[   23.136867] pimreg (unregistering): left allmulticast mode
[   23.139787] pimreg (unregistering): left allmulticast mode
[   23.164192] pimreg: entered allmulticast mode
[   23.190560] pimreg: entered allmulticast mode
[   23.196824] pimreg (unregistering): left allmulticast mode
[   23.199216] pimreg (unregistering): left allmulticast mode
[   23.219424] pimreg: entered allmulticast mode
[   23.251266] pimreg: entered allmulticast mode
[   23.302666] pimreg (unregistering): left allmulticast mode
[   23.305557] pimreg (unregistering): left allmulticast mode
[   23.307845] pimreg (unregistering): left allmulticast mode
[   23.311664] pimreg: entered allmulticast mode
[   23.335281] pimreg: entered allmulticast mode
[   23.370114] pimreg: entered allmulticast mode
[   23.371321] pimreg (unregistering): left allmulticast mode
[   23.374285] pimreg (unregistering): left allmulticast mode
[   23.382019] pimreg: entered allmulticast mode
[   23.410782] pimreg: entered allmulticast mode
[   23.447198] pimreg: entered allmulticast mode
[   23.457093] pimreg (unregistering): left allmulticast mode
[   23.459706] pimreg (unregistering): left allmulticast mode
[   23.462545] pimreg (unregistering): left allmulticast mode
[   23.470593] pimreg: entered allmulticast mode
[   23.502783] pimreg: entered allmulticast mode
[   23.554652] pimreg: entered allmulticast mode
[   23.561042] pimreg (unregistering): left allmulticast mode
[   23.563379] pimreg (unregistering): left allmulticast mode
[   23.565678] pimreg (unregistering): left allmulticast mode
[   23.583098] pimreg: entered allmulticast mode
[   23.615171] pimreg: entered allmulticast mode
[   23.633305] pimreg (unregistering): left allmulticast mode
[   23.635641] pimreg (unregistering): left allmulticast mode
[   23.642990] pimreg: entered allmulticast mode
[   23.678782] pimreg: entered allmulticast mode
[   23.726794] pimreg: entered allmulticast mode
[   23.729218] pimreg (unregistering): left allmulticast mode
[   23.731912] pimreg (unregistering): left allmulticast mode
[   23.734440] pimreg (unregistering): left allmulticast mode
[   23.741201] pimreg: entered allmulticast mode
[   23.772546] pimreg: entered allmulticast mode
[   23.803272] pimreg: entered allmulticast mode
[   23.809054] pimreg (unregistering): left allmulticast mode
[   23.811500] pimreg (unregistering): left allmulticast mode
[   23.814076] pimreg (unregistering): left allmulticast mode
[   23.831397] pimreg: entered allmulticast mode
[   23.862985] pimreg: entered allmulticast mode
[   23.887063] pimreg: entered allmulticast mode
[   23.893061] pimreg (unregistering): left allmulticast mode
[   23.895520] pimreg (unregistering): left allmulticast mode
[   23.897933] pimreg (unregistering): left allmulticast mode
[   23.924944] pimreg: entered allmulticast mode
[   23.943539] pimreg: entered allmulticast mode
[   23.961735] pimreg (unregistering): left allmulticast mode
[   23.964318] pimreg (unregistering): left allmulticast mode
[   23.971157] pimreg: entered allmulticast mode
[   23.998842] pimreg: entered allmulticast mode
[   24.026901] pimreg: entered allmulticast mode
[   24.041164] pimreg (unregistering): left allmulticast mode
[   24.044086] pimreg (unregistering): left allmulticast mode
[   24.046805] pimreg (unregistering): left allmulticast mode
[   24.054830] pimreg: entered allmulticast mode
[   24.074832] pimreg: entered allmulticast mode
[   24.099319] pimreg: entered allmulticast mode
[   24.126670] pimreg: entered allmulticast mode
[   24.129465] pimreg (unregistering): left allmulticast mode
[   24.131996] pimreg (unregistering): left allmulticast mode
[   24.134618] pimreg (unregistering): left allmulticast mode
[   24.138354] pimreg (unregistering): left allmulticast mode
[   24.144061] pimreg: entered allmulticast mode
[   24.170606] pimreg: entered allmulticast mode
[   24.204463] pimreg: entered allmulticast mode
[   24.210150] pimreg (unregistering): left allmulticast mode
[   24.212580] pimreg (unregistering): left allmulticast mode
[   24.214823] pimreg (unregistering): left allmulticast mode
[   24.227176] pimreg: entered allmulticast mode
[   24.254849] pimreg: entered allmulticast mode
[   24.282882] pimreg (unregistering): left allmulticast mode
[   24.286016] pimreg (unregistering): left allmulticast mode
[   24.290220] pimreg (unregistering): left allmulticast mode
[   24.297551] pimreg: entered allmulticast mode
[   24.330992] pimreg: entered allmulticast mode
[   24.362925] pimreg: entered allmulticast mode
[   24.372886] pimreg (unregistering): left allmulticast mode
[   24.375241] pimreg (unregistering): left allmulticast mode
[   24.392199] pimreg: entered allmulticast mode
[   24.415297] pimreg: entered allmulticast mode
[   24.437080] pimreg: entered allmulticast mode
[   24.441070] pimreg (unregistering): left allmulticast mode
[   24.443512] pimreg (unregistering): left allmulticast mode
[   24.445898] pimreg (unregistering): left allmulticast mode
[   24.468063] pimreg: entered allmulticast mode
[   24.495146] pimreg: entered allmulticast mode
[   24.525466] pimreg (unregistering): left allmulticast mode
[   24.527861] pimreg (unregistering): left allmulticast mode
[   24.530305] pimreg (unregistering): left allmulticast mode
[   24.534296] pimreg: entered allmulticast mode
[   24.562797] pimreg: entered allmulticast mode
[   24.598519] pimreg: entered allmulticast mode
[   24.614943] pimreg: entered allmulticast mode
[   24.618784] pimreg (unregistering): left allmulticast mode
[   24.621248] pimreg (unregistering): left allmulticast mode
[   24.628176] pimreg: entered allmulticast mode
[   24.655298] pimreg: entered allmulticast mode
[   24.693473] pimreg (unregistering): left allmulticast mode
[   24.695838] pimreg (unregistering): left allmulticast mode
[   24.698250] pimreg (unregistering): left allmulticast mode
[   24.700569] pimreg (unregistering): left allmulticast mode
[   24.704350] pimreg: entered allmulticast mode
[   24.736814] pimreg: entered allmulticast mode
[   24.763027] pimreg: entered allmulticast mode
[   24.777073] pimreg (unregistering): left allmulticast mode
[   24.779589] pimreg (unregistering): left allmulticast mode
[   24.787157] pimreg: entered allmulticast mode
[   24.822981] pimreg: entered allmulticast mode
[   24.854736] pimreg: entered allmulticast mode
[   24.860858] pimreg (unregistering): left allmulticast mode
[   24.863187] pimreg (unregistering): left allmulticast mode
[   24.865418] pimreg (unregistering): left allmulticast mode
[   24.892126] pimreg: entered allmulticast mode
[   24.914455] pimreg: entered allmulticast mode
[   24.921399] pimreg (unregistering): left allmulticast mode
[   24.923719] pimreg (unregistering): left allmulticast mode
[   24.939710] pimreg: entered allmulticast mode
[   24.978664] pimreg: entered allmulticast mode
[   24.999150] pimreg: entered allmulticast mode
[   25.005056] pimreg (unregistering): left allmulticast mode
[   25.007411] pimreg (unregistering): left allmulticast mode
[   25.009628] pimreg (unregistering): left allmulticast mode
[   25.034760] pimreg: entered allmulticast mode
[   25.074706] pimreg: entered allmulticast mode
[   25.094759] pimreg (unregistering): left allmulticast mode
[   25.097352] pimreg (unregistering): left allmulticast mode
[   25.103643] pimreg: entered allmulticast mode
[   25.138749] pimreg: entered allmulticast mode
[   25.159180] pimreg (unregistering): left allmulticast mode
[   25.161792] pimreg (unregistering): left allmulticast mode
[   25.167796] pimreg: entered allmulticast mode
[   25.202653] pimreg: entered allmulticast mode
[   25.223248] pimreg: entered allmulticast mode
[   25.229030] pimreg (unregistering): left allmulticast mode
[   25.231569] pimreg (unregistering): left allmulticast mode
[   25.233846] pimreg (unregistering): left allmulticast mode
[   25.246681] pimreg: entered allmulticast mode
[   25.272933] pimreg: entered allmulticast mode
[   25.303156] pimreg: entered allmulticast mode
[   25.313056] pimreg (unregistering): left allmulticast mode
[   25.315361] pimreg (unregistering): left allmulticast mode
[   25.317613] pimreg (unregistering): left allmulticast mode
[   25.339051] pimreg: entered allmulticast mode
[   25.366737] pimreg: entered allmulticast mode
[   25.385200] pimreg (unregistering): left allmulticast mode
[   25.387733] pimreg (unregistering): left allmulticast mode
[   25.396243] pimreg: entered allmulticast mode
[   25.427044] pimreg: entered allmulticast mode
[   25.458711] pimreg (unregistering): left allmulticast mode
[   25.461064] pimreg (unregistering): left allmulticast mode
[   25.463269] pimreg (unregistering): left allmulticast mode
[   25.466969] pimreg: entered allmulticast mode
[   25.499381] pimreg: entered allmulticast mode
[   25.531110] pimreg: entered allmulticast mode
[   25.545503] pimreg (unregistering): left allmulticast mode
[   25.547866] pimreg (unregistering): left allmulticast mode
[   25.555221] pimreg: entered allmulticast mode
[   25.587334] pimreg: entered allmulticast mode
[   25.623000] pimreg: entered allmulticast mode
[   25.641692] pimreg (unregistering): left allmulticast mode
[   25.644440] pimreg (unregistering): left allmulticast mode
[   25.646880] pimreg (unregistering): left allmulticast mode
[   25.654112] pimreg: entered allmulticast mode
[   25.682682] pimreg: entered allmulticast mode
[   25.706490] pimreg: entered allmulticast mode
[   25.716995] pimreg (unregistering): left allmulticast mode
[   25.719226] pimreg (unregistering): left allmulticast mode
[   25.722044] pimreg (unregistering): left allmulticast mode
[   25.733726] pimreg: entered allmulticast mode
[   25.758757] pimreg: entered allmulticast mode
[   25.783236] pimreg: entered allmulticast mode
[   25.805707] pimreg (unregistering): left allmulticast mode
[   25.808218] pimreg (unregistering): left allmulticast mode
[   25.810768] pimreg (unregistering): left allmulticast mode
[   25.814761] pimreg (unregistering): left allmulticast mode
[   25.820510] pimreg: entered allmulticast mode
[   25.848251] pimreg: entered allmulticast mode
[   25.875124] pimreg: entered allmulticast mode
[   25.903060] pimreg: entered allmulticast mode
[   25.906349] pimreg (unregistering): left allmulticast mode
[   25.909507] pimreg (unregistering): left allmulticast mode
[   25.912767] pimreg (unregistering): left allmulticast mode
[   25.918232] pimreg: entered allmulticast mode
[   25.946961] pimreg: entered allmulticast mode
[   25.978971] pimreg: entered allmulticast mode
[   25.981509] pimreg (unregistering): left allmulticast mode
[   25.986085] pimreg (unregistering): left allmulticast mode
[   25.988690] pimreg (unregistering): left allmulticast mode
[   25.994842] pimreg: entered allmulticast mode
[   26.030556] pimreg: entered allmulticast mode
[   26.048118] pimreg: entered allmulticast mode
[   26.057520] pimreg (unregistering): left allmulticast mode
[   26.059836] pimreg (unregistering): left allmulticast mode
[   26.062443] pimreg (unregistering): left allmulticast mode
[   26.068350] pimreg: entered allmulticast mode
[   26.103029] pimreg: entered allmulticast mode
[   26.130529] pimreg: entered allmulticast mode
[   26.131916] pimreg (unregistering): left allmulticast mode
[   26.134840] pimreg (unregistering): left allmulticast mode
[   26.137367] pimreg (unregistering): left allmulticast mode
[   26.146175] pimreg: entered allmulticast mode
[   26.187394] pimreg: entered allmulticast mode
[   26.223096] pimreg: entered allmulticast mode
[   26.224775] pimreg (unregistering): left allmulticast mode
[   26.227519] pimreg (unregistering): left allmulticast mode
[   26.230054] pimreg (unregistering): left allmulticast mode
[   26.237669] pimreg: entered allmulticast mode
[   26.275094] pimreg: entered allmulticast mode
[   26.314869] pimreg: entered allmulticast mode
[   26.316555] pimreg (unregistering): left allmulticast mode
[   26.319309] pimreg (unregistering): left allmulticast mode
[   26.321847] pimreg (unregistering): left allmulticast mode
[   26.328875] pimreg: entered allmulticast mode
[   26.363036] pimreg: entered allmulticast mode
[   26.414936] pimreg (unregistering): left allmulticast mode
[   26.417265] pimreg (unregistering): left allmulticast mode
[   26.419494] pimreg (unregistering): left allmulticast mode
[   26.424138] pimreg: entered allmulticast mode
[   26.455571] pimreg: entered allmulticast mode
[   26.495210] pimreg: entered allmulticast mode
[   26.515040] pimreg (unregistering): left allmulticast mode
[   26.517612] pimreg (unregistering): left allmulticast mode
[   26.524346] pimreg: entered allmulticast mode
[   26.554604] pimreg: entered allmulticast mode
[   26.571005] pimreg: entered allmulticast mode
[   26.595164] pimreg (unregistering): left allmulticast mode
[   26.597956] pimreg (unregistering): left allmulticast mode
[   26.601700] pimreg (unregistering): left allmulticast mode
[   26.609013] pimreg: entered allmulticast mode
[   26.646699] pimreg: entered allmulticast mode
[   26.665206] pimreg (unregistering): left allmulticast mode
[   26.667829] pimreg (unregistering): left allmulticast mode
[   26.675575] pimreg: entered allmulticast mode
[   26.693940] pimreg: entered allmulticast mode
[   26.710396] pimreg: entered allmulticast mode
[   26.729551] pimreg (unregistering): left allmulticast mode
[   26.731908] pimreg (unregistering): left allmulticast mode
[   26.734433] pimreg (unregistering): left allmulticast mode
[   26.740455] pimreg: entered allmulticast mode
[   26.776659] pimreg: entered allmulticast mode
[   26.798786] pimreg: entered allmulticast mode
[   26.819467] pimreg (unregistering): left allmulticast mode
[   26.824490] pimreg (unregistering): left allmulticast mode
[   26.827513] pimreg (unregistering): left allmulticast mode
[   26.832880] pimreg: entered allmulticast mode
[   26.871032] pimreg: entered allmulticast mode
[   26.921187] pimreg (unregistering): left allmulticast mode
[   26.923470] pimreg (unregistering): left allmulticast mode
[   26.925843] pimreg (unregistering): left allmulticast mode
[   26.929686] pimreg: entered allmulticast mode
[   26.962758] pimreg: entered allmulticast mode
[   26.978557] pimreg: entered allmulticast mode
[   26.999395] pimreg: entered allmulticast mode
[   27.000629] pimreg (unregistering): left allmulticast mode
[   27.003486] pimreg (unregistering): left allmulticast mode
[   27.011239] pimreg: entered allmulticast mode
[   27.030250] pimreg: entered allmulticast mode
[   27.059342] pimreg: entered allmulticast mode
[   27.087166] pimreg: entered allmulticast mode
[   27.092206] pimreg (unregistering): left allmulticast mode
[   27.094666] pimreg (unregistering): left allmulticast mode
[   27.097372] pimreg (unregistering): left allmulticast mode
[   27.101011] pimreg (unregistering): left allmulticast mode
[   27.103419] pimreg (unregistering): left allmulticast mode
[   27.109170] pimreg: entered allmulticast mode
[   27.138930] pimreg: entered allmulticast mode
[   27.170964] pimreg: entered allmulticast mode
[   27.181294] pimreg (unregistering): left allmulticast mode
[   27.183774] pimreg (unregistering): left allmulticast mode
[   27.186180] pimreg (unregistering): left allmulticast mode
[   27.199002] pimreg: entered allmulticast mode
[   27.222532] pimreg: entered allmulticast mode
[   27.247137] pimreg: entered allmulticast mode
[   27.261148] pimreg (unregistering): left allmulticast mode
[   27.263576] pimreg (unregistering): left allmulticast mode
[   27.266350] pimreg (unregistering): left allmulticast mode
[   27.274779] pimreg: entered allmulticast mode
[   27.302935] pimreg: entered allmulticast mode
[   27.334949] pimreg: entered allmulticast mode
[   27.353621] pimreg (unregistering): left allmulticast mode
[   27.356114] pimreg (unregistering): left allmulticast mode
[   27.361029] pimreg (unregistering): left allmulticast mode
[   27.367235] pimreg: entered allmulticast mode
[   27.399403] pimreg: entered allmulticast mode
[   27.435762] pimreg: entered allmulticast mode
[   27.437930] pimreg (unregistering): left allmulticast mode
[   27.440582] pimreg (unregistering): left allmulticast mode
[   27.442979] pimreg (unregistering): left allmulticast mode
[   27.464685] pimreg: entered allmulticast mode
[   27.498627] pimreg: entered allmulticast mode
[   27.519004] pimreg: entered allmulticast mode
[   27.524868] pimreg (unregistering): left allmulticast mode
[   27.527301] pimreg (unregistering): left allmulticast mode
[   27.529684] pimreg (unregistering): left allmulticast mode
[   27.546994] pimreg: entered allmulticast mode
[   27.582891] pimreg: entered allmulticast mode
[   27.609775] pimreg (unregistering): left allmulticast mode
[   27.612195] pimreg (unregistering): left allmulticast mode
[   27.621152] pimreg: entered allmulticast mode
[   27.660279] pimreg: entered allmulticast mode
[   27.699064] pimreg: entered allmulticast mode
[   27.705096] pimreg (unregistering): left allmulticast mode
[   27.707582] pimreg (unregistering): left allmulticast mode
[   27.710308] pimreg (unregistering): left allmulticast mode
[   27.719575] pimreg: entered allmulticast mode
[   27.750509] pimreg: entered allmulticast mode
[   27.778838] pimreg: entered allmulticast mode
[   27.793421] pimreg (unregistering): left allmulticast mode
[   27.796368] pimreg (unregistering): left allmulticast mode
[   27.798668] pimreg (unregistering): left allmulticast mode
[   27.804488] pimreg: entered allmulticast mode
[   27.835631] pimreg: entered allmulticast mode
[   27.855772] pimreg: entered allmulticast mode
[   27.861054] pimreg (unregistering): left allmulticast mode
[   27.863375] pimreg (unregistering): left allmulticast mode
[   27.865638] pimreg (unregistering): left allmulticast mode
[   27.888796] pimreg: entered allmulticast mode
[   27.918611] pimreg: entered allmulticast mode
[   27.924812] pimreg (unregistering): left allmulticast mode
[   27.927167] pimreg (unregistering): left allmulticast mode
[   27.946870] pimreg: entered allmulticast mode
[   27.974944] pimreg: entered allmulticast mode
[   27.989366] pimreg (unregistering): left allmulticast mode
[   27.991717] pimreg (unregistering): left allmulticast mode
[   27.998560] pimreg: entered allmulticast mode
[   28.016622] pimreg: entered allmulticast mode
[   28.042735] pimreg: entered allmulticast mode
[   28.065838] pimreg (unregistering): left allmulticast mode
[   28.068230] pimreg (unregistering): left allmulticast mode
[   28.070705] pimreg (unregistering): left allmulticast mode
[   28.077623] pimreg: entered allmulticast mode
[   28.122606] pimreg: entered allmulticast mode
[   28.139544] pimreg: entered allmulticast mode
[   28.149557] pimreg (unregistering): left allmulticast mode
[   28.151996] pimreg (unregistering): left allmulticast mode
[   28.154731] pimreg (unregistering): left allmulticast mode
[   28.161694] pimreg: entered allmulticast mode
[   28.188047] pimreg: entered allmulticast mode
[   28.214872] pimreg: entered allmulticast mode
[   28.229285] pimreg (unregistering): left allmulticast mode
[   28.231587] pimreg (unregistering): left allmulticast mode
[   28.234031] pimreg (unregistering): left allmulticast mode
[   28.243917] pimreg: entered allmulticast mode
[   28.270446] pimreg: entered allmulticast mode
[   28.291504] pimreg: entered allmulticast mode
[   28.319080] pimreg: entered allmulticast mode
[   28.325214] pimreg (unregistering): left allmulticast mode
[   28.327527] pimreg (unregistering): left allmulticast mode
[   28.329853] pimreg (unregistering): left allmulticast mode
[   28.332152] pimreg (unregistering): left allmulticast mode
[   28.342566] pimreg: entered allmulticast mode
[   28.363590] pimreg: entered allmulticast mode
[   28.387044] pimreg: entered allmulticast mode
[   28.405543] pimreg (unregistering): left allmulticast mode
[   28.407897] pimreg (unregistering): left allmulticast mode
[   28.410405] pimreg (unregistering): left allmulticast mode
[   28.418032] pimreg: entered allmulticast mode
[   28.443483] pimreg: entered allmulticast mode
[   28.466862] pimreg: entered allmulticast mode
[   28.485634] pimreg (unregistering): left allmulticast mode
[   28.488296] pimreg (unregistering): left allmulticast mode
[   28.490908] pimreg (unregistering): left allmulticast mode
[   28.500269] pimreg: entered allmulticast mode
[   28.526991] pimreg: entered allmulticast mode
[   28.551620] pimreg: entered allmulticast mode
[   28.573472] pimreg (unregistering): left allmulticast mode
[   28.575878] pimreg (unregistering): left allmulticast mode
[   28.578394] pimreg (unregistering): left allmulticast mode
[   28.584067] pimreg: entered allmulticast mode
[   28.622945] pimreg: entered allmulticast mode
[   28.654514] pimreg (unregistering): left allmulticast mode
[   28.656866] pimreg (unregistering): left allmulticast mode
[   28.659052] pimreg (unregistering): left allmulticast mode
[   28.663062] pimreg: entered allmulticast mode
[   28.700188] pimreg: entered allmulticast mode
[   28.727059] pimreg: entered allmulticast mode
[   28.733305] pimreg (unregistering): left allmulticast mode
[   28.735667] pimreg (unregistering): left allmulticast mode
[   28.759311] pimreg: entered allmulticast mode
[   28.795019] pimreg: entered allmulticast mode
[   28.800857] pimreg (unregistering): left allmulticast mode
[   28.803172] pimreg (unregistering): left allmulticast mode
[   28.831987] pimreg: entered allmulticast mode
[   28.856720] pimreg (unregistering): left allmulticast mode
[   28.859580] pimreg (unregistering): left allmulticast mode
[   28.865390] pimreg: entered allmulticast mode
[   28.892081] pimreg: entered allmulticast mode
[   28.914866] pimreg: entered allmulticast mode
[   28.915911] pimreg (unregistering): left allmulticast mode
[   28.920557] pimreg (unregistering): left allmulticast mode
[   28.927732] pimreg: entered allmulticast mode
[   28.955446] pimreg: entered allmulticast mode
[   28.990609] pimreg: entered allmulticast mode
[   28.998358] pimreg (unregistering): left allmulticast mode
[   29.000834] pimreg (unregistering): left allmulticast mode
[   29.003323] pimreg (unregistering): left allmulticast mode
[   29.010377] pimreg: entered allmulticast mode
[   29.027247] pimreg: entered allmulticast mode
[   29.059335] pimreg: entered allmulticast mode
[   29.077578] pimreg (unregistering): left allmulticast mode
[   29.079900] pimreg (unregistering): left allmulticast mode
[   29.082465] pimreg (unregistering): left allmulticast mode
[   29.089824] pimreg: entered allmulticast mode
[   29.118822] pimreg: entered allmulticast mode
[   29.146710] pimreg: entered allmulticast mode
[   29.153129] pimreg (unregistering): left allmulticast mode
[   29.155454] pimreg (unregistering): left allmulticast mode
[   29.158041] pimreg (unregistering): left allmulticast mode
[   29.167819] pimreg: entered allmulticast mode
[   29.202487] pimreg: entered allmulticast mode
[   29.231118] pimreg: entered allmulticast mode
[   29.251048] pimreg (unregistering): left allmulticast mode
[   29.253549] pimreg (unregistering): left allmulticast mode
[   29.256639] pimreg (unregistering): left allmulticast mode
[   29.262976] pimreg: entered allmulticast mode
[   29.290600] pimreg: entered allmulticast mode
[   29.307488] pimreg: entered allmulticast mode
[   29.318803] pimreg (unregistering): left allmulticast mode
[   29.321390] pimreg (unregistering): left allmulticast mode
[   29.323666] pimreg (unregistering): left allmulticast mode
[   29.330139] pimreg: entered allmulticast mode
[   29.359750] pimreg: entered allmulticast mode
[   29.383058] pimreg: entered allmulticast mode
[   29.389096] pimreg (unregistering): left allmulticast mode
[   29.391688] pimreg (unregistering): left allmulticast mode
[   29.393999] pimreg (unregistering): left allmulticast mode
[   29.424426] pimreg: entered allmulticast mode
[   29.446529] pimreg: entered allmulticast mode
[   29.449089] pimreg (unregistering): left allmulticast mode
[   29.451418] pimreg (unregistering): left allmulticast mode
[   29.466959] pimreg: entered allmulticast mode
[   29.491169] pimreg: entered allmulticast mode
[   29.522775] pimreg: entered allmulticast mode
[   29.523959] pimreg (unregistering): left allmulticast mode
[   29.527025] pimreg (unregistering): left allmulticast mode
[   29.529584] pimreg (unregistering): left allmulticast mode
[   29.535577] pimreg: entered allmulticast mode
[   29.563805] pimreg: entered allmulticast mode
[   29.586796] pimreg: entered allmulticast mode
[   29.598200] pimreg (unregistering): left allmulticast mode
[   29.600676] pimreg (unregistering): left allmulticast mode
[   29.603448] pimreg (unregistering): left allmulticast mode
[   29.609525] pimreg: entered allmulticast mode
[   29.633023] pimreg: entered allmulticast mode
[   29.658991] pimreg: entered allmulticast mode
[   29.673156] pimreg (unregistering): left allmulticast mode
[   29.675491] pimreg (unregistering): left allmulticast mode
[   29.678106] pimreg (unregistering): left allmulticast mode
[   29.686708] pimreg: entered allmulticast mode
[   29.714987] pimreg: entered allmulticast mode
[   29.750789] pimreg: entered allmulticast mode
[   29.769460] pimreg (unregistering): left allmulticast mode
[   29.771845] pimreg (unregistering): left allmulticast mode
[   29.774442] pimreg (unregistering): left allmulticast mode
[   29.780659] pimreg: entered allmulticast mode
[   29.810705] pimreg: entered allmulticast mode
[   29.831277] pimreg: entered allmulticast mode
[   29.849262] pimreg (unregistering): left allmulticast mode
[   29.851570] pimreg (unregistering): left allmulticast mode
[   29.853834] pimreg (unregistering): left allmulticast mode
[   29.866621] pimreg: entered allmulticast mode
[   29.882906] pimreg: entered allmulticast mode
[   29.915369] pimreg: entered allmulticast mode
[   29.937433] pimreg (unregistering): left allmulticast mode
[   29.940287] pimreg (unregistering): left allmulticast mode
[   29.942720] pimreg (unregistering): left allmulticast mode
[   29.945170] pimreg (unregistering): left allmulticast mode
[   29.950531] pimreg: entered allmulticast mode
[   29.979686] pimreg: entered allmulticast mode
[   30.010805] pimreg: entered allmulticast mode
[   30.017125] pimreg (unregistering): left allmulticast mode
[   30.019455] pimreg (unregistering): left allmulticast mode
[   30.034967] pimreg: entered allmulticast mode
[   30.059221] pimreg: entered allmulticast mode
[   30.084814] pimreg (unregistering): left allmulticast mode
[   30.087200] pimreg (unregistering): left allmulticast mode
[   30.093307] pimreg: entered allmulticast mode
[   30.135341] pimreg: entered allmulticast mode
[   30.161989] pimreg (unregistering): left allmulticast mode
[   30.164368] pimreg (unregistering): left allmulticast mode
[   30.166824] pimreg (unregistering): left allmulticast mode
[   30.172270] pimreg: entered allmulticast mode
[   30.204209] pimreg: entered allmulticast mode
[   30.230834] pimreg: entered allmulticast mode
[   30.245296] pimreg (unregistering): left allmulticast mode
[   30.247830] pimreg (unregistering): left allmulticast mode
[   30.256538] pimreg: entered allmulticast mode
[   30.287048] pimreg: entered allmulticast mode
[   30.318951] pimreg (unregistering): left allmulticast mode
[   30.321310] pimreg (unregistering): left allmulticast mode
[   30.323486] pimreg (unregistering): left allmulticast mode
[   30.327325] pimreg: entered allmulticast mode
[   30.351903] pimreg: entered allmulticast mode
[   30.378803] pimreg: entered allmulticast mode
[   30.394007] pimreg (unregistering): left allmulticast mode
[   30.396491] pimreg (unregistering): left allmulticast mode
[   30.404376] pimreg: entered allmulticast mode
[   30.426885] pimreg: entered allmulticast mode
[   30.456051] pimreg: entered allmulticast mode
[   30.461025] pimreg (unregistering): left allmulticast mode
[   30.463341] pimreg (unregistering): left allmulticast mode
[   30.465630] pimreg (unregistering): left allmulticast mode
[   30.487283] pimreg: entered allmulticast mode
[   30.519308] pimreg: entered allmulticast mode
[   30.524865] pimreg (unregistering): left allmulticast mode
[   30.527197] pimreg (unregistering): left allmulticast mode
[   30.552103] pimreg: entered allmulticast mode
[   30.582609] pimreg: entered allmulticast mode
[   30.588893] pimreg (unregistering): left allmulticast mode
[   30.591225] pimreg (unregistering): left allmulticast mode
[   30.602967] pimreg: entered allmulticast mode
[   30.638588] pimreg: entered allmulticast mode
[   30.659340] pimreg: entered allmulticast mode
[   30.669006] pimreg (unregistering): left allmulticast mode
[   30.671289] pimreg (unregistering): left allmulticast mode
[   30.673550] pimreg (unregistering): left allmulticast mode
[   30.687033] pimreg: entered allmulticast mode
[   30.711397] pimreg: entered allmulticast mode
[   30.742815] pimreg: entered allmulticast mode
[   30.744545] pimreg (unregistering): left allmulticast mode
[   30.747686] pimreg (unregistering): left allmulticast mode
[   30.750669] pimreg (unregistering): left allmulticast mode
[   30.758081] pimreg: entered allmulticast mode
[   30.787506] pimreg: entered allmulticast mode
[   30.815346] pimreg: entered allmulticast mode
[   30.829340] pimreg (unregistering): left allmulticast mode
[   30.831671] pimreg (unregistering): left allmulticast mode
[   30.834004] pimreg (unregistering): left allmulticast mode
[   30.846795] pimreg: entered allmulticast mode
[   30.863010] pimreg: entered allmulticast mode
[   30.891384] pimreg: entered allmulticast mode
[   30.917775] pimreg (unregistering): left allmulticast mode
[   30.920136] pimreg (unregistering): left allmulticast mode
[   30.922579] pimreg (unregistering): left allmulticast mode
[   30.926487] pimreg (unregistering): left allmulticast mode
[   30.931881] pimreg: entered allmulticast mode
[   30.959958] pimreg: entered allmulticast mode
[   30.979180] pimreg: entered allmulticast mode
[   31.001498] pimreg (unregistering): left allmulticast mode
[   31.003837] pimreg (unregistering): left allmulticast mode
[   31.011971] pimreg: entered allmulticast mode
[   31.038003] pimreg: entered allmulticast mode
[   31.055382] pimreg: entered allmulticast mode
[   31.066751] pimreg (unregistering): left allmulticast mode
[   31.071306] pimreg (unregistering): left allmulticast mode
[   31.075269] pimreg (unregistering): left allmulticast mode
[   31.080825] pimreg: entered allmulticast mode
[   31.106652] pimreg: entered allmulticast mode
[   31.131557] pimreg: entered allmulticast mode
[   31.153098] pimreg (unregistering): left allmulticast mode
[   31.155577] pimreg (unregistering): left allmulticast mode
[   31.158185] pimreg (unregistering): left allmulticast mode
[   31.164152] pimreg: entered allmulticast mode
[   31.191345] pimreg: entered allmulticast mode
[   31.216943] pimreg (unregistering): left allmulticast mode
[   31.219623] pimreg (unregistering): left allmulticast mode
[   31.221972] pimreg (unregistering): left allmulticast mode
[   31.227647] pimreg: entered allmulticast mode
[   31.258933] pimreg: entered allmulticast mode
[   31.290993] pimreg: entered allmulticast mode
[   31.296875] pimreg (unregistering): left allmulticast mode
[   31.299206] pimreg (unregistering): left allmulticast mode
[   31.318564] pimreg: entered allmulticast mode
[   31.335955] pimreg: entered allmulticast mode
[   31.353339] pimreg (unregistering): left allmulticast mode
[   31.355771] pimreg (unregistering): left allmulticast mode
[   31.358448] pimreg (unregistering): left allmulticast mode
[   31.365064] pimreg: entered allmulticast mode
[   31.399422] pimreg: entered allmulticast mode
[   31.435010] pimreg: entered allmulticast mode
[   31.436865] pimreg (unregistering): left allmulticast mode
[   31.439135] pimreg (unregistering): left allmulticast mode
[   31.463609] pimreg: entered allmulticast mode
[   31.491109] pimreg: entered allmulticast mode
[   31.542730] pimreg (unregistering): left allmulticast mode
[   31.545092] pimreg (unregistering): left allmulticast mode
[   31.547328] pimreg (unregistering): left allmulticast mode
[   31.551213] pimreg: entered allmulticast mode
[   31.586724] pimreg: entered allmulticast mode
[   31.603531] pimreg: entered allmulticast mode
[   31.614586] pimreg (unregistering): left allmulticast mode
[   31.618657] pimreg (unregistering): left allmulticast mode
[   31.625320] pimreg: entered allmulticast mode
[   31.654944] pimreg: entered allmulticast mode
[   31.686321] pimreg: entered allmulticast mode
[   31.689198] pimreg (unregistering): left allmulticast mode
[   31.691526] pimreg (unregistering): left allmulticast mode
[   31.693991] pimreg (unregistering): left allmulticast mode
[   31.707115] pimreg: entered allmulticast mode
[   31.742536] pimreg: entered allmulticast mode
[   31.762958] pimreg: entered allmulticast mode
[   31.797505] pimreg (unregistering): left allmulticast mode
[   31.800110] pimreg (unregistering): left allmulticast mode
[   31.802769] pimreg (unregistering): left allmulticast mode
[   31.808962] pimreg: entered allmulticast mode
[   31.841492] pimreg: entered allmulticast mode
[   31.870720] pimreg: entered allmulticast mode
[   31.876991] pimreg (unregistering): left allmulticast mode
[   31.879242] pimreg (unregistering): left allmulticast mode
[   31.881465] pimreg (unregistering): left allmulticast mode
[   31.895056] pimreg: entered allmulticast mode
[   31.915472] pimreg: entered allmulticast mode
[   31.943607] pimreg: entered allmulticast mode
[   31.961880] pimreg (unregistering): left allmulticast mode
[   31.964478] pimreg (unregistering): left allmulticast mode
[   31.967029] pimreg (unregistering): left allmulticast mode
[   31.973736] pimreg: entered allmulticast mode
[   32.008415] pimreg: entered allmulticast mode
[   32.039052] pimreg: entered allmulticast mode
[   32.045071] pimreg (unregistering): left allmulticast mode
[   32.047392] pimreg (unregistering): left allmulticast mode
[   32.049701] pimreg (unregistering): left allmulticast mode
[   32.063951] pimreg: entered allmulticast mode
[   32.075559] pimreg: entered allmulticast mode
[   32.114825] pimreg: entered allmulticast mode
[   32.116311] pimreg (unregistering): left allmulticast mode
[   32.118873] pimreg (unregistering): left allmulticast mode
[   32.121660] pimreg (unregistering): left allmulticast mode
[   32.129289] pimreg: entered allmulticast mode
[   32.147341] pimreg: entered allmulticast mode
[   32.174507] pimreg: entered allmulticast mode
[   32.189398] pimreg (unregistering): left allmulticast mode
[   32.191942] pimreg (unregistering): left allmulticast mode
[   32.194742] pimreg (unregistering): left allmulticast mode
[   32.202162] pimreg: entered allmulticast mode
[   32.238369] pimreg: entered allmulticast mode
[   32.274765] pimreg: entered allmulticast mode
[   32.305336] pimreg (unregistering): left allmulticast mode
[   32.307871] pimreg (unregistering): left allmulticast mode
[   32.310498] pimreg (unregistering): left allmulticast mode
[   32.318939] pimreg: entered allmulticast mode
[   32.350913] pimreg: entered allmulticast mode
[   32.383112] pimreg: entered allmulticast mode
[   32.389046] pimreg (unregistering): left allmulticast mode
[   32.391379] pimreg (unregistering): left allmulticast mode
[   32.393635] pimreg (unregistering): left allmulticast mode
[   32.415450] pimreg: entered allmulticast mode
[   32.439281] pimreg: entered allmulticast mode
[   32.470853] pimreg: entered allmulticast mode
[   32.472355] pimreg (unregistering): left allmulticast mode
[   32.474876] pimreg (unregistering): left allmulticast mode
[   32.477380] pimreg (unregistering): left allmulticast mode
[   32.484109] pimreg: entered allmulticast mode
[   32.518840] pimreg: entered allmulticast mode
[   32.554997] pimreg: entered allmulticast mode
[   32.557104] pimreg (unregistering): left allmulticast mode
[   32.560431] pimreg (unregistering): left allmulticast mode
[   32.562734] pimreg (unregistering): left allmulticast mode
[   32.569425] pimreg: entered allmulticast mode
[   32.594914] pimreg: entered allmulticast mode
[   32.638600] pimreg (unregistering): left allmulticast mode
[   32.641002] pimreg (unregistering): left allmulticast mode
[   32.643466] pimreg (unregistering): left allmulticast mode
[   32.647411] pimreg: entered allmulticast mode
[   32.678842] pimreg: entered allmulticast mode
[   32.698774] pimreg: entered allmulticast mode
[   32.719337] pimreg (unregistering): left allmulticast mode
[   32.721709] pimreg (unregistering): left allmulticast mode
[   32.725502] pimreg: entered allmulticast mode
[   32.754604] pimreg: entered allmulticast mode
[   32.774697] pimreg: entered allmulticast mode
[   32.798019] pimreg (unregistering): left allmulticast mode
[   32.800378] pimreg (unregistering): left allmulticast mode
[   32.802558] pimreg (unregistering): left allmulticast mode
[   32.808086] pimreg: entered allmulticast mode
[   32.835404] pimreg: entered allmulticast mode
[   32.854944] pimreg: entered allmulticast mode
[   32.861077] pimreg (unregistering): left allmulticast mode
[   32.863521] pimreg (unregistering): left allmulticast mode
[   32.866151] pimreg (unregistering): left allmulticast mode
[   32.887501] pimreg: entered allmulticast mode
[   32.926822] pimreg: entered allmulticast mode
[   32.932858] pimreg (unregistering): left allmulticast mode
[   32.935164] pimreg (unregistering): left allmulticast mode
[   32.959030] pimreg: entered allmulticast mode
[   33.002746] pimreg: entered allmulticast mode
[   33.029018] pimreg (unregistering): left allmulticast mode
[   33.031445] pimreg (unregistering): left allmulticast mode
[   33.052210] pimreg: entered allmulticast mode
[   33.086767] pimreg: entered allmulticast mode
[   33.092961] pimreg (unregistering): left allmulticast mode
[   33.095286] pimreg (unregistering): left allmulticast mode
[   33.107273] pimreg: entered allmulticast mode
[   33.135243] pimreg: entered allmulticast mode
[   33.168886] pimreg (unregistering): left allmulticast mode
[   33.171166] pimreg (unregistering): left allmulticast mode
[   33.173428] pimreg (unregistering): left allmulticast mode
[   33.178521] pimreg: entered allmulticast mode
[   33.216770] pimreg: entered allmulticast mode
[   33.243366] pimreg: entered allmulticast mode
[   33.252810] pimreg (unregistering): left allmulticast mode
[   33.255225] pimreg (unregistering): left allmulticast mode
[   33.272870] pimreg: entered allmulticast mode
[   33.306949] pimreg: entered allmulticast mode
[   33.313063] pimreg (unregistering): left allmulticast mode
[   33.315504] pimreg (unregistering): left allmulticast mode
[   33.342749] pimreg: entered allmulticast mode
[   33.362818] pimreg: entered allmulticast mode
[   33.394479] pimreg: entered allmulticast mode
[   33.397034] pimreg (unregistering): left allmulticast mode
[   33.399417] pimreg (unregistering): left allmulticast mode
[   33.402172] pimreg (unregistering): left allmulticast mode
[   33.415384] pimreg: entered allmulticast mode
[   33.447433] pimreg: entered allmulticast mode
[   33.468888] pimreg (unregistering): left allmulticast mode
[   33.471226] pimreg (unregistering): left allmulticast mode
[   33.482716] pimreg: entered allmulticast mode
[   33.507213] pimreg: entered allmulticast mode
[   33.538858] pimreg: entered allmulticast mode
[   33.542068] pimreg (unregistering): left allmulticast mode
[   33.546434] pimreg (unregistering): left allmulticast mode
[   33.548781] pimreg (unregistering): left allmulticast mode
[   33.555024] pimreg: entered allmulticast mode
[   33.587600] pimreg: entered allmulticast mode
[   33.626744] pimreg: entered allmulticast mode
[   33.637511] pimreg (unregistering): left allmulticast mode
[   33.640092] pimreg (unregistering): left allmulticast mode
[   33.642407] pimreg (unregistering): left allmulticast mode
[   33.655564] pimreg: entered allmulticast mode
[   33.702788] pimreg: entered allmulticast mode
[   33.731118] pimreg: entered allmulticast mode
[   33.733742] pimreg (unregistering): left allmulticast mode
[   33.736159] pimreg (unregistering): left allmulticast mode
[   33.738618] pimreg (unregistering): left allmulticast mode
[   33.744983] pimreg: entered allmulticast mode
[   33.772039] pimreg: entered allmulticast mode
[   33.798679] pimreg: entered allmulticast mode
[   33.805656] pimreg (unregistering): left allmulticast mode
[   33.808830] pimreg (unregistering): left allmulticast mode
[   33.811488] pimreg (unregistering): left allmulticast mode
[   33.819707] pimreg: entered allmulticast mode
[   33.839055] pimreg: entered allmulticast mode
[   33.874763] pimreg: entered allmulticast mode
[   33.876191] pimreg (unregistering): left allmulticast mode
[   33.880614] pimreg (unregistering): left allmulticast mode
[   33.883400] pimreg (unregistering): left allmulticast mode
[   33.890564] pimreg: entered allmulticast mode
[   33.911478] pimreg: entered allmulticast mode
[   33.938621] pimreg: entered allmulticast mode
[   33.961080] pimreg (unregistering): left allmulticast mode
[   33.963688] pimreg (unregistering): left allmulticast mode
[   33.966275] pimreg (unregistering): left allmulticast mode
[   33.973651] pimreg: entered allmulticast mode
[   33.994162] pimreg: entered allmulticast mode
[   34.030201] pimreg: entered allmulticast mode
[   34.032816] pimreg (unregistering): left allmulticast mode
[   34.035172] pimreg (unregistering): left allmulticast mode
[   34.037476] pimreg (unregistering): left allmulticast mode
[   34.057685] pimreg: entered allmulticast mode
[   34.078963] pimreg: entered allmulticast mode
[   34.101700] pimreg (unregistering): left allmulticast mode
[   34.104686] pimreg (unregistering): left allmulticast mode
[   34.107152] pimreg (unregistering): left allmulticast mode
[   34.114127] pimreg: entered allmulticast mode
[   34.142818] pimreg: entered allmulticast mode
[   34.166672] pimreg: entered allmulticast mode
[   34.172923] pimreg (unregistering): left allmulticast mode
[   34.175246] pimreg (unregistering): left allmulticast mode
[   34.186695] pimreg: entered allmulticast mode
[   34.210470] pimreg: entered allmulticast mode
[   34.235111] pimreg: entered allmulticast mode
[   34.258861] pimreg (unregistering): left allmulticast mode
[   34.261577] pimreg (unregistering): left allmulticast mode
[   34.265424] pimreg (unregistering): left allmulticast mode
[   34.267751] pimreg (unregistering): left allmulticast mode
[   34.273457] pimreg: entered allmulticast mode
[   34.296076] pimreg: entered allmulticast mode
[   34.326231] pimreg: entered allmulticast mode
[   34.332934] pimreg (unregistering): left allmulticast mode
[   34.335250] pimreg (unregistering): left allmulticast mode
[   34.348245] pimreg: entered allmulticast mode
[   34.378852] pimreg: entered allmulticast mode
[   34.398504] pimreg (unregistering): left allmulticast mode
[   34.401368] pimreg (unregistering): left allmulticast mode
[   34.404250] pimreg (unregistering): left allmulticast mode
[   34.410346] pimreg: entered allmulticast mode
[   34.438689] pimreg: entered allmulticast mode
[   34.456129] pimreg: entered allmulticast mode
[   34.466507] pimreg (unregistering): left allmulticast mode
[   34.469166] pimreg (unregistering): left allmulticast mode
[   34.475813] pimreg: entered allmulticast mode
[   34.507038] pimreg: entered allmulticast mode
[   34.542850] pimreg: entered allmulticast mode
[   34.549163] pimreg (unregistering): left allmulticast mode
[   34.551662] pimreg (unregistering): left allmulticast mode
[   34.554289] pimreg (unregistering): left allmulticast mode
[   34.572119] pimreg: entered allmulticast mode
[   34.606864] pimreg: entered allmulticast mode
[   34.633891] pimreg (unregistering): left allmulticast mode
[   34.636484] pimreg (unregistering): left allmulticast mode
[   34.640475] pimreg (unregistering): left allmulticast mode
[   34.645661] pimreg: entered allmulticast mode
[   34.677226] pimreg: entered allmulticast mode
[   34.707760] pimreg: entered allmulticast mode
[   34.712935] pimreg (unregistering): left allmulticast mode
[   34.715225] pimreg (unregistering): left allmulticast mode
[   34.726329] pimreg: entered allmulticast mode
[   34.750869] pimreg: entered allmulticast mode
[   34.787062] pimreg: entered allmulticast mode
[   34.793111] pimreg (unregistering): left allmulticast mode
[   34.795382] pimreg (unregistering): left allmulticast mode
[   34.797807] pimreg (unregistering): left allmulticast mode
[   34.810946] pimreg: entered allmulticast mode
[   34.847313] pimreg: entered allmulticast mode
[   34.869417] pimreg (unregistering): left allmulticast mode
[   34.871888] pimreg (unregistering): left allmulticast mode
[   34.874557] pimreg (unregistering): left allmulticast mode
[   34.880892] pimreg: entered allmulticast mode
[   34.939838] pimreg: entered allmulticast mode
[   34.960762] pimreg: entered allmulticast mode
[   34.977981] pimreg (unregistering): left allmulticast mode
[   34.980310] pimreg (unregistering): left allmulticast mode
[   34.982715] pimreg (unregistering): left allmulticast mode
[   34.988341] pimreg: entered allmulticast mode
[   35.015423] pimreg: entered allmulticast mode
[   35.034504] pimreg: entered allmulticast mode
[   35.043038] pimreg (unregistering): left allmulticast mode
[   35.045739] pimreg (unregistering): left allmulticast mode
[   35.052679] pimreg: entered allmulticast mode
[   35.072217] pimreg: entered allmulticast mode
[   35.098345] pimreg: entered allmulticast mode
[   35.126127] pimreg (unregistering): left allmulticast mode
[   35.128492] pimreg (unregistering): left allmulticast mode
[   35.130733] pimreg (unregistering): left allmulticast mode
[   35.135798] pimreg: entered allmulticast mode
[   35.159423] pimreg: entered allmulticast mode
[   35.181095] pimreg: entered allmulticast mode
[   35.193910] pimreg (unregistering): left allmulticast mode
[   35.196654] pimreg (unregistering): left allmulticast mode
[   35.201274] pimreg (unregistering): left allmulticast mode
[   35.207791] pimreg: entered allmulticast mode
[   35.239652] pimreg: entered allmulticast mode
[   35.266981] pimreg: entered allmulticast mode
[   35.277139] pimreg (unregistering): left allmulticast mode
[   35.279464] pimreg (unregistering): left allmulticast mode
[   35.281934] pimreg (unregistering): left allmulticast mode
[   35.291021] pimreg: entered allmulticast mode
[   35.334621] pimreg: entered allmulticast mode
[   35.363763] pimreg: entered allmulticast mode
[   35.373036] pimreg (unregistering): left allmulticast mode
[   35.375399] pimreg (unregistering): left allmulticast mode
[   35.378580] pimreg (unregistering): left allmulticast mode
[   35.386094] pimreg: entered allmulticast mode
[   35.405076] pimreg: entered allmulticast mode
[   35.425174] pimreg: entered allmulticast mode
[   35.454972] pimreg (unregistering): left allmulticast mode
[   35.457652] pimreg (unregistering): left allmulticast mode
[   35.460860] pimreg (unregistering): left allmulticast mode
[   35.463140] pimreg (unregistering): left allmulticast mode
[   35.467187] pimreg: entered allmulticast mode
[   35.502438] pimreg: entered allmulticast mode
[   35.519685] pimreg: entered allmulticast mode
[   35.529125] pimreg (unregistering): left allmulticast mode
[   35.531682] pimreg (unregistering): left allmulticast mode
[   35.540399] pimreg: entered allmulticast mode
[   35.570788] pimreg: entered allmulticast mode
[   35.602834] pimreg (unregistering): left allmulticast mode
[   35.605425] pimreg (unregistering): left allmulticast mode
[   35.607675] pimreg (unregistering): left allmulticast mode
[   35.611398] pimreg: entered allmulticast mode
[   35.643588] pimreg: entered allmulticast mode
[   35.678750] pimreg: entered allmulticast mode
[   35.706292] pimreg (unregistering): left allmulticast mode
[   35.708756] pimreg (unregistering): left allmulticast mode
[   35.712862] pimreg: entered allmulticast mode
[   35.740126] pimreg: entered allmulticast mode
[   35.758685] pimreg: entered allmulticast mode
[   35.764951] pimreg (unregistering): left allmulticast mode
[   35.767204] pimreg (unregistering): left allmulticast mode
[   35.769454] pimreg (unregistering): left allmulticast mode
[   35.783201] pimreg: entered allmulticast mode
[   35.807220] pimreg: entered allmulticast mode
[   35.838624] pimreg: entered allmulticast mode
[   35.866801] pimreg: entered allmulticast mode
[   35.870108] pimreg (unregistering): left allmulticast mode
[   35.872632] pimreg (unregistering): left allmulticast mode
[   35.876839] pimreg (unregistering): left allmulticast mode
[   35.882377] pimreg: entered allmulticast mode
[   35.914525] pimreg: entered allmulticast mode
[   35.942963] pimreg: entered allmulticast mode
[   35.969783] pimreg (unregistering): left allmulticast mode
[   35.972204] pimreg (unregistering): left allmulticast mode
[   35.974466] pimreg (unregistering): left allmulticast mode
[   35.976723] pimreg (unregistering): left allmulticast mode
[   35.981760] pimreg: entered allmulticast mode
[   36.012551] pimreg: entered allmulticast mode
[   36.038615] pimreg: entered allmulticast mode
[   36.045045] pimreg (unregistering): left allmulticast mode
[   36.047318] pimreg (unregistering): left allmulticast mode
[   36.049832] pimreg (unregistering): left allmulticast mode
[   36.059022] pimreg: entered allmulticast mode
[   36.099498] pimreg: entered allmulticast mode
[   36.125078] pimreg (unregistering): left allmulticast mode
[   36.128096] pimreg (unregistering): left allmulticast mode
[   36.131220] pimreg (unregistering): left allmulticast mode
[   36.137907] pimreg: entered allmulticast mode
[   36.166837] pimreg: entered allmulticast mode
[   36.190746] pimreg: entered allmulticast mode
[   36.201450] pimreg (unregistering): left allmulticast mode
[   36.203993] pimreg (unregistering): left allmulticast mode
[   36.211102] pimreg: entered allmulticast mode
[   36.246376] pimreg: entered allmulticast mode
[   36.270103] pimreg: entered allmulticast mode
[   36.281659] pimreg (unregistering): left allmulticast mode
[   36.283913] pimreg (unregistering): left allmulticast mode
[   36.286537] pimreg (unregistering): left allmulticast mode
[   36.291936] pimreg: entered allmulticast mode
[   36.321494] pimreg: entered allmulticast mode
[   36.354987] pimreg: entered allmulticast mode
[   36.369307] pimreg (unregistering): left allmulticast mode
[   36.371727] pimreg (unregistering): left allmulticast mode
[   36.374246] pimreg (unregistering): left allmulticast mode
[   36.380846] pimreg: entered allmulticast mode
[   36.403428] pimreg: entered allmulticast mode
[   36.431190] pimreg: entered allmulticast mode
[   36.453342] pimreg (unregistering): left allmulticast mode
[   36.455653] pimreg (unregistering): left allmulticast mode
[   36.458147] pimreg (unregistering): left allmulticast mode
[   36.464237] pimreg: entered allmulticast mode
[   36.493562] pimreg: entered allmulticast mode
[   36.515186] pimreg: entered allmulticast mode
[   36.533068] pimreg (unregistering): left allmulticast mode
[   36.535392] pimreg (unregistering): left allmulticast mode
[   36.538407] pimreg (unregistering): left allmulticast mode
[   36.546838] pimreg: entered allmulticast mode
[   36.579073] pimreg: entered allmulticast mode
[   36.606948] pimreg: entered allmulticast mode
[   36.613110] pimreg (unregistering): left allmulticast mode
[   36.615446] pimreg (unregistering): left allmulticast mode
[   36.617992] pimreg (unregistering): left allmulticast mode
[   36.635329] pimreg: entered allmulticast mode
[   36.671031] pimreg: entered allmulticast mode
[   36.694773] pimreg (unregistering): left allmulticast mode
[   36.697442] pimreg (unregistering): left allmulticast mode
[   36.699923] pimreg (unregistering): left allmulticast mode
[   36.706246] pimreg: entered allmulticast mode
[   36.734716] pimreg: entered allmulticast mode
[   36.755165] pimreg: entered allmulticast mode
[   36.773685] pimreg (unregistering): left allmulticast mode
[   36.776327] pimreg (unregistering): left allmulticast mode
[   36.783982] pimreg: entered allmulticast mode
[   36.807669] pimreg: entered allmulticast mode
[   36.842636] pimreg: entered allmulticast mode
[   36.845197] pimreg (unregistering): left allmulticast mode
[   36.847514] pimreg (unregistering): left allmulticast mode
[   36.850126] pimreg (unregistering): left allmulticast mode
[   36.863197] pimreg: entered allmulticast mode
[   36.887609] pimreg: entered allmulticast mode
[   36.914703] pimreg: entered allmulticast mode
[   36.921056] pimreg (unregistering): left allmulticast mode
[   36.923527] pimreg (unregistering): left allmulticast mode
[   36.925884] pimreg (unregistering): left allmulticast mode
[   36.939526] pimreg: entered allmulticast mode
[   36.967049] pimreg: entered allmulticast mode
[   36.998762] pimreg: entered allmulticast mode
[   37.005085] pimreg (unregistering): left allmulticast mode
[   37.007575] pimreg (unregistering): left allmulticast mode
[   37.010234] pimreg (unregistering): left allmulticast mode
[   37.027653] pimreg: entered allmulticast mode
[   37.066623] pimreg: entered allmulticast mode
[   37.091202] pimreg: entered allmulticast mode
[   37.092623] pimreg (unregistering): left allmulticast mode
[   37.095127] pimreg (unregistering): left allmulticast mode
[   37.098577] pimreg (unregistering): left allmulticast mode
[   37.106024] pimreg: entered allmulticast mode
[   37.125167] pimreg: entered allmulticast mode
[   37.168574] pimreg: entered allmulticast mode
[   37.189426] pimreg (unregistering): left allmulticast mode
[   37.191750] pimreg (unregistering): left allmulticast mode
[   37.194230] pimreg (unregistering): left allmulticast mode
[   37.200743] pimreg: entered allmulticast mode
[   37.243459] pimreg: entered allmulticast mode
[   37.274759] pimreg: entered allmulticast mode
[   37.276831] pimreg (unregistering): left allmulticast mode
[   37.279083] pimreg (unregistering): left allmulticast mode
[   37.281640] pimreg (unregistering): left allmulticast mode
[   37.303348] pimreg: entered allmulticast mode
[   37.338722] pimreg: entered allmulticast mode
[   37.359775] pimreg: entered allmulticast mode
[   37.365025] pimreg (unregistering): left allmulticast mode
[   37.367537] pimreg (unregistering): left allmulticast mode
[   37.369872] pimreg (unregistering): left allmulticast mode
[   37.383628] pimreg: entered allmulticast mode
[   37.415236] pimreg: entered allmulticast mode
[   37.451051] pimreg: entered allmulticast mode
[   37.453040] pimreg (unregistering): left allmulticast mode
[   37.456284] pimreg (unregistering): left allmulticast mode
[   37.459393] pimreg (unregistering): left allmulticast mode
[   37.467154] pimreg: entered allmulticast mode
[   37.515053] pimreg: entered allmulticast mode
[   37.562893] pimreg (unregistering): left allmulticast mode
[   37.565542] pimreg (unregistering): left allmulticast mode
[   37.567737] pimreg (unregistering): left allmulticast mode
[   37.571740] pimreg: entered allmulticast mode
[   37.603924] pimreg: entered allmulticast mode
[   37.643047] pimreg: entered allmulticast mode
[   37.648825] pimreg (unregistering): left allmulticast mode
[   37.651175] pimreg (unregistering): left allmulticast mode
[   37.683371] pimreg: entered allmulticast mode
[   37.706881] pimreg: entered allmulticast mode
[   37.712870] pimreg (unregistering): left allmulticast mode
[   37.715214] pimreg (unregistering): left allmulticast mode
[   37.735069] pimreg: entered allmulticast mode
[   37.770699] pimreg: entered allmulticast mode
[   37.773301] pimreg (unregistering): left allmulticast mode
[   37.775675] pimreg (unregistering): left allmulticast mode
[   37.790927] pimreg: entered allmulticast mode
[   37.819266] pimreg: entered allmulticast mode
[   37.853299] pimreg (unregistering): left allmulticast mode
[   37.856383] pimreg (unregistering): left allmulticast mode
[   37.864361] pimreg: entered allmulticast mode
[   37.895060] pimreg: entered allmulticast mode
[   37.926710] pimreg: entered allmulticast mode
[   37.928038] pimreg (unregistering): left allmulticast mode
[   37.930432] pimreg (unregistering): left allmulticast mode
[   37.932884] pimreg (unregistering): left allmulticast mode
[   37.939380] pimreg: entered allmulticast mode
[   37.963181] pimreg: entered allmulticast mode
[   37.991379] pimreg: entered allmulticast mode
[   38.019095] pimreg: entered allmulticast mode
[   38.021890] pimreg (unregistering): left allmulticast mode
[   38.024534] pimreg (unregistering): left allmulticast mode
[   38.026845] pimreg (unregistering): left allmulticast mode
[   38.029397] pimreg (unregistering): left allmulticast mode
[   38.034856] pimreg: entered allmulticast mode
[   38.063359] pimreg: entered allmulticast mode
[   38.090700] pimreg: entered allmulticast mode
[   38.109712] pimreg (unregistering): left allmulticast mode
[   38.112283] pimreg (unregistering): left allmulticast mode
[   38.114578] pimreg (unregistering): left allmulticast mode
[   38.120742] pimreg: entered allmulticast mode
[   38.150479] pimreg: entered allmulticast mode
[   38.170708] pimreg: entered allmulticast mode
[   38.181323] pimreg (unregistering): left allmulticast mode
[   38.183976] pimreg (unregistering): left allmulticast mode
[   38.186905] pimreg (unregistering): left allmulticast mode
[   38.192901] pimreg: entered allmulticast mode
[   38.218248] pimreg: entered allmulticast mode
[   38.243078] pimreg: entered allmulticast mode
[   38.249049] pimreg (unregistering): left allmulticast mode
[   38.251384] pimreg (unregistering): left allmulticast mode
[   38.253703] pimreg (unregistering): left allmulticast mode
[   38.281595] pimreg: entered allmulticast mode
[   38.303250] pimreg: entered allmulticast mode
[   38.317021] pimreg (unregistering): left allmulticast mode
[   38.319340] pimreg (unregistering): left allmulticast mode
[   38.334988] pimreg: entered allmulticast mode
[   38.363126] pimreg: entered allmulticast mode
[   38.376887] pimreg (unregistering): left allmulticast mode
[   38.379370] pimreg (unregistering): left allmulticast mode
[   38.390347] pimreg: entered allmulticast mode
[   38.410752] pimreg: entered allmulticast mode
[   38.431300] pimreg: entered allmulticast mode
[   38.437040] pimreg (unregistering): left allmulticast mode
[   38.439395] pimreg (unregistering): left allmulticast mode
[   38.441701] pimreg (unregistering): left allmulticast mode
[   38.463190] pimreg: entered allmulticast mode
[   38.495257] pimreg: entered allmulticast mode
[   38.500913] pimreg (unregistering): left allmulticast mode
[   38.503234] pimreg (unregistering): left allmulticast mode
[   38.527826] pimreg: entered allmulticast mode
[   38.561968] pimreg: entered allmulticast mode
[   38.565051] pimreg (unregistering): left allmulticast mode
[   38.567908] pimreg (unregistering): left allmulticast mode
[   38.582256] pimreg: entered allmulticast mode
[   38.613157] pimreg: entered allmulticast mode
[   38.637637] pimreg (unregistering): left allmulticast mode
[   38.639930] pimreg (unregistering): left allmulticast mode
[   38.642356] pimreg (unregistering): left allmulticast mode
[   38.648474] pimreg: entered allmulticast mode
[   38.680106] pimreg: entered allmulticast mode
[   38.715129] pimreg: entered allmulticast mode
[   38.720838] pimreg (unregistering): left allmulticast mode
[   38.723118] pimreg (unregistering): left allmulticast mode
[   38.747359] pimreg: entered allmulticast mode
[   38.774869] pimreg: entered allmulticast mode
[   38.776785] pimreg (unregistering): left allmulticast mode
[   38.779064] pimreg (unregistering): left allmulticast mode
[   38.807368] pimreg: entered allmulticast mode
[   38.838921] pimreg: entered allmulticast mode
[   38.840041] pimreg (unregistering): left allmulticast mode
[   38.844996] pimreg (unregistering): left allmulticast mode
[   38.853978] pimreg: entered allmulticast mode
[   38.882756] pimreg: entered allmulticast mode
[   38.903048] pimreg: entered allmulticast mode
[   38.917296] pimreg (unregistering): left allmulticast mode
[   38.919610] pimreg (unregistering): left allmulticast mode
[   38.922014] pimreg (unregistering): left allmulticast mode
[   38.931113] pimreg: entered allmulticast mode
[   38.960232] pimreg: entered allmulticast mode
[   38.979040] pimreg: entered allmulticast mode
[   38.998124] pimreg (unregistering): left allmulticast mode
[   39.000513] pimreg (unregistering): left allmulticast mode
[   39.003334] pimreg (unregistering): left allmulticast mode
[   39.010037] pimreg: entered allmulticast mode
[   39.039696] pimreg: entered allmulticast mode
[   39.078863] pimreg: entered allmulticast mode
[   39.085025] pimreg (unregistering): left allmulticast mode
[   39.087444] pimreg (unregistering): left allmulticast mode
[   39.090123] pimreg (unregistering): left allmulticast mode
[   39.106439] pimreg: entered allmulticast mode
[   39.127259] pimreg: entered allmulticast mode
[   39.171350] pimreg: entered allmulticast mode
[   39.181002] pimreg (unregistering): left allmulticast mode
[   39.183336] pimreg (unregistering): left allmulticast mode
[   39.185617] pimreg (unregistering): left allmulticast mode
[   39.199792] pimreg: entered allmulticast mode
[   39.227683] pimreg: entered allmulticast mode
[   39.258626] pimreg: entered allmulticast mode
[   39.259891] pimreg (unregistering): left allmulticast mode
[   39.263208] pimreg (unregistering): left allmulticast mode
[   39.265806] pimreg (unregistering): left allmulticast mode
[   39.272506] pimreg: entered allmulticast mode
[   39.302650] pimreg: entered allmulticast mode
[   39.326994] pimreg: entered allmulticast mode
[   39.329747] pimreg (unregistering): left allmulticast mode
[   39.332452] pimreg (unregistering): left allmulticast mode
[   39.335401] pimreg (unregistering): left allmulticast mode
[   39.342052] pimreg: entered allmulticast mode
[   39.370856] pimreg: entered allmulticast mode
[   39.391072] pimreg: entered allmulticast mode
[   39.413577] pimreg (unregistering): left allmulticast mode
[   39.415894] pimreg (unregistering): left allmulticast mode
[   39.418421] pimreg (unregistering): left allmulticast mode
[   39.424184] pimreg: entered allmulticast mode
[   39.451245] pimreg: entered allmulticast mode
[   39.473335] pimreg (unregistering): left allmulticast mode
[   39.475739] pimreg (unregistering): left allmulticast mode
[   39.478215] pimreg (unregistering): left allmulticast mode
[   39.484453] pimreg: entered allmulticast mode
[   39.511370] pimreg: entered allmulticast mode
[   39.539260] pimreg: entered allmulticast mode
[   39.560918] pimreg (unregistering): left allmulticast mode
[   39.563295] pimreg (unregistering): left allmulticast mode
[   39.571100] pimreg: entered allmulticast mode
[   39.607143] pimreg: entered allmulticast mode
[   39.630948] pimreg: entered allmulticast mode
[   39.632652] pimreg (unregistering): left allmulticast mode
[   39.635190] pimreg (unregistering): left allmulticast mode
[   39.637703] pimreg (unregistering): left allmulticast mode
[   39.645435] pimreg: entered allmulticast mode
[   39.682962] pimreg: entered allmulticast mode
[   39.730100] pimreg (unregistering): left allmulticast mode
[   39.732494] pimreg (unregistering): left allmulticast mode
[   39.734899] pimreg (unregistering): left allmulticast mode
[   39.740574] pimreg: entered allmulticast mode
[   39.778742] pimreg: entered allmulticast mode
[   39.801321] pimreg (unregistering): left allmulticast mode
[   39.814974] pimreg: entered allmulticast mode
[   39.842893] pimreg: entered allmulticast mode
[   39.857371] pimreg (unregistering): left allmulticast mode
[   39.859750] pimreg (unregistering): left allmulticast mode
[   39.870836] pimreg: entered allmulticast mode
[   39.898757] pimreg: entered allmulticast mode
[   39.938517] pimreg: entered allmulticast mode
[   39.941025] pimreg (unregistering): left allmulticast mode
[   39.943742] pimreg (unregistering): left allmulticast mode
[   39.946288] pimreg (unregistering): left allmulticast mode
[   39.959396] pimreg: entered allmulticast mode
[   39.982561] pimreg: entered allmulticast mode
[   40.007255] pimreg: entered allmulticast mode
[   40.025352] pimreg (unregistering): left allmulticast mode
[   40.028057] pimreg (unregistering): left allmulticast mode
[   40.030656] pimreg (unregistering): left allmulticast mode
[   40.037292] pimreg: entered allmulticast mode
[   40.067142] pimreg: entered allmulticast mode
[   40.095090] pimreg: entered allmulticast mode
[   40.129362] pimreg (unregistering): left allmulticast mode
[   40.131863] pimreg (unregistering): left allmulticast mode
[   40.134665] pimreg (unregistering): left allmulticast mode
[   40.141551] pimreg: entered allmulticast mode
[   40.178691] pimreg: entered allmulticast mode
[   40.196767] pimreg: entered allmulticast mode
[   40.205193] pimreg (unregistering): left allmulticast mode
[   40.207767] pimreg (unregistering): left allmulticast mode
[   40.210390] pimreg (unregistering): left allmulticast mode
[   40.217786] pimreg: entered allmulticast mode
[   40.236327] pimreg: entered allmulticast mode
[   40.259565] pimreg: entered allmulticast mode
[   40.277175] pimreg (unregistering): left allmulticast mode
[   40.279661] pimreg (unregistering): left allmulticast mode
[   40.282286] pimreg (unregistering): left allmulticast mode
[   40.289747] pimreg: entered allmulticast mode
[   40.318221] pimreg: entered allmulticast mode
[   40.338939] pimreg: entered allmulticast mode
[   40.357290] pimreg (unregistering): left allmulticast mode
[   40.359974] pimreg (unregistering): left allmulticast mode
[   40.362559] pimreg (unregistering): left allmulticast mode
[   40.372404] pimreg: entered allmulticast mode
[   40.398935] pimreg: entered allmulticast mode
[   40.442415] pimreg: entered allmulticast mode
[   40.453054] pimreg (unregistering): left allmulticast mode
[   40.455713] pimreg (unregistering): left allmulticast mode
[   40.458704] pimreg (unregistering): left allmulticast mode
[   40.466821] pimreg: entered allmulticast mode
[   40.491309] pimreg: entered allmulticast mode
[   40.523701] pimreg: entered allmulticast mode
[   40.529157] pimreg (unregistering): left allmulticast mode
[   40.531509] pimreg (unregistering): left allmulticast mode
[   40.533853] pimreg (unregistering): left allmulticast mode
[   40.547545] pimreg: entered allmulticast mode
[   40.575522] pimreg: entered allmulticast mode
[   40.601017] pimreg (unregistering): left allmulticast mode
[   40.603379] pimreg (unregistering): left allmulticast mode
[   40.608584] pimreg: entered allmulticast mode
[   40.647641] pimreg: entered allmulticast mode
[   40.670208] pimreg (unregistering): left allmulticast mode
[   40.672846] pimreg (unregistering): left allmulticast mode
[   40.675144] pimreg (unregistering): left allmulticast mode
[   40.681752] pimreg: entered allmulticast mode
[   40.710675] pimreg: entered allmulticast mode
[   40.728769] pimreg: entered allmulticast mode
[   40.737104] pimreg (unregistering): left allmulticast mode
[   40.739578] pimreg (unregistering): left allmulticast mode
[   40.751053] pimreg: entered allmulticast mode
[   40.775318] pimreg: entered allmulticast mode
[   40.797398] pimreg (unregistering): left allmulticast mode
[   40.799741] pimreg (unregistering): left allmulticast mode
[   40.807374] pimreg: entered allmulticast mode
[   40.846623] pimreg: entered allmulticast mode
[   40.863589] pimreg: entered allmulticast mode
[   40.873696] pimreg (unregistering): left allmulticast mode
[   40.876199] pimreg (unregistering): left allmulticast mode
[   40.878599] pimreg (unregistering): left allmulticast mode
[   40.886599] pimreg: entered allmulticast mode
[   40.922834] pimreg: entered allmulticast mode
[   40.950250] pimreg: entered allmulticast mode
[   40.952883] pimreg (unregistering): left allmulticast mode
[   40.955167] pimreg (unregistering): left allmulticast mode
[   40.957378] pimreg (unregistering): left allmulticast mode
[   40.978309] pimreg: entered allmulticast mode
[   41.003251] pimreg: entered allmulticast mode
[   41.030952] pimreg: entered allmulticast mode
[   41.037028] pimreg (unregistering): left allmulticast mode
[   41.039432] pimreg (unregistering): left allmulticast mode
[   41.041749] pimreg (unregistering): left allmulticast mode
[   41.060446] pimreg: entered allmulticast mode
[   41.088851] pimreg: entered allmulticast mode
[   41.105751] pimreg (unregistering): left allmulticast mode
[   41.109142] pimreg (unregistering): left allmulticast mode
[   41.115922] pimreg: entered allmulticast mode
[   41.147078] pimreg: entered allmulticast mode
[   41.187328] pimreg: entered allmulticast mode
[   41.193124] pimreg (unregistering): left allmulticast mode
[   41.195555] pimreg (unregistering): left allmulticast mode
[   41.197972] pimreg (unregistering): left allmulticast mode
[   41.220522] pimreg: entered allmulticast mode
[   41.254946] pimreg: entered allmulticast mode
[   41.261322] pimreg (unregistering): left allmulticast mode
[   41.263659] pimreg (unregistering): left allmulticast mode
[   41.279494] pimreg: entered allmulticast mode
[   41.308398] pimreg: entered allmulticast mode
[   41.338243] pimreg (unregistering): left allmulticast mode
[   41.340757] pimreg (unregistering): left allmulticast mode
[   41.343382] pimreg (unregistering): left allmulticast mode
[   41.347770] pimreg: entered allmulticast mode
[   41.379264] pimreg: entered allmulticast mode
[   41.406726] pimreg: entered allmulticast mode
[   41.408649] pimreg (unregistering): left allmulticast mode
[   41.411082] pimreg (unregistering): left allmulticast mode
[   41.435172] pimreg: entered allmulticast mode
[   41.467281] pimreg: entered allmulticast mode
[   41.489192] pimreg (unregistering): left allmulticast mode
[   41.492041] pimreg (unregistering): left allmulticast mode
[   41.494568] pimreg (unregistering): left allmulticast mode
[   41.500678] pimreg: entered allmulticast mode
[   41.528143] pimreg: entered allmulticast mode
[   41.555221] pimreg: entered allmulticast mode
[   41.577570] pimreg (unregistering): left allmulticast mode
[   41.579917] pimreg (unregistering): left allmulticast mode
[   41.582445] pimreg (unregistering): left allmulticast mode
[   41.588470] pimreg: entered allmulticast mode
[   41.615242] pimreg: entered allmulticast mode
[   41.643313] pimreg: entered allmulticast mode
[   41.653044] pimreg (unregistering): left allmulticast mode
[   41.655481] pimreg (unregistering): left allmulticast mode
[   41.668454] pimreg: entered allmulticast mode
[   41.698894] pimreg: entered allmulticast mode
[   41.730637] pimreg (unregistering): left allmulticast mode
[   41.733137] pimreg (unregistering): left allmulticast mode
[   41.735453] pimreg (unregistering): left allmulticast mode
[   41.739469] pimreg: entered allmulticast mode
[   41.772098] pimreg: entered allmulticast mode
[   41.798597] pimreg: entered allmulticast mode
[   41.804832] pimreg (unregistering): left allmulticast mode
[   41.807261] pimreg (unregistering): left allmulticast mode
[   41.818960] pimreg: entered allmulticast mode
[   41.847580] pimreg: entered allmulticast mode
[   41.869464] pimreg (unregistering): left allmulticast mode
[   41.871970] pimreg (unregistering): left allmulticast mode
[   41.879686] pimreg: entered allmulticast mode
[   41.911984] pimreg: entered allmulticast mode
[   41.941901] pimreg (unregistering): left allmulticast mode
[   41.944363] pimreg (unregistering): left allmulticast mode
[   41.946701] pimreg (unregistering): left allmulticast mode
[   41.952583] pimreg: entered allmulticast mode
[   41.979762] pimreg: entered allmulticast mode
[   42.006847] pimreg: entered allmulticast mode
[   42.029883] pimreg (unregistering): left allmulticast mode
[   42.033832] pimreg (unregistering): left allmulticast mode
[   42.036278] pimreg (unregistering): left allmulticast mode
[   42.042799] pimreg: entered allmulticast mode
[   42.070853] pimreg: entered allmulticast mode
[   42.099465] pimreg: entered allmulticast mode
[   42.104849] pimreg (unregistering): left allmulticast mode
[   42.107284] pimreg (unregistering): left allmulticast mode
[   42.132397] pimreg: entered allmulticast mode
[   42.166660] pimreg: entered allmulticast mode
[   42.172776] pimreg (unregistering): left allmulticast mode
[   42.175213] pimreg (unregistering): left allmulticast mode
[   42.186811] pimreg: entered allmulticast mode
[   42.215340] pimreg: entered allmulticast mode
[   42.232902] pimreg (unregistering): left allmulticast mode
[   42.235208] pimreg (unregistering): left allmulticast mode
[   42.247868] pimreg: entered allmulticast mode
[   42.278569] pimreg: entered allmulticast mode
[   42.304565] pimreg: entered allmulticast mode
[   42.326933] pimreg (unregistering): left allmulticast mode
[   42.329441] pimreg (unregistering): left allmulticast mode
[   42.333193] pimreg (unregistering): left allmulticast mode
[   42.335775] pimreg (unregistering): left allmulticast mode
[   42.341473] pimreg: entered allmulticast mode
[   42.374367] pimreg: entered allmulticast mode
[   42.391927] pimreg: entered allmulticast mode
[   42.420976] pimreg (unregistering): left allmulticast mode
[   42.423502] pimreg (unregistering): left allmulticast mode
[   42.430985] pimreg: entered allmulticast mode
[   42.454878] pimreg: entered allmulticast mode
[   42.483252] pimreg: entered allmulticast mode
[   42.489214] pimreg (unregistering): left allmulticast mode
[   42.491689] pimreg (unregistering): left allmulticast mode
[   42.494084] pimreg (unregistering): left allmulticast mode
[   42.511692] pimreg: entered allmulticast mode
[   42.543127] pimreg: entered allmulticast mode
[   42.574877] pimreg (unregistering): left allmulticast mode
[   42.577369] pimreg (unregistering): left allmulticast mode
[   42.579790] pimreg (unregistering): left allmulticast mode
[   42.585647] pimreg: entered allmulticast mode
[   42.622739] pimreg: entered allmulticast mode
[   42.646859] pimreg: entered allmulticast mode
[   42.652852] pimreg (unregistering): left allmulticast mode
[   42.655519] pimreg (unregistering): left allmulticast mode
[   42.690729] pimreg: entered allmulticast mode
[   42.723599] pimreg: entered allmulticast mode
[   42.737750] pimreg (unregistering): left allmulticast mode
[   42.741478] pimreg (unregistering): left allmulticast mode
[   42.754411] pimreg: entered allmulticast mode
[   42.775322] pimreg: entered allmulticast mode
[   42.807094] pimreg: entered allmulticast mode
[   42.817160] pimreg (unregistering): left allmulticast mode
[   42.819844] pimreg (unregistering): left allmulticast mode
[   42.822759] pimreg (unregistering): left allmulticast mode
[   42.830387] pimreg: entered allmulticast mode
[   42.851235] pimreg: entered allmulticast mode
[   42.883408] pimreg: entered allmulticast mode
[   42.897384] pimreg (unregistering): left allmulticast mode
[   42.899855] pimreg (unregistering): left allmulticast mode
[   42.902255] pimreg (unregistering): left allmulticast mode
[   42.909352] pimreg: entered allmulticast mode
[   42.947017] pimreg: entered allmulticast mode
[   42.989725] pimreg (unregistering): left allmulticast mode
[   42.992215] pimreg (unregistering): left allmulticast mode
[   42.995100] pimreg (unregistering): left allmulticast mode
[   42.999297] pimreg: entered allmulticast mode
[   43.027196] pimreg: entered allmulticast mode
[   43.066869] pimreg: entered allmulticast mode
[   43.097121] pimreg (unregistering): left allmulticast mode
[   43.099739] pimreg (unregistering): left allmulticast mode
[   43.106680] pimreg: entered allmulticast mode
[   43.126451] pimreg: entered allmulticast mode
[   43.150573] pimreg: entered allmulticast mode
[   43.157023] pimreg (unregistering): left allmulticast mode
[   43.159415] pimreg (unregistering): left allmulticast mode
[   43.161657] pimreg (unregistering): left allmulticast mode
[   43.175502] pimreg: entered allmulticast mode
[   43.203466] pimreg: entered allmulticast mode
[   43.213160] pimreg (unregistering): left allmulticast mode
[   43.215537] pimreg (unregistering): left allmulticast mode
[   43.227579] pimreg: entered allmulticast mode
[   43.267228] pimreg: entered allmulticast mode
[   43.273025] pimreg (unregistering): left allmulticast mode
[   43.275353] pimreg (unregistering): left allmulticast mode
[   43.302445] pimreg: entered allmulticast mode
[   43.326601] pimreg: entered allmulticast mode
[   43.345684] pimreg (unregistering): left allmulticast mode
[   43.347907] pimreg (unregistering): left allmulticast mode
[   43.350134] pimreg (unregistering): left allmulticast mode
[   43.353954] pimreg: entered allmulticast mode
[   43.387238] pimreg: entered allmulticast mode
[   43.423278] pimreg: entered allmulticast mode
[   43.437077] pimreg (unregistering): left allmulticast mode
[   43.439443] pimreg (unregistering): left allmulticast mode
[   43.455049] pimreg: entered allmulticast mode
[   43.479128] pimreg: entered allmulticast mode
[   43.506918] pimreg: entered allmulticast mode
[   43.517019] pimreg (unregistering): left allmulticast mode
[   43.519378] pimreg (unregistering): left allmulticast mode
[   43.521887] pimreg (unregistering): left allmulticast mode
[   43.536078] pimreg: entered allmulticast mode
[   43.571128] pimreg: entered allmulticast mode
[   43.598863] pimreg: entered allmulticast mode
[   43.602602] pimreg (unregistering): left allmulticast mode
[   43.605625] pimreg (unregistering): left allmulticast mode
[   43.608370] pimreg (unregistering): left allmulticast mode
[   43.615083] pimreg: entered allmulticast mode
[   43.638828] pimreg: entered allmulticast mode
[   43.670810] pimreg: entered allmulticast mode
[   43.672293] pimreg (unregistering): left allmulticast mode
[   43.674707] pimreg (unregistering): left allmulticast mode
[   43.677224] pimreg (unregistering): left allmulticast mode
[   43.683666] pimreg: entered allmulticast mode
[   43.710653] pimreg: entered allmulticast mode
[   43.738399] pimreg: entered allmulticast mode
[   43.756946] pimreg (unregistering): left allmulticast mode
[   43.759572] pimreg (unregistering): left allmulticast mode
[   43.761837] pimreg (unregistering): left allmulticast mode
[   43.767349] pimreg: entered allmulticast mode
[   43.803111] pimreg: entered allmulticast mode
[   43.817572] pimreg (unregistering): left allmulticast mode
[   43.819881] pimreg (unregistering): left allmulticast mode
[   43.827113] pimreg: entered allmulticast mode
[   43.863592] pimreg: entered allmulticast mode
[   43.898693] pimreg: entered allmulticast mode
[   43.899979] pimreg (unregistering): left allmulticast mode
[   43.902787] pimreg (unregistering): left allmulticast mode
[   43.905614] pimreg (unregistering): left allmulticast mode
[   43.912935] pimreg: entered allmulticast mode
[   43.942619] pimreg: entered allmulticast mode
[   43.959247] pimreg: entered allmulticast mode
[   43.970828] pimreg (unregistering): left allmulticast mode
[   43.973565] pimreg (unregistering): left allmulticast mode
[   43.976504] pimreg (unregistering): left allmulticast mode
[   43.982402] pimreg: entered allmulticast mode
[   44.010691] pimreg: entered allmulticast mode
[   44.039096] pimreg: entered allmulticast mode
[   44.065293] pimreg (unregistering): left allmulticast mode
[   44.067596] pimreg (unregistering): left allmulticast mode
[   44.070058] pimreg (unregistering): left allmulticast mode
[   44.079159] pimreg: entered allmulticast mode
[   44.108391] pimreg: entered allmulticast mode
[   44.135535] pimreg: entered allmulticast mode
[   44.145015] pimreg (unregistering): left allmulticast mode
[   44.147346] pimreg (unregistering): left allmulticast mode
[   44.149746] pimreg (unregistering): left allmulticast mode
[   44.162877] pimreg: entered allmulticast mode
[   44.203191] pimreg: entered allmulticast mode
[   44.242043] pimreg (unregistering): left allmulticast mode
[   44.244357] pimreg (unregistering): left allmulticast mode
[   44.246551] pimreg (unregistering): left allmulticast mode
[   44.252241] pimreg: entered allmulticast mode
[   44.280173] pimreg: entered allmulticast mode
[   44.330645] pimreg: entered allmulticast mode
[   44.349863] pimreg (unregistering): left allmulticast mode
[   44.353392] pimreg (unregistering): left allmulticast mode
[   44.359587] pimreg: entered allmulticast mode
[   44.398363] pimreg: entered allmulticast mode
[   44.422955] pimreg: entered allmulticast mode
[   44.437344] pimreg (unregistering): left allmulticast mode
[   44.439680] pimreg (unregistering): left allmulticast mode
[   44.442167] pimreg (unregistering): left allmulticast mode
[   44.451381] pimreg: entered allmulticast mode
[   44.490857] pimreg: entered allmulticast mode
[   44.515674] pimreg: entered allmulticast mode
[   44.517363] pimreg (unregistering): left allmulticast mode
[   44.519922] pimreg (unregistering): left allmulticast mode
[   44.522248] pimreg (unregistering): left allmulticast mode
[   44.528489] pimreg: entered allmulticast mode
[   44.556425] pimreg: entered allmulticast mode
[   44.582818] pimreg: entered allmulticast mode
[   44.585266] pimreg (unregistering): left allmulticast mode
[   44.587602] pimreg (unregistering): left allmulticast mode
[   44.590225] pimreg (unregistering): left allmulticast mode
[   44.602978] pimreg: entered allmulticast mode
[   44.631284] pimreg: entered allmulticast mode
[   44.678822] pimreg: entered allmulticast mode
[   44.682605] pimreg (unregistering): left allmulticast mode
[   44.685246] pimreg (unregistering): left allmulticast mode
[   44.687540] pimreg (unregistering): left allmulticast mode
[   44.694557] pimreg: entered allmulticast mode
[   44.720972] pimreg: entered allmulticast mode
[   44.750322] pimreg: entered allmulticast mode
[   44.757670] pimreg (unregistering): left allmulticast mode
[   44.760052] pimreg (unregistering): left allmulticast mode
[   44.763044] pimreg (unregistering): left allmulticast mode
[   44.770904] pimreg: entered allmulticast mode
[   44.796131] pimreg: entered allmulticast mode
[   44.831480] pimreg: entered allmulticast mode
[   44.837028] pimreg (unregistering): left allmulticast mode
[   44.839351] pimreg (unregistering): left allmulticast mode
[   44.841644] pimreg (unregistering): left allmulticast mode
[   44.867346] pimreg: entered allmulticast mode
[   44.902695] pimreg: entered allmulticast mode
[   44.927412] pimreg: entered allmulticast mode
[   44.928804] pimreg (unregistering): left allmulticast mode
[   44.931481] pimreg (unregistering): left allmulticast mode
[   44.933931] pimreg (unregistering): left allmulticast mode
[   44.940716] pimreg: entered allmulticast mode
[   44.960791] pimreg: entered allmulticast mode
[   44.982146] pimreg: entered allmulticast mode
[   45.013725] pimreg (unregistering): left allmulticast mode
[   45.017079] pimreg (unregistering): left allmulticast mode
[   45.019538] pimreg (unregistering): left allmulticast mode
[   45.023049] pimreg (unregistering): left allmulticast mode
[   45.028508] pimreg: entered allmulticast mode
[   45.047697] pimreg: entered allmulticast mode
[   45.074842] pimreg: entered allmulticast mode
[   45.080905] pimreg (unregistering): left allmulticast mode
[   45.083259] pimreg (unregistering): left allmulticast mode
[   45.103555] pimreg: entered allmulticast mode
[   45.154906] pimreg: entered allmulticast mode
[   45.160846] pimreg (unregistering): left allmulticast mode
[   45.163316] pimreg (unregistering): left allmulticast mode
[   45.194960] pimreg: entered allmulticast mode
[   45.215349] pimreg: entered allmulticast mode
[   45.225011] pimreg (unregistering): left allmulticast mode
[   45.227627] pimreg (unregistering): left allmulticast mode
[   45.242917] pimreg: entered allmulticast mode
[   45.270698] pimreg: entered allmulticast mode
[   45.290912] pimreg: entered allmulticast mode
[   45.305571] pimreg (unregistering): left allmulticast mode
[   45.308047] pimreg (unregistering): left allmulticast mode
[   45.310701] pimreg (unregistering): left allmulticast mode
[   45.317620] pimreg: entered allmulticast mode
[   45.362832] pimreg: entered allmulticast mode
[   45.399015] pimreg: entered allmulticast mode
[   45.400538] pimreg (unregistering): left allmulticast mode
[   45.403009] pimreg (unregistering): left allmulticast mode
[   45.405643] pimreg (unregistering): left allmulticast mode
[   45.413045] pimreg: entered allmulticast mode
[   45.448716] pimreg: entered allmulticast mode
[   45.478276] pimreg: entered allmulticast mode
[   45.485572] pimreg (unregistering): left allmulticast mode
[   45.487934] pimreg (unregistering): left allmulticast mode
[   45.490544] pimreg (unregistering): left allmulticast mode
[   45.496945] pimreg: entered allmulticast mode
[   45.530309] pimreg: entered allmulticast mode
[   45.547326] pimreg: entered allmulticast mode
[   45.582870] pimreg (unregistering): left allmulticast mode
[   45.585576] pimreg (unregistering): left allmulticast mode
[   45.589372] pimreg (unregistering): left allmulticast mode
[   45.594480] pimreg: entered allmulticast mode
[   45.626269] pimreg: entered allmulticast mode
[   45.654894] pimreg: entered allmulticast mode
[   45.660991] pimreg (unregistering): left allmulticast mode
[   45.663276] pimreg (unregistering): left allmulticast mode
[   45.665518] pimreg (unregistering): left allmulticast mode
[   45.691220] pimreg: entered allmulticast mode
[   45.726828] pimreg: entered allmulticast mode
[   45.733065] pimreg (unregistering): left allmulticast mode
[   45.735645] pimreg (unregistering): left allmulticast mode
[   45.780747] pimreg: entered allmulticast mode
[   45.799724] pimreg: entered allmulticast mode
[   45.813446] pimreg (unregistering): left allmulticast mode
[   45.815787] pimreg (unregistering): left allmulticast mode
[   45.828081] pimreg: entered allmulticast mode
[   45.855144] pimreg: entered allmulticast mode
[   45.868980] pimreg (unregistering): left allmulticast mode
[   45.872105] pimreg (unregistering): left allmulticast mode
[   45.879459] pimreg: entered allmulticast mode
[   45.916203] pimreg: entered allmulticast mode
[   45.963764] pimreg: entered allmulticast mode
[   45.969158] pimreg (unregistering): left allmulticast mode
[   45.971516] pimreg (unregistering): left allmulticast mode
[   45.974070] pimreg (unregistering): left allmulticast mode
[   45.991071] pimreg: entered allmulticast mode
[   46.023351] pimreg: entered allmulticast mode
[   46.050892] pimreg: entered allmulticast mode
[   46.057079] pimreg (unregistering): left allmulticast mode
[   46.059406] pimreg (unregistering): left allmulticast mode
[   46.062110] pimreg (unregistering): left allmulticast mode
[   46.079010] pimreg: entered allmulticast mode
[   46.102919] pimreg: entered allmulticast mode
[   46.130394] pimreg (unregistering): left allmulticast mode
[   46.132798] pimreg (unregistering): left allmulticast mode
[   46.135028] pimreg (unregistering): left allmulticast mode
[   46.138915] pimreg: entered allmulticast mode
[   46.163397] pimreg: entered allmulticast mode
[   46.191234] pimreg: entered allmulticast mode
[   46.204942] pimreg (unregistering): left allmulticast mode
[   46.207303] pimreg (unregistering): left allmulticast mode
[   46.220595] pimreg: entered allmulticast mode
[   46.240456] pimreg: entered allmulticast mode
[   46.262826] pimreg: entered allmulticast mode
[   46.277384] pimreg (unregistering): left allmulticast mode
[   46.280893] pimreg (unregistering): left allmulticast mode
[   46.283567] pimreg (unregistering): left allmulticast mode
[   46.289198] pimreg: entered allmulticast mode
[   46.328907] pimreg: entered allmulticast mode
[   46.351300] pimreg: entered allmulticast mode
[   46.361204] pimreg (unregistering): left allmulticast mode
[   46.363911] pimreg (unregistering): left allmulticast mode
[   46.366456] pimreg (unregistering): left allmulticast mode
[   46.372467] pimreg: entered allmulticast mode
[   46.413996] pimreg: entered allmulticast mode
[   46.442866] pimreg: entered allmulticast mode
[   46.448994] pimreg (unregistering): left allmulticast mode
[   46.451365] pimreg (unregistering): left allmulticast mode
[   46.453615] pimreg (unregistering): left allmulticast mode
[   46.475220] pimreg: entered allmulticast mode
[   46.500221] pimreg: entered allmulticast mode
[   46.521201] pimreg (unregistering): left allmulticast mode
[   46.523751] pimreg (unregistering): left allmulticast mode
[   46.526439] pimreg (unregistering): left allmulticast mode
[   46.533157] pimreg: entered allmulticast mode
[   46.559068] pimreg: entered allmulticast mode
[   46.590987] pimreg: entered allmulticast mode
[   46.592124] pimreg (unregistering): left allmulticast mode
[   46.595783] pimreg (unregistering): left allmulticast mode
[   46.603900] pimreg: entered allmulticast mode
[   46.630651] pimreg: entered allmulticast mode
[   46.651147] pimreg: entered allmulticast mode
[   46.665327] pimreg (unregistering): left allmulticast mode
[   46.667658] pimreg (unregistering): left allmulticast mode
[   46.670093] pimreg (unregistering): left allmulticast mode
[   46.678721] pimreg: entered allmulticast mode
[   46.702735] pimreg: entered allmulticast mode
[   46.723118] pimreg: entered allmulticast mode
[   46.749412] pimreg (unregistering): left allmulticast mode
[   46.751826] pimreg (unregistering): left allmulticast mode
[   46.754410] pimreg (unregistering): left allmulticast mode
[   46.764348] pimreg: entered allmulticast mode
[   46.794456] pimreg: entered allmulticast mode
[   46.811272] pimreg: entered allmulticast mode
[   46.817027] pimreg (unregistering): left allmulticast mode
[   46.819393] pimreg (unregistering): left allmulticast mode
[   46.821629] pimreg (unregistering): left allmulticast mode
[   46.861093] pimreg: entered allmulticast mode
[   46.883766] pimreg: entered allmulticast mode
[   46.897436] pimreg (unregistering): left allmulticast mode
[   46.899789] pimreg (unregistering): left allmulticast mode
[   46.914810] pimreg: entered allmulticast mode
[   46.936248] pimreg: entered allmulticast mode
[   46.962672] pimreg: entered allmulticast mode
[   46.969412] pimreg (unregistering): left allmulticast mode
[   46.971727] pimreg (unregistering): left allmulticast mode
[   46.973992] pimreg (unregistering): left allmulticast mode
[   46.991342] pimreg: entered allmulticast mode
[   47.019233] pimreg: entered allmulticast mode
[   47.045279] pimreg (unregistering): left allmulticast mode
[   47.047884] pimreg (unregistering): left allmulticast mode
[   47.050627] pimreg (unregistering): left allmulticast mode
[   47.056649] pimreg: entered allmulticast mode
[   47.085038] pimreg: entered allmulticast mode
[   47.102549] pimreg: entered allmulticast mode
[   47.108907] pimreg (unregistering): left allmulticast mode
[   47.111635] pimreg (unregistering): left allmulticast mode
[   47.124197] pimreg: entered allmulticast mode
[   47.154948] pimreg: entered allmulticast mode
[   47.174205] pimreg (unregistering): left allmulticast mode
[   47.176747] pimreg (unregistering): left allmulticast mode
[   47.183211] pimreg: entered allmulticast mode
[   47.218684] pimreg: entered allmulticast mode
[   47.239303] pimreg: entered allmulticast mode
[   47.253663] pimreg (unregistering): left allmulticast mode
[   47.256267] pimreg (unregistering): left allmulticast mode
[   47.258658] pimreg (unregistering): left allmulticast mode
[   47.267210] pimreg: entered allmulticast mode
[   47.295522] pimreg: entered allmulticast mode
[   47.323164] pimreg: entered allmulticast mode
[   47.337100] pimreg (unregistering): left allmulticast mode
[   47.339552] pimreg (unregistering): left allmulticast mode
[   47.342228] pimreg (unregistering): left allmulticast mode
[   47.351459] pimreg: entered allmulticast mode
[   47.393850] pimreg: entered allmulticast mode
[   47.419527] pimreg: entered allmulticast mode
[   47.441200] pimreg (unregistering): left allmulticast mode
[   47.443913] pimreg (unregistering): left allmulticast mode
[   47.448707] pimreg (unregistering): left allmulticast mode
[   47.455302] pimreg: entered allmulticast mode
[   47.486884] pimreg: entered allmulticast mode
[   47.517015] pimreg (unregistering): left allmulticast mode
[   47.519311] pimreg (unregistering): left allmulticast mode
[   47.521561] pimreg (unregistering): left allmulticast mode
[   47.526877] pimreg: entered allmulticast mode
[   47.551907] pimreg: entered allmulticast mode
[   47.572140] pimreg: entered allmulticast mode
[   47.576894] pimreg (unregistering): left allmulticast mode
[   47.579364] pimreg (unregistering): left allmulticast mode
[   47.603486] pimreg: entered allmulticast mode
[   47.645952] pimreg (unregistering): left allmulticast mode
[   47.648345] pimreg (unregistering): left allmulticast mode
[   47.651960] pimreg: entered allmulticast mode
[   47.671259] pimreg: entered allmulticast mode
[   47.711581] pimreg: entered allmulticast mode
[   47.720879] pimreg (unregistering): left allmulticast mode
[   47.723391] pimreg (unregistering): left allmulticast mode
[   47.746551] pimreg: entered allmulticast mode
[   47.772173] pimreg: entered allmulticast mode
[   47.803828] pimreg: entered allmulticast mode
[   47.809054] pimreg (unregistering): left allmulticast mode
[   47.811452] pimreg (unregistering): left allmulticast mode
[   47.813865] pimreg (unregistering): left allmulticast mode
[   47.823166] pimreg: entered allmulticast mode
[   47.854755] pimreg: entered allmulticast mode
[   47.875223] pimreg: entered allmulticast mode
[   47.899079] pimreg (unregistering): left allmulticast mode
[   47.901730] pimreg (unregistering): left allmulticast mode
[   47.904799] pimreg (unregistering): left allmulticast mode
[   47.911485] pimreg: entered allmulticast mode
[   47.942718] pimreg: entered allmulticast mode
[   47.959456] pimreg: entered allmulticast mode
[   47.969041] pimreg (unregistering): left allmulticast mode
[   47.971483] pimreg (unregistering): left allmulticast mode
[   47.973934] pimreg (unregistering): left allmulticast mode
[   47.980958] pimreg: entered allmulticast mode
[   48.002899] pimreg: entered allmulticast mode
[   48.042606] pimreg: entered allmulticast mode
[   48.059217] pimreg: entered allmulticast mode
[   48.061426] pimreg (unregistering): left allmulticast mode
[   48.063972] pimreg (unregistering): left allmulticast mode
[   48.066507] pimreg (unregistering): left allmulticast mode
[   48.073078] pimreg: entered allmulticast mode
[   48.102571] pimreg: entered allmulticast mode
[   48.119588] pimreg: entered allmulticast mode
[   48.129430] pimreg (unregistering): left allmulticast mode
[   48.132322] pimreg (unregistering): left allmulticast mode
[   48.134903] pimreg (unregistering): left allmulticast mode
[   48.138671] pimreg (unregistering): left allmulticast mode
[   48.144324] pimreg: entered allmulticast mode
[   48.179355] pimreg: entered allmulticast mode
[   48.202711] pimreg: entered allmulticast mode
[   48.205193] pimreg (unregistering): left allmulticast mode
[   48.207533] pimreg (unregistering): left allmulticast mode
[   48.210674] pimreg (unregistering): left allmulticast mode
[   48.219949] pimreg: entered allmulticast mode
[   48.250729] pimreg: entered allmulticast mode
[   48.283342] pimreg (unregistering): left allmulticast mode
[   48.285701] pimreg (unregistering): left allmulticast mode
[   48.287889] pimreg (unregistering): left allmulticast mode
[   48.291800] pimreg: entered allmulticast mode
[   48.326165] pimreg: entered allmulticast mode
[   48.370812] pimreg: entered allmulticast mode
[   48.376869] pimreg (unregistering): left allmulticast mode
[   48.379468] pimreg (unregistering): left allmulticast mode
[   48.390784] pimreg: entered allmulticast mode
[   48.411215] pimreg: entered allmulticast mode
[   48.435519] pimreg: entered allmulticast mode
[   48.454038] pimreg (unregistering): left allmulticast mode
[   48.456644] pimreg (unregistering): left allmulticast mode
[   48.459339] pimreg (unregistering): left allmulticast mode
[   48.465632] pimreg: entered allmulticast mode
[   48.504610] pimreg: entered allmulticast mode
[   48.519439] pimreg: entered allmulticast mode
[   48.529324] pimreg (unregistering): left allmulticast mode
[   48.531745] pimreg (unregistering): left allmulticast mode
[   48.534213] pimreg (unregistering): left allmulticast mode
[   48.555954] pimreg: entered allmulticast mode
[   48.591327] pimreg: entered allmulticast mode
[   48.602743] pimreg (unregistering): left allmulticast mode
[   48.605389] pimreg (unregistering): left allmulticast mode
[   48.611475] pimreg: entered allmulticast mode
[   48.644779] pimreg: entered allmulticast mode
[   48.687110] pimreg: entered allmulticast mode
[   48.701385] pimreg (unregistering): left allmulticast mode
[   48.703814] pimreg (unregistering): left allmulticast mode
[   48.706225] pimreg (unregistering): left allmulticast mode
[   48.719144] pimreg: entered allmulticast mode
[   48.743504] pimreg: entered allmulticast mode
[   48.770799] pimreg: entered allmulticast mode
[   48.772582] pimreg (unregistering): left allmulticast mode
[   48.775690] pimreg (unregistering): left allmulticast mode
[   48.778275] pimreg (unregistering): left allmulticast mode
[   48.785092] pimreg: entered allmulticast mode
[   48.807428] pimreg: entered allmulticast mode
[   48.839094] pimreg: entered allmulticast mode
[   48.844853] pimreg (unregistering): left allmulticast mode
[   48.847139] pimreg (unregistering): left allmulticast mode
[   48.849375] pimreg (unregistering): left allmulticast mode
[   48.871385] pimreg: entered allmulticast mode
[   48.899416] pimreg: entered allmulticast mode
[   48.913476] pimreg (unregistering): left allmulticast mode
[   48.915931] pimreg (unregistering): left allmulticast mode
[   48.927441] pimreg: entered allmulticast mode
[   48.949676] pimreg: entered allmulticast mode
[   48.967904] pimreg: entered allmulticast mode
[   48.972989] pimreg (unregistering): left allmulticast mode
[   48.975440] pimreg (unregistering): left allmulticast mode
[   48.977814] pimreg (unregistering): left allmulticast mode
[   48.999127] pimreg: entered allmulticast mode
[   49.035084] pimreg: entered allmulticast mode
[   49.036956] pimreg (unregistering): left allmulticast mode
[   49.039405] pimreg (unregistering): left allmulticast mode
[   49.066777] pimreg: entered allmulticast mode
[   49.095517] pimreg: entered allmulticast mode
[   49.113454] pimreg (unregistering): left allmulticast mode
[   49.115785] pimreg (unregistering): left allmulticast mode
[   49.127354] pimreg: entered allmulticast mode
[   49.155069] pimreg: entered allmulticast mode
[   49.194862] pimreg: entered allmulticast mode
[   49.197360] pimreg (unregistering): left allmulticast mode
[   49.199700] pimreg (unregistering): left allmulticast mode
[   49.202217] pimreg (unregistering): left allmulticast mode
[   49.208836] pimreg: entered allmulticast mode
[   49.239168] pimreg: entered allmulticast mode
[   49.270725] pimreg: entered allmulticast mode
[   49.291060] pimreg (unregistering): left allmulticast mode
[   49.293520] pimreg (unregistering): left allmulticast mode
[   49.295844] pimreg (unregistering): left allmulticast mode
[   49.299842] pimreg: entered allmulticast mode
[   49.328222] pimreg: entered allmulticast mode
[   49.358960] pimreg: entered allmulticast mode
[   49.369349] pimreg (unregistering): left allmulticast mode
[   49.371769] pimreg (unregistering): left allmulticast mode
[   49.374136] pimreg (unregistering): left allmulticast mode
[   49.387019] pimreg: entered allmulticast mode
[   49.411026] pimreg: entered allmulticast mode
[   49.438709] pimreg: entered allmulticast mode
[   49.449191] pimreg (unregistering): left allmulticast mode
[   49.451700] pimreg (unregistering): left allmulticast mode
[   49.454324] pimreg (unregistering): left allmulticast mode
[   49.460489] pimreg: entered allmulticast mode
[   49.494624] pimreg: entered allmulticast mode
[   49.518860] pimreg: entered allmulticast mode
[   49.524925] pimreg (unregistering): left allmulticast mode
[   49.527344] pimreg (unregistering): left allmulticast mode
[   49.529977] pimreg (unregistering): left allmulticast mode
[   49.547183] pimreg: entered allmulticast mode
[   49.575325] pimreg: entered allmulticast mode
[   49.589341] pimreg (unregistering): left allmulticast mode
[   49.591892] pimreg (unregistering): left allmulticast mode
[   49.599265] pimreg: entered allmulticast mode
[   49.630804] pimreg: entered allmulticast mode
[   49.664584] pimreg: entered allmulticast mode
[   49.670110] pimreg (unregistering): left allmulticast mode
[   49.673525] pimreg (unregistering): left allmulticast mode
[   49.675935] pimreg (unregistering): left allmulticast mode
[   49.695653] pimreg: entered allmulticast mode
[   49.731828] pimreg: entered allmulticast mode
[   49.749505] pimreg (unregistering): left allmulticast mode
[   49.753042] pimreg (unregistering): left allmulticast mode
[   49.755519] pimreg (unregistering): left allmulticast mode
[   49.761944] pimreg: entered allmulticast mode
[   49.793125] pimreg: entered allmulticast mode
[   49.823785] pimreg: entered allmulticast mode
[   49.836979] pimreg (unregistering): left allmulticast mode
[   49.839542] pimreg (unregistering): left allmulticast mode
[   49.848180] pimreg: entered allmulticast mode
[   49.883780] pimreg: entered allmulticast mode
[   49.920069] pimreg: entered allmulticast mode
[   49.929082] pimreg (unregistering): left allmulticast mode
[   49.931543] pimreg (unregistering): left allmulticast mode
[   49.933969] pimreg (unregistering): left allmulticast mode
[   49.948090] pimreg: entered allmulticast mode
[   49.993023] pimreg: entered allmulticast mode
[   50.022782] pimreg: entered allmulticast mode
[   50.037545] pimreg (unregistering): left allmulticast mode
[   50.039994] pimreg (unregistering): left allmulticast mode
[   50.043063] pimreg (unregistering): left allmulticast mode
[   50.050915] pimreg: entered allmulticast mode
[   50.079216] pimreg: entered allmulticast mode
[   50.107475] pimreg: entered allmulticast mode
[   50.113036] pimreg (unregistering): left allmulticast mode
[   50.115470] pimreg (unregistering): left allmulticast mode
[   50.117855] pimreg (unregistering): left allmulticast mode
[   50.131382] pimreg: entered allmulticast mode
[   50.154483] pimreg: entered allmulticast mode
[   50.187199] pimreg: entered allmulticast mode
[   50.197380] pimreg (unregistering): left allmulticast mode
[   50.200204] pimreg (unregistering): left allmulticast mode
[   50.203001] pimreg (unregistering): left allmulticast mode
[   50.210013] pimreg: entered allmulticast mode
[   50.239380] pimreg: entered allmulticast mode
[   50.273580] pimreg (unregistering): left allmulticast mode
[   50.276047] pimreg (unregistering): left allmulticast mode
[   50.278392] pimreg (unregistering): left allmulticast mode
[   50.284105] pimreg: entered allmulticast mode
[   50.319176] pimreg: entered allmulticast mode
[   50.347808] pimreg: entered allmulticast mode
[   50.376975] pimreg (unregistering): left allmulticast mode
[   50.379411] pimreg (unregistering): left allmulticast mode
[   50.391594] pimreg: entered allmulticast mode
[   50.418855] pimreg: entered allmulticast mode
[   50.438358] pimreg (unregistering): left allmulticast mode
[   50.441126] pimreg (unregistering): left allmulticast mode
[   50.443456] pimreg (unregistering): left allmulticast mode
[   50.449894] pimreg: entered allmulticast mode
[   50.490108] pimreg: entered allmulticast mode
[   50.511486] pimreg: entered allmulticast mode
[   50.540836] pimreg (unregistering): left allmulticast mode
[   50.544093] pimreg (unregistering): left allmulticast mode
[   50.551936] pimreg: entered allmulticast mode
[   50.583623] pimreg: entered allmulticast mode
[   50.616112] pimreg: entered allmulticast mode
[   50.621163] pimreg (unregistering): left allmulticast mode
[   50.623764] pimreg (unregistering): left allmulticast mode
[   50.626181] pimreg (unregistering): left allmulticast mode
[   50.643609] pimreg: entered allmulticast mode
[   50.672672] pimreg: entered allmulticast mode
[   50.685136] pimreg (unregistering): left allmulticast mode
[   50.687549] pimreg (unregistering): left allmulticast mode
[   50.690318] pimreg (unregistering): left allmulticast mode
[   50.699778] pimreg: entered allmulticast mode
[   50.728166] pimreg: entered allmulticast mode
[   50.765159] pimreg (unregistering): left allmulticast mode
[   50.767931] pimreg (unregistering): left allmulticast mode
[   50.774082] pimreg: entered allmulticast mode
[   50.807326] pimreg: entered allmulticast mode
[   50.834476] pimreg (unregistering): left allmulticast mode
[   50.836935] pimreg (unregistering): left allmulticast mode
[   50.841099] pimreg: entered allmulticast mode
[   50.864997] pimreg: entered allmulticast mode
[   50.886539] pimreg: entered allmulticast mode
[   50.893140] pimreg (unregistering): left allmulticast mode
[   50.895573] pimreg (unregistering): left allmulticast mode
[   50.908213] pimreg: entered allmulticast mode
[   50.939690] pimreg: entered allmulticast mode
[   50.969063] pimreg (unregistering): left allmulticast mode
[   50.971486] pimreg (unregistering): left allmulticast mode
[   50.974126] pimreg (unregistering): left allmulticast mode
[   50.979628] pimreg: entered allmulticast mode
[   51.020464] pimreg: entered allmulticast mode
[   51.047571] pimreg: entered allmulticast mode
[   51.061642] pimreg (unregistering): left allmulticast mode
[   51.064135] pimreg (unregistering): left allmulticast mode
[   51.072465] pimreg: entered allmulticast mode
[   51.103078] pimreg: entered allmulticast mode
[   51.139206] pimreg: entered allmulticast mode
[   51.145392] pimreg (unregistering): left allmulticast mode
[   51.147875] pimreg (unregistering): left allmulticast mode
[   51.150276] pimreg (unregistering): left allmulticast mode
[   51.171769] pimreg: entered allmulticast mode
[   51.195602] pimreg: entered allmulticast mode
[   51.213168] pimreg (unregistering): left allmulticast mode
[   51.216228] pimreg (unregistering): left allmulticast mode
[   51.223089] pimreg: entered allmulticast mode
[   51.259395] pimreg: entered allmulticast mode
[   51.291428] pimreg: entered allmulticast mode
[   51.309794] pimreg (unregistering): left allmulticast mode
[   51.312479] pimreg (unregistering): left allmulticast mode
[   51.314881] pimreg (unregistering): left allmulticast mode
[   51.323886] pimreg: entered allmulticast mode
[   51.363768] pimreg: entered allmulticast mode
[   51.390622] pimreg (unregistering): left allmulticast mode
[   51.393176] pimreg (unregistering): left allmulticast mode
[   51.395539] pimreg (unregistering): left allmulticast mode
[   51.401542] pimreg: entered allmulticast mode
[   51.428639] pimreg: entered allmulticast mode
[   51.459451] pimreg: entered allmulticast mode
[   51.464669] pimreg (unregistering): left allmulticast mode
[   51.467073] pimreg (unregistering): left allmulticast mode
[   51.491178] pimreg: entered allmulticast mode
[   51.522352] pimreg: entered allmulticast mode
[   51.525094] pimreg (unregistering): left allmulticast mode
[   51.527549] pimreg (unregistering): left allmulticast mode
[   51.551542] pimreg: entered allmulticast mode
[   51.575324] pimreg: entered allmulticast mode
[   51.589146] pimreg (unregistering): left allmulticast mode
[   51.591810] pimreg (unregistering): left allmulticast mode
[   51.601827] pimreg: entered allmulticast mode
[   51.631213] pimreg: entered allmulticast mode
[   51.659674] pimreg: entered allmulticast mode
[   51.665091] pimreg (unregistering): left allmulticast mode
[   51.667487] pimreg (unregistering): left allmulticast mode
[   51.670336] pimreg (unregistering): left allmulticast mode
[   51.689819] pimreg: entered allmulticast mode
[   51.712253] pimreg: entered allmulticast mode
[   51.738011] pimreg (unregistering): left allmulticast mode
[   51.740808] pimreg (unregistering): left allmulticast mode
[   51.743275] pimreg (unregistering): left allmulticast mode
[   51.750631] pimreg: entered allmulticast mode
[   51.783785] pimreg: entered allmulticast mode
[   51.815022] pimreg: entered allmulticast mode
[   51.821042] pimreg (unregistering): left allmulticast mode
[   51.823486] pimreg (unregistering): left allmulticast mode
[   51.843914] pimreg: entered allmulticast mode
[   51.883664] pimreg: entered allmulticast mode
[   51.905639] pimreg (unregistering): left allmulticast mode
[   51.908812] pimreg (unregistering): left allmulticast mode
[   51.911413] pimreg (unregistering): left allmulticast mode
[   51.917899] pimreg: entered allmulticast mode
[   51.936409] pimreg: entered allmulticast mode
[   51.972650] pimreg: entered allmulticast mode
[   51.976976] pimreg (unregistering): left allmulticast mode
[   51.979685] pimreg (unregistering): left allmulticast mode
[   52.011681] pimreg: entered allmulticast mode
[   52.046260] pimreg (unregistering): left allmulticast mode
[   52.048838] pimreg (unregistering): left allmulticast mode
[   52.054366] pimreg: entered allmulticast mode
[   52.095786] pimreg: entered allmulticast mode
[   52.123312] pimreg: entered allmulticast mode
[   52.155285] pimreg: entered allmulticast mode
[   52.165049] pimreg (unregistering): left allmulticast mode
[   52.167527] pimreg (unregistering): left allmulticast mode
[   52.169989] pimreg (unregistering): left allmulticast mode
[   52.187644] pimreg: entered allmulticast mode
[   52.216387] pimreg: entered allmulticast mode
[   52.241797] pimreg (unregistering): left allmulticast mode
[   52.244256] pimreg (unregistering): left allmulticast mode
[   52.246849] pimreg (unregistering): left allmulticast mode
[   52.252288] pimreg: entered allmulticast mode
[   52.284574] pimreg: entered allmulticast mode
[   52.319635] pimreg: entered allmulticast mode
[   52.328966] pimreg (unregistering): left allmulticast mode
[   52.331407] pimreg (unregistering): left allmulticast mode
[   52.347857] pimreg: entered allmulticast mode
[   52.367307] pimreg: entered allmulticast mode
[   52.399908] pimreg: entered allmulticast mode
[   52.405213] pimreg (unregistering): left allmulticast mode
[   52.407651] pimreg (unregistering): left allmulticast mode
[   52.410113] pimreg (unregistering): left allmulticast mode
[   52.432343] pimreg: entered allmulticast mode
[   52.445442] pimreg: entered allmulticast mode
[   52.467670] pimreg: entered allmulticast mode
[   52.490774] pimreg (unregistering): left allmulticast mode
[   52.493852] pimreg (unregistering): left allmulticast mode
[   52.496452] pimreg (unregistering): left allmulticast mode
[   52.499259] pimreg (unregistering): left allmulticast mode
[   52.505093] pimreg: entered allmulticast mode
[   52.525301] pimreg: entered allmulticast mode
[   52.551777] pimreg: entered allmulticast mode
[   52.569460] pimreg (unregistering): left allmulticast mode
[   52.572555] pimreg (unregistering): left allmulticast mode
[   52.580472] pimreg: entered allmulticast mode
[   52.611858] pimreg: entered allmulticast mode
[   52.646342] pimreg (unregistering): left allmulticast mode
[   52.648832] pimreg (unregistering): left allmulticast mode
[   52.651079] pimreg (unregistering): left allmulticast mode
[   52.655122] pimreg: entered allmulticast mode
[   52.696713] pimreg: entered allmulticast mode
[   52.712123] pimreg: entered allmulticast mode
[   52.725224] pimreg (unregistering): left allmulticast mode
[   52.727656] pimreg (unregistering): left allmulticast mode
[   52.740511] pimreg: entered allmulticast mode
[   52.771205] pimreg: entered allmulticast mode
[   52.804148] pimreg: entered allmulticast mode
[   52.809165] pimreg (unregistering): left allmulticast mode
[   52.811600] pimreg (unregistering): left allmulticast mode
[   52.814042] pimreg (unregistering): left allmulticast mode
[   52.828453] pimreg: entered allmulticast mode
[   52.859817] pimreg: entered allmulticast mode
[   52.865027] pimreg (unregistering): left allmulticast mode
[   52.867487] pimreg (unregistering): left allmulticast mode
[   52.891631] pimreg: entered allmulticast mode
[   52.911202] pimreg: entered allmulticast mode
[   52.925636] pimreg (unregistering): left allmulticast mode
[   52.928162] pimreg (unregistering): left allmulticast mode
[   52.934839] pimreg: entered allmulticast mode
[   52.966488] pimreg: entered allmulticast mode
[   52.995450] pimreg: entered allmulticast mode
[   53.001157] pimreg (unregistering): left allmulticast mode
[   53.003609] pimreg (unregistering): left allmulticast mode
[   53.005971] pimreg (unregistering): left allmulticast mode
[   53.032865] pimreg: entered allmulticast mode
[   53.063276] pimreg: entered allmulticast mode
[   53.081554] pimreg (unregistering): left allmulticast mode
[   53.084159] pimreg (unregistering): left allmulticast mode
[   53.093354] pimreg: entered allmulticast mode
[   53.131566] pimreg: entered allmulticast mode
[   53.177773] pimreg (unregistering): left allmulticast mode
[   53.180323] pimreg (unregistering): left allmulticast mode
[   53.182644] pimreg (unregistering): left allmulticast mode
[   53.188153] pimreg: entered allmulticast mode
[   53.224642] pimreg: entered allmulticast mode
[   53.260181] pimreg: entered allmulticast mode
[   53.265720] pimreg (unregistering): left allmulticast mode
[   53.269019] pimreg (unregistering): left allmulticast mode
[   53.288452] pimreg: entered allmulticast mode
[   53.319817] pimreg: entered allmulticast mode
[   53.324833] pimreg (unregistering): left allmulticast mode
[   53.327268] pimreg (unregistering): left allmulticast mode
[   53.352233] pimreg: entered allmulticast mode
[   53.380741] pimreg: entered allmulticast mode
[   53.393103] pimreg (unregistering): left allmulticast mode
[   53.395532] pimreg (unregistering): left allmulticast mode
[   53.408329] pimreg: entered allmulticast mode
[   53.435630] pimreg: entered allmulticast mode
[   53.463814] pimreg: entered allmulticast mode
[   53.477379] pimreg (unregistering): left allmulticast mode
[   53.479808] pimreg (unregistering): left allmulticast mode
[   53.482463] pimreg (unregistering): left allmulticast mode
[   53.491306] pimreg: entered allmulticast mode
[   53.515814] pimreg: entered allmulticast mode
[   53.539125] pimreg: entered allmulticast mode
[   53.561774] pimreg (unregistering): left allmulticast mode
[   53.564417] pimreg (unregistering): left allmulticast mode
[   53.566835] pimreg (unregistering): left allmulticast mode
[   53.569465] pimreg (unregistering): left allmulticast mode
[   53.575216] pimreg: entered allmulticast mode
[   53.606363] pimreg: entered allmulticast mode
[   53.630947] pimreg: entered allmulticast mode
[   53.637096] pimreg (unregistering): left allmulticast mode
[   53.639541] pimreg (unregistering): left allmulticast mode
[   53.663544] pimreg: entered allmulticast mode
[   53.690919] pimreg: entered allmulticast mode
[   53.718658] pimreg (unregistering): left allmulticast mode
[   53.721174] pimreg (unregistering): left allmulticast mode
[   53.723415] pimreg (unregistering): left allmulticast mode
[   53.728930] pimreg: entered allmulticast mode
[   53.760778] pimreg: entered allmulticast mode
[   53.799793] pimreg: entered allmulticast mode
[   53.805236] pimreg (unregistering): left allmulticast mode
[   53.808296] pimreg (unregistering): left allmulticast mode
[   53.832542] pimreg: entered allmulticast mode
[   53.864185] pimreg: entered allmulticast mode
[   53.868986] pimreg (unregistering): left allmulticast mode
[   53.871464] pimreg (unregistering): left allmulticast mode
[   53.895559] pimreg: entered allmulticast mode
[   53.924546] pimreg: entered allmulticast mode
[   53.965331] pimreg (unregistering): left allmulticast mode
[   53.967720] pimreg (unregistering): left allmulticast mode
[   53.970085] pimreg (unregistering): left allmulticast mode
[   53.975529] pimreg: entered allmulticast mode
[   54.017104] pimreg: entered allmulticast mode
[   54.039493] pimreg: entered allmulticast mode
[   54.044862] pimreg (unregistering): left allmulticast mode
[   54.047349] pimreg (unregistering): left allmulticast mode
[   54.080519] pimreg: entered allmulticast mode
[   54.119341] pimreg: entered allmulticast mode
[   54.124964] pimreg (unregistering): left allmulticast mode
[   54.127427] pimreg (unregistering): left allmulticast mode
[   54.156311] pimreg: entered allmulticast mode
[   54.179750] pimreg (unregistering): left allmulticast mode
[   54.182576] pimreg (unregistering): left allmulticast mode
[   54.186474] pimreg: entered allmulticast mode
[   54.215095] pimreg: entered allmulticast mode
[   54.247280] pimreg: entered allmulticast mode
[   54.261118] pimreg (unregistering): left allmulticast mode
[   54.264186] pimreg (unregistering): left allmulticast mode
[   54.271137] pimreg: entered allmulticast mode
[   54.303122] pimreg: entered allmulticast mode
[   54.334849] pimreg: entered allmulticast mode
[   54.341158] pimreg (unregistering): left allmulticast mode
[   54.343597] pimreg (unregistering): left allmulticast mode
[   54.346462] pimreg (unregistering): left allmulticast mode
[   54.371101] pimreg: entered allmulticast mode
[   54.404973] pimreg: entered allmulticast mode
[   54.417113] pimreg (unregistering): left allmulticast mode
[   54.419535] pimreg (unregistering): left allmulticast mode
[   54.435494] pimreg: entered allmulticast mode
[   54.459909] pimreg: entered allmulticast mode
[   54.503708] pimreg: entered allmulticast mode
[   54.505121] pimreg (unregistering): left allmulticast mode
[   54.508234] pimreg (unregistering): left allmulticast mode
[   54.510894] pimreg (unregistering): left allmulticast mode
[   54.518359] pimreg: entered allmulticast mode
[   54.540000] pimreg: entered allmulticast mode
[   54.572082] pimreg: entered allmulticast mode
[   54.601263] pimreg (unregistering): left allmulticast mode
[   54.604453] pimreg (unregistering): left allmulticast mode
[   54.606773] pimreg (unregistering): left allmulticast mode
[   54.609137] pimreg (unregistering): left allmulticast mode
[   54.614710] pimreg: entered allmulticast mode
[   54.644258] pimreg: entered allmulticast mode
[   54.688213] pimreg: entered allmulticast mode
[   54.693719] pimreg (unregistering): left allmulticast mode
[   54.697977] pimreg (unregistering): left allmulticast mode
[   54.720169] pimreg: entered allmulticast mode
[   54.755599] pimreg: entered allmulticast mode
[   54.779138] pimreg (unregistering): left allmulticast mode
[   54.781774] pimreg (unregistering): left allmulticast mode
[   54.788681] pimreg: entered allmulticast mode
[   54.825740] pimreg: entered allmulticast mode
[   54.871761] pimreg: entered allmulticast mode
[   54.877355] pimreg (unregistering): left allmulticast mode
[   54.879754] pimreg (unregistering): left allmulticast mode
[   54.882198] pimreg (unregistering): left allmulticast mode
[   54.904650] pimreg: entered allmulticast mode
[   54.932069] pimreg: entered allmulticast mode
[   54.945520] pimreg (unregistering): left allmulticast mode
[   54.947986] pimreg (unregistering): left allmulticast mode
[   54.963544] pimreg: entered allmulticast mode
[   54.991955] pimreg: entered allmulticast mode
[   55.021369] pimreg (unregistering): left allmulticast mode
[   55.024428] pimreg (unregistering): left allmulticast mode
[   55.026819] pimreg (unregistering): left allmulticast mode
[   55.032658] pimreg: entered allmulticast mode
[   55.064052] pimreg: entered allmulticast mode
[   55.087399] pimreg: entered allmulticast mode
[   55.097223] pimreg (unregistering): left allmulticast mode
[   55.099577] pimreg (unregistering): left allmulticast mode
[   55.115710] pimreg: entered allmulticast mode
[   55.156909] pimreg: entered allmulticast mode
[   55.195209] pimreg: entered allmulticast mode
[   55.197002] pimreg (unregistering): left allmulticast mode
[   55.199613] pimreg (unregistering): left allmulticast mode
[   55.202448] pimreg (unregistering): left allmulticast mode
[   55.210211] pimreg: entered allmulticast mode
[   55.235331] pimreg: entered allmulticast mode
[   55.262683] pimreg (unregistering): left allmulticast mode
[   55.265183] pimreg (unregistering): left allmulticast mode
[   55.267490] pimreg (unregistering): left allmulticast mode
[   55.271475] pimreg: entered allmulticast mode
[   55.303367] pimreg: entered allmulticast mode
[   55.334233] pimreg (unregistering): left allmulticast mode
[   55.336687] pimreg (unregistering): left allmulticast mode
[   55.340732] pimreg: entered allmulticast mode
[   55.375180] pimreg: entered allmulticast mode
[   55.407471] pimreg: entered allmulticast mode
[   55.425089] pimreg (unregistering): left allmulticast mode
[   55.428173] pimreg (unregistering): left allmulticast mode
[   55.437250] pimreg: entered allmulticast mode
[   55.467021] pimreg: entered allmulticast mode
[   55.503446] pimreg (unregistering): left allmulticast mode
[   55.505890] pimreg (unregistering): left allmulticast mode
[   55.508229] pimreg (unregistering): left allmulticast mode
[   55.512470] pimreg: entered allmulticast mode
[   55.543772] pimreg: entered allmulticast mode
[   55.575454] pimreg: entered allmulticast mode
[   55.580942] pimreg (unregistering): left allmulticast mode
[   55.583372] pimreg (unregistering): left allmulticast mode
[   55.618365] pimreg: entered allmulticast mode
[   55.643371] pimreg: entered allmulticast mode
[   55.652944] pimreg (unregistering): left allmulticast mode
[   55.655412] pimreg (unregistering): left allmulticast mode
[   55.671862] pimreg: entered allmulticast mode
[   55.699845] pimreg: entered allmulticast mode
[   55.712889] pimreg (unregistering): left allmulticast mode
[   55.715176] pimreg (unregistering): left allmulticast mode
[   55.727853] pimreg: entered allmulticast mode
[   55.759685] pimreg: entered allmulticast mode
[   55.799335] pimreg: entered allmulticast mode
[   55.805131] pimreg (unregistering): left allmulticast mode
[   55.807492] pimreg (unregistering): left allmulticast mode
[   55.809792] pimreg (unregistering): left allmulticast mode
[   55.840248] pimreg: entered allmulticast mode
[   55.867907] pimreg: entered allmulticast mode
[   55.873198] pimreg (unregistering): left allmulticast mode
[   55.875516] pimreg (unregistering): left allmulticast mode
[   55.899955] pimreg: entered allmulticast mode
[   55.912662] pimreg: entered allmulticast mode
[   55.960227] pimreg: entered allmulticast mode
[   55.965190] pimreg (unregistering): left allmulticast mode
[   55.967615] pimreg (unregistering): left allmulticast mode
[   55.970030] pimreg (unregistering): left allmulticast mode
[   55.983268] pimreg: entered allmulticast mode
[   56.014837] pimreg: entered allmulticast mode
[   56.024939] pimreg (unregistering): left allmulticast mode
[   56.027283] pimreg (unregistering): left allmulticast mode
[   56.043484] pimreg: entered allmulticast mode
[   56.063964] pimreg: entered allmulticast mode
[   56.072943] pimreg (unregistering): left allmulticast mode
[   56.075227] pimreg (unregistering): left allmulticast mode
[   56.087484] pimreg: entered allmulticast mode
[   56.135868] pimreg: entered allmulticast mode
[   56.171238] pimreg: entered allmulticast mode
[   56.177119] pimreg (unregistering): left allmulticast mode
[   56.179448] pimreg (unregistering): left allmulticast mode
[   56.181695] pimreg (unregistering): left allmulticast mode
[   56.201627] pimreg: entered allmulticast mode
[   56.224263] pimreg: entered allmulticast mode
[   56.253339] pimreg (unregistering): left allmulticast mode
[   56.255730] pimreg (unregistering): left allmulticast mode
[   56.258522] pimreg (unregistering): left allmulticast mode
[   56.264074] pimreg: entered allmulticast mode
[   56.295716] pimreg: entered allmulticast mode
[   56.327579] pimreg (unregistering): left allmulticast mode
[   56.330281] pimreg (unregistering): left allmulticast mode
[   56.334626] pimreg: entered allmulticast mode
[   56.367536] pimreg: entered allmulticast mode
[   56.399621] pimreg: entered allmulticast mode
[   56.408970] pimreg (unregistering): left allmulticast mode
[   56.411416] pimreg (unregistering): left allmulticast mode
[   56.427977] pimreg: entered allmulticast mode
[   56.451966] pimreg: entered allmulticast mode
[   56.479413] pimreg: entered allmulticast mode
[   56.489097] pimreg (unregistering): left allmulticast mode
[   56.491413] pimreg (unregistering): left allmulticast mode
[   56.493702] pimreg (unregistering): left allmulticast mode
[   56.507617] pimreg: entered allmulticast mode
[   56.536302] pimreg: entered allmulticast mode
[   56.579279] pimreg: entered allmulticast mode
[   56.593505] pimreg (unregistering): left allmulticast mode
[   56.595854] pimreg (unregistering): left allmulticast mode
[   56.598751] pimreg (unregistering): left allmulticast mode
[   56.611494] pimreg: entered allmulticast mode
[   56.647431] pimreg: entered allmulticast mode
[   56.675764] pimreg: entered allmulticast mode
[   56.701171] pimreg (unregistering): left allmulticast mode
[   56.703502] pimreg (unregistering): left allmulticast mode
[   56.707533] pimreg (unregistering): left allmulticast mode
[   56.716839] pimreg: entered allmulticast mode
[   56.747489] pimreg: entered allmulticast mode
[   56.777438] pimreg (unregistering): left allmulticast mode
[   56.779807] pimreg (unregistering): left allmulticast mode
[   56.782119] pimreg (unregistering): left allmulticast mode
[   56.787185] pimreg: entered allmulticast mode
[   56.817316] pimreg: entered allmulticast mode
[   56.839193] pimreg: entered allmulticast mode
[   56.844886] pimreg (unregistering): left allmulticast mode
[   56.847250] pimreg (unregistering): left allmulticast mode
[   56.871541] pimreg: entered allmulticast mode
[   56.903369] pimreg: entered allmulticast mode
[   56.908946] pimreg (unregistering): left allmulticast mode
[   56.911304] pimreg (unregistering): left allmulticast mode
[   56.940045] pimreg: entered allmulticast mode
[   56.986247] pimreg (unregistering): left allmulticast mode
[   56.988706] pimreg (unregistering): left allmulticast mode
[   56.994115] pimreg: entered allmulticast mode
[   57.015200] pimreg: entered allmulticast mode
[   57.038964] pimreg: entered allmulticast mode
[   57.057557] pimreg (unregistering): left allmulticast mode
[   57.059950] pimreg (unregistering): left allmulticast mode
[   57.071641] pimreg: entered allmulticast mode
[   57.098255] pimreg: entered allmulticast mode
[   57.126853] pimreg (unregistering): left allmulticast mode
[   57.129229] pimreg (unregistering): left allmulticast mode
[   57.131441] pimreg (unregistering): left allmulticast mode
[   57.135469] pimreg: entered allmulticast mode
[   57.159887] pimreg: entered allmulticast mode
[   57.188307] pimreg: entered allmulticast mode
[   57.200962] pimreg (unregistering): left allmulticast mode
[   57.203307] pimreg (unregistering): left allmulticast mode
[   57.219671] pimreg: entered allmulticast mode
[   57.247713] pimreg: entered allmulticast mode
[   57.280110] pimreg: entered allmulticast mode
[   57.293147] pimreg (unregistering): left allmulticast mode
[   57.295470] pimreg (unregistering): left allmulticast mode
[   57.298841] pimreg (unregistering): left allmulticast mode
[   57.307196] pimreg: entered allmulticast mode
[   57.347325] pimreg: entered allmulticast mode
[   57.375741] pimreg: entered allmulticast mode
[   57.381239] pimreg (unregistering): left allmulticast mode
[   57.383655] pimreg (unregistering): left allmulticast mode
[   57.386065] pimreg (unregistering): left allmulticast mode
[   57.399215] pimreg: entered allmulticast mode
[   57.435467] pimreg: entered allmulticast mode
[   57.440857] pimreg (unregistering): left allmulticast mode
[   57.443210] pimreg (unregistering): left allmulticast mode
[   57.471640] pimreg: entered allmulticast mode
[   57.512930] pimreg (unregistering): left allmulticast mode
[   57.515217] pimreg (unregistering): left allmulticast mode
[   57.520616] pimreg: entered allmulticast mode
[   57.554493] pimreg: entered allmulticast mode
[   57.582978] pimreg: entered allmulticast mode
[   57.588901] pimreg (unregistering): left allmulticast mode
[   57.591240] pimreg (unregistering): left allmulticast mode
[   57.620688] pimreg: entered allmulticast mode
[   57.652105] pimreg: entered allmulticast mode
[   57.664904] pimreg (unregistering): left allmulticast mode
[   57.667246] pimreg (unregistering): left allmulticast mode
[   57.683952] pimreg: entered allmulticast mode
[   57.719580] pimreg: entered allmulticast mode
[   57.733008] pimreg (unregistering): left allmulticast mode
[   57.735330] pimreg (unregistering): left allmulticast mode
[   57.750233] pimreg: entered allmulticast mode
[   57.775124] pimreg: entered allmulticast mode
[   57.811541] pimreg: entered allmulticast mode
[   57.817187] pimreg (unregistering): left allmulticast mode
[   57.819634] pimreg (unregistering): left allmulticast mode
[   57.822097] pimreg (unregistering): left allmulticast mode
[   57.844893] pimreg: entered allmulticast mode
[   57.875037] pimreg: entered allmulticast mode
[   57.880915] pimreg (unregistering): left allmulticast mode
[   57.883229] pimreg (unregistering): left allmulticast mode
[   57.907863] pimreg: entered allmulticast mode
[   57.934983] pimreg: entered allmulticast mode
[   57.941279] pimreg (unregistering): left allmulticast mode
[   57.944270] pimreg (unregistering): left allmulticast mode
[   57.960464] pimreg: entered allmulticast mode
[   57.988358] pimreg: entered allmulticast mode
[   58.000962] pimreg (unregistering): left allmulticast mode
[   58.003300] pimreg (unregistering): left allmulticast mode
[   58.016873] pimreg: entered allmulticast mode
[   58.043478] pimreg: entered allmulticast mode
[   58.083143] pimreg: entered allmulticast mode
[   58.089082] pimreg (unregistering): left allmulticast mode
[   58.091432] pimreg (unregistering): left allmulticast mode
[   58.093655] pimreg (unregistering): left allmulticast mode
[   58.136500] pimreg: entered allmulticast mode
[   58.160739] pimreg: entered allmulticast mode
[   58.172936] pimreg (unregistering): left allmulticast mode
[   58.175277] pimreg (unregistering): left allmulticast mode
[   58.191830] pimreg: entered allmulticast mode
[   58.231814] pimreg: entered allmulticast mode
[   58.273259] pimreg (unregistering): left allmulticast mode
[   58.275589] pimreg (unregistering): left allmulticast mode
[   58.281923] pimreg: entered allmulticast mode
[   58.303545] pimreg: entered allmulticast mode
[   58.343871] pimreg: entered allmulticast mode
[   58.349151] pimreg (unregistering): left allmulticast mode
[   58.351577] pimreg (unregistering): left allmulticast mode
[   58.354020] pimreg (unregistering): left allmulticast mode
[   58.377054] pimreg: entered allmulticast mode
[   58.421270] pimreg: entered allmulticast mode
[   58.425017] pimreg (unregistering): left allmulticast mode
[   58.427464] pimreg (unregistering): left allmulticast mode
[   58.451109] pimreg: entered allmulticast mode
[   58.483961] pimreg: entered allmulticast mode
[   58.489001] pimreg (unregistering): left allmulticast mode
[   58.491427] pimreg (unregistering): left allmulticast mode
[   58.516233] pimreg: entered allmulticast mode
[   58.543055] pimreg: entered allmulticast mode
[   58.548885] pimreg (unregistering): left allmulticast mode
[   58.551248] pimreg (unregistering): left allmulticast mode
[   58.575906] pimreg: entered allmulticast mode
[   58.607514] pimreg: entered allmulticast mode
[   58.612884] pimreg (unregistering): left allmulticast mode
[   58.615224] pimreg (unregistering): left allmulticast mode
[   58.640133] pimreg: entered allmulticast mode
[   58.666904] pimreg: entered allmulticast mode
[   58.689054] pimreg (unregistering): left allmulticast mode
[   58.691469] pimreg (unregistering): left allmulticast mode
[   58.704311] pimreg: entered allmulticast mode
[   58.732094] pimreg: entered allmulticast mode
[   58.769188] pimreg (unregistering): left allmulticast mode
[   58.772258] pimreg (unregistering): left allmulticast mode
[   58.774632] pimreg (unregistering): left allmulticast mode
[   58.780542] pimreg: entered allmulticast mode
[   58.807967] pimreg: entered allmulticast mode
[   58.838749] pimreg: entered allmulticast mode
[   58.853561] pimreg (unregistering): left allmulticast mode
[   58.856133] pimreg (unregistering): left allmulticast mode
[   58.863178] pimreg: entered allmulticast mode
[   58.894975] pimreg: entered allmulticast mode
[   58.929099] pimreg (unregistering): left allmulticast mode
[   58.931416] pimreg (unregistering): left allmulticast mode
[   58.933662] pimreg (unregistering): left allmulticast mode
[   58.939240] pimreg: entered allmulticast mode
[   58.979299] pimreg: entered allmulticast mode
[   59.007730] pimreg: entered allmulticast mode
[   59.016966] pimreg (unregistering): left allmulticast mode
[   59.019384] pimreg (unregistering): left allmulticast mode
[   59.040581] pimreg: entered allmulticast mode
[   59.070607] pimreg: entered allmulticast mode
[   59.094596] pimreg (unregistering): left allmulticast mode
[   59.097094] pimreg (unregistering): left allmulticast mode
[   59.100670] pimreg (unregistering): left allmulticast mode
[   59.106228] pimreg: entered allmulticast mode
[   59.126986] pimreg: entered allmulticast mode
[   59.160651] pimreg: entered allmulticast mode
[   59.196349] pimreg: entered allmulticast mode
[   59.201099] pimreg (unregistering): left allmulticast mode
[   59.203411] pimreg (unregistering): left allmulticast mode
[   59.205670] pimreg (unregistering): left allmulticast mode
[   59.229043] pimreg: entered allmulticast mode
[   59.259416] pimreg: entered allmulticast mode
[   59.264968] pimreg (unregistering): left allmulticast mode
[   59.267841] pimreg (unregistering): left allmulticast mode
[   59.296562] pimreg: entered allmulticast mode
[   59.322697] pimreg: entered allmulticast mode
[   59.328996] pimreg (unregistering): left allmulticast mode
[   59.331505] pimreg (unregistering): left allmulticast mode
[   59.343209] pimreg: entered allmulticast mode
[   59.371661] pimreg: entered allmulticast mode
[   59.393295] pimreg (unregistering): left allmulticast mode
[   59.396451] pimreg (unregistering): left allmulticast mode
[   59.399755] pimreg (unregistering): left allmulticast mode
[   59.406541] pimreg: entered allmulticast mode
[   59.435088] pimreg: entered allmulticast mode
[   59.483056] pimreg: entered allmulticast mode
[   59.484720] pimreg (unregistering): left allmulticast mode
[   59.487675] pimreg (unregistering): left allmulticast mode
[   59.495159] pimreg: entered allmulticast mode
[   59.531051] pimreg: entered allmulticast mode
[   59.563307] pimreg: entered allmulticast mode
[   59.573533] pimreg (unregistering): left allmulticast mode
[   59.575916] pimreg (unregistering): left allmulticast mode
[   59.578290] pimreg (unregistering): left allmulticast mode
[   59.591848] pimreg: entered allmulticast mode
[   59.624082] pimreg: entered allmulticast mode
[   59.645452] pimreg (unregistering): left allmulticast mode
[   59.648797] pimreg (unregistering): left allmulticast mode
[   59.653075] pimreg (unregistering): left allmulticast mode
[   59.659652] pimreg: entered allmulticast mode
[   59.697117] pimreg: entered allmulticast mode
[   59.719367] pimreg: entered allmulticast mode
[   59.728865] pimreg (unregistering): left allmulticast mode
[   59.731199] pimreg (unregistering): left allmulticast mode
[   59.751696] pimreg: entered allmulticast mode
[   59.784953] pimreg: entered allmulticast mode
[   59.806212] pimreg (unregistering): left allmulticast mode
[   59.808922] pimreg (unregistering): left allmulticast mode
[   59.811208] pimreg (unregistering): left allmulticast mode
[   59.818803] pimreg: entered allmulticast mode
[   59.846221] pimreg: entered allmulticast mode
[   59.863280] pimreg: entered allmulticast mode
[   59.875057] pimreg (unregistering): left allmulticast mode
[   59.878067] pimreg (unregistering): left allmulticast mode
[   59.885116] pimreg: entered allmulticast mode
[   59.918960] pimreg: entered allmulticast mode
[   59.949043] pimreg (unregistering): left allmulticast mode
[   59.951377] pimreg (unregistering): left allmulticast mode
[   59.953618] pimreg (unregistering): left allmulticast mode
[   59.958916] pimreg: entered allmulticast mode
[   59.986336] pimreg: entered allmulticast mode
[   60.006962] pimreg: entered allmulticast mode
[   60.025476] pimreg (unregistering): left allmulticast mode
[   60.027826] pimreg (unregistering): left allmulticast mode
[   60.030348] pimreg (unregistering): left allmulticast mode
[   60.037217] pimreg: entered allmulticast mode
[   60.065050] pimreg: entered allmulticast mode
[   60.087860] pimreg: entered allmulticast mode
[   60.101146] pimreg (unregistering): left allmulticast mode
[   60.103494] pimreg (unregistering): left allmulticast mode
[   60.119234] pimreg: entered allmulticast mode
[   60.147815] pimreg: entered allmulticast mode
[   60.173088] pimreg (unregistering): left allmulticast mode
[   60.175781] pimreg (unregistering): left allmulticast mode
[   60.178096] pimreg (unregistering): left allmulticast mode
[   60.183169] pimreg: entered allmulticast mode
[   60.223817] pimreg: entered allmulticast mode
[   60.242026] pimreg (unregistering): left allmulticast mode
[   60.245385] pimreg (unregistering): left allmulticast mode
[   60.252309] pimreg: entered allmulticast mode
[   60.284272] pimreg: entered allmulticast mode
[   60.322347] pimreg (unregistering): left allmulticast mode
[   60.324954] pimreg (unregistering): left allmulticast mode
[   60.330382] pimreg: entered allmulticast mode
[   60.353466] pimreg: entered allmulticast mode
[   60.379965] pimreg: entered allmulticast mode
[   60.388992] pimreg (unregistering): left allmulticast mode
[   60.391407] pimreg (unregistering): left allmulticast mode
[   60.408099] pimreg: entered allmulticast mode
[   60.435905] pimreg: entered allmulticast mode
[   60.461210] pimreg (unregistering): left allmulticast mode
[   60.463544] pimreg (unregistering): left allmulticast mode
[   60.475698] pimreg: entered allmulticast mode
[   60.504318] pimreg: entered allmulticast mode
[   60.517371] pimreg (unregistering): left allmulticast mode
[   60.519750] pimreg (unregistering): left allmulticast mode
[   60.530818] pimreg: entered allmulticast mode
[   60.555623] pimreg: entered allmulticast mode
[   60.585284] pimreg (unregistering): left allmulticast mode
[   60.588249] pimreg (unregistering): left allmulticast mode
[   60.595793] pimreg: entered allmulticast mode
[   60.625130] pimreg: entered allmulticast mode
[   60.644842] pimreg: entered allmulticast mode
[   60.667298] pimreg (unregistering): left allmulticast mode
[   60.670050] pimreg (unregistering): left allmulticast mode
[   60.672652] pimreg (unregistering): left allmulticast mode
[   60.678734] pimreg: entered allmulticast mode
[   60.707008] pimreg: entered allmulticast mode
[   60.736246] pimreg: entered allmulticast mode
[   60.749354] pimreg (unregistering): left allmulticast mode
[   60.751779] pimreg (unregistering): left allmulticast mode
[   60.754750] pimreg (unregistering): left allmulticast mode
[   60.764074] pimreg: entered allmulticast mode
[   60.791680] pimreg: entered allmulticast mode
[   60.823057] pimreg: entered allmulticast mode
[   60.853489] pimreg (unregistering): left allmulticast mode
[   60.855871] pimreg (unregistering): left allmulticast mode
[   60.858168] pimreg (unregistering): left allmulticast mode
[   60.863239] pimreg: entered allmulticast mode
[   60.899332] pimreg: entered allmulticast mode
[   60.927042] pimreg: entered allmulticast mode
[   60.929499] pimreg (unregistering): left allmulticast mode
[   60.932877] pimreg (unregistering): left allmulticast mode
[   60.935226] pimreg (unregistering): left allmulticast mode
[   60.942608] pimreg: entered allmulticast mode
[   60.979492] pimreg: entered allmulticast mode
[   61.009959] pimreg (unregistering): left allmulticast mode
[   61.012462] pimreg (unregistering): left allmulticast mode
[   61.014750] pimreg (unregistering): left allmulticast mode
[   61.020249] pimreg: entered allmulticast mode
[   61.047739] pimreg: entered allmulticast mode
[   61.075401] pimreg: entered allmulticast mode
[   61.089650] pimreg (unregistering): left allmulticast mode
[   61.092161] pimreg (unregistering): left allmulticast mode
[   61.099364] pimreg: entered allmulticast mode
[   61.127259] pimreg: entered allmulticast mode
[   61.151097] pimreg: entered allmulticast mode
[   61.169436] pimreg (unregistering): left allmulticast mode
[   61.171793] pimreg (unregistering): left allmulticast mode
[   61.174279] pimreg (unregistering): left allmulticast mode
[   61.184721] pimreg: entered allmulticast mode
[   61.222655] pimreg: entered allmulticast mode
[   61.247799] pimreg: entered allmulticast mode
[   61.261702] pimreg (unregistering): left allmulticast mode
[   61.264192] pimreg (unregistering): left allmulticast mode
[   61.266811] pimreg (unregistering): left allmulticast mode
[   61.274722] pimreg: entered allmulticast mode
[   61.307816] pimreg: entered allmulticast mode
[   61.343654] pimreg: entered allmulticast mode
[   61.348999] pimreg (unregistering): left allmulticast mode
[   61.351398] pimreg (unregistering): left allmulticast mode
[   61.353723] pimreg (unregistering): left allmulticast mode
[   61.372990] pimreg: entered allmulticast mode
[   61.396101] pimreg: entered allmulticast mode
[   61.417532] pimreg (unregistering): left allmulticast mode
[   61.420265] pimreg (unregistering): left allmulticast mode
[   61.427142] pimreg: entered allmulticast mode
[   61.455932] pimreg: entered allmulticast mode
[   61.475648] pimreg: entered allmulticast mode
[   61.504275] pimreg (unregistering): left allmulticast mode
[   61.506679] pimreg (unregistering): left allmulticast mode
[   61.509104] pimreg (unregistering): left allmulticast mode
[   61.511405] pimreg (unregistering): left allmulticast mode
[   61.517634] pimreg: entered allmulticast mode
[   61.559548] pimreg: entered allmulticast mode
[   61.596868] pimreg (unregistering): left allmulticast mode
[   61.599534] pimreg (unregistering): left allmulticast mode
[   61.605619] pimreg: entered allmulticast mode
[   61.627703] pimreg: entered allmulticast mode
[   61.659613] pimreg: entered allmulticast mode
[   61.664890] pimreg (unregistering): left allmulticast mode
[   61.667227] pimreg (unregistering): left allmulticast mode
[   61.692822] pimreg: entered allmulticast mode
[   61.739265] pimreg: entered allmulticast mode
[   61.744880] pimreg (unregistering): left allmulticast mode
[   61.747202] pimreg (unregistering): left allmulticast mode
[   61.767551] pimreg: entered allmulticast mode
[   61.800308] pimreg: entered allmulticast mode
[   61.804973] pimreg (unregistering): left allmulticast mode
[   61.807308] pimreg (unregistering): left allmulticast mode
[   61.832568] pimreg: entered allmulticast mode
[   61.863248] pimreg: entered allmulticast mode
[   61.868833] pimreg (unregistering): left allmulticast mode
[   61.871186] pimreg (unregistering): left allmulticast mode
[   61.899976] pimreg: entered allmulticast mode
[   61.923521] pimreg: entered allmulticast mode
[   61.947309] pimreg (unregistering): left allmulticast mode
[   61.950008] pimreg (unregistering): left allmulticast mode
[   61.952525] pimreg (unregistering): left allmulticast mode
[   61.959359] pimreg: entered allmulticast mode
[   61.987608] pimreg: entered allmulticast mode
[   62.023100] pimreg: entered allmulticast mode
[   62.023852] systemd-journald[135]: Data hash table of /run/log/journal/938775788448454bb5b34822d5730c41/system.journal has a fill level at 75.0 (5483 of 7310 items, 4210688 file size, 767 bytes per hash table item), suggesting rotation.
[   62.025492] systemd-journald[135]: /run/log/journal/938775788448454bb5b34822d5730c41/system.journal: Journal header limits reached or header out-of-date, rotating.
[   62.027444] pimreg (unregistering): left allmulticast mode
[   62.031857] pimreg (unregistering): left allmulticast mode
[   62.047023] pimreg: entered allmulticast mode
[   62.082569] pimreg: entered allmulticast mode
[   62.101249] pimreg (unregistering): left allmulticast mode
[   62.103962] pimreg (unregistering): left allmulticast mode
[   62.111399] pimreg: entered allmulticast mode
[   62.143387] pimreg: entered allmulticast mode
[   62.178480] pimreg: entered allmulticast mode
[   62.182105] pimreg (unregistering): left allmulticast mode
[   62.184489] pimreg (unregistering): left allmulticast mode
[   62.186714] pimreg (unregistering): left allmulticast mode
[   62.199911] pimreg: entered allmulticast mode
[   62.227880] pimreg: entered allmulticast mode
[   62.253714] pimreg (unregistering): left allmulticast mode
[   62.256152] pimreg (unregistering): left allmulticast mode
[   62.258411] pimreg (unregistering): left allmulticast mode
[   62.263840] pimreg: entered allmulticast mode
[   62.300676] pimreg: entered allmulticast mode
[   62.331949] pimreg: entered allmulticast mode
[   62.345130] pimreg (unregistering): left allmulticast mode
[   62.347599] pimreg (unregistering): left allmulticast mode
[   62.363880] pimreg: entered allmulticast mode
[   62.395377] pimreg: entered allmulticast mode
[   62.421356] pimreg (unregistering): left allmulticast mode
[   62.424942] pimreg (unregistering): left allmulticast mode
[   62.427230] pimreg (unregistering): left allmulticast mode
[   62.432943] pimreg: entered allmulticast mode
[   62.459503] pimreg: entered allmulticast mode
[   62.505959] pimreg (unregistering): left allmulticast mode
[   62.508341] pimreg (unregistering): left allmulticast mode
[   62.513990] pimreg: entered allmulticast mode
[   62.540870] pimreg: entered allmulticast mode
[   62.564599] pimreg: entered allmulticast mode
[   62.577085] pimreg (unregistering): left allmulticast mode
[   62.579801] pimreg (unregistering): left allmulticast mode
[   62.589511] pimreg: entered allmulticast mode
[   62.607695] pimreg: entered allmulticast mode
[   62.635717] pimreg: entered allmulticast mode
[   62.664720] pimreg: entered allmulticast mode
[   62.669408] pimreg (unregistering): left allmulticast mode
[   62.671883] pimreg (unregistering): left allmulticast mode
[   62.674344] pimreg (unregistering): left allmulticast mode
[   62.677011] pimreg (unregistering): left allmulticast mode
[   62.695930] pimreg: entered allmulticast mode
[   62.724154] pimreg: entered allmulticast mode
[   62.741462] pimreg (unregistering): left allmulticast mode
[   62.743889] pimreg (unregistering): left allmulticast mode
[   62.746430] pimreg (unregistering): left allmulticast mode
[   62.753862] pimreg: entered allmulticast mode
[   62.783298] pimreg: entered allmulticast mode
[   62.815700] pimreg: entered allmulticast mode
[   62.821194] pimreg (unregistering): left allmulticast mode
[   62.823584] pimreg (unregistering): left allmulticast mode
[   62.840077] pimreg: entered allmulticast mode
[   62.871646] pimreg: entered allmulticast mode
[   62.917673] pimreg (unregistering): left allmulticast mode
[   62.920146] pimreg (unregistering): left allmulticast mode
[   62.922367] pimreg (unregistering): left allmulticast mode
[   62.928164] pimreg: entered allmulticast mode
[   62.957990] pimreg: entered allmulticast mode
[   62.995659] pimreg: entered allmulticast mode
[   63.000864] pimreg (unregistering): left allmulticast mode
[   63.003203] pimreg (unregistering): left allmulticast mode
[   63.036963] pimreg: entered allmulticast mode
[   63.071658] pimreg: entered allmulticast mode
[   63.076912] pimreg (unregistering): left allmulticast mode
[   63.079489] pimreg (unregistering): left allmulticast mode
[   63.102789] pimreg: entered allmulticast mode
[   63.127156] pimreg: entered allmulticast mode
[   63.169518] pimreg (unregistering): left allmulticast mode
[   63.171760] pimreg (unregistering): left allmulticast mode
[   63.174185] pimreg (unregistering): left allmulticast mode
[   63.179249] pimreg: entered allmulticast mode
[   63.205045] pimreg: entered allmulticast mode
[   63.243272] pimreg: entered allmulticast mode
[   63.248900] pimreg (unregistering): left allmulticast mode
[   63.251420] pimreg (unregistering): left allmulticast mode
[   63.274963] pimreg: entered allmulticast mode
[   63.302632] pimreg: entered allmulticast mode
[   63.305100] pimreg (unregistering): left allmulticast mode
[   63.308075] pimreg (unregistering): left allmulticast mode
[   63.332414] pimreg: entered allmulticast mode
[   63.367557] pimreg: entered allmulticast mode
[   63.377039] pimreg (unregistering): left allmulticast mode
[   63.379365] pimreg (unregistering): left allmulticast mode
[   63.395410] pimreg: entered allmulticast mode
[   63.427072] pimreg: entered allmulticast mode
[   63.467435] pimreg: entered allmulticast mode
[   63.481259] pimreg (unregistering): left allmulticast mode
[   63.483594] pimreg (unregistering): left allmulticast mode
[   63.486096] pimreg (unregistering): left allmulticast mode
[   63.495996] pimreg: entered allmulticast mode
[   63.524806] pimreg: entered allmulticast mode
[   63.552105] pimreg: entered allmulticast mode
[   63.565278] pimreg (unregistering): left allmulticast mode
[   63.567938] pimreg (unregistering): left allmulticast mode
[   63.570477] pimreg (unregistering): left allmulticast mode
[   63.577600] pimreg: entered allmulticast mode
[   63.607213] pimreg: entered allmulticast mode
[   63.637085] pimreg (unregistering): left allmulticast mode
[   63.639419] pimreg (unregistering): left allmulticast mode
[   63.641702] pimreg (unregistering): left allmulticast mode
[   63.647225] pimreg: entered allmulticast mode
[   63.679385] pimreg: entered allmulticast mode
[   63.707492] pimreg: entered allmulticast mode
[   63.717019] pimreg (unregistering): left allmulticast mode
[   63.719448] pimreg (unregistering): left allmulticast mode
[   63.736254] pimreg: entered allmulticast mode
[   63.767636] pimreg: entered allmulticast mode
[   63.772990] pimreg (unregistering): left allmulticast mode
[   63.775445] pimreg (unregistering): left allmulticast mode
[   63.799928] pimreg: entered allmulticast mode
[   63.831014] pimreg: entered allmulticast mode
[   63.845142] pimreg (unregistering): left allmulticast mode
[   63.848359] pimreg (unregistering): left allmulticast mode
[   63.855561] pimreg: entered allmulticast mode
[   63.886784] pimreg: entered allmulticast mode
[   63.906921] pimreg: entered allmulticast mode
