c[?7l[2J[0mSeaBIOS (version rel-1.16.3-0-ga6ed6b701f0a-prebuilt.qemu.org)


iPXE (http://ipxe.org) 00:03.0 CA00 PCI2.10 PnP PMM+7EFD0D60+7EF30D60 CA00
Press Ctrl-B to configure iPXE (PCI 00:03.0)...                                                                               


Booting from ROM...
c[?7l[2J[    0.000000] Linux version 7.1.0-rc1-b3b6babf4751+ (root@gnr-800442) (gcc (GCC) 11.5.0 20240719 (Red Hat 11.5.0-14), GNU ld version 2.35.2-66.el9) #1 SMP PREEMPT_DYNAMIC Wed May  6 11:36:54 CST 2026
[    0.000000] Command line: console=ttyS0 root=/dev/sda earlyprintk=serial net.ifnames=0 thunderbolt.dyndbg
[    0.000000] KERNEL supported cpus:
[    0.000000]   Intel GenuineIntel
[    0.000000]   AMD AuthenticAMD
[    0.000000]   Hygon HygonGenuine
[    0.000000]   Centaur CentaurHauls
[    0.000000]   zhaoxin   Shanghai  
[    0.000000] x86/CPU: Model not found in latest microcode list
[    0.000000] x86/split lock detection: #DB: warning on user-space bus_locks
[    0.000000] BIOS-provided physical RAM map:
[    0.000000] BIOS-e820: [mem 0x0000000000000000-0x000000000009fbff]  System RAM
[    0.000000] BIOS-e820: [mem 0x000000000009fc00-0x000000000009ffff]  device reserved
[    0.000000] BIOS-e820: [gap 0x00000000000a0000-0x00000000000effff]
[    0.000000] BIOS-e820: [mem 0x00000000000f0000-0x00000000000fffff]  device reserved
[    0.000000] BIOS-e820: [mem 0x0000000000100000-0x000000007ffdffff]  System RAM
[    0.000000] BIOS-e820: [mem 0x000000007ffe0000-0x000000007fffffff]  device reserved
[    0.000000] BIOS-e820: [gap 0x0000000080000000-0x00000000feffbfff]
[    0.000000] BIOS-e820: [mem 0x00000000feffc000-0x00000000feffffff]  device reserved
[    0.000000] BIOS-e820: [gap 0x00000000ff000000-0x00000000fffbffff]
[    0.000000] BIOS-e820: [mem 0x00000000fffc0000-0x00000000ffffffff]  device reserved
[    0.000000] printk: legacy bootconsole [earlyser0] enabled
[    0.000000] NX (Execute Disable) protection: active
[    0.000000] APIC: Static calls initialized
[    0.000000] DMI: SMBIOS 3.0.0 present.
[    0.000000] DMI: QEMU Standard PC (i440FX + PIIX, 1996), BIOS rel-1.16.3-0-ga6ed6b701f0a-prebuilt.qemu.org 04/01/2014
[    0.000000] DMI: Memory slots populated: 1/1
[    0.000000] Hypervisor detected: KVM
[    0.000000] last_pfn = 0x7ffe0 max_arch_pfn = 0x10000000000
[    0.000000] kvm-clock: Using msrs 4b564d01 and 4b564d00
[    0.000003] kvm-clock: using sched offset of 740438903 cycles
[    0.000608] clocksource: kvm-clock: mask: 0xffffffffffffffff max_cycles: 0x1cd42e4dffb, max_idle_ns: 881590591483 ns
[    0.002654] tsc: Detected 2500.000 MHz processor
[    0.010726] last_pfn = 0x7ffe0 max_arch_pfn = 0x10000000000
[    0.011336] MTRR map: 4 entries (3 fixed + 1 variable; max 19), built from 8 variable MTRRs
[    0.012210] x86/PAT: Configuration [0-7]: WB  WC  UC- UC  WB  WP  UC- WT  
[    0.017746] found SMP MP-table at [mem 0x000f5480-0x000f548f]
[    0.018403] Using GB pages for direct mapping
[    0.020959] ACPI: Early table checksum verification disabled
[    0.021635] ACPI: RSDP 0x00000000000F52A0 000014 (v00 BOCHS )
[    0.022338] ACPI: RSDT 0x000000007FFE1C9B 000034 (v01 BOCHS  BXPC     00000001 BXPC 00000001)
[    0.023364] ACPI: FACP 0x000000007FFE1B47 000074 (v01 BOCHS  BXPC     00000001 BXPC 00000001)
[    0.024406] ACPI: DSDT 0x000000007FFE0040 001B07 (v01 BOCHS  BXPC     00000001 BXPC 00000001)
[    0.025442] ACPI: FACS 0x000000007FFE0000 000040
[    0.026015] ACPI: APIC 0x000000007FFE1BBB 000080 (v03 BOCHS  BXPC     00000001 BXPC 00000001)
[    0.027076] ACPI: HPET 0x000000007FFE1C3B 000038 (v01 BOCHS  BXPC     00000001 BXPC 00000001)
[    0.028131] ACPI: WAET 0x000000007FFE1C73 000028 (v01 BOCHS  BXPC     00000001 BXPC 00000001)
[    0.029203] ACPI: Reserving FACP table memory at [mem 0x7ffe1b47-0x7ffe1bba]
[    0.030068] ACPI: Reserving DSDT table memory at [mem 0x7ffe0040-0x7ffe1b46]
[    0.030943] ACPI: Reserving FACS table memory at [mem 0x7ffe0000-0x7ffe003f]
[    0.031813] ACPI: Reserving APIC table memory at [mem 0x7ffe1bbb-0x7ffe1c3a]
[    0.032666] ACPI: Reserving HPET table memory at [mem 0x7ffe1c3b-0x7ffe1c72]
[    0.033534] ACPI: Reserving WAET table memory at [mem 0x7ffe1c73-0x7ffe1c9a]
[    0.034946] No NUMA configuration found
[    0.035424] Faking a node at [mem 0x0000000000000000-0x000000007ffdffff]
[    0.036277] NODE_DATA(0) allocated [mem 0x7ffb4bc0-0x7ffdfcbf]
[    0.111456] KernelAddressSanitizer initialized (generic)
[    0.112435] ACPI: PM-Timer IO Port: 0x608
[    0.112950] ACPI: LAPIC_NMI (acpi_id[0xff] dfl dfl lint[0x1])
[    0.113721] IOAPIC[0]: apic_id 0, version 17, address 0xfec00000, GSI 0-23
[    0.114596] ACPI: INT_SRC_OVR (bus 0 bus_irq 0 global_irq 2 dfl dfl)
[    0.115398] ACPI: INT_SRC_OVR (bus 0 bus_irq 5 global_irq 5 high level)
[    0.116226] ACPI: INT_SRC_OVR (bus 0 bus_irq 9 global_irq 9 high level)
[    0.117043] ACPI: INT_SRC_OVR (bus 0 bus_irq 10 global_irq 10 high level)
[    0.117889] ACPI: INT_SRC_OVR (bus 0 bus_irq 11 global_irq 11 high level)
[    0.118757] ACPI: Using ACPI (MADT) for SMP configuration information
[    0.119540] ACPI: HPET id: 0x8086a201 base: 0xfed00000
[    0.120198] TSC deadline timer available
[    0.120691] CPU topo: Max. logical packages:   1
[    0.121274] CPU topo: Max. logical nodes:      1
[    0.121847] CPU topo: Num. nodes per package:  1
[    0.122432] CPU topo: Max. logical dies:       1
[    0.123010] CPU topo: Max. dies per package:   1
[    0.123591] CPU topo: Max. threads per core:   1
[    0.124160] CPU topo: Num. cores per package:     2
[    0.124768] CPU topo: Num. threads per package:   2
[    0.125374] CPU topo: Allowing 2 present CPUs plus 0 hotplug CPUs
[    0.126188] kvm-guest: APIC: eoi() replaced with kvm_guest_apic_eoi_write()
[    0.127080] kvm-guest: KVM setup pv remote TLB flush
[    0.127701] kvm-guest: setup PV sched yield
[    0.128260] PM: hibernation: Registered nosave memory: [mem 0x00000000-0x00000fff]
[    0.129210] PM: hibernation: Registered nosave memory: [mem 0x0009f000-0x000fffff]
[    0.130124] [gap 0x80000000-0xfeffbfff] available for PCI devices
[    0.130869] Booting paravirtualized kernel on KVM
[    0.131394] clocksource: refined-jiffies: mask: 0xffffffff max_cycles: 0xffffffff, max_idle_ns: 7645519600211568 ns
[    0.133294] Zone ranges:
[    0.133662]   DMA      [mem 0x0000000000001000-0x0000000000ffffff]
[    0.134452]   DMA32    [mem 0x0000000001000000-0x000000007ffdffff]
[    0.135226]   Normal   empty
[    0.135586]   Device   empty
[    0.135948] Movable zone start for each node
[    0.136497] Early memory node ranges
[    0.136942]   node   0: [mem 0x0000000000001000-0x000000000009efff]
[    0.137722]   node   0: [mem 0x0000000000100000-0x000000007ffdffff]
[    0.138493] Initmem setup node 0 [mem 0x0000000000001000-0x000000007ffdffff]
[    0.139713] On node 0, zone DMA: 1 pages in unavailable ranges
[    0.140702] On node 0, zone DMA: 97 pages in unavailable ranges
[    0.169810] On node 0, zone DMA32: 32 pages in unavailable ranges
[    0.170521] setup_percpu: NR_CPUS:8192 nr_cpumask_bits:2 nr_cpu_ids:2 nr_node_ids:1
[    0.172119] percpu: Embedded 81 pages/cpu s294912 r8192 d28672 u1048576
[    0.173157] kvm-guest: PV spinlocks enabled
[    0.173685] PV qspinlock hash table entries: 256 (order: 0, 4096 bytes, linear)
[    0.174601] Kernel command line: net.ifnames=0 console=ttyS0 root=/dev/sda earlyprintk=serial net.ifnames=0 thunderbolt.dyndbg
[    0.176322] random: crng init done
[    0.176752] printk: log buffer data + meta data: 262144 + 1114112 = 1376256 bytes
[    0.178236] Dentry cache hash table entries: 262144 (order: 9, 2097152 bytes, linear)
[    0.179740] Inode-cache hash table entries: 131072 (order: 8, 1048576 bytes, linear)
[    0.181039] Fallback order for Node 0: 0 
[    0.181054] Built 1 zonelists, mobility grouping on.  Total pages: 524158
[    0.182383] Policy zone: DMA32
[    0.182759] mem auto-init: stack:off, heap alloc:off, heap free:off
[    0.183520] stackdepot: allocating hash table via alloc_large_system_hash
[    0.184353] stackdepot hash table entries: 1048576 (order: 12, 16777216 bytes, linear)
[    0.189534] stackdepot: allocating space for 8192 stack pools via memblock
[    0.240836] SLUB: HWalign=64, Order=0-3, MinObjects=0, CPUs=2, Nodes=1
[    0.241548] kmemleak: Kernel memory leak detector disabled
[    0.281127] ftrace: allocating 76248 entries in 300 pages
[    0.281714] ftrace: allocated 300 pages with 4 groups
[    0.285263] Dynamic Preempt: lazy
[    0.286212] Running RCU self tests
[    0.286521] Running RCU synchronous self tests
[    0.287014] rcu: Preemptible hierarchical RCU implementation.
[    0.287635] rcu: 	RCU lockdep checking is enabled.
[    0.288139] rcu: 	RCU restricting CPUs from NR_CPUS=8192 to nr_cpu_ids=2.
[    0.288773] 	Trampoline variant of Tasks RCU enabled.
[    0.289246] 	Rude variant of Tasks RCU enabled.
[    0.289724] 	Tracing variant of Tasks RCU enabled.
[    0.290238] rcu: RCU calculated value of scheduler-enlistment delay is 25 jiffies.
[    0.291046] rcu: Adjusting geometry for rcu_fanout_leaf=16, nr_cpu_ids=2
[    0.291777] Running RCU synchronous self tests
[    0.292188] RCU Tasks: Setting shift to 1 and lim to 1 rcu_task_cb_adjust=1 rcu_task_cpu_ids=2.
[    0.293111] RCU Tasks Rude: Setting shift to 1 and lim to 1 rcu_task_cb_adjust=1 rcu_task_cpu_ids=2.
[    0.366308] NR_IRQS: 524544, nr_irqs: 440, preallocated irqs: 16
[    0.367617] rcu: srcu_init: Setting srcu_struct sizes based on contention.
[    0.376937] Console: colour VGA+ 80x25
[    0.377386] printk: legacy console [ttyS0] enabled
[    0.377386] printk: legacy console [ttyS0] enabled
[    0.378470] printk: legacy bootconsole [earlyser0] disabled
[    0.378470] printk: legacy bootconsole [earlyser0] disabled
[    0.379838] Lock dependency validator: Copyright (c) 2006 Red Hat, Inc., Ingo Molnar
[    0.380801] ... MAX_LOCKDEP_SUBCLASSES:  8
[    0.381313] ... MAX_LOCK_DEPTH:          48
[    0.381845] ... MAX_LOCKDEP_KEYS:        8192
[    0.382397] ... CLASSHASH_SIZE:          4096
[    0.382937] ... MAX_LOCKDEP_ENTRIES:     32768
[    0.383493] ... MAX_LOCKDEP_CHAINS:      65536
[    0.384046] ... CHAINHASH_SIZE:          32768
[    0.384580]  memory used by lock dependency info: 6429 kB
[    0.385246]  memory used for stack traces: 16896 kB
[    0.385847]  per task-struct memory footprint: 1920 bytes
[    0.386631] ACPI: Core revision 20251212
[    0.387654] clocksource: hpet: mask: 0xffffffff max_cycles: 0xffffffff, max_idle_ns: 19112604467 ns
[    0.388976] APIC: Switch to symmetric I/O mode setup
[    0.389849] x2apic enabled
[    0.390607] APIC: Switched APIC routing to: physical x2apic
[    0.391322] kvm-guest: APIC: send_IPI_mask() replaced with kvm_send_ipi_mask()
[    0.392232] kvm-guest: APIC: send_IPI_mask_allbutself() replaced with kvm_send_ipi_mask_allbutself()
[    0.393485] kvm-guest: setup PV IPIs
[    0.395070] ..TIMER: vector=0x30 apic1=0 pin1=2 apic2=-1 pin2=-1
[    0.395859] clocksource: tsc-early: mask: 0xffffffffffffffff max_cycles: 0x240939f1bb2, max_idle_ns: 440795263295 ns
[    0.397259] Calibrating delay loop (skipped) preset value.. 5000.00 BogoMIPS (lpj=10000000)
[    0.398478] x86/cpu: User Mode Instruction Prevention (UMIP) activated
[    0.399370] Last level iTLB entries: 4KB 0, 2MB 0, 4MB 0
[    0.400034] Last level dTLB entries: 4KB 0, 2MB 0, 4MB 0, 1GB 0
[    0.400807] mitigations: Enabled attack vectors: user_kernel, user_user, guest_host, guest_guest, SMT mitigations: auto
[    0.401251] Speculative Store Bypass: Mitigation: Speculative Store Bypass disabled via prctl
[    0.402315] Spectre V2 : Mitigation: Enhanced / Automatic IBRS
[    0.403040] ITS: Mitigation: Aligned branch/return thunks
[    0.403731] Spectre V1 : Mitigation: usercopy/swapgs barriers and __user pointer sanitization
[    0.405249] Spectre V2 : WARNING: Unprivileged eBPF is enabled with eIBRS on, data leaks possible via Spectre v2 BHB attacks!
[    0.406657] Spectre V2 : Spectre v2 / PBRSB-eIBRS: Retire a single CALL on VMEXIT
[    0.407576] Spectre V2 : mitigation: Enabling conditional Indirect Branch Prediction Barrier
[    0.409253] active return thunk: its_return_thunk
[    0.409800] Spectre V2 : Spectre BHI mitigation: SW BHB clearing on syscall and VM exit
[    0.410843] x86/fpu: Supporting XSAVE feature 0x001: 'x87 floating point registers'
[    0.411796] x86/fpu: Supporting XSAVE feature 0x002: 'SSE registers'
[    0.412552] x86/fpu: Supporting XSAVE feature 0x004: 'AVX registers'
[    0.413248] x86/fpu: Supporting XSAVE feature 0x020: 'AVX-512 opmask'
[    0.413995] x86/fpu: Supporting XSAVE feature 0x040: 'AVX-512 Hi256'
[    0.414794] x86/fpu: Supporting XSAVE feature 0x080: 'AVX-512 ZMM_Hi256'
[    0.415621] x86/fpu: Supporting XSAVE feature 0x200: 'Protection Keys User registers'
[    0.416583] x86/fpu: Supporting XSAVE feature 0x20000: 'AMX Tile config'
[    0.417248] x86/fpu: Supporting XSAVE feature 0x40000: 'AMX Tile data'
[    0.418034] x86/fpu: xstate_offset[2]:  576, xstate_sizes[2]:  256
[    0.418793] x86/fpu: xstate_offset[5]:  832, xstate_sizes[5]:   64
[    0.419549] x86/fpu: xstate_offset[6]:  896, xstate_sizes[6]:  512
[    0.420287] x86/fpu: xstate_offset[7]: 1408, xstate_sizes[7]: 1024
[    0.421253] x86/fpu: xstate_offset[9]: 2432, xstate_sizes[9]:    8
[    0.422007] x86/fpu: xstate_offset[17]: 2496, xstate_sizes[17]:   64
[    0.422776] x86/fpu: xstate_offset[18]: 2560, xstate_sizes[18]: 8192
[    0.423546] x86/fpu: Enabled xstate features 0x602e7, context size is 10752 bytes, using 'compacted' format.
[    0.588516] pid_max: default: 32768 minimum: 301
[    0.589587] Yama: becoming mindful.
[    0.590527] Mount-cache hash table entries: 4096 (order: 3, 32768 bytes, linear)
[    0.591428] Mountpoint-cache hash table entries: 4096 (order: 3, 32768 bytes, linear)
[    0.593078] VFS: Finished mounting rootfs on nullfs
[    0.594633] Running RCU synchronous self tests
[    0.595196] Running RCU synchronous self tests
[    0.596146] smpboot: CPU0: Intel GENUINE INTEL(R) XEON(R) (family: 0x6, model: 0xad, stepping: 0x0)
[    0.597244] Performance Events: PEBS fmt0-, Granite Rapids events, 
[    0.597244] core: The event 0x400 is not supported as a normal event.
[    0.597244] core: The event 0x8000 is not supported as a normal event.
[    0.597266] core: The event 0x8100 is not supported as a normal event.
[    0.598093] core: The event 0x8200 is not supported as a normal event.
[    0.598907] core: The event 0x8300 is not supported as a normal event.
[    0.599741] core: The event 0x8400 is not supported as a normal event.
[    0.600572] core: The event 0x8500 is not supported as a normal event.
[    0.601250] core: The event 0x8600 is not supported as a normal event.
[    0.602041] core: The event 0x8700 is not supported as a normal event.
[    0.602884] full-width counters, Intel PMU driver.
[    0.603529] ... version:                   2
[    0.604050] ... bit width:                 48
[    0.604621] ... generic counters:          8
[    0.605166] ... generic bitmap:            00000000000000ff
[    0.605252] ... fixed-purpose counters:    3
[    0.605798] ... fixed-purpose bitmap:      0000000000000007
[    0.606490] ... value mask:                0000ffffffffffff
[    0.607169] ... max period:                00007fffffffffff
[    0.607819] ... global_ctrl mask:          00000007000000ff
[    0.609006] signal: max sigframe size: 11952
[    0.609415] rcu: Hierarchical SRCU implementation.
[    0.610014] rcu: 	Max phase no-delay instances is 1000.
[    0.610890] Timer migration: 1 hierarchy levels; 8 children per group; 1 crossnode level
[    0.633829] smp: Bringing up secondary CPUs ...
[    0.634998] smpboot: x86: Booting SMP configuration:
[    0.635625] .... node  #0, CPUs:      #1
[    0.635967] smp: Brought up 1 node, 2 CPUs
[    0.637772] smpboot: Total of 2 processors activated (10000.00 BogoMIPS)
[    0.639488] Memory: 1574872K/2096632K available (81902K kernel code, 15886K rwdata, 19560K rodata, 16684K init, 34600K bss, 509384K reserved, 0K cma-reserved)
[    0.642311] devtmpfs: initialized
[    0.642463] x86/mm: Memory block size: 128MB
[    0.655870] Running RCU synchronous self tests
[    0.657277] Running RCU synchronous self tests
[    0.657982] Running RCU Tasks wait API self tests
[    0.657993] Running RCU Tasks Rude wait API self tests
[    0.657993] Running RCU Tasks Trace wait API self tests
[    0.658714] clocksource: jiffies: mask: 0xffffffff max_cycles: 0xffffffff, max_idle_ns: 7645041785100000 ns
[    0.661309] posixtimers hash table entries: 1024 (order: 5, 73728 bytes, linear)
[    0.662257] futex hash table entries: 512 (65536 bytes on 1 NUMA nodes, total 64 KiB, linear).
[    0.665441] 
[    0.665645] *************************************************************
[    0.666468] **     NOTICE NOTICE NOTICE NOTICE NOTICE NOTICE NOTICE    **
[    0.667288] **                                                         **
[    0.668127] **  IOMMU DebugFS SUPPORT HAS BEEN ENABLED IN THIS KERNEL  **
[    0.668965] **                                                         **
[    0.669316] ** This means that this kernel is built to expose internal **
[    0.670146] ** IOMMU data structures, which may compromise security on **
[    0.670975] ** your system.                                            **
[    0.671818] **                                                         **
[    0.672646] ** If you see this message and you are not debugging the   **
[    0.673250] ** kernel, report this immediately to your vendor!         **
[    0.674088] **                                                         **
[    0.674926] **     NOTICE NOTICE NOTICE NOTICE NOTICE NOTICE NOTICE    **
[    0.675776] *************************************************************
[    0.676693] PM: RTC time: 03:38:18, date: 2026-05-06
[    0.680040] NET: Registered PF_NETLINK/PF_ROUTE protocol family
[    0.681282] Callback from call_rcu_tasks_trace() invoked.
[    0.683224] DMA: preallocated 256 KiB GFP_KERNEL|GFP_DMA pool for atomic allocations
[    0.684220] DMA: preallocated 256 KiB GFP_KERNEL|GFP_DMA32 pool for atomic allocations
[    0.685311] audit: initializing netlink subsys (disabled)
[    0.686108] audit: type=2000 audit(1778038698.893:1): state=initialized audit_enabled=0 res=1
[    0.687520] thermal_sys: Registered thermal governor 'fair_share'
[    0.687531] thermal_sys: Registered thermal governor 'bang_bang'
[    0.689263] thermal_sys: Registered thermal governor 'step_wise'
[    0.690006] thermal_sys: Registered thermal governor 'user_space'
[    0.690863] cpuidle: using governor ladder
[    0.692164] cpuidle: using governor menu
[    0.693100] Freeing SMP alternatives memory: 64K
[    0.693941] acpiphp: ACPI Hot Plug PCI Controller Driver version: 0.5
[    0.696662] PCI: Using configuration type 1 for base access
[    0.697476] virt/tdx: TDX not supported by the host platform
[    0.698654] kprobes: kprobe jump-optimization is enabled. All kprobes are optimized if possible.
[    0.701548] HugeTLB: registered 1.00 GiB page size, pre-allocated 0 pages
[    0.702276] HugeTLB: 16380 KiB vmemmap can be freed for a 1.00 GiB page
[    0.702962] HugeTLB: registered 2.00 MiB page size, pre-allocated 0 pages
[    0.705253] HugeTLB: 28 KiB vmemmap can be freed for a 2.00 MiB page
[    0.755579] ACPI: Added _OSI(Module Device)
[    0.756001] ACPI: Added _OSI(Processor Device)
[    0.756466] ACPI: Added _OSI(Processor Aggregator Device)
[    0.790921] ACPI: 1 ACPI AML tables successfully acquired and loaded
[    0.822316] ACPI: \_SB_: platform _OSC: OS support mask [002e7eff]
[    0.826831] ACPI: Interpreter enabled
[    0.827425] ACPI: PM: (supports S0 S3 S4 S5)
[    0.827920] ACPI: Using IOAPIC for interrupt routing
[    0.828650] PCI: Using host bridge windows from ACPI; if necessary, use "pci=nocrs" and report a bug
[    0.829253] PCI: Using E820 reservations for host bridge windows
[    0.831386] ACPI: Enabled 2 GPEs in block 00 to 0F
[    0.876661] ACPI: PCI Root Bridge [PCI0] (domain 0000 [bus 00-ff])
[    0.877314] acpi PNP0A03:00: _OSC: OS supports [ASPM ClockPM Segments MSI EDR HPX-Type3]
[    0.878266] acpi PNP0A03:00: _OSC: not requesting OS control; OS requires [ExtendedConfig ASPM ClockPM MSI]
[    0.879527] acpi PNP0A03:00: _OSC: platform retains control of PCIe features (AE_ERROR)
[    0.880618] acpi PNP0A03:00: fail to add MMCONFIG information, can't access extended configuration space under this bridge
[    0.886719] acpiphp: Slot [3] registered
[    0.887296] acpiphp: Slot [4] registered
[    0.887935] acpiphp: Slot [5] registered
[    0.888567] acpiphp: Slot [6] registered
[    0.889195] acpiphp: Slot [7] registered
[    0.889401] acpiphp: Slot [8] registered
[    0.890043] acpiphp: Slot [9] registered
[    0.890693] acpiphp: Slot [10] registered
[    0.891349] acpiphp: Slot [11] registered
[    0.891996] acpiphp: Slot [12] registered
[    0.892638] acpiphp: Slot [13] registered
[    0.893282] acpiphp: Slot [14] registered
[    0.893929] acpiphp: Slot [15] registered
[    0.894579] acpiphp: Slot [16] registered
[    0.895221] acpiphp: Slot [17] registered
[    0.895858] acpiphp: Slot [18] registered
[    0.896501] acpiphp: Slot [19] registered
[    0.897147] acpiphp: Slot [20] registered
[    0.897397] acpiphp: Slot [21] registered
[    0.898047] acpiphp: Slot [22] registered
[    0.898682] acpiphp: Slot [23] registered
[    0.899314] acpiphp: Slot [24] registered
[    0.899960] acpiphp: Slot [25] registered
[    0.900614] acpiphp: Slot [26] registered
[    0.901256] acpiphp: Slot [27] registered
[    0.901905] acpiphp: Slot [28] registered
[    0.902549] acpiphp: Slot [29] registered
[    0.903173] acpiphp: Slot [30] registered
[    0.903809] acpiphp: Slot [31] registered
[    0.904366] PCI host bridge to bus 0000:00
[    0.904933] pci_bus 0000:00: root bus resource [io  0x0000-0x0cf7 window]
[    0.905253] pci_bus 0000:00: root bus resource [io  0x0d00-0xffff window]
[    0.906063] pci_bus 0000:00: root bus resource [mem 0x000a0000-0x000bffff window]
[    0.906951] pci_bus 0000:00: root bus resource [mem 0x80000000-0xfebfffff window]
[    0.907861] pci_bus 0000:00: root bus resource [mem 0x100000000-0x17fffffff window]
[    0.908814] pci_bus 0000:00: root bus resource [bus 00-ff]
[    0.909370] pci 0000:00:00.0: [8086:1237] type 00 class 0x060000 conventional PCI endpoint
[    0.912085] pci 0000:00:01.0: [8086:7000] type 00 class 0x060100 conventional PCI endpoint
[    0.914544] pci 0000:00:01.1: [8086:7010] type 00 class 0x010180 conventional PCI endpoint
[    0.916139] pci 0000:00:01.1: BAR 4 [io  0xc040-0xc04f]
[    0.916811] pci 0000:00:01.1: BAR 0 [io  0x01f0-0x01f7]: legacy IDE quirk
[    0.917253] pci 0000:00:01.1: BAR 1 [io  0x03f6]: legacy IDE quirk
[    0.918011] pci 0000:00:01.1: BAR 2 [io  0x0170-0x0177]: legacy IDE quirk
[    0.918816] pci 0000:00:01.1: BAR 3 [io  0x0376]: legacy IDE quirk
[    0.920750] pci 0000:00:01.3: [8086:7113] type 00 class 0x068000 conventional PCI endpoint
[    0.921547] pci 0000:00:01.3: quirk: [io  0x0600-0x063f] claimed by PIIX4 ACPI
[    0.922429] pci 0000:00:01.3: quirk: [io  0x0700-0x070f] claimed by PIIX4 SMB
[    0.924458] pci 0000:00:02.0: [1234:1111] type 00 class 0x030000 conventional PCI endpoint
[    0.933058] pci 0000:00:02.0: BAR 0 [mem 0xfd000000-0xfdffffff pref]
[    0.933268] pci 0000:00:02.0: BAR 2 [mem 0xfebf0000-0xfebf0fff]
[    0.934023] pci 0000:00:02.0: ROM [mem 0xfebe0000-0xfebeffff pref]
[    0.934893] pci 0000:00:02.0: Video device with shadowed ROM at [mem 0x000c0000-0x000dffff]
[    0.937192] pci 0000:00:03.0: [8086:100e] type 00 class 0x020000 conventional PCI endpoint
[    0.941737] pci 0000:00:03.0: BAR 0 [mem 0xfebc0000-0xfebdffff]
[    0.942440] pci 0000:00:03.0: BAR 1 [io  0xc000-0xc03f]
[    0.943073] pci 0000:00:03.0: ROM [mem 0xfeb80000-0xfebbffff pref]
[    0.970207] ACPI: PCI: Interrupt link LNKA configured for IRQ 10
[    0.971862] ACPI: PCI: Interrupt link LNKB configured for IRQ 10
[    0.973500] ACPI: PCI: Interrupt link LNKC configured for IRQ 11
[    0.975189] ACPI: PCI: Interrupt link LNKD configured for IRQ 11
[    0.976299] ACPI: PCI: Interrupt link LNKS configured for IRQ 9
[    0.981295] iommu: Default domain type: Translated
[    0.981917] iommu: DMA domain TLB invalidation policy: lazy mode
[    0.985679] SCSI subsystem initialized
[    0.986676] ACPI: bus type USB registered
[    0.987424] usbcore: registered new interface driver usbfs
[    0.988214] usbcore: registered new interface driver hub
[    0.988957] usbcore: registered new device driver usb
[    0.989617] pps_core: LinuxPPS API ver. 1 registered
[    0.990240] pps_core: Software ver. 5.3.6 - Copyright 2005-2007 Rodolfo Giometti <giometti@linux.it>
[    0.991404] PTP clock support registered
[    0.992201] EDAC MC: Ver: 3.0.0
[    0.996450] NetLabel: Initializing
[    0.996862] NetLabel:  domain hash size = 128
[    0.997275] NetLabel:  protocols = UNLABELED CIPSOv4 CALIPSO
[    0.998049] NetLabel:  unlabeled traffic allowed by default
[    1.001523] PCI: Using ACPI for IRQ routing
[    1.002164] e820: register RAM buffer resource [mem 0x0009fc00-0x0009ffff]
[    1.003031] e820: register RAM buffer resource [mem 0x7ffe0000-0x7fffffff]
[    1.004220] pci 0000:00:02.0: vgaarb: setting as boot VGA device
[    1.004986] pci 0000:00:02.0: vgaarb: bridge control possible
[    1.005244] pci 0000:00:02.0: vgaarb: VGA device added: decodes=io+mem,owns=io+mem,locks=none
[    1.005274] vgaarb: loaded
[    1.009716] hpet0: at MMIO 0xfed00000, IRQs 2, 8, 0
[    1.010205] hpet0: 3 comparators, 64-bit 100.000000 MHz counter
[    1.014490] clocksource: Switched to clocksource kvm-clock
[    1.016652] VFS: Disk quotas dquot_6.6.0
[    1.017175] VFS: Dquot-cache hash table entries: 512 (order 0, 4096 bytes)
[    1.021083] pnp: PnP ACPI init
[    1.025557] pnp: PnP ACPI: found 5 devices
[    1.047244] clocksource: acpi_pm: mask: 0xffffff max_cycles: 0xffffff, max_idle_ns: 2085701024 ns
[    1.048915] NET: Registered PF_INET protocol family
[    1.050042] IP idents hash table entries: 32768 (order: 6, 262144 bytes, linear)
[    1.052645] tcp_listen_portaddr_hash hash table entries: 1024 (order: 5, 73728 bytes, linear)
[    1.053627] Table-perturb hash table entries: 65536 (order: 6, 262144 bytes, linear)
[    1.054605] TCP established hash table entries: 16384 (order: 5, 131072 bytes, linear)
[    1.055934] TCP bind hash table entries: 16384 (order: 10, 2359296 bytes, linear)
[    1.058169] TCP: Hash tables configured (established 16384 bind 16384)
[    1.059199] UDP hash table entries: 1024 (order: 6, 262144 bytes, linear)
[    1.060445] NET: Registered PF_UNIX/PF_LOCAL protocol family
[    1.064157] RPC: Registered named UNIX socket transport module.
[    1.064927] RPC: Registered udp transport module.
[    1.065536] RPC: Registered tcp transport module.
[    1.066118] RPC: Registered tcp-with-tls transport module.
[    1.066784] RPC: Registered tcp NFSv4.1 backchannel transport module.
[    1.067584] pci_bus 0000:00: resource 4 [io  0x0000-0x0cf7 window]
[    1.068300] pci_bus 0000:00: resource 5 [io  0x0d00-0xffff window]
[    1.069065] pci_bus 0000:00: resource 6 [mem 0x000a0000-0x000bffff window]
[    1.069906] pci_bus 0000:00: resource 7 [mem 0x80000000-0xfebfffff window]
[    1.070727] pci_bus 0000:00: resource 8 [mem 0x100000000-0x17fffffff window]
[    1.071976] pci 0000:00:01.0: PIIX3: Enabling Passive Release
[    1.072703] pci 0000:00:00.0: Limiting direct PCI/PCI transfers
[    1.073536] PCI: CLS 0 bytes, default 64
[    1.074135] ACPI: bus type thunderbolt registered
[    1.075161] clocksource: tsc: mask: 0xffffffffffffffff max_cycles: 0x240939f1bb2, max_idle_ns: 440795263295 ns
[    1.087058] Initialise system trusted keyrings
[    1.087722] Key type blacklist registered
[    1.088995] workingset: timestamp_bits=36 (anon: 32) max_order=19 bucket_order=0 (anon: 0)
[    1.092268] squashfs: version 4.0 (2009/01/31) Phillip Lougher
[    1.094668] NFS: Registering the id_resolver key type
[    1.095218] Key type id_resolver registered
[    1.095648] Key type id_legacy registered
[    1.096138] nfs4filelayout_init: NFSv4 File Layout Driver Registering...
[    1.096858] nfs4flexfilelayout_init: NFSv4 Flexfile Layout Driver Registering...
[    1.097984] fuse: init (API version 7.45)
[    1.098992] SGI XFS with ACLs, security attributes, realtime, quota, no debug enabled
[    1.101316] 9p: Installing v9fs 9p2000 file system support
[    1.115354] Key type asymmetric registered
[    1.115765] Asymmetric key parser 'x509' registered
[    1.116409] Block layer SCSI generic (bsg) driver version 0.4 loaded (major 241)
[    1.117370] io scheduler mq-deadline registered
[    1.117972] io scheduler bfq registered
[    1.120868] ledtrig-cpu: registered to indicate activity on CPUs
[    1.123218] IPMI message handler: version 39.2
[    1.123803] ipmi device interface
[    1.126724] input: Power Button as /devices/platform/LNXPWRBN:00/input/input0
[    1.127802] ACPI: button: Power Button [PWRF]
[    1.131953] ERST DBG: ERST support is disabled.
[    1.133949] Serial: 8250/16550 driver, 32 ports, IRQ sharing enabled
[    1.136205] 00:04: ttyS0 at I/O 0x3f8 (irq = 4, base_baud = 115200) is a 16550A
[    1.173575] ACPI: bus type drm_connector registered
[    1.201371] brd: module loaded
[    1.218044] loop: module loaded
[    1.233278] scsi host0: ata_piix
[    1.234847] scsi host1: ata_piix
[    1.235696] ata1: PATA max MWDMA2 cmd 0x1f0 ctl 0x3f6 bmdma 0xc040 irq 14 lpm-pol 0
[    1.236435] ata2: PATA max MWDMA2 cmd 0x170 ctl 0x376 bmdma 0xc048 irq 15 lpm-pol 0
[    1.240321] tun: Universal TUN/TAP device driver, 1.6
[    1.241276] e100: Intel(R) PRO/100 Network Driver
[    1.241768] e100: Copyright(c) 1999-2006 Intel Corporation
[    1.242480] e1000: Intel(R) PRO/1000 Network Driver
[    1.242971] e1000: Copyright (c) 1999-2006 Intel Corporation.
[    1.398298] ata1: found unknown device (class 0)
[    1.399372] ata1.00: Model 'QEMU HARDDISK', rev '2.5+', applying quirks: bridgeok
[    1.400344] ata1.00: ATA-7: QEMU HARDDISK, 2.5+, max UDMA/100
[    1.401131] ata1.00: 17196647 sectors, multi 16: LBA48 
[    1.402090] ata2: found unknown device (class 0)
[    1.403074] ata2.00: ATAPI: QEMU DVD-ROM, 2.5+, max UDMA/100
[    1.405605] scsi 0:0:0:0: Direct-Access     ATA      QEMU HARDDISK    2.5+ PQ: 0 ANSI: 5
[    1.412349] sd 0:0:0:0: Attached scsi generic sg0 type 0
[    1.413110] sd 0:0:0:0: [sda] 17196647 512-byte logical blocks: (8.80 GB/8.20 GiB)
[    1.416344] sd 0:0:0:0: [sda] Write Protect is off
[    1.417042] scsi 1:0:0:0: CD-ROM            QEMU     QEMU DVD-ROM     2.5+ PQ: 0 ANSI: 5
[    1.419906] sd 0:0:0:0: [sda] Write cache: enabled, read cache: enabled, doesn't support DPO or FUA
[    1.422913] sd 0:0:0:0: [sda] Preferred minimum I/O size 512 bytes
[    1.459073] scsi 1:0:0:0: Attached scsi generic sg1 type 5
[    1.470069] sd 0:0:0:0: [sda] Attached SCSI disk
[    2.068412] ACPI: \_SB_.LNKC: Enabled at IRQ 11
[    2.385502] e1000 0000:00:03.0 eth0: (PCI:33MHz:32-bit) 52:54:00:12:34:56
[    2.386276] e1000 0000:00:03.0 eth0: Intel(R) PRO/1000 Network Connection
[    2.387162] e1000e: Intel(R) PRO/1000 Network Driver
[    2.387688] e1000e: Copyright(c) 1999 - 2015 Intel Corporation.
[    2.388433] igb: Intel(R) Gigabit Ethernet Network Driver
[    2.389003] igb: Copyright (c) 2007-2014 Intel Corporation.
[    2.389970] PPP generic driver version 2.4.2
[    2.391152] VFIO - User Level meta-driver version: 0.3
[    2.393077] usbcore: registered new interface driver uas
[    2.393757] usbcore: registered new interface driver usb-storage
[    2.394653] i8042: PNP: PS/2 Controller [PNP0303:KBD,PNP0f13:MOU] at 0x60,0x64 irq 1,12
[    2.396573] serio: i8042 KBD port at 0x60,0x64 irq 1
[    2.397215] serio: i8042 AUX port at 0x60,0x64 irq 12
[    2.399587] mousedev: PS/2 mouse device common for all mice
[    2.402088] input: AT Translated Set 2 keyboard as /devices/platform/i8042/serio0/input/input1
[    2.403890] rtc_cmos PNP0B00:00: RTC can wake from S4
[    2.406735] rtc_cmos PNP0B00:00: registered as rtc0
[    2.407519] rtc_cmos PNP0B00:00: setting system clock to 2026-05-06T03:38:20 UTC (1778038700)
[    2.409300] input: VirtualPS/2 VMware VMMouse as /devices/platform/i8042/serio1/input/input4
[    2.410918] rtc_cmos PNP0B00:00: alarms up to one day, y3k, 242 bytes nvram, hpet irqs
[    2.411764] i2c_dev: i2c /dev entries driver
[    2.412357] device-mapper: core: CONFIG_IMA_DISABLE_HTABLE is disabled. Duplicate IMA measurements will not be recorded in the IMA log.
[    2.413674] device-mapper: uevent: version 1.0.3
[    2.414601] device-mapper: ioctl: 4.50.0-ioctl (2025-04-28) initialised: dm-devel@lists.linux.dev
[    2.415502] intel_pstate: CPU model not supported
[    2.417174] input: VirtualPS/2 VMware VMMouse as /devices/platform/i8042/serio1/input/input3
[    2.418959] drop_monitor: Initializing network drop monitor service
[    2.420118] NET: Registered PF_INET6 protocol family
[    2.422202] Segment Routing with IPv6
[    2.422688] In-situ OAM (IOAM) with IPv6
[    2.423231] NET: Registered PF_PACKET protocol family
[    2.424906] 9pnet: Installing 9P2000 support
[    2.425466] Key type dns_resolver registered
[    2.428394] IPI shorthand broadcast: enabled
[    2.498925] sched_clock: Marking stable (2480003846, 16788715)->(2525442753, -28650192)
[    2.500520] registered taskstats version 1
[    2.503266] Loading compiled-in X.509 certificates
[    2.592988] Demotion targets for Node 0: null
[    2.594886] Key type .fscrypt registered
[    2.595304] Key type fscrypt-provisioning registered
[    2.603995] Key type encrypted registered
[    2.604445] ima: No TPM chip found, activating TPM-bypass!
[    2.605035] ima: Allocated hash algorithm: sha1
[    2.605594] ima: No architecture policies found
[    2.606201] evm: Initialising EVM extended attributes:
[    2.606730] evm: security.selinux
[    2.607083] evm: security.SMACK64
[    2.607408] evm: security.SMACK64EXEC
[    2.607794] evm: security.SMACK64TRANSMUTE
[    2.608220] evm: security.SMACK64MMAP
[    2.608608] evm: security.apparmor
[    2.608988] evm: security.ima
[    2.609293] evm: security.capability
[    2.609674] evm: HMAC attrs: 0x1
[    2.612564] PM:   Magic number: 10:340:613
[    2.613140]  isa: hash matches
[    2.614980] RAS: Correctable Errors collector initialized.
[    3.720147] clk: Disabling unused clocks
[    3.720577] PM: genpd: Disabling unused power domains
[    3.722101] md: Waiting for all devices to be available before autodetect
[    3.722535] md: If you don't use raid, use raid=noautodetect
[    3.722915] md: Autodetecting RAID arrays.
[    3.723196] md: autorun ...
[    3.723404] md: ... autorun DONE.
[    3.735914] EXT4-fs (sda): INFO: recovery required on readonly filesystem
[    3.736443] EXT4-fs (sda): write access will be enabled during recovery
[    3.778434] EXT4-fs (sda): recovery complete
[    3.781286] EXT4-fs (sda): mounted filesystem 088740a9-c8b4-422c-999d-a804eb68a4da ro with ordered data mode. Quota mode: none.
[    3.782141] VFS: Mounted root (ext4 filesystem) readonly on device 8:0.
[    3.784745] devtmpfs: mounted
[    3.785361] VFS: Pivoted into new rootfs
[    3.805189] Freeing unused decrypted memory: 2036K
[    3.812276] Freeing unused kernel image (initmem) memory: 16684K
[    3.812918] Write protecting the kernel read-only data: 102400k
[    3.814538] Freeing unused kernel image (text/rodata gap) memory: 16K
[    3.815696] Freeing unused kernel image (rodata/data gap) memory: 920K
[    3.817165] Callback from call_rcu_tasks() invoked.
[    4.757211] x86/mm: Checked W+X mappings: passed, no W+X pages found.
[    4.757656] Run /sbin/init as init process
[    4.982988] systemd[1]: systemd 252-15.el9 running in system mode (+PAM +AUDIT +SELINUX -APPARMOR +IMA +SMACK +SECCOMP +GCRYPT +GNUTLS +OPENSSL +ACL +BLKID +CURL +ELFUTILS -FIDO2 +IDN2 -IDN -IPTC +KMOD +LIBCRYPTSETUP +LIBFDISK +PCRE2 -PWQUALITY +P11KIT -QRENCODE +TPM2 +BZIP2 +LZ4 +XZ +ZLIB +ZSTD -BPF_FRAMEWORK +XKBCOMMON +UTMP +SYSVINIT default-hierarchy=unified)
[    4.985563] systemd[1]: Detected virtualization kvm.
[    4.985908] systemd[1]: Detected architecture x86-64.

Welcome to [0;31mCentOS Stream 9[0m!

[    4.992897] systemd[1]: Hostname set to <test>.
[    5.172713] systemd-rc-local-generator[124]: /etc/rc.d/rc.local is not marked executable, skipping.
[    5.634156] systemd[1]: Queued start job for default target Multi-User System.
[    5.652061] systemd[1]: Created slice Virtual Machine and Container Slice.
[[0;32m  OK  [0m] Created slice [0;1;39mVirtual Machine and Container Slice[0m.
[    5.657625] systemd[1]: Created slice Slice /system/getty.
[[0;32m  OK  [0m] Created slice [0;1;39mSlice /system/getty[0m.
[    5.661022] systemd[1]: Created slice Slice /system/modprobe.
[[0;32m  OK  [0m] Created slice [0;1;39mSlice /system/modprobe[0m.
[    5.664355] systemd[1]: Created slice Slice /system/serial-getty.
[[0;32m  OK  [0m] Created slice [0;1;39mSlice /system/serial-getty[0m.
[    5.667732] systemd[1]: Created slice Slice /system/sshd-keygen.
[[0;32m  OK  [0m] Created slice [0;1;39mSlice /system/sshd-keygen[0m.
[    5.671411] systemd[1]: Created slice User and Session Slice.
[[0;32m  OK  [0m] Created slice [0;1;39mUser and Session Slice[0m.
[    5.672903] systemd[1]: Started Forward Password Requests to Wall Directory Watch.
[[0;32m  OK  [0m] Started [0;1;39mForward Password R…uests to Wall Directory Watch[0m.
[    5.675212] systemd[1]: Set up automount Arbitrary Executable File Formats File System Automount Point.
[[0;32m  OK  [0m] Set up automount [0;1;39mArbitrary…s File System Automount Point[0m.
[    5.677034] systemd[1]: Reached target Local Integrity Protected Volumes.
[[0;32m  OK  [0m] Reached target [0;1;39mLocal Integrity Protected Volumes[0m.
[    5.678282] systemd[1]: Reached target Slice Units.
[[0;32m  OK  [0m] Reached target [0;1;39mSlice Units[0m.
[    5.679193] systemd[1]: Reached target Swaps.
[[0;32m  OK  [0m] Reached target [0;1;39mSwaps[0m.
[    5.680016] systemd[1]: Reached target Local Verity Protected Volumes.
[[0;32m  OK  [0m] Reached target [0;1;39mLocal Verity Protected Volumes[0m.
[    5.681707] systemd[1]: Listening on Device-mapper event daemon FIFOs.
[[0;32m  OK  [0m] Listening on [0;1;39mDevice-mapper event daemon FIFOs[0m.
[    5.683504] systemd[1]: Listening on LVM2 poll daemon socket.
[[0;32m  OK  [0m] Listening on [0;1;39mLVM2 poll daemon socket[0m.
[    5.684759] systemd[1]: multipathd control socket was skipped because of an unmet condition check (ConditionPathExists=/etc/multipath.conf).
[    5.741147] systemd[1]: Listening on RPCbind Server Activation Socket.
[[0;32m  OK  [0m] Listening on [0;1;39mRPCbind Server Activation Socket[0m.
[    5.742985] systemd[1]: Reached target RPC Port Mapper.
[[0;32m  OK  [0m] Reached target [0;1;39mRPC Port Mapper[0m.
[    5.746444] systemd[1]: Listening on Process Core Dump Socket.
[[0;32m  OK  [0m] Listening on [0;1;39mProcess Core Dump Socket[0m.
[    5.748353] systemd[1]: Listening on initctl Compatibility Named Pipe.
[[0;32m  OK  [0m] Listening on [0;1;39minitctl Compatibility Named Pipe[0m.
[    5.750495] systemd[1]: Listening on Journal Socket (/dev/log).
[[0;32m  OK  [0m] Listening on [0;1;39mJournal Socket (/dev/log)[0m.
[    5.752411] systemd[1]: Listening on Journal Socket.
[[0;32m  OK  [0m] Listening on [0;1;39mJournal Socket[0m.
[    5.754916] systemd[1]: Listening on udev Control Socket.
[[0;32m  OK  [0m] Listening on [0;1;39mudev Control Socket[0m.
[    5.756717] systemd[1]: Listening on udev Kernel Socket.
[[0;32m  OK  [0m] Listening on [0;1;39mudev Kernel Socket[0m.
[    5.763412] systemd[1]: Mounting Huge Pages File System...
         Mounting [0;1;39mHuge Pages File System[0m...
[    5.770796] systemd[1]: Mounting POSIX Message Queue File System...
         Mounting [0;1;39mPOSIX Message Queue File System[0m...
[    5.780643] systemd[1]: Mounting Kernel Debug File System...
         Mounting [0;1;39mKernel Debug File System[0m...
[    5.791105] systemd[1]: Mounting Kernel Trace File System...
         Mounting [0;1;39mKernel Trace File System[0m...
[    5.793727] systemd[1]: Kernel Module supporting RPCSEC_GSS was skipped because of an unmet condition check (ConditionPathExists=/etc/krb5.keytab).
[    5.794844] systemd[1]: Create List of Static Device Nodes was skipped because of an unmet condition check (ConditionFileNotEmpty=/lib/modules/7.1.0-rc1-b3b6babf4751+/modules.devname).
[    5.802121] systemd[1]: Starting Monitoring of LVM2 mirrors, snapshots etc. using dmeventd or progress polling...
         Starting [0;1;39mMonitoring of LVM…meventd or progress polling[0m...
[    5.811510] systemd[1]: Starting Load Kernel Module configfs...
         Starting [0;1;39mLoad Kernel Module configfs[0m...
[    5.820127] systemd[1]: Starting Load Kernel Module drm...
         Starting [0;1;39mLoad Kernel Module drm[0m...
[    5.836265] systemd[1]: Starting Load Kernel Module fuse...
         Starting [0;1;39mLoad Kernel Module fuse[0m...
[    5.847746] systemd[1]: Starting Read and set NIS domainname from /etc/sysconfig/network...
         Starting [0;1;39mRead and set NIS …from /etc/sysconfig/network[0m...
[    5.877962] systemd[1]: Starting Journal Service...
         Starting [0;1;39mJournal Service[0m...
[    5.895989] systemd[1]: Starting Load Kernel Modules...
         Starting [0;1;39mLoad Kernel Modules[0m...
[    5.910154] systemd[1]: Starting Generate network units from Kernel command line...
         Starting [0;1;39mGenerate network …ts from Kernel command line[0m...
[    5.920234] systemd[1]: Starting Remount Root and Kernel File Systems...
         Starting [0;1;39mRemount Root and Kernel File Systems[0m...
[    5.926951] systemd[1]: Repartition Root Disk was skipped because no trigger condition checks were met.
[    5.946498] systemd[1]: Starting Coldplug All udev Devices...
         Starting [0;1;39mColdplug All udev Devices[0m...
[    5.974057] systemd[1]: Mounted Huge Pages File System.
[[0;32m  OK  [0m] Mounted [0;1;39mHuge Pages File System[0m.
[    5.977731] systemd[1]: Mounted POSIX Message Queue File System.
[[0;32m  OK  [0m] Mounted [0;1;39mPOSIX Message Queue File System[0m.
[    5.982465] systemd[1]: Mounted Kernel Debug File System.
[[0;32m  OK  [0m] Mounted [0;1;39mKernel Debug File System[0m.
[    5.985994] systemd[1]: Mounted Kernel Trace File System.
[[0;32m  OK  [0m] Mounted [0;1;39mKernel Trace File System[0m.
[    5.993202] systemd[1]: Finished Monitoring of LVM2 mirrors, snapshots etc. using dmeventd or progress polling.
[[0;32m  OK  [0m] Finished [0;1;39mMonitoring of LVM… dmeventd or progress polling[0m.
[    5.995560] EXT4-fs (sda): re-mounted 088740a9-c8b4-422c-999d-a804eb68a4da r/w.
[    6.004189] systemd[1]: modprobe@configfs.service: Deactivated successfully.
[    6.005949] systemd[1]: Finished Load Kernel Module configfs.
[[0;32m  OK  [0m] Finished [0;1;39mLoad Kernel Module configfs[0m.
[    6.009032] systemd[1]: modprobe@drm.service: Deactivated successfully.
[    6.011230] systemd[1]: Finished Load Kernel Module drm.
[[0;32m  OK  [0m] Finished [0;1;39mLoad Kernel Module drm[0m.
[    6.014999] systemd[1]: modprobe@fuse.service: Deactivated successfully.
[    6.017046] systemd[1]: Finished Load Kernel Module fuse.
[[0;32m  OK  [0m] Finished [0;1;39mLoad Kernel Module fuse[0m.
[    6.020094] systemd[1]: Finished Read and set NIS domainname from /etc/sysconfig/network.
[[0;32m  OK  [0m] Finished [0;1;39mRead and set NIS …e from /etc/sysconfig/network[0m.
[    6.022195] systemd[1]: systemd-modules-load.service: Main process exited, code=exited, status=1/FAILURE
[    6.023968] systemd[1]: systemd-modules-load.service: Failed with result 'exit-code'.
[    6.027013] systemd[1]: Failed to start Load Kernel Modules.
[[0;1;31mFAILED[0m] Failed to start [0;1;39mLoad Kernel Modules[0m.
See 'systemctl status systemd-modules-load.service' for details.
[    6.032126] systemd[1]: Finished Generate network units from Kernel command line.
[[0;32m  OK  [0m] Finished [0;1;39mGenerate network units from Kernel command line[0m.
[    6.035294] systemd[1]: Finished Remount Root and Kernel File Systems.
[[0;32m  OK  [0m] Finished [0;1;39mRemount Root and Kernel File Systems[0m.
[    6.037814] systemd[1]: Reached target Preparation for Network.
[[0;32m  OK  [0m] Reached target [0;1;39mPreparation for Network[0m.
[    6.059597] systemd[1]: Mounting FUSE Control File System...
         Mounting [0;1;39mFUSE Control File System[0m...
[    6.103680] systemd[1]: Mounting Kernel Configuration File System...
         Mounting [0;1;39mKernel Configuration File System[0m...
[    6.105901] systemd[1]: Special handling of early boot iSCSI sessions was skipped because of an unmet condition check (ConditionDirectoryNotEmpty=/sys/class/iscsi_session).
[    6.106998] systemd[1]: First Boot Wizard was skipped because of an unmet condition check (ConditionFirstBoot=yes).
[    6.114601] systemd[1]: Rebuild Hardware Database was skipped because of an unmet condition check (ConditionNeedsUpdate=/etc).
[    6.137632] systemd[1]: Starting Load/Save Random Seed...
         Starting [0;1;39mLoad/Save Random Seed[0m...
[    6.145995] systemd[1]: Starting Apply Kernel Variables...
         Starting [0;1;39mApply Kernel Variables[0m...
[    6.151057] systemd[1]: Create System Users was skipped because no trigger condition checks were met.
[    6.166912] systemd[1]: Starting Create Static Device Nodes in /dev...
         Starting [0;1;39mCreate Static Device Nodes in /dev[0m...
[    6.196667] systemd[1]: Starting Setup Virtual Console...
         Starting [0;1;39mSetup Virtual Console[0m...
[    6.213489] systemd[1]: Started Journal Service.
[[0;32m  OK  [0m] Started [0;1;39mJournal Service[0m.
[[0;32m  OK  [0m] Mounted [0;1;39mFUSE Control File System[0m.
[[0;32m  OK  [0m] Mounted [0;1;39mKernel Configuration File System[0m.
[[0;32m  OK  [0m] Finished [0;1;39mLoad/Save Random Seed[0m.
         Starting [0;1;39mFlush Journal to Persistent Storage[0m...
[[0;32m  OK  [0m] Finished [0;1;39mApply Kernel Variables[0m.
[    6.329453] systemd-journald[146]: Received client request to flush runtime journal.
[[0;32m  OK  [0m] Finished [0;1;39mCreate Static Device Nodes in /dev[0m.
[[0;32m  OK  [0m] Finished [0;1;39mFlush Journal to Persistent Storage[0m.
         Starting [0;1;39mRule-based Manage…for Device Events and Files[0m...
[[0;32m  OK  [0m] Started [0;1;39mRule-based Manager for Device Events and Files[0m.
         Starting [0;1;39mAuto-connect to s…E devices found during boot[0m...
[[0;32m  OK  [0m] Finished [0;1;39mAuto-connect to s…VME devices found during boot[0m.
[[0;32m  OK  [0m] Finished [0;1;39mColdplug All udev Devices[0m.
         Starting [0;1;39mWait for udev To …plete Device Initialization[0m...
[[0;32m  OK  [0m] Finished [0;1;39mSetup Virtual Console[0m.
         Starting [0;1;39mShow Plymouth Boot Screen[0m...
[2J[3J[-1;-1f[[0;32m  OK  [0m] Started [0;1;39mShow Plymouth Boot Screen[0m.
[[0;32m  OK  [0m] Started [0;1;39mForward Password R…s to Plymouth Directory Watch[0m.
[[0;32m  OK  [0m] Reached target [0;1;39mLocal Encrypted Volumes[0m.
[[0;32m  OK  [0m] Reached target [0;1;39mPath Units[0m.
[[0;32m  OK  [0m] Found device [0;1;39m/dev/ttyS0[0m.
[[0;32m  OK  [0m] Listening on [0;1;39mLoad/Save RF …itch Status /dev/rfkill Watch[0m.
[[0;32m  OK  [0m] Finished [0;1;39mWait for udev To Complete Device Initialization[0m.
[[0;32m  OK  [0m] Reached target [0;1;39mPreparation for Local File Systems[0m.
[[0;32m  OK  [0m] Reached target [0;1;39mLocal File Systems[0m.
         Starting [0;1;39mTell Plymouth To Write Out Runtime Data[0m...
         Starting [0;1;39mAutomatic Boot Loader Update[0m...
         Starting [0;1;39mCreate Volatile Files and Directories[0m...
[[0;32m  OK  [0m] Finished [0;1;39mTell Plymouth To Write Out Runtime Data[0m.
[[0;32m  OK  [0m] Finished [0;1;39mAutomatic Boot Loader Update[0m.
[[0;32m  OK  [0m] Finished [0;1;39mCreate Volatile Files and Directories[0m.
         Mounting [0;1;39mRPC Pipe File System[0m...
         Starting [0;1;39mSecurity Auditing Service[0m...
         Starting [0;1;39mRPC Bind[0m...
[[0;32m  OK  [0m] Mounted [0;1;39mRPC Pipe File System[0m.
[[0;32m  OK  [0m] Reached target [0;1;39mrpc_pipefs.target[0m.
[[0;32m  OK  [0m] Started [0;1;39mRPC Bind[0m.
[[0;32m  OK  [0m] Started [0;1;39mSecurity Auditing Service[0m.
         Starting [0;1;39mRecord System Boot/Shutdown in UTMP[0m...
[[0;32m  OK  [0m] Finished [0;1;39mRecord System Boot/Shutdown in UTMP[0m.
[[0;32m  OK  [0m] Reached target [0;1;39mSystem Initialization[0m.
[[0;32m  OK  [0m] Started [0;1;39mDaily rotation of log files[0m.
[[0;32m  OK  [0m] Started [0;1;39mUpdates mlocate database every day[0m.
[[0;32m  OK  [0m] Started [0;1;39mDaily Cleanup of Temporary Directories[0m.
[[0;32m  OK  [0m] Started [0;1;39mdaily update of the root trust anchor for DNSSEC[0m.
[[0;32m  OK  [0m] Reached target [0;1;39mTimer Units[0m.
[[0;32m  OK  [0m] Listening on [0;1;39mD-Bus System Message Bus Socket[0m.
[[0;32m  OK  [0m] Listening on [0;1;39mOpen-iSCSI iscsid Socket[0m.
[[0;32m  OK  [0m] Listening on [0;1;39mOpen-iSCSI iscsiuio Socket[0m.
[[0;32m  OK  [0m] Listening on [0;1;39mSSSD Kerberos…ache Manager responder socket[0m.
[[0;32m  OK  [0m] Listening on [0;1;39mLibvirt interface local socket[0m.
[[0;32m  OK  [0m] Listening on [0;1;39mVirtual machine lock manager socket[0m.
[[0;32m  OK  [0m] Listening on [0;1;39mVirtual machine log manager socket[0m.
[[0;32m  OK  [0m] Listening on [0;1;39mLibvirt network local socket[0m.
[[0;32m  OK  [0m] Listening on [0;1;39mLibvirt nodedev local socket[0m.
[[0;32m  OK  [0m] Listening on [0;1;39mLibvirt nwfilter local socket[0m.
[[0;32m  OK  [0m] Listening on [0;1;39mLibvirt proxy local socket[0m.
[[0;32m  OK  [0m] Listening on [0;1;39mLibvirt qemu local socket[0m.
[[0;32m  OK  [0m] Listening on [0;1;39mLibvirt qemu admin socket[0m.
[[0;32m  OK  [0m] Listening on [0;1;39mLibvirt qemu local read-only socket[0m.
[[0;32m  OK  [0m] Listening on [0;1;39mLibvirt secret local socket[0m.
[[0;32m  OK  [0m] Listening on [0;1;39mLibvirt storage local socket[0m.
[[0;32m  OK  [0m] Reached target [0;1;39mSocket Units[0m.
         Starting [0;1;39mD-Bus System Message Bus[0m...
[[0;32m  OK  [0m] Started [0;1;39mD-Bus System Message Bus[0m.
[[0;32m  OK  [0m] Reached target [0;1;39mBasic System[0m.
         Starting [0;1;39mNetwork Manager[0m...
         Starting [0;1;39mNTP client/server[0m...
         Starting [0;1;39mRestore /run/initramfs on shutdown[0m...
[[0;32m  OK  [0m] Started [0;1;39mirqbalance daemon[0m.
[[0;32m  OK  [0m] Started [0;1;39mlibstoragemgmt plug-in server daemon[0m.
[[0;32m  OK  [0m] Started [0;1;39mMachine Check Exception Logging Daemon[0m.
[[0;32m  OK  [0m] Reached target [0;1;39msshd-keygen.target[0m.
[[0;32m  OK  [0m] Reached target [0;1;39mUser and Group Name Lookups[0m.
         Starting [0;1;39mUser Login Management[0m...
         Starting [0;1;39mVirtual Machine a…tainer Registration Service[0m...
[[0;32m  OK  [0m] Finished [0;1;39mRestore /run/initramfs on shutdown[0m.
[[0;32m  OK  [0m] Started [0;1;39mVirtual Machine an…ontainer Registration Service[0m.
[[0;32m  OK  [0m] Started [0;1;39mNTP client/server[0m.
         Starting [0;1;39mHostname Service[0m...
[[0;32m  OK  [0m] Started [0;1;39mUser Login Management[0m.
[[0;32m  OK  [0m] Started [0;1;39mHostname Service[0m.
         Starting [0;1;39mNetwork Manager Script Dispatcher Service[0m...
[[0;32m  OK  [0m] Started [0;1;39mNetwork Manager Script Dispatcher Service[0m.
[    9.813314] e1000: eth0 NIC Link is Up 1000 Mbps Full Duplex, Flow Control: RX
[[0;32m  OK  [0m] Started [0;1;39mNetwork Manager[0m.
[[0;32m  OK  [0m] Reached target [0;1;39mNetwork[0m.
[[0;32m  OK  [0m] Reached target [0;1;39mNetwork is Online[0m.
         Starting [0;1;39mGSSAPI Proxy Daemon[0m...
         Starting [0;1;39mNotify NFS peers of a restart[0m...
         Starting [0;1;39mSystem Logging Service[0m...
         Starting [0;1;39mOpenSSH server daemon[0m...
         Starting [0;1;39mDynamic System Tuning Daemon[0m...
[[0;32m  OK  [0m] Started [0;1;39mNotify NFS peers of a restart[0m.
[[0;32m  OK  [0m] Started [0;1;39mOpenSSH server daemon[0m.
[[0;32m  OK  [0m] Started [0;1;39mGSSAPI Proxy Daemon[0m.
[[0;32m  OK  [0m] Reached target [0;1;39mNFS client services[0m.
[[0;32m  OK  [0m] Reached target [0;1;39mPreparation for Remote File Systems[0m.
[[0;32m  OK  [0m] Reached target [0;1;39mRemote File Systems[0m.
         Starting [0;1;39mPermit User Sessions[0m...
         Starting [0;1;39mVirtualization qemu daemon[0m...
[[0;32m  OK  [0m] Finished [0;1;39mPermit User Sessions[0m.
[[0;32m  OK  [0m] Started [0;1;39mDeferred execution scheduler[0m.
[[0;32m  OK  [0m] Started [0;1;39mCommand Scheduler[0m.
         Starting [0;1;39mHold until boot process finishes up[0m...
         Starting [0;1;39mTerminate Plymouth Boot Screen[0m...
[[0;32m  OK  [0m] Started [0;1;39mVirtualization qemu daemon[0m.
[[0;32m  OK  [0m] Started [0;1;39mSystem Logging Service[0m.

CentOS Stream 9
Kernel 7.1.0-rc1-b3b6babf4751+ on an x86_64

Activate the web console with: systemctl enable --now cockpit.socket

test login: [   17.609182] pimreg: entered allmulticast mode
[   17.609834] 
[   17.609981] =============================
[   17.610261] WARNING: suspicious RCU usage
[   17.610525] 7.1.0-rc1-b3b6babf4751+ #1 Not tainted
[   17.610839] -----------------------------
[   17.611144] net/ipv4/ipmr.c:329 suspicious rcu_dereference_check() usage!
[   17.611555] 
[   17.611555] other info that might help us debug this:
[   17.611555] 
[   17.612116] 
[   17.612116] rcu_scheduler_active = 2, debug_locks = 1
[   17.612555] 2 locks held by repro/714:
[   17.612843]  #0: ffffffff87696300 (rcu_read_lock_bh){....}-{1:3}, at: __dev_queue_xmit+0x239/0x4140
[   17.613502]  #1: ff11000017ead518 (_xmit_PIMREG#2){+...}-{3:3}, at: __dev_queue_xmit+0x1d5d/0x4140
[   17.614127] 
[   17.614127] stack backtrace:
[   17.614427] CPU: 1 UID: 0 PID: 714 Comm: repro Not tainted 7.1.0-rc1-b3b6babf4751+ #1 PREEMPT(lazy) 
[   17.614437] Hardware name: QEMU Standard PC (i440FX + PIIX, 1996), BIOS rel-1.16.3-0-ga6ed6b701f0a-prebuilt.qemu.org 04/01/2014
[   17.614442] Call Trace:
[   17.614444]  <TASK>
[   17.614448]  dump_stack_lvl+0x121/0x150
[   17.614462]  dump_stack+0x19/0x20
[   17.614470]  lockdep_rcu_suspicious+0x15b/0x1f0
[   17.614487]  reg_vif_xmit+0x2ee/0x3c0
[   17.614501]  dev_hard_start_xmit+0x170/0x700
[   17.614518]  __dev_queue_xmit+0x1df1/0x4140
[   17.614528]  ? __might_fault+0x14a/0x1b0
[   17.614541]  ? __this_cpu_preempt_check+0x21/0x30
[   17.614559]  ? __pfx___dev_queue_xmit+0x10/0x10
[   17.614571]  ? _copy_from_iter+0x288/0x15e0
[   17.614582]  ? __virt_addr_valid+0x22c/0x420
[   17.614594]  ? __virt_addr_valid+0x22c/0x420
[   17.614604]  ? __this_cpu_preempt_check+0x21/0x30
[   17.614616]  ? __pfx__copy_from_iter+0x10/0x10
[   17.614630]  ? __sanitizer_cov_trace_const_cmp1+0x1e/0x30
[   17.614643]  ? packet_parse_headers+0x439/0x7b0
[   17.614656]  ? packet_parse_headers+0x202/0x7b0
[   17.614667]  ? __pfx_packet_parse_headers+0x10/0x10
[   17.614681]  packet_xmit+0x252/0x370
[   17.614694]  packet_sendmsg+0x39ad/0x5650
[   17.614709]  ? __lock_acquire+0x412/0x2210
[   17.614734]  ? __pfx_packet_sendmsg+0x10/0x10
[   17.614747]  ? audit_mark_handle_event+0x90/0x440
[   17.614756]  ? __import_iovec+0x1df/0x660
[   17.614766]  ? _copy_from_user+0x75/0xa0
[   17.614779]  ? __pfx_packet_sendmsg+0x10/0x10
[   17.614790]  ____sys_sendmsg+0xa21/0xba0
[   17.614806]  ? __pfx_____sys_sendmsg+0x10/0x10
[   17.614820]  ? __this_cpu_preempt_check+0x21/0x30
[   17.614830]  ? lock_release+0x14f/0x2c0
[   17.614844]  ___sys_sendmsg+0x121/0x1c0
[   17.614860]  ? __pfx____sys_sendmsg+0x10/0x10
[   17.614877]  ? __handle_mm_fault+0x656/0x2cb0
[   17.614906]  __sys_sendmsg+0x177/0x220
[   17.614915]  ? __pfx___sys_sendmsg+0x10/0x10
[   17.614932]  ? seqcount_lockdep_reader_access.constprop.0+0xc0/0xd0
[   17.614945]  ? __sanitizer_cov_trace_cmp4+0x1a/0x20
[   17.614955]  ? ktime_get_coarse_real_ts64+0xad/0xf0
[   17.614971]  __x64_sys_sendmsg+0x80/0xc0
[   17.614981]  x64_sys_call+0x1d9c/0x21c0
[   17.614992]  do_syscall_64+0xc1/0x10b0
[   17.615004]  entry_SYSCALL_64_after_hwframe+0x76/0x7e
[   17.615012] RIP: 0033:0x7f8505a3ee5d
[   17.615020] Code: ff c3 66 2e 0f 1f 84 00 00 00 00 00 90 f3 0f 1e fa 48 89 f8 48 89 f7 48 89 d6 48 89 ca 4d 89 c2 4d 89 c8 4c 8b 4c 24 08 0f 05 <48> 3d 01 f0 ff ff 73 01 c3 48 8b 0d 93 af 1b 00 f7 d8 64 89 01 48
[   17.615028] RSP: 002b:00007ffe7f3afbc8 EFLAGS: 00000246 ORIG_RAX: 000000000000002e
[   17.615036] RAX: ffffffffffffffda RBX: 0000200000000380 RCX: 00007f8505a3ee5d
[   17.615041] RDX: 0000000000000000 RSI: 00002000000012c0 RDI: 0000000000000004
[   17.615046] RBP: 00007ffe7f3afbf0 R08: 0000000200000000 R09: 0000000200000000
[   17.615051] R10: 0000000200000000 R11: 0000000000000246 R12: 00007ffe7f3afd08
[   17.615055] R13: 0000000000401164 R14: 0000000000403e08 R15: 00007f8505ca2000
[   17.615073]  </TASK>
[   17.645407] pimreg: entered allmulticast mode
[   17.665528] pimreg: left allmulticast mode
[   17.674609] pimreg: entered allmulticast mode
[   17.698558] pimreg: entered allmulticast mode
[   17.710743] pimreg: entered allmulticast mode
[   17.733935] pimreg: entered allmulticast mode
[   17.753483] pimreg: left allmulticast mode
[   17.753831] pimreg: left allmulticast mode
[   17.754102] pimreg: left allmulticast mode
[   17.754355] pimreg: left allmulticast mode
[   17.764102] pimreg: entered allmulticast mode
[   17.782757] pimreg: entered allmulticast mode
[   17.794866] pimreg: entered allmulticast mode
[   17.818555] pimreg: entered allmulticast mode
[   17.849492] pimreg: entered allmulticast mode
[   17.873943] pimreg: left allmulticast mode
[   17.874264] pimreg: left allmulticast mode
[   17.874514] pimreg: left allmulticast mode
[   17.874829] pimreg: left allmulticast mode
[   17.875148] pimreg: left allmulticast mode
[   17.883550] pimreg: entered allmulticast mode
[   17.901593] pimreg: entered allmulticast mode
[   17.921893] pimreg: entered allmulticast mode
[   17.941997] pimreg: entered allmulticast mode
[   17.958367] pimreg: entered allmulticast mode
[   17.978340] pimreg: entered allmulticast mode
[   18.005164] pimreg: entered allmulticast mode
[   18.030110] pimreg: left allmulticast mode
[   18.030572] pimreg: left allmulticast mode
[   18.030911] pimreg: left allmulticast mode
[   18.031208] pimreg: left allmulticast mode
[   18.031495] pimreg: left allmulticast mode
[   18.031859] pimreg: left allmulticast mode
[   18.032185] pimreg: left allmulticast mode
[   18.045221] pimreg: entered allmulticast mode
[   18.081570] pimreg: entered allmulticast mode
[   18.106517] pimreg: entered allmulticast mode
[   18.145647] pimreg: entered allmulticast mode
[   18.169286] pimreg: entered allmulticast mode
[   18.209705] pimreg: entered allmulticast mode
[   18.237904] pimreg: entered allmulticast mode
[   18.262123] pimreg: entered allmulticast mode
[   18.265781] pimreg: left allmulticast mode
[   18.266133] pimreg: left allmulticast mode
[   18.266405] pimreg: left allmulticast mode
[   18.266717] pimreg: left allmulticast mode
[   18.267021] pimreg: left allmulticast mode
[   18.267359] pimreg: left allmulticast mode
[   18.267665] pimreg: left allmulticast mode
[   18.267969] pimreg: left allmulticast mode
[   18.282041] pimreg: entered allmulticast mode
[   18.307562] pimreg: entered allmulticast mode
[   18.354673] pimreg: entered allmulticast mode
[   18.381332] pimreg: entered allmulticast mode
[   18.409573] pimreg: entered allmulticast mode
[   18.433424] pimreg: entered allmulticast mode
[   18.458011] pimreg: entered allmulticast mode
[   18.482112] pimreg: entered allmulticast mode
[   18.490798] pimreg: left allmulticast mode
[   18.491148] pimreg: left allmulticast mode
[   18.491407] pimreg: left allmulticast mode
[   18.491659] pimreg: left allmulticast mode
[   18.491925] pimreg: left allmulticast mode
[   18.492219] pimreg: left allmulticast mode
[   18.492515] pimreg: left allmulticast mode
[   18.493869] pimreg: left allmulticast mode
[   18.511489] pimreg: entered allmulticast mode
[   18.537427] pimreg: entered allmulticast mode
[   18.554244] pimreg: entered allmulticast mode
[   18.578151] pimreg: entered allmulticast mode
[   18.605006] pimreg: entered allmulticast mode
[   18.638149] pimreg: entered allmulticast mode
[   18.677076] pimreg: entered allmulticast mode
[   18.701238] pimreg: entered allmulticast mode
[   18.730388] pimreg: left allmulticast mode
[   18.730712] pimreg: left allmulticast mode
[   18.730999] pimreg: left allmulticast mode
[   18.731295] pimreg: left allmulticast mode
[   18.731585] pimreg: left allmulticast mode
[   18.732319] pimreg: left allmulticast mode
[   18.732633] pimreg: left allmulticast mode
[   18.732985] pimreg: left allmulticast mode
[   18.745790] pimreg: entered allmulticast mode
[   18.779919] pimreg: entered allmulticast mode
[   18.803869] pimreg: entered allmulticast mode
[   18.822368] pimreg: entered allmulticast mode
[   18.841920] pimreg: entered allmulticast mode
[   18.861164] pimreg: entered allmulticast mode
[   18.881414] pimreg: entered allmulticast mode
[   18.901518] pimreg: entered allmulticast mode
[   18.921272] pimreg: entered allmulticast mode
[   18.930776] pimreg: left allmulticast mode
[   18.931632] pimreg: left allmulticast mode
[   18.931998] pimreg: left allmulticast mode
[   18.932319] pimreg: left allmulticast mode
[   18.932635] pimreg: left allmulticast mode
[   18.933024] pimreg: left allmulticast mode
[   18.933375] pimreg: left allmulticast mode
[   18.933668] pimreg: left allmulticast mode
[   18.934014] pimreg: left allmulticast mode
[   18.950164] pimreg: entered allmulticast mode
[   18.972735] pimreg: entered allmulticast mode
[   18.996565] pimreg: entered allmulticast mode
[   19.021695] pimreg: entered allmulticast mode
[   19.046456] pimreg: entered allmulticast mode
[   19.069139] pimreg: entered allmulticast mode
[   19.093931] pimreg: entered allmulticast mode
[   19.134662] pimreg: entered allmulticast mode
[   19.154416] pimreg: left allmulticast mode
[   19.154855] pimreg: left allmulticast mode
[   19.155119] pimreg: left allmulticast mode
[   19.155376] pimreg: left allmulticast mode
[   19.155618] pimreg: left allmulticast mode
[   19.155948] pimreg: left allmulticast mode
[   19.156244] pimreg: left allmulticast mode
[   19.156532] pimreg: left allmulticast mode
[   19.169116] pimreg: entered allmulticast mode
[   19.190179] pimreg: entered allmulticast mode
[   19.222832] pimreg: entered allmulticast mode
[   19.234496] pimreg: entered allmulticast mode
[   19.257424] pimreg: entered allmulticast mode
[   19.270448] pimreg: left allmulticast mode
[   19.270802] pimreg: left allmulticast mode
[   19.271096] pimreg: left allmulticast mode
[   19.271442] pimreg: left allmulticast mode
[   19.271811] pimreg: left allmulticast mode
[   19.283157] pimreg: entered allmulticast mode
[   19.305049] pimreg: entered allmulticast mode
[   19.339447] pimreg: entered allmulticast mode
[   19.358713] pimreg: entered allmulticast mode
[   19.377939] pimreg: entered allmulticast mode
[   19.397945] pimreg: entered allmulticast mode
[   19.430464] pimreg: entered allmulticast mode
[   19.430838] pimreg: left allmulticast mode
[   19.431183] pimreg: left allmulticast mode
[   19.431441] pimreg: left allmulticast mode
[   19.431696] pimreg: left allmulticast mode
[   19.432064] pimreg: left allmulticast mode
[   19.432321] pimreg: left allmulticast mode
[   19.444761] pimreg: entered allmulticast mode
[   19.464402] pimreg: entered allmulticast mode
[   19.487120] pimreg: entered allmulticast mode
[   19.509754] pimreg: entered allmulticast mode
[   19.537442] pimreg: entered allmulticast mode
[   19.565041] pimreg: entered allmulticast mode
[   19.589347] pimreg: entered allmulticast mode
[   19.613748] pimreg: left allmulticast mode
[   19.614161] pimreg: left allmulticast mode
[   19.614486] pimreg: left allmulticast mode
[   19.614804] pimreg: left allmulticast mode
[   19.616195] pimreg: left allmulticast mode
[   19.616528] pimreg: left allmulticast mode
[   19.616853] pimreg: left allmulticast mode
[   19.617161] pimreg: left allmulticast mode
[   19.629878] pimreg: entered allmulticast mode
[   19.651713] pimreg: entered allmulticast mode
[   19.670681] pimreg: entered allmulticast mode
[   19.681923] pimreg: entered allmulticast mode
[   19.701570] pimreg: entered allmulticast mode
[   19.721818] pimreg: entered allmulticast mode
[   19.742708] pimreg: left allmulticast mode
[   19.743041] pimreg: left allmulticast mode
[   19.743314] pimreg: left allmulticast mode
[   19.743583] pimreg: left allmulticast mode
[   19.743858] pimreg: left allmulticast mode
[   19.745351] pimreg: left allmulticast mode
[   19.756332] pimreg: entered allmulticast mode
[   19.775651] pimreg: entered allmulticast mode
[   19.789977] pimreg: entered allmulticast mode
[   19.814052] pimreg: entered allmulticast mode
[   19.830988] pimreg: entered allmulticast mode
[   19.853034] pimreg: entered allmulticast mode
[   19.878312] pimreg: entered allmulticast mode
[   19.893143] pimreg: entered allmulticast mode
[   19.897738] pimreg: left allmulticast mode
[   19.898078] pimreg: left allmulticast mode
[   19.898436] pimreg: left allmulticast mode
[   19.898773] pimreg: left allmulticast mode
[   19.899125] pimreg: left allmulticast mode
[   19.899772] pimreg: left allmulticast mode
[   19.900198] pimreg: left allmulticast mode
[   19.900572] pimreg: left allmulticast mode
[   19.914653] pimreg: entered allmulticast mode
[   19.935243] pimreg: entered allmulticast mode
[   19.962519] pimreg: entered allmulticast mode
[   19.989669] pimreg: entered allmulticast mode
[   20.013653] pimreg: entered allmulticast mode
[   20.041248] pimreg: entered allmulticast mode
[   20.066187] pimreg: entered allmulticast mode
[   20.093353] pimreg: entered allmulticast mode
[   20.121344] pimreg: entered allmulticast mode
[   20.125891] pimreg: left allmulticast mode
[   20.126236] pimreg: left allmulticast mode
[   20.126499] pimreg: left allmulticast mode
[   20.126833] pimreg: left allmulticast mode
[   20.127175] pimreg: left allmulticast mode
[   20.127503] pimreg: left allmulticast mode
[   20.128123] pimreg: left allmulticast mode
[   20.128462] pimreg: left allmulticast mode
[   20.129042] pimreg: left allmulticast mode
[   20.143547] pimreg: entered allmulticast mode
[   20.163914] pimreg: entered allmulticast mode
[   20.184463] pimreg: entered allmulticast mode
[   20.210388] pimreg: entered allmulticast mode
[   20.237255] pimreg: entered allmulticast mode
[   20.257235] pimreg: entered allmulticast mode
[   20.282052] pimreg: left allmulticast mode
[   20.282352] pimreg: left allmulticast mode
[   20.282648] pimreg: left allmulticast mode
[   20.282963] pimreg: left allmulticast mode
[   20.283365] pimreg: left allmulticast mode
[   20.283662] pimreg: left allmulticast mode
[   20.294231] pimreg: entered allmulticast mode
[   20.312934] pimreg: entered allmulticast mode
[   20.350655] pimreg: entered allmulticast mode
[   20.373657] pimreg: entered allmulticast mode
[   20.397223] pimreg: entered allmulticast mode
[   20.417587] pimreg: entered allmulticast mode
[   20.445838] pimreg: entered allmulticast mode
[   20.461557] pimreg: left allmulticast mode
[   20.461909] pimreg: left allmulticast mode
[   20.462179] pimreg: left allmulticast mode
[   20.462439] pimreg: left allmulticast mode
[   20.462793] pimreg: left allmulticast mode
[   20.464379] pimreg: left allmulticast mode
[   20.464778] pimreg: left allmulticast mode
[   20.478039] pimreg: entered allmulticast mode
[   20.497897] pimreg: entered allmulticast mode
[   20.528272] pimreg: entered allmulticast mode
[   20.549382] pimreg: entered allmulticast mode
[   20.593048] pimreg: entered allmulticast mode
[   20.617029] pimreg: entered allmulticast mode
[   20.641000] pimreg: entered allmulticast mode
[   20.665807] pimreg: entered allmulticast mode
[   20.674176] pimreg: left allmulticast mode
[   20.674612] pimreg: left allmulticast mode
[   20.674986] pimreg: left allmulticast mode
[   20.675290] pimreg: left allmulticast mode
[   20.675669] pimreg: left allmulticast mode
[   20.675992] pimreg: left allmulticast mode
[   20.676329] pimreg: left allmulticast mode
[   20.676645] pimreg: left allmulticast mode
[   20.691063] pimreg: entered allmulticast mode
[   20.712035] pimreg: entered allmulticast mode
[   20.748494] pimreg: entered allmulticast mode
[   20.763437] pimreg: entered allmulticast mode
[   20.793593] pimreg: left allmulticast mode
[   20.793942] pimreg: left allmulticast mode
[   20.794211] pimreg: left allmulticast mode
[   20.795016] pimreg: left allmulticast mode
[   20.803983] pimreg: entered allmulticast mode
[   20.830124] pimreg: entered allmulticast mode
[   20.853358] pimreg: entered allmulticast mode
[   20.881128] pimreg: entered allmulticast mode
[   20.924192] pimreg: entered allmulticast mode
[   20.957293] pimreg: entered allmulticast mode
[   20.961854] pimreg: left allmulticast mode
[   20.962186] pimreg: left allmulticast mode
[   20.962568] pimreg: left allmulticast mode
[   20.962972] pimreg: left allmulticast mode
[   20.963338] pimreg: left allmulticast mode
[   20.981364] pimreg: entered allmulticast mode
[   21.002419] pimreg: entered allmulticast mode
[   21.025867] pimreg: entered allmulticast mode
[   21.045408] pimreg: entered allmulticast mode
[   21.069622] pimreg: entered allmulticast mode
[   21.089413] pimreg: entered allmulticast mode
[   21.131627] pimreg: entered allmulticast mode
[   21.132036] pimreg: left allmulticast mode
[   21.132484] pimreg: left allmulticast mode
[   21.134014] pimreg: left allmulticast mode
[   21.134531] pimreg: left allmulticast mode
[   21.134885] pimreg: left allmulticast mode
[   21.135213] pimreg: left allmulticast mode
[   21.135532] pimreg: left allmulticast mode
[   21.148114] pimreg: entered allmulticast mode
[   21.169508] pimreg: entered allmulticast mode
[   21.189528] pimreg: entered allmulticast mode
[   21.201966] pimreg: entered allmulticast mode
[   21.229858] pimreg: entered allmulticast mode
[   21.270626] pimreg: entered allmulticast mode
[   21.301740] pimreg: entered allmulticast mode
[   21.325657] pimreg: left allmulticast mode
[   21.326010] pimreg: left allmulticast mode
[   21.326275] pimreg: left allmulticast mode
[   21.326533] pimreg: left allmulticast mode
[   21.326800] pimreg: left allmulticast mode
[   21.327218] pimreg: left allmulticast mode
[   21.328130] pimreg: left allmulticast mode
[   21.329145] pimreg: left allmulticast mode
[   21.341854] pimreg: entered allmulticast mode
[   21.367224] pimreg: entered allmulticast mode
[   21.378992] pimreg: entered allmulticast mode
[   21.406238] pimreg: entered allmulticast mode
[   21.433246] pimreg: entered allmulticast mode
[   21.469768] pimreg: entered allmulticast mode
[   21.509313] pimreg: entered allmulticast mode
[   21.537649] pimreg: entered allmulticast mode
[   21.561646] pimreg: left allmulticast mode
[   21.561991] pimreg: left allmulticast mode
[   21.562255] pimreg: left allmulticast mode
[   21.562504] pimreg: left allmulticast mode
[   21.562772] pimreg: left allmulticast mode
[   21.563179] pimreg: left allmulticast mode
[   21.563500] pimreg: left allmulticast mode
[   21.563817] pimreg: left allmulticast mode
[   21.576889] pimreg: entered allmulticast mode
[   21.598627] pimreg: entered allmulticast mode
[   21.616173] pimreg: entered allmulticast mode
[   21.645396] pimreg: entered allmulticast mode
[   21.669488] pimreg: entered allmulticast mode
[   21.709004] pimreg: entered allmulticast mode
[   21.733619] pimreg: entered allmulticast mode
[   21.753159] pimreg: entered allmulticast mode
[   21.777347] pimreg: entered allmulticast mode
[   21.781878] pimreg: left allmulticast mode
[   21.782209] pimreg: left allmulticast mode
[   21.782491] pimreg: left allmulticast mode
[   21.782753] pimreg: left allmulticast mode
[   21.783001] pimreg: left allmulticast mode
[   21.783292] pimreg: left allmulticast mode
[   21.783580] pimreg: left allmulticast mode
[   21.784523] pimreg: left allmulticast mode
[   21.785575] pimreg: left allmulticast mode
[   21.800645] pimreg: entered allmulticast mode
[   21.828538] pimreg: entered allmulticast mode
[   21.866221] pimreg: entered allmulticast mode
[   21.886590] pimreg: entered allmulticast mode
[   21.909519] pimreg: entered allmulticast mode
[   21.937759] pimreg: entered allmulticast mode
[   21.960962] pimreg: entered allmulticast mode
[   21.985155] pimreg: entered allmulticast mode
[   22.013096] pimreg: entered allmulticast mode
[   22.042238] pimreg: entered allmulticast mode
[   22.066278] pimreg: left allmulticast mode
[   22.066573] pimreg: left allmulticast mode
[   22.066836] pimreg: left allmulticast mode
[   22.067095] pimreg: left allmulticast mode
[   22.067371] pimreg: left allmulticast mode
[   22.067631] pimreg: left allmulticast mode
[   22.069089] pimreg: left allmulticast mode
[   22.069427] pimreg: left allmulticast mode
[   22.069739] pimreg: left allmulticast mode
[   22.070030] pimreg: left allmulticast mode
[   22.084643] pimreg: entered allmulticast mode
[   22.109309] pimreg: entered allmulticast mode
[   22.139378] pimreg: entered allmulticast mode
[   22.151846] pimreg: entered allmulticast mode
[   22.173138] pimreg: entered allmulticast mode
[   22.197717] pimreg: entered allmulticast mode
[   22.217062] pimreg: entered allmulticast mode
[   22.261215] pimreg: entered allmulticast mode
[   22.289514] pimreg: entered allmulticast mode
[   22.318196] pimreg: left allmulticast mode
[   22.318552] pimreg: left allmulticast mode
[   22.318837] pimreg: left allmulticast mode
[   22.319109] pimreg: left allmulticast mode
[   22.319360] pimreg: left allmulticast mode
[   22.319610] pimreg: left allmulticast mode
[   22.319869] pimreg: left allmulticast mode
[   22.320133] pimreg: left allmulticast mode
[   22.320380] pimreg: left allmulticast mode
[   22.335784] pimreg: entered allmulticast mode
[   22.364603] pimreg: entered allmulticast mode
[   22.384422] pimreg: entered allmulticast mode
[   22.405290] pimreg: entered allmulticast mode
[   22.433019] pimreg: entered allmulticast mode
[   22.457180] pimreg: entered allmulticast mode
[   22.482028] pimreg: entered allmulticast mode
[   22.497147] pimreg: entered allmulticast mode
[   22.517328] pimreg: entered allmulticast mode
[   22.542093] pimreg: left allmulticast mode
[   22.542393] pimreg: left allmulticast mode
[   22.542697] pimreg: left allmulticast mode
[   22.543008] pimreg: left allmulticast mode
[   22.543306] pimreg: left allmulticast mode
[   22.543720] pimreg: left allmulticast mode
[   22.544013] pimreg: left allmulticast mode
[   22.544306] pimreg: left allmulticast mode
[   22.544591] pimreg: left allmulticast mode
[   22.558758] pimreg: entered allmulticast mode
[   22.578858] pimreg: entered allmulticast mode
[   22.620831] pimreg: entered allmulticast mode
[   22.634737] pimreg: entered allmulticast mode
[   22.661641] pimreg: entered allmulticast mode
[   22.686053] pimreg: left allmulticast mode
[   22.686338] pimreg: left allmulticast mode
[   22.686586] pimreg: left allmulticast mode
[   22.686901] pimreg: left allmulticast mode
[   22.687194] pimreg: left allmulticast mode
[   22.697630] pimreg: entered allmulticast mode
[   22.716315] pimreg: entered allmulticast mode
[   22.743134] pimreg: entered allmulticast mode
[   22.761301] pimreg: entered allmulticast mode
[   22.784959] pimreg: entered allmulticast mode
[   22.810278] pimreg: entered allmulticast mode
[   22.833531] pimreg: left allmulticast mode
[   22.833899] pimreg: left allmulticast mode
[   22.834192] pimreg: left allmulticast mode
[   22.834779] pimreg: left allmulticast mode
[   22.835559] pimreg: left allmulticast mode
[   22.835855] pimreg: left allmulticast mode
[   22.846151] pimreg: entered allmulticast mode
[   22.864367] pimreg: entered allmulticast mode
[   22.890043] pimreg: entered allmulticast mode
[   22.913117] pimreg: entered allmulticast mode
[   22.945203] pimreg: entered allmulticast mode
[   22.972976] pimreg: entered allmulticast mode
[   23.001525] pimreg: entered allmulticast mode
[   23.024914] pimreg: entered allmulticast mode
[   23.029735] pimreg: left allmulticast mode
[   23.030070] pimreg: left allmulticast mode
[   23.030319] pimreg: left allmulticast mode
[   23.030627] pimreg: left allmulticast mode
[   23.030945] pimreg: left allmulticast mode
[   23.031237] pimreg: left allmulticast mode
[   23.031532] pimreg: left allmulticast mode
[   23.045161] pimreg: entered allmulticast mode
[   23.065364] pimreg: entered allmulticast mode
[   23.091163] pimreg: entered allmulticast mode
[   23.129537] pimreg: entered allmulticast mode
[   23.157063] pimreg: entered allmulticast mode
[   23.177816] pimreg: entered allmulticast mode
[   23.205184] pimreg: entered allmulticast mode
[   23.229602] pimreg: entered allmulticast mode
[   23.249950] pimreg: left allmulticast mode
[   23.250289] pimreg: left allmulticast mode
[   23.250572] pimreg: left allmulticast mode
[   23.250908] pimreg: left allmulticast mode
[   23.251235] pimreg: left allmulticast mode
[   23.251746] pimreg: left allmulticast mode
[   23.252473] pimreg: left allmulticast mode
[   23.253244] pimreg: left allmulticast mode
[   23.253572] pimreg: left allmulticast mode
[   23.268512] pimreg: entered allmulticast mode
[   23.292873] pimreg: entered allmulticast mode
[   23.320853] pimreg: entered allmulticast mode
[   23.341206] pimreg: entered allmulticast mode
[   23.365573] pimreg: entered allmulticast mode
[   23.384972] pimreg: entered allmulticast mode
[   23.409135] pimreg: entered allmulticast mode
[   23.449577] pimreg: entered allmulticast mode
[   23.470213] pimreg: left allmulticast mode
[   23.470565] pimreg: left allmulticast mode
[   23.470825] pimreg: left allmulticast mode
[   23.471121] pimreg: left allmulticast mode
[   23.471429] pimreg: left allmulticast mode
[   23.471734] pimreg: left allmulticast mode
[   23.472027] pimreg: left allmulticast mode
[   23.472319] pimreg: left allmulticast mode
[   23.486342] pimreg: entered allmulticast mode
[   23.525282] pimreg: entered allmulticast mode
[   23.545799] pimreg: entered allmulticast mode
[   23.557892] pimreg: entered allmulticast mode
[   23.581244] pimreg: entered allmulticast mode
[   23.605356] pimreg: entered allmulticast mode
[   23.621715] pimreg: left allmulticast mode
[   23.622056] pimreg: left allmulticast mode
[   23.622320] pimreg: left allmulticast mode
[   23.622899] pimreg: left allmulticast mode
[   23.623381] pimreg: left allmulticast mode
[   23.623708] pimreg: left allmulticast mode
[   23.634445] pimreg: entered allmulticast mode
[   23.652658] pimreg: entered allmulticast mode
[   23.676900] pimreg: entered allmulticast mode
[   23.689880] pimreg: entered allmulticast mode
[   23.713312] pimreg: entered allmulticast mode
[   23.717788] pimreg: left allmulticast mode
[   23.718134] pimreg: left allmulticast mode
[   23.718392] pimreg: left allmulticast mode
[   23.718672] pimreg: left allmulticast mode
[   23.718960] pimreg: left allmulticast mode
[   23.729532] pimreg: entered allmulticast mode
[   23.747055] pimreg: entered allmulticast mode
[   23.774778] pimreg: entered allmulticast mode
[   23.805027] pimreg: entered allmulticast mode
[   23.819297] pimreg: entered allmulticast mode
[   23.829746] pimreg: left allmulticast mode
[   23.830091] pimreg: left allmulticast mode
[   23.830365] pimreg: left allmulticast mode
[   23.830630] pimreg: left allmulticast mode
[   23.830937] pimreg: left allmulticast mode
[   23.841225] pimreg: entered allmulticast mode
[   23.873899] pimreg: entered allmulticast mode
[   23.886360] pimreg: entered allmulticast mode
[   23.913864] pimreg: entered allmulticast mode
[   23.933243] pimreg: entered allmulticast mode
[   23.957487] pimreg: entered allmulticast mode
[   23.974037] pimreg: left allmulticast mode
[   23.974331] pimreg: left allmulticast mode
[   23.974583] pimreg: left allmulticast mode
[   23.974928] pimreg: left allmulticast mode
[   23.975232] pimreg: left allmulticast mode
[   23.975548] pimreg: left allmulticast mode
[   23.985696] pimreg: entered allmulticast mode
[   24.004129] pimreg: entered allmulticast mode
[   24.027696] pimreg: entered allmulticast mode
[   24.053290] pimreg: entered allmulticast mode
[   24.077155] pimreg: entered allmulticast mode
[   24.105143] pimreg: entered allmulticast mode
[   24.144695] pimreg: entered allmulticast mode
[   24.157945] pimreg: left allmulticast mode
[   24.158621] pimreg: left allmulticast mode
[   24.158904] pimreg: left allmulticast mode
[   24.159219] pimreg: left allmulticast mode
[   24.159956] pimreg: left allmulticast mode
[   24.160218] pimreg: left allmulticast mode
[   24.160467] pimreg: left allmulticast mode
[   24.173045] pimreg: entered allmulticast mode
[   24.193166] pimreg: entered allmulticast mode
[   24.220527] pimreg: entered allmulticast mode
[   24.245413] pimreg: entered allmulticast mode
[   24.281226] pimreg: entered allmulticast mode
[   24.309446] pimreg: entered allmulticast mode
[   24.341640] pimreg: entered allmulticast mode
[   24.373311] pimreg: entered allmulticast mode
[   24.378032] pimreg: left allmulticast mode
[   24.378396] pimreg: left allmulticast mode
[   24.379231] pimreg: left allmulticast mode
[   24.379742] pimreg: left allmulticast mode
[   24.380188] pimreg: left allmulticast mode
[   24.380494] pimreg: left allmulticast mode
[   24.381196] pimreg: left allmulticast mode
[   24.393937] pimreg: entered allmulticast mode
[   24.421315] pimreg: entered allmulticast mode
[   24.449285] pimreg: entered allmulticast mode
[   24.494077] pimreg: entered allmulticast mode
[   24.509221] pimreg: entered allmulticast mode
[   24.529622] pimreg: entered allmulticast mode
[   24.549316] pimreg: entered allmulticast mode
[   24.558476] pimreg: left allmulticast mode
[   24.558854] pimreg: left allmulticast mode
[   24.559121] pimreg: left allmulticast mode
[   24.559382] pimreg: left allmulticast mode
[   24.559708] pimreg: left allmulticast mode
[   24.560011] pimreg: left allmulticast mode
[   24.560328] pimreg: left allmulticast mode
[   24.560638] pimreg: left allmulticast mode
[   24.575159] pimreg: entered allmulticast mode
[   24.599635] pimreg: entered allmulticast mode
[   24.616952] pimreg: entered allmulticast mode
[   24.629169] pimreg: entered allmulticast mode
[   24.653399] pimreg: entered allmulticast mode
[   24.685356] pimreg: entered allmulticast mode
[   24.705917] pimreg: left allmulticast mode
[   24.706205] pimreg: left allmulticast mode
[   24.706530] pimreg: left allmulticast mode
[   24.706859] pimreg: left allmulticast mode
[   24.707163] pimreg: left allmulticast mode
[   24.707796] pimreg: left allmulticast mode
[   24.718155] pimreg: entered allmulticast mode
[   24.741172] pimreg: entered allmulticast mode
[   24.764866] pimreg: entered allmulticast mode
[   24.778280] pimreg: entered allmulticast mode
[   24.793418] pimreg: entered allmulticast mode
[   24.816582] pimreg: entered allmulticast mode
[   24.829951] pimreg: left allmulticast mode
[   24.830306] pimreg: left allmulticast mode
[   24.830592] pimreg: left allmulticast mode
[   24.830867] pimreg: left allmulticast mode
[   24.831118] pimreg: left allmulticast mode
[   24.831409] pimreg: left allmulticast mode
[   24.843815] pimreg: entered allmulticast mode
[   24.872172] pimreg: entered allmulticast mode
[   24.897252] pimreg: entered allmulticast mode
[   24.909793] pimreg: entered allmulticast mode
[   24.949105] pimreg: entered allmulticast mode
[   24.968828] pimreg: entered allmulticast mode
[   24.973597] pimreg: left allmulticast mode
[   24.973916] pimreg: left allmulticast mode
[   24.974178] pimreg: left allmulticast mode
[   24.974433] pimreg: left allmulticast mode
[   24.974692] pimreg: left allmulticast mode
[   24.988879] pimreg: entered allmulticast mode
[   25.005962] pimreg: entered allmulticast mode
[   25.030302] pimreg: entered allmulticast mode
[   25.053714] pimreg: entered allmulticast mode
[   25.073072] pimreg: entered allmulticast mode
[   25.101239] pimreg: entered allmulticast mode
[   25.125818] pimreg: left allmulticast mode
[   25.126160] pimreg: left allmulticast mode
[   25.126693] pimreg: left allmulticast mode
[   25.127024] pimreg: left allmulticast mode
[   25.127346] pimreg: left allmulticast mode
[   25.127671] pimreg: left allmulticast mode
[   25.127964] pimreg: left allmulticast mode
[   25.139737] pimreg: entered allmulticast mode
[   25.150160] pimreg: entered allmulticast mode
[   25.165724] pimreg: entered allmulticast mode
[   25.192151] pimreg: entered allmulticast mode
[   25.221327] pimreg: entered allmulticast mode
[   25.249046] pimreg: entered allmulticast mode
[   25.277255] pimreg: entered allmulticast mode
[   25.305077] pimreg: entered allmulticast mode
[   25.333423] pimreg: entered allmulticast mode
[   25.338010] pimreg: left allmulticast mode
[   25.338388] pimreg: left allmulticast mode
[   25.338739] pimreg: left allmulticast mode
[   25.339050] pimreg: left allmulticast mode
[   25.339346] pimreg: left allmulticast mode
[   25.339677] pimreg: left allmulticast mode
[   25.340388] pimreg: left allmulticast mode
[   25.340760] pimreg: left allmulticast mode
[   25.341133] pimreg: left allmulticast mode
[   25.355881] pimreg: entered allmulticast mode
[   25.374949] pimreg: entered allmulticast mode
[   25.402790] pimreg: entered allmulticast mode
[   25.425779] pimreg: entered allmulticast mode
[   25.449140] pimreg: entered allmulticast mode
[   25.473131] pimreg: entered allmulticast mode
[   25.493869] pimreg: entered allmulticast mode
[   25.513872] pimreg: entered allmulticast mode
[   25.538093] pimreg: left allmulticast mode
[   25.538534] pimreg: left allmulticast mode
[   25.539761] pimreg: left allmulticast mode
[   25.540135] pimreg: left allmulticast mode
[   25.540460] pimreg: left allmulticast mode
[   25.542142] pimreg: left allmulticast mode
[   25.542530] pimreg: left allmulticast mode
[   25.542869] pimreg: left allmulticast mode
[   25.555318] pimreg: entered allmulticast mode
[   25.573831] pimreg: entered allmulticast mode
[   25.601929] pimreg: entered allmulticast mode
[   25.625590] pimreg: entered allmulticast mode
[   25.649145] pimreg: entered allmulticast mode
[   25.685357] pimreg: entered allmulticast mode
[   25.725652] pimreg: entered allmulticast mode
[   25.761197] pimreg: entered allmulticast mode
[   25.765891] pimreg: left allmulticast mode
[   25.766224] pimreg: left allmulticast mode
[   25.766498] pimreg: left allmulticast mode
[   25.766770] pimreg: left allmulticast mode
[   25.767021] pimreg: left allmulticast mode
[   25.767325] pimreg: left allmulticast mode
[   25.768044] pimreg: left allmulticast mode
[   25.768392] pimreg: left allmulticast mode
[   25.781941] pimreg: entered allmulticast mode
[   25.810003] pimreg: entered allmulticast mode
[   25.854399] pimreg: entered allmulticast mode
[   25.881607] pimreg: entered allmulticast mode
[   25.905470] pimreg: entered allmulticast mode
[   25.945239] pimreg: entered allmulticast mode
[   25.969134] pimreg: entered allmulticast mode
[   26.009625] pimreg: entered allmulticast mode
[   26.026067] pimreg: left allmulticast mode
[   26.026351] pimreg: left allmulticast mode
[   26.026616] pimreg: left allmulticast mode
[   26.026870] pimreg: left allmulticast mode
[   26.027281] pimreg: left allmulticast mode
[   26.027605] pimreg: left allmulticast mode
[   26.027902] pimreg: left allmulticast mode
[   26.028194] pimreg: left allmulticast mode
[   26.041687] pimreg: entered allmulticast mode
[   26.066504] pimreg: entered allmulticast mode
[   26.085577] pimreg: entered allmulticast mode
[   26.101842] pimreg: entered allmulticast mode
[   26.125720] pimreg: entered allmulticast mode
[   26.157234] pimreg: entered allmulticast mode
[   26.180851] pimreg: entered allmulticast mode
[   26.201511] pimreg: entered allmulticast mode
[   26.228866] pimreg: entered allmulticast mode
[   26.241800] pimreg: left allmulticast mode
[   26.242138] pimreg: left allmulticast mode
[   26.242395] pimreg: left allmulticast mode
[   26.242668] pimreg: left allmulticast mode
[   26.242924] pimreg: left allmulticast mode
[   26.243243] pimreg: left allmulticast mode
[   26.243540] pimreg: left allmulticast mode
[   26.244383] pimreg: left allmulticast mode
[   26.244732] pimreg: left allmulticast mode
[   26.259882] pimreg: entered allmulticast mode
[   26.287566] pimreg: entered allmulticast mode
[   26.301086] pimreg: entered allmulticast mode
[   26.314582] pimreg: entered allmulticast mode
[   26.345212] pimreg: entered allmulticast mode
[   26.369460] pimreg: entered allmulticast mode
[   26.393368] pimreg: entered allmulticast mode
[   26.421561] pimreg: entered allmulticast mode
[   26.427434] pimreg: left allmulticast mode
[   26.428071] pimreg: left allmulticast mode
[   26.428389] pimreg: left allmulticast mode
[   26.428699] pimreg: left allmulticast mode
[   26.429197] pimreg: left allmulticast mode
[   26.429525] pimreg: left allmulticast mode
[   26.429829] pimreg: left allmulticast mode
[   26.430125] pimreg: left allmulticast mode
[   26.443808] pimreg: entered allmulticast mode
[   26.466042] pimreg: entered allmulticast mode
[   26.483811] pimreg: entered allmulticast mode
[   26.500568] pimreg: entered allmulticast mode
[   26.529044] pimreg: entered allmulticast mode
[   26.553298] pimreg: entered allmulticast mode
[   26.581235] pimreg: entered allmulticast mode
[   26.605369] pimreg: entered allmulticast mode
[   26.625566] pimreg: entered allmulticast mode
[   26.649905] pimreg: left allmulticast mode
[   26.650234] pimreg: left allmulticast mode
[   26.650501] pimreg: left allmulticast mode
[   26.650974] pimreg: left allmulticast mode
[   26.651264] pimreg: left allmulticast mode
[   26.651692] pimreg: left allmulticast mode
[   26.652014] pimreg: left allmulticast mode
[   26.652317] pimreg: left allmulticast mode
[   26.652635] pimreg: left allmulticast mode
[   26.667107] pimreg: entered allmulticast mode
[   26.686893] pimreg: entered allmulticast mode
[   26.712140] pimreg: entered allmulticast mode
[   26.733893] pimreg: entered allmulticast mode
[   26.753026] pimreg: entered allmulticast mode
[   26.785239] pimreg: entered allmulticast mode
[   26.805106] pimreg: entered allmulticast mode
[   26.829333] pimreg: entered allmulticast mode
[   26.869467] pimreg: entered allmulticast mode
[   26.890041] pimreg: left allmulticast mode
[   26.890365] pimreg: left allmulticast mode
[   26.890642] pimreg: left allmulticast mode
[   26.890889] pimreg: left allmulticast mode
[   26.891188] pimreg: left allmulticast mode
[   26.891774] pimreg: left allmulticast mode
[   26.892124] pimreg: left allmulticast mode
[   26.892419] pimreg: left allmulticast mode
[   26.892730] pimreg: left allmulticast mode
[   26.907401] pimreg: entered allmulticast mode
[   26.938871] pimreg: entered allmulticast mode
[   26.958035] pimreg: entered allmulticast mode
[   26.985417] pimreg: entered allmulticast mode
[   27.013353] pimreg: entered allmulticast mode
[   27.041147] pimreg: entered allmulticast mode
[   27.081206] pimreg: entered allmulticast mode
[   27.121308] pimreg: entered allmulticast mode
[   27.148580] pimreg: entered allmulticast mode
[   27.165746] pimreg: left allmulticast mode
[   27.166268] pimreg: left allmulticast mode
[   27.166703] pimreg: left allmulticast mode
[   27.166968] pimreg: left allmulticast mode
[   27.167217] pimreg: left allmulticast mode
[   27.167465] pimreg: left allmulticast mode
[   27.167764] pimreg: left allmulticast mode
[   27.168064] pimreg: left allmulticast mode
[   27.168360] pimreg: left allmulticast mode
[   27.183260] pimreg: entered allmulticast mode
[   27.209449] pimreg: entered allmulticast mode
[   27.237975] pimreg: entered allmulticast mode
[   27.249722] pimreg: entered allmulticast mode
[   27.281422] pimreg: entered allmulticast mode
[   27.305145] pimreg: entered allmulticast mode
[   27.318727] pimreg: left allmulticast mode
[   27.319383] pimreg: left allmulticast mode
[   27.319699] pimreg: left allmulticast mode
[   27.319970] pimreg: left allmulticast mode
[   27.320221] pimreg: left allmulticast mode
[   27.320531] pimreg: left allmulticast mode
[   27.332175] pimreg: entered allmulticast mode
[   27.356387] pimreg: entered allmulticast mode
[   27.380204] pimreg: entered allmulticast mode
[   27.400998] pimreg: entered allmulticast mode
[   27.425016] pimreg: entered allmulticast mode
[   27.445095] pimreg: entered allmulticast mode
[   27.465811] pimreg: entered allmulticast mode
[   27.474079] pimreg: left allmulticast mode
[   27.474625] pimreg: left allmulticast mode
[   27.474909] pimreg: left allmulticast mode
[   27.475159] pimreg: left allmulticast mode
[   27.475405] pimreg: left allmulticast mode
[   27.475712] pimreg: left allmulticast mode
[   27.476011] pimreg: left allmulticast mode
[   27.488258] pimreg: entered allmulticast mode
[   27.528093] pimreg: entered allmulticast mode
[   27.560979] pimreg: entered allmulticast mode
[   27.577861] pimreg: entered allmulticast mode
[   27.601824] pimreg: entered allmulticast mode
[   27.625191] pimreg: entered allmulticast mode
[   27.657095] pimreg: entered allmulticast mode
[   27.677232] pimreg: entered allmulticast mode
[   27.686385] pimreg: left allmulticast mode
[   27.686763] pimreg: left allmulticast mode
[   27.687104] pimreg: left allmulticast mode
[   27.687404] pimreg: left allmulticast mode
[   27.687726] pimreg: left allmulticast mode
[   27.688042] pimreg: left allmulticast mode
[   27.688338] pimreg: left allmulticast mode
[   27.688647] pimreg: left allmulticast mode
[   27.703167] pimreg: entered allmulticast mode
[   27.730814] pimreg: entered allmulticast mode
[   27.748767] pimreg: entered allmulticast mode
[   27.766320] pimreg: entered allmulticast mode
[   27.777707] pimreg: entered allmulticast mode
[   27.801420] pimreg: entered allmulticast mode
[   27.821799] pimreg: left allmulticast mode
[   27.822137] pimreg: left allmulticast mode
[   27.822391] pimreg: left allmulticast mode
[   27.822657] pimreg: left allmulticast mode
[   27.823235] pimreg: left allmulticast mode
[   27.823549] pimreg: left allmulticast mode
[   27.834440] pimreg: entered allmulticast mode
[   27.856856] pimreg: entered allmulticast mode
[   27.879524] pimreg: entered allmulticast mode
[   27.888937] pimreg: entered allmulticast mode
[   27.912880] pimreg: entered allmulticast mode
[   27.926439] pimreg: left allmulticast mode
[   27.926906] pimreg: left allmulticast mode
[   27.927234] pimreg: left allmulticast mode
[   27.927572] pimreg: left allmulticast mode
[   27.927881] pimreg: left allmulticast mode
[   27.937963] pimreg: entered allmulticast mode
[   27.966858] pimreg: entered allmulticast mode
[   27.986100] pimreg: entered allmulticast mode
[   27.997788] pimreg: entered allmulticast mode
[   28.021509] pimreg: entered allmulticast mode
[   28.033960] pimreg: left allmulticast mode
[   28.034504] pimreg: left allmulticast mode
[   28.034766] pimreg: left allmulticast mode
[   28.035025] pimreg: left allmulticast mode
[   28.035326] pimreg: left allmulticast mode
[   28.045492] pimreg: entered allmulticast mode
[   28.075026] pimreg: entered allmulticast mode
[   28.095326] pimreg: entered allmulticast mode
[   28.113202] pimreg: entered allmulticast mode
[   28.137861] pimreg: entered allmulticast mode
[   28.157293] pimreg: entered allmulticast mode
[   28.181404] pimreg: entered allmulticast mode
[   28.181793] pimreg: left allmulticast mode
[   28.182136] pimreg: left allmulticast mode
[   28.182471] pimreg: left allmulticast mode
[   28.182791] pimreg: left allmulticast mode
[   28.183110] pimreg: left allmulticast mode
[   28.183406] pimreg: left allmulticast mode
[   28.195107] pimreg: entered allmulticast mode
[   28.213765] pimreg: entered allmulticast mode
[   28.239687] pimreg: entered allmulticast mode
[   28.261234] pimreg: entered allmulticast mode
[   28.289118] pimreg: entered allmulticast mode
[   28.313134] pimreg: entered allmulticast mode
[   28.333289] pimreg: entered allmulticast mode
[   28.349611] pimreg: left allmulticast mode
[   28.349961] pimreg: left allmulticast mode
[   28.350301] pimreg: left allmulticast mode
[   28.350623] pimreg: left allmulticast mode
[   28.350922] pimreg: left allmulticast mode
[   28.351224] pimreg: left allmulticast mode
[   28.351546] pimreg: left allmulticast mode
[   28.351845] pimreg: left allmulticast mode
[   28.365933] pimreg: entered allmulticast mode
[   28.385638] pimreg: entered allmulticast mode
[   28.402175] pimreg: entered allmulticast mode
[   28.417969] pimreg: entered allmulticast mode
[   28.446974] pimreg: entered allmulticast mode
[   28.464527] pimreg: entered allmulticast mode
[   28.477561] pimreg: entered allmulticast mode
[   28.497318] pimreg: left allmulticast mode
[   28.497677] pimreg: left allmulticast mode
[   28.497936] pimreg: left allmulticast mode
[   28.498189] pimreg: left allmulticast mode
[   28.498533] pimreg: left allmulticast mode
[   28.498837] pimreg: left allmulticast mode
[   28.499135] pimreg: left allmulticast mode
[   28.511597] pimreg: entered allmulticast mode
[   28.549613] pimreg: entered allmulticast mode
[   28.582773] pimreg: entered allmulticast mode
[   28.609129] pimreg: entered allmulticast mode
[   28.638184] pimreg: entered allmulticast mode
[   28.665269] pimreg: entered allmulticast mode
[   28.692900] pimreg: entered allmulticast mode
[   28.722002] pimreg: entered allmulticast mode
[   28.726853] pimreg: left allmulticast mode
[   28.727168] pimreg: left allmulticast mode
[   28.727438] pimreg: left allmulticast mode
[   28.727690] pimreg: left allmulticast mode
[   28.727992] pimreg: left allmulticast mode
[   28.728276] pimreg: left allmulticast mode
[   28.728590] pimreg: left allmulticast mode
[   28.729206] pimreg: left allmulticast mode
[   28.743653] pimreg: entered allmulticast mode
[   28.765006] pimreg: entered allmulticast mode
[   28.780683] pimreg: entered allmulticast mode
[   28.793238] pimreg: entered allmulticast mode
[   28.825087] pimreg: entered allmulticast mode
[   28.869485] pimreg: entered allmulticast mode
[   28.906098] pimreg: left allmulticast mode
[   28.906394] pimreg: left allmulticast mode
[   28.906659] pimreg: left allmulticast mode
[   28.906923] pimreg: left allmulticast mode
[   28.907170] pimreg: left allmulticast mode
[   28.907465] pimreg: left allmulticast mode
[   28.917719] pimreg: entered allmulticast mode
[   28.937297] pimreg: entered allmulticast mode
[   28.963855] pimreg: entered allmulticast mode
[   28.993244] pimreg: entered allmulticast mode
[   29.006202] pimreg: entered allmulticast mode
[   29.029410] pimreg: entered allmulticast mode
[   29.053442] pimreg: entered allmulticast mode
[   29.057807] pimreg: left allmulticast mode
[   29.058144] pimreg: left allmulticast mode
[   29.058466] pimreg: left allmulticast mode
[   29.058783] pimreg: left allmulticast mode
[   29.059075] pimreg: left allmulticast mode
[   29.059389] pimreg: left allmulticast mode
[   29.060186] pimreg: left allmulticast mode
[   29.072819] pimreg: entered allmulticast mode
[   29.104070] pimreg: entered allmulticast mode
[   29.131146] pimreg: entered allmulticast mode
[   29.161313] pimreg: entered allmulticast mode
[   29.189056] pimreg: entered allmulticast mode
[   29.213101] pimreg: entered allmulticast mode
[   29.229262] pimreg: entered allmulticast mode
[   29.241355] pimreg: left allmulticast mode
[   29.241889] pimreg: left allmulticast mode
[   29.242166] pimreg: left allmulticast mode
[   29.242443] pimreg: left allmulticast mode
[   29.242753] pimreg: left allmulticast mode
[   29.243047] pimreg: left allmulticast mode
[   29.243340] pimreg: left allmulticast mode
[   29.255188] pimreg: entered allmulticast mode
[   29.282420] pimreg: entered allmulticast mode
[   29.303422] pimreg: entered allmulticast mode
[   29.329471] pimreg: entered allmulticast mode
[   29.349691] pimreg: entered allmulticast mode
[   29.368919] pimreg: entered allmulticast mode
[   29.388619] pimreg: entered allmulticast mode
[   29.409243] pimreg: entered allmulticast mode
[   29.410001] pimreg: left allmulticast mode
[   29.410381] pimreg: left allmulticast mode
[   29.410723] pimreg: left allmulticast mode
[   29.411022] pimreg: left allmulticast mode
[   29.411342] pimreg: left allmulticast mode
[   29.411703] pimreg: left allmulticast mode
[   29.412008] pimreg: left allmulticast mode
[   29.425233] pimreg: entered allmulticast mode
[   29.446861] pimreg: entered allmulticast mode
[   29.474072] pimreg: entered allmulticast mode
[   29.493471] pimreg: entered allmulticast mode
[   29.525279] pimreg: entered allmulticast mode
[   29.557165] pimreg: entered allmulticast mode
[   29.593007] pimreg: entered allmulticast mode
[   29.633311] pimreg: entered allmulticast mode
[   29.638374] pimreg: left allmulticast mode
[   29.638746] pimreg: left allmulticast mode
[   29.639010] pimreg: left allmulticast mode
[   29.639271] pimreg: left allmulticast mode
[   29.639539] pimreg: left allmulticast mode
[   29.639791] pimreg: left allmulticast mode
[   29.640083] pimreg: left allmulticast mode
[   29.640403] pimreg: left allmulticast mode
[   29.660646] pimreg: entered allmulticast mode
[   29.680159] pimreg: entered allmulticast mode
[   29.702955] pimreg: entered allmulticast mode
[   29.733656] pimreg: entered allmulticast mode
[   29.764872] pimreg: entered allmulticast mode
[   29.797286] pimreg: entered allmulticast mode
[   29.815116] pimreg: entered allmulticast mode
[   29.832970] pimreg: entered allmulticast mode
[   29.837472] pimreg: left allmulticast mode
[   29.837830] pimreg: left allmulticast mode
[   29.838157] pimreg: left allmulticast mode
[   29.838480] pimreg: left allmulticast mode
[   29.838783] pimreg: left allmulticast mode
[   29.839078] pimreg: left allmulticast mode
[   29.839366] pimreg: left allmulticast mode
[   29.839672] pimreg: left allmulticast mode
[   29.854353] pimreg: entered allmulticast mode
[   29.902105] pimreg: entered allmulticast mode
[   29.927586] pimreg: entered allmulticast mode
[   29.946280] pimreg: entered allmulticast mode
[   29.977479] pimreg: entered allmulticast mode
[   30.008884] pimreg: entered allmulticast mode
[   30.037061] pimreg: entered allmulticast mode
[   30.060977] pimreg: entered allmulticast mode
[   30.088574] pimreg: entered allmulticast mode
[   30.094350] pimreg: left allmulticast mode
[   30.094669] pimreg: left allmulticast mode
[   30.094940] pimreg: left allmulticast mode
[   30.095231] pimreg: left allmulticast mode
[   30.095568] pimreg: left allmulticast mode
[   30.095929] pimreg: left allmulticast mode
[   30.096252] pimreg: left allmulticast mode
[   30.096587] pimreg: left allmulticast mode
[   30.096973] pimreg: left allmulticast mode
[   30.112616] pimreg: entered allmulticast mode
[   30.136304] pimreg: entered allmulticast mode
[   30.177528] pimreg: entered allmulticast mode
[   30.201232] pimreg: entered allmulticast mode
[   30.220937] pimreg: entered allmulticast mode
[   30.249502] pimreg: entered allmulticast mode
[   30.269085] pimreg: entered allmulticast mode
[   30.297585] pimreg: entered allmulticast mode
[   30.318497] pimreg: left allmulticast mode
[   30.318812] pimreg: left allmulticast mode
[   30.319078] pimreg: left allmulticast mode
[   30.319339] pimreg: left allmulticast mode
[   30.319681] pimreg: left allmulticast mode
[   30.320035] pimreg: left allmulticast mode
[   30.320394] pimreg: left allmulticast mode
[   30.320736] pimreg: left allmulticast mode
[   30.321097] pimreg: left allmulticast mode
[   30.334716] pimreg: entered allmulticast mode
[   30.355614] pimreg: entered allmulticast mode
[   30.392020] pimreg: entered allmulticast mode
[   30.417299] pimreg: entered allmulticast mode
[   30.449101] pimreg: entered allmulticast mode
[   30.481444] pimreg: entered allmulticast mode
[   30.505221] pimreg: entered allmulticast mode
[   30.533628] pimreg: entered allmulticast mode
[   30.568901] pimreg: entered allmulticast mode
[   30.585842] pimreg: left allmulticast mode
[   30.586453] pimreg: left allmulticast mode
[   30.586731] pimreg: left allmulticast mode
[   30.587008] pimreg: left allmulticast mode
[   30.587254] pimreg: left allmulticast mode
[   30.587567] pimreg: left allmulticast mode
[   30.588062] pimreg: left allmulticast mode
[   30.588394] pimreg: left allmulticast mode
[   30.588685] pimreg: left allmulticast mode
[   30.603219] pimreg: entered allmulticast mode
[   30.646852] pimreg: entered allmulticast mode
[   30.657704] pimreg: entered allmulticast mode
[   30.685527] pimreg: entered allmulticast mode
[   30.696771] pimreg: entered allmulticast mode
[   30.733231] pimreg: entered allmulticast mode
[   30.777766] pimreg: entered allmulticast mode
[   30.801799] pimreg: entered allmulticast mode
[   30.814953] pimreg: left allmulticast mode
[   30.815357] pimreg: left allmulticast mode
[   30.815659] pimreg: left allmulticast mode
[   30.815917] pimreg: left allmulticast mode
[   30.816169] pimreg: left allmulticast mode
[   30.816520] pimreg: left allmulticast mode
[   30.816965] pimreg: left allmulticast mode
[   30.817323] pimreg: left allmulticast mode
[   30.831081] pimreg: entered allmulticast mode
[   30.858374] pimreg: entered allmulticast mode
[   30.870150] pimreg: entered allmulticast mode
[   30.897894] pimreg: entered allmulticast mode
[   30.925297] pimreg: entered allmulticast mode
[   30.969516] pimreg: entered allmulticast mode
[   30.997198] pimreg: entered allmulticast mode
[   31.021326] pimreg: entered allmulticast mode
[   31.049308] pimreg: entered allmulticast mode
[   31.054435] pimreg: left allmulticast mode
[   31.054771] pimreg: left allmulticast mode
[   31.055035] pimreg: left allmulticast mode
[   31.055280] pimreg: left allmulticast mode
[   31.055588] pimreg: left allmulticast mode
[   31.057872] pimreg: left allmulticast mode
[   31.058198] pimreg: left allmulticast mode
[   31.058489] pimreg: left allmulticast mode
[   31.058780] pimreg: left allmulticast mode
[   31.073633] pimreg: entered allmulticast mode
[   31.097185] pimreg: entered allmulticast mode
[   31.124287] pimreg: entered allmulticast mode
[   31.149183] pimreg: entered allmulticast mode
[   31.177609] pimreg: entered allmulticast mode
[   31.205314] pimreg: entered allmulticast mode
[   31.240783] pimreg: entered allmulticast mode
[   31.273122] pimreg: entered allmulticast mode
[   31.324755] pimreg: entered allmulticast mode
[   31.338004] pimreg: left allmulticast mode
[   31.338336] pimreg: left allmulticast mode
[   31.338596] pimreg: left allmulticast mode
[   31.338841] pimreg: left allmulticast mode
[   31.339135] pimreg: left allmulticast mode
[   31.339433] pimreg: left allmulticast mode
[   31.339737] pimreg: left allmulticast mode
[   31.340038] pimreg: left allmulticast mode
[   31.340353] pimreg: left allmulticast mode
[   31.356236] pimreg: entered allmulticast mode
[   31.384572] pimreg: entered allmulticast mode
[   31.422036] pimreg: entered allmulticast mode
[   31.441268] pimreg: entered allmulticast mode
[   31.461164] pimreg: entered allmulticast mode
[   31.480913] pimreg: entered allmulticast mode
[   31.505086] pimreg: entered allmulticast mode
[   31.529277] pimreg: entered allmulticast mode
[   31.553566] pimreg: entered allmulticast mode
[   31.582980] pimreg: left allmulticast mode
[   31.583278] pimreg: left allmulticast mode
[   31.583539] pimreg: left allmulticast mode
[   31.583786] pimreg: left allmulticast mode
[   31.584101] pimreg: left allmulticast mode
[   31.584508] pimreg: left allmulticast mode
[   31.585112] pimreg: left allmulticast mode
[   31.585423] pimreg: left allmulticast mode
[   31.585713] pimreg: left allmulticast mode
[   31.599556] pimreg: entered allmulticast mode
[   31.619913] pimreg: entered allmulticast mode
[   31.640704] pimreg: entered allmulticast mode
[   31.665446] pimreg: entered allmulticast mode
[   31.693359] pimreg: entered allmulticast mode
[   31.721063] pimreg: entered allmulticast mode
[   31.749645] pimreg: entered allmulticast mode
[   31.773425] pimreg: entered allmulticast mode
[   31.801149] pimreg: entered allmulticast mode
[   31.837875] pimreg: left allmulticast mode
[   31.838209] pimreg: left allmulticast mode
[   31.838528] pimreg: left allmulticast mode
[   31.838834] pimreg: left allmulticast mode
[   31.839127] pimreg: left allmulticast mode
[   31.840655] pimreg: left allmulticast mode
[   31.841058] pimreg: left allmulticast mode
[   31.841388] pimreg: left allmulticast mode
[   31.841682] pimreg: left allmulticast mode
[   31.855093] pimreg: entered allmulticast mode
[   31.879524] pimreg: entered allmulticast mode
[   31.899922] pimreg: entered allmulticast mode
[   31.929887] pimreg: entered allmulticast mode
[   31.969583] pimreg: entered allmulticast mode
[   31.997606] pimreg: entered allmulticast mode
[   32.021107] pimreg: entered allmulticast mode
[   32.045890] pimreg: entered allmulticast mode
[   32.061538] pimreg: entered allmulticast mode
[   32.077810] pimreg: left allmulticast mode
[   32.078151] pimreg: left allmulticast mode
[   32.078434] pimreg: left allmulticast mode
[   32.078727] pimreg: left allmulticast mode
[   32.079023] pimreg: left allmulticast mode
[   32.080544] pimreg: left allmulticast mode
[   32.080920] pimreg: left allmulticast mode
[   32.081250] pimreg: left allmulticast mode
[   32.081564] pimreg: left allmulticast mode
[   32.095029] pimreg: entered allmulticast mode
[   32.120682] pimreg: entered allmulticast mode
[   32.140538] pimreg: entered allmulticast mode
[   32.161951] pimreg: entered allmulticast mode
[   32.185424] pimreg: entered allmulticast mode
[   32.214125] pimreg: entered allmulticast mode
[   32.226261] pimreg: left allmulticast mode
[   32.226884] pimreg: left allmulticast mode
[   32.227164] pimreg: left allmulticast mode
[   32.227440] pimreg: left allmulticast mode
[   32.227697] pimreg: left allmulticast mode
[   32.227945] pimreg: left allmulticast mode
[   32.240945] pimreg: entered allmulticast mode
[   32.271247] pimreg: entered allmulticast mode
[   32.291490] pimreg: entered allmulticast mode
[   32.325946] pimreg: entered allmulticast mode
[   32.349693] pimreg: entered allmulticast mode
[   32.381446] pimreg: entered allmulticast mode
[   32.404755] pimreg: entered allmulticast mode
[   32.438951] pimreg: left allmulticast mode
[   32.439255] pimreg: left allmulticast mode
[   32.439532] pimreg: left allmulticast mode
[   32.439778] pimreg: left allmulticast mode
[   32.440060] pimreg: left allmulticast mode
[   32.440478] pimreg: left allmulticast mode
[   32.440776] pimreg: left allmulticast mode
[   32.454360] pimreg: entered allmulticast mode
[   32.469334] pimreg: entered allmulticast mode
[   32.484432] pimreg: entered allmulticast mode
[   32.514746] pimreg: entered allmulticast mode
[   32.541402] pimreg: entered allmulticast mode
[   32.562058] pimreg: entered allmulticast mode
[   32.601810] pimreg: entered allmulticast mode
[   32.629498] pimreg: entered allmulticast mode
[   32.641907] pimreg: left allmulticast mode
[   32.642233] pimreg: left allmulticast mode
[   32.642512] pimreg: left allmulticast mode
[   32.642759] pimreg: left allmulticast mode
[   32.643016] pimreg: left allmulticast mode
[   32.643266] pimreg: left allmulticast mode
[   32.643521] pimreg: left allmulticast mode
[   32.644374] pimreg: left allmulticast mode
[   32.658696] pimreg: entered allmulticast mode
[   32.681935] pimreg: entered allmulticast mode
[   32.728345] pimreg: entered allmulticast mode
[   32.753355] pimreg: entered allmulticast mode
[   32.785461] pimreg: entered allmulticast mode
[   32.837859] pimreg: entered allmulticast mode
[   32.881535] pimreg: entered allmulticast mode
[   32.909576] pimreg: entered allmulticast mode
[   32.946061] pimreg: entered allmulticast mode
[   32.950650] pimreg: left allmulticast mode
[   32.951033] pimreg: left allmulticast mode
[   32.951435] pimreg: left allmulticast mode
[   32.951789] pimreg: left allmulticast mode
[   32.952149] pimreg: left allmulticast mode
[   32.952482] pimreg: left allmulticast mode
[   32.952861] pimreg: left allmulticast mode
[   32.953197] pimreg: left allmulticast mode
[   32.973734] pimreg: entered allmulticast mode
[   32.991244] pimreg: entered allmulticast mode
[   33.005008] pimreg: entered allmulticast mode
[   33.017513] pimreg: entered allmulticast mode
[   33.041707] pimreg: entered allmulticast mode
[   33.065305] pimreg: entered allmulticast mode
[   33.085619] pimreg: entered allmulticast mode
[   33.114268] pimreg: entered allmulticast mode
[   33.133717] pimreg: left allmulticast mode
[   33.134059] pimreg: left allmulticast mode
[   33.134339] pimreg: left allmulticast mode
[   33.134699] pimreg: left allmulticast mode
[   33.135013] pimreg: left allmulticast mode
[   33.135717] pimreg: left allmulticast mode
[   33.136008] pimreg: left allmulticast mode
[   33.136322] pimreg: left allmulticast mode
[   33.136685] pimreg: left allmulticast mode
[   33.150730] pimreg: entered allmulticast mode
[   33.171142] pimreg: entered allmulticast mode
[   33.213281] pimreg: entered allmulticast mode
[   33.234025] pimreg: entered allmulticast mode
[   33.269523] pimreg: entered allmulticast mode
[   33.297151] pimreg: entered allmulticast mode
[   33.337529] pimreg: entered allmulticast mode
[   33.365439] pimreg: entered allmulticast mode
[   33.393312] pimreg: entered allmulticast mode
[   33.417779] pimreg: left allmulticast mode
[   33.418112] pimreg: left allmulticast mode
[   33.418375] pimreg: left allmulticast mode
[   33.418622] pimreg: left allmulticast mode
[   33.418924] pimreg: left allmulticast mode
[   33.419345] pimreg: left allmulticast mode
[   33.419660] pimreg: left allmulticast mode
[   33.420198] pimreg: left allmulticast mode
[   33.420598] pimreg: left allmulticast mode
[   33.435426] pimreg: entered allmulticast mode
[   33.455976] pimreg: entered allmulticast mode
[   33.480658] pimreg: entered allmulticast mode
[   33.502970] pimreg: entered allmulticast mode
[   33.525990] pimreg: entered allmulticast mode
[   33.545712] pimreg: left allmulticast mode
[   33.546019] pimreg: left allmulticast mode
[   33.546281] pimreg: left allmulticast mode
[   33.546526] pimreg: left allmulticast mode
[   33.546779] pimreg: left allmulticast mode
[   33.557013] pimreg: entered allmulticast mode
[   33.574803] pimreg: entered allmulticast mode
[   33.613888] pimreg: entered allmulticast mode
[   33.634171] pimreg: entered allmulticast mode
[   33.646134] pimreg: left allmulticast mode
[   33.646483] pimreg: left allmulticast mode
[   33.646752] pimreg: left allmulticast mode
[   33.647004] pimreg: left allmulticast mode
[   33.657364] pimreg: entered allmulticast mode
[   33.685675] pimreg: entered allmulticast mode
[   33.709083] pimreg: entered allmulticast mode
[   33.754063] pimreg: entered allmulticast mode
[   33.781400] pimreg: entered allmulticast mode
[   33.805798] pimreg: entered allmulticast mode
[   33.806148] pimreg: left allmulticast mode
[   33.806595] pimreg: left allmulticast mode
[   33.806980] pimreg: left allmulticast mode
[   33.807357] pimreg: left allmulticast mode
[   33.807658] pimreg: left allmulticast mode
[   33.817760] pimreg: entered allmulticast mode
[   33.836915] pimreg: entered allmulticast mode
[   33.851588] pimreg: entered allmulticast mode
[   33.869874] pimreg: entered allmulticast mode
[   33.909470] pimreg: entered allmulticast mode
[   33.937120] pimreg: entered allmulticast mode
[   33.965318] pimreg: entered allmulticast mode
[   33.969600] pimreg: left allmulticast mode
[   33.969942] pimreg: left allmulticast mode
[   33.970220] pimreg: left allmulticast mode
[   33.970498] pimreg: left allmulticast mode
[   33.970753] pimreg: left allmulticast mode
[   33.971004] pimreg: left allmulticast mode
[   33.971345] pimreg: left allmulticast mode
[   33.984416] pimreg: entered allmulticast mode
[   34.008376] pimreg: entered allmulticast mode
[   34.030584] pimreg: entered allmulticast mode
[   34.058378] pimreg: entered allmulticast mode
[   34.077438] pimreg: entered allmulticast mode
[   34.104884] pimreg: entered allmulticast mode
[   34.133300] pimreg: entered allmulticast mode
[   34.157480] pimreg: entered allmulticast mode
[   34.161648] pimreg: left allmulticast mode
[   34.162012] pimreg: left allmulticast mode
[   34.162315] pimreg: left allmulticast mode
[   34.162627] pimreg: left allmulticast mode
[   34.162930] pimreg: left allmulticast mode
[   34.163233] pimreg: left allmulticast mode
[   34.163563] pimreg: left allmulticast mode
[   34.164060] pimreg: left allmulticast mode
[   34.164428] pimreg: left allmulticast mode
[   34.179600] pimreg: entered allmulticast mode
[   34.203791] pimreg: entered allmulticast mode
[   34.221758] pimreg: entered allmulticast mode
[   34.240768] pimreg: entered allmulticast mode
[   34.265335] pimreg: entered allmulticast mode
[   34.289885] pimreg: entered allmulticast mode
[   34.317372] pimreg: entered allmulticast mode
[   34.337207] pimreg: entered allmulticast mode
[   34.356752] pimreg: entered allmulticast mode
[   34.377840] pimreg: left allmulticast mode
[   34.378191] pimreg: left allmulticast mode
[   34.378570] pimreg: left allmulticast mode
[   34.379010] pimreg: left allmulticast mode
[   34.380461] pimreg: left allmulticast mode
[   34.380746] pimreg: left allmulticast mode
[   34.381045] pimreg: left allmulticast mode
[   34.381316] pimreg: left allmulticast mode
[   34.381563] pimreg: left allmulticast mode
[   34.395313] pimreg: entered allmulticast mode
[   34.421664] pimreg: entered allmulticast mode
[   34.435706] pimreg: entered allmulticast mode
[   34.445485] pimreg: entered allmulticast mode
[   34.485190] pimreg: entered allmulticast mode
[   34.521664] pimreg: entered allmulticast mode
[   34.549921] pimreg: entered allmulticast mode
[   34.554178] pimreg: left allmulticast mode
[   34.554580] pimreg: left allmulticast mode
[   34.554866] pimreg: left allmulticast mode
[   34.555151] pimreg: left allmulticast mode
[   34.555504] pimreg: left allmulticast mode
[   34.555834] pimreg: left allmulticast mode
[   34.556145] pimreg: left allmulticast mode
[   34.568621] pimreg: entered allmulticast mode
[   34.597174] pimreg: entered allmulticast mode
[   34.612227] pimreg: entered allmulticast mode
[   34.642713] pimreg: entered allmulticast mode
[   34.669171] pimreg: entered allmulticast mode
[   34.693223] pimreg: entered allmulticast mode
[   34.714147] pimreg: entered allmulticast mode
[   34.729718] pimreg: left allmulticast mode
[   34.730066] pimreg: left allmulticast mode
[   34.730428] pimreg: left allmulticast mode
[   34.730811] pimreg: left allmulticast mode
[   34.732435] pimreg: left allmulticast mode
[   34.732839] pimreg: left allmulticast mode
[   34.733140] pimreg: left allmulticast mode
[   34.744348] pimreg: entered allmulticast mode
[   34.760726] pimreg: entered allmulticast mode
[   34.776692] pimreg: entered allmulticast mode
[   34.801994] pimreg: entered allmulticast mode
[   34.824969] pimreg: entered allmulticast mode
[   34.865374] pimreg: entered allmulticast mode
[   34.893099] pimreg: entered allmulticast mode
[   34.913849] pimreg: entered allmulticast mode
[   34.917900] pimreg: left allmulticast mode
[   34.918275] pimreg: left allmulticast mode
[   34.918566] pimreg: left allmulticast mode
[   34.918824] pimreg: left allmulticast mode
[   34.919086] pimreg: left allmulticast mode
[   34.919557] pimreg: left allmulticast mode
[   34.919938] pimreg: left allmulticast mode
[   34.920251] pimreg: left allmulticast mode
[   34.934254] pimreg: entered allmulticast mode
[   34.965614] pimreg: entered allmulticast mode
[   34.992316] pimreg: entered allmulticast mode
[   35.025168] pimreg: entered allmulticast mode
[   35.049316] pimreg: entered allmulticast mode
[   35.077698] pimreg: entered allmulticast mode
[   35.101513] pimreg: entered allmulticast mode
[   35.125726] pimreg: entered allmulticast mode
[   35.129761] pimreg: left allmulticast mode
[   35.130083] pimreg: left allmulticast mode
[   35.130371] pimreg: left allmulticast mode
[   35.130625] pimreg: left allmulticast mode
[   35.130872] pimreg: left allmulticast mode
[   35.131184] pimreg: left allmulticast mode
[   35.132032] pimreg: left allmulticast mode
[   35.132412] pimreg: left allmulticast mode
[   35.146335] pimreg: entered allmulticast mode
[   35.168237] pimreg: entered allmulticast mode
[   35.192280] pimreg: entered allmulticast mode
[   35.213877] pimreg: entered allmulticast mode
[   35.233138] pimreg: entered allmulticast mode
[   35.253448] pimreg: entered allmulticast mode
[   35.282149] pimreg: left allmulticast mode
[   35.282596] pimreg: left allmulticast mode
[   35.282956] pimreg: left allmulticast mode
[   35.283318] pimreg: left allmulticast mode
[   35.283980] pimreg: left allmulticast mode
[   35.284360] pimreg: left allmulticast mode
[   35.294733] pimreg: entered allmulticast mode
[   35.312988] pimreg: entered allmulticast mode
[   35.337541] pimreg: entered allmulticast mode
[   35.361874] pimreg: entered allmulticast mode
[   35.393380] pimreg: entered allmulticast mode
[   35.417581] pimreg: entered allmulticast mode
[   35.433529] pimreg: entered allmulticast mode
[   35.446208] pimreg: left allmulticast mode
[   35.446577] pimreg: left allmulticast mode
[   35.446842] pimreg: left allmulticast mode
[   35.447096] pimreg: left allmulticast mode
[   35.447419] pimreg: left allmulticast mode
[   35.447729] pimreg: left allmulticast mode
[   35.448032] pimreg: left allmulticast mode
[   35.461656] pimreg: entered allmulticast mode
[   35.493669] pimreg: entered allmulticast mode
[   35.539326] pimreg: entered allmulticast mode
[   35.561503] pimreg: entered allmulticast mode
[   35.586383] pimreg: entered allmulticast mode
[   35.605101] pimreg: entered allmulticast mode
[   35.637957] pimreg: entered allmulticast mode
[   35.649036] pimreg: entered allmulticast mode
[   35.673680] pimreg: left allmulticast mode
[   35.674028] pimreg: left allmulticast mode
[   35.674303] pimreg: left allmulticast mode
[   35.674623] pimreg: left allmulticast mode
[   35.675464] pimreg: left allmulticast mode
[   35.675887] pimreg: left allmulticast mode
[   35.676211] pimreg: left allmulticast mode
[   35.676532] pimreg: left allmulticast mode
[   35.690147] pimreg: entered allmulticast mode
[   35.717427] pimreg: entered allmulticast mode
[   35.732611] pimreg: entered allmulticast mode
[   35.746985] pimreg: entered allmulticast mode
[   35.773416] pimreg: entered allmulticast mode
[   35.806313] pimreg: entered allmulticast mode
[   35.809997] pimreg: left allmulticast mode
[   35.810330] pimreg: left allmulticast mode
[   35.810581] pimreg: left allmulticast mode
[   35.810871] pimreg: left allmulticast mode
[   35.811184] pimreg: left allmulticast mode
[   35.811492] pimreg: left allmulticast mode
[   35.829097] pimreg: entered allmulticast mode
[   35.846874] pimreg: entered allmulticast mode
[   35.870984] pimreg: entered allmulticast mode
[   35.889492] pimreg: entered allmulticast mode
[   35.913609] pimreg: entered allmulticast mode
[   35.937653] pimreg: entered allmulticast mode
[   35.973663] pimreg: entered allmulticast mode
[   35.993479] pimreg: left allmulticast mode
[   35.993799] pimreg: left allmulticast mode
[   35.994105] pimreg: left allmulticast mode
[   35.995437] pimreg: left allmulticast mode
[   35.995838] pimreg: left allmulticast mode
[   35.996142] pimreg: left allmulticast mode
[   35.996516] pimreg: left allmulticast mode
[   36.008400] pimreg: entered allmulticast mode
[   36.040258] pimreg: entered allmulticast mode
[   36.063938] pimreg: entered allmulticast mode
[   36.080369] pimreg: entered allmulticast mode
[   36.104998] pimreg: entered allmulticast mode
[   36.133541] pimreg: entered allmulticast mode
[   36.169542] pimreg: entered allmulticast mode
[   36.205793] pimreg: entered allmulticast mode
[   36.229684] pimreg: left allmulticast mode
[   36.230008] pimreg: left allmulticast mode
[   36.230288] pimreg: left allmulticast mode
[   36.231019] pimreg: left allmulticast mode
[   36.232059] pimreg: left allmulticast mode
[   36.232392] pimreg: left allmulticast mode
[   36.232650] pimreg: left allmulticast mode
[   36.233262] pimreg: left allmulticast mode
[   36.246204] pimreg: entered allmulticast mode
[   36.270205] pimreg: entered allmulticast mode
[   36.282799] pimreg: entered allmulticast mode
[   36.306375] pimreg: entered allmulticast mode
[   36.320844] pimreg: entered allmulticast mode
[   36.345756] pimreg: entered allmulticast mode
[   36.385080] pimreg: entered allmulticast mode
[   36.412703] pimreg: entered allmulticast mode
[   36.425794] pimreg: left allmulticast mode
[   36.426592] pimreg: left allmulticast mode
[   36.426860] pimreg: left allmulticast mode
[   36.427118] pimreg: left allmulticast mode
[   36.427470] pimreg: left allmulticast mode
[   36.427765] pimreg: left allmulticast mode
[   36.428068] pimreg: left allmulticast mode
[   36.428367] pimreg: left allmulticast mode
[   36.442556] pimreg: entered allmulticast mode
[   36.462981] pimreg: entered allmulticast mode
[   36.494830] pimreg: entered allmulticast mode
[   36.525326] pimreg: entered allmulticast mode
[   36.549350] pimreg: entered allmulticast mode
[   36.569391] pimreg: entered allmulticast mode
[   36.593221] pimreg: entered allmulticast mode
[   36.613821] pimreg: entered allmulticast mode
[   36.638027] pimreg: left allmulticast mode
[   36.638634] pimreg: left allmulticast mode
[   36.638978] pimreg: left allmulticast mode
[   36.639476] pimreg: left allmulticast mode
[   36.639822] pimreg: left allmulticast mode
[   36.640203] pimreg: left allmulticast mode
[   36.640589] pimreg: left allmulticast mode
[   36.641013] pimreg: left allmulticast mode
[   36.653689] pimreg: entered allmulticast mode
[   36.680291] pimreg: entered allmulticast mode
[   36.716772] pimreg: entered allmulticast mode
[   36.730277] pimreg: entered allmulticast mode
[   36.769586] pimreg: entered allmulticast mode
[   36.809382] pimreg: entered allmulticast mode
[   36.814690] pimreg: left allmulticast mode
[   36.815347] pimreg: left allmulticast mode
[   36.815735] pimreg: left allmulticast mode
[   36.816098] pimreg: left allmulticast mode
[   36.816449] pimreg: left allmulticast mode
[   36.832902] pimreg: entered allmulticast mode
[   36.847073] pimreg: entered allmulticast mode
[   36.866356] pimreg: entered allmulticast mode
[   36.885526] pimreg: entered allmulticast mode
[   36.916576] pimreg: entered allmulticast mode
[   36.940957] pimreg: entered allmulticast mode
[   36.965918] pimreg: entered allmulticast mode
[   36.969824] pimreg: left allmulticast mode
[   36.970204] pimreg: left allmulticast mode
[   36.970521] pimreg: left allmulticast mode
[   36.970812] pimreg: left allmulticast mode
[   36.971105] pimreg: left allmulticast mode
[   36.971782] pimreg: left allmulticast mode
[   36.972077] pimreg: left allmulticast mode
[   36.972379] pimreg: left allmulticast mode
[   36.987816] pimreg: entered allmulticast mode
[   37.010654] pimreg: entered allmulticast mode
[   37.044338] pimreg: entered allmulticast mode
[   37.069590] pimreg: entered allmulticast mode
[   37.101713] pimreg: entered allmulticast mode
[   37.141448] pimreg: entered allmulticast mode
[   37.181155] pimreg: entered allmulticast mode
[   37.213377] pimreg: entered allmulticast mode
[   37.233841] pimreg: left allmulticast mode
[   37.234434] pimreg: left allmulticast mode
[   37.234730] pimreg: left allmulticast mode
[   37.234977] pimreg: left allmulticast mode
[   37.235398] pimreg: left allmulticast mode
[   37.235714] pimreg: left allmulticast mode
[   37.236008] pimreg: left allmulticast mode
[   37.236308] pimreg: left allmulticast mode
[   37.249395] pimreg: entered allmulticast mode
[   37.274523] pimreg: entered allmulticast mode
[   37.300049] pimreg: entered allmulticast mode
[   37.313625] pimreg: entered allmulticast mode
[   37.341706] pimreg: entered allmulticast mode
[   37.369577] pimreg: entered allmulticast mode
[   37.396830] pimreg: entered allmulticast mode
[   37.409740] pimreg: left allmulticast mode
[   37.410360] pimreg: left allmulticast mode
[   37.410627] pimreg: left allmulticast mode
[   37.410882] pimreg: left allmulticast mode
[   37.411194] pimreg: left allmulticast mode
[   37.411487] pimreg: left allmulticast mode
[   37.412422] pimreg: left allmulticast mode
[   37.425851] pimreg: entered allmulticast mode
[   37.452290] pimreg: entered allmulticast mode
[   37.480782] pimreg: entered allmulticast mode
[   37.494570] pimreg: entered allmulticast mode
[   37.510072] pimreg: entered allmulticast mode
[   37.529162] pimreg: entered allmulticast mode
[   37.561905] pimreg: entered allmulticast mode
[   37.593712] pimreg: entered allmulticast mode
[   37.597982] pimreg: left allmulticast mode
[   37.598331] pimreg: left allmulticast mode
[   37.598595] pimreg: left allmulticast mode
[   37.598915] pimreg: left allmulticast mode
[   37.599273] pimreg: left allmulticast mode
[   37.599810] pimreg: left allmulticast mode
[   37.600176] pimreg: left allmulticast mode
[   37.600541] pimreg: left allmulticast mode
[   37.614446] pimreg: entered allmulticast mode
[   37.634640] pimreg: entered allmulticast mode
[   37.652630] pimreg: entered allmulticast mode
[   37.677423] pimreg: entered allmulticast mode
[   37.721468] pimreg: entered allmulticast mode
[   37.749373] pimreg: entered allmulticast mode
[   37.793515] pimreg: entered allmulticast mode
[   37.821800] pimreg: entered allmulticast mode
[   37.826089] pimreg: left allmulticast mode
[   37.826432] pimreg: left allmulticast mode
[   37.826862] pimreg: left allmulticast mode
[   37.827304] pimreg: left allmulticast mode
[   37.827936] pimreg: left allmulticast mode
[   37.828427] pimreg: left allmulticast mode
[   37.828753] pimreg: left allmulticast mode
[   37.829264] pimreg: left allmulticast mode
[   37.842796] pimreg: entered allmulticast mode
[   37.862750] pimreg: entered allmulticast mode
[   37.890487] pimreg: entered allmulticast mode
[   37.933617] pimreg: entered allmulticast mode
[   37.977305] pimreg: entered allmulticast mode
[   38.021331] pimreg: entered allmulticast mode
[   38.053529] pimreg: entered allmulticast mode
[   38.081382] pimreg: entered allmulticast mode
[   38.101667] pimreg: left allmulticast mode
[   38.102002] pimreg: left allmulticast mode
[   38.102268] pimreg: left allmulticast mode
[   38.102768] pimreg: left allmulticast mode
[   38.103516] pimreg: left allmulticast mode
[   38.103802] pimreg: left allmulticast mode
[   38.104111] pimreg: left allmulticast mode
[   38.104417] pimreg: left allmulticast mode
[   38.117282] pimreg: entered allmulticast mode
[   38.138339] pimreg: entered allmulticast mode
[   38.166697] pimreg: entered allmulticast mode
[   38.186136] pimreg: entered allmulticast mode
[   38.205329] pimreg: entered allmulticast mode
[   38.233422] pimreg: entered allmulticast mode
[   38.263000] pimreg: left allmulticast mode
[   38.263318] pimreg: left allmulticast mode
[   38.263566] pimreg: left allmulticast mode
[   38.263815] pimreg: left allmulticast mode
[   38.264059] pimreg: left allmulticast mode
[   38.264367] pimreg: left allmulticast mode
[   38.275475] pimreg: entered allmulticast mode
[   38.296549] pimreg: entered allmulticast mode
[   38.325047] pimreg: entered allmulticast mode
[   38.346001] pimreg: entered allmulticast mode
[   38.377380] pimreg: entered allmulticast mode
[   38.397380] pimreg: entered allmulticast mode
[   38.417809] pimreg: entered allmulticast mode
[   38.433608] pimreg: left allmulticast mode
[   38.433951] pimreg: left allmulticast mode
[   38.434308] pimreg: left allmulticast mode
[   38.434834] pimreg: left allmulticast mode
[   38.435276] pimreg: left allmulticast mode
[   38.435636] pimreg: left allmulticast mode
[   38.435963] pimreg: left allmulticast mode
[   38.447877] pimreg: entered allmulticast mode
[   38.477324] pimreg: entered allmulticast mode
[   38.505419] pimreg: entered allmulticast mode
[   38.534573] pimreg: entered allmulticast mode
[   38.549620] pimreg: entered allmulticast mode
[   38.569327] pimreg: entered allmulticast mode
[   38.597419] pimreg: entered allmulticast mode
[   38.617279] pimreg: entered allmulticast mode
[   38.626434] pimreg: left allmulticast mode
[   38.627141] pimreg: left allmulticast mode
[   38.627426] pimreg: left allmulticast mode
[   38.627693] pimreg: left allmulticast mode
[   38.627976] pimreg: left allmulticast mode
[   38.628335] pimreg: left allmulticast mode
[   38.628686] pimreg: left allmulticast mode
[   38.629207] pimreg: left allmulticast mode
[   38.642900] pimreg: entered allmulticast mode
[   38.670245] pimreg: entered allmulticast mode
[   38.695115] pimreg: entered allmulticast mode
[   38.713101] pimreg: entered allmulticast mode
[   38.737284] pimreg: entered allmulticast mode
[   38.761447] pimreg: entered allmulticast mode
[   38.785643] pimreg: entered allmulticast mode
[   38.813644] pimreg: entered allmulticast mode
[   38.837073] pimreg: entered allmulticast mode
[   38.849986] pimreg: left allmulticast mode
[   38.850321] pimreg: left allmulticast mode
[   38.850581] pimreg: left allmulticast mode
[   38.850828] pimreg: left allmulticast mode
[   38.851150] pimreg: left allmulticast mode
[   38.851458] pimreg: left allmulticast mode
[   38.851762] pimreg: left allmulticast mode
[   38.852064] pimreg: left allmulticast mode
[   38.852356] pimreg: left allmulticast mode
[   38.866986] pimreg: entered allmulticast mode
[   38.896609] pimreg: entered allmulticast mode
[   38.920489] pimreg: entered allmulticast mode
[   38.945556] pimreg: entered allmulticast mode
[   38.973459] pimreg: entered allmulticast mode
[   39.001405] pimreg: entered allmulticast mode
[   39.029453] pimreg: entered allmulticast mode
[   39.057375] pimreg: entered allmulticast mode
[   39.097554] pimreg: entered allmulticast mode
[   39.117836] pimreg: left allmulticast mode
[   39.118199] pimreg: left allmulticast mode
[   39.118922] pimreg: left allmulticast mode
[   39.119295] pimreg: left allmulticast mode
[   39.119625] pimreg: left allmulticast mode
[   39.119923] pimreg: left allmulticast mode
[   39.120241] pimreg: left allmulticast mode
[   39.120536] pimreg: left allmulticast mode
[   39.121237] pimreg: left allmulticast mode
[   39.135300] pimreg: entered allmulticast mode
[   39.155422] pimreg: entered allmulticast mode
[   39.181724] pimreg: entered allmulticast mode
[   39.194160] pimreg: entered allmulticast mode
[   39.221580] pimreg: entered allmulticast mode
[   39.253848] pimreg: entered allmulticast mode
[   39.258381] pimreg: left allmulticast mode
[   39.258730] pimreg: left allmulticast mode
[   39.258979] pimreg: left allmulticast mode
[   39.259293] pimreg: left allmulticast mode
[   39.259619] pimreg: left allmulticast mode
[   39.260280] pimreg: left allmulticast mode
[   39.273530] pimreg: entered allmulticast mode
[   39.292167] pimreg: entered allmulticast mode
[   39.317983] pimreg: entered allmulticast mode
[   39.329762] pimreg: entered allmulticast mode
[   39.349587] pimreg: entered allmulticast mode
[   39.365606] pimreg: left allmulticast mode
[   39.365952] pimreg: left allmulticast mode
[   39.366294] pimreg: left allmulticast mode
[   39.366682] pimreg: left allmulticast mode
[   39.368244] pimreg: left allmulticast mode
[   39.377914] pimreg: entered allmulticast mode
[   39.412651] pimreg: entered allmulticast mode
[   39.440430] pimreg: entered allmulticast mode
[   39.466104] pimreg: entered allmulticast mode
[   39.481338] pimreg: entered allmulticast mode
[   39.501227] pimreg: entered allmulticast mode
[   39.522355] pimreg: left allmulticast mode
[   39.522749] pimreg: left allmulticast mode
[   39.523061] pimreg: left allmulticast mode
[   39.523360] pimreg: left allmulticast mode
[   39.523648] pimreg: left allmulticast mode
[   39.525640] pimreg: left allmulticast mode
[   39.536528] pimreg: entered allmulticast mode
[   39.563689] pimreg: entered allmulticast mode
[   39.591797] pimreg: entered allmulticast mode
[   39.629485] pimreg: entered allmulticast mode
[   39.657330] pimreg: entered allmulticast mode
[   39.685605] pimreg: entered allmulticast mode
[   39.689745] pimreg: left allmulticast mode
[   39.690167] pimreg: left allmulticast mode
[   39.690530] pimreg: left allmulticast mode
[   39.690969] pimreg: left allmulticast mode
[   39.691463] pimreg: left allmulticast mode
[   39.691803] pimreg: left allmulticast mode
[   39.703494] pimreg: entered allmulticast mode
[   39.734161] pimreg: entered allmulticast mode
[   39.765057] pimreg: entered allmulticast mode
[   39.778326] pimreg: entered allmulticast mode
[   39.801129] pimreg: entered allmulticast mode
[   39.821175] pimreg: entered allmulticast mode
[   39.849563] pimreg: entered allmulticast mode
[   39.869698] pimreg: left allmulticast mode
[   39.870075] pimreg: left allmulticast mode
[   39.870444] pimreg: left allmulticast mode
[   39.870802] pimreg: left allmulticast mode
[   39.872108] pimreg: left allmulticast mode
[   39.872479] pimreg: left allmulticast mode
[   39.872776] pimreg: left allmulticast mode
[   39.873110] pimreg: left allmulticast mode
[   39.886161] pimreg: entered allmulticast mode
[   39.905677] pimreg: entered allmulticast mode
[   39.934045] pimreg: entered allmulticast mode
[   39.957357] pimreg: entered allmulticast mode
[   39.969890] pimreg: entered allmulticast mode
[   39.989014] pimreg: entered allmulticast mode
[   40.017494] pimreg: entered allmulticast mode
[   40.042719] pimreg: entered allmulticast mode
[   40.054419] pimreg: left allmulticast mode
[   40.054751] pimreg: left allmulticast mode
[   40.055021] pimreg: left allmulticast mode
[   40.055276] pimreg: left allmulticast mode
[   40.055573] pimreg: left allmulticast mode
[   40.056344] pimreg: left allmulticast mode
[   40.058856] pimreg: left allmulticast mode
[   40.071472] pimreg: entered allmulticast mode
[   40.093314] pimreg: entered allmulticast mode
[   40.116539] pimreg: entered allmulticast mode
[   40.133480] pimreg: entered allmulticast mode
[   40.157125] pimreg: entered allmulticast mode
[   40.177240] pimreg: left allmulticast mode
[   40.177567] pimreg: left allmulticast mode
[   40.177849] pimreg: left allmulticast mode
[   40.178148] pimreg: left allmulticast mode
[   40.178510] pimreg: left allmulticast mode
[   40.186334] pimreg: entered allmulticast mode
[   40.199325] pimreg: entered allmulticast mode
[   40.223317] pimreg: entered allmulticast mode
[   40.261823] pimreg: entered allmulticast mode
[   40.289514] pimreg: entered allmulticast mode
[   40.316758] pimreg: entered allmulticast mode
[   40.338932] pimreg: left allmulticast mode
[   40.339235] pimreg: left allmulticast mode
[   40.339488] pimreg: left allmulticast mode
[   40.339736] pimreg: left allmulticast mode
[   40.340060] pimreg: left allmulticast mode
[   40.340468] pimreg: left allmulticast mode
[   40.350924] pimreg: entered allmulticast mode
[   40.368712] pimreg: entered allmulticast mode
[   40.390972] pimreg: entered allmulticast mode
[   40.413075] pimreg: entered allmulticast mode
[   40.445378] pimreg: entered allmulticast mode
[   40.465221] pimreg: entered allmulticast mode
[   40.493824] pimreg: entered allmulticast mode
[   40.529742] pimreg: left allmulticast mode
[   40.530600] pimreg: left allmulticast mode
[   40.530955] pimreg: left allmulticast mode
[   40.531343] pimreg: left allmulticast mode
[   40.531604] pimreg: left allmulticast mode
[   40.531859] pimreg: left allmulticast mode
[   40.532122] pimreg: left allmulticast mode
[   40.544176] pimreg: entered allmulticast mode
[   40.569333] pimreg: entered allmulticast mode
[   40.592226] pimreg: entered allmulticast mode
[   40.625665] pimreg: entered allmulticast mode
[   40.645473] pimreg: entered allmulticast mode
[   40.665223] pimreg: entered allmulticast mode
[   40.685816] pimreg: entered allmulticast mode
[   40.713722] pimreg: entered allmulticast mode
[   40.714099] pimreg: left allmulticast mode
[   40.714575] pimreg: left allmulticast mode
[   40.714991] pimreg: left allmulticast mode
[   40.715329] pimreg: left allmulticast mode
[   40.715676] pimreg: left allmulticast mode
[   40.716029] pimreg: left allmulticast mode
[   40.716378] pimreg: left allmulticast mode
[   40.731375] pimreg: entered allmulticast mode
[   40.760455] pimreg: entered allmulticast mode
[   40.794559] pimreg: entered allmulticast mode
[   40.805955] pimreg: entered allmulticast mode
[   40.829047] pimreg: entered allmulticast mode
[   40.850517] pimreg: left allmulticast mode
[   40.850926] pimreg: left allmulticast mode
[   40.851305] pimreg: left allmulticast mode
[   40.851674] pimreg: left allmulticast mode
[   40.852057] pimreg: left allmulticast mode
[   40.852373] pimreg: left allmulticast mode
[   40.863226] pimreg: entered allmulticast mode
[   40.900727] pimreg: entered allmulticast mode
[   40.923708] pimreg: entered allmulticast mode
[   40.933978] pimreg: entered allmulticast mode
[   40.953499] pimreg: entered allmulticast mode
[   40.969561] pimreg: left allmulticast mode
[   40.969923] pimreg: left allmulticast mode
[   40.970196] pimreg: left allmulticast mode
[   40.970465] pimreg: left allmulticast mode
[   40.970906] pimreg: left allmulticast mode
[   40.980439] pimreg: entered allmulticast mode
[   41.023147] pimreg: entered allmulticast mode
[   41.045998] pimreg: entered allmulticast mode
[   41.057841] pimreg: entered allmulticast mode
[   41.081486] pimreg: entered allmulticast mode
[   41.105465] pimreg: entered allmulticast mode
[   41.141988] pimreg: left allmulticast mode
[   41.142320] pimreg: left allmulticast mode
[   41.142580] pimreg: left allmulticast mode
[   41.142829] pimreg: left allmulticast mode
[   41.143101] pimreg: left allmulticast mode
[   41.143365] pimreg: left allmulticast mode
[   41.153862] pimreg: entered allmulticast mode
[   41.171908] pimreg: entered allmulticast mode
[   41.190943] pimreg: entered allmulticast mode
[   41.213349] pimreg: entered allmulticast mode
[   41.229427] pimreg: entered allmulticast mode
[   41.249409] pimreg: entered allmulticast mode
[   41.277102] pimreg: entered allmulticast mode
[   41.293829] pimreg: left allmulticast mode
[   41.294163] pimreg: left allmulticast mode
[   41.294659] pimreg: left allmulticast mode
[   41.294982] pimreg: left allmulticast mode
[   41.295288] pimreg: left allmulticast mode
[   41.295585] pimreg: left allmulticast mode
[   41.295881] pimreg: left allmulticast mode
[   41.307117] pimreg: entered allmulticast mode
[   41.325707] pimreg: entered allmulticast mode
[   41.338922] pimreg: entered allmulticast mode
[   41.357648] pimreg: entered allmulticast mode
[   41.368789] pimreg: entered allmulticast mode
[   41.393792] pimreg: entered allmulticast mode
[   41.417504] pimreg: entered allmulticast mode
[   41.434511] pimreg: left allmulticast mode
[   41.435146] pimreg: left allmulticast mode
[   41.435436] pimreg: left allmulticast mode
[   41.435690] pimreg: left allmulticast mode
[   41.436029] pimreg: left allmulticast mode
[   41.436324] pimreg: left allmulticast mode
[   41.447775] pimreg: entered allmulticast mode
[   41.475675] pimreg: entered allmulticast mode
[   41.493901] pimreg: entered allmulticast mode
[   41.509933] pimreg: entered allmulticast mode
[   41.537022] pimreg: entered allmulticast mode
[   41.561453] pimreg: entered allmulticast mode
[   41.577893] pimreg: left allmulticast mode
[   41.578911] pimreg: left allmulticast mode
[   41.579257] pimreg: left allmulticast mode
[   41.579790] pimreg: left allmulticast mode
[   41.580159] pimreg: left allmulticast mode
[   41.580523] pimreg: left allmulticast mode
[   41.581242] pimreg: left allmulticast mode
[   41.592892] pimreg: entered allmulticast mode
[   41.613759] pimreg: entered allmulticast mode
[   41.659582] pimreg: entered allmulticast mode
[   41.677719] pimreg: entered allmulticast mode
[   41.689272] pimreg: entered allmulticast mode
[   41.729154] pimreg: entered allmulticast mode
[   41.761339] pimreg: entered allmulticast mode
[   41.801778] pimreg: entered allmulticast mode
[   41.806553] pimreg: left allmulticast mode
[   41.806885] pimreg: left allmulticast mode
[   41.807156] pimreg: left allmulticast mode
[   41.807404] pimreg: left allmulticast mode
[   41.807715] pimreg: left allmulticast mode
[   41.808017] pimreg: left allmulticast mode
[   41.808315] pimreg: left allmulticast mode
[   41.827069] pimreg: entered allmulticast mode
[   41.839221] pimreg: entered allmulticast mode
[   41.858070] pimreg: entered allmulticast mode
[   41.871373] pimreg: entered allmulticast mode
[   41.901672] pimreg: entered allmulticast mode
[   41.933083] pimreg: entered allmulticast mode
[   41.974010] pimreg: entered allmulticast mode
[   42.001687] pimreg: entered allmulticast mode
[   42.037557] pimreg: entered allmulticast mode
[   42.041885] pimreg: left allmulticast mode
[   42.042807] pimreg: left allmulticast mode
[   42.043163] pimreg: left allmulticast mode
[   42.043438] pimreg: left allmulticast mode
[   42.043706] pimreg: left allmulticast mode
[   42.043975] pimreg: left allmulticast mode
[   42.044233] pimreg: left allmulticast mode
[   42.044478] pimreg: left allmulticast mode
[   42.044726] pimreg: left allmulticast mode
[   42.045039] pimreg: left allmulticast mode
[   42.060192] pimreg: entered allmulticast mode
[   42.089472] pimreg: entered allmulticast mode
[   42.117619] pimreg: entered allmulticast mode
[   42.129602] pimreg: entered allmulticast mode
[   42.169584] pimreg: entered allmulticast mode
[   42.205591] pimreg: entered allmulticast mode
[   42.237139] pimreg: entered allmulticast mode
[   42.258185] pimreg: entered allmulticast mode
[   42.265870] pimreg: left allmulticast mode
[   42.266244] pimreg: left allmulticast mode
[   42.266605] pimreg: left allmulticast mode
[   42.266963] pimreg: left allmulticast mode
[   42.267297] pimreg: left allmulticast mode
[   42.267766] pimreg: left allmulticast mode
[   42.268170] pimreg: left allmulticast mode
[   42.268489] pimreg: left allmulticast mode
[   42.282279] pimreg: entered allmulticast mode
[   42.302093] pimreg: entered allmulticast mode
[   42.337430] pimreg: entered allmulticast mode
[   42.362025] pimreg: entered allmulticast mode
[   42.393969] pimreg: entered allmulticast mode
[   42.409545] pimreg: entered allmulticast mode
[   42.429327] pimreg: entered allmulticast mode
[   42.469297] pimreg: entered allmulticast mode
[   42.474535] pimreg: left allmulticast mode
[   42.474834] pimreg: left allmulticast mode
[   42.475115] pimreg: left allmulticast mode
[   42.475364] pimreg: left allmulticast mode
[   42.475611] pimreg: left allmulticast mode
[   42.475943] pimreg: left allmulticast mode
[   42.476272] pimreg: left allmulticast mode
[   42.476633] pimreg: left allmulticast mode
[   42.490578] pimreg: entered allmulticast mode
[   42.513658] pimreg: entered allmulticast mode
[   42.533816] pimreg: entered allmulticast mode
[   42.558388] pimreg: entered allmulticast mode
[   42.581554] pimreg: entered allmulticast mode
[   42.605023] pimreg: entered allmulticast mode
[   42.625861] pimreg: entered allmulticast mode
[   42.646064] pimreg: entered allmulticast mode
[   42.670801] pimreg: left allmulticast mode
[   42.671117] pimreg: left allmulticast mode
[   42.671365] pimreg: left allmulticast mode
[   42.671611] pimreg: left allmulticast mode
[   42.671863] pimreg: left allmulticast mode
[   42.672176] pimreg: left allmulticast mode
[   42.672576] pimreg: left allmulticast mode
[   42.673221] pimreg: left allmulticast mode
[   42.686000] pimreg: entered allmulticast mode
[   42.706536] pimreg: entered allmulticast mode
[   42.722217] pimreg: entered allmulticast mode
[   42.749676] pimreg: entered allmulticast mode
[   42.777174] pimreg: entered allmulticast mode
[   42.821722] pimreg: entered allmulticast mode
[   42.861271] pimreg: entered allmulticast mode
[   42.897835] pimreg: entered allmulticast mode
[   42.917101] pimreg: entered allmulticast mode
[   42.921582] pimreg: left allmulticast mode
[   42.921972] pimreg: left allmulticast mode
[   42.922299] pimreg: left allmulticast mode
[   42.922552] pimreg: left allmulticast mode
[   42.922858] pimreg: left allmulticast mode
[   42.923197] pimreg: left allmulticast mode
[   42.923567] pimreg: left allmulticast mode
[   42.923896] pimreg: left allmulticast mode
[   42.924225] pimreg: left allmulticast mode
[   42.941253] pimreg: entered allmulticast mode
[   42.963894] pimreg: entered allmulticast mode
[   42.976781] pimreg: entered allmulticast mode
[   43.013351] pimreg: entered allmulticast mode
[   43.057449] pimreg: entered allmulticast mode
[   43.089625] pimreg: entered allmulticast mode
[   43.113153] pimreg: entered allmulticast mode
[   43.141206] pimreg: entered allmulticast mode
[   43.173382] pimreg: entered allmulticast mode
[   43.201731] pimreg: left allmulticast mode
[   43.202487] pimreg: left allmulticast mode
[   43.202755] pimreg: left allmulticast mode
[   43.203032] pimreg: left allmulticast mode
[   43.203290] pimreg: left allmulticast mode
[   43.203536] pimreg: left allmulticast mode
[   43.203847] pimreg: left allmulticast mode
[   43.204158] pimreg: left allmulticast mode
[   43.204458] pimreg: left allmulticast mode
[   43.219188] pimreg: entered allmulticast mode
[   43.254541] pimreg: entered allmulticast mode
[   43.266114] pimreg: entered allmulticast mode
[   43.289590] pimreg: entered allmulticast mode
[   43.301690] pimreg: entered allmulticast mode
[   43.333362] pimreg: entered allmulticast mode
[   43.360977] pimreg: entered allmulticast mode
[   43.373754] pimreg: left allmulticast mode
[   43.374106] pimreg: left allmulticast mode
[   43.374369] pimreg: left allmulticast mode
[   43.374663] pimreg: left allmulticast mode
[   43.374964] pimreg: left allmulticast mode
[   43.375267] pimreg: left allmulticast mode
[   43.375565] pimreg: left allmulticast mode
[   43.388255] pimreg: entered allmulticast mode
[   43.410470] pimreg: entered allmulticast mode
[   43.436395] pimreg: entered allmulticast mode
[   43.461337] pimreg: entered allmulticast mode
[   43.481837] pimreg: entered allmulticast mode
[   43.494475] pimreg: left allmulticast mode
[   43.495129] pimreg: left allmulticast mode
[   43.495414] pimreg: left allmulticast mode
[   43.495744] pimreg: left allmulticast mode
[   43.496087] pimreg: left allmulticast mode
[   43.505972] pimreg: entered allmulticast mode
[   43.529105] pimreg: entered allmulticast mode
[   43.556253] pimreg: entered allmulticast mode
[   43.577254] pimreg: entered allmulticast mode
[   43.600978] pimreg: entered allmulticast mode
[   43.621597] pimreg: entered allmulticast mode
[   43.645513] pimreg: left allmulticast mode
[   43.645878] pimreg: left allmulticast mode
[   43.646174] pimreg: left allmulticast mode
[   43.646697] pimreg: left allmulticast mode
[   43.647438] pimreg: left allmulticast mode
[   43.647766] pimreg: left allmulticast mode
[   43.658715] pimreg: entered allmulticast mode
[   43.692438] pimreg: entered allmulticast mode
[   43.721923] pimreg: entered allmulticast mode
[   43.741966] pimreg: entered allmulticast mode
[   43.761437] pimreg: entered allmulticast mode
[   43.761794] pimreg: left allmulticast mode
[   43.762109] pimreg: left allmulticast mode
[   43.762465] pimreg: left allmulticast mode
[   43.762823] pimreg: left allmulticast mode
[   43.775012] pimreg: entered allmulticast mode
[   43.786117] pimreg: entered allmulticast mode
[   43.828922] pimreg: entered allmulticast mode
[   43.873543] pimreg: entered allmulticast mode
[   43.897484] pimreg: entered allmulticast mode
[   43.925594] pimreg: entered allmulticast mode
[   43.930016] pimreg: left allmulticast mode
[   43.930786] pimreg: left allmulticast mode
[   43.931176] pimreg: left allmulticast mode
[   43.931506] pimreg: left allmulticast mode
[   43.931815] pimreg: left allmulticast mode
[   43.932188] pimreg: left allmulticast mode
[   43.949126] pimreg: entered allmulticast mode
[   43.975899] pimreg: entered allmulticast mode
[   43.993696] pimreg: entered allmulticast mode
[   44.017073] pimreg: entered allmulticast mode
[   44.049306] pimreg: entered allmulticast mode
[   44.073679] pimreg: entered allmulticast mode
[   44.093145] pimreg: entered allmulticast mode
[   44.093965] pimreg: left allmulticast mode
[   44.094530] pimreg: left allmulticast mode
[   44.094901] pimreg: left allmulticast mode
[   44.095295] pimreg: left allmulticast mode
[   44.095675] pimreg: left allmulticast mode
[   44.096017] pimreg: left allmulticast mode
[   44.096360] pimreg: left allmulticast mode
[   44.108064] pimreg: entered allmulticast mode
[   44.137999] pimreg: entered allmulticast mode
[   44.176032] pimreg: entered allmulticast mode
[   44.205405] pimreg: entered allmulticast mode
[   44.229883] pimreg: entered allmulticast mode
[   44.257496] pimreg: entered allmulticast mode
[   44.281489] pimreg: entered allmulticast mode
[   44.309257] pimreg: entered allmulticast mode
[   44.313730] pimreg: left allmulticast mode
[   44.314129] pimreg: left allmulticast mode
[   44.314458] pimreg: left allmulticast mode
[   44.314782] pimreg: left allmulticast mode
[   44.315136] pimreg: left allmulticast mode
[   44.315457] pimreg: left allmulticast mode
[   44.315974] pimreg: left allmulticast mode
[   44.316329] pimreg: left allmulticast mode
[   44.316657] pimreg: left allmulticast mode
[   44.332750] pimreg: entered allmulticast mode
[   44.350141] pimreg: entered allmulticast mode
[   44.377128] pimreg: entered allmulticast mode
[   44.401649] pimreg: entered allmulticast mode
[   44.425315] pimreg: entered allmulticast mode
[   44.453003] pimreg: entered allmulticast mode
[   44.481702] pimreg: entered allmulticast mode
[   44.505217] pimreg: entered allmulticast mode
[   44.541483] pimreg: entered allmulticast mode
[   44.566519] pimreg: left allmulticast mode
[   44.567059] pimreg: left allmulticast mode
[   44.567342] pimreg: left allmulticast mode
[   44.567680] pimreg: left allmulticast mode
[   44.568033] pimreg: left allmulticast mode
[   44.568394] pimreg: left allmulticast mode
[   44.568738] pimreg: left allmulticast mode
[   44.569402] pimreg: left allmulticast mode
[   44.569762] pimreg: left allmulticast mode
[   44.584888] pimreg: entered allmulticast mode
[   44.614360] pimreg: entered allmulticast mode
[   44.640693] pimreg: entered allmulticast mode
[   44.658922] pimreg: entered allmulticast mode
[   44.682151] pimreg: entered allmulticast mode
[   44.705233] pimreg: entered allmulticast mode
[   44.729522] pimreg: entered allmulticast mode
[   44.753688] pimreg: entered allmulticast mode
[   44.778049] pimreg: entered allmulticast mode
[   44.805353] pimreg: entered allmulticast mode
[   44.818588] pimreg: left allmulticast mode
[   44.818951] pimreg: left allmulticast mode
[   44.819215] pimreg: left allmulticast mode
[   44.819487] pimreg: left allmulticast mode
[   44.819734] pimreg: left allmulticast mode
[   44.820087] pimreg: left allmulticast mode
[   44.820435] pimreg: left allmulticast mode
[   44.820838] pimreg: left allmulticast mode
[   44.821180] pimreg: left allmulticast mode
[   44.821536] pimreg: left allmulticast mode
[   44.837868] pimreg: entered allmulticast mode
[   44.865940] pimreg: entered allmulticast mode
[   44.893639] pimreg: entered allmulticast mode
[   44.910820] pimreg: entered allmulticast mode
[   44.934212] pimreg: entered allmulticast mode
[   44.968613] pimreg: entered allmulticast mode
[   44.993280] pimreg: entered allmulticast mode
[   45.017190] pimreg: entered allmulticast mode
[   45.041260] pimreg: entered allmulticast mode
[   45.065154] pimreg: entered allmulticast mode
[   45.089211] pimreg: entered allmulticast mode
[   45.094122] pimreg: left allmulticast mode
[   45.094470] pimreg: left allmulticast mode
[   45.094719] pimreg: left allmulticast mode
[   45.094982] pimreg: left allmulticast mode
[   45.095228] pimreg: left allmulticast mode
[   45.095819] pimreg: left allmulticast mode
[   45.096157] pimreg: left allmulticast mode
[   45.096447] pimreg: left allmulticast mode
[   45.096738] pimreg: left allmulticast mode
[   45.097082] pimreg: left allmulticast mode
[   45.097398] pimreg: left allmulticast mode
[   45.114221] pimreg: entered allmulticast mode
[   45.138163] pimreg: entered allmulticast mode
[   45.162253] pimreg: entered allmulticast mode
[   45.185606] pimreg: entered allmulticast mode
[   45.198031] pimreg: entered allmulticast mode
[   45.217805] pimreg: entered allmulticast mode
[   45.241677] pimreg: entered allmulticast mode
[   45.260958] pimreg: entered allmulticast mode
[   45.281404] pimreg: entered allmulticast mode
[   45.302455] pimreg: left allmulticast mode
[   45.302823] pimreg: left allmulticast mode
[   45.303094] pimreg: left allmulticast mode
[   45.303361] pimreg: left allmulticast mode
[   45.303616] pimreg: left allmulticast mode
[   45.304925] pimreg: left allmulticast mode
[   45.305212] pimreg: left allmulticast mode
[   45.305469] pimreg: left allmulticast mode
[   45.305740] pimreg: left allmulticast mode
[   45.320190] pimreg: entered allmulticast mode
[   45.353242] pimreg: entered allmulticast mode
[   45.385099] pimreg: entered allmulticast mode
[   45.410952] pimreg: entered allmulticast mode
[   45.425377] pimreg: entered allmulticast mode
[   45.445529] pimreg: entered allmulticast mode
[   45.464957] pimreg: entered allmulticast mode
[   45.485640] pimreg: entered allmulticast mode
[   45.502561] pimreg: left allmulticast mode
[   45.502900] pimreg: left allmulticast mode
[   45.503166] pimreg: left allmulticast mode
[   45.503422] pimreg: left allmulticast mode
[   45.503676] pimreg: left allmulticast mode
[   45.504010] pimreg: left allmulticast mode
[   45.504296] pimreg: left allmulticast mode
[   45.504605] pimreg: left allmulticast mode
[   45.517497] pimreg: entered allmulticast mode
[   45.538703] pimreg: entered allmulticast mode
[   45.562578] pimreg: entered allmulticast mode
[   45.581180] pimreg: entered allmulticast mode
[   45.601816] pimreg: entered allmulticast mode
[   45.625257] pimreg: entered allmulticast mode
[   45.649275] pimreg: entered allmulticast mode
[   45.673229] pimreg: entered allmulticast mode
[   45.698825] pimreg: entered allmulticast mode
[   45.706077] pimreg: left allmulticast mode
[   45.706433] pimreg: left allmulticast mode
[   45.706758] pimreg: left allmulticast mode
[   45.707114] pimreg: left allmulticast mode
[   45.707410] pimreg: left allmulticast mode
[   45.707867] pimreg: left allmulticast mode
[   45.708178] pimreg: left allmulticast mode
[   45.708475] pimreg: left allmulticast mode
[   45.708767] pimreg: left allmulticast mode
[   45.724616] pimreg: entered allmulticast mode
[   45.752481] pimreg: entered allmulticast mode
[   45.781424] pimreg: entered allmulticast mode
[   45.793392] pimreg: entered allmulticast mode
[   45.817920] pimreg: entered allmulticast mode
[   45.845331] pimreg: entered allmulticast mode
[   45.877335] pimreg: entered allmulticast mode
[   45.901671] pimreg: entered allmulticast mode
[   45.925765] pimreg: entered allmulticast mode
[   45.942448] pimreg: left allmulticast mode
[   45.942786] pimreg: left allmulticast mode
[   45.943041] pimreg: left allmulticast mode
[   45.943293] pimreg: left allmulticast mode
[   45.943550] pimreg: left allmulticast mode
[   45.943894] pimreg: left allmulticast mode
[   45.944229] pimreg: left allmulticast mode
[   45.944523] pimreg: left allmulticast mode
[   45.944885] pimreg: left allmulticast mode
[   45.960394] pimreg: entered allmulticast mode
[   45.983549] pimreg: entered allmulticast mode
[   46.009261] pimreg: entered allmulticast mode
[   46.033859] pimreg: entered allmulticast mode
[   46.057466] pimreg: entered allmulticast mode
[   46.081259] pimreg: entered allmulticast mode
[   46.101610] pimreg: entered allmulticast mode
[   46.125320] pimreg: entered allmulticast mode
[   46.149383] pimreg: entered allmulticast mode
[   46.174147] pimreg: left allmulticast mode
[   46.174493] pimreg: left allmulticast mode
[   46.174773] pimreg: left allmulticast mode
[   46.175056] pimreg: left allmulticast mode
[   46.175327] pimreg: left allmulticast mode
[   46.175693] pimreg: left allmulticast mode
[   46.175975] pimreg: left allmulticast mode
[   46.176238] pimreg: left allmulticast mode
[   46.176489] pimreg: left allmulticast mode
[   46.191381] pimreg: entered allmulticast mode
[   46.212560] pimreg: entered allmulticast mode
[   46.250617] pimreg: entered allmulticast mode
[   46.273864] pimreg: entered allmulticast mode
[   46.305661] pimreg: entered allmulticast mode
[   46.333440] pimreg: entered allmulticast mode
[   46.357153] pimreg: entered allmulticast mode
[   46.381503] pimreg: entered allmulticast mode
[   46.413666] pimreg: entered allmulticast mode
[   46.434174] pimreg: left allmulticast mode
[   46.434648] pimreg: left allmulticast mode
[   46.435053] pimreg: left allmulticast mode
[   46.435520] pimreg: left allmulticast mode
[   46.435886] pimreg: left allmulticast mode
[   46.436242] pimreg: left allmulticast mode
[   46.436605] pimreg: left allmulticast mode
[   46.436982] pimreg: left allmulticast mode
[   46.437342] pimreg: left allmulticast mode
[   46.451188] pimreg: entered allmulticast mode
[   46.477015] pimreg: entered allmulticast mode
[   46.492926] pimreg: entered allmulticast mode
[   46.520894] pimreg: entered allmulticast mode
[   46.557515] pimreg: entered allmulticast mode
[   46.585777] pimreg: entered allmulticast mode
[   46.609481] pimreg: entered allmulticast mode
[   46.633488] pimreg: entered allmulticast mode
[   46.673310] pimreg: entered allmulticast mode
[   46.709861] pimreg: left allmulticast mode
[   46.710196] pimreg: left allmulticast mode
[   46.710450] pimreg: left allmulticast mode
[   46.710808] pimreg: left allmulticast mode
[   46.711178] pimreg: left allmulticast mode
[   46.711841] pimreg: left allmulticast mode
[   46.712250] pimreg: left allmulticast mode
[   46.712632] pimreg: left allmulticast mode
[   46.713052] pimreg: left allmulticast mode
[   46.726801] pimreg: entered allmulticast mode
[   46.754079] pimreg: entered allmulticast mode
[   46.777676] pimreg: entered allmulticast mode
[   46.789842] pimreg: entered allmulticast mode
[   46.813539] pimreg: entered allmulticast mode
[   46.841512] pimreg: entered allmulticast mode
[   46.865264] pimreg: entered allmulticast mode
[   46.889137] pimreg: entered allmulticast mode
[   46.913331] pimreg: entered allmulticast mode
[   46.933325] pimreg: entered allmulticast mode
[   46.937858] pimreg: left allmulticast mode
[   46.938194] pimreg: left allmulticast mode
[   46.938460] pimreg: left allmulticast mode
[   46.938710] pimreg: left allmulticast mode
[   46.938966] pimreg: left allmulticast mode
[   46.939265] pimreg: left allmulticast mode
[   46.939589] pimreg: left allmulticast mode
[   46.939927] pimreg: left allmulticast mode
[   46.940276] pimreg: left allmulticast mode
[   46.955087] pimreg: entered allmulticast mode
[   46.998994] pimreg: entered allmulticast mode
[   47.028039] pimreg: entered allmulticast mode
[   47.054059] pimreg: entered allmulticast mode
[   47.077216] pimreg: entered allmulticast mode
[   47.097790] pimreg: entered allmulticast mode
[   47.117540] pimreg: entered allmulticast mode
[   47.145213] pimreg: entered allmulticast mode
[   47.169312] pimreg: entered allmulticast mode
[   47.193831] pimreg: entered allmulticast mode
[   47.197998] pimreg: left allmulticast mode
[   47.198343] pimreg: left allmulticast mode
[   47.198592] pimreg: left allmulticast mode
[   47.198851] pimreg: left allmulticast mode
[   47.199093] pimreg: left allmulticast mode
[   47.199728] pimreg: left allmulticast mode
[   47.200131] pimreg: left allmulticast mode
[   47.200433] pimreg: left allmulticast mode
[   47.200718] pimreg: left allmulticast mode
[   47.201098] pimreg: left allmulticast mode
[   47.201396] pimreg: left allmulticast mode
[   47.218600] pimreg: entered allmulticast mode
[   47.246198] pimreg: entered allmulticast mode
[   47.261015] pimreg: entered allmulticast mode
[   47.282397] pimreg: entered allmulticast mode
[   47.309317] pimreg: entered allmulticast mode
[   47.333492] pimreg: entered allmulticast mode
[   47.353144] pimreg: entered allmulticast mode
[   47.377579] pimreg: entered allmulticast mode
[   47.397904] pimreg: left allmulticast mode
[   47.398249] pimreg: left allmulticast mode
[   47.398525] pimreg: left allmulticast mode
[   47.398821] pimreg: left allmulticast mode
[   47.399091] pimreg: left allmulticast mode
[   47.399548] pimreg: left allmulticast mode
[   47.399945] pimreg: left allmulticast mode
[   47.400235] pimreg: left allmulticast mode
[   47.413701] pimreg: entered allmulticast mode
[   47.434785] pimreg: entered allmulticast mode
[   47.460469] pimreg: entered allmulticast mode
[   47.485773] pimreg: entered allmulticast mode
[   47.509408] pimreg: entered allmulticast mode
[   47.533532] pimreg: entered allmulticast mode
[   47.553172] pimreg: entered allmulticast mode
[   47.573924] pimreg: entered allmulticast mode
[   47.589780] pimreg: left allmulticast mode
[   47.590120] pimreg: left allmulticast mode
[   47.590444] pimreg: left allmulticast mode
[   47.591662] pimreg: left allmulticast mode
[   47.592031] pimreg: left allmulticast mode
[   47.592322] pimreg: left allmulticast mode
[   47.592614] pimreg: left allmulticast mode
[   47.592982] pimreg: left allmulticast mode
[   47.605628] pimreg: entered allmulticast mode
[   47.627469] pimreg: entered allmulticast mode
[   47.659338] pimreg: entered allmulticast mode
[   47.674555] pimreg: entered allmulticast mode
[   47.685155] pimreg: entered allmulticast mode
[   47.709384] pimreg: entered allmulticast mode
[   47.729109] pimreg: entered allmulticast mode
[   47.745519] pimreg: entered allmulticast mode
[   47.754532] pimreg: left allmulticast mode
[   47.755328] pimreg: left allmulticast mode
[   47.755699] pimreg: left allmulticast mode
[   47.756070] pimreg: left allmulticast mode
[   47.756463] pimreg: left allmulticast mode
[   47.756859] pimreg: left allmulticast mode
[   47.757222] pimreg: left allmulticast mode
[   47.757576] pimreg: left allmulticast mode
[   47.772983] pimreg: entered allmulticast mode
[   47.789922] pimreg: entered allmulticast mode
[   47.815668] pimreg: entered allmulticast mode
[   47.833536] pimreg: entered allmulticast mode
[   47.857161] pimreg: entered allmulticast mode
[   47.881332] pimreg: entered allmulticast mode
[   47.905456] pimreg: entered allmulticast mode
[   47.933263] pimreg: entered allmulticast mode
[   47.969831] pimreg: entered allmulticast mode
[   47.973953] pimreg: left allmulticast mode
[   47.974281] pimreg: left allmulticast mode
[   47.974556] pimreg: left allmulticast mode
[   47.974835] pimreg: left allmulticast mode
[   47.975083] pimreg: left allmulticast mode
[   47.975381] pimreg: left allmulticast mode
[   47.975682] pimreg: left allmulticast mode
[   47.975992] pimreg: left allmulticast mode
[   47.997257] pimreg: entered allmulticast mode
[   48.015155] pimreg: entered allmulticast mode
[   48.035641] pimreg: entered allmulticast mode
[   48.057460] pimreg: entered allmulticast mode
[   48.077167] pimreg: entered allmulticast mode
[   48.097023] pimreg: entered allmulticast mode
[   48.117390] pimreg: entered allmulticast mode
[   48.141468] pimreg: entered allmulticast mode
[   48.169191] pimreg: entered allmulticast mode
[   48.173955] pimreg: left allmulticast mode
[   48.174523] pimreg: left allmulticast mode
[   48.174868] pimreg: left allmulticast mode
[   48.175176] pimreg: left allmulticast mode
[   48.175475] pimreg: left allmulticast mode
[   48.175778] pimreg: left allmulticast mode
[   48.176062] pimreg: left allmulticast mode
[   48.176353] pimreg: left allmulticast mode
[   48.176646] pimreg: left allmulticast mode
[   48.197400] pimreg: entered allmulticast mode
[   48.215894] pimreg: entered allmulticast mode
[   48.240718] pimreg: entered allmulticast mode
[   48.262702] pimreg: entered allmulticast mode
[   48.281228] pimreg: entered allmulticast mode
[   48.301171] pimreg: entered allmulticast mode
[   48.325370] pimreg: entered allmulticast mode
[   48.345827] pimreg: entered allmulticast mode
[   48.357778] pimreg: left allmulticast mode
[   48.358118] pimreg: left allmulticast mode
[   48.358381] pimreg: left allmulticast mode
[   48.358642] pimreg: left allmulticast mode
[   48.359014] pimreg: left allmulticast mode
[   48.359325] pimreg: left allmulticast mode
[   48.359672] pimreg: left allmulticast mode
[   48.360202] pimreg: left allmulticast mode
[   48.360538] pimreg: left allmulticast mode
[   48.375439] pimreg: entered allmulticast mode
[   48.392447] pimreg: entered allmulticast mode
[   48.418095] pimreg: entered allmulticast mode
[   48.430218] pimreg: entered allmulticast mode
[   48.453954] pimreg: entered allmulticast mode
[   48.477986] pimreg: entered allmulticast mode
[   48.493146] pimreg: entered allmulticast mode
[   48.509863] pimreg: left allmulticast mode
[   48.510203] pimreg: left allmulticast mode
[   48.510471] pimreg: left allmulticast mode
[   48.510748] pimreg: left allmulticast mode
[   48.511003] pimreg: left allmulticast mode
[   48.511666] pimreg: left allmulticast mode
[   48.512093] pimreg: left allmulticast mode
[   48.524246] pimreg: entered allmulticast mode
[   48.545113] pimreg: entered allmulticast mode
[   48.570024] pimreg: entered allmulticast mode
[   48.589530] pimreg: entered allmulticast mode
[   48.625204] pimreg: entered allmulticast mode
[   48.649382] pimreg: entered allmulticast mode
[   48.672909] pimreg: entered allmulticast mode
[   48.697367] pimreg: entered allmulticast mode
[   48.718134] pimreg: left allmulticast mode
[   48.718870] pimreg: left allmulticast mode
[   48.719159] pimreg: left allmulticast mode
[   48.719554] pimreg: left allmulticast mode
[   48.719849] pimreg: left allmulticast mode
[   48.720117] pimreg: left allmulticast mode
[   48.720481] pimreg: left allmulticast mode
[   48.720845] pimreg: left allmulticast mode
[   48.733681] pimreg: entered allmulticast mode
[   48.754461] pimreg: entered allmulticast mode
[   48.775222] pimreg: entered allmulticast mode
[   48.810238] pimreg: entered allmulticast mode
[   48.837156] pimreg: entered allmulticast mode
[   48.861429] pimreg: entered allmulticast mode
[   48.889301] pimreg: entered allmulticast mode
[   48.913993] pimreg: entered allmulticast mode
[   48.933922] pimreg: left allmulticast mode
[   48.934390] pimreg: left allmulticast mode
[   48.934806] pimreg: left allmulticast mode
[   48.935154] pimreg: left allmulticast mode
[   48.935535] pimreg: left allmulticast mode
[   48.935879] pimreg: left allmulticast mode
[   48.936230] pimreg: left allmulticast mode
[   48.936546] pimreg: left allmulticast mode
[   48.949390] pimreg: entered allmulticast mode
[   48.975618] pimreg: entered allmulticast mode
[   48.993891] pimreg: entered allmulticast mode
[   49.004276] pimreg: entered allmulticast mode
[   49.029665] pimreg: entered allmulticast mode
[   49.061398] pimreg: entered allmulticast mode
[   49.089468] pimreg: entered allmulticast mode
[   49.125534] pimreg: entered allmulticast mode
[   49.153796] pimreg: entered allmulticast mode
[   49.174275] pimreg: left allmulticast mode
[   49.174576] pimreg: left allmulticast mode
[   49.174864] pimreg: left allmulticast mode
[   49.175112] pimreg: left allmulticast mode
[   49.175356] pimreg: left allmulticast mode
[   49.175610] pimreg: left allmulticast mode
[   49.176015] pimreg: left allmulticast mode
[   49.176311] pimreg: left allmulticast mode
[   49.176606] pimreg: left allmulticast mode
[   49.191449] pimreg: entered allmulticast mode
[   49.211628] pimreg: entered allmulticast mode
[   49.240291] pimreg: entered allmulticast mode
[   49.269323] pimreg: entered allmulticast mode
[   49.297973] pimreg: entered allmulticast mode
[   49.321256] pimreg: entered allmulticast mode
[   49.349384] pimreg: entered allmulticast mode
[   49.373456] pimreg: entered allmulticast mode
[   49.409965] pimreg: entered allmulticast mode
[   49.431015] pimreg: left allmulticast mode
[   49.431841] pimreg: left allmulticast mode
[   49.432129] pimreg: left allmulticast mode
[   49.432400] pimreg: left allmulticast mode
[   49.432691] pimreg: left allmulticast mode
[   49.433022] pimreg: left allmulticast mode
[   49.433282] pimreg: left allmulticast mode
[   49.433538] pimreg: left allmulticast mode
[   49.433802] pimreg: left allmulticast mode
[   49.447966] pimreg: entered allmulticast mode
[   49.474692] pimreg: entered allmulticast mode
[   49.497696] pimreg: entered allmulticast mode
[   49.522320] pimreg: entered allmulticast mode
[   49.537548] pimreg: entered allmulticast mode
[   49.557557] pimreg: entered allmulticast mode
[   49.581295] pimreg: entered allmulticast mode
[   49.605280] pimreg: entered allmulticast mode
[   49.630028] pimreg: entered allmulticast mode
[   49.645832] pimreg: left allmulticast mode
[   49.646168] pimreg: left allmulticast mode
[   49.646424] pimreg: left allmulticast mode
[   49.647183] pimreg: left allmulticast mode
[   49.647825] pimreg: left allmulticast mode
[   49.648117] pimreg: left allmulticast mode
[   49.648383] pimreg: left allmulticast mode
[   49.648646] pimreg: left allmulticast mode
[   49.649343] pimreg: left allmulticast mode
[   49.663351] pimreg: entered allmulticast mode
[   49.683648] pimreg: entered allmulticast mode
[   49.706551] pimreg: entered allmulticast mode
[   49.708980] systemd-journald[146]: Data hash table of /run/log/journal/938775788448454bb5b34822d5730c41/system.journal has a fill level at 75.0 (5360 of 7146 items, 4116480 file size, 768 bytes per hash table item), suggesting rotation.
[   49.710394] systemd-journald[146]: /run/log/journal/938775788448454bb5b34822d5730c41/system.journal: Journal header limits reached or header out-of-date, rotating.
[   49.726991] pimreg: entered allmulticast mode
[   49.746190] pimreg: entered allmulticast mode
[   49.769659] pimreg: entered allmulticast mode
[   49.805059] pimreg: entered allmulticast mode
[   49.824702] pimreg: entered allmulticast mode
[   49.845197] pimreg: entered allmulticast mode
[   49.850527] pimreg: left allmulticast mode
[   49.850869] pimreg: left allmulticast mode
[   49.851124] pimreg: left allmulticast mode
[   49.851374] pimreg: left allmulticast mode
[   49.851731] pimreg: left allmulticast mode
[   49.852093] pimreg: left allmulticast mode
[   49.852453] pimreg: left allmulticast mode
[   49.852837] pimreg: left allmulticast mode
[   49.869502] pimreg: entered allmulticast mode
[   49.901978] pimreg: entered allmulticast mode
[   49.915241] pimreg: entered allmulticast mode
[   49.933795] pimreg: entered allmulticast mode
[   49.953794] pimreg: entered allmulticast mode
[   49.981237] pimreg: entered allmulticast mode
[   50.005428] pimreg: entered allmulticast mode
[   50.033479] pimreg: entered allmulticast mode
[   50.057152] pimreg: entered allmulticast mode
[   50.062102] pimreg: left allmulticast mode
[   50.062433] pimreg: left allmulticast mode
[   50.062755] pimreg: left allmulticast mode
[   50.063053] pimreg: left allmulticast mode
[   50.064002] pimreg: left allmulticast mode
[   50.064424] pimreg: left allmulticast mode
[   50.064745] pimreg: left allmulticast mode
[   50.065097] pimreg: left allmulticast mode
[   50.065395] pimreg: left allmulticast mode
[   50.065694] pimreg: left allmulticast mode
[   50.082185] pimreg: entered allmulticast mode
[   50.111027] pimreg: entered allmulticast mode
[   50.133129] pimreg: entered allmulticast mode
[   50.157191] pimreg: entered allmulticast mode
[   50.185256] pimreg: entered allmulticast mode
[   50.209243] pimreg: entered allmulticast mode
[   50.233034] pimreg: entered allmulticast mode
[   50.261366] pimreg: entered allmulticast mode
[   50.285096] pimreg: entered allmulticast mode
[   50.313681] pimreg: entered allmulticast mode
[   50.318085] pimreg: left allmulticast mode
[   50.318440] pimreg: left allmulticast mode
[   50.318717] pimreg: left allmulticast mode
[   50.318969] pimreg: left allmulticast mode
[   50.319220] pimreg: left allmulticast mode
[   50.319475] pimreg: left allmulticast mode
[   50.319733] pimreg: left allmulticast mode
[   50.320031] pimreg: left allmulticast mode
[   50.320325] pimreg: left allmulticast mode
[   50.337048] pimreg: entered allmulticast mode
[   50.367590] pimreg: entered allmulticast mode
[   50.389303] pimreg: entered allmulticast mode
[   50.409568] pimreg: entered allmulticast mode
[   50.433659] pimreg: entered allmulticast mode
[   50.453064] pimreg: entered allmulticast mode
[   50.473844] pimreg: entered allmulticast mode
[   50.493262] pimreg: entered allmulticast mode
[   50.513988] pimreg: entered allmulticast mode
[   50.529734] pimreg: left allmulticast mode
[   50.530062] pimreg: left allmulticast mode
[   50.530321] pimreg: left allmulticast mode
[   50.531200] pimreg: left allmulticast mode
[   50.531893] pimreg: left allmulticast mode
[   50.532188] pimreg: left allmulticast mode
[   50.532483] pimreg: left allmulticast mode
[   50.532893] pimreg: left allmulticast mode
[   50.533191] pimreg: left allmulticast mode
[   50.533480] pimreg: left allmulticast mode
[   50.548144] pimreg: entered allmulticast mode
[   50.574172] pimreg: entered allmulticast mode
[   50.597485] pimreg: entered allmulticast mode
[   50.621490] pimreg: entered allmulticast mode
[   50.633130] pimreg: entered allmulticast mode
[   50.653844] pimreg: entered allmulticast mode
[   50.673318] pimreg: entered allmulticast mode
[   50.693289] pimreg: entered allmulticast mode
[   50.713670] pimreg: entered allmulticast mode
[   50.729978] pimreg: left allmulticast mode
[   50.730307] pimreg: left allmulticast mode
[   50.730576] pimreg: left allmulticast mode
[   50.730873] pimreg: left allmulticast mode
[   50.731178] pimreg: left allmulticast mode
[   50.731496] pimreg: left allmulticast mode
[   50.731792] pimreg: left allmulticast mode
[   50.732079] pimreg: left allmulticast mode
[   50.733032] pimreg: left allmulticast mode
[   50.747346] pimreg: entered allmulticast mode
[   50.767567] pimreg: entered allmulticast mode
[   50.778799] pimreg: entered allmulticast mode
[   50.798856] pimreg: entered allmulticast mode
[   50.809899] pimreg: entered allmulticast mode
[   50.829744] pimreg: entered allmulticast mode
[   50.853162] pimreg: entered allmulticast mode
[   50.873605] pimreg: entered allmulticast mode
[   50.898821] pimreg: entered allmulticast mode
[   50.910038] pimreg: left allmulticast mode
[   50.910369] pimreg: left allmulticast mode
[   50.910677] pimreg: left allmulticast mode
[   50.910970] pimreg: left allmulticast mode
[   50.911272] pimreg: left allmulticast mode
[   50.911571] pimreg: left allmulticast mode
[   50.911896] pimreg: left allmulticast mode
[   50.912786] pimreg: left allmulticast mode
[   50.913327] pimreg: left allmulticast mode
[   50.929368] pimreg: entered allmulticast mode
[   50.941893] pimreg: entered allmulticast mode
[   50.962296] pimreg: entered allmulticast mode
[   50.989036] pimreg: entered allmulticast mode
[   51.008248] pimreg: entered allmulticast mode
[   51.033930] pimreg: entered allmulticast mode
[   51.061849] pimreg: entered allmulticast mode
[   51.076892] pimreg: entered allmulticast mode
[   51.101443] pimreg: entered allmulticast mode
[   51.125279] pimreg: entered allmulticast mode
[   51.149104] pimreg: entered allmulticast mode
[   51.154116] pimreg: left allmulticast mode
[   51.154454] pimreg: left allmulticast mode
[   51.154730] pimreg: left allmulticast mode
[   51.154984] pimreg: left allmulticast mode
[   51.155236] pimreg: left allmulticast mode
[   51.155482] pimreg: left allmulticast mode
[   51.156161] pimreg: left allmulticast mode
[   51.156471] pimreg: left allmulticast mode
[   51.156774] pimreg: left allmulticast mode
[   51.157109] pimreg: left allmulticast mode
[   51.157437] pimreg: left allmulticast mode
[   51.174508] pimreg: entered allmulticast mode
[   51.209407] pimreg: entered allmulticast mode
[   51.241323] pimreg: entered allmulticast mode
[   51.266774] pimreg: entered allmulticast mode
[   51.289514] pimreg: entered allmulticast mode
[   51.313703] pimreg: entered allmulticast mode
[   51.337200] pimreg: entered allmulticast mode
[   51.365354] pimreg: entered allmulticast mode
[   51.393308] pimreg: entered allmulticast mode
[   51.416870] pimreg: entered allmulticast mode
[   51.441767] pimreg: entered allmulticast mode
[   51.446088] pimreg: left allmulticast mode
[   51.446499] pimreg: left allmulticast mode
[   51.446874] pimreg: left allmulticast mode
[   51.447238] pimreg: left allmulticast mode
[   51.447594] pimreg: left allmulticast mode
[   51.447908] pimreg: left allmulticast mode
[   51.448224] pimreg: left allmulticast mode
[   51.448565] pimreg: left allmulticast mode
[   51.448960] pimreg: left allmulticast mode
[   51.449319] pimreg: left allmulticast mode
[   51.465323] pimreg: entered allmulticast mode
[   51.489018] pimreg: entered allmulticast mode
[   51.504581] pimreg: entered allmulticast mode
[   51.517910] pimreg: entered allmulticast mode
[   51.537028] pimreg: entered allmulticast mode
[   51.557459] pimreg: entered allmulticast mode
[   51.593039] pimreg: entered allmulticast mode
[   51.617328] pimreg: entered allmulticast mode
[   51.641116] pimreg: entered allmulticast mode
[   51.655074] pimreg: left allmulticast mode
[   51.655694] pimreg: left allmulticast mode
[   51.655983] pimreg: left allmulticast mode
[   51.656235] pimreg: left allmulticast mode
[   51.656537] pimreg: left allmulticast mode
[   51.656932] pimreg: left allmulticast mode
[   51.657252] pimreg: left allmulticast mode
[   51.657590] pimreg: left allmulticast mode
[   51.657934] pimreg: left allmulticast mode
[   51.658263] pimreg: left allmulticast mode
[   51.674152] pimreg: entered allmulticast mode
[   51.695198] pimreg: entered allmulticast mode
[   51.720600] pimreg: entered allmulticast mode
[   51.741459] pimreg: entered allmulticast mode
[   51.765620] pimreg: entered allmulticast mode
[   51.785039] pimreg: entered allmulticast mode
[   51.813216] pimreg: entered allmulticast mode
[   51.837145] pimreg: entered allmulticast mode
[   51.861805] pimreg: entered allmulticast mode
[   51.885785] pimreg: entered allmulticast mode
[   51.910765] pimreg: left allmulticast mode
[   51.911092] pimreg: left allmulticast mode
[   51.911359] pimreg: left allmulticast mode
[   51.911630] pimreg: left allmulticast mode
[   51.911891] pimreg: left allmulticast mode
[   51.912144] pimreg: left allmulticast mode
[   51.912760] pimreg: left allmulticast mode
[   51.913332] pimreg: left allmulticast mode
[   51.913606] pimreg: left allmulticast mode
[   51.913860] pimreg: left allmulticast mode
[   51.928911] pimreg: entered allmulticast mode
[   51.953952] pimreg: entered allmulticast mode
[   51.978609] pimreg: entered allmulticast mode
[   51.993177] pimreg: entered allmulticast mode
[   52.013403] pimreg: entered allmulticast mode
[   52.033290] pimreg: entered allmulticast mode
[   52.053226] pimreg: entered allmulticast mode
[   52.073365] pimreg: entered allmulticast mode
[   52.097533] pimreg: entered allmulticast mode
[   52.125032] pimreg: entered allmulticast mode
[   52.150002] pimreg: entered allmulticast mode
[   52.153952] pimreg: left allmulticast mode
[   52.154253] pimreg: left allmulticast mode
[   52.154532] pimreg: left allmulticast mode
[   52.154854] pimreg: left allmulticast mode
[   52.155151] pimreg: left allmulticast mode
[   52.155834] pimreg: left allmulticast mode
[   52.156222] pimreg: left allmulticast mode
[   52.156478] pimreg: left allmulticast mode
[   52.156771] pimreg: left allmulticast mode
[   52.157472] pimreg: left allmulticast mode
[   52.157782] pimreg: left allmulticast mode
[   52.174794] pimreg: entered allmulticast mode
[   52.209037] pimreg: entered allmulticast mode
[   52.240640] pimreg: entered allmulticast mode
[   52.265245] pimreg: entered allmulticast mode
[   52.278476] pimreg: entered allmulticast mode
[   52.303224] pimreg: entered allmulticast mode
[   52.314096] pimreg: left allmulticast mode
[   52.314420] pimreg: left allmulticast mode
[   52.314705] pimreg: left allmulticast mode
[   52.314967] pimreg: left allmulticast mode
[   52.315226] pimreg: left allmulticast mode
[   52.315474] pimreg: left allmulticast mode
[   52.327185] pimreg: entered allmulticast mode
[   52.348452] pimreg: entered allmulticast mode
[   52.364297] pimreg: entered allmulticast mode
[   52.386133] pimreg: entered allmulticast mode
[   52.397200] pimreg: entered allmulticast mode
[   52.417259] pimreg: entered allmulticast mode
[   52.453029] pimreg: entered allmulticast mode
[   52.466434] pimreg: left allmulticast mode
[   52.467200] pimreg: left allmulticast mode
[   52.467562] pimreg: left allmulticast mode
[   52.467899] pimreg: left allmulticast mode
[   52.468220] pimreg: left allmulticast mode
[   52.468587] pimreg: left allmulticast mode
[   52.468961] pimreg: left allmulticast mode
[   52.482598] pimreg: entered allmulticast mode
[   52.506106] pimreg: entered allmulticast mode
[   52.536168] pimreg: entered allmulticast mode
[   52.554781] pimreg: entered allmulticast mode
[   52.573743] pimreg: entered allmulticast mode
[   52.601445] pimreg: entered allmulticast mode
[   52.622864] pimreg: left allmulticast mode
[   52.623223] pimreg: left allmulticast mode
[   52.623497] pimreg: left allmulticast mode
[   52.623779] pimreg: left allmulticast mode
[   52.624044] pimreg: left allmulticast mode
[   52.624418] pimreg: left allmulticast mode
[   52.635314] pimreg: entered allmulticast mode
[   52.660299] pimreg: entered allmulticast mode
[   52.684531] pimreg: entered allmulticast mode
[   52.704826] pimreg: entered allmulticast mode
[   52.729249] pimreg: entered allmulticast mode
[   52.753034] pimreg: entered allmulticast mode
[   52.774197] pimreg: entered allmulticast mode
[   52.789656] pimreg: left allmulticast mode
[   52.789976] pimreg: left allmulticast mode
[   52.790276] pimreg: left allmulticast mode
[   52.790834] pimreg: left allmulticast mode
[   52.791148] pimreg: left allmulticast mode
[   52.791439] pimreg: left allmulticast mode
[   52.791754] pimreg: left allmulticast mode
[   52.803584] pimreg: entered allmulticast mode
[   52.833360] pimreg: entered allmulticast mode
[   52.855625] pimreg: entered allmulticast mode
[   52.878060] pimreg: entered allmulticast mode
[   52.905153] pimreg: entered allmulticast mode
[   52.925986] pimreg: entered allmulticast mode
[   52.941527] pimreg: entered allmulticast mode
[   52.961677] pimreg: left allmulticast mode
[   52.962266] pimreg: left allmulticast mode
[   52.962585] pimreg: left allmulticast mode
[   52.962854] pimreg: left allmulticast mode
[   52.963441] pimreg: left allmulticast mode
[   52.963730] pimreg: left allmulticast mode
[   52.964047] pimreg: left allmulticast mode
[   52.975484] pimreg: entered allmulticast mode
[   52.997874] pimreg: entered allmulticast mode
[   53.022937] pimreg: entered allmulticast mode
[   53.041123] pimreg: entered allmulticast mode
[   53.057703] pimreg: entered allmulticast mode
[   53.081526] pimreg: entered allmulticast mode
[   53.101434] pimreg: entered allmulticast mode
[   53.125694] pimreg: entered allmulticast mode
[   53.137725] pimreg: left allmulticast mode
[   53.138069] pimreg: left allmulticast mode
[   53.138333] pimreg: left allmulticast mode
[   53.138645] pimreg: left allmulticast mode
[   53.138954] pimreg: left allmulticast mode
[   53.139271] pimreg: left allmulticast mode
[   53.139577] pimreg: left allmulticast mode
[   53.140198] pimreg: left allmulticast mode
[   53.155176] pimreg: entered allmulticast mode
[   53.170299] pimreg: entered allmulticast mode
[   53.194071] pimreg: entered allmulticast mode
[   53.206529] pimreg: entered allmulticast mode
[   53.225295] pimreg: entered allmulticast mode
[   53.246062] pimreg: entered allmulticast mode
[   53.257912] pimreg: left allmulticast mode
[   53.258236] pimreg: left allmulticast mode
[   53.258506] pimreg: left allmulticast mode
[   53.258814] pimreg: left allmulticast mode
[   53.259109] pimreg: left allmulticast mode
[   53.259413] pimreg: left allmulticast mode
[   53.270584] pimreg: entered allmulticast mode
[   53.297123] pimreg: entered allmulticast mode
[   53.314225] pimreg: entered allmulticast mode
[   53.333814] pimreg: entered allmulticast mode
[   53.369410] pimreg: entered allmulticast mode
[   53.393227] pimreg: entered allmulticast mode
[   53.417247] pimreg: entered allmulticast mode
[   53.437519] pimreg: left allmulticast mode
[   53.437841] pimreg: left allmulticast mode
[   53.438157] pimreg: left allmulticast mode
[   53.438447] pimreg: left allmulticast mode
[   53.439290] pimreg: left allmulticast mode
[   53.439619] pimreg: left allmulticast mode
[   53.439870] pimreg: left allmulticast mode
[   53.451362] pimreg: entered allmulticast mode
[   53.482354] pimreg: entered allmulticast mode
[   53.508601] pimreg: entered allmulticast mode
[   53.521940] pimreg: entered allmulticast mode
[   53.546159] pimreg: entered allmulticast mode
[   53.558018] pimreg: left allmulticast mode
[   53.558371] pimreg: left allmulticast mode
[   53.558662] pimreg: left allmulticast mode
[   53.558933] pimreg: left allmulticast mode
[   53.559183] pimreg: left allmulticast mode
[   53.569199] pimreg: entered allmulticast mode
[   53.598835] pimreg: entered allmulticast mode
[   53.627376] pimreg: entered allmulticast mode
[   53.649547] pimreg: entered allmulticast mode
[   53.673445] pimreg: entered allmulticast mode
[   53.697013] pimreg: entered allmulticast mode
[   53.717868] pimreg: left allmulticast mode
[   53.718215] pimreg: left allmulticast mode
[   53.718807] pimreg: left allmulticast mode
[   53.719104] pimreg: left allmulticast mode
[   53.719512] pimreg: left allmulticast mode
[   53.719835] pimreg: left allmulticast mode
[   53.730367] pimreg: entered allmulticast mode
[   53.758963] pimreg: entered allmulticast mode
[   53.780712] pimreg: entered allmulticast mode
[   53.800946] pimreg: entered allmulticast mode
[   53.813452] pimreg: entered allmulticast mode
[   53.838004] pimreg: entered allmulticast mode
[   53.853903] pimreg: left allmulticast mode
[   53.854309] pimreg: left allmulticast mode
[   53.854683] pimreg: left allmulticast mode
[   53.855017] pimreg: left allmulticast mode
[   53.855703] pimreg: left allmulticast mode
[   53.856063] pimreg: left allmulticast mode
[   53.866840] pimreg: entered allmulticast mode
[   53.895609] pimreg: entered allmulticast mode
[   53.911815] pimreg: entered allmulticast mode
[   53.933574] pimreg: entered allmulticast mode
[   53.953229] pimreg: entered allmulticast mode
[   53.973088] pimreg: entered allmulticast mode
[   53.993919] pimreg: entered allmulticast mode
[   54.009592] pimreg: left allmulticast mode
[   54.009924] pimreg: left allmulticast mode
[   54.010174] pimreg: left allmulticast mode
[   54.010499] pimreg: left allmulticast mode
[   54.011342] pimreg: left allmulticast mode
[   54.011666] pimreg: left allmulticast mode
[   54.011958] pimreg: left allmulticast mode
[   54.023577] pimreg: entered allmulticast mode
[   54.053712] pimreg: entered allmulticast mode
[   54.079880] pimreg: entered allmulticast mode
[   54.105289] pimreg: entered allmulticast mode
[   54.137242] pimreg: entered allmulticast mode
[   54.172977] pimreg: entered allmulticast mode
[   54.201324] pimreg: entered allmulticast mode
[   54.233387] pimreg: entered allmulticast mode
[   54.253683] pimreg: left allmulticast mode
[   54.254014] pimreg: left allmulticast mode
[   54.254269] pimreg: left allmulticast mode
[   54.254531] pimreg: left allmulticast mode
[   54.254785] pimreg: left allmulticast mode
[   54.255099] pimreg: left allmulticast mode
[   54.255921] pimreg: left allmulticast mode
[   54.256302] pimreg: left allmulticast mode
[   54.269185] pimreg: entered allmulticast mode
[   54.294872] pimreg: entered allmulticast mode
[   54.309542] pimreg: entered allmulticast mode
[   54.324517] pimreg: entered allmulticast mode
[   54.350158] pimreg: left allmulticast mode
[   54.350481] pimreg: left allmulticast mode
[   54.350736] pimreg: left allmulticast mode
[   54.351071] pimreg: left allmulticast mode
[   54.359963] pimreg: entered allmulticast mode
[   54.382356] pimreg: entered allmulticast mode
[   54.396776] pimreg: entered allmulticast mode
[   54.421431] pimreg: entered allmulticast mode
[   54.445318] pimreg: entered allmulticast mode
[   54.461496] pimreg: left allmulticast mode
[   54.461844] pimreg: left allmulticast mode
[   54.462118] pimreg: left allmulticast mode
[   54.462370] pimreg: left allmulticast mode
[   54.462739] pimreg: left allmulticast mode
[   54.473482] pimreg: entered allmulticast mode
[   54.490724] pimreg: entered allmulticast mode
[   54.512928] pimreg: entered allmulticast mode
[   54.527068] pimreg: entered allmulticast mode
[   54.541484] pimreg: entered allmulticast mode
[   54.557526] pimreg: left allmulticast mode
[   54.558297] pimreg: left allmulticast mode
[   54.558722] pimreg: left allmulticast mode
[   54.560159] pimreg: left allmulticast mode
[   54.560517] pimreg: left allmulticast mode
[   54.570047] pimreg: entered allmulticast mode
[   54.603216] pimreg: entered allmulticast mode
[   54.629952] pimreg: entered allmulticast mode
[   54.642402] pimreg: entered allmulticast mode
[   54.653751] pimreg: left allmulticast mode
[   54.654094] pimreg: left allmulticast mode
[   54.654373] pimreg: left allmulticast mode
[   54.654648] pimreg: left allmulticast mode
[   54.664944] pimreg: entered allmulticast mode
[   54.692785] pimreg: entered allmulticast mode
[   54.714558] pimreg: entered allmulticast mode
[   54.737921] pimreg: entered allmulticast mode
[   54.757474] pimreg: entered allmulticast mode
[   54.777825] pimreg: entered allmulticast mode
[   54.778210] pimreg: left allmulticast mode
[   54.778588] pimreg: left allmulticast mode
[   54.778888] pimreg: left allmulticast mode
[   54.779193] pimreg: left allmulticast mode
[   54.779487] pimreg: left allmulticast mode
[   54.791364] pimreg: entered allmulticast mode
[   54.802691] pimreg: entered allmulticast mode
[   54.824451] pimreg: entered allmulticast mode
[   54.846168] pimreg: entered allmulticast mode
[   54.877442] pimreg: entered allmulticast mode
[   54.904930] pimreg: entered allmulticast mode
[   54.933733] pimreg: left allmulticast mode
[   54.934077] pimreg: left allmulticast mode
[   54.934346] pimreg: left allmulticast mode
[   54.934615] pimreg: left allmulticast mode
[   54.934992] pimreg: left allmulticast mode
[   54.935313] pimreg: left allmulticast mode
[   54.935650] pimreg: left allmulticast mode
[   54.947009] pimreg: entered allmulticast mode
[   54.965719] pimreg: entered allmulticast mode
[   54.992596] pimreg: entered allmulticast mode
[   55.017776] pimreg: entered allmulticast mode
[   55.041732] pimreg: entered allmulticast mode
[   55.062017] pimreg: entered allmulticast mode
[   55.085263] pimreg: entered allmulticast mode
[   55.106163] pimreg: entered allmulticast mode
[   55.106551] pimreg: left allmulticast mode
[   55.106912] pimreg: left allmulticast mode
[   55.107223] pimreg: left allmulticast mode
[   55.107537] pimreg: left allmulticast mode
[   55.107833] pimreg: left allmulticast mode
[   55.108124] pimreg: left allmulticast mode
[   55.108427] pimreg: left allmulticast mode
[   55.121677] pimreg: entered allmulticast mode
[   55.149096] pimreg: entered allmulticast mode
[   55.180970] pimreg: entered allmulticast mode
[   55.193269] pimreg: entered allmulticast mode
[   55.213713] pimreg: left allmulticast mode
[   55.214044] pimreg: left allmulticast mode
[   55.214314] pimreg: left allmulticast mode
[   55.215080] pimreg: left allmulticast mode
[   55.215628] pimreg: left allmulticast mode
[   55.226108] pimreg: entered allmulticast mode
[   55.259280] pimreg: entered allmulticast mode
[   55.282283] pimreg: entered allmulticast mode
[   55.305606] pimreg: entered allmulticast mode
[   55.321311] pimreg: entered allmulticast mode
[   55.345791] pimreg: entered allmulticast mode
[   55.364786] pimreg: entered allmulticast mode
[   55.365225] pimreg: left allmulticast mode
[   55.365554] pimreg: left allmulticast mode
[   55.365824] pimreg: left allmulticast mode
[   55.366083] pimreg: left allmulticast mode
[   55.366384] pimreg: left allmulticast mode
[   55.366702] pimreg: left allmulticast mode
[   55.367012] pimreg: left allmulticast mode
[   55.380046] pimreg: entered allmulticast mode
[   55.410081] pimreg: entered allmulticast mode
[   55.435094] pimreg: entered allmulticast mode
[   55.461539] pimreg: entered allmulticast mode
[   55.488967] pimreg: entered allmulticast mode
[   55.517750] pimreg: entered allmulticast mode
[   55.537601] pimreg: entered allmulticast mode
[   55.549823] pimreg: left allmulticast mode
[   55.550171] pimreg: left allmulticast mode
[   55.550453] pimreg: left allmulticast mode
[   55.550711] pimreg: left allmulticast mode
[   55.551054] pimreg: left allmulticast mode
[   55.551668] pimreg: left allmulticast mode
[   55.552087] pimreg: left allmulticast mode
[   55.564521] pimreg: entered allmulticast mode
[   55.594219] pimreg: entered allmulticast mode
[   55.618996] pimreg: entered allmulticast mode
[   55.637584] pimreg: entered allmulticast mode
[   55.657020] pimreg: entered allmulticast mode
[   55.677288] pimreg: entered allmulticast mode
[   55.721600] pimreg: entered allmulticast mode
[   55.742726] pimreg: left allmulticast mode
[   55.743134] pimreg: left allmulticast mode
[   55.743495] pimreg: left allmulticast mode
[   55.743849] pimreg: left allmulticast mode
[   55.744182] pimreg: left allmulticast mode
[   55.744549] pimreg: left allmulticast mode
[   55.745219] pimreg: left allmulticast mode
[   55.756522] pimreg: entered allmulticast mode
[   55.785242] pimreg: entered allmulticast mode
[   55.797999] pimreg: entered allmulticast mode
[   55.837525] pimreg: entered allmulticast mode
[   55.865488] pimreg: entered allmulticast mode
[   55.885244] pimreg: entered allmulticast mode
[   55.905191] pimreg: entered allmulticast mode
[   55.930298] pimreg: entered allmulticast mode
[   55.930704] pimreg: left allmulticast mode
[   55.931075] pimreg: left allmulticast mode
[   55.931418] pimreg: left allmulticast mode
[   55.931740] pimreg: left allmulticast mode
[   55.932039] pimreg: left allmulticast mode
[   55.932334] pimreg: left allmulticast mode
[   55.932639] pimreg: left allmulticast mode
[   55.945950] pimreg: entered allmulticast mode
[   55.961821] pimreg: entered allmulticast mode
[   55.993384] pimreg: entered allmulticast mode
[   56.006440] pimreg: entered allmulticast mode
[   56.033217] pimreg: entered allmulticast mode
[   56.061214] pimreg: entered allmulticast mode
[   56.089523] pimreg: entered allmulticast mode
[   56.093747] pimreg: left allmulticast mode
[   56.094074] pimreg: left allmulticast mode
[   56.094328] pimreg: left allmulticast mode
[   56.094677] pimreg: left allmulticast mode
[   56.095055] pimreg: left allmulticast mode
[   56.095636] pimreg: left allmulticast mode
[   56.096072] pimreg: left allmulticast mode
[   56.096389] pimreg: left allmulticast mode
[   56.110414] pimreg: entered allmulticast mode
[   56.134755] pimreg: entered allmulticast mode
[   56.158125] pimreg: entered allmulticast mode
[   56.177865] pimreg: entered allmulticast mode
[   56.194169] pimreg: entered allmulticast mode
[   56.216931] pimreg: entered allmulticast mode
[   56.245012] pimreg: entered allmulticast mode
[   56.273387] pimreg: entered allmulticast mode
[   56.301125] pimreg: entered allmulticast mode
[   56.305927] pimreg: left allmulticast mode
[   56.306264] pimreg: left allmulticast mode
[   56.306542] pimreg: left allmulticast mode
[   56.306790] pimreg: left allmulticast mode
[   56.307093] pimreg: left allmulticast mode
[   56.308033] pimreg: left allmulticast mode
[   56.308483] pimreg: left allmulticast mode
[   56.309018] pimreg: left allmulticast mode
[   56.309345] pimreg: left allmulticast mode
[   56.324359] pimreg: entered allmulticast mode
[   56.346814] pimreg: entered allmulticast mode
[   56.372148] pimreg: entered allmulticast mode
[   56.394357] pimreg: entered allmulticast mode
[   56.421432] pimreg: entered allmulticast mode
[   56.445569] pimreg: entered allmulticast mode
[   56.469248] pimreg: entered allmulticast mode
[   56.494018] pimreg: entered allmulticast mode
[   56.517753] pimreg: left allmulticast mode
[   56.518120] pimreg: left allmulticast mode
[   56.518409] pimreg: left allmulticast mode
[   56.518719] pimreg: left allmulticast mode
[   56.519012] pimreg: left allmulticast mode
[   56.519422] pimreg: left allmulticast mode
[   56.519692] pimreg: left allmulticast mode
[   56.520116] pimreg: left allmulticast mode
[   56.533630] pimreg: entered allmulticast mode
[   56.558640] pimreg: entered allmulticast mode
[   56.588526] pimreg: entered allmulticast mode
[   56.610833] pimreg: entered allmulticast mode
[   56.637097] pimreg: entered allmulticast mode
[   56.657685] pimreg: left allmulticast mode
[   56.658022] pimreg: left allmulticast mode
[   56.658325] pimreg: left allmulticast mode
[   56.659144] pimreg: left allmulticast mode
[   56.659570] pimreg: left allmulticast mode
[   56.669430] pimreg: entered allmulticast mode
[   56.691027] pimreg: entered allmulticast mode
[   56.710761] pimreg: entered allmulticast mode
[   56.733962] pimreg: entered allmulticast mode
[   56.757602] pimreg: entered allmulticast mode
[   56.777755] pimreg: entered allmulticast mode
[   56.793497] pimreg: left allmulticast mode
[   56.793835] pimreg: left allmulticast mode
[   56.794092] pimreg: left allmulticast mode
[   56.794345] pimreg: left allmulticast mode
[   56.795300] pimreg: left allmulticast mode
[   56.795756] pimreg: left allmulticast mode
[   56.807199] pimreg: entered allmulticast mode
[   56.824732] pimreg: entered allmulticast mode
[   56.852874] pimreg: entered allmulticast mode
[   56.865906] pimreg: entered allmulticast mode
[   56.889078] pimreg: entered allmulticast mode
[   56.901715] pimreg: left allmulticast mode
[   56.902020] pimreg: left allmulticast mode
[   56.902312] pimreg: left allmulticast mode
[   56.902609] pimreg: left allmulticast mode
[   56.902898] pimreg: left allmulticast mode
[   56.912404] pimreg: entered allmulticast mode
[   56.929115] pimreg: entered allmulticast mode
[   56.954564] pimreg: entered allmulticast mode
[   56.973514] pimreg: entered allmulticast mode
[   56.993409] pimreg: entered allmulticast mode
[   57.013714] pimreg: entered allmulticast mode
[   57.033549] pimreg: left allmulticast mode
[   57.033896] pimreg: left allmulticast mode
[   57.034165] pimreg: left allmulticast mode
[   57.034529] pimreg: left allmulticast mode
[   57.034910] pimreg: left allmulticast mode
[   57.035273] pimreg: left allmulticast mode
[   57.046973] pimreg: entered allmulticast mode
[   57.068680] pimreg: entered allmulticast mode
[   57.096739] pimreg: entered allmulticast mode
[   57.117802] pimreg: entered allmulticast mode
[   57.141480] pimreg: entered allmulticast mode
[   57.161771] pimreg: entered allmulticast mode
[   57.177757] pimreg: entered allmulticast mode
[   57.205895] pimreg: left allmulticast mode
[   57.206241] pimreg: left allmulticast mode
[   57.206525] pimreg: left allmulticast mode
[   57.206779] pimreg: left allmulticast mode
[   57.207144] pimreg: left allmulticast mode
[   57.207936] pimreg: left allmulticast mode
[   57.208268] pimreg: left allmulticast mode
[   57.220305] pimreg: entered allmulticast mode
[   57.249487] pimreg: entered allmulticast mode
[   57.273505] pimreg: entered allmulticast mode
[   57.294086] pimreg: entered allmulticast mode
[   57.305089] pimreg: entered allmulticast mode
[   57.325555] pimreg: entered allmulticast mode
[   57.345308] pimreg: entered allmulticast mode
[   57.361945] pimreg: entered allmulticast mode
[   57.401456] pimreg: left allmulticast mode
[   57.401895] pimreg: left allmulticast mode
[   57.402209] pimreg: left allmulticast mode
[   57.402497] pimreg: left allmulticast mode
[   57.402761] pimreg: left allmulticast mode
[   57.403440] pimreg: left allmulticast mode
[   57.403735] pimreg: left allmulticast mode
[   57.403994] pimreg: left allmulticast mode
[   57.416518] pimreg: entered allmulticast mode
[   57.440585] pimreg: entered allmulticast mode
[   57.463644] pimreg: entered allmulticast mode
[   57.489001] pimreg: entered allmulticast mode
[   57.516941] pimreg: entered allmulticast mode
[   57.549442] pimreg: entered allmulticast mode
[   57.581080] pimreg: entered allmulticast mode
[   57.609260] pimreg: entered allmulticast mode
[   57.637584] pimreg: entered allmulticast mode
[   57.642031] pimreg: left allmulticast mode
[   57.642440] pimreg: left allmulticast mode
[   57.642753] pimreg: left allmulticast mode
[   57.643044] pimreg: left allmulticast mode
[   57.643359] pimreg: left allmulticast mode
[   57.643674] pimreg: left allmulticast mode
[   57.643973] pimreg: left allmulticast mode
[   57.644266] pimreg: left allmulticast mode
[   57.660960] pimreg: entered allmulticast mode
[   57.690661] pimreg: entered allmulticast mode
[   57.714440] pimreg: entered allmulticast mode
[   57.745880] pimreg: entered allmulticast mode
[   57.773191] pimreg: entered allmulticast mode
[   57.805511] pimreg: entered allmulticast mode
[   57.833250] pimreg: entered allmulticast mode
[   57.861030] pimreg: entered allmulticast mode
[   57.867241] pimreg: left allmulticast mode
[   57.867568] pimreg: left allmulticast mode
[   57.868070] pimreg: left allmulticast mode
[   57.868359] pimreg: left allmulticast mode
[   57.870094] pimreg: left allmulticast mode
[   57.870522] pimreg: left allmulticast mode
[   57.870791] pimreg: left allmulticast mode
[   57.871044] pimreg: left allmulticast mode
[   57.871386] pimreg: left allmulticast mode
[   57.886653] pimreg: entered allmulticast mode
[   57.914922] pimreg: entered allmulticast mode
[   57.940574] pimreg: entered allmulticast mode
[   57.965286] pimreg: entered allmulticast mode
[   57.985935] pimreg: entered allmulticast mode
[   58.005700] pimreg: entered allmulticast mode
[   58.025848] pimreg: entered allmulticast mode
[   58.045678] pimreg: entered allmulticast mode
[   58.070385] pimreg: entered allmulticast mode
[   58.085897] pimreg: left allmulticast mode
[   58.086232] pimreg: left allmulticast mode
[   58.086500] pimreg: left allmulticast mode
[   58.086757] pimreg: left allmulticast mode
[   58.087061] pimreg: left allmulticast mode
[   58.087671] pimreg: left allmulticast mode
[   58.088001] pimreg: left allmulticast mode
[   58.088288] pimreg: left allmulticast mode
[   58.088593] pimreg: left allmulticast mode
[   58.103111] pimreg: entered allmulticast mode
[   58.123552] pimreg: entered allmulticast mode
[   58.137749] pimreg: entered allmulticast mode
[   58.153348] pimreg: entered allmulticast mode
[   58.176864] pimreg: entered allmulticast mode
[   58.201816] pimreg: entered allmulticast mode
[   58.228846] pimreg: entered allmulticast mode
[   58.257731] pimreg: entered allmulticast mode
[   58.285656] pimreg: entered allmulticast mode
[   58.298761] pimreg: left allmulticast mode
[   58.299367] pimreg: left allmulticast mode
[   58.299657] pimreg: left allmulticast mode
[   58.299960] pimreg: left allmulticast mode
[   58.300323] pimreg: left allmulticast mode
[   58.300663] pimreg: left allmulticast mode
[   58.301069] pimreg: left allmulticast mode
[   58.301451] pimreg: left allmulticast mode
[   58.301851] pimreg: left allmulticast mode
[   58.316750] pimreg: entered allmulticast mode
[   58.339206] pimreg: entered allmulticast mode
[   58.369378] pimreg: entered allmulticast mode
[   58.392878] pimreg: entered allmulticast mode
[   58.413900] pimreg: entered allmulticast mode
[   58.429442] pimreg: entered allmulticast mode
[   58.449542] pimreg: entered allmulticast mode
[   58.477524] pimreg: entered allmulticast mode
[   58.505230] pimreg: entered allmulticast mode
[   58.529930] pimreg: left allmulticast mode
[   58.530340] pimreg: left allmulticast mode
[   58.531029] pimreg: left allmulticast mode
[   58.531960] pimreg: left allmulticast mode
[   58.532298] pimreg: left allmulticast mode
[   58.532600] pimreg: left allmulticast mode
[   58.532940] pimreg: left allmulticast mode
[   58.533241] pimreg: left allmulticast mode
[   58.533546] pimreg: left allmulticast mode
[   58.547247] pimreg: entered allmulticast mode
[   58.571195] pimreg: entered allmulticast mode
[   58.590501] pimreg: entered allmulticast mode
[   58.609314] pimreg: entered allmulticast mode
[   58.621655] pimreg: entered allmulticast mode
[   58.653840] pimreg: entered allmulticast mode
[   58.672771] pimreg: entered allmulticast mode
[   58.696767] pimreg: entered allmulticast mode
[   58.725156] pimreg: entered allmulticast mode
[   58.730096] pimreg: left allmulticast mode
[   58.730446] pimreg: left allmulticast mode
[   58.730701] pimreg: left allmulticast mode
[   58.730953] pimreg: left allmulticast mode
[   58.731204] pimreg: left allmulticast mode
[   58.731920] pimreg: left allmulticast mode
[   58.732189] pimreg: left allmulticast mode
[   58.732452] pimreg: left allmulticast mode
[   58.732758] pimreg: left allmulticast mode
[   58.747420] pimreg: entered allmulticast mode
[   58.767142] pimreg: entered allmulticast mode
[   58.785272] pimreg: entered allmulticast mode
[   58.809806] pimreg: entered allmulticast mode
[   58.830345] pimreg: entered allmulticast mode
[   58.849471] pimreg: entered allmulticast mode
[   58.869304] pimreg: entered allmulticast mode
[   58.893410] pimreg: entered allmulticast mode
[   58.913747] pimreg: entered allmulticast mode
[   58.914100] pimreg: left allmulticast mode
[   58.914505] pimreg: left allmulticast mode
[   58.914838] pimreg: left allmulticast mode
[   58.915132] pimreg: left allmulticast mode
[   58.915429] pimreg: left allmulticast mode
[   58.915723] pimreg: left allmulticast mode
[   58.916030] pimreg: left allmulticast mode
[   58.916322] pimreg: left allmulticast mode
[   58.930105] pimreg: entered allmulticast mode
[   58.957741] pimreg: entered allmulticast mode
[   58.974863] pimreg: entered allmulticast mode
[   58.993350] pimreg: entered allmulticast mode
[   59.021246] pimreg: entered allmulticast mode
[   59.048899] pimreg: entered allmulticast mode
[   59.073367] pimreg: entered allmulticast mode
[   59.100926] pimreg: entered allmulticast mode
[   59.129792] pimreg: entered allmulticast mode
[   59.134399] pimreg: left allmulticast mode
[   59.134751] pimreg: left allmulticast mode
[   59.135098] pimreg: left allmulticast mode
[   59.135451] pimreg: left allmulticast mode
[   59.135808] pimreg: left allmulticast mode
[   59.136174] pimreg: left allmulticast mode
[   59.136495] pimreg: left allmulticast mode
[   59.137305] pimreg: left allmulticast mode
[   59.137745] pimreg: left allmulticast mode
[   59.138103] pimreg: left allmulticast mode
[   59.152879] pimreg: entered allmulticast mode
[   59.177783] pimreg: entered allmulticast mode
[   59.209426] pimreg: entered allmulticast mode
[   59.233293] pimreg: entered allmulticast mode
[   59.261059] pimreg: entered allmulticast mode
[   59.289077] pimreg: entered allmulticast mode
[   59.317051] pimreg: entered allmulticast mode
[   59.345407] pimreg: entered allmulticast mode
[   59.373832] pimreg: entered allmulticast mode
[   59.401133] pimreg: entered allmulticast mode
[   59.414903] pimreg: left allmulticast mode
[   59.415583] pimreg: left allmulticast mode
[   59.415903] pimreg: left allmulticast mode
[   59.416250] pimreg: left allmulticast mode
[   59.416598] pimreg: left allmulticast mode
[   59.416995] pimreg: left allmulticast mode
[   59.417348] pimreg: left allmulticast mode
[   59.417681] pimreg: left allmulticast mode
[   59.418016] pimreg: left allmulticast mode
[   59.418385] pimreg: left allmulticast mode
[   59.434355] pimreg: entered allmulticast mode
[   59.457709] pimreg: entered allmulticast mode
[   59.484968] pimreg: entered allmulticast mode
[   59.497955] pimreg: entered allmulticast mode
[   59.523350] pimreg: entered allmulticast mode
[   59.545262] pimreg: entered allmulticast mode
[   59.568869] pimreg: entered allmulticast mode
[   59.589460] pimreg: entered allmulticast mode
[   59.617150] pimreg: entered allmulticast mode
[   59.630891] pimreg: left allmulticast mode
[   59.631473] pimreg: left allmulticast mode
[   59.631806] pimreg: left allmulticast mode
[   59.632166] pimreg: left allmulticast mode
[   59.632542] pimreg: left allmulticast mode
[   59.632918] pimreg: left allmulticast mode
[   59.633292] pimreg: left allmulticast mode
[   59.633635] pimreg: left allmulticast mode
[   59.633953] pimreg: left allmulticast mode
[   59.647698] pimreg: entered allmulticast mode
[   59.666301] pimreg: entered allmulticast mode
[   59.678355] pimreg: entered allmulticast mode
[   59.687934] pimreg: entered allmulticast mode
[   59.716828] pimreg: entered allmulticast mode
[   59.737814] pimreg: entered allmulticast mode
[   59.757555] pimreg: entered allmulticast mode
[   59.785932] pimreg: entered allmulticast mode
[   59.810741] pimreg: entered allmulticast mode
[   59.829069] pimreg: entered allmulticast mode
[   59.838476] pimreg: left allmulticast mode
[   59.839137] pimreg: left allmulticast mode
[   59.839434] pimreg: left allmulticast mode
[   59.839689] pimreg: left allmulticast mode
[   59.839936] pimreg: left allmulticast mode
[   59.840232] pimreg: left allmulticast mode
[   59.840542] pimreg: left allmulticast mode
[   59.840899] pimreg: left allmulticast mode
[   59.841192] pimreg: left allmulticast mode
[   59.841490] pimreg: left allmulticast mode
[   59.858251] pimreg: entered allmulticast mode
[   59.885222] pimreg: entered allmulticast mode
[   59.913653] pimreg: entered allmulticast mode
[   59.933672] pimreg: entered allmulticast mode
[   59.957904] pimreg: entered allmulticast mode
[   59.973539] pimreg: entered allmulticast mode
[   59.992956] pimreg: entered allmulticast mode
[   60.021527] pimreg: entered allmulticast mode
[   60.049486] pimreg: entered allmulticast mode
[   60.076938] pimreg: entered allmulticast mode
[   60.083039] pimreg: left allmulticast mode
[   60.083414] pimreg: left allmulticast mode
[   60.083673] pimreg: left allmulticast mode
[   60.083961] pimreg: left allmulticast mode
[   60.085601] pimreg: left allmulticast mode
[   60.085940] pimreg: left allmulticast mode
[   60.086229] pimreg: left allmulticast mode
[   60.086543] pimreg: left allmulticast mode
[   60.086855] pimreg: left allmulticast mode
[   60.087148] pimreg: left allmulticast mode
[   60.103649] pimreg: entered allmulticast mode
[   60.121376] pimreg: entered allmulticast mode
[   60.156554] pimreg: entered allmulticast mode
[   60.174601] pimreg: entered allmulticast mode
[   60.197137] pimreg: entered allmulticast mode
[   60.230150] pimreg: entered allmulticast mode
[   60.260455] pimreg: entered allmulticast mode
