c[?7l[2J[0mSeaBIOS (version rel-1.16.3-0-ga6ed6b701f0a-prebuilt.qemu.org)


iPXE (http://ipxe.org) 00:03.0 CA00 PCI2.10 PnP PMM+7EFD0D60+7EF30D60 CA00
Press Ctrl-B to configure iPXE (PCI 00:03.0)...                                                                               


Booting from ROM..c[?7l[2J[0m.[    0.000000] Linux version 7.0.0-e8df5a0c0d04+ (root@gnr-800442) (gcc (GCC) 11.5.0 20240719 (Red Hat 11.5.0-14), GNU ld version 2.35.2-66.el9) #1 SMP PREEMPT_DYNAMIC Wed May  6 10:14:27 CST 2026
[    0.000000] Command line: console=ttyS0 root=/dev/sda earlyprintk=serial net.ifnames=0 thunderbolt.dyndbg
[    0.000000] KERNEL supported cpus:
[    0.000000]   Intel GenuineIntel
[    0.000000]   AMD AuthenticAMD
[    0.000000]   Hygon HygonGenuine
[    0.000000]   Centaur CentaurHauls
[    0.000000]   zhaoxin   Shanghai  
[    0.000000] x86/CPU: Model not found in latest microcode list
[    0.000000] x86/split lock detection: #DB: warning on user-space bus_locks
[    0.000000] BIOS-provided physical RAM map:
[    0.000000] BIOS-e820: [mem 0x0000000000000000-0x000000000009fbff]  System RAM
[    0.000000] BIOS-e820: [mem 0x000000000009fc00-0x000000000009ffff]  device reserved
[    0.000000] BIOS-e820: [gap 0x00000000000a0000-0x00000000000effff]
[    0.000000] BIOS-e820: [mem 0x00000000000f0000-0x00000000000fffff]  device reserved
[    0.000000] BIOS-e820: [mem 0x0000000000100000-0x000000007ffdffff]  System RAM
[    0.000000] BIOS-e820: [mem 0x000000007ffe0000-0x000000007fffffff]  device reserved
[    0.000000] BIOS-e820: [gap 0x0000000080000000-0x00000000feffbfff]
[    0.000000] BIOS-e820: [mem 0x00000000feffc000-0x00000000feffffff]  device reserved
[    0.000000] BIOS-e820: [gap 0x00000000ff000000-0x00000000fffbffff]
[    0.000000] BIOS-e820: [mem 0x00000000fffc0000-0x00000000ffffffff]  device reserved
[    0.000000] printk: legacy bootconsole [earlyser0] enabled
[    0.000000] NX (Execute Disable) protection: active
[    0.000000] APIC: Static calls initialized
[    0.000000] DMI: SMBIOS 3.0.0 present.
[    0.000000] DMI: QEMU Standard PC (i440FX + PIIX, 1996), BIOS rel-1.16.3-0-ga6ed6b701f0a-prebuilt.qemu.org 04/01/2014
[    0.000000] DMI: Memory slots populated: 1/1
[    0.000000] Hypervisor detected: KVM
[    0.000000] last_pfn = 0x7ffe0 max_arch_pfn = 0x10000000000
[    0.000000] kvm-clock: Using msrs 4b564d01 and 4b564d00
[    0.000003] kvm-clock: using sched offset of 774517228 cycles
[    0.000532] clocksource: kvm-clock: mask: 0xffffffffffffffff max_cycles: 0x1cd42e4dffb, max_idle_ns: 881590591483 ns
[    0.002162] tsc: Detected 2500.000 MHz processor
[    0.012083] last_pfn = 0x7ffe0 max_arch_pfn = 0x10000000000
[    0.012661] MTRR map: 4 entries (3 fixed + 1 variable; max 19), built from 8 variable MTRRs
[    0.013500] x86/PAT: Configuration [0-7]: WB  WC  UC- UC  WB  WP  UC- WT  
[    0.019407] found SMP MP-table at [mem 0x000f5480-0x000f548f]
[    0.020003] Using GB pages for direct mapping
[    0.022754] ACPI: Early table checksum verification disabled
[    0.023331] ACPI: RSDP 0x00000000000F52A0 000014 (v00 BOCHS )
[    0.023930] ACPI: RSDT 0x000000007FFE1C9B 000034 (v01 BOCHS  BXPC     00000001 BXPC 00000001)
[    0.024807] ACPI: FACP 0x000000007FFE1B47 000074 (v01 BOCHS  BXPC     00000001 BXPC 00000001)
[    0.025691] ACPI: DSDT 0x000000007FFE0040 001B07 (v01 BOCHS  BXPC     00000001 BXPC 00000001)
[    0.026559] ACPI: FACS 0x000000007FFE0000 000040
[    0.027032] ACPI: APIC 0x000000007FFE1BBB 000080 (v03 BOCHS  BXPC     00000001 BXPC 00000001)
[    0.027897] ACPI: HPET 0x000000007FFE1C3B 000038 (v01 BOCHS  BXPC     00000001 BXPC 00000001)
[    0.028763] ACPI: WAET 0x000000007FFE1C73 000028 (v01 BOCHS  BXPC     00000001 BXPC 00000001)
[    0.029629] ACPI: Reserving FACP table memory at [mem 0x7ffe1b47-0x7ffe1bba]
[    0.030341] ACPI: Reserving DSDT table memory at [mem 0x7ffe0040-0x7ffe1b46]
[    0.031040] ACPI: Reserving FACS table memory at [mem 0x7ffe0000-0x7ffe003f]
[    0.031746] ACPI: Reserving APIC table memory at [mem 0x7ffe1bbb-0x7ffe1c3a]
[    0.032451] ACPI: Reserving HPET table memory at [mem 0x7ffe1c3b-0x7ffe1c72]
[    0.033160] ACPI: Reserving WAET table memory at [mem 0x7ffe1c73-0x7ffe1c9a]
[    0.034429] No NUMA configuration found
[    0.034813] Faking a node at [mem 0x0000000000000000-0x000000007ffdffff]
[    0.035512] NODE_DATA(0) allocated [mem 0x7ffb4bc0-0x7ffdfcbf]
[    0.085299] KernelAddressSanitizer initialized (generic)
[    0.086166] ACPI: PM-Timer IO Port: 0x608
[    0.086604] ACPI: LAPIC_NMI (acpi_id[0xff] dfl dfl lint[0x1])
[    0.087242] IOAPIC[0]: apic_id 0, version 17, address 0xfec00000, GSI 0-23
[    0.087949] ACPI: INT_SRC_OVR (bus 0 bus_irq 0 global_irq 2 dfl dfl)
[    0.088586] ACPI: INT_SRC_OVR (bus 0 bus_irq 5 global_irq 5 high level)
[    0.089251] ACPI: INT_SRC_OVR (bus 0 bus_irq 9 global_irq 9 high level)
[    0.089911] ACPI: INT_SRC_OVR (bus 0 bus_irq 10 global_irq 10 high level)
[    0.090592] ACPI: INT_SRC_OVR (bus 0 bus_irq 11 global_irq 11 high level)
[    0.091283] ACPI: Using ACPI (MADT) for SMP configuration information
[    0.091921] ACPI: HPET id: 0x8086a201 base: 0xfed00000
[    0.092439] TSC deadline timer available
[    0.092835] CPU topo: Max. logical packages:   1
[    0.093299] CPU topo: Max. logical nodes:      1
[    0.093758] CPU topo: Num. nodes per package:  1
[    0.094228] CPU topo: Max. logical dies:       1
[    0.094687] CPU topo: Max. dies per package:   1
[    0.095165] CPU topo: Max. threads per core:   1
[    0.095624] CPU topo: Num. cores per package:     2
[    0.096104] CPU topo: Num. threads per package:   2
[    0.096591] CPU topo: Allowing 2 present CPUs plus 0 hotplug CPUs
[    0.097238] kvm-guest: APIC: eoi() replaced with kvm_guest_apic_eoi_write()
[    0.097957] kvm-guest: KVM setup pv remote TLB flush
[    0.098458] kvm-guest: setup PV sched yield
[    0.098914] PM: hibernation: Registered nosave memory: [mem 0x00000000-0x00000fff]
[    0.099664] PM: hibernation: Registered nosave memory: [mem 0x0009f000-0x000fffff]
[    0.100420] [gap 0x80000000-0xfeffbfff] available for PCI devices
[    0.101018] Booting paravirtualized kernel on KVM
[    0.101491] clocksource: refined-jiffies: mask: 0xffffffff max_cycles: 0xffffffff, max_idle_ns: 7645519600211568 ns
[    0.102935] Zone ranges:
[    0.103223]   DMA      [mem 0x0000000000001000-0x0000000000ffffff]
[    0.103843]   DMA32    [mem 0x0000000001000000-0x000000007ffdffff]
[    0.104465]   Normal   empty
[    0.104757]   Device   empty
[    0.105048] Movable zone start for each node
[    0.105490] Early memory node ranges
[    0.105845]   node   0: [mem 0x0000000000001000-0x000000000009efff]
[    0.106471]   node   0: [mem 0x0000000000100000-0x000000007ffdffff]
[    0.107091] Initmem setup node 0 [mem 0x0000000000001000-0x000000007ffdffff]
[    0.108007] On node 0, zone DMA: 1 pages in unavailable ranges
[    0.108770] On node 0, zone DMA: 97 pages in unavailable ranges
[    0.139381] On node 0, zone DMA32: 32 pages in unavailable ranges
[    0.140010] setup_percpu: NR_CPUS:8192 nr_cpumask_bits:2 nr_cpu_ids:2 nr_node_ids:1
[    0.141206] percpu: Embedded 81 pages/cpu s294912 r8192 d28672 u1048576
[    0.142060] kvm-guest: PV spinlocks enabled
[    0.142502] PV qspinlock hash table entries: 256 (order: 0, 4096 bytes, linear)
[    0.143247] Kernel command line: net.ifnames=0 console=ttyS0 root=/dev/sda earlyprintk=serial net.ifnames=0 thunderbolt.dyndbg
[    0.144687] random: crng init done
[    0.145032] printk: log buffer data + meta data: 262144 + 1114112 = 1376256 bytes
[    0.146139] Dentry cache hash table entries: 262144 (order: 9, 2097152 bytes, linear)
[    0.147268] Inode-cache hash table entries: 131072 (order: 8, 1048576 bytes, linear)
[    0.148356] Fallback order for Node 0: 0 
[    0.148368] Built 1 zonelists, mobility grouping on.  Total pages: 524158
[    0.149424] Policy zone: DMA32
[    0.149725] mem auto-init: stack:off, heap alloc:off, heap free:off
[    0.150340] stackdepot: allocating hash table via alloc_large_system_hash
[    0.151013] stackdepot hash table entries: 1048576 (order: 12, 16777216 bytes, linear)
[    0.154517] stackdepot: allocating space for 8192 stack pools via memblock
[    0.191620] SLUB: HWalign=64, Order=0-3, MinObjects=0, CPUs=2, Nodes=1
[    0.192253] kmemleak: Kernel memory leak detector disabled
[    0.232179] ftrace: allocating 76228 entries in 300 pages
[    0.232701] ftrace: allocated 300 pages with 4 groups
[    0.236126] Dynamic Preempt: lazy
[    0.237068] Running RCU self tests
[    0.237407] Running RCU synchronous self tests
[    0.237834] rcu: Preemptible hierarchical RCU implementation.
[    0.238389] rcu: 	RCU lockdep checking is enabled.
[    0.238846] rcu: 	RCU restricting CPUs from NR_CPUS=8192 to nr_cpu_ids=2.
[    0.239500] 	Trampoline variant of Tasks RCU enabled.
[    0.239985] 	Rude variant of Tasks RCU enabled.
[    0.240424] 	Tracing variant of Tasks RCU enabled.
[    0.240884] rcu: RCU calculated value of scheduler-enlistment delay is 25 jiffies.
[    0.241610] rcu: Adjusting geometry for rcu_fanout_leaf=16, nr_cpu_ids=2
[    0.242339] Running RCU synchronous self tests
[    0.242769] RCU Tasks: Setting shift to 1 and lim to 1 rcu_task_cb_adjust=1 rcu_task_cpu_ids=2.
[    0.243607] RCU Tasks Rude: Setting shift to 1 and lim to 1 rcu_task_cb_adjust=1 rcu_task_cpu_ids=2.
[    0.326170] NR_IRQS: 524544, nr_irqs: 440, preallocated irqs: 16
[    0.327388] rcu: srcu_init: Setting srcu_struct sizes based on contention.
[    0.337107] Console: colour VGA+ 80x25
[    0.337545] printk: legacy console [ttyS0] enabled
[    0.337545] printk: legacy console [ttyS0] enabled
[    0.338564] printk: legacy bootconsole [earlyser0] disabled
[    0.338564] printk: legacy bootconsole [earlyser0] disabled
[    0.339682] Lock dependency validator: Copyright (c) 2006 Red Hat, Inc., Ingo Molnar
[    0.340461] ... MAX_LOCKDEP_SUBCLASSES:  8
[    0.340878] ... MAX_LOCK_DEPTH:          48
[    0.341311] ... MAX_LOCKDEP_KEYS:        8192
[    0.341756] ... CLASSHASH_SIZE:          4096
[    0.342210] ... MAX_LOCKDEP_ENTRIES:     32768
[    0.342662] ... MAX_LOCKDEP_CHAINS:      65536
[    0.343121] ... CHAINHASH_SIZE:          32768
[    0.343575]  memory used by lock dependency info: 6429 kB
[    0.344128]  memory used for stack traces: 16896 kB
[    0.344625]  per task-struct memory footprint: 1920 bytes
[    0.345293] ACPI: Core revision 20251212
[    0.346221] clocksource: hpet: mask: 0xffffffff max_cycles: 0xffffffff, max_idle_ns: 19112604467 ns
[    0.347331] APIC: Switch to symmetric I/O mode setup
[    0.348023] x2apic enabled
[    0.348724] APIC: Switched APIC routing to: physical x2apic
[    0.349301] kvm-guest: APIC: send_IPI_mask() replaced with kvm_send_ipi_mask()
[    0.350046] kvm-guest: APIC: send_IPI_mask_allbutself() replaced with kvm_send_ipi_mask_allbutself()
[    0.350972] kvm-guest: setup PV IPIs
[    0.352611] ..TIMER: vector=0x30 apic1=0 pin1=2 apic2=-1 pin2=-1
[    0.353254] clocksource: tsc-early: mask: 0xffffffffffffffff max_cycles: 0x240939f1bb2, max_idle_ns: 440795263295 ns
[    0.354325] Calibrating delay loop (skipped) preset value.. 5000.00 BogoMIPS (lpj=10000000)
[    0.358424] x86/cpu: User Mode Instruction Prevention (UMIP) activated
[    0.359180] Last level iTLB entries: 4KB 0, 2MB 0, 4MB 0
[    0.359726] Last level dTLB entries: 4KB 0, 2MB 0, 4MB 0, 1GB 0
[    0.360351] mitigations: Enabled attack vectors: user_kernel, user_user, guest_host, guest_guest, SMT mitigations: auto
[    0.361447] Speculative Store Bypass: Mitigation: Speculative Store Bypass disabled via prctl
[    0.362319] Spectre V2 : Mitigation: Enhanced / Automatic IBRS
[    0.362910] ITS: Mitigation: Aligned branch/return thunks
[    0.363462] Spectre V1 : Mitigation: usercopy/swapgs barriers and __user pointer sanitization
[    0.364304] Spectre V2 : WARNING: Unprivileged eBPF is enabled with eIBRS on, data leaks possible via Spectre v2 BHB attacks!
[    0.365406] Spectre V2 : Spectre v2 / PBRSB-eIBRS: Retire a single CALL on VMEXIT
[    0.366123] Spectre V2 : mitigation: Enabling conditional Indirect Branch Prediction Barrier
[    0.366322] active return thunk: its_return_thunk
[    0.366805] Spectre V2 : Spectre BHI mitigation: SW BHB clearing on syscall and VM exit
[    0.367625] x86/fpu: Supporting XSAVE feature 0x001: 'x87 floating point registers'
[    0.368369] x86/fpu: Supporting XSAVE feature 0x002: 'SSE registers'
[    0.368993] x86/fpu: Supporting XSAVE feature 0x004: 'AVX registers'
[    0.369624] x86/fpu: Supporting XSAVE feature 0x020: 'AVX-512 opmask'
[    0.370317] x86/fpu: Supporting XSAVE feature 0x040: 'AVX-512 Hi256'
[    0.370948] x86/fpu: Supporting XSAVE feature 0x080: 'AVX-512 ZMM_Hi256'
[    0.371610] x86/fpu: Supporting XSAVE feature 0x200: 'Protection Keys User registers'
[    0.372375] x86/fpu: Supporting XSAVE feature 0x20000: 'AMX Tile config'
[    0.373037] x86/fpu: Supporting XSAVE feature 0x40000: 'AMX Tile data'
[    0.374317] x86/fpu: xstate_offset[2]:  576, xstate_sizes[2]:  256
[    0.374926] x86/fpu: xstate_offset[5]:  832, xstate_sizes[5]:   64
[    0.375539] x86/fpu: xstate_offset[6]:  896, xstate_sizes[6]:  512
[    0.376148] x86/fpu: xstate_offset[7]: 1408, xstate_sizes[7]: 1024
[    0.376767] x86/fpu: xstate_offset[9]: 2432, xstate_sizes[9]:    8
[    0.377381] x86/fpu: xstate_offset[17]: 2496, xstate_sizes[17]:   64
[    0.378013] x86/fpu: xstate_offset[18]: 2560, xstate_sizes[18]: 8192
[    0.378317] x86/fpu: Enabled xstate features 0x602e7, context size is 10752 bytes, using 'compacted' format.
[    0.548399] pid_max: default: 32768 minimum: 301
[    0.549293] Yama: becoming mindful.
[    0.550113] Mount-cache hash table entries: 4096 (order: 3, 32768 bytes, linear)
[    0.550323] Mountpoint-cache hash table entries: 4096 (order: 3, 32768 bytes, linear)
[    0.551723] VFS: Finished mounting rootfs on nullfs
[    0.553518] Running RCU synchronous self tests
[    0.554320] Running RCU synchronous self tests
[    0.555087] smpboot: CPU0: Intel GENUINE INTEL(R) XEON(R) (family: 0x6, model: 0xad, stepping: 0x0)
[    0.556769] Performance Events: PEBS fmt0-, Granite Rapids events, 
[    0.556847] core: The event 0x400 is not supported as a normal event.
[    0.558130] core: The event 0x8000 is not supported as a normal event.
[    0.558313] core: The event 0x8100 is not supported as a normal event.
[    0.558331] core: The event 0x8200 is not supported as a normal event.
[    0.558979] core: The event 0x8300 is not supported as a normal event.
[    0.559620] core: The event 0x8400 is not supported as a normal event.
[    0.560266] core: The event 0x8500 is not supported as a normal event.
[    0.560913] core: The event 0x8600 is not supported as a normal event.
[    0.561551] core: The event 0x8700 is not supported as a normal event.
[    0.562230] full-width counters, Intel PMU driver.
[    0.562325] ... version:                   2
[    0.562758] ... bit width:                 48
[    0.563188] ... generic counters:          8
[    0.563616] ... generic bitmap:            00000000000000ff
[    0.564162] ... fixed-purpose counters:    3
[    0.564589] ... fixed-purpose bitmap:      0000000000000007
[    0.565132] ... value mask:                0000ffffffffffff
[    0.565682] ... max period:                00007fffffffffff
[    0.566227] ... global_ctrl mask:          00000007000000ff
[    0.566838] signal: max sigframe size: 11952
[    0.567421] rcu: Hierarchical SRCU implementation.
[    0.567898] rcu: 	Max phase no-delay instances is 1000.
[    0.568633] Timer migration: 1 hierarchy levels; 8 children per group; 1 crossnode level
[    0.591186] smp: Bringing up secondary CPUs ...
[    0.592257] smpboot: x86: Booting SMP configuration:
[    0.592767] .... node  #0, CPUs:      #1
[    0.593091] smp: Brought up 1 node, 2 CPUs
[    0.594338] smpboot: Total of 2 processors activated (10000.00 BogoMIPS)
[    0.595872] Memory: 1574872K/2096632K available (81874K kernel code, 15884K rwdata, 19556K rodata, 16676K init, 34612K bss, 509384K reserved, 0K cma-reserved)
[    0.598327] devtmpfs: initialized
[    0.599423] x86/mm: Memory block size: 128MB
[    0.611120] Running RCU synchronous self tests
[    0.611594] Running RCU synchronous self tests
[    0.612150] Running RCU Tasks wait API self tests
[    0.612150] Running RCU Tasks Rude wait API self tests
[    0.612150] Running RCU Tasks Trace wait API self tests
[    0.612150] clocksource: jiffies: mask: 0xffffffff max_cycles: 0xffffffff, max_idle_ns: 7645041785100000 ns
[    0.614368] posixtimers hash table entries: 1024 (order: 5, 73728 bytes, linear)
[    0.615134] futex hash table entries: 512 (65536 bytes on 1 NUMA nodes, total 64 KiB, linear).
[    0.618025] 
[    0.618190] *************************************************************
[    0.618357] **     NOTICE NOTICE NOTICE NOTICE NOTICE NOTICE NOTICE    **
[    0.619018] **                                                         **
[    0.619683] **  IOMMU DebugFS SUPPORT HAS BEEN ENABLED IN THIS KERNEL  **
[    0.620345] **                                                         **
[    0.621000] ** This means that this kernel is built to expose internal **
[    0.621658] ** IOMMU data structures, which may compromise security on **
[    0.622372] ** your system.                                            **
[    0.623033] **                                                         **
[    0.623703] ** If you see this message and you are not debugging the   **
[    0.624371] ** kernel, report this immediately to your vendor!         **
[    0.625029] **                                                         **
[    0.625695] **     NOTICE NOTICE NOTICE NOTICE NOTICE NOTICE NOTICE    **
[    0.626332] *************************************************************
[    0.627078] PM: RTC time: 02:15:52, date: 2026-05-06
[    0.630003] NET: Registered PF_NETLINK/PF_ROUTE protocol family
[    0.631985] DMA: preallocated 256 KiB GFP_KERNEL|GFP_DMA pool for atomic allocations
[    0.632714] DMA: preallocated 256 KiB GFP_KERNEL|GFP_DMA32 pool for atomic allocations
[    0.633580] audit: initializing netlink subsys (disabled)
[    0.634141] Callback from call_rcu_tasks_trace() invoked.
[    0.634383] audit: type=2000 audit(1778033752.434:1): state=initialized audit_enabled=0 res=1
[    0.636143] thermal_sys: Registered thermal governor 'fair_share'
[    0.636152] thermal_sys: Registered thermal governor 'bang_bang'
[    0.636792] thermal_sys: Registered thermal governor 'step_wise'
[    0.637389] thermal_sys: Registered thermal governor 'user_space'
[    0.638404] cpuidle: using governor ladder
[    0.639351] cpuidle: using governor menu
[    0.639959] Freeing SMP alternatives memory: 64K
[    0.640906] acpiphp: ACPI Hot Plug PCI Controller Driver version: 0.5
[    0.643098] PCI: Using configuration type 1 for base access
[    0.643852] virt/tdx: TDX not supported by the host platform
[    0.644787] kprobes: kprobe jump-optimization is enabled. All kprobes are optimized if possible.
[    0.650752] HugeTLB: registered 1.00 GiB page size, pre-allocated 0 pages
[    0.651115] HugeTLB: 16380 KiB vmemmap can be freed for a 1.00 GiB page
[    0.651760] HugeTLB: registered 2.00 MiB page size, pre-allocated 0 pages
[    0.652423] HugeTLB: 28 KiB vmemmap can be freed for a 2.00 MiB page
[    0.692463] ACPI: Added _OSI(Module Device)
[    0.692898] ACPI: Added _OSI(Processor Device)
[    0.693345] ACPI: Added _OSI(Processor Aggregator Device)
[    0.728352] ACPI: 1 ACPI AML tables successfully acquired and loaded
[    0.770339] ACPI: \_SB_: platform _OSC: OS support mask [002e7eff]
[    0.773905] ACPI: Interpreter enabled
[    0.774423] ACPI: PM: (supports S0 S3 S4 S5)
[    0.774847] ACPI: Using IOAPIC for interrupt routing
[    0.775448] PCI: Using host bridge windows from ACPI; if necessary, use "pci=nocrs" and report a bug
[    0.776333] PCI: Using E820 reservations for host bridge windows
[    0.781073] ACPI: Enabled 2 GPEs in block 00 to 0F
[    0.828025] ACPI: PCI Root Bridge [PCI0] (domain 0000 [bus 00-ff])
[    0.828620] acpi PNP0A03:00: _OSC: OS supports [ASPM ClockPM Segments MSI EDR HPX-Type3]
[    0.829353] acpi PNP0A03:00: _OSC: not requesting OS control; OS requires [ExtendedConfig ASPM ClockPM MSI]
[    0.830266] acpi PNP0A03:00: _OSC: platform retains control of PCIe features (AE_ERROR)
[    0.830432] acpi PNP0A03:00: fail to add MMCONFIG information, can't access extended configuration space under this bridge
[    0.837031] acpiphp: Slot [3] registered
[    0.837560] acpiphp: Slot [4] registered
[    0.838111] acpiphp: Slot [5] registered
[    0.838481] acpiphp: Slot [6] registered
[    0.839021] acpiphp: Slot [7] registered
[    0.839558] acpiphp: Slot [8] registered
[    0.840098] acpiphp: Slot [9] registered
[    0.840640] acpiphp: Slot [10] registered
[    0.841183] acpiphp: Slot [11] registered
[    0.841732] acpiphp: Slot [12] registered
[    0.842277] acpiphp: Slot [13] registered
[    0.842472] acpiphp: Slot [14] registered
[    0.843019] acpiphp: Slot [15] registered
[    0.843569] acpiphp: Slot [16] registered
[    0.844121] acpiphp: Slot [17] registered
[    0.844664] acpiphp: Slot [18] registered
[    0.845210] acpiphp: Slot [19] registered
[    0.845754] acpiphp: Slot [20] registered
[    0.846318] acpiphp: Slot [21] registered
[    0.846868] acpiphp: Slot [22] registered
[    0.847418] acpiphp: Slot [23] registered
[    0.847962] acpiphp: Slot [24] registered
[    0.848515] acpiphp: Slot [25] registered
[    0.849064] acpiphp: Slot [26] registered
[    0.849617] acpiphp: Slot [27] registered
[    0.850165] acpiphp: Slot [28] registered
[    0.850485] acpiphp: Slot [29] registered
[    0.851036] acpiphp: Slot [30] registered
[    0.851579] acpiphp: Slot [31] registered
[    0.852042] PCI host bridge to bus 0000:00
[    0.852505] pci_bus 0000:00: root bus resource [io  0x0000-0x0cf7 window]
[    0.853173] pci_bus 0000:00: root bus resource [io  0x0d00-0xffff window]
[    0.853837] pci_bus 0000:00: root bus resource [mem 0x000a0000-0x000bffff window]
[    0.854321] pci_bus 0000:00: root bus resource [mem 0x80000000-0xfebfffff window]
[    0.855051] pci_bus 0000:00: root bus resource [mem 0x100000000-0x17fffffff window]
[    0.855801] pci_bus 0000:00: root bus resource [bus 00-ff]
[    0.856447] pci 0000:00:00.0: [8086:1237] type 00 class 0x060000 conventional PCI endpoint
[    0.859008] pci 0000:00:01.0: [8086:7000] type 00 class 0x060100 conventional PCI endpoint
[    0.861343] pci 0000:00:01.1: [8086:7010] type 00 class 0x010180 conventional PCI endpoint
[    0.862671] pci 0000:00:01.1: BAR 4 [io  0xc040-0xc04f]
[    0.863217] pci 0000:00:01.1: BAR 0 [io  0x01f0-0x01f7]: legacy IDE quirk
[    0.863880] pci 0000:00:01.1: BAR 1 [io  0x03f6]: legacy IDE quirk
[    0.864477] pci 0000:00:01.1: BAR 2 [io  0x0170-0x0177]: legacy IDE quirk
[    0.865131] pci 0000:00:01.1: BAR 3 [io  0x0376]: legacy IDE quirk
[    0.867002] pci 0000:00:01.3: [8086:7113] type 00 class 0x068000 conventional PCI endpoint
[    0.868116] pci 0000:00:01.3: quirk: [io  0x0600-0x063f] claimed by PIIX4 ACPI
[    0.868822] pci 0000:00:01.3: quirk: [io  0x0700-0x070f] claimed by PIIX4 SMB
[    0.870775] pci 0000:00:02.0: [1234:1111] type 00 class 0x030000 conventional PCI endpoint
[    0.878875] pci 0000:00:02.0: BAR 0 [mem 0xfd000000-0xfdffffff pref]
[    0.879511] pci 0000:00:02.0: BAR 2 [mem 0xfebf0000-0xfebf0fff]
[    0.880138] pci 0000:00:02.0: ROM [mem 0xfebe0000-0xfebeffff pref]
[    0.880868] pci 0000:00:02.0: Video device with shadowed ROM at [mem 0x000c0000-0x000dffff]
[    0.883002] pci 0000:00:03.0: [8086:100e] type 00 class 0x020000 conventional PCI endpoint
[    0.894844] pci 0000:00:03.0: BAR 0 [mem 0xfebc0000-0xfebdffff]
[    0.895442] pci 0000:00:03.0: BAR 1 [io  0xc000-0xc03f]
[    0.896006] pci 0000:00:03.0: ROM [mem 0xfeb80000-0xfebbffff pref]
[    0.923711] ACPI: PCI: Interrupt link LNKA configured for IRQ 10
[    0.925668] ACPI: PCI: Interrupt link LNKB configured for IRQ 10
[    0.927337] ACPI: PCI: Interrupt link LNKC configured for IRQ 11
[    0.928980] ACPI: PCI: Interrupt link LNKD configured for IRQ 11
[    0.930018] ACPI: PCI: Interrupt link LNKS configured for IRQ 9
[    0.934313] iommu: Default domain type: Translated
[    0.934323] iommu: DMA domain TLB invalidation policy: lazy mode
[    0.938495] SCSI subsystem initialized
[    0.942814] ACPI: bus type USB registered
[    0.943510] usbcore: registered new interface driver usbfs
[    0.944170] usbcore: registered new interface driver hub
[    0.944768] usbcore: registered new device driver usb
[    0.945631] pps_core: LinuxPPS API ver. 1 registered
[    0.946127] pps_core: Software ver. 5.3.6 - Copyright 2005-2007 Rodolfo Giometti <giometti@linux.it>
[    0.946362] PTP clock support registered
[    0.950455] EDAC MC: Ver: 3.0.0
[    0.956667] NetLabel: Initializing
[    0.957022] NetLabel:  domain hash size = 128
[    0.957463] NetLabel:  protocols = UNLABELED CIPSOv4 CALIPSO
[    0.958156] NetLabel:  unlabeled traffic allowed by default
[    0.962875] PCI: Using ACPI for IRQ routing
[    0.963388] e820: register RAM buffer resource [mem 0x0009fc00-0x0009ffff]
[    0.964079] e820: register RAM buffer resource [mem 0x7ffe0000-0x7fffffff]
[    0.965061] pci 0000:00:02.0: vgaarb: setting as boot VGA device
[    0.965662] pci 0000:00:02.0: vgaarb: bridge control possible
[    0.966236] pci 0000:00:02.0: vgaarb: VGA device added: decodes=io+mem,owns=io+mem,locks=none
[    0.966327] vgaarb: loaded
[    0.970771] hpet0: at MMIO 0xfed00000, IRQs 2, 8, 0
[    0.971292] hpet0: 3 comparators, 64-bit 100.000000 MHz counter
[    0.974517] clocksource: Switched to clocksource kvm-clock
[    0.976570] VFS: Disk quotas dquot_6.6.0
[    0.978313] VFS: Dquot-cache hash table entries: 512 (order 0, 4096 bytes)
[    0.979134] pnp: PnP ACPI init
[    0.983668] pnp: PnP ACPI: found 5 devices
[    1.005783] clocksource: acpi_pm: mask: 0xffffff max_cycles: 0xffffff, max_idle_ns: 2085701024 ns
[    1.007217] NET: Registered PF_INET protocol family
[    1.007858] IP idents hash table entries: 32768 (order: 6, 262144 bytes, linear)
[    1.010007] tcp_listen_portaddr_hash hash table entries: 1024 (order: 5, 73728 bytes, linear)
[    1.010927] Table-perturb hash table entries: 65536 (order: 6, 262144 bytes, linear)
[    1.011760] TCP established hash table entries: 16384 (order: 5, 131072 bytes, linear)
[    1.012828] TCP bind hash table entries: 16384 (order: 10, 2359296 bytes, linear)
[    1.014527] TCP: Hash tables configured (established 16384 bind 16384)
[    1.015233] UDP hash table entries: 1024 (order: 6, 262144 bytes, linear)
[    1.016234] NET: Registered PF_UNIX/PF_LOCAL protocol family
[    1.018795] RPC: Registered named UNIX socket transport module.
[    1.019429] RPC: Registered udp transport module.
[    1.019894] RPC: Registered tcp transport module.
[    1.020367] RPC: Registered tcp-with-tls transport module.
[    1.020906] RPC: Registered tcp NFSv4.1 backchannel transport module.
[    1.021558] pci_bus 0000:00: resource 4 [io  0x0000-0x0cf7 window]
[    1.022180] pci_bus 0000:00: resource 5 [io  0x0d00-0xffff window]
[    1.022812] pci_bus 0000:00: resource 6 [mem 0x000a0000-0x000bffff window]
[    1.023495] pci_bus 0000:00: resource 7 [mem 0x80000000-0xfebfffff window]
[    1.024176] pci_bus 0000:00: resource 8 [mem 0x100000000-0x17fffffff window]
[    1.025266] pci 0000:00:01.0: PIIX3: Enabling Passive Release
[    1.025843] pci 0000:00:00.0: Limiting direct PCI/PCI transfers
[    1.026527] PCI: CLS 0 bytes, default 64
[    1.027038] ACPI: bus type thunderbolt registered
[    1.028262] clocksource: tsc: mask: 0xffffffffffffffff max_cycles: 0x240939f1bb2, max_idle_ns: 440795263295 ns
[    1.042128] Initialise system trusted keyrings
[    1.042713] Key type blacklist registered
[    1.043339] workingset: timestamp_bits=36 (anon: 32) max_order=19 bucket_order=0 (anon: 0)
[    1.046609] squashfs: version 4.0 (2009/01/31) Phillip Lougher
[    1.048628] NFS: Registering the id_resolver key type
[    1.049173] Key type id_resolver registered
[    1.049595] Key type id_legacy registered
[    1.050081] nfs4filelayout_init: NFSv4 File Layout Driver Registering...
[    1.050793] nfs4flexfilelayout_init: NFSv4 Flexfile Layout Driver Registering...
[    1.051858] fuse: init (API version 7.45)
[    1.052904] SGI XFS with ACLs, security attributes, realtime, quota, no debug enabled
[    1.056032] 9p: Installing v9fs 9p2000 file system support
[    1.070753] Key type asymmetric registered
[    1.071168] Asymmetric key parser 'x509' registered
[    1.071797] Block layer SCSI generic (bsg) driver version 0.4 loaded (major 241)
[    1.074288] io scheduler mq-deadline registered
[    1.074918] io scheduler bfq registered
[    1.077112] ledtrig-cpu: registered to indicate activity on CPUs
[    1.079605] IPMI message handler: version 39.2
[    1.080165] ipmi device interface
[    1.084241] input: Power Button as /devices/platform/LNXPWRBN:00/input/input0
[    1.085362] ACPI: button: Power Button [PWRF]
[    1.088716] ERST DBG: ERST support is disabled.
[    1.090763] Serial: 8250/16550 driver, 32 ports, IRQ sharing enabled
[    1.093029] 00:04: ttyS0 at I/O 0x3f8 (irq = 4, base_baud = 115200) is a 16550A
[    1.126841] Linux agpgart interface v0.103
[    1.131238] ACPI: bus type drm_connector registered
[    1.159337] brd: module loaded
[    1.176159] loop: module loaded
[    1.190206] scsi host0: ata_piix
[    1.192575] scsi host1: ata_piix
[    1.193520] ata1: PATA max MWDMA2 cmd 0x1f0 ctl 0x3f6 bmdma 0xc040 irq 14 lpm-pol 0
[    1.194288] ata2: PATA max MWDMA2 cmd 0x170 ctl 0x376 bmdma 0xc048 irq 15 lpm-pol 0
[    1.198143] tun: Universal TUN/TAP device driver, 1.6
[    1.199048] e100: Intel(R) PRO/100 Network Driver
[    1.199516] e100: Copyright(c) 1999-2006 Intel Corporation
[    1.200208] e1000: Intel(R) PRO/1000 Network Driver
[    1.200695] e1000: Copyright (c) 1999-2006 Intel Corporation.
[    1.351765] ata1: found unknown device (class 0)
[    1.352773] ata1.00: Model 'QEMU HARDDISK', rev '2.5+', applying quirks: bridgeok
[    1.353519] ata1.00: ATA-7: QEMU HARDDISK, 2.5+, max UDMA/100
[    1.354090] ata1.00: 17196647 sectors, multi 16: LBA48 
[    1.354964] ata2: found unknown device (class 0)
[    1.355866] ata2.00: ATAPI: QEMU DVD-ROM, 2.5+, max UDMA/100
[    1.358080] scsi 0:0:0:0: Direct-Access     ATA      QEMU HARDDISK    2.5+ PQ: 0 ANSI: 5
[    1.362373] scsi 0:0:0:0: Attached scsi generic sg0 type 0
[    1.364021] sd 0:0:0:0: [sda] 17196647 512-byte logical blocks: (8.80 GB/8.20 GiB)
[    1.364847] sd 0:0:0:0: [sda] Write Protect is off
[    1.365407] sd 0:0:0:0: [sda] Write cache: enabled, read cache: enabled, doesn't support DPO or FUA
[    1.367853] sd 0:0:0:0: [sda] Preferred minimum I/O size 512 bytes
[    1.369679] scsi 1:0:0:0: CD-ROM            QEMU     QEMU DVD-ROM     2.5+ PQ: 0 ANSI: 5
[    1.414338] sd 0:0:0:0: [sda] Attached SCSI disk
[    1.414869] scsi 1:0:0:0: Attached scsi generic sg1 type 5
[    2.073255] ACPI: \_SB_.LNKC: Enabled at IRQ 11
[    2.386894] e1000 0000:00:03.0 eth0: (PCI:33MHz:32-bit) 52:54:00:12:34:56
[    2.387605] e1000 0000:00:03.0 eth0: Intel(R) PRO/1000 Network Connection
[    2.388435] e1000e: Intel(R) PRO/1000 Network Driver
[    2.388922] e1000e: Copyright(c) 1999 - 2015 Intel Corporation.
[    2.389672] igb: Intel(R) Gigabit Ethernet Network Driver
[    2.390206] igb: Copyright (c) 2007-2014 Intel Corporation.
[    2.391185] PPP generic driver version 2.4.2
[    2.392353] VFIO - User Level meta-driver version: 0.3
[    2.394269] usbcore: registered new interface driver uas
[    2.394924] usbcore: registered new interface driver usb-storage
[    2.395802] i8042: PNP: PS/2 Controller [PNP0303:KBD,PNP0f13:MOU] at 0x60,0x64 irq 1,12
[    2.397632] serio: i8042 KBD port at 0x60,0x64 irq 1
[    2.398213] serio: i8042 AUX port at 0x60,0x64 irq 12
[    2.400121] mousedev: PS/2 mouse device common for all mice
[    2.402460] input: AT Translated Set 2 keyboard as /devices/platform/i8042/serio0/input/input1
[    2.404342] rtc_cmos PNP0B00:00: RTC can wake from S4
[    2.407343] rtc_cmos PNP0B00:00: registered as rtc0
[    2.408117] rtc_cmos PNP0B00:00: setting system clock to 2026-05-06T02:15:54 UTC (1778033754)
[    2.409874] input: VirtualPS/2 VMware VMMouse as /devices/platform/i8042/serio1/input/input4
[    2.411496] rtc_cmos PNP0B00:00: alarms up to one day, y3k, 242 bytes nvram, hpet irqs
[    2.412367] i2c_dev: i2c /dev entries driver
[    2.412942] device-mapper: core: CONFIG_IMA_DISABLE_HTABLE is disabled. Duplicate IMA measurements will not be recorded in the IMA log.
[    2.414181] device-mapper: uevent: version 1.0.3
[    2.415136] device-mapper: ioctl: 4.50.0-ioctl (2025-04-28) initialised: dm-devel@lists.linux.dev
[    2.416013] intel_pstate: CPU model not supported
[    2.417602] drop_monitor: Initializing network drop monitor service
[    2.418651] input: VirtualPS/2 VMware VMMouse as /devices/platform/i8042/serio1/input/input3
[    2.420472] NET: Registered PF_INET6 protocol family
[    2.423499] Segment Routing with IPv6
[    2.423949] In-situ OAM (IOAM) with IPv6
[    2.424419] NET: Registered PF_PACKET protocol family
[    2.425407] 9pnet: Installing 9P2000 support
[    2.425980] Key type dns_resolver registered
[    2.429331] IPI shorthand broadcast: enabled
[    2.503049] sched_clock: Marking stable (2484003341, 18247186)->(2506303897, -4053370)
[    2.504834] registered taskstats version 1
[    2.507036] Loading compiled-in X.509 certificates
[    2.601097] Demotion targets for Node 0: null
[    2.602864] Key type .fscrypt registered
[    2.603281] Key type fscrypt-provisioning registered
[    2.624195] Key type encrypted registered
[    2.624638] ima: No TPM chip found, activating TPM-bypass!
[    2.625213] ima: Allocated hash algorithm: sha1
[    2.625768] ima: No architecture policies found
[    2.626430] evm: Initialising EVM extended attributes:
[    2.626946] evm: security.selinux
[    2.627287] evm: security.SMACK64
[    2.627620] evm: security.SMACK64EXEC
[    2.627991] evm: security.SMACK64TRANSMUTE
[    2.628399] evm: security.SMACK64MMAP
[    2.628765] evm: security.apparmor
[    2.629113] evm: security.ima
[    2.629412] evm: security.capability
[    2.629769] evm: HMAC attrs: 0x1
[    2.634353] PM:   Magic number: 10:372:257
[    2.635511] RAS: Correctable Errors collector initialized.
[    3.969090] clk: Disabling unused clocks
[    3.969539] PM: genpd: Disabling unused power domains
[    3.970775] md: Waiting for all devices to be available before autodetect
[    3.971254] md: If you don't use raid, use raid=noautodetect
[    3.971649] md: Autodetecting RAID arrays.
[    3.971950] md: autorun ...
[    3.972153] md: ... autorun DONE.
[    3.978410] Callback from call_rcu_tasks() invoked.
[    3.983515] EXT4-fs (sda): INFO: recovery required on readonly filesystem
[    3.983988] EXT4-fs (sda): write access will be enabled during recovery
[    4.029994] EXT4-fs (sda): recovery complete
[    4.032910] EXT4-fs (sda): mounted filesystem 088740a9-c8b4-422c-999d-a804eb68a4da ro with ordered data mode. Quota mode: none.
[    4.033699] VFS: Mounted root (ext4 filesystem) readonly on device 8:0.
[    4.036736] devtmpfs: mounted
[    4.037297] VFS: Pivoted into new rootfs
[    4.058883] Freeing unused decrypted memory: 2036K
[    4.064481] Freeing unused kernel image (initmem) memory: 16676K
[    4.064981] Write protecting the kernel read-only data: 102400k
[    4.067320] Freeing unused kernel image (text/rodata gap) memory: 44K
[    4.068848] Freeing unused kernel image (rodata/data gap) memory: 924K
[    5.135723] x86/mm: Checked W+X mappings: passed, no W+X pages found.
[    5.136135] Run /sbin/init as init process
[    5.344363] systemd[1]: systemd 252-15.el9 running in system mode (+PAM +AUDIT +SELINUX -APPARMOR +IMA +SMACK +SECCOMP +GCRYPT +GNUTLS +OPENSSL +ACL +BLKID +CURL +ELFUTILS -FIDO2 +IDN2 -IDN -IPTC +KMOD +LIBCRYPTSETUP +LIBFDISK +PCRE2 -PWQUALITY +P11KIT -QRENCODE +TPM2 +BZIP2 +LZ4 +XZ +ZLIB +ZSTD -BPF_FRAMEWORK +XKBCOMMON +UTMP +SYSVINIT default-hierarchy=unified)
[    5.346954] systemd[1]: Detected virtualization kvm.
[    5.347314] systemd[1]: Detected architecture x86-64.

Welcome to [0;31mCentOS Stream 9[0m!

[    5.354185] systemd[1]: Hostname set to <test>.
[    5.570198] systemd-rc-local-generator[122]: /etc/rc.d/rc.local is not marked executable, skipping.
[    6.009142] systemd[1]: Queued start job for default target Multi-User System.
[    6.033216] systemd[1]: Created slice Virtual Machine and Container Slice.
[[0;32m  OK  [0m] Created slice [0;1;39mVirtual Machine and Container Slice[0m.
[    6.038605] systemd[1]: Created slice Slice /system/getty.
[[0;32m  OK  [0m] Created slice [0;1;39mSlice /system/getty[0m.
[    6.042047] systemd[1]: Created slice Slice /system/modprobe.
[[0;32m  OK  [0m] Created slice [0;1;39mSlice /system/modprobe[0m.
[    6.045273] systemd[1]: Created slice Slice /system/serial-getty.
[[0;32m  OK  [0m] Created slice [0;1;39mSlice /system/serial-getty[0m.
[    6.048569] systemd[1]: Created slice Slice /system/sshd-keygen.
[[0;32m  OK  [0m] Created slice [0;1;39mSlice /system/sshd-keygen[0m.
[    6.051508] systemd[1]: Created slice User and Session Slice.
[[0;32m  OK  [0m] Created slice [0;1;39mUser and Session Slice[0m.
[    6.052934] systemd[1]: Started Forward Password Requests to Wall Directory Watch.
[[0;32m  OK  [0m] Started [0;1;39mForward Password R…uests to Wall Directory Watch[0m.
[    6.055420] systemd[1]: Set up automount Arbitrary Executable File Formats File System Automount Point.
[[0;32m  OK  [0m] Set up automount [0;1;39mArbitrary…s File System Automount Point[0m.
[    6.057005] systemd[1]: Reached target Local Integrity Protected Volumes.
[[0;32m  OK  [0m] Reached target [0;1;39mLocal Integrity Protected Volumes[0m.
[    6.058308] systemd[1]: Reached target Slice Units.
[[0;32m  OK  [0m] Reached target [0;1;39mSlice Units[0m.
[    6.059248] systemd[1]: Reached target Swaps.
[[0;32m  OK  [0m] Reached target [0;1;39mSwaps[0m.
[    6.060196] systemd[1]: Reached target Local Verity Protected Volumes.
[[0;32m  OK  [0m] Reached target [0;1;39mLocal Verity Protected Volumes[0m.
[    6.061658] systemd[1]: Listening on Device-mapper event daemon FIFOs.
[[0;32m  OK  [0m] Listening on [0;1;39mDevice-mapper event daemon FIFOs[0m.
[    6.063395] systemd[1]: Listening on LVM2 poll daemon socket.
[[0;32m  OK  [0m] Listening on [0;1;39mLVM2 poll daemon socket[0m.
[    6.064649] systemd[1]: multipathd control socket was skipped because of an unmet condition check (ConditionPathExists=/etc/multipath.conf).
[    6.118220] systemd[1]: Listening on RPCbind Server Activation Socket.
[[0;32m  OK  [0m] Listening on [0;1;39mRPCbind Server Activation Socket[0m.
[    6.119671] systemd[1]: Reached target RPC Port Mapper.
[[0;32m  OK  [0m] Reached target [0;1;39mRPC Port Mapper[0m.
[    6.123059] systemd[1]: Listening on Process Core Dump Socket.
[[0;32m  OK  [0m] Listening on [0;1;39mProcess Core Dump Socket[0m.
[    6.124836] systemd[1]: Listening on initctl Compatibility Named Pipe.
[[0;32m  OK  [0m] Listening on [0;1;39minitctl Compatibility Named Pipe[0m.
[    6.126794] systemd[1]: Listening on Journal Socket (/dev/log).
[[0;32m  OK  [0m] Listening on [0;1;39mJournal Socket (/dev/log)[0m.
[    6.128614] systemd[1]: Listening on Journal Socket.
[[0;32m  OK  [0m] Listening on [0;1;39mJournal Socket[0m.
[    6.130446] systemd[1]: Listening on udev Control Socket.
[[0;32m  OK  [0m] Listening on [0;1;39mudev Control Socket[0m.
[    6.131988] systemd[1]: Listening on udev Kernel Socket.
[[0;32m  OK  [0m] Listening on [0;1;39mudev Kernel Socket[0m.
[    6.138470] systemd[1]: Mounting Huge Pages File System...
         Mounting [0;1;39mHuge Pages File System[0m...
[    6.145855] systemd[1]: Mounting POSIX Message Queue File System...
         Mounting [0;1;39mPOSIX Message Queue File System[0m...
[    6.154516] systemd[1]: Mounting Kernel Debug File System...
         Mounting [0;1;39mKernel Debug File System[0m...
[    6.161404] systemd[1]: Mounting Kernel Trace File System...
         Mounting [0;1;39mKernel Trace File System[0m...
[    6.163723] systemd[1]: Kernel Module supporting RPCSEC_GSS was skipped because of an unmet condition check (ConditionPathExists=/etc/krb5.keytab).
[    6.166216] systemd[1]: Create List of Static Device Nodes was skipped because of an unmet condition check (ConditionFileNotEmpty=/lib/modules/7.0.0-e8df5a0c0d04+/modules.devname).
[    6.177128] systemd[1]: Starting Monitoring of LVM2 mirrors, snapshots etc. using dmeventd or progress polling...
         Starting [0;1;39mMonitoring of LVM…meventd or progress polling[0m...
[    6.184662] systemd[1]: Starting Load Kernel Module configfs...
         Starting [0;1;39mLoad Kernel Module configfs[0m...
[    6.192092] systemd[1]: Starting Load Kernel Module drm...
         Starting [0;1;39mLoad Kernel Module drm[0m...
[    6.205698] systemd[1]: Starting Load Kernel Module fuse...
         Starting [0;1;39mLoad Kernel Module fuse[0m...
[    6.218153] systemd[1]: Starting Read and set NIS domainname from /etc/sysconfig/network...
         Starting [0;1;39mRead and set NIS …from /etc/sysconfig/network[0m...
[    6.252377] systemd[1]: Starting Journal Service...
         Starting [0;1;39mJournal Service[0m...
[    6.264186] systemd[1]: Starting Load Kernel Modules...
         Starting [0;1;39mLoad Kernel Modules[0m...
[    6.278374] systemd[1]: Starting Generate network units from Kernel command line...
         Starting [0;1;39mGenerate network …ts from Kernel command line[0m...
[    6.294493] systemd[1]: Starting Remount Root and Kernel File Systems...
         Starting [0;1;39mRemount Root and Kernel File Systems[0m...
[    6.298967] systemd[1]: Repartition Root Disk was skipped because no trigger condition checks were met.
[    6.316052] systemd[1]: Starting Coldplug All udev Devices...
         Starting [0;1;39mColdplug All udev Devices[0m...
[    6.347614] systemd[1]: Mounted Huge Pages File System.
[[0;32m  OK  [0m] Mounted [0;1;39mHuge Pages File System[0m.
[    6.352452] systemd[1]: Mounted POSIX Message Queue File System.
[[0;32m  OK  [0m] Mounted [0;1;39mPOSIX Message Queue File System[0m.
[    6.356609] systemd[1]: Mounted Kernel Debug File System.
[[0;32m  OK  [0m] Mounted [0;1;39mKernel Debug File System[0m.
[    6.359616] systemd[1]: Mounted Kernel Trace File System.
[[0;32m  OK  [0m] Mounted [0;1;39mKernel Trace File System[0m.
[    6.367765] systemd[1]: Finished Monitoring of LVM2 mirrors, snapshots etc. using dmeventd or progress polling.
[[0;32m  OK  [0m] Finished [0;1;39mMonitoring of LVM… dmeventd or progress polling[0m.
[    6.376330] systemd[1]: modprobe@configfs.service: Deactivated successfully.
[    6.379713] systemd[1]: Finished Load Kernel Module configfs.
[[0;32m  OK  [0m] Finished [0;1;39mLoad Kernel Module configfs[0m.
[    6.386085] systemd[1]: modprobe@drm.service: Deactivated successfully.
[    6.392679] systemd[1]: Finished Load Kernel Module drm.
[[0;32m  OK  [0m] Finished [0;1;39mLoad Kernel Module drm[0m[    6.394183] EXT4-fs (sda): re-mounted 088740a9-c8b4-422c-999d-a804eb68a4da r/w.
.
[    6.407605] systemd[1]: modprobe@fuse.service: Deactivated successfully.
[    6.412027] systemd[1]: Finished Load Kernel Module fuse.
[[0;32m  OK  [0m] Finished [0;1;39mLoad Kernel Module fuse[0m.
[    6.416510] systemd[1]: Started Journal Service.
[[0;32m  OK  [0m] Started [0;1;39mJournal Service[0m.
[[0;32m  OK  [0m] Finished [0;1;39mRead and set NIS …e from /etc/sysconfig/network[0m.
[[0;1;31mFAILED[0m] Failed to start [0;1;39mLoad Kernel Modules[0m.
See 'systemctl status systemd-modules-load.service' for details.
[[0;32m  OK  [0m] Finished [0;1;39mGenerate network units from Kernel command line[0m.
[[0;32m  OK  [0m] Finished [0;1;39mRemount Root and Kernel File Systems[0m.
[[0;32m  OK  [0m] Reached target [0;1;39mPreparation for Network[0m.
         Mounting [0;1;39mFUSE Control File System[0m...
         Mounting [0;1;39mKernel Configuration File System[0m...
         Starting [0;1;39mFlush Journal to Persistent Storage[0m...
         Starting [0;1;39mLoad/Save Random Seed[0m...
[    6.509420] systemd-journald[144]: Received client request to flush runtime journal.
         Starting [0;1;39mApply Kernel Variables[0m...
         Starting [0;1;39mCreate Static Device Nodes in /dev[0m...
         Starting [0;1;39mSetup Virtual Console[0m...
[[0;32m  OK  [0m] Mounted [0;1;39mFUSE Control File System[0m.
[[0;32m  OK  [0m] Mounted [0;1;39mKernel Configuration File System[0m.
[[0;32m  OK  [0m] Finished [0;1;39mFlush Journal to Persistent Storage[0m.
[[0;32m  OK  [0m] Finished [0;1;39mLoad/Save Random Seed[0m.
[[0;32m  OK  [0m] Finished [0;1;39mApply Kernel Variables[0m.
[[0;32m  OK  [0m] Finished [0;1;39mCreate Static Device Nodes in /dev[0m.
         Starting [0;1;39mRule-based Manage…for Device Events and Files[0m...
[[0;32m  OK  [0m] Started [0;1;39mRule-based Manager for Device Events and Files[0m.
         Starting [0;1;39mAuto-connect to s…E devices found during boot[0m...
[[0;32m  OK  [0m] Finished [0;1;39mAuto-connect to s…VME devices found during boot[0m.
[[0;32m  OK  [0m] Finished [0;1;39mSetup Virtual Console[0m.
[[0;32m  OK  [0m] Finished [0;1;39mColdplug All udev Devices[0m.
         Starting [0;1;39mShow Plymouth Boot Screen[0m...
         Starting [0;1;39mWait for udev To …plete Device Initialization[0m...
[2J[3J[-1;-1f[[0;32m  OK  [0m] Started [0;1;39mShow Plymouth Boot Screen[0m.
[[0;32m  OK  [0m] Started [0;1;39mForward Password R…s to Plymouth Directory Watch[0m.
[[0;32m  OK  [0m] Reached target [0;1;39mLocal Encrypted Volumes[0m.
[[0;32m  OK  [0m] Reached target [0;1;39mPath Units[0m.
[[0;32m  OK  [0m] Found device [0;1;39m/dev/ttyS0[0m.
[[0;32m  OK  [0m] Listening on [0;1;39mLoad/Save RF …itch Status /dev/rfkill Watch[0m.
[[0;32m  OK  [0m] Finished [0;1;39mWait for udev To Complete Device Initialization[0m.
[[0;32m  OK  [0m] Reached target [0;1;39mPreparation for Local File Systems[0m.
[[0;32m  OK  [0m] Reached target [0;1;39mLocal File Systems[0m.
         Starting [0;1;39mTell Plymouth To Write Out Runtime Data[0m...
         Starting [0;1;39mAutomatic Boot Loader Update[0m...
         Starting [0;1;39mCreate Volatile Files and Directories[0m...
[[0;32m  OK  [0m] Finished [0;1;39mTell Plymouth To Write Out Runtime Data[0m.
[[0;32m  OK  [0m] Finished [0;1;39mAutomatic Boot Loader Update[0m.
[[0;32m  OK  [0m] Finished [0;1;39mCreate Volatile Files and Directories[0m.
         Mounting [0;1;39mRPC Pipe File System[0m...
         Starting [0;1;39mSecurity Auditing Service[0m...
         Starting [0;1;39mRPC Bind[0m...
[[0;32m  OK  [0m] Mounted [0;1;39mRPC Pipe File System[0m.
[[0;32m  OK  [0m] Reached target [0;1;39mrpc_pipefs.target[0m.
[[0;32m  OK  [0m] Started [0;1;39mRPC Bind[0m.
[[0;32m  OK  [0m] Started [0;1;39mSecurity Auditing Service[0m.
         Starting [0;1;39mRecord System Boot/Shutdown in UTMP[0m...
[[0;32m  OK  [0m] Finished [0;1;39mRecord System Boot/Shutdown in UTMP[0m.
[[0;32m  OK  [0m] Reached target [0;1;39mSystem Initialization[0m.
[[0;32m  OK  [0m] Started [0;1;39mDaily rotation of log files[0m.
[[0;32m  OK  [0m] Started [0;1;39mUpdates mlocate database every day[0m.
[[0;32m  OK  [0m] Started [0;1;39mDaily Cleanup of Temporary Directories[0m.
[[0;32m  OK  [0m] Started [0;1;39mdaily update of the root trust anchor for DNSSEC[0m.
[[0;32m  OK  [0m] Reached target [0;1;39mTimer Units[0m.
[[0;32m  OK  [0m] Listening on [0;1;39mD-Bus System Message Bus Socket[0m.
[[0;32m  OK  [0m] Listening on [0;1;39mOpen-iSCSI iscsid Socket[0m.
[[0;32m  OK  [0m] Listening on [0;1;39mOpen-iSCSI iscsiuio Socket[0m.
[[0;32m  OK  [0m] Listening on [0;1;39mSSSD Kerberos…ache Manager responder socket[0m.
[[0;32m  OK  [0m] Listening on [0;1;39mLibvirt interface local socket[0m.
[[0;32m  OK  [0m] Listening on [0;1;39mVirtual machine lock manager socket[0m.
[[0;32m  OK  [0m] Listening on [0;1;39mVirtual machine log manager socket[0m.
[[0;32m  OK  [0m] Listening on [0;1;39mLibvirt network local socket[0m.
[[0;32m  OK  [0m] Listening on [0;1;39mLibvirt nodedev local socket[0m.
[[0;32m  OK  [0m] Listening on [0;1;39mLibvirt nwfilter local socket[0m.
[[0;32m  OK  [0m] Listening on [0;1;39mLibvirt proxy local socket[0m.
[[0;32m  OK  [0m] Listening on [0;1;39mLibvirt qemu local socket[0m.
[[0;32m  OK  [0m] Listening on [0;1;39mLibvirt qemu admin socket[0m.
[[0;32m  OK  [0m] Listening on [0;1;39mLibvirt qemu local read-only socket[0m.
[[0;32m  OK  [0m] Listening on [0;1;39mLibvirt secret local socket[0m.
[[0;32m  OK  [0m] Listening on [0;1;39mLibvirt storage local socket[0m.
[[0;32m  OK  [0m] Reached target [0;1;39mSocket Units[0m.
         Starting [0;1;39mD-Bus System Message Bus[0m...
[[0;32m  OK  [0m] Started [0;1;39mD-Bus System Message Bus[0m.
[[0;32m  OK  [0m] Reached target [0;1;39mBasic System[0m.
         Starting [0;1;39mNetwork Manager[0m...
         Starting [0;1;39mNTP client/server[0m...
         Starting [0;1;39mRestore /run/initramfs on shutdown[0m...
[[0;32m  OK  [0m] Started [0;1;39mirqbalance daemon[0m.
[[0;32m  OK  [0m] Started [0;1;39mlibstoragemgmt plug-in server daemon[0m.
[[0;32m  OK  [0m] Started [0;1;39mMachine Check Exception Logging Daemon[0m.
[[0;32m  OK  [0m] Reached target [0;1;39msshd-keygen.target[0m.
[[0;32m  OK  [0m] Reached target [0;1;39mUser and Group Name Lookups[0m.
         Starting [0;1;39mUser Login Management[0m...
         Starting [0;1;39mVirtual Machine a…tainer Registration Service[0m...
[[0;32m  OK  [0m] Finished [0;1;39mRestore /run/initramfs on shutdown[0m.
[[0;32m  OK  [0m] Started [0;1;39mVirtual Machine an…ontainer Registration Service[0m.
         Starting [0;1;39mHostname Service[0m...
[[0;32m  OK  [0m] Started [0;1;39mUser Login Management[0m.
[[0;32m  OK  [0m] Started [0;1;39mNTP client/server[0m.
[[0;32m  OK  [0m] Started [0;1;39mHostname Service[0m.
         Starting [0;1;39mNetwork Manager Script Dispatcher Service[0m...
[[0;32m  OK  [0m] Started [0;1;39mNetwork Manager Script Dispatcher Service[0m.
[   10.078787] e1000: eth0 NIC Link is Up 1000 Mbps Full Duplex, Flow Control: RX
[[0;32m  OK  [0m] Started [0;1;39mNetwork Manager[0m.
[[0;32m  OK  [0m] Reached target [0;1;39mNetwork[0m.
[[0;32m  OK  [0m] Reached target [0;1;39mNetwork is Online[0m.
         Starting [0;1;39mGSSAPI Proxy Daemon[0m...
         Starting [0;1;39mNotify NFS peers of a restart[0m...
         Starting [0;1;39mSystem Logging Service[0m...
         Starting [0;1;39mOpenSSH server daemon[0m...
         Starting [0;1;39mDynamic System Tuning Daemon[0m...
[[0;32m  OK  [0m] Started [0;1;39mNotify NFS peers of a restart[0m.
[[0;32m  OK  [0m] Started [0;1;39mOpenSSH server daemon[0m.
[[0;32m  OK  [0m] Started [0;1;39mGSSAPI Proxy Daemon[0m.
[[0;32m  OK  [0m] Reached target [0;1;39mNFS client services[0m.
[[0;32m  OK  [0m] Reached target [0;1;39mPreparation for Remote File Systems[0m.
[[0;32m  OK  [0m] Reached target [0;1;39mRemote File Systems[0m.
         Starting [0;1;39mPermit User Sessions[0m...
         Starting [0;1;39mVirtualization qemu daemon[0m...
[[0;32m  OK  [0m] Started [0;1;39mSystem Logging Service[0m.
[[0;32m  OK  [0m] Finished [0;1;39mPermit User Sessions[0m.
[[0;32m  OK  [0m] Started [0;1;39mDeferred execution scheduler[0m.
[[0;32m  OK  [0m] Started [0;1;39mCommand Scheduler[0m.
         Starting [0;1;39mHold until boot process finishes up[0m...
         Starting [0;1;39mTerminate Plymouth Boot Screen[0m...
[[0;32m  OK  [0m] Started [0;1;39mVirtualization qemu daemon[0m.

CentOS Stream 9
Kernel 7.0.0-e8df5a0c0d04+ on an x86_64

Activate the web console with: systemctl enable --now cockpit.socket

test login: [   17.492993] pimreg: entered allmulticast mode
[   17.507312] pimreg: entered allmulticast mode
[   17.519603] pimreg: left allmulticast mode
[   17.527734] pimreg: entered allmulticast mode
[   17.558532] pimreg: entered allmulticast mode
[   17.583739] pimreg: entered allmulticast mode
[   17.591060] pimreg: left allmulticast mode
[   17.591752] pimreg: left allmulticast mode
[   17.592056] pimreg: left allmulticast mode
[   17.601287] pimreg: entered allmulticast mode
[   17.630599] pimreg: entered allmulticast mode
[   17.655375] pimreg: entered allmulticast mode
[   17.686591] pimreg: entered allmulticast mode
[   17.721664] pimreg: entered allmulticast mode
[   17.743067] pimreg: left allmulticast mode
[   17.743348] pimreg: left allmulticast mode
[   17.743603] pimreg: left allmulticast mode
[   17.743844] pimreg: left allmulticast mode
[   17.744120] pimreg: left allmulticast mode
[   17.753735] pimreg: entered allmulticast mode
[   17.785302] pimreg: entered allmulticast mode
[   17.806542] pimreg: entered allmulticast mode
[   17.819630] pimreg: entered allmulticast mode
[   17.842564] pimreg: entered allmulticast mode
[   17.867091] pimreg: entered allmulticast mode
[   17.898163] pimreg: entered allmulticast mode
[   17.915467] pimreg: left allmulticast mode
[   17.915770] pimreg: left allmulticast mode
[   17.916071] pimreg: left allmulticast mode
[   17.916386] pimreg: left allmulticast mode
[   17.916698] pimreg: left allmulticast mode
[   17.917014] pimreg: left allmulticast mode
[   17.917313] pimreg: left allmulticast mode
[   17.929396] pimreg: entered allmulticast mode
[   17.958932] pimreg: entered allmulticast mode
[   17.971163] pimreg: entered allmulticast mode
[   17.995247] pimreg: entered allmulticast mode
[   18.034546] pimreg: entered allmulticast mode
[   18.054594] pimreg: entered allmulticast mode
[   18.074608] pimreg: entered allmulticast mode
[   18.094742] pimreg: entered allmulticast mode
[   18.115269] pimreg: left allmulticast mode
[   18.115654] pimreg: left allmulticast mode
[   18.115956] pimreg: left allmulticast mode
[   18.116257] pimreg: left allmulticast mode
[   18.116564] pimreg: left allmulticast mode
[   18.116973] pimreg: left allmulticast mode
[   18.117289] pimreg: left allmulticast mode
[   18.117591] pimreg: left allmulticast mode
[   18.130912] pimreg: entered allmulticast mode
[   18.152540] pimreg: entered allmulticast mode
[   18.186466] pimreg: entered allmulticast mode
[   18.219262] pimreg: entered allmulticast mode
[   18.262509] pimreg: entered allmulticast mode
[   18.282452] pimreg: entered allmulticast mode
[   18.302144] pimreg: entered allmulticast mode
[   18.326375] pimreg: entered allmulticast mode
[   18.347244] pimreg: left allmulticast mode
[   18.347589] pimreg: left allmulticast mode
[   18.348223] pimreg: left allmulticast mode
[   18.348539] pimreg: left allmulticast mode
[   18.349054] pimreg: left allmulticast mode
[   18.349344] pimreg: left allmulticast mode
[   18.349627] pimreg: left allmulticast mode
[   18.349891] pimreg: left allmulticast mode
[   18.350155] pimreg: left allmulticast mode
[   18.364698] pimreg: entered allmulticast mode
[   18.397518] pimreg: entered allmulticast mode
[   18.429586] pimreg: entered allmulticast mode
[   18.463099] pimreg: entered allmulticast mode
[   18.482302] pimreg: entered allmulticast mode
[   18.506455] pimreg: entered allmulticast mode
[   18.538531] pimreg: entered allmulticast mode
[   18.563001] pimreg: left allmulticast mode
[   18.563322] pimreg: left allmulticast mode
[   18.563609] pimreg: left allmulticast mode
[   18.563895] pimreg: left allmulticast mode
[   18.564554] pimreg: left allmulticast mode
[   18.564850] pimreg: left allmulticast mode
[   18.575404] pimreg: entered allmulticast mode
[   18.593686] pimreg: entered allmulticast mode
[   18.613769] pimreg: entered allmulticast mode
[   18.631362] pimreg: entered allmulticast mode
[   18.643492] pimreg: entered allmulticast mode
[   18.666238] pimreg: entered allmulticast mode
[   18.706513] pimreg: entered allmulticast mode
[   18.727273] pimreg: left allmulticast mode
[   18.727606] pimreg: left allmulticast mode
[   18.727915] pimreg: left allmulticast mode
[   18.728623] pimreg: left allmulticast mode
[   18.729341] pimreg: left allmulticast mode
[   18.729692] pimreg: left allmulticast mode
[   18.730002] pimreg: left allmulticast mode
[   18.742196] pimreg: entered allmulticast mode
[   18.764060] pimreg: entered allmulticast mode
[   18.793959] pimreg: entered allmulticast mode
[   18.813958] pimreg: entered allmulticast mode
[   18.846642] pimreg: entered allmulticast mode
[   18.882978] pimreg: entered allmulticast mode
[   18.910761] pimreg: entered allmulticast mode
[   18.938136] pimreg: entered allmulticast mode
[   18.974662] pimreg: entered allmulticast mode
[   18.976195] pimreg: left allmulticast mode
[   18.976572] pimreg: left allmulticast mode
[   18.976884] pimreg: left allmulticast mode
[   18.977193] pimreg: left allmulticast mode
[   18.977509] pimreg: left allmulticast mode
[   18.977812] pimreg: left allmulticast mode
[   18.978117] pimreg: left allmulticast mode
[   18.978464] pimreg: left allmulticast mode
[   18.994789] pimreg: entered allmulticast mode
[   19.027109] pimreg: entered allmulticast mode
[   19.066011] pimreg: entered allmulticast mode
[   19.087447] pimreg: entered allmulticast mode
[   19.102583] pimreg: entered allmulticast mode
[   19.122365] pimreg: entered allmulticast mode
[   19.158041] pimreg: entered allmulticast mode
[   19.186398] pimreg: entered allmulticast mode
[   19.211505] pimreg: entered allmulticast mode
[   19.215441] pimreg: left allmulticast mode
[   19.215760] pimreg: left allmulticast mode
[   19.216045] pimreg: left allmulticast mode
[   19.216314] pimreg: left allmulticast mode
[   19.216594] pimreg: left allmulticast mode
[   19.216973] pimreg: left allmulticast mode
[   19.217604] pimreg: left allmulticast mode
[   19.217889] pimreg: left allmulticast mode
[   19.218170] pimreg: left allmulticast mode
[   19.218505] pimreg: left allmulticast mode
[   19.234416] pimreg: entered allmulticast mode
[   19.268758] pimreg: entered allmulticast mode
[   19.310104] pimreg: entered allmulticast mode
[   19.322026] pimreg: entered allmulticast mode
[   19.346996] pimreg: entered allmulticast mode
[   19.374849] pimreg: entered allmulticast mode
[   19.418184] pimreg: entered allmulticast mode
[   19.455645] pimreg: left allmulticast mode
[   19.455958] pimreg: left allmulticast mode
[   19.456250] pimreg: left allmulticast mode
[   19.456561] pimreg: left allmulticast mode
[   19.456864] pimreg: left allmulticast mode
[   19.457169] pimreg: left allmulticast mode
[   19.457474] pimreg: left allmulticast mode
[   19.468831] pimreg: entered allmulticast mode
[   19.490751] pimreg: entered allmulticast mode
[   19.515622] pimreg: entered allmulticast mode
[   19.530470] pimreg: entered allmulticast mode
[   19.543172] pimreg: entered allmulticast mode
[   19.547870] pimreg: left allmulticast mode
[   19.548218] pimreg: left allmulticast mode
[   19.548530] pimreg: left allmulticast mode
[   19.548830] pimreg: left allmulticast mode
[   19.549128] pimreg: left allmulticast mode
[   19.559299] pimreg: entered allmulticast mode
[   19.592071] pimreg: entered allmulticast mode
[   19.620439] pimreg: entered allmulticast mode
[   19.654660] pimreg: entered allmulticast mode
[   19.678329] pimreg: entered allmulticast mode
[   19.710229] pimreg: entered allmulticast mode
[   19.714820] pimreg: left allmulticast mode
[   19.715172] pimreg: left allmulticast mode
[   19.715480] pimreg: left allmulticast mode
[   19.715781] pimreg: left allmulticast mode
[   19.716091] pimreg: left allmulticast mode
[   19.729916] pimreg: entered allmulticast mode
[   19.752012] pimreg: entered allmulticast mode
[   19.780162] pimreg: entered allmulticast mode
[   19.789743] pimreg: entered allmulticast mode
[   19.810441] pimreg: entered allmulticast mode
[   19.831317] pimreg: left allmulticast mode
[   19.831619] pimreg: left allmulticast mode
[   19.831869] pimreg: left allmulticast mode
[   19.832122] pimreg: left allmulticast mode
[   19.832392] pimreg: left allmulticast mode
[   19.832651] pimreg: left allmulticast mode
[   19.842555] pimreg: entered allmulticast mode
[   19.862015] pimreg: entered allmulticast mode
[   19.884495] pimreg: entered allmulticast mode
[   19.907562] pimreg: entered allmulticast mode
[   19.921913] pimreg: entered allmulticast mode
[   19.946063] pimreg: entered allmulticast mode
[   19.966292] pimreg: entered allmulticast mode
[   19.974970] pimreg: left allmulticast mode
[   19.975267] pimreg: left allmulticast mode
[   19.975543] pimreg: left allmulticast mode
[   19.975809] pimreg: left allmulticast mode
[   19.976087] pimreg: left allmulticast mode
[   19.976650] pimreg: left allmulticast mode
[   19.976934] pimreg: left allmulticast mode
[   19.989447] pimreg: entered allmulticast mode
[   20.002471] pimreg: entered allmulticast mode
[   20.024291] pimreg: entered allmulticast mode
[   20.054341] pimreg: entered allmulticast mode
[   20.078464] pimreg: entered allmulticast mode
[   20.106136] pimreg: entered allmulticast mode
[   20.130355] pimreg: entered allmulticast mode
[   20.146927] pimreg: left allmulticast mode
[   20.147251] pimreg: left allmulticast mode
[   20.147539] pimreg: left allmulticast mode
[   20.147853] pimreg: left allmulticast mode
[   20.148719] pimreg: left allmulticast mode
[   20.149035] pimreg: left allmulticast mode
[   20.149345] pimreg: left allmulticast mode
[   20.161364] pimreg: entered allmulticast mode
[   20.194279] pimreg: entered allmulticast mode
[   20.218045] pimreg: entered allmulticast mode
[   20.242159] pimreg: entered allmulticast mode
[   20.273832] pimreg: entered allmulticast mode
[   20.306325] pimreg: entered allmulticast mode
[   20.330390] pimreg: entered allmulticast mode
[   20.351119] pimreg: left allmulticast mode
[   20.351425] pimreg: left allmulticast mode
[   20.351696] pimreg: left allmulticast mode
[   20.351974] pimreg: left allmulticast mode
[   20.352336] pimreg: left allmulticast mode
[   20.352616] pimreg: left allmulticast mode
[   20.352894] pimreg: left allmulticast mode
[   20.364257] pimreg: entered allmulticast mode
[   20.374942] pimreg: entered allmulticast mode
[   20.387521] pimreg: entered allmulticast mode
[   20.417998] pimreg: entered allmulticast mode
[   20.438422] pimreg: entered allmulticast mode
[   20.466479] pimreg: entered allmulticast mode
[   20.490130] pimreg: entered allmulticast mode
[   20.514180] pimreg: entered allmulticast mode
[   20.527758] pimreg: left allmulticast mode
[   20.528078] pimreg: left allmulticast mode
[   20.528389] pimreg: left allmulticast mode
[   20.528700] pimreg: left allmulticast mode
[   20.529007] pimreg: left allmulticast mode
[   20.529334] pimreg: left allmulticast mode
[   20.529643] pimreg: left allmulticast mode
[   20.529943] pimreg: left allmulticast mode
[   20.545124] pimreg: entered allmulticast mode
[   20.573117] pimreg: entered allmulticast mode
[   20.594779] pimreg: entered allmulticast mode
[   20.614055] pimreg: entered allmulticast mode
[   20.626753] pimreg: entered allmulticast mode
[   20.650300] pimreg: entered allmulticast mode
[   20.668984] pimreg: left allmulticast mode
[   20.669302] pimreg: left allmulticast mode
[   20.669756] pimreg: left allmulticast mode
[   20.670063] pimreg: left allmulticast mode
[   20.670492] pimreg: left allmulticast mode
[   20.670763] pimreg: left allmulticast mode
[   20.671041] pimreg: left allmulticast mode
[   20.681732] pimreg: entered allmulticast mode
[   20.718201] pimreg: entered allmulticast mode
[   20.743222] pimreg: entered allmulticast mode
[   20.766413] pimreg: entered allmulticast mode
[   20.785952] pimreg: entered allmulticast mode
[   20.810186] pimreg: entered allmulticast mode
[   20.833987] pimreg: entered allmulticast mode
[   20.858317] pimreg: entered allmulticast mode
[   20.863264] pimreg: left allmulticast mode
[   20.864018] pimreg: left allmulticast mode
[   20.864390] pimreg: left allmulticast mode
[   20.864723] pimreg: left allmulticast mode
[   20.865033] pimreg: left allmulticast mode
[   20.865334] pimreg: left allmulticast mode
[   20.865637] pimreg: left allmulticast mode
[   20.878072] pimreg: entered allmulticast mode
[   20.905517] pimreg: entered allmulticast mode
[   20.949641] pimreg: entered allmulticast mode
[   20.982785] pimreg: entered allmulticast mode
[   21.014099] pimreg: entered allmulticast mode
[   21.046635] pimreg: entered allmulticast mode
[   21.062331] pimreg: entered allmulticast mode
[   21.083055] pimreg: left allmulticast mode
[   21.083396] pimreg: left allmulticast mode
[   21.083714] pimreg: left allmulticast mode
[   21.084022] pimreg: left allmulticast mode
[   21.084332] pimreg: left allmulticast mode
[   21.084637] pimreg: left allmulticast mode
[   21.084938] pimreg: left allmulticast mode
[   21.097712] pimreg: entered allmulticast mode
[   21.127169] pimreg: entered allmulticast mode
[   21.158120] pimreg: entered allmulticast mode
[   21.193930] pimreg: entered allmulticast mode
[   21.218490] pimreg: entered allmulticast mode
[   21.253764] pimreg: entered allmulticast mode
[   21.309810] pimreg: entered allmulticast mode
[   21.338940] pimreg: left allmulticast mode
[   21.339275] pimreg: left allmulticast mode
[   21.339586] pimreg: left allmulticast mode
[   21.339906] pimreg: left allmulticast mode
[   21.340208] pimreg: left allmulticast mode
[   21.340520] pimreg: left allmulticast mode
[   21.340818] pimreg: left allmulticast mode
[   21.352641] pimreg: entered allmulticast mode
[   21.375697] pimreg: entered allmulticast mode
[   21.388590] pimreg: entered allmulticast mode
[   21.401602] pimreg: entered allmulticast mode
[   21.418118] pimreg: entered allmulticast mode
[   21.454459] pimreg: entered allmulticast mode
[   21.485646] pimreg: entered allmulticast mode
[   21.522288] pimreg: entered allmulticast mode
[   21.557700] pimreg: left allmulticast mode
[   21.558042] pimreg: left allmulticast mode
[   21.558389] pimreg: left allmulticast mode
[   21.558696] pimreg: left allmulticast mode
[   21.559002] pimreg: left allmulticast mode
[   21.559319] pimreg: left allmulticast mode
[   21.559624] pimreg: left allmulticast mode
[   21.559934] pimreg: left allmulticast mode
[   21.572218] pimreg: entered allmulticast mode
[   21.599293] pimreg: entered allmulticast mode
[   21.631830] pimreg: entered allmulticast mode
[   21.654373] pimreg: entered allmulticast mode
[   21.669802] pimreg: entered allmulticast mode
[   21.690198] pimreg: entered allmulticast mode
[   21.722514] pimreg: entered allmulticast mode
[   21.746025] pimreg: entered allmulticast mode
[   21.771491] pimreg: left allmulticast mode
[   21.771874] pimreg: left allmulticast mode
[   21.772156] pimreg: left allmulticast mode
[   21.772469] pimreg: left allmulticast mode
[   21.772772] pimreg: left allmulticast mode
[   21.773085] pimreg: left allmulticast mode
[   21.773397] pimreg: left allmulticast mode
[   21.773699] pimreg: left allmulticast mode
[   21.774001] pimreg: left allmulticast mode
[   21.788080] pimreg: entered allmulticast mode
[   21.809356] pimreg: entered allmulticast mode
[   21.837633] pimreg: entered allmulticast mode
[   21.875740] pimreg: entered allmulticast mode
[   21.902383] pimreg: entered allmulticast mode
[   21.930699] pimreg: entered allmulticast mode
[   21.949940] pimreg: entered allmulticast mode
[   21.965672] pimreg: entered allmulticast mode
[   21.998225] pimreg: entered allmulticast mode
[   22.004164] pimreg: left allmulticast mode
[   22.004496] pimreg: left allmulticast mode
[   22.004776] pimreg: left allmulticast mode
[   22.005085] pimreg: left allmulticast mode
[   22.005395] pimreg: left allmulticast mode
[   22.005692] pimreg: left allmulticast mode
[   22.005995] pimreg: left allmulticast mode
[   22.021702] pimreg: entered allmulticast mode
[   22.054530] pimreg: entered allmulticast mode
[   22.077586] pimreg: entered allmulticast mode
[   22.091124] pimreg: entered allmulticast mode
[   22.123196] pimreg: entered allmulticast mode
[   22.146120] pimreg: entered allmulticast mode
[   22.170891] pimreg: entered allmulticast mode
[   22.171406] pimreg: left allmulticast mode
[   22.171748] pimreg: left allmulticast mode
[   22.172050] pimreg: left allmulticast mode
[   22.172504] pimreg: left allmulticast mode
[   22.172801] pimreg: left allmulticast mode
[   22.173396] pimreg: left allmulticast mode
[   22.173720] pimreg: left allmulticast mode
[   22.187472] pimreg: entered allmulticast mode
[   22.211541] pimreg: entered allmulticast mode
[   22.236034] pimreg: entered allmulticast mode
[   22.254355] pimreg: entered allmulticast mode
[   22.278194] pimreg: entered allmulticast mode
[   22.298115] pimreg: entered allmulticast mode
[   22.318327] pimreg: entered allmulticast mode
[   22.338313] pimreg: entered allmulticast mode
[   22.363703] pimreg: left allmulticast mode
[   22.364031] pimreg: left allmulticast mode
[   22.364351] pimreg: left allmulticast mode
[   22.364662] pimreg: left allmulticast mode
[   22.364974] pimreg: left allmulticast mode
[   22.365301] pimreg: left allmulticast mode
[   22.365596] pimreg: left allmulticast mode
[   22.365891] pimreg: left allmulticast mode
[   22.366187] pimreg: left allmulticast mode
[   22.380219] pimreg: entered allmulticast mode
[   22.403956] pimreg: entered allmulticast mode
[   22.442333] pimreg: entered allmulticast mode
[   22.452550] pimreg: entered allmulticast mode
[   22.474796] pimreg: entered allmulticast mode
[   22.502009] pimreg: entered allmulticast mode
[   22.530158] pimreg: entered allmulticast mode
[   22.553888] pimreg: entered allmulticast mode
[   22.594133] pimreg: entered allmulticast mode
[   22.645840] pimreg: entered allmulticast mode
[   22.671278] pimreg: left allmulticast mode
[   22.671574] pimreg: left allmulticast mode
[   22.671852] pimreg: left allmulticast mode
[   22.672130] pimreg: left allmulticast mode
[   22.672412] pimreg: left allmulticast mode
[   22.672693] pimreg: left allmulticast mode
[   22.672970] pimreg: left allmulticast mode
[   22.673232] pimreg: left allmulticast mode
[   22.673503] pimreg: left allmulticast mode
[   22.673804] pimreg: left allmulticast mode
[   22.689187] pimreg: entered allmulticast mode
[   22.710321] pimreg: entered allmulticast mode
[   22.729333] pimreg: entered allmulticast mode
[   22.739951] pimreg: entered allmulticast mode
[   22.757866] pimreg: entered allmulticast mode
[   22.790518] pimreg: entered allmulticast mode
[   22.814212] pimreg: entered allmulticast mode
[   22.837812] pimreg: entered allmulticast mode
[   22.870161] pimreg: entered allmulticast mode
[   22.894377] pimreg: entered allmulticast mode
[   22.918880] pimreg: entered allmulticast mode
[   22.943201] pimreg: left allmulticast mode
[   22.943538] pimreg: left allmulticast mode
[   22.943852] pimreg: left allmulticast mode
[   22.944173] pimreg: left allmulticast mode
[   22.944497] pimreg: left allmulticast mode
[   22.945261] pimreg: left allmulticast mode
[   22.945551] pimreg: left allmulticast mode
[   22.945833] pimreg: left allmulticast mode
[   22.946111] pimreg: left allmulticast mode
[   22.946444] pimreg: left allmulticast mode
[   22.946740] pimreg: left allmulticast mode
[   22.962834] pimreg: entered allmulticast mode
[   22.998642] pimreg: entered allmulticast mode
[   23.013694] pimreg: entered allmulticast mode
[   23.030325] pimreg: entered allmulticast mode
[   23.041484] pimreg: entered allmulticast mode
[   23.070483] pimreg: entered allmulticast mode
[   23.101799] pimreg: entered allmulticast mode
[   23.126434] pimreg: entered allmulticast mode
[   23.150185] pimreg: entered allmulticast mode
[   23.175532] pimreg: entered allmulticast mode
[   23.176105] pimreg: left allmulticast mode
[   23.176476] pimreg: left allmulticast mode
[   23.176789] pimreg: left allmulticast mode
[   23.177092] pimreg: left allmulticast mode
[   23.177407] pimreg: left allmulticast mode
[   23.177743] pimreg: left allmulticast mode
[   23.178053] pimreg: left allmulticast mode
[   23.178654] pimreg: left allmulticast mode
[   23.178941] pimreg: left allmulticast mode
[   23.193921] pimreg: entered allmulticast mode
[   23.232057] pimreg: entered allmulticast mode
[   23.245414] pimreg: entered allmulticast mode
[   23.266206] pimreg: entered allmulticast mode
[   23.298126] pimreg: entered allmulticast mode
[   23.330383] pimreg: entered allmulticast mode
[   23.350942] pimreg: entered allmulticast mode
[   23.374227] pimreg: entered allmulticast mode
[   23.414342] pimreg: entered allmulticast mode
[   23.427931] pimreg: left allmulticast mode
[   23.428447] pimreg: left allmulticast mode
[   23.428759] pimreg: left allmulticast mode
[   23.429068] pimreg: left allmulticast mode
[   23.429373] pimreg: left allmulticast mode
[   23.429676] pimreg: left allmulticast mode
[   23.429981] pimreg: left allmulticast mode
[   23.430308] pimreg: left allmulticast mode
[   23.430621] pimreg: left allmulticast mode
[   23.430916] pimreg: left allmulticast mode
[   23.447134] pimreg: entered allmulticast mode
[   23.491573] pimreg: entered allmulticast mode
[   23.514990] pimreg: entered allmulticast mode
[   23.530499] pimreg: entered allmulticast mode
[   23.585971] pimreg: entered allmulticast mode
[   23.606697] pimreg: entered allmulticast mode
[   23.634138] pimreg: entered allmulticast mode
[   23.662574] pimreg: entered allmulticast mode
[   23.690115] pimreg: entered allmulticast mode
[   23.722429] pimreg: entered allmulticast mode
[   23.746006] pimreg: entered allmulticast mode
[   23.751528] pimreg: left allmulticast mode
[   23.751863] pimreg: left allmulticast mode
[   23.752176] pimreg: left allmulticast mode
[   23.752485] pimreg: left allmulticast mode
[   23.752788] pimreg: left allmulticast mode
[   23.753096] pimreg: left allmulticast mode
[   23.753406] pimreg: left allmulticast mode
[   23.753712] pimreg: left allmulticast mode
[   23.754017] pimreg: left allmulticast mode
[   23.754696] pimreg: left allmulticast mode
[   23.755321] pimreg: left allmulticast mode
[   23.771730] pimreg: entered allmulticast mode
[   23.814324] pimreg: entered allmulticast mode
[   23.828190] pimreg: entered allmulticast mode
[   23.851098] pimreg: entered allmulticast mode
[   23.861757] pimreg: entered allmulticast mode
[   23.882176] pimreg: entered allmulticast mode
[   23.934456] pimreg: entered allmulticast mode
[   23.978226] pimreg: entered allmulticast mode
[   24.006349] pimreg: entered allmulticast mode
[   24.028648] pimreg: left allmulticast mode
[   24.028982] pimreg: left allmulticast mode
[   24.029308] pimreg: left allmulticast mode
[   24.029622] pimreg: left allmulticast mode
[   24.029921] pimreg: left allmulticast mode
[   24.030482] pimreg: left allmulticast mode
[   24.030796] pimreg: left allmulticast mode
[   24.031097] pimreg: left allmulticast mode
[   24.031405] pimreg: left allmulticast mode
[   24.044601] pimreg: entered allmulticast mode
[   24.078273] pimreg: entered allmulticast mode
[   24.100289] pimreg: entered allmulticast mode
[   24.128549] pimreg: entered allmulticast mode
[   24.145772] pimreg: entered allmulticast mode
[   24.170193] pimreg: entered allmulticast mode
[   24.189942] pimreg: entered allmulticast mode
[   24.210307] pimreg: entered allmulticast mode
[   24.229718] pimreg: entered allmulticast mode
[   24.247496] pimreg: left allmulticast mode
[   24.247829] pimreg: left allmulticast mode
[   24.248148] pimreg: left allmulticast mode
[   24.248460] pimreg: left allmulticast mode
[   24.248767] pimreg: left allmulticast mode
[   24.249545] pimreg: left allmulticast mode
[   24.249866] pimreg: left allmulticast mode
[   24.250168] pimreg: left allmulticast mode
[   24.250547] pimreg: left allmulticast mode
[   24.250861] pimreg: left allmulticast mode
[   24.266091] pimreg: entered allmulticast mode
[   24.286106] pimreg: entered allmulticast mode
[   24.308164] pimreg: entered allmulticast mode
[   24.337163] pimreg: entered allmulticast mode
[   24.366591] pimreg: entered allmulticast mode
[   24.393997] pimreg: entered allmulticast mode
[   24.422278] pimreg: entered allmulticast mode
[   24.449809] pimreg: entered allmulticast mode
[   24.482225] pimreg: entered allmulticast mode
[   24.509951] pimreg: entered allmulticast mode
[   24.547059] pimreg: left allmulticast mode
[   24.547379] pimreg: left allmulticast mode
[   24.547694] pimreg: left allmulticast mode
[   24.548018] pimreg: left allmulticast mode
[   24.548329] pimreg: left allmulticast mode
[   24.548640] pimreg: left allmulticast mode
[   24.548935] pimreg: left allmulticast mode
[   24.549242] pimreg: left allmulticast mode
[   24.549546] pimreg: left allmulticast mode
[   24.563366] pimreg: entered allmulticast mode
[   24.586985] pimreg: entered allmulticast mode
[   24.610654] pimreg: entered allmulticast mode
[   24.631066] pimreg: entered allmulticast mode
[   24.662035] pimreg: entered allmulticast mode
[   24.697910] pimreg: entered allmulticast mode
[   24.742959] pimreg: left allmulticast mode
[   24.743295] pimreg: left allmulticast mode
[   24.743606] pimreg: left allmulticast mode
[   24.743931] pimreg: left allmulticast mode
[   24.744247] pimreg: left allmulticast mode
[   24.744776] pimreg: left allmulticast mode
[   24.755222] pimreg: entered allmulticast mode
[   24.773441] pimreg: entered allmulticast mode
[   24.794630] pimreg: entered allmulticast mode
[   24.818591] pimreg: entered allmulticast mode
[   24.874012] pimreg: entered allmulticast mode
[   24.913872] pimreg: entered allmulticast mode
[   24.938338] pimreg: entered allmulticast mode
[   24.990944] pimreg: left allmulticast mode
[   24.991251] pimreg: left allmulticast mode
[   24.991517] pimreg: left allmulticast mode
[   24.991796] pimreg: left allmulticast mode
[   24.992080] pimreg: left allmulticast mode
[   24.992451] pimreg: left allmulticast mode
[   24.992718] pimreg: left allmulticast mode
[   25.004408] pimreg: entered allmulticast mode
[   25.014194] pimreg: entered allmulticast mode
[   25.026710] pimreg: entered allmulticast mode
[   25.046069] pimreg: entered allmulticast mode
[   25.062535] pimreg: entered allmulticast mode
[   25.086356] pimreg: entered allmulticast mode
[   25.110184] pimreg: entered allmulticast mode
[   25.135000] pimreg: entered allmulticast mode
[   25.151010] pimreg: left allmulticast mode
[   25.151350] pimreg: left allmulticast mode
[   25.151659] pimreg: left allmulticast mode
[   25.151974] pimreg: left allmulticast mode
[   25.152445] pimreg: left allmulticast mode
[   25.152753] pimreg: left allmulticast mode
[   25.153057] pimreg: left allmulticast mode
[   25.153369] pimreg: left allmulticast mode
[   25.165756] pimreg: entered allmulticast mode
[   25.198240] pimreg: entered allmulticast mode
[   25.223012] pimreg: entered allmulticast mode
[   25.235344] pimreg: entered allmulticast mode
[   25.258611] pimreg: entered allmulticast mode
[   25.263347] pimreg: left allmulticast mode
[   25.263672] pimreg: left allmulticast mode
[   25.264035] pimreg: left allmulticast mode
[   25.264329] pimreg: left allmulticast mode
[   25.286085] pimreg: entered allmulticast mode
[   25.323066] pimreg: entered allmulticast mode
[   25.346203] pimreg: entered allmulticast mode
[   25.358437] pimreg: entered allmulticast mode
[   25.378572] pimreg: entered allmulticast mode
[   25.402736] pimreg: left allmulticast mode
[   25.403047] pimreg: left allmulticast mode
[   25.403349] pimreg: left allmulticast mode
[   25.403664] pimreg: left allmulticast mode
[   25.403971] pimreg: left allmulticast mode
[   25.404289] pimreg: left allmulticast mode
[   25.415013] pimreg: entered allmulticast mode
[   25.433595] pimreg: entered allmulticast mode
[   25.471858] pimreg: entered allmulticast mode
[   25.494224] pimreg: entered allmulticast mode
[   25.518222] pimreg: entered allmulticast mode
[   25.542031] pimreg: entered allmulticast mode
[   25.582065] pimreg: entered allmulticast mode
[   25.606901] pimreg: left allmulticast mode
[   25.607249] pimreg: left allmulticast mode
[   25.607565] pimreg: left allmulticast mode
[   25.607894] pimreg: left allmulticast mode
[   25.608720] pimreg: left allmulticast mode
[   25.609051] pimreg: left allmulticast mode
[   25.609381] pimreg: left allmulticast mode
[   25.621327] pimreg: entered allmulticast mode
[   25.646504] pimreg: entered allmulticast mode
[   25.676394] pimreg: entered allmulticast mode
[   25.702018] pimreg: entered allmulticast mode
[   25.729857] pimreg: entered allmulticast mode
[   25.770148] pimreg: entered allmulticast mode
[   25.797979] pimreg: entered allmulticast mode
[   25.822029] pimreg: entered allmulticast mode
[   25.827383] pimreg: left allmulticast mode
[   25.827706] pimreg: left allmulticast mode
[   25.827987] pimreg: left allmulticast mode
[   25.828279] pimreg: left allmulticast mode
[   25.828580] pimreg: left allmulticast mode
[   25.828885] pimreg: left allmulticast mode
[   25.829189] pimreg: left allmulticast mode
[   25.850574] pimreg: entered allmulticast mode
[   25.873748] pimreg: entered allmulticast mode
[   25.895838] pimreg: entered allmulticast mode
[   25.926626] pimreg: entered allmulticast mode
[   25.966067] pimreg: entered allmulticast mode
[   25.994297] pimreg: entered allmulticast mode
[   26.015085] pimreg: entered allmulticast mode
[   26.019596] pimreg: left allmulticast mode
[   26.019949] pimreg: left allmulticast mode
[   26.020273] pimreg: left allmulticast mode
[   26.020570] pimreg: left allmulticast mode
[   26.020871] pimreg: left allmulticast mode
[   26.021178] pimreg: left allmulticast mode
[   26.021477] pimreg: left allmulticast mode
[   26.021771] pimreg: left allmulticast mode
[   26.053695] pimreg: entered allmulticast mode
[   26.078408] pimreg: entered allmulticast mode
[   26.095189] pimreg: entered allmulticast mode
[   26.134086] pimreg: entered allmulticast mode
[   26.170291] pimreg: entered allmulticast mode
[   26.194157] pimreg: entered allmulticast mode
[   26.222051] pimreg: entered allmulticast mode
[   26.270046] pimreg: entered allmulticast mode
[   26.278791] pimreg: left allmulticast mode
[   26.279102] pimreg: left allmulticast mode
[   26.279415] pimreg: left allmulticast mode
[   26.279733] pimreg: left allmulticast mode
[   26.280035] pimreg: left allmulticast mode
[   26.280351] pimreg: left allmulticast mode
[   26.280651] pimreg: left allmulticast mode
[   26.280949] pimreg: left allmulticast mode
[   26.281251] pimreg: left allmulticast mode
[   26.295147] pimreg: entered allmulticast mode
[   26.319093] pimreg: entered allmulticast mode
[   26.346711] pimreg: entered allmulticast mode
[   26.370369] pimreg: entered allmulticast mode
[   26.402598] pimreg: entered allmulticast mode
[   26.441987] pimreg: entered allmulticast mode
[   26.474114] pimreg: entered allmulticast mode
[   26.513910] pimreg: entered allmulticast mode
[   26.538044] pimreg: entered allmulticast mode
[   26.554391] pimreg: entered allmulticast mode
[   26.559068] pimreg: left allmulticast mode
[   26.559392] pimreg: left allmulticast mode
[   26.559668] pimreg: left allmulticast mode
[   26.559953] pimreg: left allmulticast mode
[   26.560262] pimreg: left allmulticast mode
[   26.560564] pimreg: left allmulticast mode
[   26.560862] pimreg: left allmulticast mode
[   26.561163] pimreg: left allmulticast mode
[   26.574284] pimreg: entered allmulticast mode
[   26.623189] pimreg: entered allmulticast mode
[   26.648749] pimreg: entered allmulticast mode
[   26.674229] pimreg: entered allmulticast mode
[   26.685953] pimreg: entered allmulticast mode
[   26.726143] pimreg: entered allmulticast mode
[   26.758030] pimreg: entered allmulticast mode
[   26.763319] pimreg: left allmulticast mode
[   26.763657] pimreg: left allmulticast mode
[   26.763966] pimreg: left allmulticast mode
[   26.764283] pimreg: left allmulticast mode
[   26.764594] pimreg: left allmulticast mode
[   26.764904] pimreg: left allmulticast mode
[   26.765212] pimreg: left allmulticast mode
[   26.786124] pimreg: entered allmulticast mode
[   26.814853] pimreg: entered allmulticast mode
[   26.828778] pimreg: entered allmulticast mode
[   26.846996] pimreg: entered allmulticast mode
[   26.870023] pimreg: entered allmulticast mode
[   26.909942] pimreg: entered allmulticast mode
[   26.938005] pimreg: entered allmulticast mode
[   26.966587] pimreg: entered allmulticast mode
[   26.971090] pimreg: left allmulticast mode
[   26.971407] pimreg: left allmulticast mode
[   26.971683] pimreg: left allmulticast mode
[   26.971968] pimreg: left allmulticast mode
[   26.972282] pimreg: left allmulticast mode
[   26.972588] pimreg: left allmulticast mode
[   26.972887] pimreg: left allmulticast mode
[   26.973193] pimreg: left allmulticast mode
[   26.986841] pimreg: entered allmulticast mode
[   27.039383] pimreg: entered allmulticast mode
[   27.066605] pimreg: entered allmulticast mode
[   27.097911] pimreg: entered allmulticast mode
[   27.141786] pimreg: entered allmulticast mode
[   27.178485] pimreg: entered allmulticast mode
[   27.202060] pimreg: entered allmulticast mode
[   27.226169] pimreg: entered allmulticast mode
[   27.231328] pimreg: left allmulticast mode
[   27.231650] pimreg: left allmulticast mode
[   27.231965] pimreg: left allmulticast mode
[   27.232274] pimreg: left allmulticast mode
[   27.232582] pimreg: left allmulticast mode
[   27.232882] pimreg: left allmulticast mode
[   27.233195] pimreg: left allmulticast mode
[   27.233494] pimreg: left allmulticast mode
[   27.253982] pimreg: entered allmulticast mode
[   27.281376] pimreg: entered allmulticast mode
[   27.298318] pimreg: entered allmulticast mode
[   27.330150] pimreg: entered allmulticast mode
[   27.362181] pimreg: entered allmulticast mode
[   27.381870] pimreg: entered allmulticast mode
[   27.413871] pimreg: entered allmulticast mode
[   27.451278] pimreg: left allmulticast mode
[   27.451576] pimreg: left allmulticast mode
[   27.451862] pimreg: left allmulticast mode
[   27.452166] pimreg: left allmulticast mode
[   27.452478] pimreg: left allmulticast mode
[   27.452811] pimreg: left allmulticast mode
[   27.453122] pimreg: left allmulticast mode
[   27.453426] pimreg: left allmulticast mode
[   27.466352] pimreg: entered allmulticast mode
[   27.487982] pimreg: entered allmulticast mode
[   27.511796] pimreg: entered allmulticast mode
[   27.549471] pimreg: entered allmulticast mode
[   27.574869] pimreg: entered allmulticast mode
[   27.594391] pimreg: entered allmulticast mode
[   27.621636] pimreg: entered allmulticast mode
[   27.646465] pimreg: entered allmulticast mode
[   27.667672] pimreg: entered allmulticast mode
[   27.675183] pimreg: left allmulticast mode
[   27.675509] pimreg: left allmulticast mode
[   27.675819] pimreg: left allmulticast mode
[   27.676129] pimreg: left allmulticast mode
[   27.676442] pimreg: left allmulticast mode
[   27.676753] pimreg: left allmulticast mode
[   27.677518] pimreg: left allmulticast mode
[   27.677879] pimreg: left allmulticast mode
[   27.678188] pimreg: left allmulticast mode
[   27.693097] pimreg: entered allmulticast mode
[   27.719598] pimreg: entered allmulticast mode
[   27.752156] pimreg: entered allmulticast mode
[   27.769938] pimreg: entered allmulticast mode
[   27.789957] pimreg: entered allmulticast mode
[   27.817931] pimreg: entered allmulticast mode
[   27.870304] pimreg: entered allmulticast mode
[   27.870583] clocksource: Watchdog remote CPU 1 read timed out
[   27.901890] pimreg: entered allmulticast mode
[   27.934017] pimreg: entered allmulticast mode
[   27.978100] pimreg: entered allmulticast mode
[   27.983435] pimreg: left allmulticast mode
[   27.983763] pimreg: left allmulticast mode
[   27.984061] pimreg: left allmulticast mode
[   27.984375] pimreg: left allmulticast mode
[   27.984678] pimreg: left allmulticast mode
[   27.984985] pimreg: left allmulticast mode
[   27.985293] pimreg: left allmulticast mode
[   27.985595] pimreg: left allmulticast mode
[   27.985899] pimreg: left allmulticast mode
[   28.001684] pimreg: entered allmulticast mode
[   28.036458] pimreg: entered allmulticast mode
[   28.066504] pimreg: entered allmulticast mode
[   28.090230] pimreg: entered allmulticast mode
[   28.130120] pimreg: entered allmulticast mode
[   28.158202] pimreg: entered allmulticast mode
[   28.186364] pimreg: entered allmulticast mode
[   28.210573] pimreg: entered allmulticast mode
[   28.238671] pimreg: entered allmulticast mode
[   28.251480] pimreg: left allmulticast mode
[   28.251823] pimreg: left allmulticast mode
[   28.252152] pimreg: left allmulticast mode
[   28.252462] pimreg: left allmulticast mode
[   28.252765] pimreg: left allmulticast mode
[   28.253076] pimreg: left allmulticast mode
[   28.253373] pimreg: left allmulticast mode
[   28.253674] pimreg: left allmulticast mode
[   28.253984] pimreg: left allmulticast mode
[   28.254342] pimreg: left allmulticast mode
[   28.270316] pimreg: entered allmulticast mode
[   28.294369] pimreg: entered allmulticast mode
[   28.309321] pimreg: entered allmulticast mode
[   28.326002] pimreg: entered allmulticast mode
[   28.349996] pimreg: entered allmulticast mode
[   28.374097] pimreg: entered allmulticast mode
[   28.413964] pimreg: entered allmulticast mode
[   28.438153] pimreg: entered allmulticast mode
[   28.470096] pimreg: entered allmulticast mode
[   28.494197] pimreg: entered allmulticast mode
[   28.507601] pimreg: left allmulticast mode
[   28.507929] pimreg: left allmulticast mode
[   28.508223] pimreg: left allmulticast mode
[   28.508507] pimreg: left allmulticast mode
[   28.508779] pimreg: left allmulticast mode
[   28.509089] pimreg: left allmulticast mode
[   28.509393] pimreg: left allmulticast mode
[   28.509697] pimreg: left allmulticast mode
[   28.510000] pimreg: left allmulticast mode
[   28.510370] pimreg: left allmulticast mode
[   28.526969] pimreg: entered allmulticast mode
[   28.557528] pimreg: entered allmulticast mode
[   28.592072] pimreg: entered allmulticast mode
[   28.614000] pimreg: entered allmulticast mode
[   28.646356] pimreg: entered allmulticast mode
[   28.666153] pimreg: entered allmulticast mode
[   28.690202] pimreg: entered allmulticast mode
[   28.710127] pimreg: entered allmulticast mode
[   28.730112] pimreg: entered allmulticast mode
[   28.759238] pimreg: left allmulticast mode
[   28.759795] pimreg: left allmulticast mode
[   28.760163] pimreg: left allmulticast mode
[   28.760489] pimreg: left allmulticast mode
[   28.761078] pimreg: left allmulticast mode
[   28.761364] pimreg: left allmulticast mode
[   28.761642] pimreg: left allmulticast mode
[   28.761919] pimreg: left allmulticast mode
[   28.762240] pimreg: left allmulticast mode
[   28.762623] pimreg: left allmulticast mode
[   28.778095] pimreg: entered allmulticast mode
[   28.812657] pimreg: entered allmulticast mode
[   28.823038] pimreg: entered allmulticast mode
[   28.850909] pimreg: entered allmulticast mode
[   28.861907] pimreg: entered allmulticast mode
[   28.894047] pimreg: entered allmulticast mode
[   28.922073] pimreg: entered allmulticast mode
[   28.949776] pimreg: entered allmulticast mode
[   28.990218] pimreg: entered allmulticast mode
[   28.995457] pimreg: left allmulticast mode
[   28.995784] pimreg: left allmulticast mode
[   28.996110] pimreg: left allmulticast mode
[   28.996413] pimreg: left allmulticast mode
[   28.996712] pimreg: left allmulticast mode
[   28.997344] pimreg: left allmulticast mode
[   28.997657] pimreg: left allmulticast mode
[   28.997966] pimreg: left allmulticast mode
[   29.011146] pimreg: entered allmulticast mode
[   29.034179] pimreg: entered allmulticast mode
[   29.061403] pimreg: entered allmulticast mode
[   29.090689] pimreg: entered allmulticast mode
[   29.110700] pimreg: entered allmulticast mode
[   29.135100] pimreg: left allmulticast mode
[   29.135444] pimreg: left allmulticast mode
[   29.135770] pimreg: left allmulticast mode
[   29.136111] pimreg: left allmulticast mode
[   29.137539] pimreg: left allmulticast mode
[   29.147528] pimreg: entered allmulticast mode
[   29.189048] pimreg: entered allmulticast mode
[   29.198784] pimreg: entered allmulticast mode
[   29.218466] pimreg: entered allmulticast mode
[   29.250736] pimreg: entered allmulticast mode
[   29.269946] pimreg: entered allmulticast mode
[   29.294305] pimreg: entered allmulticast mode
[   29.298830] pimreg: left allmulticast mode
[   29.299150] pimreg: left allmulticast mode
[   29.299441] pimreg: left allmulticast mode
[   29.299745] pimreg: left allmulticast mode
[   29.300066] pimreg: left allmulticast mode
[   29.300378] pimreg: left allmulticast mode
[   29.312210] pimreg: entered allmulticast mode
[   29.349115] pimreg: entered allmulticast mode
[   29.393725] pimreg: entered allmulticast mode
[   29.414049] pimreg: entered allmulticast mode
[   29.450782] pimreg: entered allmulticast mode
[   29.477913] pimreg: entered allmulticast mode
[   29.509887] pimreg: entered allmulticast mode
[   29.519752] pimreg: left allmulticast mode
[   29.520193] pimreg: left allmulticast mode
[   29.520503] pimreg: left allmulticast mode
[   29.520817] pimreg: left allmulticast mode
[   29.521120] pimreg: left allmulticast mode
[   29.521420] pimreg: left allmulticast mode
[   29.521720] pimreg: left allmulticast mode
[   29.522029] pimreg: left allmulticast mode
[   29.535492] pimreg: entered allmulticast mode
[   29.560068] pimreg: entered allmulticast mode
[   29.583614] pimreg: entered allmulticast mode
[   29.602225] pimreg: entered allmulticast mode
[   29.622401] pimreg: entered allmulticast mode
[   29.642159] pimreg: entered allmulticast mode
[   29.662373] pimreg: entered allmulticast mode
[   29.690025] pimreg: entered allmulticast mode
[   29.710993] pimreg: left allmulticast mode
[   29.711308] pimreg: left allmulticast mode
[   29.711587] pimreg: left allmulticast mode
[   29.711872] pimreg: left allmulticast mode
[   29.712155] pimreg: left allmulticast mode
[   29.713494] pimreg: left allmulticast mode
[   29.713760] pimreg: left allmulticast mode
[   29.714039] pimreg: left allmulticast mode
[   29.727068] pimreg: entered allmulticast mode
[   29.747583] pimreg: entered allmulticast mode
[   29.758574] pimreg: entered allmulticast mode
[   29.777888] pimreg: entered allmulticast mode
[   29.810226] pimreg: entered allmulticast mode
[   29.834275] pimreg: entered allmulticast mode
[   29.858137] pimreg: entered allmulticast mode
[   29.881967] pimreg: entered allmulticast mode
[   29.918340] pimreg: entered allmulticast mode
[   29.923117] pimreg: left allmulticast mode
[   29.923447] pimreg: left allmulticast mode
[   29.923757] pimreg: left allmulticast mode
[   29.924084] pimreg: left allmulticast mode
[   29.924379] pimreg: left allmulticast mode
[   29.924688] pimreg: left allmulticast mode
[   29.925233] pimreg: left allmulticast mode
[   29.925569] pimreg: left allmulticast mode
[   29.925871] pimreg: left allmulticast mode
[   29.940878] pimreg: entered allmulticast mode
[   29.968220] pimreg: entered allmulticast mode
[   29.989532] pimreg: entered allmulticast mode
[   30.011635] pimreg: entered allmulticast mode
[   30.025659] pimreg: entered allmulticast mode
[   30.065916] pimreg: entered allmulticast mode
[   30.122200] pimreg: entered allmulticast mode
[   30.158205] pimreg: entered allmulticast mode
[   30.164336] pimreg: left allmulticast mode
[   30.164670] pimreg: left allmulticast mode
[   30.165121] pimreg: left allmulticast mode
[   30.165443] pimreg: left allmulticast mode
[   30.165744] pimreg: left allmulticast mode
[   30.166053] pimreg: left allmulticast mode
[   30.166380] pimreg: left allmulticast mode
[   30.181545] pimreg: entered allmulticast mode
[   30.207081] pimreg: entered allmulticast mode
[   30.231820] pimreg: entered allmulticast mode
[   30.258130] pimreg: entered allmulticast mode
[   30.298534] pimreg: entered allmulticast mode
[   30.330226] pimreg: entered allmulticast mode
[   30.357920] pimreg: entered allmulticast mode
[   30.371281] pimreg: left allmulticast mode
[   30.371606] pimreg: left allmulticast mode
[   30.371911] pimreg: left allmulticast mode
[   30.372221] pimreg: left allmulticast mode
[   30.372589] pimreg: left allmulticast mode
[   30.372933] pimreg: left allmulticast mode
[   30.373246] pimreg: left allmulticast mode
[   30.373550] pimreg: left allmulticast mode
[   30.387441] pimreg: entered allmulticast mode
[   30.419504] pimreg: entered allmulticast mode
[   30.469128] pimreg: entered allmulticast mode
[   30.485944] pimreg: entered allmulticast mode
[   30.518364] pimreg: entered allmulticast mode
[   30.538079] pimreg: entered allmulticast mode
[   30.570021] pimreg: entered allmulticast mode
[   30.606158] pimreg: entered allmulticast mode
[   30.623052] pimreg: left allmulticast mode
[   30.623353] pimreg: left allmulticast mode
[   30.623659] pimreg: left allmulticast mode
[   30.623973] pimreg: left allmulticast mode
[   30.624281] pimreg: left allmulticast mode
[   30.624593] pimreg: left allmulticast mode
[   30.624898] pimreg: left allmulticast mode
[   30.625205] pimreg: left allmulticast mode
[   30.637821] pimreg: entered allmulticast mode
[   30.663333] pimreg: entered allmulticast mode
[   30.691329] pimreg: entered allmulticast mode
[   30.714420] pimreg: entered allmulticast mode
[   30.742074] pimreg: entered allmulticast mode
[   30.765921] pimreg: entered allmulticast mode
[   30.802463] pimreg: entered allmulticast mode
[   30.845774] pimreg: entered allmulticast mode
[   30.875035] pimreg: left allmulticast mode
[   30.875352] pimreg: left allmulticast mode
[   30.875629] pimreg: left allmulticast mode
[   30.875909] pimreg: left allmulticast mode
[   30.876198] pimreg: left allmulticast mode
[   30.876569] pimreg: left allmulticast mode
[   30.876855] pimreg: left allmulticast mode
[   30.877540] pimreg: left allmulticast mode
[   30.890986] pimreg: entered allmulticast mode
[   30.922598] pimreg: entered allmulticast mode
[   30.934556] pimreg: entered allmulticast mode
[   30.966757] pimreg: entered allmulticast mode
[   30.994367] pimreg: entered allmulticast mode
[   31.013678] pimreg: entered allmulticast mode
[   31.046432] pimreg: entered allmulticast mode
[   31.069883] pimreg: entered allmulticast mode
[   31.114451] pimreg: entered allmulticast mode
[   31.119293] pimreg: left allmulticast mode
[   31.119631] pimreg: left allmulticast mode
[   31.119956] pimreg: left allmulticast mode
[   31.120264] pimreg: left allmulticast mode
[   31.120567] pimreg: left allmulticast mode
[   31.120847] pimreg: left allmulticast mode
[   31.121140] pimreg: left allmulticast mode
[   31.121411] pimreg: left allmulticast mode
[   31.137703] pimreg: entered allmulticast mode
[   31.171066] pimreg: entered allmulticast mode
[   31.194691] pimreg: entered allmulticast mode
[   31.226899] pimreg: entered allmulticast mode
[   31.246150] pimreg: entered allmulticast mode
[   31.270192] pimreg: entered allmulticast mode
[   31.290445] pimreg: entered allmulticast mode
[   31.323640] pimreg: left allmulticast mode
[   31.323960] pimreg: left allmulticast mode
[   31.324230] pimreg: left allmulticast mode
[   31.324502] pimreg: left allmulticast mode
[   31.324774] pimreg: left allmulticast mode
[   31.325139] pimreg: left allmulticast mode
[   31.325411] pimreg: left allmulticast mode
[   31.325684] pimreg: left allmulticast mode
[   31.338510] pimreg: entered allmulticast mode
[   31.359011] pimreg: entered allmulticast mode
[   31.402575] pimreg: entered allmulticast mode
[   31.426685] pimreg: entered allmulticast mode
[   31.465803] pimreg: entered allmulticast mode
[   31.493691] pimreg: entered allmulticast mode
[   31.522042] pimreg: entered allmulticast mode
[   31.546329] pimreg: entered allmulticast mode
[   31.570007] pimreg: entered allmulticast mode
[   31.575421] pimreg: left allmulticast mode
[   31.575937] pimreg: left allmulticast mode
[   31.576251] pimreg: left allmulticast mode
[   31.576548] pimreg: left allmulticast mode
[   31.576848] pimreg: left allmulticast mode
[   31.577157] pimreg: left allmulticast mode
[   31.577456] pimreg: left allmulticast mode
[   31.577764] pimreg: left allmulticast mode
[   31.593676] pimreg: entered allmulticast mode
[   31.627426] pimreg: entered allmulticast mode
[   31.650073] pimreg: entered allmulticast mode
[   31.678139] pimreg: entered allmulticast mode
[   31.702132] pimreg: entered allmulticast mode
[   31.726126] pimreg: entered allmulticast mode
[   31.746203] pimreg: entered allmulticast mode
[   31.774591] pimreg: entered allmulticast mode
[   31.799043] pimreg: left allmulticast mode
[   31.799365] pimreg: left allmulticast mode
[   31.799674] pimreg: left allmulticast mode
[   31.800000] pimreg: left allmulticast mode
[   31.800947] pimreg: left allmulticast mode
[   31.801320] pimreg: left allmulticast mode
[   31.801631] pimreg: left allmulticast mode
[   31.801939] pimreg: left allmulticast mode
[   31.802237] pimreg: left allmulticast mode
[   31.815885] pimreg: entered allmulticast mode
[   31.832538] pimreg: entered allmulticast mode
[   31.845381] pimreg: entered allmulticast mode
[   31.877746] pimreg: entered allmulticast mode
[   31.913673] pimreg: entered allmulticast mode
[   31.937697] pimreg: entered allmulticast mode
[   31.970317] pimreg: entered allmulticast mode
[   32.005926] pimreg: entered allmulticast mode
[   32.033995] pimreg: entered allmulticast mode
[   32.064184] pimreg: left allmulticast mode
[   32.064664] pimreg: left allmulticast mode
[   32.064970] pimreg: left allmulticast mode
[   32.065275] pimreg: left allmulticast mode
[   32.065576] pimreg: left allmulticast mode
[   32.065882] pimreg: left allmulticast mode
[   32.066196] pimreg: left allmulticast mode
[   32.066560] pimreg: left allmulticast mode
[   32.066859] pimreg: left allmulticast mode
[   32.081729] pimreg: entered allmulticast mode
[   32.109183] pimreg: entered allmulticast mode
[   32.125947] pimreg: entered allmulticast mode
[   32.146220] pimreg: entered allmulticast mode
[   32.170240] pimreg: entered allmulticast mode
[   32.190308] pimreg: entered allmulticast mode
[   32.210475] pimreg: entered allmulticast mode
[   32.234123] pimreg: entered allmulticast mode
[   32.258123] pimreg: entered allmulticast mode
[   32.274043] pimreg: entered allmulticast mode
[   32.279566] pimreg: left allmulticast mode
[   32.280102] pimreg: left allmulticast mode
[   32.280426] pimreg: left allmulticast mode
[   32.280730] pimreg: left allmulticast mode
[   32.281036] pimreg: left allmulticast mode
[   32.281336] pimreg: left allmulticast mode
[   32.281639] pimreg: left allmulticast mode
[   32.281955] pimreg: left allmulticast mode
[   32.282302] pimreg: left allmulticast mode
[   32.297657] pimreg: entered allmulticast mode
[   32.331795] pimreg: entered allmulticast mode
[   32.354380] pimreg: entered allmulticast mode
[   32.377468] pimreg: entered allmulticast mode
[   32.402414] pimreg: entered allmulticast mode
[   32.426266] pimreg: entered allmulticast mode
[   32.461651] pimreg: entered allmulticast mode
[   32.502090] pimreg: entered allmulticast mode
[   32.530322] pimreg: entered allmulticast mode
[   32.547375] pimreg: left allmulticast mode
[   32.547692] pimreg: left allmulticast mode
[   32.548017] pimreg: left allmulticast mode
[   32.548309] pimreg: left allmulticast mode
[   32.548618] pimreg: left allmulticast mode
[   32.548921] pimreg: left allmulticast mode
[   32.549218] pimreg: left allmulticast mode
[   32.549518] pimreg: left allmulticast mode
[   32.549818] pimreg: left allmulticast mode
[   32.550117] pimreg: left allmulticast mode
[   32.565577] pimreg: entered allmulticast mode
[   32.593166] pimreg: entered allmulticast mode
[   32.610193] pimreg: entered allmulticast mode
[   32.623966] pimreg: entered allmulticast mode
[   32.645962] pimreg: entered allmulticast mode
[   32.685986] pimreg: entered allmulticast mode
[   32.710060] pimreg: entered allmulticast mode
[   32.730491] pimreg: entered allmulticast mode
[   32.766229] pimreg: entered allmulticast mode
[   32.790366] pimreg: entered allmulticast mode
[   32.814546] pimreg: entered allmulticast mode
[   32.828131] pimreg: left allmulticast mode
[   32.828457] pimreg: left allmulticast mode
[   32.828738] pimreg: left allmulticast mode
[   32.829059] pimreg: left allmulticast mode
[   32.829361] pimreg: left allmulticast mode
[   32.829661] pimreg: left allmulticast mode
[   32.829957] pimreg: left allmulticast mode
[   32.830281] pimreg: left allmulticast mode
[   32.830601] pimreg: left allmulticast mode
[   32.830911] pimreg: left allmulticast mode
[   32.831212] pimreg: left allmulticast mode
[   32.848499] pimreg: entered allmulticast mode
[   32.889735] pimreg: entered allmulticast mode
[   32.923366] pimreg: entered allmulticast mode
[   32.962500] pimreg: entered allmulticast mode
[   32.997956] pimreg: entered allmulticast mode
[   33.034171] pimreg: entered allmulticast mode
[   33.069959] pimreg: entered allmulticast mode
[   33.093829] pimreg: entered allmulticast mode
[   33.122056] pimreg: entered allmulticast mode
[   33.146605] pimreg: entered allmulticast mode
[   33.160055] pimreg: left allmulticast mode
[   33.160507] pimreg: left allmulticast mode
[   33.160777] pimreg: left allmulticast mode
[   33.161054] pimreg: left allmulticast mode
[   33.161341] pimreg: left allmulticast mode
[   33.161646] pimreg: left allmulticast mode
[   33.161951] pimreg: left allmulticast mode
[   33.162277] pimreg: left allmulticast mode
[   33.162589] pimreg: left allmulticast mode
[   33.162899] pimreg: left allmulticast mode
[   33.179198] pimreg: entered allmulticast mode
[   33.213827] pimreg: entered allmulticast mode
[   33.235078] pimreg: entered allmulticast mode
[   33.247196] pimreg: entered allmulticast mode
[   33.275104] pimreg: left allmulticast mode
[   33.275426] pimreg: left allmulticast mode
[   33.275738] pimreg: left allmulticast mode
[   33.276056] pimreg: left allmulticast mode
[   33.284290] pimreg: entered allmulticast mode
[   33.299689] pimreg: entered allmulticast mode
[   33.327215] pimreg: entered allmulticast mode
[   33.337764] pimreg: entered allmulticast mode
[   33.359351] pimreg: left allmulticast mode
[   33.359682] pimreg: left allmulticast mode
[   33.360001] pimreg: left allmulticast mode
[   33.360308] pimreg: left allmulticast mode
[   33.368040] pimreg: entered allmulticast mode
[   33.399163] pimreg: entered allmulticast mode
[   33.438788] pimreg: entered allmulticast mode
[   33.462222] pimreg: entered allmulticast mode
[   33.485932] pimreg: entered allmulticast mode
[   33.510054] pimreg: entered allmulticast mode
[   33.515063] pimreg: left allmulticast mode
[   33.515414] pimreg: left allmulticast mode
[   33.515734] pimreg: left allmulticast mode
[   33.516078] pimreg: left allmulticast mode
[   33.516406] pimreg: left allmulticast mode
[   33.516993] pimreg: left allmulticast mode
[   33.528204] pimreg: entered allmulticast mode
[   33.556353] pimreg: entered allmulticast mode
[   33.577761] pimreg: entered allmulticast mode
[   33.594285] pimreg: entered allmulticast mode
[   33.614089] pimreg: entered allmulticast mode
[   33.638284] pimreg: entered allmulticast mode
[   33.661936] pimreg: entered allmulticast mode
[   33.703143] pimreg: left allmulticast mode
[   33.703478] pimreg: left allmulticast mode
[   33.703791] pimreg: left allmulticast mode
[   33.704081] pimreg: left allmulticast mode
[   33.704430] pimreg: left allmulticast mode
[   33.704869] pimreg: left allmulticast mode
[   33.705151] pimreg: left allmulticast mode
[   33.716806] pimreg: entered allmulticast mode
[   33.750852] pimreg: entered allmulticast mode
[   33.777716] pimreg: entered allmulticast mode
[   33.798274] pimreg: entered allmulticast mode
[   33.818096] pimreg: entered allmulticast mode
[   33.842227] pimreg: entered allmulticast mode
[   33.874171] pimreg: entered allmulticast mode
[   33.894187] pimreg: entered allmulticast mode
[   33.895076] pimreg: left allmulticast mode
[   33.895425] pimreg: left allmulticast mode
[   33.895749] pimreg: left allmulticast mode
[   33.896064] pimreg: left allmulticast mode
[   33.896364] pimreg: left allmulticast mode
[   33.896673] pimreg: left allmulticast mode
[   33.896973] pimreg: left allmulticast mode
[   33.897280] pimreg: left allmulticast mode
[   33.910348] pimreg: entered allmulticast mode
[   33.932211] pimreg: entered allmulticast mode
[   33.957057] pimreg: entered allmulticast mode
[   33.974234] pimreg: entered allmulticast mode
[   34.002193] pimreg: entered allmulticast mode
[   34.034094] pimreg: entered allmulticast mode
[   34.061853] pimreg: entered allmulticast mode
[   34.086156] pimreg: entered allmulticast mode
[   34.107250] pimreg: left allmulticast mode
[   34.107545] pimreg: left allmulticast mode
[   34.107835] pimreg: left allmulticast mode
[   34.108123] pimreg: left allmulticast mode
[   34.108411] pimreg: left allmulticast mode
[   34.108695] pimreg: left allmulticast mode
[   34.108969] pimreg: left allmulticast mode
[   34.109233] pimreg: left allmulticast mode
[   34.122306] pimreg: entered allmulticast mode
[   34.143855] pimreg: entered allmulticast mode
[   34.157541] pimreg: entered allmulticast mode
[   34.178406] pimreg: entered allmulticast mode
[   34.209728] pimreg: entered allmulticast mode
[   34.234283] pimreg: entered allmulticast mode
[   34.253980] pimreg: entered allmulticast mode
[   34.274042] pimreg: entered allmulticast mode
[   34.299263] pimreg: left allmulticast mode
[   34.299571] pimreg: left allmulticast mode
[   34.299895] pimreg: left allmulticast mode
[   34.300220] pimreg: left allmulticast mode
[   34.300531] pimreg: left allmulticast mode
[   34.300845] pimreg: left allmulticast mode
[   34.301151] pimreg: left allmulticast mode
[   34.301450] pimreg: left allmulticast mode
[   34.314605] pimreg: entered allmulticast mode
[   34.340138] pimreg: entered allmulticast mode
[   34.365124] pimreg: entered allmulticast mode
[   34.390468] pimreg: entered allmulticast mode
[   34.429973] pimreg: entered allmulticast mode
[   34.466115] pimreg: entered allmulticast mode
[   34.494478] pimreg: entered allmulticast mode
[   34.518112] pimreg: entered allmulticast mode
[   34.539041] pimreg: left allmulticast mode
[   34.539363] pimreg: left allmulticast mode
[   34.539672] pimreg: left allmulticast mode
[   34.540001] pimreg: left allmulticast mode
[   34.540317] pimreg: left allmulticast mode
[   34.540645] pimreg: left allmulticast mode
[   34.540961] pimreg: left allmulticast mode
[   34.541614] pimreg: left allmulticast mode
[   34.554938] pimreg: entered allmulticast mode
[   34.591205] pimreg: entered allmulticast mode
[   34.613594] pimreg: entered allmulticast mode
[   34.639934] pimreg: entered allmulticast mode
[   34.662791] pimreg: entered allmulticast mode
[   34.691234] pimreg: left allmulticast mode
[   34.691530] pimreg: left allmulticast mode
[   34.691803] pimreg: left allmulticast mode
[   34.692077] pimreg: left allmulticast mode
[   34.692359] pimreg: left allmulticast mode
[   34.701579] pimreg: entered allmulticast mode
[   34.728975] pimreg: entered allmulticast mode
[   34.753997] pimreg: entered allmulticast mode
[   34.774366] pimreg: entered allmulticast mode
[   34.786385] pimreg: entered allmulticast mode
[   34.810198] pimreg: entered allmulticast mode
[   34.830813] pimreg: left allmulticast mode
[   34.831521] pimreg: left allmulticast mode
[   34.831882] pimreg: left allmulticast mode
[   34.832197] pimreg: left allmulticast mode
[   34.833454] pimreg: left allmulticast mode
[   34.833787] pimreg: left allmulticast mode
[   34.844601] pimreg: entered allmulticast mode
[   34.899155] pimreg: entered allmulticast mode
[   34.924230] pimreg: entered allmulticast mode
[   34.946539] pimreg: entered allmulticast mode
[   35.002351] pimreg: entered allmulticast mode
[   35.026336] pimreg: entered allmulticast mode
[   35.045750] pimreg: entered allmulticast mode
[   35.055469] pimreg: left allmulticast mode
[   35.055804] pimreg: left allmulticast mode
[   35.056083] pimreg: left allmulticast mode
[   35.056365] pimreg: left allmulticast mode
[   35.056641] pimreg: left allmulticast mode
[   35.056929] pimreg: left allmulticast mode
[   35.057202] pimreg: left allmulticast mode
[   35.069873] pimreg: entered allmulticast mode
[   35.095035] pimreg: entered allmulticast mode
[   35.128045] pimreg: entered allmulticast mode
[   35.154286] pimreg: entered allmulticast mode
[   35.174208] pimreg: entered allmulticast mode
[   35.194094] pimreg: entered allmulticast mode
[   35.222168] pimreg: entered allmulticast mode
[   35.242211] pimreg: entered allmulticast mode
[   35.242826] pimreg: left allmulticast mode
[   35.243178] pimreg: left allmulticast mode
[   35.243475] pimreg: left allmulticast mode
[   35.243782] pimreg: left allmulticast mode
[   35.244098] pimreg: left allmulticast mode
[   35.244423] pimreg: left allmulticast mode
[   35.244731] pimreg: left allmulticast mode
[   35.256607] pimreg: entered allmulticast mode
[   35.275096] pimreg: entered allmulticast mode
[   35.309103] pimreg: entered allmulticast mode
[   35.319364] pimreg: entered allmulticast mode
[   35.350100] pimreg: entered allmulticast mode
[   35.374168] pimreg: entered allmulticast mode
[   35.402173] pimreg: entered allmulticast mode
[   35.421879] pimreg: entered allmulticast mode
[   35.426932] pimreg: left allmulticast mode
[   35.427269] pimreg: left allmulticast mode
[   35.427583] pimreg: left allmulticast mode
[   35.427897] pimreg: left allmulticast mode
[   35.428208] pimreg: left allmulticast mode
[   35.428517] pimreg: left allmulticast mode
[   35.428821] pimreg: left allmulticast mode
[   35.429129] pimreg: left allmulticast mode
[   35.429437] pimreg: left allmulticast mode
[   35.445667] pimreg: entered allmulticast mode
[   35.479867] pimreg: entered allmulticast mode
[   35.503174] pimreg: entered allmulticast mode
[   35.514580] pimreg: entered allmulticast mode
[   35.533992] pimreg: entered allmulticast mode
[   35.554304] pimreg: entered allmulticast mode
[   35.559436] pimreg: left allmulticast mode
[   35.559756] pimreg: left allmulticast mode
[   35.560083] pimreg: left allmulticast mode
[   35.560393] pimreg: left allmulticast mode
[   35.560698] pimreg: left allmulticast mode
[   35.561156] pimreg: left allmulticast mode
[   35.572159] pimreg: entered allmulticast mode
[   35.615727] pimreg: entered allmulticast mode
[   35.638186] pimreg: entered allmulticast mode
[   35.651797] pimreg: entered allmulticast mode
[   35.674446] pimreg: entered allmulticast mode
[   35.697910] pimreg: entered allmulticast mode
[   35.753920] pimreg: entered allmulticast mode
[   35.794456] pimreg: entered allmulticast mode
[   35.803272] pimreg: left allmulticast mode
[   35.803604] pimreg: left allmulticast mode
[   35.803893] pimreg: left allmulticast mode
[   35.804197] pimreg: left allmulticast mode
[   35.804505] pimreg: left allmulticast mode
[   35.804811] pimreg: left allmulticast mode
[   35.805123] pimreg: left allmulticast mode
[   35.818983] pimreg: entered allmulticast mode
[   35.849809] pimreg: entered allmulticast mode
[   35.875809] pimreg: entered allmulticast mode
[   35.894042] pimreg: entered allmulticast mode
[   35.934283] pimreg: entered allmulticast mode
[   35.978158] pimreg: entered allmulticast mode
[   36.014142] pimreg: entered allmulticast mode
[   36.039625] pimreg: entered allmulticast mode
[   36.051194] pimreg: left allmulticast mode
[   36.051520] pimreg: left allmulticast mode
[   36.051844] pimreg: left allmulticast mode
[   36.052139] pimreg: left allmulticast mode
[   36.052450] pimreg: left allmulticast mode
[   36.052766] pimreg: left allmulticast mode
[   36.053282] pimreg: left allmulticast mode
[   36.053571] pimreg: left allmulticast mode
[   36.053854] pimreg: left allmulticast mode
[   36.068619] pimreg: entered allmulticast mode
[   36.107068] pimreg: entered allmulticast mode
[   36.149887] pimreg: entered allmulticast mode
[   36.170719] pimreg: entered allmulticast mode
[   36.201756] pimreg: entered allmulticast mode
[   36.218122] pimreg: entered allmulticast mode
[   36.242237] pimreg: entered allmulticast mode
[   36.262203] pimreg: entered allmulticast mode
[   36.286303] pimreg: entered allmulticast mode
[   36.307138] pimreg: left allmulticast mode
[   36.307467] pimreg: left allmulticast mode
[   36.307780] pimreg: left allmulticast mode
[   36.308081] pimreg: left allmulticast mode
[   36.309495] pimreg: left allmulticast mode
[   36.309830] pimreg: left allmulticast mode
[   36.310138] pimreg: left allmulticast mode
[   36.310489] pimreg: left allmulticast mode
[   36.310801] pimreg: left allmulticast mode
[   36.324837] pimreg: entered allmulticast mode
[   36.371515] pimreg: entered allmulticast mode
[   36.401598] pimreg: entered allmulticast mode
[   36.435349] pimreg: entered allmulticast mode
[   36.454005] pimreg: entered allmulticast mode
[   36.486074] pimreg: entered allmulticast mode
[   36.510122] pimreg: entered allmulticast mode
[   36.534148] pimreg: entered allmulticast mode
[   36.538945] pimreg: left allmulticast mode
[   36.539299] pimreg: left allmulticast mode
[   36.539634] pimreg: left allmulticast mode
[   36.539967] pimreg: left allmulticast mode
[   36.540292] pimreg: left allmulticast mode
[   36.540611] pimreg: left allmulticast mode
[   36.540941] pimreg: left allmulticast mode
[   36.557696] pimreg: entered allmulticast mode
[   36.578313] pimreg: entered allmulticast mode
[   36.603171] pimreg: entered allmulticast mode
[   36.642145] pimreg: entered allmulticast mode
[   36.682013] pimreg: entered allmulticast mode
[   36.709970] pimreg: entered allmulticast mode
[   36.738425] pimreg: entered allmulticast mode
[   36.778070] pimreg: entered allmulticast mode
[   36.811431] pimreg: left allmulticast mode
[   36.811779] pimreg: left allmulticast mode
[   36.812123] pimreg: left allmulticast mode
[   36.812671] pimreg: left allmulticast mode
[   36.813013] pimreg: left allmulticast mode
[   36.813321] pimreg: left allmulticast mode
[   36.813632] pimreg: left allmulticast mode
[   36.813946] pimreg: left allmulticast mode
[   36.814372] pimreg: left allmulticast mode
[   36.828271] pimreg: entered allmulticast mode
[   36.863841] pimreg: entered allmulticast mode
[   36.889802] pimreg: entered allmulticast mode
[   36.915245] pimreg: entered allmulticast mode
[   36.938074] pimreg: entered allmulticast mode
[   36.951131] pimreg: left allmulticast mode
[   36.951454] pimreg: left allmulticast mode
[   36.951765] pimreg: left allmulticast mode
[   36.952071] pimreg: left allmulticast mode
[   36.952384] pimreg: left allmulticast mode
[   36.961692] pimreg: entered allmulticast mode
[   36.985792] pimreg: entered allmulticast mode
[   37.019696] pimreg: entered allmulticast mode
[   37.042455] pimreg: entered allmulticast mode
[   37.086381] pimreg: entered allmulticast mode
[   37.121896] pimreg: entered allmulticast mode
[   37.142851] pimreg: left allmulticast mode
[   37.143170] pimreg: left allmulticast mode
[   37.143453] pimreg: left allmulticast mode
[   37.143771] pimreg: left allmulticast mode
[   37.144085] pimreg: left allmulticast mode
[   37.144489] pimreg: left allmulticast mode
[   37.154844] pimreg: entered allmulticast mode
[   37.172937] pimreg: entered allmulticast mode
[   37.188362] pimreg: entered allmulticast mode
[   37.218239] pimreg: entered allmulticast mode
[   37.238158] pimreg: entered allmulticast mode
[   37.258139] pimreg: entered allmulticast mode
[   37.278061] pimreg: entered allmulticast mode
[   37.295220] pimreg: left allmulticast mode
[   37.295565] pimreg: left allmulticast mode
[   37.296395] pimreg: left allmulticast mode
[   37.296837] pimreg: left allmulticast mode
[   37.297160] pimreg: left allmulticast mode
[   37.297460] pimreg: left allmulticast mode
[   37.297766] pimreg: left allmulticast mode
[   37.309556] pimreg: entered allmulticast mode
[   37.341286] pimreg: entered allmulticast mode
[   37.372091] pimreg: entered allmulticast mode
[   37.410437] pimreg: entered allmulticast mode
[   37.438112] pimreg: entered allmulticast mode
[   37.474625] pimreg: entered allmulticast mode
[   37.501707] pimreg: entered allmulticast mode
[   37.547757] pimreg: entered allmulticast mode
[   37.555678] pimreg: left allmulticast mode
[   37.556010] pimreg: left allmulticast mode
[   37.556318] pimreg: left allmulticast mode
[   37.556620] pimreg: left allmulticast mode
[   37.556933] pimreg: left allmulticast mode
[   37.557246] pimreg: left allmulticast mode
[   37.557615] pimreg: left allmulticast mode
[   37.558584] pimreg: left allmulticast mode
[   37.571630] pimreg: entered allmulticast mode
[   37.606538] pimreg: entered allmulticast mode
[   37.647642] pimreg: entered allmulticast mode
[   37.658740] pimreg: entered allmulticast mode
[   37.681789] pimreg: entered allmulticast mode
[   37.706236] pimreg: entered allmulticast mode
[   37.715968] pimreg: left allmulticast mode
[   37.716444] pimreg: left allmulticast mode
[   37.716768] pimreg: left allmulticast mode
[   37.717086] pimreg: left allmulticast mode
[   37.717388] pimreg: left allmulticast mode
[   37.727327] pimreg: entered allmulticast mode
[   37.751105] pimreg: entered allmulticast mode
[   37.761814] pimreg: entered allmulticast mode
[   37.786513] pimreg: entered allmulticast mode
[   37.810378] pimreg: entered allmulticast mode
[   37.842483] pimreg: entered allmulticast mode
[   37.877905] pimreg: entered allmulticast mode
[   37.883154] pimreg: left allmulticast mode
[   37.883476] pimreg: left allmulticast mode
[   37.883794] pimreg: left allmulticast mode
[   37.884108] pimreg: left allmulticast mode
[   37.884422] pimreg: left allmulticast mode
[   37.884736] pimreg: left allmulticast mode
[   37.885038] pimreg: left allmulticast mode
[   37.897760] pimreg: entered allmulticast mode
[   37.938695] pimreg: entered allmulticast mode
[   37.969716] pimreg: entered allmulticast mode
[   38.011245] pimreg: entered allmulticast mode
[   38.033891] pimreg: entered allmulticast mode
[   38.057961] pimreg: entered allmulticast mode
[   38.078412] pimreg: entered allmulticast mode
[   38.087201] pimreg: left allmulticast mode
[   38.087520] pimreg: left allmulticast mode
[   38.087835] pimreg: left allmulticast mode
[   38.088134] pimreg: left allmulticast mode
[   38.088445] pimreg: left allmulticast mode
[   38.088755] pimreg: left allmulticast mode
[   38.089520] pimreg: left allmulticast mode
[   38.089880] pimreg: left allmulticast mode
[   38.103490] pimreg: entered allmulticast mode
[   38.139395] pimreg: entered allmulticast mode
[   38.158568] pimreg: entered allmulticast mode
[   38.198703] pimreg: entered allmulticast mode
[   38.225800] pimreg: entered allmulticast mode
[   38.257752] pimreg: entered allmulticast mode
[   38.301844] pimreg: entered allmulticast mode
[   38.318470] pimreg: entered allmulticast mode
[   38.350167] pimreg: entered allmulticast mode
[   38.356051] pimreg: left allmulticast mode
[   38.356378] pimreg: left allmulticast mode
[   38.356695] pimreg: left allmulticast mode
[   38.357013] pimreg: left allmulticast mode
[   38.357318] pimreg: left allmulticast mode
[   38.357628] pimreg: left allmulticast mode
[   38.357940] pimreg: left allmulticast mode
[   38.358244] pimreg: left allmulticast mode
[   38.374480] pimreg: entered allmulticast mode
[   38.406542] pimreg: entered allmulticast mode
[   38.434840] pimreg: entered allmulticast mode
[   38.446540] pimreg: entered allmulticast mode
[   38.478438] pimreg: entered allmulticast mode
[   38.502023] pimreg: entered allmulticast mode
[   38.530570] pimreg: entered allmulticast mode
[   38.554333] pimreg: entered allmulticast mode
[   38.579358] pimreg: entered allmulticast mode
[   38.591968] pimreg: left allmulticast mode
[   38.592295] pimreg: left allmulticast mode
[   38.592608] pimreg: left allmulticast mode
[   38.592924] pimreg: left allmulticast mode
[   38.593240] pimreg: left allmulticast mode
[   38.593562] pimreg: left allmulticast mode
[   38.594381] pimreg: left allmulticast mode
[   38.594719] pimreg: left allmulticast mode
[   38.595308] pimreg: left allmulticast mode
[   38.595585] pimreg: left allmulticast mode
[   38.611772] pimreg: entered allmulticast mode
[   38.642325] pimreg: entered allmulticast mode
[   38.654855] pimreg: entered allmulticast mode
[   38.673346] pimreg: entered allmulticast mode
[   38.698147] pimreg: entered allmulticast mode
[   38.722078] pimreg: entered allmulticast mode
[   38.754173] pimreg: entered allmulticast mode
[   38.786478] pimreg: entered allmulticast mode
[   38.810288] pimreg: entered allmulticast mode
[   38.843003] pimreg: entered allmulticast mode
[   38.878046] pimreg: entered allmulticast mode
[   38.883809] pimreg: left allmulticast mode
[   38.884118] pimreg: left allmulticast mode
[   38.884424] pimreg: left allmulticast mode
[   38.884728] pimreg: left allmulticast mode
[   38.885035] pimreg: left allmulticast mode
[   38.885349] pimreg: left allmulticast mode
[   38.885654] pimreg: left allmulticast mode
[   38.885962] pimreg: left allmulticast mode
[   38.886293] pimreg: left allmulticast mode
[   38.886597] pimreg: left allmulticast mode
[   38.886909] pimreg: left allmulticast mode
[   38.903539] pimreg: entered allmulticast mode
[   38.934529] pimreg: entered allmulticast mode
[   38.947379] pimreg: entered allmulticast mode
[   38.963456] pimreg: entered allmulticast mode
[   38.973927] pimreg: entered allmulticast mode
[   39.002420] pimreg: entered allmulticast mode
[   39.041985] pimreg: entered allmulticast mode
[   39.070341] pimreg: entered allmulticast mode
[   39.090042] pimreg: entered allmulticast mode
[   39.118363] pimreg: entered allmulticast mode
[   39.123557] pimreg: left allmulticast mode
[   39.124076] pimreg: left allmulticast mode
[   39.124385] pimreg: left allmulticast mode
[   39.124694] pimreg: left allmulticast mode
[   39.125013] pimreg: left allmulticast mode
[   39.125319] pimreg: left allmulticast mode
[   39.125628] pimreg: left allmulticast mode
[   39.125945] pimreg: left allmulticast mode
[   39.126891] pimreg: left allmulticast mode
[   39.127268] pimreg: left allmulticast mode
[   39.142678] pimreg: entered allmulticast mode
[   39.172216] pimreg: entered allmulticast mode
[   39.207125] pimreg: entered allmulticast mode
[   39.234836] pimreg: entered allmulticast mode
[   39.253889] pimreg: entered allmulticast mode
[   39.278512] pimreg: entered allmulticast mode
[   39.298637] pimreg: entered allmulticast mode
[   39.330114] pimreg: entered allmulticast mode
[   39.354160] pimreg: entered allmulticast mode
[   39.390162] pimreg: entered allmulticast mode
[   39.404176] pimreg: left allmulticast mode
[   39.404508] pimreg: left allmulticast mode
[   39.404816] pimreg: left allmulticast mode
[   39.405130] pimreg: left allmulticast mode
[   39.405461] pimreg: left allmulticast mode
[   39.405792] pimreg: left allmulticast mode
[   39.406112] pimreg: left allmulticast mode
[   39.406479] pimreg: left allmulticast mode
[   39.406794] pimreg: left allmulticast mode
[   39.407103] pimreg: left allmulticast mode
[   39.423057] pimreg: entered allmulticast mode
[   39.455610] pimreg: entered allmulticast mode
[   39.479785] pimreg: entered allmulticast mode
[   39.506010] pimreg: entered allmulticast mode
[   39.517938] pimreg: entered allmulticast mode
[   39.537992] pimreg: entered allmulticast mode
[   39.558814] pimreg: entered allmulticast mode
[   39.575256] pimreg: left allmulticast mode
[   39.575581] pimreg: left allmulticast mode
[   39.575908] pimreg: left allmulticast mode
[   39.576751] pimreg: left allmulticast mode
[   39.577112] pimreg: left allmulticast mode
[   39.577422] pimreg: left allmulticast mode
[   39.577732] pimreg: left allmulticast mode
[   39.589523] pimreg: entered allmulticast mode
[   39.622350] pimreg: entered allmulticast mode
[   39.644859] pimreg: entered allmulticast mode
[   39.666203] pimreg: entered allmulticast mode
[   39.685564] pimreg: entered allmulticast mode
[   39.709800] pimreg: entered allmulticast mode
[   39.738452] pimreg: entered allmulticast mode
[   39.766005] pimreg: entered allmulticast mode
[   39.771233] pimreg: left allmulticast mode
[   39.771772] pimreg: left allmulticast mode
[   39.772069] pimreg: left allmulticast mode
[   39.772356] pimreg: left allmulticast mode
[   39.772650] pimreg: left allmulticast mode
[   39.772932] pimreg: left allmulticast mode
[   39.773208] pimreg: left allmulticast mode
[   39.793824] pimreg: entered allmulticast mode
[   39.818171] pimreg: entered allmulticast mode
[   39.831126] pimreg: entered allmulticast mode
[   39.866190] pimreg: entered allmulticast mode
[   39.878024] pimreg: entered allmulticast mode
[   39.909630] pimreg: entered allmulticast mode
[   39.915270] pimreg: left allmulticast mode
[   39.915749] pimreg: left allmulticast mode
[   39.916027] pimreg: left allmulticast mode
[   39.916336] pimreg: left allmulticast mode
[   39.916654] pimreg: left allmulticast mode
[   39.916978] pimreg: left allmulticast mode
[   39.917277] pimreg: left allmulticast mode
[   39.930074] pimreg: entered allmulticast mode
[   39.958122] pimreg: entered allmulticast mode
[   39.973110] pimreg: entered allmulticast mode
[   39.990181] pimreg: entered allmulticast mode
[   40.009776] pimreg: entered allmulticast mode
[   40.039437] pimreg: entered allmulticast mode
[   40.051437] pimreg: left allmulticast mode
[   40.051795] pimreg: left allmulticast mode
[   40.052119] pimreg: left allmulticast mode
[   40.052425] pimreg: left allmulticast mode
[   40.052734] pimreg: left allmulticast mode
[   40.053049] pimreg: left allmulticast mode
[   40.064257] pimreg: entered allmulticast mode
[   40.094147] pimreg: entered allmulticast mode
[   40.131949] pimreg: entered allmulticast mode
[   40.154427] pimreg: entered allmulticast mode
[   40.178276] pimreg: entered allmulticast mode
[   40.217884] pimreg: entered allmulticast mode
[   40.258333] pimreg: entered allmulticast mode
[   40.298440] pimreg: entered allmulticast mode
[   40.319927] pimreg: left allmulticast mode
[   40.320244] pimreg: left allmulticast mode
[   40.320525] pimreg: left allmulticast mode
[   40.320837] pimreg: left allmulticast mode
[   40.321135] pimreg: left allmulticast mode
[   40.321444] pimreg: left allmulticast mode
[   40.321751] pimreg: left allmulticast mode
[   40.322053] pimreg: left allmulticast mode
[   40.335640] pimreg: entered allmulticast mode
[   40.360499] pimreg: entered allmulticast mode
[   40.390340] pimreg: entered allmulticast mode
[   40.409421] pimreg: entered allmulticast mode
[   40.431375] pimreg: entered allmulticast mode
[   40.446275] pimreg: entered allmulticast mode
[   40.466434] pimreg: entered allmulticast mode
[   40.505935] pimreg: entered allmulticast mode
[   40.511419] pimreg: left allmulticast mode
[   40.511958] pimreg: left allmulticast mode
[   40.512275] pimreg: left allmulticast mode
[   40.512592] pimreg: left allmulticast mode
[   40.512901] pimreg: left allmulticast mode
[   40.513203] pimreg: left allmulticast mode
[   40.513510] pimreg: left allmulticast mode
[   40.534102] pimreg: entered allmulticast mode
[   40.554587] pimreg: entered allmulticast mode
[   40.581222] pimreg: entered allmulticast mode
[   40.597854] pimreg: entered allmulticast mode
[   40.617466] pimreg: entered allmulticast mode
[   40.650385] pimreg: entered allmulticast mode
[   40.682028] pimreg: entered allmulticast mode
[   40.710956] pimreg: left allmulticast mode
[   40.711290] pimreg: left allmulticast mode
[   40.711606] pimreg: left allmulticast mode
[   40.711921] pimreg: left allmulticast mode
[   40.712755] pimreg: left allmulticast mode
[   40.713132] pimreg: left allmulticast mode
[   40.713446] pimreg: left allmulticast mode
[   40.713759] pimreg: left allmulticast mode
[   40.726886] pimreg: entered allmulticast mode
[   40.747991] pimreg: entered allmulticast mode
[   40.772746] pimreg: entered allmulticast mode
[   40.802411] pimreg: entered allmulticast mode
[   40.821909] pimreg: entered allmulticast mode
[   40.854116] pimreg: entered allmulticast mode
[   40.878189] pimreg: entered allmulticast mode
[   40.898127] pimreg: entered allmulticast mode
[   40.918988] pimreg: left allmulticast mode
[   40.919309] pimreg: left allmulticast mode
[   40.919588] pimreg: left allmulticast mode
[   40.919868] pimreg: left allmulticast mode
[   40.920141] pimreg: left allmulticast mode
[   40.921008] pimreg: left allmulticast mode
[   40.921393] pimreg: left allmulticast mode
[   40.921714] pimreg: left allmulticast mode
[   40.934965] pimreg: entered allmulticast mode
[   40.956618] pimreg: entered allmulticast mode
[   40.994630] pimreg: entered allmulticast mode
[   41.018990] pimreg: entered allmulticast mode
[   41.038283] pimreg: entered allmulticast mode
[   41.062486] pimreg: entered allmulticast mode
[   41.082158] pimreg: entered allmulticast mode
[   41.119477] pimreg: entered allmulticast mode
[   41.131239] pimreg: left allmulticast mode
[   41.131573] pimreg: left allmulticast mode
[   41.131858] pimreg: left allmulticast mode
[   41.132136] pimreg: left allmulticast mode
[   41.132413] pimreg: left allmulticast mode
[   41.132736] pimreg: left allmulticast mode
[   41.133135] pimreg: left allmulticast mode
[   41.133474] pimreg: left allmulticast mode
[   41.147024] pimreg: entered allmulticast mode
[   41.182849] pimreg: entered allmulticast mode
[   41.215563] pimreg: entered allmulticast mode
[   41.246454] pimreg: entered allmulticast mode
[   41.270316] pimreg: entered allmulticast mode
[   41.298137] pimreg: entered allmulticast mode
[   41.326178] pimreg: entered allmulticast mode
[   41.353794] pimreg: entered allmulticast mode
[   41.395212] pimreg: left allmulticast mode
[   41.395521] pimreg: left allmulticast mode
[   41.395839] pimreg: left allmulticast mode
[   41.396152] pimreg: left allmulticast mode
[   41.396473] pimreg: left allmulticast mode
[   41.396794] pimreg: left allmulticast mode
[   41.397099] pimreg: left allmulticast mode
[   41.397403] pimreg: left allmulticast mode
[   41.410899] pimreg: entered allmulticast mode
[   41.454456] pimreg: entered allmulticast mode
[   41.467677] pimreg: entered allmulticast mode
[   41.494515] pimreg: entered allmulticast mode
[   41.518269] pimreg: entered allmulticast mode
[   41.546038] pimreg: entered allmulticast mode
[   41.565752] pimreg: entered allmulticast mode
[   41.601778] pimreg: entered allmulticast mode
[   41.626942] pimreg: left allmulticast mode
[   41.627260] pimreg: left allmulticast mode
[   41.627554] pimreg: left allmulticast mode
[   41.627867] pimreg: left allmulticast mode
[   41.628176] pimreg: left allmulticast mode
[   41.628582] pimreg: left allmulticast mode
[   41.629218] pimreg: left allmulticast mode
[   41.629558] pimreg: left allmulticast mode
[   41.643109] pimreg: entered allmulticast mode
[   41.674585] pimreg: entered allmulticast mode
[   41.689816] pimreg: entered allmulticast mode
[   41.707635] pimreg: entered allmulticast mode
[   41.726134] pimreg: entered allmulticast mode
[   41.745835] pimreg: entered allmulticast mode
[   41.770389] pimreg: entered allmulticast mode
[   41.790957] pimreg: left allmulticast mode
[   41.791662] pimreg: left allmulticast mode
[   41.792034] pimreg: left allmulticast mode
[   41.792462] pimreg: left allmulticast mode
[   41.792780] pimreg: left allmulticast mode
[   41.793093] pimreg: left allmulticast mode
[   41.793400] pimreg: left allmulticast mode
[   41.804981] pimreg: entered allmulticast mode
[   41.858858] pimreg: entered allmulticast mode
[   41.900147] pimreg: entered allmulticast mode
[   41.925818] pimreg: entered allmulticast mode
[   41.966097] pimreg: entered allmulticast mode
[   41.990311] pimreg: entered allmulticast mode
[   42.034428] pimreg: entered allmulticast mode
[   42.058049] pimreg: entered allmulticast mode
[   42.071094] pimreg: left allmulticast mode
[   42.071401] pimreg: left allmulticast mode
[   42.071687] pimreg: left allmulticast mode
[   42.071991] pimreg: left allmulticast mode
[   42.072301] pimreg: left allmulticast mode
[   42.072619] pimreg: left allmulticast mode
[   42.073351] pimreg: left allmulticast mode
[   42.073714] pimreg: left allmulticast mode
[   42.087030] pimreg: entered allmulticast mode
[   42.118981] pimreg: entered allmulticast mode
[   42.142889] pimreg: entered allmulticast mode
[   42.165987] pimreg: entered allmulticast mode
[   42.186073] pimreg: entered allmulticast mode
[   42.222140] pimreg: entered allmulticast mode
[   42.242647] pimreg: entered allmulticast mode
[   42.281992] pimreg: entered allmulticast mode
[   42.287156] pimreg: left allmulticast mode
[   42.287485] pimreg: left allmulticast mode
[   42.287794] pimreg: left allmulticast mode
[   42.288113] pimreg: left allmulticast mode
[   42.288416] pimreg: left allmulticast mode
[   42.288877] pimreg: left allmulticast mode
[   42.289252] pimreg: left allmulticast mode
[   42.289574] pimreg: left allmulticast mode
[   42.303167] pimreg: entered allmulticast mode
[   42.328634] pimreg: entered allmulticast mode
[   42.346895] pimreg: entered allmulticast mode
[   42.366047] pimreg: entered allmulticast mode
[   42.386087] pimreg: entered allmulticast mode
[   42.410097] pimreg: entered allmulticast mode
[   42.434109] pimreg: entered allmulticast mode
[   42.462120] pimreg: entered allmulticast mode
[   42.494107] pimreg: entered allmulticast mode
[   42.499080] pimreg: left allmulticast mode
[   42.499409] pimreg: left allmulticast mode
[   42.499730] pimreg: left allmulticast mode
[   42.500037] pimreg: left allmulticast mode
[   42.500781] pimreg: left allmulticast mode
[   42.501156] pimreg: left allmulticast mode
[   42.501469] pimreg: left allmulticast mode
[   42.501782] pimreg: left allmulticast mode
[   42.502078] pimreg: left allmulticast mode
[   42.516972] pimreg: entered allmulticast mode
[   42.552441] pimreg: entered allmulticast mode
[   42.565700] pimreg: entered allmulticast mode
[   42.586634] pimreg: entered allmulticast mode
[   42.610144] pimreg: entered allmulticast mode
[   42.634925] pimreg: entered allmulticast mode
[   42.650317] pimreg: entered allmulticast mode
[   42.655288] pimreg: left allmulticast mode
[   42.655711] pimreg: left allmulticast mode
[   42.656031] pimreg: left allmulticast mode
[   42.656337] pimreg: left allmulticast mode
[   42.656639] pimreg: left allmulticast mode
[   42.657688] pimreg: left allmulticast mode
[   42.658039] pimreg: left allmulticast mode
[   42.670688] pimreg: entered allmulticast mode
[   42.701865] pimreg: entered allmulticast mode
[   42.729372] pimreg: entered allmulticast mode
[   42.758712] pimreg: entered allmulticast mode
[   42.785895] pimreg: entered allmulticast mode
[   42.818114] pimreg: entered allmulticast mode
[   42.835151] pimreg: left allmulticast mode
[   42.835482] pimreg: left allmulticast mode
[   42.836209] pimreg: left allmulticast mode
[   42.836641] pimreg: left allmulticast mode
[   42.836959] pimreg: left allmulticast mode
[   42.837277] pimreg: left allmulticast mode
[   42.847668] pimreg: entered allmulticast mode
[   42.874648] pimreg: entered allmulticast mode
[   42.897072] pimreg: entered allmulticast mode
[   42.922395] pimreg: entered allmulticast mode
[   42.958506] pimreg: entered allmulticast mode
[   42.985975] pimreg: entered allmulticast mode
[   43.018766] pimreg: entered allmulticast mode
[   43.046192] pimreg: entered allmulticast mode
[   43.055160] pimreg: left allmulticast mode
[   43.055472] pimreg: left allmulticast mode
[   43.055735] pimreg: left allmulticast mode
[   43.056007] pimreg: left allmulticast mode
[   43.056295] pimreg: left allmulticast mode
[   43.056583] pimreg: left allmulticast mode
[   43.056887] pimreg: left allmulticast mode
[   43.069807] pimreg: entered allmulticast mode
[   43.097923] pimreg: entered allmulticast mode
[   43.122296] pimreg: entered allmulticast mode
[   43.146624] pimreg: entered allmulticast mode
[   43.170039] pimreg: entered allmulticast mode
[   43.189734] pimreg: entered allmulticast mode
[   43.230195] pimreg: entered allmulticast mode
[   43.250983] pimreg: left allmulticast mode
[   43.251334] pimreg: left allmulticast mode
[   43.251664] pimreg: left allmulticast mode
[   43.252375] pimreg: left allmulticast mode
[   43.252987] pimreg: left allmulticast mode
[   43.253291] pimreg: left allmulticast mode
[   43.253579] pimreg: left allmulticast mode
[   43.253873] pimreg: left allmulticast mode
[   43.266963] pimreg: entered allmulticast mode
[   43.291166] pimreg: entered allmulticast mode
[   43.319828] pimreg: entered allmulticast mode
[   43.338061] pimreg: entered allmulticast mode
[   43.358428] pimreg: entered allmulticast mode
[   43.398846] pimreg: entered allmulticast mode
[   43.433806] pimreg: entered allmulticast mode
[   43.454816] pimreg: entered allmulticast mode
[   43.509985] pimreg: entered allmulticast mode
[   43.527365] pimreg: left allmulticast mode
[   43.527697] pimreg: left allmulticast mode
[   43.528023] pimreg: left allmulticast mode
[   43.528349] pimreg: left allmulticast mode
[   43.528684] pimreg: left allmulticast mode
[   43.529022] pimreg: left allmulticast mode
[   43.529327] pimreg: left allmulticast mode
[   43.529641] pimreg: left allmulticast mode
[   43.529946] pimreg: left allmulticast mode
[   43.543907] pimreg: entered allmulticast mode
[   43.565950] pimreg: entered allmulticast mode
[   43.606188] pimreg: entered allmulticast mode
[   43.623833] pimreg: entered allmulticast mode
[   43.675419] pimreg: entered allmulticast mode
[   43.694271] pimreg: entered allmulticast mode
[   43.713830] pimreg: entered allmulticast mode
[   43.746147] pimreg: entered allmulticast mode
[   43.766402] pimreg: entered allmulticast mode
[   43.786154] pimreg: entered allmulticast mode
[   43.787015] pimreg: left allmulticast mode
[   43.787334] pimreg: left allmulticast mode
[   43.787643] pimreg: left allmulticast mode
[   43.787947] pimreg: left allmulticast mode
[   43.788257] pimreg: left allmulticast mode
[   43.788585] pimreg: left allmulticast mode
[   43.788897] pimreg: left allmulticast mode
[   43.789203] pimreg: left allmulticast mode
[   43.789518] pimreg: left allmulticast mode
[   43.805373] pimreg: entered allmulticast mode
[   43.849725] pimreg: entered allmulticast mode
[   43.875471] pimreg: entered allmulticast mode
[   43.886178] pimreg: entered allmulticast mode
[   43.914327] pimreg: entered allmulticast mode
[   43.958639] pimreg: entered allmulticast mode
[   44.010113] pimreg: entered allmulticast mode
[   44.023240] pimreg: left allmulticast mode
[   44.023559] pimreg: left allmulticast mode
[   44.023832] pimreg: left allmulticast mode
[   44.024109] pimreg: left allmulticast mode
[   44.024383] pimreg: left allmulticast mode
[   44.024927] pimreg: left allmulticast mode
[   44.025217] pimreg: left allmulticast mode
[   44.025500] pimreg: left allmulticast mode
[   44.038813] pimreg: entered allmulticast mode
[   44.090740] pimreg: entered allmulticast mode
[   44.122161] pimreg: entered allmulticast mode
[   44.146652] pimreg: entered allmulticast mode
[   44.178090] pimreg: entered allmulticast mode
[   44.206186] pimreg: entered allmulticast mode
[   44.230213] pimreg: entered allmulticast mode
[   44.250280] pimreg: entered allmulticast mode
[   44.255219] pimreg: left allmulticast mode
[   44.255719] pimreg: left allmulticast mode
[   44.256034] pimreg: left allmulticast mode
[   44.256350] pimreg: left allmulticast mode
[   44.256660] pimreg: left allmulticast mode
[   44.256969] pimreg: left allmulticast mode
[   44.257279] pimreg: left allmulticast mode
[   44.273912] pimreg: entered allmulticast mode
[   44.298007] pimreg: entered allmulticast mode
[   44.314324] pimreg: entered allmulticast mode
[   44.335430] pimreg: entered allmulticast mode
[   44.354292] pimreg: entered allmulticast mode
[   44.374304] pimreg: entered allmulticast mode
[   44.391576] pimreg: left allmulticast mode
[   44.391879] pimreg: left allmulticast mode
[   44.392194] pimreg: left allmulticast mode
[   44.392497] pimreg: left allmulticast mode
[   44.392800] pimreg: left allmulticast mode
[   44.393122] pimreg: left allmulticast mode
[   44.393438] pimreg: left allmulticast mode
[   44.405063] pimreg: entered allmulticast mode
[   44.421981] pimreg: entered allmulticast mode
[   44.439280] pimreg: entered allmulticast mode
[   44.450064] pimreg: entered allmulticast mode
[   44.470050] pimreg: entered allmulticast mode
[   44.482214] pimreg: entered allmulticast mode
[   44.499890] pimreg: left allmulticast mode
[   44.500228] pimreg: left allmulticast mode
[   44.500552] pimreg: left allmulticast mode
[   44.500866] pimreg: left allmulticast mode
[   44.501178] pimreg: left allmulticast mode
[   44.501484] pimreg: left allmulticast mode
[   44.512709] pimreg: entered allmulticast mode
[   44.534101] pimreg: entered allmulticast mode
[   44.555250] pimreg: entered allmulticast mode
[   44.590449] pimreg: entered allmulticast mode
[   44.626411] pimreg: entered allmulticast mode
[   44.654114] pimreg: entered allmulticast mode
[   44.682007] pimreg: entered allmulticast mode
[   44.698317] pimreg: entered allmulticast mode
[   44.703018] pimreg: left allmulticast mode
[   44.703341] pimreg: left allmulticast mode
[   44.703646] pimreg: left allmulticast mode
[   44.703962] pimreg: left allmulticast mode
[   44.704270] pimreg: left allmulticast mode
[   44.704595] pimreg: left allmulticast mode
[   44.704902] pimreg: left allmulticast mode
[   44.705587] pimreg: left allmulticast mode
[   44.719596] pimreg: entered allmulticast mode
[   44.767983] pimreg: entered allmulticast mode
[   44.806626] pimreg: entered allmulticast mode
[   44.834822] pimreg: entered allmulticast mode
[   44.854180] pimreg: entered allmulticast mode
[   44.874077] pimreg: entered allmulticast mode
[   44.906072] pimreg: entered allmulticast mode
[   44.930715] pimreg: entered allmulticast mode
[   44.958458] pimreg: entered allmulticast mode
[   44.963172] pimreg: left allmulticast mode
[   44.963500] pimreg: left allmulticast mode
[   44.963808] pimreg: left allmulticast mode
[   44.964106] pimreg: left allmulticast mode
[   44.964413] pimreg: left allmulticast mode
[   44.964729] pimreg: left allmulticast mode
[   44.965033] pimreg: left allmulticast mode
[   44.965338] pimreg: left allmulticast mode
[   44.979079] pimreg: entered allmulticast mode
[   45.011249] pimreg: entered allmulticast mode
[   45.028554] pimreg: entered allmulticast mode
[   45.046210] pimreg: entered allmulticast mode
[   45.077719] pimreg: entered allmulticast mode
[   45.110171] pimreg: entered allmulticast mode
[   45.150010] pimreg: entered allmulticast mode
[   45.178034] pimreg: entered allmulticast mode
[   45.211160] pimreg: left allmulticast mode
[   45.211512] pimreg: left allmulticast mode
[   45.211842] pimreg: left allmulticast mode
[   45.212188] pimreg: left allmulticast mode
[   45.212531] pimreg: left allmulticast mode
[   45.213876] pimreg: left allmulticast mode
[   45.214200] pimreg: left allmulticast mode
[   45.214569] pimreg: left allmulticast mode
[   45.214879] pimreg: left allmulticast mode
[   45.229520] pimreg: entered allmulticast mode
[   45.244431] pimreg: entered allmulticast mode
[   45.254397] pimreg: entered allmulticast mode
[   45.274507] pimreg: entered allmulticast mode
[   45.306309] pimreg: entered allmulticast mode
[   45.341692] pimreg: entered allmulticast mode
[   45.369931] pimreg: entered allmulticast mode
[   45.422432] pimreg: entered allmulticast mode
[   45.450013] pimreg: entered allmulticast mode
[   45.475563] pimreg: left allmulticast mode
[   45.475871] pimreg: left allmulticast mode
[   45.476159] pimreg: left allmulticast mode
[   45.476483] pimreg: left allmulticast mode
[   45.476786] pimreg: left allmulticast mode
[   45.478005] pimreg: left allmulticast mode
[   45.478370] pimreg: left allmulticast mode
[   45.478698] pimreg: left allmulticast mode
[   45.479007] pimreg: left allmulticast mode
[   45.493367] pimreg: entered allmulticast mode
[   45.510313] pimreg: entered allmulticast mode
[   45.534390] pimreg: entered allmulticast mode
[   45.555493] pimreg: entered allmulticast mode
[   45.574420] pimreg: entered allmulticast mode
[   45.594042] pimreg: entered allmulticast mode
[   45.618340] pimreg: entered allmulticast mode
[   45.638378] pimreg: entered allmulticast mode
[   45.658062] pimreg: entered allmulticast mode
[   45.663444] pimreg: left allmulticast mode
[   45.663755] pimreg: left allmulticast mode
[   45.664032] pimreg: left allmulticast mode
[   45.664298] pimreg: left allmulticast mode
[   45.664583] pimreg: left allmulticast mode
[   45.665025] pimreg: left allmulticast mode
[   45.665369] pimreg: left allmulticast mode
[   45.665645] pimreg: left allmulticast mode
[   45.665950] pimreg: left allmulticast mode
[   45.679825] pimreg: entered allmulticast mode
[   45.690288] pimreg: entered allmulticast mode
[   45.704280] pimreg: entered allmulticast mode
[   45.720054] pimreg: entered allmulticast mode
[   45.737908] pimreg: entered allmulticast mode
[   45.761940] pimreg: entered allmulticast mode
[   45.786398] pimreg: entered allmulticast mode
[   45.805857] pimreg: entered allmulticast mode
[   45.829864] pimreg: entered allmulticast mode
[   45.858336] pimreg: entered allmulticast mode
[   45.881983] pimreg: entered allmulticast mode
[   45.887432] pimreg: left allmulticast mode
[   45.888153] pimreg: left allmulticast mode
[   45.888483] pimreg: left allmulticast mode
[   45.888762] pimreg: left allmulticast mode
[   45.889051] pimreg: left allmulticast mode
[   45.889316] pimreg: left allmulticast mode
[   45.889592] pimreg: left allmulticast mode
[   45.889839] pimreg: left allmulticast mode
[   45.890081] pimreg: left allmulticast mode
[   45.890359] pimreg: left allmulticast mode
[   45.891460] pimreg: left allmulticast mode
[   45.907822] pimreg: entered allmulticast mode
[   45.942518] pimreg: entered allmulticast mode
[   45.969833] pimreg: entered allmulticast mode
[   45.994825] pimreg: entered allmulticast mode
[   46.018022] pimreg: entered allmulticast mode
[   46.041895] pimreg: entered allmulticast mode
[   46.066320] pimreg: entered allmulticast mode
[   46.086214] pimreg: entered allmulticast mode
[   46.104567] pimreg: left allmulticast mode
[   46.104894] pimreg: left allmulticast mode
[   46.105209] pimreg: left allmulticast mode
[   46.105534] pimreg: left allmulticast mode
[   46.105855] pimreg: left allmulticast mode
[   46.106431] pimreg: left allmulticast mode
[   46.106747] pimreg: left allmulticast mode
[   46.107055] pimreg: left allmulticast mode
[   46.119031] pimreg: entered allmulticast mode
[   46.151306] pimreg: entered allmulticast mode
[   46.175201] pimreg: entered allmulticast mode
[   46.186475] pimreg: entered allmulticast mode
[   46.217856] pimreg: entered allmulticast mode
[   46.231301] pimreg: left allmulticast mode
[   46.231644] pimreg: left allmulticast mode
[   46.231960] pimreg: left allmulticast mode
[   46.232283] pimreg: left allmulticast mode
[   46.232592] pimreg: left allmulticast mode
[   46.243050] pimreg: entered allmulticast mode
[   46.261794] pimreg: entered allmulticast mode
[   46.287688] pimreg: entered allmulticast mode
[   46.310326] pimreg: entered allmulticast mode
[   46.334038] pimreg: entered allmulticast mode
[   46.358139] pimreg: entered allmulticast mode
[   46.382226] pimreg: entered allmulticast mode
[   46.382879] pimreg: left allmulticast mode
[   46.383234] pimreg: left allmulticast mode
[   46.383550] pimreg: left allmulticast mode
[   46.383861] pimreg: left allmulticast mode
[   46.384173] pimreg: left allmulticast mode
[   46.384493] pimreg: left allmulticast mode
[   46.395547] pimreg: entered allmulticast mode
[   46.414044] pimreg: entered allmulticast mode
[   46.436330] pimreg: entered allmulticast mode
[   46.453882] pimreg: entered allmulticast mode
[   46.478208] pimreg: entered allmulticast mode
[   46.502373] pimreg: entered allmulticast mode
[   46.530171] pimreg: entered allmulticast mode
[   46.552261] pimreg: left allmulticast mode
[   46.552576] pimreg: left allmulticast mode
[   46.552867] pimreg: left allmulticast mode
[   46.553162] pimreg: left allmulticast mode
[   46.553455] pimreg: left allmulticast mode
[   46.553743] pimreg: left allmulticast mode
[   46.554040] pimreg: left allmulticast mode
[   46.554601] pimreg: left allmulticast mode
[   46.566189] pimreg: entered allmulticast mode
[   46.590304] pimreg: entered allmulticast mode
[   46.610999] pimreg: entered allmulticast mode
[   46.636080] pimreg: entered allmulticast mode
[   46.653812] pimreg: entered allmulticast mode
[   46.678120] pimreg: entered allmulticast mode
[   46.702201] pimreg: entered allmulticast mode
[   46.726145] pimreg: entered allmulticast mode
[   46.749945] pimreg: entered allmulticast mode
[   46.774237] pimreg: entered allmulticast mode
[   46.779261] pimreg: left allmulticast mode
[   46.779604] pimreg: left allmulticast mode
[   46.779895] pimreg: left allmulticast mode
[   46.780208] pimreg: left allmulticast mode
[   46.780526] pimreg: left allmulticast mode
[   46.780832] pimreg: left allmulticast mode
[   46.781135] pimreg: left allmulticast mode
[   46.781452] pimreg: left allmulticast mode
[   46.781759] pimreg: left allmulticast mode
[   46.802405] pimreg: entered allmulticast mode
[   46.826143] pimreg: entered allmulticast mode
[   46.846766] pimreg: entered allmulticast mode
[   46.874187] pimreg: entered allmulticast mode
[   46.902035] pimreg: entered allmulticast mode
[   46.926205] pimreg: entered allmulticast mode
[   46.950481] pimreg: entered allmulticast mode
[   46.971331] pimreg: left allmulticast mode
[   46.971668] pimreg: left allmulticast mode
[   46.971952] pimreg: left allmulticast mode
[   46.972262] pimreg: left allmulticast mode
[   46.972575] pimreg: left allmulticast mode
[   46.972982] pimreg: left allmulticast mode
[   46.973298] pimreg: left allmulticast mode
[   46.973616] pimreg: left allmulticast mode
[   46.986756] pimreg: entered allmulticast mode
[   47.007403] pimreg: entered allmulticast mode
[   47.031797] pimreg: entered allmulticast mode
[   47.054192] pimreg: entered allmulticast mode
[   47.078335] pimreg: entered allmulticast mode
[   47.097953] pimreg: entered allmulticast mode
[   47.117710] pimreg: entered allmulticast mode
[   47.146297] pimreg: entered allmulticast mode
[   47.167206] pimreg: left allmulticast mode
[   47.167518] pimreg: left allmulticast mode
[   47.167814] pimreg: left allmulticast mode
[   47.168125] pimreg: left allmulticast mode
[   47.168433] pimreg: left allmulticast mode
[   47.168751] pimreg: left allmulticast mode
[   47.169056] pimreg: left allmulticast mode
[   47.169365] pimreg: left allmulticast mode
[   47.182536] pimreg: entered allmulticast mode
[   47.207763] pimreg: entered allmulticast mode
[   47.246990] pimreg: entered allmulticast mode
[   47.274378] pimreg: entered allmulticast mode
[   47.298141] pimreg: entered allmulticast mode
[   47.326394] pimreg: entered allmulticast mode
[   47.354014] pimreg: entered allmulticast mode
[   47.378159] pimreg: entered allmulticast mode
[   47.399306] pimreg: left allmulticast mode
[   47.399609] pimreg: left allmulticast mode
[   47.399888] pimreg: left allmulticast mode
[   47.400164] pimreg: left allmulticast mode
[   47.400462] pimreg: left allmulticast mode
[   47.400782] pimreg: left allmulticast mode
[   47.401080] pimreg: left allmulticast mode
[   47.401383] pimreg: left allmulticast mode
[   47.413942] pimreg: entered allmulticast mode
[   47.435276] pimreg: entered allmulticast mode
[   47.461500] pimreg: entered allmulticast mode
[   47.493801] pimreg: entered allmulticast mode
[   47.518357] pimreg: entered allmulticast mode
[   47.541959] pimreg: entered allmulticast mode
[   47.565976] pimreg: entered allmulticast mode
[   47.593859] pimreg: entered allmulticast mode
[   47.599282] pimreg: left allmulticast mode
[   47.599786] pimreg: left allmulticast mode
[   47.600102] pimreg: left allmulticast mode
[   47.600411] pimreg: left allmulticast mode
[   47.600709] pimreg: left allmulticast mode
[   47.600996] pimreg: left allmulticast mode
[   47.601276] pimreg: left allmulticast mode
[   47.625781] pimreg: entered allmulticast mode
[   47.649972] pimreg: entered allmulticast mode
[   47.670893] pimreg: entered allmulticast mode
[   47.694115] pimreg: entered allmulticast mode
[   47.710289] pimreg: entered allmulticast mode
[   47.734077] pimreg: entered allmulticast mode
[   47.757943] pimreg: entered allmulticast mode
[   47.763281] pimreg: left allmulticast mode
[   47.763713] pimreg: left allmulticast mode
[   47.764472] pimreg: left allmulticast mode
[   47.764942] pimreg: left allmulticast mode
[   47.765596] pimreg: left allmulticast mode
[   47.765891] pimreg: left allmulticast mode
[   47.766759] pimreg: left allmulticast mode
[   47.767090] pimreg: left allmulticast mode
[   47.780605] pimreg: entered allmulticast mode
[   47.811021] pimreg: entered allmulticast mode
[   47.831155] pimreg: entered allmulticast mode
[   47.854878] pimreg: entered allmulticast mode
[   47.877938] pimreg: entered allmulticast mode
[   47.902028] pimreg: entered allmulticast mode
[   47.926377] pimreg: entered allmulticast mode
[   47.949376] pimreg: entered allmulticast mode
[   47.955181] pimreg: left allmulticast mode
[   47.955525] pimreg: left allmulticast mode
[   47.955804] pimreg: left allmulticast mode
[   47.956085] pimreg: left allmulticast mode
[   47.956401] pimreg: left allmulticast mode
[   47.956707] pimreg: left allmulticast mode
[   47.957017] pimreg: left allmulticast mode
[   47.957338] pimreg: left allmulticast mode
[   47.970894] pimreg: entered allmulticast mode
[   47.991229] pimreg: entered allmulticast mode
[   48.015076] pimreg: entered allmulticast mode
[   48.026903] pimreg: entered allmulticast mode
[   48.045788] pimreg: entered allmulticast mode
[   48.069948] pimreg: entered allmulticast mode
[   48.093983] pimreg: entered allmulticast mode
[   48.117687] pimreg: entered allmulticast mode
[   48.131200] pimreg: left allmulticast mode
[   48.131704] pimreg: left allmulticast mode
[   48.132018] pimreg: left allmulticast mode
[   48.132342] pimreg: left allmulticast mode
[   48.132656] pimreg: left allmulticast mode
[   48.132954] pimreg: left allmulticast mode
[   48.133650] pimreg: left allmulticast mode
[   48.134027] pimreg: left allmulticast mode
[   48.147956] pimreg: entered allmulticast mode
[   48.180246] pimreg: entered allmulticast mode
[   48.202685] pimreg: entered allmulticast mode
[   48.214812] pimreg: entered allmulticast mode
[   48.242146] pimreg: entered allmulticast mode
[   48.259542] pimreg: left allmulticast mode
[   48.259876] pimreg: left allmulticast mode
[   48.260192] pimreg: left allmulticast mode
[   48.260510] pimreg: left allmulticast mode
[   48.260834] pimreg: left allmulticast mode
[   48.269983] pimreg: entered allmulticast mode
[   48.290128] pimreg: entered allmulticast mode
[   48.316530] pimreg: entered allmulticast mode
[   48.334359] pimreg: entered allmulticast mode
[   48.358093] pimreg: entered allmulticast mode
[   48.378421] pimreg: entered allmulticast mode
[   48.399253] pimreg: left allmulticast mode
[   48.399575] pimreg: left allmulticast mode
[   48.399884] pimreg: left allmulticast mode
[   48.400185] pimreg: left allmulticast mode
[   48.400498] pimreg: left allmulticast mode
[   48.400801] pimreg: left allmulticast mode
[   48.411490] pimreg: entered allmulticast mode
[   48.428583] pimreg: entered allmulticast mode
[   48.453922] pimreg: entered allmulticast mode
[   48.478124] pimreg: entered allmulticast mode
[   48.502421] pimreg: entered allmulticast mode
[   48.526099] pimreg: entered allmulticast mode
[   48.553646] pimreg: entered allmulticast mode
[   48.575549] pimreg: left allmulticast mode
[   48.575888] pimreg: left allmulticast mode
[   48.576202] pimreg: left allmulticast mode
[   48.576532] pimreg: left allmulticast mode
[   48.576849] pimreg: left allmulticast mode
[   48.577171] pimreg: left allmulticast mode
[   48.577477] pimreg: left allmulticast mode
[   48.589157] pimreg: entered allmulticast mode
[   48.614367] pimreg: entered allmulticast mode
[   48.638197] pimreg: entered allmulticast mode
[   48.650042] pimreg: entered allmulticast mode
[   48.674345] pimreg: entered allmulticast mode
[   48.694049] pimreg: entered allmulticast mode
[   48.699132] pimreg: left allmulticast mode
[   48.699466] pimreg: left allmulticast mode
[   48.699778] pimreg: left allmulticast mode
[   48.700082] pimreg: left allmulticast mode
[   48.700403] pimreg: left allmulticast mode
[   48.718155] pimreg: entered allmulticast mode
[   48.742466] pimreg: entered allmulticast mode
[   48.766488] pimreg: entered allmulticast mode
[   48.798624] pimreg: entered allmulticast mode
[   48.822152] pimreg: entered allmulticast mode
[   48.850484] pimreg: entered allmulticast mode
[   48.877966] pimreg: entered allmulticast mode
[   48.882935] pimreg: left allmulticast mode
[   48.883299] pimreg: left allmulticast mode
[   48.883612] pimreg: left allmulticast mode
[   48.883922] pimreg: left allmulticast mode
[   48.884231] pimreg: left allmulticast mode
[   48.884538] pimreg: left allmulticast mode
[   48.884839] pimreg: left allmulticast mode
[   48.901913] pimreg: entered allmulticast mode
[   48.926308] pimreg: entered allmulticast mode
[   48.946907] pimreg: entered allmulticast mode
[   48.974534] pimreg: entered allmulticast mode
[   48.997900] pimreg: entered allmulticast mode
[   49.022320] pimreg: entered allmulticast mode
[   49.046171] pimreg: entered allmulticast mode
[   49.051190] pimreg: left allmulticast mode
[   49.051555] pimreg: left allmulticast mode
[   49.051870] pimreg: left allmulticast mode
[   49.052179] pimreg: left allmulticast mode
[   49.052487] pimreg: left allmulticast mode
[   49.052793] pimreg: left allmulticast mode
[   49.053100] pimreg: left allmulticast mode
[   49.073637] pimreg: entered allmulticast mode
[   49.098981] pimreg: entered allmulticast mode
[   49.118003] pimreg: entered allmulticast mode
[   49.137974] pimreg: entered allmulticast mode
[   49.162152] pimreg: entered allmulticast mode
[   49.181902] pimreg: entered allmulticast mode
[   49.205783] pimreg: entered allmulticast mode
[   49.231114] pimreg: left allmulticast mode
[   49.231450] pimreg: left allmulticast mode
[   49.231761] pimreg: left allmulticast mode
[   49.232073] pimreg: left allmulticast mode
[   49.232392] pimreg: left allmulticast mode
[   49.233737] pimreg: left allmulticast mode
[   49.234063] pimreg: left allmulticast mode
[   49.234688] pimreg: left allmulticast mode
[   49.247362] pimreg: entered allmulticast mode
[   49.290390] pimreg: entered allmulticast mode
[   49.303620] pimreg: entered allmulticast mode
[   49.326206] pimreg: entered allmulticast mode
[   49.350167] pimreg: entered allmulticast mode
[   49.369848] pimreg: entered allmulticast mode
[   49.394188] pimreg: entered allmulticast mode
[   49.418430] pimreg: entered allmulticast mode
[   49.442044] pimreg: entered allmulticast mode
[   49.447397] pimreg: left allmulticast mode
[   49.447925] pimreg: left allmulticast mode
[   49.448243] pimreg: left allmulticast mode
[   49.448562] pimreg: left allmulticast mode
[   49.448870] pimreg: left allmulticast mode
[   49.449174] pimreg: left allmulticast mode
[   49.449481] pimreg: left allmulticast mode
[   49.449786] pimreg: left allmulticast mode
[   49.469702] pimreg: entered allmulticast mode
[   49.494623] pimreg: entered allmulticast mode
[   49.514545] pimreg: entered allmulticast mode
[   49.538162] pimreg: entered allmulticast mode
[   49.558078] pimreg: entered allmulticast mode
[   49.582467] pimreg: entered allmulticast mode
[   49.599098] pimreg: left allmulticast mode
[   49.599438] pimreg: left allmulticast mode
[   49.599754] pimreg: left allmulticast mode
[   49.600070] pimreg: left allmulticast mode
[   49.600402] pimreg: left allmulticast mode
[   49.600727] pimreg: left allmulticast mode
[   49.601437] pimreg: left allmulticast mode
[   49.613034] pimreg: entered allmulticast mode
[   49.625976] pimreg: entered allmulticast mode
[   49.650509] pimreg: entered allmulticast mode
[   49.662298] pimreg: entered allmulticast mode
[   49.685537] pimreg: entered allmulticast mode
[   49.699220] pimreg: left allmulticast mode
[   49.699681] pimreg: left allmulticast mode
[   49.699998] pimreg: left allmulticast mode
[   49.700324] pimreg: left allmulticast mode
[   49.700662] pimreg: left allmulticast mode
[   49.713456] pimreg: entered allmulticast mode
[   49.735996] pimreg: entered allmulticast mode
[   49.757812] pimreg: entered allmulticast mode
[   49.782534] pimreg: entered allmulticast mode
[   49.802114] pimreg: entered allmulticast mode
[   49.822757] pimreg: entered allmulticast mode
[   49.846318] pimreg: entered allmulticast mode
[   49.851174] pimreg: left allmulticast mode
[   49.851516] pimreg: left allmulticast mode
[   49.851830] pimreg: left allmulticast mode
[   49.852141] pimreg: left allmulticast mode
[   49.852452] pimreg: left allmulticast mode
[   49.852767] pimreg: left allmulticast mode
[   49.853069] pimreg: left allmulticast mode
[   49.865533] pimreg: entered allmulticast mode
[   49.897572] pimreg: entered allmulticast mode
[   49.925097] pimreg: entered allmulticast mode
[   49.934333] pimreg: entered allmulticast mode
[   49.958156] pimreg: entered allmulticast mode
[   49.978162] pimreg: entered allmulticast mode
[   49.983279] pimreg: left allmulticast mode
[   49.983585] pimreg: left allmulticast mode
[   49.984008] pimreg: left allmulticast mode
[   49.984347] pimreg: left allmulticast mode
[   49.984648] pimreg: left allmulticast mode
[   49.985000] pimreg: left allmulticast mode
[   49.995423] pimreg: entered allmulticast mode
[   50.024685] pimreg: entered allmulticast mode
[   50.044305] pimreg: entered allmulticast mode
[   50.066288] pimreg: entered allmulticast mode
[   50.086149] pimreg: entered allmulticast mode
[   50.105948] pimreg: entered allmulticast mode
[   50.126668] pimreg: entered allmulticast mode
[   50.146857] pimreg: left allmulticast mode
[   50.147186] pimreg: left allmulticast mode
[   50.147467] pimreg: left allmulticast mode
[   50.147769] pimreg: left allmulticast mode
[   50.148092] pimreg: left allmulticast mode
[   50.148423] pimreg: left allmulticast mode
[   50.148736] pimreg: left allmulticast mode
[   50.160167] pimreg: entered allmulticast mode
[   50.178195] pimreg: entered allmulticast mode
[   50.209609] pimreg: entered allmulticast mode
[   50.234933] pimreg: entered allmulticast mode
[   50.254303] pimreg: entered allmulticast mode
[   50.274181] pimreg: entered allmulticast mode
[   50.291301] pimreg: left allmulticast mode
[   50.291624] pimreg: left allmulticast mode
[   50.291933] pimreg: left allmulticast mode
[   50.292265] pimreg: left allmulticast mode
[   50.292576] pimreg: left allmulticast mode
[   50.292881] pimreg: left allmulticast mode
[   50.303143] pimreg: entered allmulticast mode
[   50.321079] pimreg: entered allmulticast mode
[   50.340358] pimreg: entered allmulticast mode
[   50.357943] pimreg: entered allmulticast mode
[   50.382278] pimreg: entered allmulticast mode
[   50.409970] pimreg: entered allmulticast mode
[   50.433273] pimreg: entered allmulticast mode
[   50.451008] pimreg: left allmulticast mode
[   50.451343] pimreg: left allmulticast mode
[   50.451660] pimreg: left allmulticast mode
[   50.451969] pimreg: left allmulticast mode
[   50.453652] pimreg: left allmulticast mode
[   50.453960] pimreg: left allmulticast mode
[   50.454457] pimreg: left allmulticast mode
[   50.465756] pimreg: entered allmulticast mode
[   50.494643] pimreg: entered allmulticast mode
[   50.522955] pimreg: entered allmulticast mode
[   50.539209] pimreg: entered allmulticast mode
[   50.570183] pimreg: entered allmulticast mode
[   50.590098] pimreg: entered allmulticast mode
[   50.614106] pimreg: entered allmulticast mode
[   50.635124] pimreg: left allmulticast mode
[   50.635459] pimreg: left allmulticast mode
[   50.635765] pimreg: left allmulticast mode
[   50.636078] pimreg: left allmulticast mode
[   50.636669] pimreg: left allmulticast mode
[   50.636992] pimreg: left allmulticast mode
[   50.637314] pimreg: left allmulticast mode
[   50.648671] pimreg: entered allmulticast mode
[   50.666546] pimreg: entered allmulticast mode
[   50.693518] pimreg: entered allmulticast mode
[   50.718308] pimreg: entered allmulticast mode
[   50.746441] pimreg: entered allmulticast mode
[   50.765790] pimreg: entered allmulticast mode
[   50.790111] pimreg: entered allmulticast mode
[   50.811051] pimreg: left allmulticast mode
[   50.811402] pimreg: left allmulticast mode
[   50.811691] pimreg: left allmulticast mode
[   50.812033] pimreg: left allmulticast mode
[   50.812371] pimreg: left allmulticast mode
[   50.812794] pimreg: left allmulticast mode
[   50.813407] pimreg: left allmulticast mode
[   50.825317] pimreg: entered allmulticast mode
[   50.851597] pimreg: entered allmulticast mode
[   50.877744] pimreg: entered allmulticast mode
[   50.902193] pimreg: entered allmulticast mode
[   50.922077] pimreg: entered allmulticast mode
[   50.946098] pimreg: entered allmulticast mode
[   50.969678] pimreg: entered allmulticast mode
[   50.983062] pimreg: left allmulticast mode
[   50.983386] pimreg: left allmulticast mode
[   50.983666] pimreg: left allmulticast mode
[   50.983977] pimreg: left allmulticast mode
[   50.984299] pimreg: left allmulticast mode
[   50.984615] pimreg: left allmulticast mode
[   50.985296] pimreg: left allmulticast mode
[   50.998151] pimreg: entered allmulticast mode
[   51.023636] pimreg: entered allmulticast mode
[   51.046706] pimreg: entered allmulticast mode
[   51.070363] pimreg: entered allmulticast mode
[   51.094354] pimreg: entered allmulticast mode
[   51.122286] pimreg: entered allmulticast mode
[   51.162355] pimreg: entered allmulticast mode
[   51.190339] pimreg: entered allmulticast mode
[   51.211215] pimreg: left allmulticast mode
[   51.211545] pimreg: left allmulticast mode
[   51.211858] pimreg: left allmulticast mode
[   51.212160] pimreg: left allmulticast mode
[   51.212482] pimreg: left allmulticast mode
[   51.212794] pimreg: left allmulticast mode
[   51.213107] pimreg: left allmulticast mode
[   51.213415] pimreg: left allmulticast mode
[   51.226467] pimreg: entered allmulticast mode
[   51.254180] pimreg: entered allmulticast mode
[   51.282739] pimreg: entered allmulticast mode
[   51.293521] pimreg: entered allmulticast mode
[   51.317634] pimreg: entered allmulticast mode
[   51.331331] pimreg: left allmulticast mode
[   51.331688] pimreg: left allmulticast mode
[   51.332025] pimreg: left allmulticast mode
[   51.332377] pimreg: left allmulticast mode
[   51.332700] pimreg: left allmulticast mode
[   51.343147] pimreg: entered allmulticast mode
[   51.377480] pimreg: entered allmulticast mode
[   51.404159] pimreg: entered allmulticast mode
[   51.426429] pimreg: entered allmulticast mode
[   51.454098] pimreg: entered allmulticast mode
[   51.474540] pimreg: entered allmulticast mode
[   51.494291] pimreg: entered allmulticast mode
[   51.499122] pimreg: left allmulticast mode
[   51.499438] pimreg: left allmulticast mode
[   51.499710] pimreg: left allmulticast mode
[   51.499986] pimreg: left allmulticast mode
[   51.500274] pimreg: left allmulticast mode
[   51.500543] pimreg: left allmulticast mode
[   51.517838] pimreg: entered allmulticast mode
[   51.537925] pimreg: entered allmulticast mode
[   51.557832] pimreg: entered allmulticast mode
[   51.606851] pimreg: entered allmulticast mode
[   51.625984] pimreg: entered allmulticast mode
[   51.654169] pimreg: entered allmulticast mode
[   51.674830] pimreg: left allmulticast mode
[   51.675158] pimreg: left allmulticast mode
[   51.675438] pimreg: left allmulticast mode
[   51.675709] pimreg: left allmulticast mode
[   51.675992] pimreg: left allmulticast mode
[   51.676729] pimreg: left allmulticast mode
[   51.677080] pimreg: left allmulticast mode
[   51.688844] pimreg: entered allmulticast mode
[   51.747337] pimreg: entered allmulticast mode
[   51.790773] pimreg: entered allmulticast mode
[   51.814237] pimreg: entered allmulticast mode
[   51.858290] pimreg: entered allmulticast mode
[   51.890068] pimreg: entered allmulticast mode
[   51.918008] pimreg: entered allmulticast mode
[   51.946074] pimreg: entered allmulticast mode
[   51.955317] pimreg: left allmulticast mode
[   51.955793] pimreg: left allmulticast mode
[   51.956074] pimreg: left allmulticast mode
[   51.956361] pimreg: left allmulticast mode
[   51.956669] pimreg: left allmulticast mode
[   51.956972] pimreg: left allmulticast mode
[   51.957288] pimreg: left allmulticast mode
[   51.969898] pimreg: entered allmulticast mode
[   52.003134] pimreg: entered allmulticast mode
[   52.006549] systemd-journald[144]: Data hash table of /run/log/journal/938775788448454bb5b34822d5730c41/system.journal has a fill level at 75.0 (5360 of 7146 items, 4116480 file size, 768 bytes per hash table item), suggesting rotation.
[   52.008070] systemd-journald[144]: /run/log/journal/938775788448454bb5b34822d5730c41/system.journal: Journal header limits reached or header out-of-date, rotating.
[   52.028706] pimreg: entered allmulticast mode
[   52.046757] pimreg: entered allmulticast mode
[   52.066728] pimreg: entered allmulticast mode
[   52.106222] pimreg: entered allmulticast mode
[   52.131443] pimreg: entered allmulticast mode
[   52.150884] pimreg: left allmulticast mode
[   52.151218] pimreg: left allmulticast mode
[   52.151522] pimreg: left allmulticast mode
[   52.151848] pimreg: left allmulticast mode
[   52.152169] pimreg: left allmulticast mode
[   52.152500] pimreg: left allmulticast mode
[   52.152811] pimreg: left allmulticast mode
[   52.153368] pimreg: left allmulticast mode
[   52.166193] pimreg: entered allmulticast mode
[   52.203107] pimreg: entered allmulticast mode
[   52.215538] pimreg: entered allmulticast mode
[   52.234208] pimreg: entered allmulticast mode
[   52.258288] pimreg: entered allmulticast mode
[   52.293796] pimreg: entered allmulticast mode
[   52.321521] pimreg: entered allmulticast mode
[   52.337670] pimreg: entered allmulticast mode
[   52.358907] pimreg: left allmulticast mode
[   52.359235] pimreg: left allmulticast mode
[   52.359514] pimreg: left allmulticast mode
[   52.359789] pimreg: left allmulticast mode
[   52.360070] pimreg: left allmulticast mode
[   52.360769] pimreg: left allmulticast mode
[   52.361113] pimreg: left allmulticast mode
[   52.361441] pimreg: left allmulticast mode
[   52.374821] pimreg: entered allmulticast mode
[   52.403776] pimreg: entered allmulticast mode
[   52.432784] pimreg: entered allmulticast mode
[   52.470119] pimreg: entered allmulticast mode
[   52.481728] pimreg: entered allmulticast mode
[   52.526283] pimreg: entered allmulticast mode
[   52.582311] pimreg: entered allmulticast mode
[   52.607343] pimreg: left allmulticast mode
[   52.607665] pimreg: left allmulticast mode
[   52.607977] pimreg: left allmulticast mode
[   52.608294] pimreg: left allmulticast mode
[   52.608610] pimreg: left allmulticast mode
[   52.609897] pimreg: left allmulticast mode
[   52.610219] pimreg: left allmulticast mode
[   52.622290] pimreg: entered allmulticast mode
[   52.646893] pimreg: entered allmulticast mode
[   52.668647] pimreg: entered allmulticast mode
[   52.702154] pimreg: entered allmulticast mode
[   52.738138] pimreg: entered allmulticast mode
[   52.774826] pimreg: entered allmulticast mode
[   52.801988] pimreg: entered allmulticast mode
[   52.826789] pimreg: entered allmulticast mode
[   52.849735] pimreg: entered allmulticast mode
[   52.855458] pimreg: left allmulticast mode
[   52.856010] pimreg: left allmulticast mode
[   52.856362] pimreg: left allmulticast mode
[   52.856688] pimreg: left allmulticast mode
[   52.857015] pimreg: left allmulticast mode
[   52.857347] pimreg: left allmulticast mode
[   52.857666] pimreg: left allmulticast mode
[   52.857992] pimreg: left allmulticast mode
[   52.874839] pimreg: entered allmulticast mode
[   52.904197] pimreg: entered allmulticast mode
[   52.942149] pimreg: entered allmulticast mode
[   52.963224] pimreg: entered allmulticast mode
[   52.982013] pimreg: entered allmulticast mode
[   53.010722] pimreg: entered allmulticast mode
[   53.030194] pimreg: entered allmulticast mode
[   53.050520] pimreg: entered allmulticast mode
[   53.075701] pimreg: left allmulticast mode
[   53.076036] pimreg: left allmulticast mode
[   53.076358] pimreg: left allmulticast mode
[   53.076673] pimreg: left allmulticast mode
[   53.076992] pimreg: left allmulticast mode
[   53.077412] pimreg: left allmulticast mode
[   53.077729] pimreg: left allmulticast mode
[   53.078031] pimreg: left allmulticast mode
[   53.078380] pimreg: left allmulticast mode
[   53.092953] pimreg: entered allmulticast mode
[   53.135473] pimreg: entered allmulticast mode
[   53.156099] pimreg: entered allmulticast mode
[   53.178227] pimreg: entered allmulticast mode
[   53.197824] pimreg: entered allmulticast mode
[   53.222292] pimreg: entered allmulticast mode
[   53.250141] pimreg: entered allmulticast mode
[   53.269892] pimreg: entered allmulticast mode
[   53.290507] pimreg: entered allmulticast mode
[   53.326850] pimreg: entered allmulticast mode
[   53.331480] pimreg: left allmulticast mode
[   53.331807] pimreg: left allmulticast mode
[   53.332130] pimreg: left allmulticast mode
[   53.332438] pimreg: left allmulticast mode
[   53.332744] pimreg: left allmulticast mode
[   53.333053] pimreg: left allmulticast mode
[   53.333366] pimreg: left allmulticast mode
[   53.333672] pimreg: left allmulticast mode
[   53.333972] pimreg: left allmulticast mode
[   53.334312] pimreg: left allmulticast mode
[   53.350379] pimreg: entered allmulticast mode
[   53.381393] pimreg: entered allmulticast mode
[   53.405971] pimreg: entered allmulticast mode
[   53.430635] pimreg: entered allmulticast mode
[   53.458438] pimreg: entered allmulticast mode
[   53.485977] pimreg: entered allmulticast mode
[   53.510359] pimreg: entered allmulticast mode
[   53.537711] pimreg: entered allmulticast mode
[   53.566531] pimreg: entered allmulticast mode
[   53.603459] pimreg: left allmulticast mode
[   53.603839] pimreg: left allmulticast mode
[   53.604213] pimreg: left allmulticast mode
[   53.604524] pimreg: left allmulticast mode
[   53.604833] pimreg: left allmulticast mode
[   53.605157] pimreg: left allmulticast mode
[   53.605460] pimreg: left allmulticast mode
[   53.605765] pimreg: left allmulticast mode
[   53.606070] pimreg: left allmulticast mode
[   53.620113] pimreg: entered allmulticast mode
[   53.646556] pimreg: entered allmulticast mode
[   53.660955] pimreg: entered allmulticast mode
[   53.681758] pimreg: entered allmulticast mode
[   53.710215] pimreg: entered allmulticast mode
[   53.733836] pimreg: entered allmulticast mode
[   53.754281] pimreg: entered allmulticast mode
[   53.765931] pimreg: entered allmulticast mode
[   53.791244] pimreg: left allmulticast mode
[   53.791671] pimreg: left allmulticast mode
[   53.791978] pimreg: left allmulticast mode
[   53.792304] pimreg: left allmulticast mode
[   53.792613] pimreg: left allmulticast mode
[   53.792928] pimreg: left allmulticast mode
[   53.793242] pimreg: left allmulticast mode
[   53.793549] pimreg: left allmulticast mode
[   53.806701] pimreg: entered allmulticast mode
[   53.847023] pimreg: entered allmulticast mode
[   53.870064] pimreg: entered allmulticast mode
[   53.902435] pimreg: entered allmulticast mode
[   53.926058] pimreg: entered allmulticast mode
[   53.950202] pimreg: entered allmulticast mode
[   53.985638] pimreg: entered allmulticast mode
[   54.014053] pimreg: entered allmulticast mode
[   54.038498] pimreg: entered allmulticast mode
[   54.043811] pimreg: left allmulticast mode
[   54.044137] pimreg: left allmulticast mode
[   54.044412] pimreg: left allmulticast mode
[   54.044686] pimreg: left allmulticast mode
[   54.045004] pimreg: left allmulticast mode
[   54.045314] pimreg: left allmulticast mode
[   54.045616] pimreg: left allmulticast mode
[   54.045920] pimreg: left allmulticast mode
[   54.061988] pimreg: entered allmulticast mode
[   54.082987] pimreg: entered allmulticast mode
[   54.106402] pimreg: entered allmulticast mode
[   54.130670] pimreg: entered allmulticast mode
[   54.154104] pimreg: entered allmulticast mode
[   54.178293] pimreg: entered allmulticast mode
[   54.209828] pimreg: entered allmulticast mode
[   54.238222] pimreg: entered allmulticast mode
[   54.279362] pimreg: left allmulticast mode
[   54.279682] pimreg: left allmulticast mode
[   54.279993] pimreg: left allmulticast mode
[   54.280322] pimreg: left allmulticast mode
[   54.280622] pimreg: left allmulticast mode
[   54.280932] pimreg: left allmulticast mode
[   54.281239] pimreg: left allmulticast mode
[   54.281539] pimreg: left allmulticast mode
[   54.281832] pimreg: left allmulticast mode
[   54.295955] pimreg: entered allmulticast mode
[   54.316256] pimreg: entered allmulticast mode
[   54.338218] pimreg: entered allmulticast mode
[   54.358676] pimreg: entered allmulticast mode
[   54.382124] pimreg: entered allmulticast mode
[   54.406146] pimreg: entered allmulticast mode
[   54.441701] pimreg: entered allmulticast mode
[   54.482478] pimreg: entered allmulticast mode
[   54.510761] pimreg: entered allmulticast mode
[   54.534486] pimreg: entered allmulticast mode
[   54.539426] pimreg: left allmulticast mode
[   54.539755] pimreg: left allmulticast mode
[   54.540077] pimreg: left allmulticast mode
[   54.540373] pimreg: left allmulticast mode
[   54.540673] pimreg: left allmulticast mode
[   54.540983] pimreg: left allmulticast mode
[   54.541295] pimreg: left allmulticast mode
[   54.541601] pimreg: left allmulticast mode
[   54.541901] pimreg: left allmulticast mode
[   54.542211] pimreg: left allmulticast mode
[   54.558117] pimreg: entered allmulticast mode
[   54.580282] pimreg: entered allmulticast mode
[   54.608658] pimreg: entered allmulticast mode
[   54.625916] pimreg: entered allmulticast mode
[   54.662245] pimreg: entered allmulticast mode
[   54.689852] pimreg: entered allmulticast mode
[   54.746069] pimreg: entered allmulticast mode
[   54.765973] pimreg: entered allmulticast mode
[   54.786630] pimreg: entered allmulticast mode
[   54.815115] pimreg: left allmulticast mode
[   54.815446] pimreg: left allmulticast mode
[   54.815757] pimreg: left allmulticast mode
[   54.816070] pimreg: left allmulticast mode
[   54.816932] pimreg: left allmulticast mode
[   54.817293] pimreg: left allmulticast mode
[   54.817603] pimreg: left allmulticast mode
[   54.817911] pimreg: left allmulticast mode
[   54.818217] pimreg: left allmulticast mode
[   54.832201] pimreg: entered allmulticast mode
[   54.852471] pimreg: entered allmulticast mode
[   54.881503] pimreg: entered allmulticast mode
[   54.922170] pimreg: entered allmulticast mode
[   54.950326] pimreg: entered allmulticast mode
[   54.990161] pimreg: entered allmulticast mode
[   55.013862] pimreg: entered allmulticast mode
[   55.050166] pimreg: entered allmulticast mode
[   55.094215] pimreg: entered allmulticast mode
[   55.111309] pimreg: left allmulticast mode
[   55.111634] pimreg: left allmulticast mode
[   55.111903] pimreg: left allmulticast mode
[   55.112682] pimreg: left allmulticast mode
[   55.113085] pimreg: left allmulticast mode
[   55.113411] pimreg: left allmulticast mode
[   55.113720] pimreg: left allmulticast mode
[   55.114028] pimreg: left allmulticast mode
[   55.114793] pimreg: left allmulticast mode
[   55.128763] pimreg: entered allmulticast mode
[   55.177854] pimreg: entered allmulticast mode
[   55.210842] pimreg: entered allmulticast mode
[   55.238620] pimreg: entered allmulticast mode
[   55.269973] pimreg: entered allmulticast mode
[   55.302074] pimreg: entered allmulticast mode
[   55.330292] pimreg: entered allmulticast mode
[   55.362055] pimreg: entered allmulticast mode
[   55.405704] pimreg: entered allmulticast mode
[   55.426184] pimreg: entered allmulticast mode
[   55.431230] pimreg: left allmulticast mode
[   55.431556] pimreg: left allmulticast mode
[   55.431867] pimreg: left allmulticast mode
[   55.432171] pimreg: left allmulticast mode
[   55.432475] pimreg: left allmulticast mode
[   55.432780] pimreg: left allmulticast mode
[   55.433089] pimreg: left allmulticast mode
[   55.433395] pimreg: left allmulticast mode
[   55.433703] pimreg: left allmulticast mode
[   55.454383] pimreg: entered allmulticast mode
[   55.478362] pimreg: entered allmulticast mode
[   55.502986] pimreg: entered allmulticast mode
[   55.526102] pimreg: entered allmulticast mode
[   55.565759] pimreg: entered allmulticast mode
[   55.606291] pimreg: entered allmulticast mode
[   55.646173] pimreg: entered allmulticast mode
[   55.686506] pimreg: entered allmulticast mode
[   55.726109] pimreg: entered allmulticast mode
[   55.731459] pimreg: left allmulticast mode
[   55.731793] pimreg: left allmulticast mode
[   55.732114] pimreg: left allmulticast mode
[   55.732420] pimreg: left allmulticast mode
[   55.732720] pimreg: left allmulticast mode
[   55.733029] pimreg: left allmulticast mode
[   55.733336] pimreg: left allmulticast mode
[   55.733642] pimreg: left allmulticast mode
[   55.733947] pimreg: left allmulticast mode
[   55.749832] pimreg: entered allmulticast mode
[   55.784195] pimreg: entered allmulticast mode
[   55.808355] pimreg: entered allmulticast mode
[   55.826294] pimreg: entered allmulticast mode
[   55.866107] pimreg: entered allmulticast mode
[   55.890281] pimreg: entered allmulticast mode
[   55.910343] pimreg: entered allmulticast mode
[   55.946189] pimreg: entered allmulticast mode
[   55.978394] pimreg: entered allmulticast mode
[   56.003345] pimreg: left allmulticast mode
[   56.003647] pimreg: left allmulticast mode
[   56.003920] pimreg: left allmulticast mode
[   56.004241] pimreg: left allmulticast mode
[   56.004560] pimreg: left allmulticast mode
[   56.004886] pimreg: left allmulticast mode
[   56.005188] pimreg: left allmulticast mode
[   56.005469] pimreg: left allmulticast mode
[   56.005747] pimreg: left allmulticast mode
[   56.006038] pimreg: left allmulticast mode
[   56.021326] pimreg: entered allmulticast mode
[   56.057429] pimreg: entered allmulticast mode
[   56.082887] pimreg: entered allmulticast mode
[   56.114376] pimreg: entered allmulticast mode
[   56.137937] pimreg: entered allmulticast mode
[   56.162139] pimreg: entered allmulticast mode
[   56.198205] pimreg: entered allmulticast mode
[   56.225979] pimreg: entered allmulticast mode
[   56.254102] pimreg: entered allmulticast mode
[   56.282128] pimreg: entered allmulticast mode
[   56.287500] pimreg: left allmulticast mode
[   56.287828] pimreg: left allmulticast mode
[   56.288152] pimreg: left allmulticast mode
[   56.288456] pimreg: left allmulticast mode
[   56.288967] pimreg: left allmulticast mode
[   56.289638] pimreg: left allmulticast mode
[   56.289960] pimreg: left allmulticast mode
[   56.290332] pimreg: left allmulticast mode
[   56.290641] pimreg: left allmulticast mode
[   56.291178] pimreg: left allmulticast mode
[   56.306749] pimreg: entered allmulticast mode
[   56.328477] pimreg: entered allmulticast mode
[   56.362018] pimreg: entered allmulticast mode
[   56.391030] pimreg: entered allmulticast mode
[   56.418291] pimreg: entered allmulticast mode
[   56.438154] pimreg: entered allmulticast mode
[   56.461974] pimreg: entered allmulticast mode
[   56.489878] pimreg: entered allmulticast mode
[   56.503515] pimreg: left allmulticast mode
[   56.504069] pimreg: left allmulticast mode
[   56.504543] pimreg: left allmulticast mode
[   56.504853] pimreg: left allmulticast mode
[   56.505161] pimreg: left allmulticast mode
[   56.505465] pimreg: left allmulticast mode
[   56.505772] pimreg: left allmulticast mode
[   56.506082] pimreg: left allmulticast mode
[   56.519660] pimreg: entered allmulticast mode
[   56.566909] pimreg: entered allmulticast mode
[   56.581751] pimreg: entered allmulticast mode
[   56.598041] pimreg: entered allmulticast mode
[   56.617954] pimreg: entered allmulticast mode
[   56.638174] pimreg: entered allmulticast mode
[   56.662101] pimreg: entered allmulticast mode
[   56.682449] pimreg: entered allmulticast mode
[   56.707240] pimreg: left allmulticast mode
[   56.707531] pimreg: left allmulticast mode
[   56.707795] pimreg: left allmulticast mode
[   56.708109] pimreg: left allmulticast mode
[   56.709357] pimreg: left allmulticast mode
[   56.709640] pimreg: left allmulticast mode
[   56.709924] pimreg: left allmulticast mode
[   56.710235] pimreg: left allmulticast mode
[   56.723228] pimreg: entered allmulticast mode
[   56.746973] pimreg: entered allmulticast mode
[   56.766326] pimreg: entered allmulticast mode
[   56.780033] pimreg: entered allmulticast mode
[   56.802472] pimreg: entered allmulticast mode
[   56.822028] pimreg: entered allmulticast mode
[   56.846193] pimreg: entered allmulticast mode
[   56.866328] pimreg: entered allmulticast mode
[   56.886682] pimreg: entered allmulticast mode
[   56.903120] pimreg: left allmulticast mode
[   56.903447] pimreg: left allmulticast mode
[   56.903751] pimreg: left allmulticast mode
[   56.904067] pimreg: left allmulticast mode
[   56.904378] pimreg: left allmulticast mode
[   56.905753] pimreg: left allmulticast mode
[   56.906049] pimreg: left allmulticast mode
[   56.906381] pimreg: left allmulticast mode
[   56.906679] pimreg: left allmulticast mode
[   56.920599] pimreg: entered allmulticast mode
[   56.941311] pimreg: entered allmulticast mode
[   56.983573] pimreg: entered allmulticast mode
[   57.018550] pimreg: entered allmulticast mode
[   57.050009] pimreg: entered allmulticast mode
[   57.074293] pimreg: entered allmulticast mode
[   57.117901] pimreg: entered allmulticast mode
[   57.149774] pimreg: entered allmulticast mode
[   57.174151] pimreg: entered allmulticast mode
[   57.199129] pimreg: left allmulticast mode
[   57.199453] pimreg: left allmulticast mode
[   57.199757] pimreg: left allmulticast mode
[   57.200088] pimreg: left allmulticast mode
[   57.200404] pimreg: left allmulticast mode
[   57.200797] pimreg: left allmulticast mode
[   57.201172] pimreg: left allmulticast mode
[   57.201505] pimreg: left allmulticast mode
[   57.201811] pimreg: left allmulticast mode
[   57.215826] pimreg: entered allmulticast mode
[   57.242448] pimreg: entered allmulticast mode
[   57.254463] pimreg: entered allmulticast mode
[   57.273806] pimreg: entered allmulticast mode
[   57.302157] pimreg: entered allmulticast mode
[   57.325736] pimreg: entered allmulticast mode
[   57.370013] pimreg: entered allmulticast mode
[   57.394199] pimreg: entered allmulticast mode
[   57.422207] pimreg: entered allmulticast mode
[   57.463405] pimreg: left allmulticast mode
[   57.463701] pimreg: left allmulticast mode
[   57.463998] pimreg: left allmulticast mode
[   57.464291] pimreg: left allmulticast mode
[   57.464568] pimreg: left allmulticast mode
[   57.464888] pimreg: left allmulticast mode
[   57.465197] pimreg: left allmulticast mode
[   57.465495] pimreg: left allmulticast mode
[   57.465798] pimreg: left allmulticast mode
[   57.479956] pimreg: entered allmulticast mode
[   57.500202] pimreg: entered allmulticast mode
[   57.510968] pimreg: entered allmulticast mode
[   57.535089] pimreg: entered allmulticast mode
[   57.574184] pimreg: entered allmulticast mode
[   57.609866] pimreg: entered allmulticast mode
[   57.634107] pimreg: entered allmulticast mode
[   57.669983] pimreg: entered allmulticast mode
[   57.713992] pimreg: entered allmulticast mode
[   57.739104] pimreg: left allmulticast mode
[   57.739449] pimreg: left allmulticast mode
[   57.739782] pimreg: left allmulticast mode
[   57.740121] pimreg: left allmulticast mode
[   57.740443] pimreg: left allmulticast mode
[   57.741740] pimreg: left allmulticast mode
[   57.742039] pimreg: left allmulticast mode
[   57.742351] pimreg: left allmulticast mode
[   57.742625] pimreg: left allmulticast mode
[   57.756085] pimreg: entered allmulticast mode
[   57.772925] pimreg: entered allmulticast mode
[   57.790522] pimreg: entered allmulticast mode
[   57.818351] pimreg: entered allmulticast mode
[   57.861917] pimreg: entered allmulticast mode
[   57.893933] pimreg: entered allmulticast mode
[   57.926177] pimreg: entered allmulticast mode
[   57.970191] pimreg: entered allmulticast mode
[   57.998023] pimreg: entered allmulticast mode
[   58.027333] pimreg: left allmulticast mode
[   58.027641] pimreg: left allmulticast mode
[   58.027959] pimreg: left allmulticast mode
[   58.028262] pimreg: left allmulticast mode
[   58.028560] pimreg: left allmulticast mode
[   58.028872] pimreg: left allmulticast mode
[   58.029182] pimreg: left allmulticast mode
[   58.029482] pimreg: left allmulticast mode
[   58.029795] pimreg: left allmulticast mode
[   58.043880] pimreg: entered allmulticast mode
[   58.080061] pimreg: entered allmulticast mode
[   58.101116] pimreg: entered allmulticast mode
[   58.122828] pimreg: entered allmulticast mode
[   58.133861] pimreg: entered allmulticast mode
[   58.158342] pimreg: entered allmulticast mode
[   58.185902] pimreg: entered allmulticast mode
[   58.218194] pimreg: entered allmulticast mode
[   58.262346] pimreg: entered allmulticast mode
[   58.267415] pimreg: left allmulticast mode
[   58.267748] pimreg: left allmulticast mode
[   58.268072] pimreg: left allmulticast mode
[   58.268379] pimreg: left allmulticast mode
[   58.268686] pimreg: left allmulticast mode
[   58.268996] pimreg: left allmulticast mode
[   58.269296] pimreg: left allmulticast mode
[   58.269599] pimreg: left allmulticast mode
[   58.283103] pimreg: entered allmulticast mode
[   58.303370] pimreg: entered allmulticast mode
[   58.326088] pimreg: entered allmulticast mode
[   58.338383] pimreg: entered allmulticast mode
[   58.353732] pimreg: entered allmulticast mode
[   58.387069] pimreg: entered allmulticast mode
[   58.387430] pimreg: left allmulticast mode
[   58.387760] pimreg: left allmulticast mode
[   58.388086] pimreg: left allmulticast mode
[   58.388395] pimreg: left allmulticast mode
[   58.388694] pimreg: left allmulticast mode
[   58.389013] pimreg: left allmulticast mode
[   58.399945] pimreg: entered allmulticast mode
[   58.421897] pimreg: entered allmulticast mode
[   58.456169] pimreg: entered allmulticast mode
[   58.478885] pimreg: entered allmulticast mode
[   58.521713] pimreg: entered allmulticast mode
[   58.558408] pimreg: entered allmulticast mode
[   58.581973] pimreg: entered allmulticast mode
[   58.599169] pimreg: left allmulticast mode
[   58.599496] pimreg: left allmulticast mode
[   58.599801] pimreg: left allmulticast mode
[   58.600129] pimreg: left allmulticast mode
[   58.600445] pimreg: left allmulticast mode
[   58.601118] pimreg: left allmulticast mode
[   58.601427] pimreg: left allmulticast mode
[   58.601733] pimreg: left allmulticast mode
[   58.614728] pimreg: entered allmulticast mode
[   58.635304] pimreg: entered allmulticast mode
[   58.658759] pimreg: entered allmulticast mode
[   58.670291] pimreg: entered allmulticast mode
[   58.709857] pimreg: entered allmulticast mode
[   58.738281] pimreg: entered allmulticast mode
[   58.774962] pimreg: left allmulticast mode
[   58.775289] pimreg: left allmulticast mode
[   58.775590] pimreg: left allmulticast mode
[   58.775908] pimreg: left allmulticast mode
[   58.776236] pimreg: left allmulticast mode
[   58.776643] pimreg: left allmulticast mode
[   58.786965] pimreg: entered allmulticast mode
[   58.805029] pimreg: entered allmulticast mode
[   58.814395] pimreg: entered allmulticast mode
[   58.829705] pimreg: entered allmulticast mode
[   58.854153] pimreg: entered allmulticast mode
[   58.878163] pimreg: entered allmulticast mode
[   58.902152] pimreg: entered allmulticast mode
[   58.938173] pimreg: entered allmulticast mode
[   58.942886] pimreg: left allmulticast mode
[   58.943215] pimreg: left allmulticast mode
[   58.943504] pimreg: left allmulticast mode
[   58.943813] pimreg: left allmulticast mode
[   58.944132] pimreg: left allmulticast mode
[   58.944447] pimreg: left allmulticast mode
[   58.944850] pimreg: left allmulticast mode
[   58.957063] pimreg: entered allmulticast mode
[   58.973796] pimreg: entered allmulticast mode
[   58.998118] pimreg: entered allmulticast mode
[   59.019148] pimreg: entered allmulticast mode
[   59.050186] pimreg: entered allmulticast mode
[   59.074219] pimreg: entered allmulticast mode
[   59.098241] pimreg: entered allmulticast mode
[   59.122206] pimreg: entered allmulticast mode
[   59.127207] pimreg: left allmulticast mode
[   59.127562] pimreg: left allmulticast mode
[   59.127835] pimreg: left allmulticast mode
[   59.128250] pimreg: left allmulticast mode
[   59.128534] pimreg: left allmulticast mode
[   59.128813] pimreg: left allmulticast mode
[   59.129123] pimreg: left allmulticast mode
[   59.129424] pimreg: left allmulticast mode
[   59.143834] pimreg: entered allmulticast mode
[   59.168846] pimreg: entered allmulticast mode
[   59.178096] pimreg: entered allmulticast mode
[   59.198288] pimreg: entered allmulticast mode
[   59.209745] pimreg: entered allmulticast mode
[   59.230224] pimreg: entered allmulticast mode
[   59.262177] pimreg: entered allmulticast mode
[   59.283292] pimreg: left allmulticast mode
[   59.283599] pimreg: left allmulticast mode
[   59.283916] pimreg: left allmulticast mode
[   59.284244] pimreg: left allmulticast mode
[   59.284556] pimreg: left allmulticast mode
[   59.285762] pimreg: left allmulticast mode
[   59.286086] pimreg: left allmulticast mode
[   59.286435] pimreg: left allmulticast mode
[   59.298807] pimreg: entered allmulticast mode
[   59.324203] pimreg: entered allmulticast mode
[   59.349974] pimreg: entered allmulticast mode
[   59.374763] pimreg: entered allmulticast mode
[   59.410668] pimreg: entered allmulticast mode
[   59.453717] pimreg: entered allmulticast mode
[   59.510457] pimreg: entered allmulticast mode
[   59.554297] pimreg: entered allmulticast mode
[   59.594448] pimreg: entered allmulticast mode
[   59.599394] pimreg: left allmulticast mode
[   59.599898] pimreg: left allmulticast mode
[   59.600209] pimreg: left allmulticast mode
[   59.600516] pimreg: left allmulticast mode
[   59.600817] pimreg: left allmulticast mode
[   59.601129] pimreg: left allmulticast mode
[   59.601434] pimreg: left allmulticast mode
[   59.601743] pimreg: left allmulticast mode
[   59.622111] pimreg: entered allmulticast mode
[   59.646815] pimreg: entered allmulticast mode
[   59.671513] pimreg: entered allmulticast mode
[   59.706283] pimreg: entered allmulticast mode
[   59.734329] pimreg: entered allmulticast mode
[   59.762059] pimreg: entered allmulticast mode
[   59.778054] pimreg: entered allmulticast mode
[   59.798792] pimreg: entered allmulticast mode
[   59.815058] pimreg: left allmulticast mode
[   59.815385] pimreg: left allmulticast mode
[   59.815689] pimreg: left allmulticast mode
[   59.816011] pimreg: left allmulticast mode
[   59.816828] pimreg: left allmulticast mode
[   59.817433] pimreg: left allmulticast mode
[   59.817757] pimreg: left allmulticast mode
[   59.818078] pimreg: left allmulticast mode
[   59.818444] pimreg: left allmulticast mode
[   59.832383] pimreg: entered allmulticast mode
[   59.854387] pimreg: entered allmulticast mode
[   59.882525] pimreg: entered allmulticast mode
[   59.910387] pimreg: entered allmulticast mode
[   59.950223] pimreg: entered allmulticast mode
[   59.981897] pimreg: entered allmulticast mode
[   60.034242] pimreg: entered allmulticast mode
[   60.058171] pimreg: entered allmulticast mode
[   60.090043] pimreg: entered allmulticast mode
[   60.111341] pimreg: left allmulticast mode
[   60.111643] pimreg: left allmulticast mode
[   60.111963] pimreg: left allmulticast mode
[   60.112270] pimreg: left allmulticast mode
[   60.112584] pimreg: left allmulticast mode
[   60.112987] pimreg: left allmulticast mode
[   60.113294] pimreg: left allmulticast mode
[   60.113603] pimreg: left allmulticast mode
[   60.113913] pimreg: left allmulticast mode
[   60.127900] pimreg: entered allmulticast mode
[   60.150050] pimreg: entered allmulticast mode
[   60.181035] pimreg: entered allmulticast mode
