c[?7l[2J[0mSeaBIOS (version rel-1.16.3-0-ga6ed6b701f0a-prebuilt.qemu.org)


iPXE (http://ipxe.org) 00:03.0 CA00 PCI2.10 PnP PMM+7EFD0D60+7EF30D60 CA00
Press Ctrl-B to configure iPXE (PCI 00:03.0)...                                                                               


Booting from ROM...
c[?7l[2J[    0.000000] Linux version 6.17.0-f79e772258df+ (root@gnr-800442) (gcc (GCC) 11.5.0 20240719 (Red Hat 11.5.0-14), GNU ld version 2.35.2-66.el9) #1 SMP PREEMPT_DYNAMIC Wed May  6 09:46:36 CST 2026
[    0.000000] Command line: console=ttyS0 root=/dev/sda earlyprintk=serial net.ifnames=0 thunderbolt.dyndbg
[    0.000000] KERNEL supported cpus:
[    0.000000]   Intel GenuineIntel
[    0.000000]   AMD AuthenticAMD
[    0.000000]   Hygon HygonGenuine
[    0.000000]   Centaur CentaurHauls
[    0.000000]   zhaoxin   Shanghai  
[    0.000000] x86/CPU: Model not found in latest microcode list
[    0.000000] x86/split lock detection: #DB: warning on user-space bus_locks
[    0.000000] BIOS-provided physical RAM map:
[    0.000000] BIOS-e820: [mem 0x0000000000000000-0x000000000009fbff] usable
[    0.000000] BIOS-e820: [mem 0x000000000009fc00-0x000000000009ffff] reserved
[    0.000000] BIOS-e820: [mem 0x00000000000f0000-0x00000000000fffff] reserved
[    0.000000] BIOS-e820: [mem 0x0000000000100000-0x000000007ffdffff] usable
[    0.000000] BIOS-e820: [mem 0x000000007ffe0000-0x000000007fffffff] reserved
[    0.000000] BIOS-e820: [mem 0x00000000feffc000-0x00000000feffffff] reserved
[    0.000000] BIOS-e820: [mem 0x00000000fffc0000-0x00000000ffffffff] reserved
[    0.000000] printk: legacy bootconsole [earlyser0] enabled
[    0.000000] NX (Execute Disable) protection: active
[    0.000000] APIC: Static calls initialized
[    0.000000] SMBIOS 3.0.0 present.
[    0.000000] DMI: QEMU Standard PC (i440FX + PIIX, 1996), BIOS rel-1.16.3-0-ga6ed6b701f0a-prebuilt.qemu.org 04/01/2014
[    0.000000] DMI: Memory slots populated: 1/1
[    0.000000] Hypervisor detected: KVM
[    0.000000] kvm-clock: Using msrs 4b564d01 and 4b564d00
[    0.000003] kvm-clock: using sched offset of 734956575 cycles
[    0.000523] clocksource: kvm-clock: mask: 0xffffffffffffffff max_cycles: 0x1cd42e4dffb, max_idle_ns: 881590591483 ns
[    0.002122] tsc: Detected 2500.000 MHz processor
[    0.010906] last_pfn = 0x7ffe0 max_arch_pfn = 0x10000000000
[    0.011487] MTRR map: 4 entries (3 fixed + 1 variable; max 19), built from 8 variable MTRRs
[    0.012310] x86/PAT: Configuration [0-7]: WB  WC  UC- UC  WB  WP  UC- WT  
[    0.018369] found SMP MP-table at [mem 0x000f5480-0x000f548f]
[    0.018945] Using GB pages for direct mapping
[    0.021675] ACPI: Early table checksum verification disabled
[    0.022236] ACPI: RSDP 0x00000000000F52A0 000014 (v00 BOCHS )
[    0.022815] ACPI: RSDT 0x000000007FFE1C9B 000034 (v01 BOCHS  BXPC     00000001 BXPC 00000001)
[    0.023669] ACPI: FACP 0x000000007FFE1B47 000074 (v01 BOCHS  BXPC     00000001 BXPC 00000001)
[    0.024525] ACPI: DSDT 0x000000007FFE0040 001B07 (v01 BOCHS  BXPC     00000001 BXPC 00000001)
[    0.025380] ACPI: FACS 0x000000007FFE0000 000040
[    0.025849] ACPI: APIC 0x000000007FFE1BBB 000080 (v03 BOCHS  BXPC     00000001 BXPC 00000001)
[    0.026697] ACPI: HPET 0x000000007FFE1C3B 000038 (v01 BOCHS  BXPC     00000001 BXPC 00000001)
[    0.027550] ACPI: WAET 0x000000007FFE1C73 000028 (v01 BOCHS  BXPC     00000001 BXPC 00000001)
[    0.028400] ACPI: Reserving FACP table memory at [mem 0x7ffe1b47-0x7ffe1bba]
[    0.029099] ACPI: Reserving DSDT table memory at [mem 0x7ffe0040-0x7ffe1b46]
[    0.029793] ACPI: Reserving FACS table memory at [mem 0x7ffe0000-0x7ffe003f]
[    0.030492] ACPI: Reserving APIC table memory at [mem 0x7ffe1bbb-0x7ffe1c3a]
[    0.031189] ACPI: Reserving HPET table memory at [mem 0x7ffe1c3b-0x7ffe1c72]
[    0.031883] ACPI: Reserving WAET table memory at [mem 0x7ffe1c73-0x7ffe1c9a]
[    0.033186] No NUMA configuration found
[    0.033564] Faking a node at [mem 0x0000000000000000-0x000000007ffdffff]
[    0.034246] NODE_DATA(0) allocated [mem 0x7ffb4f00-0x7ffdfcbf]
[    0.035784] Zone ranges:
[    0.036058]   DMA      [mem 0x0000000000001000-0x0000000000ffffff]
[    0.036669]   DMA32    [mem 0x0000000001000000-0x000000007ffdffff]
[    0.037283]   Normal   empty
[    0.037570]   Device   empty
[    0.037858] Movable zone start for each node
[    0.038297] Early memory node ranges
[    0.038651]   node   0: [mem 0x0000000000001000-0x000000000009efff]
[    0.039275]   node   0: [mem 0x0000000000100000-0x000000007ffdffff]
[    0.039890] Initmem setup node 0 [mem 0x0000000000001000-0x000000007ffdffff]
[    0.040825] On node 0, zone DMA: 1 pages in unavailable ranges
[    0.041617] On node 0, zone DMA: 97 pages in unavailable ranges
[    0.071339] On node 0, zone DMA32: 32 pages in unavailable ranges
[    0.120858] kasan: KernelAddressSanitizer initialized
[    0.121660] ACPI: PM-Timer IO Port: 0x608
[    0.122090] ACPI: LAPIC_NMI (acpi_id[0xff] dfl dfl lint[0x1])
[    0.122709] IOAPIC[0]: apic_id 0, version 17, address 0xfec00000, GSI 0-23
[    0.123404] ACPI: INT_SRC_OVR (bus 0 bus_irq 0 global_irq 2 dfl dfl)
[    0.124032] ACPI: INT_SRC_OVR (bus 0 bus_irq 5 global_irq 5 high level)
[    0.124688] ACPI: INT_SRC_OVR (bus 0 bus_irq 9 global_irq 9 high level)
[    0.125345] ACPI: INT_SRC_OVR (bus 0 bus_irq 10 global_irq 10 high level)
[    0.126010] ACPI: INT_SRC_OVR (bus 0 bus_irq 11 global_irq 11 high level)
[    0.126682] ACPI: Using ACPI (MADT) for SMP configuration information
[    0.127316] ACPI: HPET id: 0x8086a201 base: 0xfed00000
[    0.127828] TSC deadline timer available
[    0.128225] CPU topo: Max. logical packages:   1
[    0.128676] CPU topo: Max. logical dies:       1
[    0.129132] CPU topo: Max. dies per package:   1
[    0.129592] CPU topo: Max. threads per core:   1
[    0.130044] CPU topo: Num. cores per package:     2
[    0.130527] CPU topo: Num. threads per package:   2
[    0.131004] CPU topo: Allowing 2 present CPUs plus 0 hotplug CPUs
[    0.131648] kvm-guest: APIC: eoi() replaced with kvm_guest_apic_eoi_write()
[    0.132356] kvm-guest: KVM setup pv remote TLB flush
[    0.132848] kvm-guest: setup PV sched yield
[    0.133307] PM: hibernation: Registered nosave memory: [mem 0x00000000-0x00000fff]
[    0.134054] PM: hibernation: Registered nosave memory: [mem 0x0009f000-0x000fffff]
[    0.134790] [mem 0x80000000-0xfeffbfff] available for PCI devices
[    0.135385] Booting paravirtualized kernel on KVM
[    0.135852] clocksource: refined-jiffies: mask: 0xffffffff max_cycles: 0xffffffff, max_idle_ns: 7645519600211568 ns
[    0.136892] setup_percpu: NR_CPUS:8192 nr_cpumask_bits:2 nr_cpu_ids:2 nr_node_ids:1
[    0.138106] percpu: Embedded 80 pages/cpu s290816 r8192 d28672 u1048576
[    0.138952] kvm-guest: PV spinlocks enabled
[    0.139381] PV qspinlock hash table entries: 256 (order: 0, 4096 bytes, linear)
[    0.140118] Kernel command line: net.ifnames=0 console=ttyS0 root=/dev/sda earlyprintk=serial net.ifnames=0 thunderbolt.dyndbg
[    0.141527] random: crng init done
[    0.141867] printk: log buffer data + meta data: 262144 + 917504 = 1179648 bytes
[    0.142937] Dentry cache hash table entries: 262144 (order: 9, 2097152 bytes, linear)
[    0.144041] Inode-cache hash table entries: 131072 (order: 8, 1048576 bytes, linear)
[    0.145125] Fallback order for Node 0: 0 
[    0.145136] Built 1 zonelists, mobility grouping on.  Total pages: 524158
[    0.146163] Policy zone: DMA32
[    0.146458] mem auto-init: stack:off, heap alloc:off, heap free:off
[    0.147045] stackdepot: allocating hash table via alloc_large_system_hash
[    0.147700] stackdepot hash table entries: 1048576 (order: 12, 16777216 bytes, linear)
[    0.151154] stackdepot: allocating space for 8192 stack pools via memblock
[    0.186979] SLUB: HWalign=64, Order=0-3, MinObjects=0, CPUs=2, Nodes=1
[    0.187606] kmemleak: Kernel memory leak detector disabled
[    0.225889] ftrace: allocating 74690 entries in 292 pages
[    0.226406] ftrace: allocated 292 pages with 3 groups
[    0.230704] Dynamic Preempt: voluntary
[    0.231489] Running RCU self tests
[    0.231814] Running RCU synchronous self tests
[    0.232245] rcu: Preemptible hierarchical RCU implementation.
[    0.232791] rcu: 	RCU lockdep checking is enabled.
[    0.233252] rcu: 	RCU restricting CPUs from NR_CPUS=8192 to nr_cpu_ids=2.
[    0.233893] 	Trampoline variant of Tasks RCU enabled.
[    0.234371] 	Rude variant of Tasks RCU enabled.
[    0.234798] 	Tracing variant of Tasks RCU enabled.
[    0.235256] rcu: RCU calculated value of scheduler-enlistment delay is 25 jiffies.
[    0.235967] rcu: Adjusting geometry for rcu_fanout_leaf=16, nr_cpu_ids=2
[    0.236654] Running RCU synchronous self tests
[    0.237087] RCU Tasks: Setting shift to 1 and lim to 1 rcu_task_cb_adjust=1 rcu_task_cpu_ids=2.
[    0.237915] RCU Tasks Rude: Setting shift to 1 and lim to 1 rcu_task_cb_adjust=1 rcu_task_cpu_ids=2.
[    0.238788] RCU Tasks Trace: Setting shift to 1 and lim to 1 rcu_task_cb_adjust=1 rcu_task_cpu_ids=2.
[    0.308910] NR_IRQS: 524544, nr_irqs: 440, preallocated irqs: 16
[    0.310010] rcu: srcu_init: Setting srcu_struct sizes based on contention.
[    0.319457] Console: colour VGA+ 80x25
[    0.319880] printk: legacy console [ttyS0] enabled
[    0.319880] printk: legacy console [ttyS0] enabled
[    0.320825] printk: legacy bootconsole [earlyser0] disabled
[    0.320825] printk: legacy bootconsole [earlyser0] disabled
[    0.321913] Lock dependency validator: Copyright (c) 2006 Red Hat, Inc., Ingo Molnar
[    0.322672] ... MAX_LOCKDEP_SUBCLASSES:  8
[    0.323085] ... MAX_LOCK_DEPTH:          48
[    0.323502] ... MAX_LOCKDEP_KEYS:        8192
[    0.323938] ... CLASSHASH_SIZE:          4096
[    0.324370] ... MAX_LOCKDEP_ENTRIES:     32768
[    0.324810] ... MAX_LOCKDEP_CHAINS:      65536
[    0.325758] ... CHAINHASH_SIZE:          32768
[    0.326207]  memory used by lock dependency info: 6429 kB
[    0.326744]  memory used for stack traces: 4224 kB
[    0.327212]  per task-struct memory footprint: 1920 bytes
[    0.327808] ACPI: Core revision 20250807
[    0.328594] clocksource: hpet: mask: 0xffffffff max_cycles: 0xffffffff, max_idle_ns: 19112604467 ns
[    0.329641] APIC: Switch to symmetric I/O mode setup
[    0.330273] x2apic enabled
[    0.330894] APIC: Switched APIC routing to: physical x2apic
[    0.331413] kvm-guest: APIC: send_IPI_mask() replaced with kvm_send_ipi_mask()
[    0.332083] kvm-guest: APIC: send_IPI_mask_allbutself() replaced with kvm_send_ipi_mask_allbutself()
[    0.332905] kvm-guest: setup PV IPIs
[    0.334292] ..TIMER: vector=0x30 apic1=0 pin1=2 apic2=-1 pin2=-1
[    0.334860] clocksource: tsc-early: mask: 0xffffffffffffffff max_cycles: 0x240939f1bb2, max_idle_ns: 440795263295 ns
[    0.335899] Calibrating delay loop (skipped) preset value.. 5000.00 BogoMIPS (lpj=10000000)
[    0.336800] x86/cpu: User Mode Instruction Prevention (UMIP) activated
[    0.337481] Last level iTLB entries: 4KB 0, 2MB 0, 4MB 0
[    0.339909] Last level dTLB entries: 4KB 0, 2MB 0, 4MB 0, 1GB 0
[    0.340466] mitigations: Enabled attack vectors: user_kernel, user_user, guest_host, guest_guest, SMT mitigations: auto
[    0.341510] Speculative Store Bypass: Mitigation: Speculative Store Bypass disabled via prctl
[    0.342336] Spectre V2 : Mitigation: Enhanced / Automatic IBRS
[    0.342862] ITS: Mitigation: Aligned branch/return thunks
[    0.343353] Spectre V1 : Mitigation: usercopy/swapgs barriers and __user pointer sanitization
[    0.343891] Spectre V2 : WARNING: Unprivileged eBPF is enabled with eIBRS on, data leaks possible via Spectre v2 BHB attacks!
[    0.344901] Spectre V2 : Spectre v2 / PBRSB-eIBRS: Retire a single CALL on VMEXIT
[    0.345551] Spectre V2 : mitigation: Enabling conditional Indirect Branch Prediction Barrier
[    0.346289] active return thunk: its_return_thunk
[    0.346705] Spectre V2 : Spectre BHI mitigation: SW BHB clearing on syscall and VM exit
[    0.347941] x86/fpu: Supporting XSAVE feature 0x001: 'x87 floating point registers'
[    0.348681] x86/fpu: Supporting XSAVE feature 0x002: 'SSE registers'
[    0.349295] x86/fpu: Supporting XSAVE feature 0x004: 'AVX registers'
[    0.349905] x86/fpu: Supporting XSAVE feature 0x020: 'AVX-512 opmask'
[    0.350514] x86/fpu: Supporting XSAVE feature 0x040: 'AVX-512 Hi256'
[    0.351074] x86/fpu: Supporting XSAVE feature 0x080: 'AVX-512 ZMM_Hi256'
[    0.351894] x86/fpu: Supporting XSAVE feature 0x200: 'Protection Keys User registers'
[    0.352650] x86/fpu: Supporting XSAVE feature 0x20000: 'AMX Tile config'
[    0.353291] x86/fpu: Supporting XSAVE feature 0x40000: 'AMX Tile data'
[    0.353888] x86/fpu: xstate_offset[2]:  576, xstate_sizes[2]:  256
[    0.354431] x86/fpu: xstate_offset[5]:  832, xstate_sizes[5]:   64
[    0.354972] x86/fpu: xstate_offset[6]:  896, xstate_sizes[6]:  512
[    0.355520] x86/fpu: xstate_offset[7]: 1408, xstate_sizes[7]: 1024
[    0.355894] x86/fpu: xstate_offset[9]: 2432, xstate_sizes[9]:    8
[    0.356495] x86/fpu: xstate_offset[17]: 2496, xstate_sizes[17]:   64
[    0.357095] x86/fpu: xstate_offset[18]: 2560, xstate_sizes[18]: 8192
[    0.357651] x86/fpu: Enabled xstate features 0x602e7, context size is 10752 bytes, using 'compacted' format.
[    0.537597] Freeing SMP alternatives memory: 64K
[    0.538052] pid_max: default: 32768 minimum: 301
[    0.538721] LSM: initializing lsm=capability,yama,ima,evm
[    0.539354] Yama: becoming mindful.
[    0.540050] Mount-cache hash table entries: 4096 (order: 3, 32768 bytes, linear)
[    0.540766] Mountpoint-cache hash table entries: 4096 (order: 3, 32768 bytes, linear)
[    0.542941] Running RCU synchronous self tests
[    0.543387] Running RCU synchronous self tests
[    0.544119] smpboot: CPU0: Intel GENUINE INTEL(R) XEON(R) (family: 0x6, model: 0xad, stepping: 0x0)
[    0.545733] Performance Events: PEBS fmt0-, Granite Rapids events, full-width counters, Intel PMU driver.
[    0.546775] ... version:                   2
[    0.547192] ... bit width:                 48
[    0.547622] ... generic counters:          8
[    0.547887] ... generic bitmap:            00000000000000ff
[    0.547896] ... fixed-purpose counters:    3
[    0.548313] ... fixed-purpose bitmap:      0000000000000007
[    0.548859] ... value mask:                0000ffffffffffff
[    0.549397] ... max period:                00007fffffffffff
[    0.549945] ... global_ctrl mask:          00000007000000ff
[    0.551038] signal: max sigframe size: 11952
[    0.551600] rcu: Hierarchical SRCU implementation.
[    0.551894] rcu: 	Max phase no-delay instances is 1000.
[    0.552595] Timer migration: 1 hierarchy levels; 8 children per group; 1 crossnode level
[    0.568047] smp: Bringing up secondary CPUs ...
[    0.569270] smpboot: x86: Booting SMP configuration:
[    0.569791] .... node  #0, CPUs:      #1
[    0.570081] smp: Brought up 1 node, 2 CPUs
[    0.571905] smpboot: Total of 2 processors activated (10000.00 BogoMIPS)
[    0.573304] Memory: 1594184K/2096632K available (79771K kernel code, 15403K rwdata, 18472K rodata, 16220K init, 21308K bss, 490872K reserved, 0K cma-reserved)
[    0.575319] devtmpfs: initialized
[    0.576536] x86/mm: Memory block size: 128MB
[    0.585863] Running RCU synchronous self tests
[    0.585863] Running RCU synchronous self tests
[    0.588004] Running RCU Tasks wait API self tests
[    0.588445] Running RCU Tasks Rude wait API self tests
[    0.588445] Running RCU Tasks Trace wait API self tests
[    0.607935] clocksource: jiffies: mask: 0xffffffff max_cycles: 0xffffffff, max_idle_ns: 7645041785100000 ns
[    0.608926] posixtimers hash table entries: 1024 (order: 4, 73728 bytes, linear)
[    0.611943] futex hash table entries: 512 (65536 bytes on 1 NUMA nodes, total 64 KiB, linear).
[    0.613227] pinctrl core: initialized pinctrl subsystem
[    0.614908] 
[    0.615076] *************************************************************
[    0.615733] **     NOTICE NOTICE NOTICE NOTICE NOTICE NOTICE NOTICE    **
[    0.615895] **                                                         **
[    0.616559] **  IOMMU DebugFS SUPPORT HAS BEEN ENABLED IN THIS KERNEL  **
[    0.617215] **                                                         **
[    0.617877] ** This means that this kernel is built to expose internal **
[    0.618545] ** IOMMU data structures, which may compromise security on **
[    0.619206] ** your system.                                            **
[    0.619868] **                                                         **
[    0.619892] ** If you see this message and you are not debugging the   **
[    0.620552] ** kernel, report this immediately to your vendor!         **
[    0.621216] **                                                         **
[    0.621877] **     NOTICE NOTICE NOTICE NOTICE NOTICE NOTICE NOTICE    **
[    0.622532] *************************************************************
[    0.623273] PM: RTC time: 01:47:56, date: 2026-05-06
[    0.626496] NET: Registered PF_NETLINK/PF_ROUTE protocol family
[    0.628546] DMA: preallocated 256 KiB GFP_KERNEL pool for atomic allocations
[    0.629257] DMA: preallocated 256 KiB GFP_KERNEL|GFP_DMA pool for atomic allocations
[    0.630031] DMA: preallocated 256 KiB GFP_KERNEL|GFP_DMA32 pool for atomic allocations
[    0.630872] audit: initializing netlink subsys (disabled)
[    0.631441] audit: type=2000 audit(1778032076.845:1): state=initialized audit_enabled=0 res=1
[    0.631900] thermal_sys: Registered thermal governor 'fair_share'
[    0.631910] thermal_sys: Registered thermal governor 'bang_bang'
[    0.632557] thermal_sys: Registered thermal governor 'step_wise'
[    0.633141] thermal_sys: Registered thermal governor 'user_space'
[    0.633785] cpuidle: using governor ladder
[    0.635898] cpuidle: using governor menu
[    0.636294] acpiphp: ACPI Hot Plug PCI Controller Driver version: 0.5
[    0.637694] PCI: Using configuration type 1 for base access
[    0.638570] kprobes: kprobe jump-optimization is enabled. All kprobes are optimized if possible.
[    0.639982] Callback from call_rcu_tasks_trace() invoked.
[    0.728767] HugeTLB: allocation took 0ms with hugepage_allocation_threads=1
[    0.729467] HugeTLB: registered 1.00 GiB page size, pre-allocated 0 pages
[    0.730137] HugeTLB: 16380 KiB vmemmap can be freed for a 1.00 GiB page
[    0.730788] HugeTLB: registered 2.00 MiB page size, pre-allocated 0 pages
[    0.731455] HugeTLB: 28 KiB vmemmap can be freed for a 2.00 MiB page
[    0.772169] ACPI: Added _OSI(Module Device)
[    0.772602] ACPI: Added _OSI(Processor Device)
[    0.773042] ACPI: Added _OSI(Processor Aggregator Device)
[    0.787211] ACPI: 1 ACPI AML tables successfully acquired and loaded
[    0.794354] ACPI: Interpreter enabled
[    0.795995] ACPI: PM: (supports S0 S3 S4 S5)
[    0.796421] ACPI: Using IOAPIC for interrupt routing
[    0.797018] PCI: Using host bridge windows from ACPI; if necessary, use "pci=nocrs" and report a bug
[    0.797909] PCI: Using E820 reservations for host bridge windows
[    0.799665] ACPI: Enabled 2 GPEs in block 00 to 0F
[    0.837468] ACPI: PCI Root Bridge [PCI0] (domain 0000 [bus 00-ff])
[    0.838104] acpi PNP0A03:00: _OSC: OS supports [ASPM ClockPM Segments MSI EDR HPX-Type3]
[    0.838900] acpi PNP0A03:00: _OSC: not requesting OS control; OS requires [ExtendedConfig ASPM ClockPM MSI]
[    0.839980] acpi PNP0A03:00: fail to add MMCONFIG information, can't access extended configuration space under this bridge
[    0.845876] acpiphp: Slot [3] registered
[    0.846407] acpiphp: Slot [4] registered
[    0.846929] acpiphp: Slot [5] registered
[    0.847454] acpiphp: Slot [6] registered
[    0.847974] acpiphp: Slot [7] registered
[    0.848501] acpiphp: Slot [8] registered
[    0.849020] acpiphp: Slot [9] registered
[    0.849546] acpiphp: Slot [10] registered
[    0.850072] acpiphp: Slot [11] registered
[    0.850601] acpiphp: Slot [12] registered
[    0.851129] acpiphp: Slot [13] registered
[    0.851676] acpiphp: Slot [14] registered
[    0.852035] acpiphp: Slot [15] registered
[    0.852560] acpiphp: Slot [16] registered
[    0.853085] acpiphp: Slot [17] registered
[    0.853615] acpiphp: Slot [18] registered
[    0.854144] acpiphp: Slot [19] registered
[    0.854667] acpiphp: Slot [20] registered
[    0.855156] acpiphp: Slot [21] registered
[    0.855655] acpiphp: Slot [22] registered
[    0.856028] acpiphp: Slot [23] registered
[    0.856553] acpiphp: Slot [24] registered
[    0.857084] acpiphp: Slot [25] registered
[    0.857580] acpiphp: Slot [26] registered
[    0.858067] acpiphp: Slot [27] registered
[    0.858549] acpiphp: Slot [28] registered
[    0.859044] acpiphp: Slot [29] registered
[    0.859533] acpiphp: Slot [30] registered
[    0.860027] acpiphp: Slot [31] registered
[    0.860479] PCI host bridge to bus 0000:00
[    0.860933] pci_bus 0000:00: root bus resource [io  0x0000-0x0cf7 window]
[    0.861561] pci_bus 0000:00: root bus resource [io  0x0d00-0xffff window]
[    0.862173] pci_bus 0000:00: root bus resource [mem 0x000a0000-0x000bffff window]
[    0.862849] pci_bus 0000:00: root bus resource [mem 0x80000000-0xfebfffff window]
[    0.863518] pci_bus 0000:00: root bus resource [mem 0x100000000-0x17fffffff window]
[    0.863895] pci_bus 0000:00: root bus resource [bus 00-ff]
[    0.864489] pci 0000:00:00.0: [8086:1237] type 00 class 0x060000 conventional PCI endpoint
[    0.866794] pci 0000:00:01.0: [8086:7000] type 00 class 0x060100 conventional PCI endpoint
[    0.868852] pci 0000:00:01.1: [8086:7010] type 00 class 0x010180 conventional PCI endpoint
[    0.870222] pci 0000:00:01.1: BAR 4 [io  0xc040-0xc04f]
[    0.870773] pci 0000:00:01.1: BAR 0 [io  0x01f0-0x01f7]: legacy IDE quirk
[    0.871433] pci 0000:00:01.1: BAR 1 [io  0x03f6]: legacy IDE quirk
[    0.871894] pci 0000:00:01.1: BAR 2 [io  0x0170-0x0177]: legacy IDE quirk
[    0.872496] pci 0000:00:01.1: BAR 3 [io  0x0376]: legacy IDE quirk
[    0.874007] pci 0000:00:01.3: [8086:7113] type 00 class 0x068000 conventional PCI endpoint
[    0.875073] pci 0000:00:01.3: quirk: [io  0x0600-0x063f] claimed by PIIX4 ACPI
[    0.875782] pci 0000:00:01.3: quirk: [io  0x0700-0x070f] claimed by PIIX4 SMB
[    0.876959] pci 0000:00:02.0: [1234:1111] type 00 class 0x030000 conventional PCI endpoint
[    0.879918] pci 0000:00:02.0: BAR 0 [mem 0xfd000000-0xfdffffff pref]
[    0.880587] pci 0000:00:02.0: BAR 2 [mem 0xfebf0000-0xfebf0fff]
[    0.881216] pci 0000:00:02.0: ROM [mem 0xfebe0000-0xfebeffff pref]
[    0.881938] pci 0000:00:02.0: Video device with shadowed ROM at [mem 0x000c0000-0x000dffff]
[    0.883955] pci 0000:00:03.0: [8086:100e] type 00 class 0x020000 conventional PCI endpoint
[    0.892420] pci 0000:00:03.0: BAR 0 [mem 0xfebc0000-0xfebdffff]
[    0.893006] pci 0000:00:03.0: BAR 1 [io  0xc000-0xc03f]
[    0.893560] pci 0000:00:03.0: ROM [mem 0xfeb80000-0xfebbffff pref]
[    0.916880] ACPI: PCI: Interrupt link LNKA configured for IRQ 10
[    0.918357] ACPI: PCI: Interrupt link LNKB configured for IRQ 10
[    0.919770] ACPI: PCI: Interrupt link LNKC configured for IRQ 11
[    0.920725] ACPI: PCI: Interrupt link LNKD configured for IRQ 11
[    0.921656] ACPI: PCI: Interrupt link LNKS configured for IRQ 9
[    0.927888] iommu: Default domain type: Translated
[    0.927888] iommu: DMA domain TLB invalidation policy: lazy mode
[    0.929865] SCSI subsystem initialized
[    0.932075] ACPI: bus type USB registered
[    0.932075] usbcore: registered new interface driver usbfs
[    0.932075] usbcore: registered new interface driver hub
[    0.932075] usbcore: registered new device driver usb
[    0.932751] pps_core: LinuxPPS API ver. 1 registered
[    0.933238] pps_core: Software ver. 5.3.6 - Copyright 2005-2007 Rodolfo Giometti <giometti@linux.it>
[    0.934145] PTP clock support registered
[    0.935888] EDAC MC: Ver: 3.0.0
[    0.938037] NetLabel: Initializing
[    0.938398] NetLabel:  domain hash size = 128
[    0.938835] NetLabel:  protocols = UNLABELED CIPSOv4 CALIPSO
[    0.939496] NetLabel:  unlabeled traffic allowed by default
[    0.940374] PCI: Using ACPI for IRQ routing
[    0.941149] pci 0000:00:02.0: vgaarb: setting as boot VGA device
[    0.941745] pci 0000:00:02.0: vgaarb: bridge control possible
[    0.942302] pci 0000:00:02.0: vgaarb: VGA device added: decodes=io+mem,owns=io+mem,locks=none
[    0.943126] vgaarb: loaded
[    0.944362] hpet0: at MMIO 0xfed00000, IRQs 2, 8, 0
[    0.944362] hpet0: 3 comparators, 64-bit 100.000000 MHz counter
[    0.948403] clocksource: Switched to clocksource kvm-clock
[    0.950302] VFS: Disk quotas dquot_6.6.0
[    0.950754] VFS: Dquot-cache hash table entries: 512 (order 0, 4096 bytes)
[    0.954286] pnp: PnP ACPI init
[    0.958319] pnp: PnP ACPI: found 6 devices
[    0.977875] clocksource: acpi_pm: mask: 0xffffff max_cycles: 0xffffff, max_idle_ns: 2085701024 ns
[    0.979189] NET: Registered PF_INET protocol family
[    0.979789] IP idents hash table entries: 32768 (order: 6, 262144 bytes, linear)
[    0.981918] tcp_listen_portaddr_hash hash table entries: 1024 (order: 4, 73728 bytes, linear)
[    0.982788] Table-perturb hash table entries: 65536 (order: 6, 262144 bytes, linear)
[    0.983601] TCP established hash table entries: 16384 (order: 5, 131072 bytes, linear)
[    0.984656] TCP bind hash table entries: 16384 (order: 9, 2359296 bytes, linear)
[    0.986340] TCP: Hash tables configured (established 16384 bind 16384)
[    0.987160] UDP hash table entries: 1024 (order: 6, 262144 bytes, linear)
[    0.987908] UDP-Lite hash table entries: 1024 (order: 6, 262144 bytes, linear)
[    0.988911] NET: Registered PF_UNIX/PF_LOCAL protocol family
[    0.990136] RPC: Registered named UNIX socket transport module.
[    0.990747] RPC: Registered udp transport module.
[    0.991217] RPC: Registered tcp transport module.
[    0.991689] RPC: Registered tcp-with-tls transport module.
[    0.992232] RPC: Registered tcp NFSv4.1 backchannel transport module.
[    0.992887] pci_bus 0000:00: resource 4 [io  0x0000-0x0cf7 window]
[    0.993518] pci_bus 0000:00: resource 5 [io  0x0d00-0xffff window]
[    0.994133] pci_bus 0000:00: resource 6 [mem 0x000a0000-0x000bffff window]
[    0.994815] pci_bus 0000:00: resource 7 [mem 0x80000000-0xfebfffff window]
[    0.995489] pci_bus 0000:00: resource 8 [mem 0x100000000-0x17fffffff window]
[    0.996532] pci 0000:00:01.0: PIIX3: Enabling Passive Release
[    0.997114] pci 0000:00:00.0: Limiting direct PCI/PCI transfers
[    0.997803] PCI: CLS 0 bytes, default 64
[    0.998288] ACPI: bus type thunderbolt registered
[    0.999116] clocksource: tsc: mask: 0xffffffffffffffff max_cycles: 0x240939f1bb2, max_idle_ns: 440795263295 ns
[    3.972871] Initialise system trusted keyrings
[    3.974656] Key type blacklist registered
[    3.975406] workingset: timestamp_bits=36 max_order=19 bucket_order=0
[    3.977875] squashfs: version 4.0 (2009/01/31) Phillip Lougher
[    3.980173] NFS: Registering the id_resolver key type
[    3.980721] Key type id_resolver registered
[    3.981140] Key type id_legacy registered
[    3.981603] nfs4filelayout_init: NFSv4 File Layout Driver Registering...
[    3.982289] nfs4flexfilelayout_init: NFSv4 Flexfile Layout Driver Registering...
[    3.983294] fuse: init (API version 7.44)
[    3.984295] SGI XFS with ACLs, security attributes, realtime, quota, no debug enabled
[    3.986555] 9p: Installing v9fs 9p2000 file system support
[    4.002975] Key type asymmetric registered
[    4.003384] Asymmetric key parser 'x509' registered
[    4.003987] Block layer SCSI generic (bsg) driver version 0.4 loaded (major 241)
[    4.005247] io scheduler mq-deadline registered
[    4.005846] io scheduler bfq registered
[    4.007360] ledtrig-cpu: registered to indicate activity on CPUs
[    4.009373] IPMI message handler: version 39.2
[    4.009911] ipmi device interface
[    4.012673] input: Power Button as /devices/LNXSYSTM:00/LNXPWRBN:00/input/input0
[    4.014405] ACPI: button: Power Button [PWRF]
[    4.016736] ERST DBG: ERST support is disabled.
[    4.018492] Serial: 8250/16550 driver, 32 ports, IRQ sharing enabled
[    4.020440] 00:04: ttyS0 at I/O 0x3f8 (irq = 4, base_baud = 115200) is a 16550A
[    4.048510] Linux agpgart interface v0.103
[    4.052316] ACPI: bus type drm_connector registered
[    4.080806] brd: module loaded
[    4.097863] loop: module loaded
[    4.110234] scsi host0: ata_piix
[    4.112273] scsi host1: ata_piix
[    4.113073] ata1: PATA max MWDMA2 cmd 0x1f0 ctl 0x3f6 bmdma 0xc040 irq 14 lpm-pol 0
[    4.113792] ata2: PATA max MWDMA2 cmd 0x170 ctl 0x376 bmdma 0xc048 irq 15 lpm-pol 0
[    4.117753] tun: Universal TUN/TAP device driver, 1.6
[    4.118876] e100: Intel(R) PRO/100 Network Driver
[    4.119334] e100: Copyright(c) 1999-2006 Intel Corporation
[    4.119959] e1000: Intel(R) PRO/1000 Network Driver
[    4.120409] e1000: Copyright (c) 1999-2006 Intel Corporation.
[    4.137326] Callback from call_rcu_tasks() invoked.
[    4.269494] ata2: found unknown device (class 0)
[    4.270561] ata2.00: ATAPI: QEMU DVD-ROM, 2.5+, max UDMA/100
[    4.271945] ata1: found unknown device (class 0)
[    4.272955] ata1.00: ATA-7: QEMU HARDDISK, 2.5+, max UDMA/100
[    4.273594] ata1.00: 17196647 sectors, multi 16: LBA48 
[    4.275192] scsi 0:0:0:0: Direct-Access     ATA      QEMU HARDDISK    2.5+ PQ: 0 ANSI: 5
[    4.278296] sd 0:0:0:0: [sda] 17196647 512-byte logical blocks: (8.80 GB/8.20 GiB)
[    4.279132] sd 0:0:0:0: Attached scsi generic sg0 type 0
[    4.279975] sd 0:0:0:0: [sda] Write Protect is off
[    4.280931] sd 0:0:0:0: [sda] Write cache: enabled, read cache: enabled, doesn't support DPO or FUA
[    4.281995] scsi 1:0:0:0: CD-ROM            QEMU     QEMU DVD-ROM     2.5+ PQ: 0 ANSI: 5
[    4.283085] sd 0:0:0:0: [sda] Preferred minimum I/O size 512 bytes
[    4.311522] scsi 1:0:0:0: Attached scsi generic sg1 type 5
[    4.313860] sd 0:0:0:0: [sda] Attached SCSI disk
[    4.793974] ACPI: \_SB_.LNKC: Enabled at IRQ 11
[    5.109630] e1000 0000:00:03.0 eth0: (PCI:33MHz:32-bit) 52:54:00:12:34:56
[    5.110319] e1000 0000:00:03.0 eth0: Intel(R) PRO/1000 Network Connection
[    5.111084] e1000e: Intel(R) PRO/1000 Network Driver
[    5.111561] e1000e: Copyright(c) 1999 - 2015 Intel Corporation.
[    5.112283] igb: Intel(R) Gigabit Ethernet Network Driver
[    5.112816] igb: Copyright (c) 2007-2014 Intel Corporation.
[    5.113724] PPP generic driver version 2.4.2
[    5.115350] VFIO - User Level meta-driver version: 0.3
[    5.117122] usbcore: registered new interface driver uas
[    5.117818] usbcore: registered new interface driver usb-storage
[    5.118665] i8042: PNP: PS/2 Controller [PNP0303:KBD,PNP0f13:MOU] at 0x60,0x64 irq 1,12
[    5.120348] serio: i8042 KBD port at 0x60,0x64 irq 1
[    5.120903] serio: i8042 AUX port at 0x60,0x64 irq 12
[    5.123214] mousedev: PS/2 mouse device common for all mice
[    5.125051] rtc_cmos 00:05: RTC can wake from S4
[    5.126583] input: AT Translated Set 2 keyboard as /devices/platform/i8042/serio0/input/input1
[    5.129114] rtc_cmos 00:05: registered as rtc0
[    5.129446] input: VirtualPS/2 VMware VMMouse as /devices/platform/i8042/serio1/input/input4
[    5.129758] rtc_cmos 00:05: setting system clock to 2026-05-06T01:48:00 UTC (1778032080)
[    5.131685] input: VirtualPS/2 VMware VMMouse as /devices/platform/i8042/serio1/input/input3
[    5.131704] rtc_cmos 00:05: alarms up to one day, y3k, 242 bytes nvram, hpet irqs
[    5.133337] i2c_dev: i2c /dev entries driver
[    5.133874] device-mapper: core: CONFIG_IMA_DISABLE_HTABLE is disabled. Duplicate IMA measurements will not be recorded in the IMA log.
[    5.135085] device-mapper: uevent: version 1.0.3
[    5.135928] device-mapper: ioctl: 4.50.0-ioctl (2025-04-28) initialised: dm-devel@lists.linux.dev
[    5.136804] intel_pstate: CPU model not supported
[    5.137506] sdhci: Secure Digital Host Controller Interface driver
[    5.138111] sdhci: Copyright(c) Pierre Ossman
[    5.138733] sdhci-pltfm: SDHCI platform and OF driver helper
[    5.140019] drop_monitor: Initializing network drop monitor service
[    5.140979] NET: Registered PF_INET6 protocol family
[    5.143057] Segment Routing with IPv6
[    5.143514] In-situ OAM (IOAM) with IPv6
[    5.143962] NET: Registered PF_PACKET protocol family
[    5.144710] 9pnet: Installing 9P2000 support
[    5.145288] Key type dns_resolver registered
[    5.147499] IPI shorthand broadcast: enabled
[    5.202948] sched_clock: Marking stable (5180005079, 21204689)->(5207658967, -6449199)
[    5.204728] registered taskstats version 1
[    5.205504] Loading compiled-in X.509 certificates
[    5.282438] Demotion targets for Node 0: null
[    5.284618] Key type .fscrypt registered
[    5.285067] Key type fscrypt-provisioning registered
[    5.289039] Key type encrypted registered
[    5.289527] ima: No TPM chip found, activating TPM-bypass!
[    5.290081] ima: Allocated hash algorithm: sha1
[    5.290578] ima: No architecture policies found
[    5.291156] evm: Initialising EVM extended attributes:
[    5.291662] evm: security.selinux
[    5.291993] evm: security.SMACK64
[    5.292321] evm: security.SMACK64EXEC
[    5.292684] evm: security.SMACK64TRANSMUTE
[    5.293085] evm: security.SMACK64MMAP
[    5.293463] evm: security.apparmor
[    5.293802] evm: security.ima
[    5.294093] evm: security.capability
[    5.294447] evm: HMAC attrs: 0x1
[    5.296706] PM:   Magic number: 10:781:760
[    5.298172] RAS: Correctable Errors collector initialized.
[    5.298952] clk: Disabling unused clocks
[    5.299398] PM: genpd: Disabling unused power domains
[    5.300600] check access for rdinit=/init failed: -2, ignoring
[    5.301022] md: Waiting for all devices to be available before autodetect
[    5.301547] md: If you don't use raid, use raid=noautodetect
[    5.301995] md: Autodetecting RAID arrays.
[    5.302303] md: autorun ...
[    5.302509] md: ... autorun DONE.
[    5.311852] EXT4-fs (sda): INFO: recovery required on readonly filesystem
[    5.312326] EXT4-fs (sda): write access will be enabled during recovery
[    5.367395] EXT4-fs (sda): recovery complete
[    5.370613] EXT4-fs (sda): mounted filesystem 088740a9-c8b4-422c-999d-a804eb68a4da ro with ordered data mode. Quota mode: none.
[    5.371444] VFS: Mounted root (ext4 filesystem) readonly on device 8:0.
[    5.374945] devtmpfs: mounted
[    5.394542] Freeing unused decrypted memory: 2028K
[    5.400731] Freeing unused kernel image (initmem) memory: 16220K
[    5.401261] Write protecting the kernel read-only data: 100352k
[    5.403862] Freeing unused kernel image (text/rodata gap) memory: 100K
[    5.406356] Freeing unused kernel image (rodata/data gap) memory: 2008K
[    6.529161] x86/mm: Checked W+X mappings: passed, no W+X pages found.
[    6.529756] Run /sbin/init as init process
[    6.728309] systemd[1]: systemd 252-15.el9 running in system mode (+PAM +AUDIT +SELINUX -APPARMOR +IMA +SMACK +SECCOMP +GCRYPT +GNUTLS +OPENSSL +ACL +BLKID +CURL +ELFUTILS -FIDO2 +IDN2 -IDN -IPTC +KMOD +LIBCRYPTSETUP +LIBFDISK +PCRE2 -PWQUALITY +P11KIT -QRENCODE +TPM2 +BZIP2 +LZ4 +XZ +ZLIB +ZSTD -BPF_FRAMEWORK +XKBCOMMON +UTMP +SYSVINIT default-hierarchy=unified)
[    6.730460] systemd[1]: Detected virtualization kvm.
[    6.730818] systemd[1]: Detected architecture x86-64.

Welcome to [0;31mCentOS Stream 9[0m!

[    6.737911] systemd[1]: Hostname set to <test>.
[    6.951721] systemd-rc-local-generator[113]: /etc/rc.d/rc.local is not marked executable, skipping.
[    7.370795] systemd[1]: Queued start job for default target Multi-User System.
[    7.392291] systemd[1]: Created slice Virtual Machine and Container Slice.
[[0;32m  OK  [0m] Created slice [0;1;39mVirtual Machine and Container Slice[0m.
[    7.397540] systemd[1]: Created slice Slice /system/getty.
[[0;32m  OK  [0m] Created slice [0;1;39mSlice /system/getty[0m.
[    7.400948] systemd[1]: Created slice Slice /system/modprobe.
[[0;32m  OK  [0m] Created slice [0;1;39mSlice /system/modprobe[0m.
[    7.404471] systemd[1]: Created slice Slice /system/serial-getty.
[[0;32m  OK  [0m] Created slice [0;1;39mSlice /system/serial-getty[0m.
[    7.407757] systemd[1]: Created slice Slice /system/sshd-keygen.
[[0;32m  OK  [0m] Created slice [0;1;39mSlice /system/sshd-keygen[0m.
[    7.410705] systemd[1]: Created slice User and Session Slice.
[[0;32m  OK  [0m] Created slice [0;1;39mUser and Session Slice[0m.
[    7.412262] systemd[1]: Started Forward Password Requests to Wall Directory Watch.
[[0;32m  OK  [0m] Started [0;1;39mForward Password R…uests to Wall Directory Watch[0m.
[    7.414887] systemd[1]: Set up automount Arbitrary Executable File Formats File System Automount Point.
[[0;32m  OK  [0m] Set up automount [0;1;39mArbitrary…s File System Automount Point[0m.
[    7.416471] systemd[1]: Reached target Local Integrity Protected Volumes.
[[0;32m  OK  [0m] Reached target [0;1;39mLocal Integrity Protected Volumes[0m.
[    7.417800] systemd[1]: Reached target Slice Units.
[[0;32m  OK  [0m] Reached target [0;1;39mSlice Units[0m.
[    7.418800] systemd[1]: Reached target Swaps.
[[0;32m  OK  [0m] Reached target [0;1;39mSwaps[0m.
[    7.419690] systemd[1]: Reached target Local Verity Protected Volumes.
[[0;32m  OK  [0m] Reached target [0;1;39mLocal Verity Protected Volumes[0m.
[    7.421261] systemd[1]: Listening on Device-mapper event daemon FIFOs.
[[0;32m  OK  [0m] Listening on [0;1;39mDevice-mapper event daemon FIFOs[0m.
[    7.423152] systemd[1]: Listening on LVM2 poll daemon socket.
[[0;32m  OK  [0m] Listening on [0;1;39mLVM2 poll daemon socket[0m.
[    7.424503] systemd[1]: multipathd control socket was skipped because of an unmet condition check (ConditionPathExists=/etc/multipath.conf).
[    7.478162] systemd[1]: Listening on RPCbind Server Activation Socket.
[[0;32m  OK  [0m] Listening on [0;1;39mRPCbind Server Activation Socket[0m.
[    7.479467] systemd[1]: Reached target RPC Port Mapper.
[[0;32m  OK  [0m] Reached target [0;1;39mRPC Port Mapper[0m.
[    7.483789] systemd[1]: Listening on Process Core Dump Socket.
[[0;32m  OK  [0m] Listening on [0;1;39mProcess Core Dump Socket[0m.
[    7.485291] systemd[1]: Listening on initctl Compatibility Named Pipe.
[[0;32m  OK  [0m] Listening on [0;1;39minitctl Compatibility Named Pipe[0m.
[    7.487052] systemd[1]: Listening on Journal Socket (/dev/log).
[[0;32m  OK  [0m] Listening on [0;1;39mJournal Socket (/dev/log)[0m.
[    7.488681] systemd[1]: Listening on Journal Socket.
[[0;32m  OK  [0m] Listening on [0;1;39mJournal Socket[0m.
[    7.490382] systemd[1]: Listening on udev Control Socket.
[[0;32m  OK  [0m] Listening on [0;1;39mudev Control Socket[0m.
[    7.491775] systemd[1]: Listening on udev Kernel Socket.
[[0;32m  OK  [0m] Listening on [0;1;39mudev Kernel Socket[0m.
[    7.498028] systemd[1]: Mounting Huge Pages File System...
         Mounting [0;1;39mHuge Pages File System[0m...
[    7.504653] systemd[1]: Mounting POSIX Message Queue File System...
         Mounting [0;1;39mPOSIX Message Queue File System[0m...
[    7.516064] systemd[1]: Mounting Kernel Debug File System...
         Mounting [0;1;39mKernel Debug File System[0m...
[    7.526270] systemd[1]: Mounting Kernel Trace File System...
         Mounting [0;1;39mKernel Trace File System[0m...
[    7.527489] systemd[1]: Kernel Module supporting RPCSEC_GSS was skipped because of an unmet condition check (ConditionPathExists=/etc/krb5.keytab).
[    7.528541] systemd[1]: Create List of Static Device Nodes was skipped because of an unmet condition check (ConditionFileNotEmpty=/lib/modules/6.17.0-f79e772258df+/modules.devname).
[    7.535116] systemd[1]: Starting Monitoring of LVM2 mirrors, snapshots etc. using dmeventd or progress polling...
         Starting [0;1;39mMonitoring of LVM…meventd or progress polling[0m...
[    7.545448] systemd[1]: Starting Load Kernel Module configfs...
         Starting [0;1;39mLoad Kernel Module configfs[0m...
[    7.553765] systemd[1]: Starting Load Kernel Module drm...
         Starting [0;1;39mLoad Kernel Module drm[0m...
[    7.563079] systemd[1]: Starting Load Kernel Module fuse...
         Starting [0;1;39mLoad Kernel Module fuse[0m...
[    7.593880] systemd[1]: Starting Read and set NIS domainname from /etc/sysconfig/network...
         Starting [0;1;39mRead and set NIS …from /etc/sysconfig/network[0m...
[    7.606833] systemd[1]: Starting Journal Service...
         Starting [0;1;39mJournal Service[0m...
[    7.622668] systemd[1]: Starting Load Kernel Modules...
         Starting [0;1;39mLoad Kernel Modules[0m...
[    7.649822] systemd[1]: Starting Generate network units from Kernel command line...
         Starting [0;1;39mGenerate network …ts from Kernel command line[0m...
[    7.658487] systemd[1]: Starting Remount Root and Kernel File Systems...
         Starting [0;1;39mRemount Root and Kernel File Systems[0m...
[    7.662575] systemd[1]: Repartition Root Disk was skipped because no trigger condition checks were met.
[    7.685463] systemd[1]: Starting Coldplug All udev Devices...
         Starting [0;1;39mColdplug All udev Devices[0m...
[    7.700691] systemd[1]: Mounted Huge Pages File System.
[[0;32m  OK  [0m] Mounted [0;1;39mHuge Pages File System[0m.
[    7.705840] systemd[1]: Mounted POSIX Message Queue File System.
[[0;32m  OK  [0m] Mounted [0;1;39mPOSIX Message Queue File System[0m.
[    7.709976] systemd[1]: Mounted Kernel Debug File System.
[[0;32m  OK  [0m] Mounted [0;1;39mKernel Debug File System[0m.
[    7.711688] systemd[1]: Mounted Kernel Trace File System.
[[0;32m  OK  [0m] Mounted [0;1;39mKernel Trace File System[0m.
[    7.718038] systemd[1]: Finished Monitoring of LVM2 mirrors, snapshots etc. using dmeventd or progress polling.
[[0;32m  OK  [0m] Finished [0;1;39mMonitoring of LVM… dmeventd or progress polling[0m.
[    7.723310] systemd[1]: modprobe@configfs.service: Deactivated successfully.
[    7.729543] systemd[1]: Finished Load Kernel Module configfs.
[[0;32m  OK  [0m] Finished [0;1;39mLoad Kernel Module configfs[0m.
[    7.734109] systemd[1]: modprobe@drm.service: Deactivated successfully.
[    7.737651] systemd[1]: Finished Load Kernel Module drm.
[    7.740352] EXT4-fs (sda): re-mounted 088740a9-c8b4-422c-999d-a804eb68a4da r/w.
[[0;32m  OK  [0m] Finished [0;1;39mLoad Kernel Module drm[0m.
[    7.749782] systemd[1]: modprobe@fuse.service: Deactivated successfully.
[    7.751537] systemd[1]: Finished Load Kernel Module fuse.
[[0;32m  OK  [0m] Finished [0;1;39mLoad Kernel Module fuse[0m.
[    7.758609] systemd[1]: Finished Read and set NIS domainname from /etc/sysconfig/network.
[[0;32m  OK  [0m] Finished [0;1;39mRead and set NIS …e from /etc/sysconfig/network[0m.
[    7.760701] systemd[1]: systemd-modules-load.service: Main process exited, code=exited, status=1/FAILURE
[    7.766216] systemd[1]: systemd-modules-load.service: Failed with result 'exit-code'.
[    7.767868] systemd[1]: Failed to start Load Kernel Modules.
[[0;1;31mFAILED[0m] Failed to start [0;1;39mLoad Kernel Modules[0m.
See 'systemctl status systemd-modules-load.service' for details.
[    7.774982] systemd[1]: Finished Generate network units from Kernel command line.
[[0;32m  OK  [0m] Finished [0;1;39mGenerate network units from Kernel command line[0m.
[    7.782712] systemd[1]: Finished Remount Root and Kernel File Systems.
[[0;32m  OK  [0m] Finished [0;1;39mRemount Root and Kernel File Systems[0m.
[    7.784956] systemd[1]: Reached target Preparation for Network.
[[0;32m  OK  [0m] Reached target [0;1;39mPreparation for Network[0m.
[    7.806117] systemd[1]: Mounting FUSE Control File System...
         Mounting [0;1;39mFUSE Control File System[0m...
[    7.821845] systemd[1]: Mounting Kernel Configuration File System...
         Mounting [0;1;39mKernel Configuration File System[0m...
[    7.825759] systemd[1]: Special handling of early boot iSCSI sessions was skipped because of an unmet condition check (ConditionDirectoryNotEmpty=/sys/class/iscsi_session).
[    7.826914] systemd[1]: First Boot Wizard was skipped because of an unmet condition check (ConditionFirstBoot=yes).
[    7.834293] systemd[1]: Rebuild Hardware Database was skipped because of an unmet condition check (ConditionNeedsUpdate=/etc).
[    7.842536] systemd[1]: Starting Load/Save Random Seed...
         Starting [0;1;39mLoad/Save Random Seed[0m...
[    7.866363] systemd[1]: Starting Apply Kernel Variables...
         Starting [0;1;39mApply Kernel Variables[0m...
[    7.867534] systemd[1]: Create System Users was skipped because no trigger condition checks were met.
[    7.877657] systemd[1]: Starting Create Static Device Nodes in /dev...
         Starting [0;1;39mCreate Static Device Nodes in /dev[0m...
[    7.888856] systemd[1]: Starting Setup Virtual Console...
         Starting [0;1;39mSetup Virtual Console[0m...
[    7.898706] systemd[1]: Started Journal Service.
[[0;32m  OK  [0m] Started [0;1;39mJournal Service[0m.
[[0;32m  OK  [0m] Mounted [0;1;39mFUSE Control File System[0m.
[[0;32m  OK  [0m] Mounted [0;1;39mKernel Configuration File System[0m.
         Starting [0;1;39mFlush Journal to Persistent Storage[0m...
[[0;32m  OK  [0m] Finished [0;1;39mLoad/Save Random Seed[0m.
[    7.986387] systemd-journald[139]: Received client request to flush runtime journal.
[[0;32m  OK  [0m] Finished [0;1;39mFlush Journal to Persistent Storage[0m.
[[0;32m  OK  [0m] Finished [0;1;39mApply Kernel Variables[0m.
[[0;32m  OK  [0m] Finished [0;1;39mCreate Static Device Nodes in /dev[0m.
         Starting [0;1;39mRule-based Manage…for Device Events and Files[0m...
[[0;32m  OK  [0m] Started [0;1;39mRule-based Manager for Device Events and Files[0m.
         Starting [0;1;39mAuto-connect to s…E devices found during boot[0m...
[[0;32m  OK  [0m] Finished [0;1;39mSetup Virtual Console[0m.
[[0;32m  OK  [0m] Finished [0;1;39mAuto-connect to s…VME devices found during boot[0m.
[[0;32m  OK  [0m] Finished [0;1;39mColdplug All udev Devices[0m.
         Starting [0;1;39mShow Plymouth Boot Screen[0m...
         Starting [0;1;39mWait for udev To …plete Device Initialization[0m...
[2J[3J[-1;-1f[[0;32m  OK  [0m] Started [0;1;39mShow Plymouth Boot Screen[0m.
[[0;32m  OK  [0m] Started [0;1;39mForward Password R…s to Plymouth Directory Watch[0m.
[[0;32m  OK  [0m] Reached target [0;1;39mLocal Encrypted Volumes[0m.
[[0;32m  OK  [0m] Reached target [0;1;39mPath Units[0m.
[[0;32m  OK  [0m] Found device [0;1;39m/dev/ttyS0[0m.
[[0;32m  OK  [0m] Listening on [0;1;39mLoad/Save RF …itch Status /dev/rfkill Watch[0m.
[[0;32m  OK  [0m] Finished [0;1;39mWait for udev To Complete Device Initialization[0m.
[[0;32m  OK  [0m] Reached target [0;1;39mPreparation for Local File Systems[0m.
[[0;32m  OK  [0m] Reached target [0;1;39mLocal File Systems[0m.
         Starting [0;1;39mTell Plymouth To Write Out Runtime Data[0m...
         Starting [0;1;39mAutomatic Boot Loader Update[0m...
         Starting [0;1;39mCreate Volatile Files and Directories[0m...
[[0;32m  OK  [0m] Finished [0;1;39mTell Plymouth To Write Out Runtime Data[0m.
[[0;32m  OK  [0m] Finished [0;1;39mAutomatic Boot Loader Update[0m.
[[0;32m  OK  [0m] Finished [0;1;39mCreate Volatile Files and Directories[0m.
         Mounting [0;1;39mRPC Pipe File System[0m...
         Starting [0;1;39mSecurity Auditing Service[0m...
         Starting [0;1;39mRPC Bind[0m...
[[0;32m  OK  [0m] Mounted [0;1;39mRPC Pipe File System[0m.
[[0;32m  OK  [0m] Reached target [0;1;39mrpc_pipefs.target[0m.
[[0;32m  OK  [0m] Started [0;1;39mRPC Bind[0m.
[[0;32m  OK  [0m] Started [0;1;39mSecurity Auditing Service[0m.
         Starting [0;1;39mRecord System Boot/Shutdown in UTMP[0m...
[[0;32m  OK  [0m] Finished [0;1;39mRecord System Boot/Shutdown in UTMP[0m.
[[0;32m  OK  [0m] Reached target [0;1;39mSystem Initialization[0m.
[[0;32m  OK  [0m] Started [0;1;39mDaily rotation of log files[0m.
[[0;32m  OK  [0m] Started [0;1;39mUpdates mlocate database every day[0m.
[[0;32m  OK  [0m] Started [0;1;39mDaily Cleanup of Temporary Directories[0m.
[[0;32m  OK  [0m] Started [0;1;39mdaily update of the root trust anchor for DNSSEC[0m.
[[0;32m  OK  [0m] Reached target [0;1;39mTimer Units[0m.
[[0;32m  OK  [0m] Listening on [0;1;39mD-Bus System Message Bus Socket[0m.
[[0;32m  OK  [0m] Listening on [0;1;39mOpen-iSCSI iscsid Socket[0m.
[[0;32m  OK  [0m] Listening on [0;1;39mOpen-iSCSI iscsiuio Socket[0m.
[[0;32m  OK  [0m] Listening on [0;1;39mSSSD Kerberos…ache Manager responder socket[0m.
[[0;32m  OK  [0m] Listening on [0;1;39mLibvirt interface local socket[0m.
[[0;32m  OK  [0m] Listening on [0;1;39mVirtual machine lock manager socket[0m.
[[0;32m  OK  [0m] Listening on [0;1;39mVirtual machine log manager socket[0m.
[[0;32m  OK  [0m] Listening on [0;1;39mLibvirt network local socket[0m.
[[0;32m  OK  [0m] Listening on [0;1;39mLibvirt nodedev local socket[0m.
[[0;32m  OK  [0m] Listening on [0;1;39mLibvirt nwfilter local socket[0m.
[[0;32m  OK  [0m] Listening on [0;1;39mLibvirt proxy local socket[0m.
[[0;32m  OK  [0m] Listening on [0;1;39mLibvirt qemu local socket[0m.
[[0;32m  OK  [0m] Listening on [0;1;39mLibvirt qemu admin socket[0m.
[[0;32m  OK  [0m] Listening on [0;1;39mLibvirt qemu local read-only socket[0m.
[[0;32m  OK  [0m] Listening on [0;1;39mLibvirt secret local socket[0m.
[[0;32m  OK  [0m] Listening on [0;1;39mLibvirt storage local socket[0m.
[[0;32m  OK  [0m] Reached target [0;1;39mSocket Units[0m.
         Starting [0;1;39mD-Bus System Message Bus[0m...
[[0;32m  OK  [0m] Started [0;1;39mD-Bus System Message Bus[0m.
[[0;32m  OK  [0m] Reached target [0;1;39mBasic System[0m.
         Starting [0;1;39mNetwork Manager[0m...
         Starting [0;1;39mNTP client/server[0m...
         Starting [0;1;39mRestore /run/initramfs on shutdown[0m...
[[0;32m  OK  [0m] Started [0;1;39mirqbalance daemon[0m.
[[0;32m  OK  [0m] Started [0;1;39mlibstoragemgmt plug-in server daemon[0m.
[[0;32m  OK  [0m] Started [0;1;39mMachine Check Exception Logging Daemon[0m.
[[0;32m  OK  [0m] Reached target [0;1;39msshd-keygen.target[0m.
[[0;32m  OK  [0m] Reached target [0;1;39mUser and Group Name Lookups[0m.
         Starting [0;1;39mUser Login Management[0m...
         Starting [0;1;39mVirtual Machine a…tainer Registration Service[0m...
[[0;32m  OK  [0m] Finished [0;1;39mRestore /run/initramfs on shutdown[0m.
[[0;32m  OK  [0m] Started [0;1;39mVirtual Machine an…ontainer Registration Service[0m.
         Starting [0;1;39mHostname Service[0m...
[[0;32m  OK  [0m] Started [0;1;39mUser Login Management[0m.
[[0;32m  OK  [0m] Started [0;1;39mNTP client/server[0m.
[[0;32m  OK  [0m] Started [0;1;39mHostname Service[0m.
         Starting [0;1;39mNetwork Manager Script Dispatcher Service[0m...
[[0;32m  OK  [0m] Started [0;1;39mNetwork Manager Script Dispatcher Service[0m.
[   11.397676] e1000: eth0 NIC Link is Up 1000 Mbps Full Duplex, Flow Control: RX
[[0;32m  OK  [0m] Started [0;1;39mNetwork Manager[0m.
[[0;32m  OK  [0m] Reached target [0;1;39mNetwork[0m.
[[0;32m  OK  [0m] Reached target [0;1;39mNetwork is Online[0m.
         Starting [0;1;39mGSSAPI Proxy Daemon[0m...
         Starting [0;1;39mNotify NFS peers of a restart[0m...
         Starting [0;1;39mSystem Logging Service[0m...
         Starting [0;1;39mOpenSSH server daemon[0m...
         Starting [0;1;39mDynamic System Tuning Daemon[0m...
[[0;32m  OK  [0m] Started [0;1;39mNotify NFS peers of a restart[0m.
[[0;32m  OK  [0m] Started [0;1;39mGSSAPI Proxy Daemon[0m.
[[0;32m  OK  [0m] Reached target [0;1;39mNFS client services[0m.
[[0;32m  OK  [0m] Reached target [0;1;39mPreparation for Remote File Systems[0m.
[[0;32m  OK  [0m] Reached target [0;1;39mRemote File Systems[0m.
         Starting [0;1;39mPermit User Sessions[0m...
         Starting [0;1;39mVirtualization qemu daemon[0m...
[[0;32m  OK  [0m] Started [0;1;39mOpenSSH server daemon[0m.
[[0;32m  OK  [0m] Finished [0;1;39mPermit User Sessions[0m.
[[0;32m  OK  [0m] Started [0;1;39mDeferred execution scheduler[0m.
[[0;32m  OK  [0m] Started [0;1;39mCommand Scheduler[0m.
         Starting [0;1;39mHold until boot process finishes up[0m...
         Starting [0;1;39mTerminate Plymouth Boot Screen[0m...
[[0;32m  OK  [0m] Started [0;1;39mSystem Logging Service[0m.
[[0;32m  OK  [0m] Started [0;1;39mVirtualization qemu daemon[0m.

CentOS Stream 9
Kernel 6.17.0-f79e772258df+ on an x86_64

Activate the web console with: systemctl enable --now cockpit.socket

test login: [   19.652458] pimreg: entered allmulticast mode
[   19.671020] pimreg: entered allmulticast mode
[   19.683336] pimreg (unregistering): left allmulticast mode
[   19.692717] pimreg: entered allmulticast mode
[   19.721419] pimreg: entered allmulticast mode
[   19.726780] pimreg (unregistering): left allmulticast mode
[   19.753267] pimreg: entered allmulticast mode
[   19.779469] pimreg (unregistering): left allmulticast mode
[   19.782360] pimreg (unregistering): left allmulticast mode
[   19.786947] pimreg: entered allmulticast mode
[   19.803199] pimreg: entered allmulticast mode
[   19.838927] pimreg (unregistering): left allmulticast mode
[   19.842366] pimreg (unregistering): left allmulticast mode
[   19.847040] pimreg: entered allmulticast mode
[   19.879318] pimreg: entered allmulticast mode
[   19.908212] pimreg (unregistering): left allmulticast mode
[   19.911303] pimreg (unregistering): left allmulticast mode
[   19.916698] pimreg: entered allmulticast mode
[   19.938132] pimreg: entered allmulticast mode
[   19.951620] pimreg (unregistering): left allmulticast mode
[   19.954435] pimreg (unregistering): left allmulticast mode
[   19.959924] pimreg: entered allmulticast mode
[   19.982749] pimreg: entered allmulticast mode
[   19.994472] pimreg (unregistering): left allmulticast mode
[   19.997492] pimreg (unregistering): left allmulticast mode
[   20.002589] pimreg: entered allmulticast mode
[   20.018407] pimreg: entered allmulticast mode
[   20.040488] pimreg (unregistering): left allmulticast mode
[   20.043403] pimreg (unregistering): left allmulticast mode
[   20.048146] pimreg: entered allmulticast mode
[   20.070450] pimreg: entered allmulticast mode
[   20.084233] pimreg (unregistering): left allmulticast mode
[   20.087071] pimreg (unregistering): left allmulticast mode
[   20.093481] pimreg: entered allmulticast mode
[   20.133247] pimreg: entered allmulticast mode
[   20.148184] pimreg (unregistering): left allmulticast mode
[   20.151098] pimreg (unregistering): left allmulticast mode
[   20.155688] pimreg: entered allmulticast mode
[   20.178991] pimreg: entered allmulticast mode
[   20.190833] pimreg (unregistering): left allmulticast mode
[   20.194488] pimreg (unregistering): left allmulticast mode
[   20.199061] pimreg: entered allmulticast mode
[   20.214274] pimreg: entered allmulticast mode
[   20.226463] pimreg (unregistering): left allmulticast mode
[   20.230280] pimreg (unregistering): left allmulticast mode
[   20.234775] pimreg: entered allmulticast mode
[   20.256824] pimreg: entered allmulticast mode
[   20.259510] pimreg (unregistering): left allmulticast mode
[   20.273187] pimreg: entered allmulticast mode
[   20.293587] pimreg: entered allmulticast mode
[   20.296044] pimreg (unregistering): left allmulticast mode
[   20.298847] pimreg (unregistering): left allmulticast mode
[   20.317231] pimreg: entered allmulticast mode
[   20.341426] pimreg: entered allmulticast mode
[   20.347162] pimreg (unregistering): left allmulticast mode
[   20.350195] pimreg (unregistering): left allmulticast mode
[   20.361064] pimreg: entered allmulticast mode
[   20.382527] pimreg (unregistering): left allmulticast mode
[   20.385682] pimreg (unregistering): left allmulticast mode
[   20.390213] pimreg: entered allmulticast mode
[   20.407700] pimreg: entered allmulticast mode
[   20.430546] pimreg (unregistering): left allmulticast mode
[   20.433569] pimreg (unregistering): left allmulticast mode
[   20.439127] pimreg: entered allmulticast mode
[   20.460911] pimreg: entered allmulticast mode
[   20.475779] pimreg (unregistering): left allmulticast mode
[   20.478666] pimreg (unregistering): left allmulticast mode
[   20.485269] pimreg: entered allmulticast mode
[   20.503587] pimreg: entered allmulticast mode
[   20.514864] pimreg (unregistering): left allmulticast mode
[   20.518249] pimreg (unregistering): left allmulticast mode
[   20.523227] pimreg: entered allmulticast mode
[   20.545776] pimreg: entered allmulticast mode
[   20.561982] pimreg: entered allmulticast mode
[   20.567377] pimreg (unregistering): left allmulticast mode
[   20.570323] pimreg (unregistering): left allmulticast mode
[   20.574187] pimreg (unregistering): left allmulticast mode
[   20.579026] pimreg: entered allmulticast mode
[   20.593069] pimreg: entered allmulticast mode
[   20.603716] pimreg (unregistering): left allmulticast mode
[   20.606887] pimreg (unregistering): left allmulticast mode
[   20.613141] pimreg: entered allmulticast mode
[   20.630131] pimreg: entered allmulticast mode
[   20.646076] pimreg: entered allmulticast mode
[   20.650896] pimreg (unregistering): left allmulticast mode
[   20.653834] pimreg (unregistering): left allmulticast mode
[   20.656696] pimreg (unregistering): left allmulticast mode
[   20.662699] pimreg: entered allmulticast mode
[   20.684478] pimreg: entered allmulticast mode
[   20.691671] pimreg (unregistering): left allmulticast mode
[   20.710024] pimreg: entered allmulticast mode
[   20.731321] pimreg (unregistering): left allmulticast mode
[   20.734270] pimreg (unregistering): left allmulticast mode
[   20.739034] pimreg: entered allmulticast mode
[   20.762067] pimreg: entered allmulticast mode
[   20.771324] pimreg (unregistering): left allmulticast mode
[   20.774131] pimreg (unregistering): left allmulticast mode
[   20.779546] pimreg: entered allmulticast mode
[   20.803291] pimreg: entered allmulticast mode
[   20.818641] pimreg (unregistering): left allmulticast mode
[   20.821399] pimreg (unregistering): left allmulticast mode
[   20.826184] pimreg: entered allmulticast mode
[   20.853257] pimreg: entered allmulticast mode
[   20.858673] pimreg (unregistering): left allmulticast mode
[   20.877370] pimreg: entered allmulticast mode
[   20.898396] pimreg (unregistering): left allmulticast mode
[   20.901135] pimreg (unregistering): left allmulticast mode
[   20.906429] pimreg: entered allmulticast mode
[   20.928975] pimreg: entered allmulticast mode
[   20.931745] pimreg (unregistering): left allmulticast mode
[   20.949664] pimreg: entered allmulticast mode
[   20.975412] pimreg (unregistering): left allmulticast mode
[   20.978318] pimreg (unregistering): left allmulticast mode
[   20.982862] pimreg: entered allmulticast mode
[   21.006383] pimreg: entered allmulticast mode
[   21.034992] pimreg (unregistering): left allmulticast mode
[   21.038610] pimreg (unregistering): left allmulticast mode
[   21.043323] pimreg: entered allmulticast mode
[   21.058055] pimreg: entered allmulticast mode
[   21.074748] pimreg (unregistering): left allmulticast mode
[   21.078377] pimreg (unregistering): left allmulticast mode
[   21.083076] pimreg: entered allmulticast mode
[   21.110766] pimreg: entered allmulticast mode
[   21.140306] pimreg (unregistering): left allmulticast mode
[   21.143243] pimreg (unregistering): left allmulticast mode
[   21.149139] pimreg: entered allmulticast mode
[   21.168969] pimreg: entered allmulticast mode
[   21.175490] pimreg (unregistering): left allmulticast mode
[   21.185370] pimreg: entered allmulticast mode
[   21.201864] pimreg: entered allmulticast mode
[   21.207558] pimreg (unregistering): left allmulticast mode
[   21.210161] pimreg (unregistering): left allmulticast mode
[   21.213461] pimreg (unregistering): left allmulticast mode
[   21.218628] pimreg: entered allmulticast mode
[   21.249267] pimreg: entered allmulticast mode
[   21.255247] pimreg (unregistering): left allmulticast mode
[   21.265619] pimreg: entered allmulticast mode
[   21.289663] pimreg: entered allmulticast mode
[   21.303460] pimreg (unregistering): left allmulticast mode
[   21.306364] pimreg (unregistering): left allmulticast mode
[   21.309399] pimreg (unregistering): left allmulticast mode
[   21.314086] pimreg: entered allmulticast mode
[   21.349950] pimreg: entered allmulticast mode
[   21.367307] pimreg: entered allmulticast mode
[   21.368995] pimreg (unregistering): left allmulticast mode
[   21.372167] pimreg (unregistering): left allmulticast mode
[   21.376107] pimreg (unregistering): left allmulticast mode
[   21.380998] pimreg: entered allmulticast mode
[   21.397150] pimreg: entered allmulticast mode
[   21.415519] pimreg (unregistering): left allmulticast mode
[   21.418428] pimreg (unregistering): left allmulticast mode
[   21.423044] pimreg: entered allmulticast mode
[   21.441595] pimreg: entered allmulticast mode
[   21.454503] pimreg (unregistering): left allmulticast mode
[   21.457086] pimreg (unregistering): left allmulticast mode
[   21.462082] pimreg: entered allmulticast mode
[   21.485120] pimreg: entered allmulticast mode
[   21.487715] pimreg (unregistering): left allmulticast mode
[   21.513314] pimreg: entered allmulticast mode
[   21.530990] pimreg (unregistering): left allmulticast mode
[   21.535045] pimreg (unregistering): left allmulticast mode
[   21.539457] pimreg: entered allmulticast mode
[   21.560935] pimreg: entered allmulticast mode
[   21.566928] pimreg (unregistering): left allmulticast mode
[   21.576743] pimreg: entered allmulticast mode
[   21.594965] pimreg (unregistering): left allmulticast mode
[   21.597624] pimreg (unregistering): left allmulticast mode
[   21.600391] pimreg (unregistering): left allmulticast mode
[   21.605353] pimreg: entered allmulticast mode
[   21.629125] pimreg: entered allmulticast mode
[   21.636152] pimreg (unregistering): left allmulticast mode
[   21.642709] pimreg: entered allmulticast mode
[   21.681975] pimreg: entered allmulticast mode
[   21.686600] pimreg (unregistering): left allmulticast mode
[   21.704841] pimreg: entered allmulticast mode
[   21.727015] pimreg (unregistering): left allmulticast mode
[   21.729699] pimreg (unregistering): left allmulticast mode
[   21.734116] pimreg: entered allmulticast mode
[   21.751568] pimreg: entered allmulticast mode
[   21.764213] pimreg (unregistering): left allmulticast mode
[   21.767000] pimreg (unregistering): left allmulticast mode
[   21.773597] pimreg: entered allmulticast mode
[   21.796930] pimreg: entered allmulticast mode
[   21.813256] pimreg: entered allmulticast mode
[   21.814976] pimreg (unregistering): left allmulticast mode
[   21.817682] pimreg (unregistering): left allmulticast mode
[   21.823152] pimreg: entered allmulticast mode
[   21.859138] pimreg: entered allmulticast mode
[   21.886536] pimreg: entered allmulticast mode
[   21.890829] pimreg (unregistering): left allmulticast mode
[   21.894098] pimreg (unregistering): left allmulticast mode
[   21.897427] pimreg (unregistering): left allmulticast mode
[   21.904245] pimreg: entered allmulticast mode
[   21.917047] pimreg: entered allmulticast mode
[   21.932225] pimreg (unregistering): left allmulticast mode
[   21.935069] pimreg (unregistering): left allmulticast mode
[   21.937898] pimreg (unregistering): left allmulticast mode
[   21.943874] pimreg: entered allmulticast mode
[   21.957011] pimreg: entered allmulticast mode
[   21.968101] pimreg (unregistering): left allmulticast mode
[   21.970777] pimreg (unregistering): left allmulticast mode
[   21.977127] pimreg: entered allmulticast mode
[   21.997340] pimreg: entered allmulticast mode
[   22.002719] pimreg (unregistering): left allmulticast mode
[   22.012713] pimreg: entered allmulticast mode
[   22.035774] pimreg (unregistering): left allmulticast mode
[   22.038724] pimreg (unregistering): left allmulticast mode
[   22.043263] pimreg: entered allmulticast mode
[   22.066890] pimreg: entered allmulticast mode
[   22.096189] pimreg (unregistering): left allmulticast mode
[   22.099610] pimreg (unregistering): left allmulticast mode
[   22.107129] pimreg: entered allmulticast mode
[   22.122316] pimreg: entered allmulticast mode
[   22.158190] pimreg: entered allmulticast mode
[   22.163402] pimreg (unregistering): left allmulticast mode
[   22.166266] pimreg (unregistering): left allmulticast mode
[   22.174189] pimreg: entered allmulticast mode
[   22.214380] pimreg: entered allmulticast mode
[   22.219633] pimreg (unregistering): left allmulticast mode
[   22.222602] pimreg (unregistering): left allmulticast mode
[   22.232923] pimreg: entered allmulticast mode
[   22.253880] pimreg: entered allmulticast mode
[   22.258930] pimreg (unregistering): left allmulticast mode
[   22.261663] pimreg (unregistering): left allmulticast mode
[   22.264486] pimreg (unregistering): left allmulticast mode
[   22.270643] pimreg: entered allmulticast mode
[   22.294211] pimreg: entered allmulticast mode
[   22.295715] pimreg (unregistering): left allmulticast mode
[   22.302949] pimreg: entered allmulticast mode
[   22.318565] pimreg: entered allmulticast mode
[   22.331573] pimreg (unregistering): left allmulticast mode
[   22.334921] pimreg (unregistering): left allmulticast mode
[   22.338219] pimreg (unregistering): left allmulticast mode
[   22.343382] pimreg: entered allmulticast mode
[   22.367643] pimreg: entered allmulticast mode
[   22.372054] pimreg (unregistering): left allmulticast mode
[   22.375057] pimreg (unregistering): left allmulticast mode
[   22.385152] pimreg: entered allmulticast mode
[   22.405359] pimreg: entered allmulticast mode
[   22.410643] pimreg (unregistering): left allmulticast mode
[   22.433963] pimreg: entered allmulticast mode
[   22.450495] pimreg (unregistering): left allmulticast mode
[   22.453306] pimreg (unregistering): left allmulticast mode
[   22.458571] pimreg: entered allmulticast mode
[   22.474789] pimreg: entered allmulticast mode
[   22.510583] pimreg (unregistering): left allmulticast mode
[   22.514355] pimreg (unregistering): left allmulticast mode
[   22.518980] pimreg: entered allmulticast mode
[   22.541581] pimreg: entered allmulticast mode
[   22.542900] pimreg (unregistering): left allmulticast mode
[   22.545769] pimreg (unregistering): left allmulticast mode
[   22.551545] pimreg: entered allmulticast mode
[   22.573744] pimreg: entered allmulticast mode
[   22.576290] pimreg (unregistering): left allmulticast mode
[   22.583205] pimreg: entered allmulticast mode
[   22.598710] pimreg: entered allmulticast mode
[   22.626560] pimreg (unregistering): left allmulticast mode
[   22.629192] pimreg (unregistering): left allmulticast mode
[   22.633535] pimreg (unregistering): left allmulticast mode
[   22.638164] pimreg: entered allmulticast mode
[   22.660870] pimreg: entered allmulticast mode
[   22.667390] pimreg (unregistering): left allmulticast mode
[   22.679323] pimreg: entered allmulticast mode
[   22.697997] pimreg: entered allmulticast mode
[   22.699408] pimreg (unregistering): left allmulticast mode
[   22.701924] pimreg (unregistering): left allmulticast mode
[   22.707082] pimreg: entered allmulticast mode
[   22.722570] pimreg: entered allmulticast mode
[   22.734659] pimreg (unregistering): left allmulticast mode
[   22.737423] pimreg (unregistering): left allmulticast mode
[   22.740290] pimreg (unregistering): left allmulticast mode
[   22.745651] pimreg: entered allmulticast mode
[   22.765435] pimreg: entered allmulticast mode
[   22.775580] pimreg (unregistering): left allmulticast mode
[   22.778332] pimreg (unregistering): left allmulticast mode
[   22.785644] pimreg: entered allmulticast mode
[   22.810063] pimreg: entered allmulticast mode
[   22.827133] pimreg (unregistering): left allmulticast mode
[   22.829846] pimreg (unregistering): left allmulticast mode
[   22.834674] pimreg: entered allmulticast mode
[   22.866350] pimreg: entered allmulticast mode
[   22.896096] pimreg (unregistering): left allmulticast mode
[   22.898853] pimreg (unregistering): left allmulticast mode
[   22.908903] pimreg: entered allmulticast mode
[   22.942251] pimreg: entered allmulticast mode
[   22.958745] pimreg (unregistering): left allmulticast mode
[   22.962410] pimreg (unregistering): left allmulticast mode
[   22.967216] pimreg: entered allmulticast mode
[   22.984953] pimreg: entered allmulticast mode
[   22.991412] pimreg (unregistering): left allmulticast mode
[   22.994111] pimreg (unregistering): left allmulticast mode
[   22.998630] pimreg: entered allmulticast mode
[   23.014104] pimreg: entered allmulticast mode
[   23.030755] pimreg (unregistering): left allmulticast mode
[   23.033648] pimreg (unregistering): left allmulticast mode
[   23.036568] pimreg (unregistering): left allmulticast mode
[   23.041354] pimreg: entered allmulticast mode
[   23.065708] pimreg: entered allmulticast mode
[   23.068115] pimreg (unregistering): left allmulticast mode
[   23.082472] pimreg: entered allmulticast mode
[   23.106659] pimreg (unregistering): left allmulticast mode
[   23.111412] pimreg: entered allmulticast mode
[   23.149915] pimreg: entered allmulticast mode
[   23.156102] pimreg (unregistering): left allmulticast mode
[   23.169445] pimreg: entered allmulticast mode
[   23.190502] pimreg (unregistering): left allmulticast mode
[   23.193736] pimreg (unregistering): left allmulticast mode
[   23.198200] pimreg: entered allmulticast mode
[   23.225792] pimreg: entered allmulticast mode
[   23.254221] pimreg: entered allmulticast mode
[   23.259544] pimreg (unregistering): left allmulticast mode
[   23.262641] pimreg (unregistering): left allmulticast mode
[   23.272891] pimreg: entered allmulticast mode
[   23.288621] pimreg (unregistering): left allmulticast mode
[   23.291386] pimreg (unregistering): left allmulticast mode
[   23.295706] pimreg: entered allmulticast mode
[   23.318625] pimreg: entered allmulticast mode
[   23.330544] pimreg (unregistering): left allmulticast mode
[   23.333071] pimreg (unregistering): left allmulticast mode
[   23.337886] pimreg: entered allmulticast mode
[   23.353968] pimreg: entered allmulticast mode
[   23.390656] pimreg (unregistering): left allmulticast mode
[   23.393621] pimreg (unregistering): left allmulticast mode
[   23.398536] pimreg: entered allmulticast mode
[   23.420887] pimreg: entered allmulticast mode
[   23.427225] pimreg (unregistering): left allmulticast mode
[   23.442286] pimreg: entered allmulticast mode
[   23.463015] pimreg (unregistering): left allmulticast mode
[   23.465875] pimreg (unregistering): left allmulticast mode
[   23.470520] pimreg: entered allmulticast mode
[   23.500882] pimreg: entered allmulticast mode
[   23.514929] pimreg (unregistering): left allmulticast mode
[   23.517839] pimreg (unregistering): left allmulticast mode
[   23.522317] pimreg: entered allmulticast mode
[   23.538388] pimreg: entered allmulticast mode
[   23.551184] pimreg (unregistering): left allmulticast mode
[   23.554371] pimreg (unregistering): left allmulticast mode
[   23.558888] pimreg: entered allmulticast mode
[   23.580888] pimreg: entered allmulticast mode
[   23.595261] pimreg (unregistering): left allmulticast mode
[   23.598004] pimreg (unregistering): left allmulticast mode
[   23.603397] pimreg: entered allmulticast mode
[   23.634625] pimreg: entered allmulticast mode
[   23.646719] pimreg (unregistering): left allmulticast mode
[   23.649511] pimreg (unregistering): left allmulticast mode
[   23.654226] pimreg: entered allmulticast mode
[   23.669233] pimreg: entered allmulticast mode
[   23.683767] pimreg (unregistering): left allmulticast mode
[   23.687072] pimreg (unregistering): left allmulticast mode
[   23.694752] pimreg: entered allmulticast mode
[   23.732225] pimreg (unregistering): left allmulticast mode
[   23.735409] pimreg (unregistering): left allmulticast mode
[   23.740270] pimreg: entered allmulticast mode
[   23.761069] pimreg: entered allmulticast mode
[   23.781436] pimreg: entered allmulticast mode
[   23.787183] pimreg (unregistering): left allmulticast mode
[   23.797017] pimreg: entered allmulticast mode
[   23.815471] pimreg (unregistering): left allmulticast mode
[   23.818529] pimreg (unregistering): left allmulticast mode
[   23.823175] pimreg: entered allmulticast mode
[   23.843576] pimreg: entered allmulticast mode
[   23.866212] pimreg: entered allmulticast mode
[   23.868315] pimreg (unregistering): left allmulticast mode
[   23.871239] pimreg (unregistering): left allmulticast mode
[   23.880820] pimreg: entered allmulticast mode
[   23.900181] pimreg (unregistering): left allmulticast mode
[   23.903252] pimreg (unregistering): left allmulticast mode
[   23.906090] pimreg (unregistering): left allmulticast mode
[   23.910612] pimreg: entered allmulticast mode
[   23.941138] pimreg: entered allmulticast mode
[   23.951364] pimreg (unregistering): left allmulticast mode
[   23.961036] pimreg: entered allmulticast mode
[   23.981754] pimreg: entered allmulticast mode
[   24.014989] pimreg (unregistering): left allmulticast mode
[   24.017613] pimreg (unregistering): left allmulticast mode
[   24.022276] pimreg: entered allmulticast mode
[   24.038237] pimreg: entered allmulticast mode
[   24.054771] pimreg (unregistering): left allmulticast mode
[   24.058471] pimreg (unregistering): left allmulticast mode
[   24.061101] pimreg (unregistering): left allmulticast mode
[   24.065878] pimreg: entered allmulticast mode
[   24.089330] pimreg: entered allmulticast mode
[   24.095498] pimreg (unregistering): left allmulticast mode
[   24.104862] pimreg: entered allmulticast mode
[   24.130460] pimreg: entered allmulticast mode
[   24.139189] pimreg (unregistering): left allmulticast mode
[   24.141756] pimreg (unregistering): left allmulticast mode
[   24.147347] pimreg: entered allmulticast mode
[   24.165137] pimreg: entered allmulticast mode
[   24.181758] pimreg: entered allmulticast mode
[   24.186759] pimreg (unregistering): left allmulticast mode
[   24.189740] pimreg (unregistering): left allmulticast mode
[   24.197433] pimreg: entered allmulticast mode
[   24.214257] pimreg: entered allmulticast mode
[   24.223323] pimreg (unregistering): left allmulticast mode
[   24.226475] pimreg (unregistering): left allmulticast mode
[   24.228918] pimreg (unregistering): left allmulticast mode
[   24.233867] pimreg: entered allmulticast mode
[   24.261541] pimreg: entered allmulticast mode
[   24.263509] pimreg (unregistering): left allmulticast mode
[   24.271256] pimreg: entered allmulticast mode
[   24.286037] pimreg: entered allmulticast mode
[   24.299539] pimreg (unregistering): left allmulticast mode
[   24.302359] pimreg (unregistering): left allmulticast mode
[   24.305449] pimreg (unregistering): left allmulticast mode
[   24.311296] pimreg: entered allmulticast mode
[   24.332919] pimreg: entered allmulticast mode
[   24.342939] pimreg (unregistering): left allmulticast mode
[   24.345585] pimreg (unregistering): left allmulticast mode
[   24.351211] pimreg: entered allmulticast mode
[   24.365383] pimreg: entered allmulticast mode
[   24.382695] pimreg (unregistering): left allmulticast mode
[   24.386638] pimreg (unregistering): left allmulticast mode
[   24.391218] pimreg: entered allmulticast mode
[   24.405737] pimreg: entered allmulticast mode
[   24.419085] pimreg (unregistering): left allmulticast mode
[   24.421912] pimreg (unregistering): left allmulticast mode
[   24.426751] pimreg: entered allmulticast mode
[   24.450476] pimreg: entered allmulticast mode
[   24.463481] pimreg (unregistering): left allmulticast mode
[   24.466253] pimreg (unregistering): left allmulticast mode
[   24.473424] pimreg: entered allmulticast mode
[   24.496811] pimreg: entered allmulticast mode
[   24.503193] pimreg (unregistering): left allmulticast mode
[   24.529660] pimreg: entered allmulticast mode
[   24.558457] pimreg (unregistering): left allmulticast mode
[   24.561472] pimreg (unregistering): left allmulticast mode
[   24.566396] pimreg: entered allmulticast mode
[   24.590280] pimreg: entered allmulticast mode
[   24.602434] pimreg (unregistering): left allmulticast mode
[   24.605403] pimreg (unregistering): left allmulticast mode
[   24.610309] pimreg: entered allmulticast mode
[   24.626435] pimreg: entered allmulticast mode
[   24.638478] pimreg (unregistering): left allmulticast mode
[   24.641359] pimreg (unregistering): left allmulticast mode
[   24.646297] pimreg: entered allmulticast mode
[   24.669043] pimreg: entered allmulticast mode
[   24.675477] pimreg (unregistering): left allmulticast mode
[   24.697986] pimreg: entered allmulticast mode
[   24.722660] pimreg (unregistering): left allmulticast mode
[   24.725590] pimreg (unregistering): left allmulticast mode
[   24.730521] pimreg: entered allmulticast mode
[   24.746537] pimreg: entered allmulticast mode
[   24.758637] pimreg (unregistering): left allmulticast mode
[   24.761396] pimreg (unregistering): left allmulticast mode
[   24.766543] pimreg: entered allmulticast mode
[   24.783520] pimreg: entered allmulticast mode
[   24.806544] pimreg (unregistering): left allmulticast mode
[   24.810207] pimreg (unregistering): left allmulticast mode
[   24.814922] pimreg: entered allmulticast mode
[   24.837417] pimreg: entered allmulticast mode
[   24.840065] pimreg (unregistering): left allmulticast mode
[   24.858325] pimreg: entered allmulticast mode
[   24.881357] pimreg: entered allmulticast mode
[   24.899453] pimreg (unregistering): left allmulticast mode
[   24.902366] pimreg (unregistering): left allmulticast mode
[   24.905163] pimreg (unregistering): left allmulticast mode
[   24.909683] pimreg: entered allmulticast mode
[   24.934301] pimreg: entered allmulticast mode
[   24.946579] pimreg (unregistering): left allmulticast mode
[   24.949791] pimreg (unregistering): left allmulticast mode
[   24.954749] pimreg: entered allmulticast mode
[   24.988956] pimreg: entered allmulticast mode
[   24.994748] pimreg (unregistering): left allmulticast mode
[   25.006360] pimreg: entered allmulticast mode
[   25.030774] pimreg (unregistering): left allmulticast mode
[   25.034806] pimreg (unregistering): left allmulticast mode
[   25.039275] pimreg: entered allmulticast mode
[   25.081065] pimreg: entered allmulticast mode
[   25.097889] pimreg: entered allmulticast mode
[   25.100304] pimreg (unregistering): left allmulticast mode
[   25.103226] pimreg (unregistering): left allmulticast mode
[   25.117730] pimreg: entered allmulticast mode
[   25.140035] pimreg (unregistering): left allmulticast mode
[   25.143000] pimreg (unregistering): left allmulticast mode
[   25.147426] pimreg: entered allmulticast mode
[   25.169867] pimreg: entered allmulticast mode
[   25.172069] pimreg (unregistering): left allmulticast mode
[   25.205748] pimreg: entered allmulticast mode
[   25.224014] pimreg (unregistering): left allmulticast mode
[   25.226810] pimreg (unregistering): left allmulticast mode
[   25.233059] pimreg: entered allmulticast mode
[   25.249255] pimreg: entered allmulticast mode
[   25.255815] pimreg (unregistering): left allmulticast mode
[   25.258795] pimreg (unregistering): left allmulticast mode
[   25.274334] pimreg: entered allmulticast mode
[   25.302713] pimreg (unregistering): left allmulticast mode
[   25.309479] pimreg: entered allmulticast mode
[   25.326216] pimreg: entered allmulticast mode
[   25.339593] pimreg (unregistering): left allmulticast mode
[   25.342352] pimreg (unregistering): left allmulticast mode
[   25.349085] pimreg: entered allmulticast mode
[   25.366352] pimreg: entered allmulticast mode
[   25.387661] pimreg (unregistering): left allmulticast mode
[   25.390748] pimreg (unregistering): left allmulticast mode
[   25.397045] pimreg: entered allmulticast mode
[   25.414221] pimreg: entered allmulticast mode
[   25.426742] pimreg (unregistering): left allmulticast mode
[   25.429488] pimreg (unregistering): left allmulticast mode
[   25.434895] pimreg: entered allmulticast mode
[   25.461373] pimreg: entered allmulticast mode
[   25.466631] pimreg (unregistering): left allmulticast mode
[   25.478470] pimreg: entered allmulticast mode
[   25.487592] pimreg (unregistering): left allmulticast mode
[   25.490503] pimreg (unregistering): left allmulticast mode
[   25.495424] pimreg: entered allmulticast mode
[   25.526690] pimreg: entered allmulticast mode
[   25.527933] pimreg (unregistering): left allmulticast mode
[   25.535962] pimreg: entered allmulticast mode
[   25.557138] pimreg: entered allmulticast mode
[   25.559559] pimreg (unregistering): left allmulticast mode
[   25.562350] pimreg (unregistering): left allmulticast mode
[   25.570059] pimreg: entered allmulticast mode
[   25.585161] pimreg: entered allmulticast mode
[   25.599006] pimreg (unregistering): left allmulticast mode
[   25.601692] pimreg (unregistering): left allmulticast mode
[   25.604547] pimreg (unregistering): left allmulticast mode
[   25.610104] pimreg: entered allmulticast mode
[   25.633794] pimreg: entered allmulticast mode
[   25.640055] pimreg (unregistering): left allmulticast mode
[   25.642906] pimreg (unregistering): left allmulticast mode
[   25.649787] pimreg: entered allmulticast mode
[   25.667244] pimreg: entered allmulticast mode
[   25.686884] pimreg (unregistering): left allmulticast mode
[   25.689782] pimreg (unregistering): left allmulticast mode
[   25.694923] pimreg: entered allmulticast mode
[   25.718615] pimreg: entered allmulticast mode
[   25.730679] pimreg (unregistering): left allmulticast mode
[   25.733517] pimreg (unregistering): left allmulticast mode
[   25.737974] pimreg: entered allmulticast mode
[   25.759203] pimreg: entered allmulticast mode
[   25.782689] pimreg (unregistering): left allmulticast mode
[   25.786043] pimreg (unregistering): left allmulticast mode
[   25.790725] pimreg: entered allmulticast mode
[   25.807273] pimreg: entered allmulticast mode
[   25.821844] pimreg: entered allmulticast mode
[   25.827011] pimreg (unregistering): left allmulticast mode
[   25.830156] pimreg (unregistering): left allmulticast mode
[   25.846207] pimreg: entered allmulticast mode
[   25.872054] pimreg (unregistering): left allmulticast mode
[   25.876059] pimreg (unregistering): left allmulticast mode
[   25.879051] pimreg (unregistering): left allmulticast mode
[   25.883611] pimreg: entered allmulticast mode
[   25.917383] pimreg: entered allmulticast mode
[   25.934758] pimreg (unregistering): left allmulticast mode
[   25.941474] pimreg: entered allmulticast mode
[   25.962962] pimreg: entered allmulticast mode
[   25.975973] pimreg (unregistering): left allmulticast mode
[   25.978904] pimreg (unregistering): left allmulticast mode
[   25.985830] pimreg: entered allmulticast mode
[   26.009428] pimreg: entered allmulticast mode
[   26.015362] pimreg (unregistering): left allmulticast mode
[   26.038534] pimreg: entered allmulticast mode
[   26.059046] pimreg (unregistering): left allmulticast mode
[   26.061927] pimreg (unregistering): left allmulticast mode
[   26.067188] pimreg: entered allmulticast mode
[   26.087051] pimreg: entered allmulticast mode
[   26.102819] pimreg (unregistering): left allmulticast mode
[   26.106436] pimreg (unregistering): left allmulticast mode
[   26.109058] pimreg (unregistering): left allmulticast mode
[   26.113657] pimreg: entered allmulticast mode
[   26.138240] pimreg: entered allmulticast mode
[   26.151657] pimreg (unregistering): left allmulticast mode
[   26.160969] pimreg: entered allmulticast mode
[   26.181803] pimreg: entered allmulticast mode
[   26.196582] pimreg (unregistering): left allmulticast mode
[   26.199610] pimreg (unregistering): left allmulticast mode
[   26.204752] pimreg: entered allmulticast mode
[   26.231740] pimreg: entered allmulticast mode
[   26.242504] pimreg (unregistering): left allmulticast mode
[   26.246169] pimreg (unregistering): left allmulticast mode
[   26.250903] pimreg: entered allmulticast mode
[   26.265491] pimreg: entered allmulticast mode
[   26.315462] pimreg (unregistering): left allmulticast mode
[   26.318221] pimreg (unregistering): left allmulticast mode
[   26.322664] pimreg: entered allmulticast mode
[   26.338232] pimreg: entered allmulticast mode
[   26.358750] pimreg (unregistering): left allmulticast mode
[   26.361314] pimreg (unregistering): left allmulticast mode
[   26.366703] pimreg: entered allmulticast mode
[   26.390345] pimreg: entered allmulticast mode
[   26.418554] pimreg (unregistering): left allmulticast mode
[   26.421112] pimreg (unregistering): left allmulticast mode
[   26.426418] pimreg: entered allmulticast mode
[   26.448888] pimreg: entered allmulticast mode
[   26.466864] pimreg (unregistering): left allmulticast mode
[   26.470530] pimreg (unregistering): left allmulticast mode
[   26.475217] pimreg: entered allmulticast mode
[   26.500873] pimreg: entered allmulticast mode
[   26.507091] pimreg (unregistering): left allmulticast mode
[   26.517065] pimreg: entered allmulticast mode
[   26.551331] pimreg (unregistering): left allmulticast mode
[   26.554659] pimreg (unregistering): left allmulticast mode
[   26.559328] pimreg: entered allmulticast mode
[   26.574664] pimreg: entered allmulticast mode
[   26.586471] pimreg (unregistering): left allmulticast mode
[   26.589046] pimreg (unregistering): left allmulticast mode
[   26.594673] pimreg: entered allmulticast mode
[   26.624906] pimreg: entered allmulticast mode
[   26.627459] pimreg (unregistering): left allmulticast mode
[   26.653328] pimreg: entered allmulticast mode
[   26.670907] pimreg (unregistering): left allmulticast mode
[   26.674298] pimreg (unregistering): left allmulticast mode
[   26.678857] pimreg: entered allmulticast mode
[   26.701094] pimreg: entered allmulticast mode
[   26.707298] pimreg (unregistering): left allmulticast mode
[   26.725381] pimreg: entered allmulticast mode
[   26.754966] pimreg (unregistering): left allmulticast mode
[   26.757884] pimreg (unregistering): left allmulticast mode
[   26.763028] pimreg: entered allmulticast mode
[   26.783150] pimreg: entered allmulticast mode
[   26.799356] pimreg (unregistering): left allmulticast mode
[   26.802259] pimreg (unregistering): left allmulticast mode
[   26.804777] pimreg (unregistering): left allmulticast mode
[   26.809672] pimreg: entered allmulticast mode
[   26.846944] pimreg: entered allmulticast mode
[   26.870720] pimreg (unregistering): left allmulticast mode
[   26.876188] pimreg: entered allmulticast mode
[   26.902263] pimreg: entered allmulticast mode
[   26.916153] pimreg (unregistering): left allmulticast mode
[   26.920501] pimreg (unregistering): left allmulticast mode
[   26.926564] pimreg: entered allmulticast mode
[   26.949542] pimreg: entered allmulticast mode
[   26.963422] pimreg (unregistering): left allmulticast mode
[   26.966023] pimreg (unregistering): left allmulticast mode
[   26.973597] pimreg: entered allmulticast mode
[   26.992856] pimreg: entered allmulticast mode
[   26.999191] pimreg (unregistering): left allmulticast mode
[   27.009679] pimreg: entered allmulticast mode
[   27.029508] pimreg: entered allmulticast mode
[   27.046623] pimreg (unregistering): left allmulticast mode
[   27.049470] pimreg (unregistering): left allmulticast mode
[   27.052204] pimreg (unregistering): left allmulticast mode
[   27.057109] pimreg: entered allmulticast mode
[   27.074199] pimreg: entered allmulticast mode
[   27.093415] pimreg: entered allmulticast mode
[   27.099531] pimreg (unregistering): left allmulticast mode
[   27.102137] pimreg (unregistering): left allmulticast mode
[   27.105600] pimreg (unregistering): left allmulticast mode
[   27.110406] pimreg: entered allmulticast mode
[   27.130775] pimreg: entered allmulticast mode
[   27.143985] pimreg (unregistering): left allmulticast mode
[   27.146781] pimreg (unregistering): left allmulticast mode
[   27.153506] pimreg: entered allmulticast mode
[   27.177041] pimreg: entered allmulticast mode
[   27.179243] pimreg (unregistering): left allmulticast mode
[   27.189648] pimreg: entered allmulticast mode
[   27.216865] pimreg: entered allmulticast mode
[   27.223114] pimreg (unregistering): left allmulticast mode
[   27.225909] pimreg (unregistering): left allmulticast mode
[   27.237049] pimreg: entered allmulticast mode
[   27.257646] pimreg: entered allmulticast mode
[   27.263248] pimreg (unregistering): left allmulticast mode
[   27.266628] pimreg (unregistering): left allmulticast mode
[   27.273475] pimreg: entered allmulticast mode
[   27.307337] pimreg: entered allmulticast mode
[   27.326589] pimreg (unregistering): left allmulticast mode
[   27.330119] pimreg (unregistering): left allmulticast mode
[   27.332779] pimreg (unregistering): left allmulticast mode
[   27.337699] pimreg: entered allmulticast mode
[   27.368353] pimreg: entered allmulticast mode
[   27.386562] pimreg (unregistering): left allmulticast mode
[   27.389103] pimreg (unregistering): left allmulticast mode
[   27.394231] pimreg: entered allmulticast mode
[   27.411040] pimreg: entered allmulticast mode
[   27.430547] pimreg (unregistering): left allmulticast mode
[   27.433384] pimreg (unregistering): left allmulticast mode
[   27.438378] pimreg: entered allmulticast mode
[   27.454292] pimreg: entered allmulticast mode
[   27.468055] pimreg (unregistering): left allmulticast mode
[   27.470986] pimreg (unregistering): left allmulticast mode
[   27.476944] pimreg: entered allmulticast mode
[   27.496495] pimreg: entered allmulticast mode
[   27.514906] pimreg (unregistering): left allmulticast mode
[   27.517876] pimreg (unregistering): left allmulticast mode
[   27.523072] pimreg: entered allmulticast mode
[   27.553240] pimreg: entered allmulticast mode
[   27.558675] pimreg (unregistering): left allmulticast mode
[   27.577250] pimreg: entered allmulticast mode
[   27.603916] pimreg (unregistering): left allmulticast mode
[   27.606786] pimreg (unregistering): left allmulticast mode
[   27.611261] pimreg: entered allmulticast mode
[   27.626918] pimreg: entered allmulticast mode
[   27.639211] pimreg (unregistering): left allmulticast mode
[   27.642435] pimreg (unregistering): left allmulticast mode
[   27.646938] pimreg: entered allmulticast mode
[   27.662504] pimreg: entered allmulticast mode
[   27.683960] pimreg (unregistering): left allmulticast mode
[   27.686985] pimreg (unregistering): left allmulticast mode
[   27.691756] pimreg: entered allmulticast mode
[   27.706797] pimreg: entered allmulticast mode
[   27.718766] pimreg (unregistering): left allmulticast mode
[   27.722317] pimreg (unregistering): left allmulticast mode
[   27.726926] pimreg: entered allmulticast mode
[   27.753705] pimreg: entered allmulticast mode
[   27.779518] pimreg (unregistering): left allmulticast mode
[   27.782381] pimreg (unregistering): left allmulticast mode
[   27.789703] pimreg: entered allmulticast mode
[   27.811058] pimreg (unregistering): left allmulticast mode
[   27.814002] pimreg (unregistering): left allmulticast mode
[   27.818398] pimreg: entered allmulticast mode
[   27.835661] pimreg: entered allmulticast mode
[   27.847638] pimreg (unregistering): left allmulticast mode
[   27.854850] pimreg: entered allmulticast mode
[   27.869189] pimreg: entered allmulticast mode
[   27.878925] pimreg (unregistering): left allmulticast mode
[   27.881723] pimreg (unregistering): left allmulticast mode
[   27.886219] pimreg: entered allmulticast mode
[   27.911025] pimreg: entered allmulticast mode
[   27.923135] pimreg (unregistering): left allmulticast mode
[   27.925825] pimreg (unregistering): left allmulticast mode
[   27.930286] pimreg: entered allmulticast mode
[   27.952633] pimreg: entered allmulticast mode
[   27.958925] pimreg (unregistering): left allmulticast mode
[   27.982027] pimreg: entered allmulticast mode
[   27.997693] pimreg: entered allmulticast mode
[   28.017410] pimreg: entered allmulticast mode
[   28.022897] pimreg (unregistering): left allmulticast mode
[   28.026462] pimreg (unregistering): left allmulticast mode
[   28.029512] pimreg (unregistering): left allmulticast mode
[   28.034460] pimreg: entered allmulticast mode
[   28.089742] pimreg: entered allmulticast mode
[   28.104203] pimreg (unregistering): left allmulticast mode
[   28.106960] pimreg (unregistering): left allmulticast mode
[   28.109705] pimreg (unregistering): left allmulticast mode
[   28.114501] pimreg: entered allmulticast mode
[   28.130190] pimreg: entered allmulticast mode
[   28.147059] pimreg (unregistering): left allmulticast mode
[   28.149800] pimreg (unregistering): left allmulticast mode
[   28.152512] pimreg (unregistering): left allmulticast mode
[   28.157325] pimreg: entered allmulticast mode
[   28.181082] pimreg: entered allmulticast mode
[   28.187469] pimreg (unregistering): left allmulticast mode
[   28.196793] pimreg: entered allmulticast mode
[   28.213515] pimreg: entered allmulticast mode
[   28.235389] pimreg (unregistering): left allmulticast mode
[   28.238802] pimreg (unregistering): left allmulticast mode
[   28.244303] pimreg: entered allmulticast mode
[   28.267288] pimreg: entered allmulticast mode
[   28.298741] pimreg (unregistering): left allmulticast mode
[   28.301660] pimreg (unregistering): left allmulticast mode
[   28.306067] pimreg: entered allmulticast mode
[   28.322586] pimreg: entered allmulticast mode
[   28.338820] pimreg (unregistering): left allmulticast mode
[   28.341609] pimreg (unregistering): left allmulticast mode
[   28.347043] pimreg: entered allmulticast mode
[   28.361324] pimreg: entered allmulticast mode
[   28.375235] pimreg (unregistering): left allmulticast mode
[   28.378575] pimreg (unregistering): left allmulticast mode
[   28.384303] pimreg: entered allmulticast mode
[   28.406717] pimreg: entered allmulticast mode
[   28.434616] pimreg (unregistering): left allmulticast mode
[   28.437511] pimreg (unregistering): left allmulticast mode
[   28.441977] pimreg: entered allmulticast mode
[   28.462300] pimreg: entered allmulticast mode
[   28.478989] pimreg (unregistering): left allmulticast mode
[   28.482190] pimreg (unregistering): left allmulticast mode
[   28.486770] pimreg: entered allmulticast mode
[   28.509613] pimreg: entered allmulticast mode
[   28.511954] pimreg (unregistering): left allmulticast mode
[   28.519575] pimreg: entered allmulticast mode
[   28.542102] pimreg: entered allmulticast mode
[   28.547508] pimreg (unregistering): left allmulticast mode
[   28.550423] pimreg (unregistering): left allmulticast mode
[   28.562085] pimreg: entered allmulticast mode
[   28.574698] pimreg (unregistering): left allmulticast mode
[   28.578394] pimreg (unregistering): left allmulticast mode
[   28.582879] pimreg: entered allmulticast mode
[   28.597749] pimreg: entered allmulticast mode
[   28.615360] pimreg (unregistering): left allmulticast mode
[   28.618067] pimreg (unregistering): left allmulticast mode
[   28.622542] pimreg: entered allmulticast mode
[   28.645779] pimreg: entered allmulticast mode
[   28.651302] pimreg (unregistering): left allmulticast mode
[   28.669616] pimreg: entered allmulticast mode
[   28.698679] pimreg (unregistering): left allmulticast mode
[   28.702257] pimreg (unregistering): left allmulticast mode
[   28.706732] pimreg: entered allmulticast mode
[   28.735166] pimreg: entered allmulticast mode
[   28.747642] pimreg (unregistering): left allmulticast mode
[   28.750425] pimreg (unregistering): left allmulticast mode
[   28.755410] pimreg: entered allmulticast mode
[   28.770839] pimreg: entered allmulticast mode
[   28.790486] pimreg (unregistering): left allmulticast mode
[   28.794305] pimreg (unregistering): left allmulticast mode
[   28.798821] pimreg: entered allmulticast mode
[   28.821766] pimreg: entered allmulticast mode
[   28.826570] pimreg (unregistering): left allmulticast mode
[   28.841378] pimreg: entered allmulticast mode
[   28.858238] pimreg: entered allmulticast mode
[   28.871857] pimreg (unregistering): left allmulticast mode
[   28.875325] pimreg (unregistering): left allmulticast mode
[   28.878137] pimreg (unregistering): left allmulticast mode
[   28.883032] pimreg: entered allmulticast mode
[   28.898340] pimreg: entered allmulticast mode
[   28.915674] pimreg (unregistering): left allmulticast mode
[   28.918599] pimreg (unregistering): left allmulticast mode
[   28.925257] pimreg: entered allmulticast mode
[   28.954011] pimreg: entered allmulticast mode
[   28.959321] pimreg (unregistering): left allmulticast mode
[   28.986779] pimreg: entered allmulticast mode
[   29.014800] pimreg (unregistering): left allmulticast mode
[   29.017471] pimreg (unregistering): left allmulticast mode
[   29.022319] pimreg: entered allmulticast mode
[   29.037331] pimreg: entered allmulticast mode
[   29.058571] pimreg: entered allmulticast mode
[   29.059939] pimreg (unregistering): left allmulticast mode
[   29.063609] pimreg (unregistering): left allmulticast mode
[   29.068572] pimreg: entered allmulticast mode
[   29.097817] pimreg: entered allmulticast mode
[   29.102986] pimreg (unregistering): left allmulticast mode
[   29.106133] pimreg (unregistering): left allmulticast mode
[   29.127107] pimreg: entered allmulticast mode
[   29.145080] pimreg: entered allmulticast mode
[   29.151266] pimreg (unregistering): left allmulticast mode
[   29.154021] pimreg (unregistering): left allmulticast mode
[   29.161074] pimreg: entered allmulticast mode
[   29.177783] pimreg: entered allmulticast mode
[   29.191972] pimreg (unregistering): left allmulticast mode
[   29.194597] pimreg (unregistering): left allmulticast mode
[   29.197491] pimreg (unregistering): left allmulticast mode
[   29.202091] pimreg: entered allmulticast mode
[   29.245998] pimreg: entered allmulticast mode
[   29.271581] pimreg (unregistering): left allmulticast mode
[   29.274839] pimreg (unregistering): left allmulticast mode
[   29.279482] pimreg: entered allmulticast mode
[   29.294221] pimreg: entered allmulticast mode
[   29.310654] pimreg (unregistering): left allmulticast mode
[   29.313444] pimreg (unregistering): left allmulticast mode
[   29.318217] pimreg: entered allmulticast mode
[   29.341821] pimreg: entered allmulticast mode
[   29.355699] pimreg (unregistering): left allmulticast mode
[   29.358789] pimreg (unregistering): left allmulticast mode
[   29.367772] pimreg: entered allmulticast mode
[   29.383000] pimreg: entered allmulticast mode
[   29.402897] pimreg (unregistering): left allmulticast mode
[   29.406280] pimreg (unregistering): left allmulticast mode
[   29.410814] pimreg: entered allmulticast mode
[   29.434050] pimreg: entered allmulticast mode
[   29.448059] pimreg (unregistering): left allmulticast mode
[   29.451654] pimreg (unregistering): left allmulticast mode
[   29.458056] pimreg: entered allmulticast mode
[   29.474520] pimreg: entered allmulticast mode
[   29.490832] pimreg (unregistering): left allmulticast mode
[   29.494470] pimreg (unregistering): left allmulticast mode
[   29.499093] pimreg: entered allmulticast mode
[   29.525042] pimreg: entered allmulticast mode
[   29.530688] pimreg (unregistering): left allmulticast mode
[   29.549894] pimreg: entered allmulticast mode
[   29.567414] pimreg (unregistering): left allmulticast mode
[   29.570283] pimreg (unregistering): left allmulticast mode
[   29.574786] pimreg: entered allmulticast mode
[   29.596832] pimreg: entered allmulticast mode
[   29.603177] pimreg (unregistering): left allmulticast mode
[   29.612650] pimreg: entered allmulticast mode
[   29.634160] pimreg: entered allmulticast mode
[   29.639292] pimreg (unregistering): left allmulticast mode
[   29.642175] pimreg (unregistering): left allmulticast mode
[   29.658249] pimreg: entered allmulticast mode
[   29.674705] pimreg (unregistering): left allmulticast mode
[   29.678469] pimreg (unregistering): left allmulticast mode
[   29.682966] pimreg: entered allmulticast mode
[   29.699441] pimreg: entered allmulticast mode
[   29.726540] pimreg (unregistering): left allmulticast mode
[   29.730558] pimreg (unregistering): left allmulticast mode
[   29.735431] pimreg: entered allmulticast mode
[   29.757011] pimreg: entered allmulticast mode
[   29.762644] pimreg (unregistering): left allmulticast mode
[   29.774193] pimreg: entered allmulticast mode
[   29.790733] pimreg (unregistering): left allmulticast mode
[   29.793416] pimreg (unregistering): left allmulticast mode
[   29.798370] pimreg: entered allmulticast mode
[   29.829840] pimreg: entered allmulticast mode
[   29.843619] pimreg (unregistering): left allmulticast mode
[   29.846420] pimreg (unregistering): left allmulticast mode
[   29.853979] pimreg: entered allmulticast mode
[   29.877837] pimreg: entered allmulticast mode
[   29.883339] pimreg (unregistering): left allmulticast mode
[   29.902992] pimreg: entered allmulticast mode
[   29.922694] pimreg (unregistering): left allmulticast mode
[   29.925540] pimreg (unregistering): left allmulticast mode
[   29.928547] pimreg (unregistering): left allmulticast mode
[   29.933348] pimreg: entered allmulticast mode
[   29.956269] pimreg: entered allmulticast mode
[   29.963757] pimreg (unregistering): left allmulticast mode
[   29.973201] pimreg: entered allmulticast mode
[   30.001491] pimreg: entered allmulticast mode
[   30.007124] pimreg (unregistering): left allmulticast mode
[   30.021877] pimreg: entered allmulticast mode
[   30.056131] pimreg (unregistering): left allmulticast mode
[   30.058986] pimreg (unregistering): left allmulticast mode
[   30.063458] pimreg: entered allmulticast mode
[   30.078959] pimreg: entered allmulticast mode
[   30.096734] pimreg: entered allmulticast mode
[   30.107579] pimreg (unregistering): left allmulticast mode
[   30.110378] pimreg (unregistering): left allmulticast mode
[   30.114022] pimreg (unregistering): left allmulticast mode
[   30.118667] pimreg: entered allmulticast mode
[   30.140926] pimreg: entered allmulticast mode
[   30.147041] pimreg (unregistering): left allmulticast mode
[   30.149740] pimreg (unregistering): left allmulticast mode
[   30.157528] pimreg: entered allmulticast mode
[   30.182055] pimreg: entered allmulticast mode
[   30.186700] pimreg (unregistering): left allmulticast mode
[   30.205019] pimreg: entered allmulticast mode
[   30.226228] pimreg: entered allmulticast mode
[   30.228011] pimreg (unregistering): left allmulticast mode
[   30.230692] pimreg (unregistering): left allmulticast mode
[   30.236748] pimreg: entered allmulticast mode
[   30.258583] pimreg (unregistering): left allmulticast mode
[   30.261102] pimreg (unregistering): left allmulticast mode
[   30.266279] pimreg: entered allmulticast mode
[   30.289005] pimreg: entered allmulticast mode
[   30.292033] pimreg (unregistering): left allmulticast mode
[   30.299124] pimreg: entered allmulticast mode
[   30.317881] pimreg: entered allmulticast mode
[   30.323006] pimreg (unregistering): left allmulticast mode
[   30.326546] pimreg (unregistering): left allmulticast mode
[   30.336295] pimreg: entered allmulticast mode
[   30.362039] pimreg: entered allmulticast mode
[   30.366959] pimreg (unregistering): left allmulticast mode
[   30.370036] pimreg (unregistering): left allmulticast mode
[   30.374122] pimreg (unregistering): left allmulticast mode
[   30.378884] pimreg: entered allmulticast mode
[   30.405875] pimreg: entered allmulticast mode
[   30.416024] pimreg (unregistering): left allmulticast mode
[   30.418994] pimreg (unregistering): left allmulticast mode
[   30.426400] pimreg: entered allmulticast mode
[   30.442991] pimreg (unregistering): left allmulticast mode
[   30.447677] pimreg: entered allmulticast mode
[   30.477241] pimreg: entered allmulticast mode
[   30.491769] pimreg (unregistering): left allmulticast mode
[   30.494441] pimreg (unregistering): left allmulticast mode
[   30.501426] pimreg: entered allmulticast mode
[   30.524784] pimreg: entered allmulticast mode
[   30.531196] pimreg (unregistering): left allmulticast mode
[   30.550150] pimreg: entered allmulticast mode
[   30.575517] pimreg (unregistering): left allmulticast mode
[   30.578398] pimreg (unregistering): left allmulticast mode
[   30.582931] pimreg: entered allmulticast mode
[   30.600995] pimreg: entered allmulticast mode
[   30.607213] pimreg (unregistering): left allmulticast mode
[   30.616772] pimreg: entered allmulticast mode
[   30.633712] pimreg: entered allmulticast mode
[   30.643702] pimreg (unregistering): left allmulticast mode
[   30.649593] pimreg (unregistering): left allmulticast mode
[   30.652636] pimreg (unregistering): left allmulticast mode
[   30.657640] pimreg: entered allmulticast mode
[   30.674116] pimreg: entered allmulticast mode
[   30.683875] pimreg (unregistering): left allmulticast mode
[   30.686556] pimreg (unregistering): left allmulticast mode
[   30.693086] pimreg: entered allmulticast mode
[   30.716677] pimreg: entered allmulticast mode
[   30.723028] pimreg (unregistering): left allmulticast mode
[   30.753348] pimreg: entered allmulticast mode
[   30.771805] pimreg (unregistering): left allmulticast mode
[   30.774880] pimreg (unregistering): left allmulticast mode
[   30.779562] pimreg: entered allmulticast mode
[   30.817884] pimreg: entered allmulticast mode
[   30.822889] pimreg (unregistering): left allmulticast mode
[   30.841411] pimreg: entered allmulticast mode
[   30.870987] pimreg (unregistering): left allmulticast mode
[   30.873589] pimreg (unregistering): left allmulticast mode
[   30.878410] pimreg: entered allmulticast mode
[   30.901852] pimreg: entered allmulticast mode
[   30.903222] pimreg (unregistering): left allmulticast mode
[   30.911628] pimreg: entered allmulticast mode
[   30.942313] pimreg: entered allmulticast mode
[   30.943942] pimreg (unregistering): left allmulticast mode
[   30.947417] pimreg (unregistering): left allmulticast mode
[   30.952848] pimreg: entered allmulticast mode
[   30.973971] pimreg: entered allmulticast mode
[   30.987544] pimreg (unregistering): left allmulticast mode
[   30.990322] pimreg (unregistering): left allmulticast mode
[   30.994062] pimreg (unregistering): left allmulticast mode
[   30.998647] pimreg: entered allmulticast mode
[   31.016169] pimreg: entered allmulticast mode
[   31.026527] pimreg (unregistering): left allmulticast mode
[   31.030506] pimreg (unregistering): left allmulticast mode
[   31.034938] pimreg: entered allmulticast mode
[   31.057403] pimreg: entered allmulticast mode
[   31.063434] pimreg (unregistering): left allmulticast mode
[   31.081809] pimreg: entered allmulticast mode
[   31.113473] pimreg: entered allmulticast mode
[   31.123944] pimreg (unregistering): left allmulticast mode
[   31.126763] pimreg (unregistering): left allmulticast mode
[   31.129519] pimreg (unregistering): left allmulticast mode
[   31.135156] pimreg: entered allmulticast mode
[   31.149731] pimreg: entered allmulticast mode
[   31.164161] pimreg (unregistering): left allmulticast mode
[   31.166903] pimreg (unregistering): left allmulticast mode
[   31.172976] pimreg: entered allmulticast mode
[   31.189106] pimreg: entered allmulticast mode
[   31.210618] pimreg (unregistering): left allmulticast mode
[   31.213466] pimreg (unregistering): left allmulticast mode
[   31.218573] pimreg: entered allmulticast mode
[   31.234563] pimreg: entered allmulticast mode
[   31.247469] pimreg (unregistering): left allmulticast mode
[   31.251541] pimreg (unregistering): left allmulticast mode
[   31.257987] pimreg: entered allmulticast mode
[   31.277702] pimreg: entered allmulticast mode
[   31.294741] pimreg (unregistering): left allmulticast mode
[   31.298183] pimreg (unregistering): left allmulticast mode
[   31.302690] pimreg: entered allmulticast mode
[   31.333714] pimreg: entered allmulticast mode
[   31.339423] pimreg (unregistering): left allmulticast mode
[   31.358214] pimreg: entered allmulticast mode
[   31.382625] pimreg (unregistering): left allmulticast mode
[   31.386376] pimreg (unregistering): left allmulticast mode
[   31.390921] pimreg: entered allmulticast mode
[   31.413882] pimreg: entered allmulticast mode
[   31.434609] pimreg (unregistering): left allmulticast mode
[   31.437420] pimreg (unregistering): left allmulticast mode
[   31.441923] pimreg: entered allmulticast mode
[   31.457362] pimreg: entered allmulticast mode
[   31.478641] pimreg (unregistering): left allmulticast mode
[   31.481571] pimreg (unregistering): left allmulticast mode
[   31.486221] pimreg: entered allmulticast mode
[   31.502967] pimreg: entered allmulticast mode
[   31.526845] pimreg (unregistering): left allmulticast mode
[   31.529782] pimreg (unregistering): left allmulticast mode
[   31.535224] pimreg: entered allmulticast mode
[   31.554519] pimreg: entered allmulticast mode
[   31.563780] pimreg (unregistering): left allmulticast mode
[   31.567304] pimreg (unregistering): left allmulticast mode
[   31.573623] pimreg: entered allmulticast mode
[   31.593643] pimreg: entered allmulticast mode
[   31.610642] pimreg (unregistering): left allmulticast mode
[   31.613292] pimreg (unregistering): left allmulticast mode
[   31.618186] pimreg: entered allmulticast mode
[   31.640921] pimreg: entered allmulticast mode
[   31.655694] pimreg (unregistering): left allmulticast mode
[   31.659147] pimreg (unregistering): left allmulticast mode
[   31.666180] pimreg: entered allmulticast mode
[   31.688742] pimreg: entered allmulticast mode
[   31.703938] pimreg (unregistering): left allmulticast mode
[   31.706770] pimreg (unregistering): left allmulticast mode
[   31.713038] pimreg: entered allmulticast mode
[   31.730305] pimreg: entered allmulticast mode
[   31.743996] pimreg (unregistering): left allmulticast mode
[   31.747086] pimreg (unregistering): left allmulticast mode
[   31.753152] pimreg: entered allmulticast mode
[   31.770730] pimreg: entered allmulticast mode
[   31.782816] pimreg (unregistering): left allmulticast mode
[   31.785618] pimreg (unregistering): left allmulticast mode
[   31.790553] pimreg: entered allmulticast mode
[   31.805641] pimreg: entered allmulticast mode
[   31.819772] pimreg (unregistering): left allmulticast mode
[   31.822859] pimreg (unregistering): left allmulticast mode
[   31.828960] pimreg: entered allmulticast mode
[   31.846396] pimreg: entered allmulticast mode
[   31.859752] pimreg (unregistering): left allmulticast mode
[   31.862548] pimreg (unregistering): left allmulticast mode
[   31.869441] pimreg: entered allmulticast mode
[   31.900534] pimreg: entered allmulticast mode
[   31.907469] pimreg (unregistering): left allmulticast mode
[   31.922247] pimreg: entered allmulticast mode
[   31.936947] pimreg: entered allmulticast mode
[   31.947268] pimreg (unregistering): left allmulticast mode
[   31.950253] pimreg (unregistering): left allmulticast mode
[   31.953125] pimreg (unregistering): left allmulticast mode
[   31.958166] pimreg: entered allmulticast mode
[   31.975935] pimreg: entered allmulticast mode
[   31.999380] pimreg (unregistering): left allmulticast mode
[   32.002245] pimreg (unregistering): left allmulticast mode
[   32.006790] pimreg: entered allmulticast mode
[   32.022171] pimreg: entered allmulticast mode
[   32.035795] pimreg (unregistering): left allmulticast mode
[   32.038881] pimreg (unregistering): left allmulticast mode
[   32.044977] pimreg: entered allmulticast mode
[   32.070251] pimreg: entered allmulticast mode
[   32.071912] pimreg (unregistering): left allmulticast mode
[   32.079461] pimreg: entered allmulticast mode
[   32.101859] pimreg: entered allmulticast mode
[   32.114587] pimreg (unregistering): left allmulticast mode
[   32.117843] pimreg (unregistering): left allmulticast mode
[   32.120366] pimreg (unregistering): left allmulticast mode
[   32.125310] pimreg: entered allmulticast mode
[   32.142670] pimreg: entered allmulticast mode
[   32.151176] pimreg (unregistering): left allmulticast mode
[   32.153938] pimreg (unregistering): left allmulticast mode
[   32.159344] pimreg: entered allmulticast mode
[   32.186840] pimreg: entered allmulticast mode
[   32.198443] pimreg (unregistering): left allmulticast mode
[   32.201578] pimreg (unregistering): left allmulticast mode
[   32.206235] pimreg: entered allmulticast mode
[   32.220987] pimreg: entered allmulticast mode
[   32.247965] pimreg (unregistering): left allmulticast mode
[   32.250871] pimreg (unregistering): left allmulticast mode
[   32.256564] pimreg: entered allmulticast mode
[   32.286072] pimreg: entered allmulticast mode
[   32.291217] pimreg (unregistering): left allmulticast mode
[   32.305327] pimreg: entered allmulticast mode
[   32.321798] pimreg: entered allmulticast mode
[   32.335295] pimreg (unregistering): left allmulticast mode
[   32.338025] pimreg (unregistering): left allmulticast mode
[   32.341969] pimreg (unregistering): left allmulticast mode
[   32.346489] pimreg: entered allmulticast mode
[   32.358486] pimreg: entered allmulticast mode
[   32.368133] pimreg (unregistering): left allmulticast mode
[   32.370756] pimreg (unregistering): left allmulticast mode
[   32.377314] pimreg: entered allmulticast mode
[   32.406119] pimreg: entered allmulticast mode
[   32.411183] pimreg (unregistering): left allmulticast mode
[   32.422108] pimreg: entered allmulticast mode
[   32.442516] pimreg: entered allmulticast mode
[   32.451298] pimreg (unregistering): left allmulticast mode
[   32.454008] pimreg (unregistering): left allmulticast mode
[   32.456774] pimreg (unregistering): left allmulticast mode
[   32.461662] pimreg: entered allmulticast mode
[   32.486087] pimreg: entered allmulticast mode
[   32.494729] pimreg (unregistering): left allmulticast mode
[   32.497596] pimreg (unregistering): left allmulticast mode
[   32.503283] pimreg: entered allmulticast mode
[   32.518534] pimreg: entered allmulticast mode
[   32.546514] pimreg (unregistering): left allmulticast mode
[   32.549234] pimreg (unregistering): left allmulticast mode
[   32.554279] pimreg: entered allmulticast mode
[   32.570355] pimreg: entered allmulticast mode
[   32.583547] pimreg (unregistering): left allmulticast mode
[   32.586825] pimreg (unregistering): left allmulticast mode
[   32.594164] pimreg: entered allmulticast mode
[   32.616804] pimreg: entered allmulticast mode
[   32.623387] pimreg (unregistering): left allmulticast mode
[   32.637904] pimreg: entered allmulticast mode
[   32.662700] pimreg (unregistering): left allmulticast mode
[   32.665394] pimreg (unregistering): left allmulticast mode
[   32.670249] pimreg: entered allmulticast mode
[   32.686603] pimreg: entered allmulticast mode
[   32.698940] pimreg (unregistering): left allmulticast mode
[   32.701725] pimreg (unregistering): left allmulticast mode
[   32.706560] pimreg: entered allmulticast mode
[   32.725165] pimreg: entered allmulticast mode
[   32.731327] pimreg (unregistering): left allmulticast mode
[   32.740821] pimreg: entered allmulticast mode
[   32.765648] pimreg: entered allmulticast mode
[   32.779797] pimreg (unregistering): left allmulticast mode
[   32.782596] pimreg (unregistering): left allmulticast mode
[   32.786956] pimreg (unregistering): left allmulticast mode
[   32.791433] pimreg: entered allmulticast mode
[   32.813937] pimreg: entered allmulticast mode
[   32.827669] pimreg (unregistering): left allmulticast mode
[   32.830576] pimreg (unregistering): left allmulticast mode
[   32.835225] pimreg: entered allmulticast mode
[   32.853024] pimreg: entered allmulticast mode
[   32.859668] pimreg (unregistering): left allmulticast mode
[   32.862657] pimreg (unregistering): left allmulticast mode
[   32.868589] pimreg: entered allmulticast mode
[   32.897802] pimreg: entered allmulticast mode
[   32.903289] pimreg (unregistering): left allmulticast mode
[   32.913414] pimreg: entered allmulticast mode
[   32.937986] pimreg: entered allmulticast mode
[   32.939371] pimreg (unregistering): left allmulticast mode
[   32.942151] pimreg (unregistering): left allmulticast mode
[   32.947478] pimreg: entered allmulticast mode
[   32.970134] pimreg: entered allmulticast mode
[   32.982986] pimreg (unregistering): left allmulticast mode
[   32.985599] pimreg (unregistering): left allmulticast mode
[   32.988504] pimreg (unregistering): left allmulticast mode
[   32.993382] pimreg: entered allmulticast mode
[   33.017955] pimreg: entered allmulticast mode
[   33.031927] pimreg (unregistering): left allmulticast mode
[   33.034438] pimreg (unregistering): left allmulticast mode
[   33.041034] pimreg: entered allmulticast mode
[   33.065020] pimreg: entered allmulticast mode
[   33.070937] pimreg (unregistering): left allmulticast mode
[   33.073974] pimreg (unregistering): left allmulticast mode
[   33.083767] pimreg: entered allmulticast mode
[   33.099055] pimreg: entered allmulticast mode
[   33.111502] pimreg (unregistering): left allmulticast mode
[   33.114147] pimreg (unregistering): left allmulticast mode
[   33.119929] pimreg: entered allmulticast mode
[   33.135077] pimreg: entered allmulticast mode
[   33.146518] pimreg (unregistering): left allmulticast mode
[   33.150091] pimreg (unregistering): left allmulticast mode
[   33.154604] pimreg: entered allmulticast mode
[   33.185134] pimreg: entered allmulticast mode
[   33.211018] pimreg (unregistering): left allmulticast mode
[   33.214788] pimreg (unregistering): left allmulticast mode
[   33.219417] pimreg: entered allmulticast mode
[   33.242337] pimreg: entered allmulticast mode
[   33.254476] pimreg (unregistering): left allmulticast mode
[   33.257288] pimreg (unregistering): left allmulticast mode
[   33.262111] pimreg: entered allmulticast mode
[   33.289754] pimreg: entered allmulticast mode
[   33.295236] pimreg (unregistering): left allmulticast mode
[   33.305887] pimreg: entered allmulticast mode
[   33.334396] pimreg: entered allmulticast mode
[   33.343350] pimreg (unregistering): left allmulticast mode
[   33.346209] pimreg (unregistering): left allmulticast mode
[   33.349427] pimreg (unregistering): left allmulticast mode
[   33.354658] pimreg: entered allmulticast mode
[   33.382636] pimreg: entered allmulticast mode
[   33.395980] pimreg (unregistering): left allmulticast mode
[   33.398776] pimreg (unregistering): left allmulticast mode
[   33.405841] pimreg: entered allmulticast mode
[   33.425243] pimreg: entered allmulticast mode
[   33.430975] pimreg (unregistering): left allmulticast mode
[   33.433972] pimreg (unregistering): left allmulticast mode
[   33.441556] pimreg: entered allmulticast mode
[   33.473565] pimreg: entered allmulticast mode
[   33.479467] pimreg (unregistering): left allmulticast mode
[   33.497985] pimreg: entered allmulticast mode
[   33.527885] pimreg (unregistering): left allmulticast mode
[   33.530919] pimreg (unregistering): left allmulticast mode
[   33.535930] pimreg: entered allmulticast mode
[   33.558036] pimreg: entered allmulticast mode
[   33.559488] pimreg (unregistering): left allmulticast mode
[   33.567600] pimreg: entered allmulticast mode
[   33.593543] pimreg: entered allmulticast mode
[   33.608197] pimreg (unregistering): left allmulticast mode
[   33.610916] pimreg (unregistering): left allmulticast mode
[   33.613912] pimreg (unregistering): left allmulticast mode
[   33.618910] pimreg: entered allmulticast mode
[   33.638782] pimreg: entered allmulticast mode
[   33.663942] pimreg (unregistering): left allmulticast mode
[   33.667875] pimreg (unregistering): left allmulticast mode
[   33.675838] pimreg: entered allmulticast mode
[   33.697709] pimreg: entered allmulticast mode
[   33.711949] pimreg (unregistering): left allmulticast mode
[   33.714485] pimreg (unregistering): left allmulticast mode
[   33.721359] pimreg: entered allmulticast mode
[   33.749280] pimreg: entered allmulticast mode
[   33.754992] pimreg (unregistering): left allmulticast mode
[   33.765015] pimreg: entered allmulticast mode
[   33.778723] pimreg (unregistering): left allmulticast mode
[   33.781444] pimreg (unregistering): left allmulticast mode
[   33.786265] pimreg: entered allmulticast mode
[   33.808700] pimreg: entered allmulticast mode
[   33.827101] pimreg (unregistering): left allmulticast mode
[   33.829692] pimreg (unregistering): left allmulticast mode
[   33.835485] pimreg: entered allmulticast mode
[   33.857997] pimreg: entered allmulticast mode
[   33.874514] pimreg (unregistering): left allmulticast mode
[   33.877611] pimreg (unregistering): left allmulticast mode
[   33.882526] pimreg: entered allmulticast mode
[   33.897560] pimreg: entered allmulticast mode
[   33.927732] pimreg (unregistering): left allmulticast mode
[   33.930386] pimreg (unregistering): left allmulticast mode
[   33.939996] pimreg: entered allmulticast mode
[   33.957268] pimreg: entered allmulticast mode
[   33.963313] pimreg (unregistering): left allmulticast mode
[   33.974230] pimreg: entered allmulticast mode
[   33.989367] pimreg: entered allmulticast mode
[   34.002874] pimreg (unregistering): left allmulticast mode
[   34.005550] pimreg (unregistering): left allmulticast mode
[   34.009538] pimreg (unregistering): left allmulticast mode
[   34.014172] pimreg: entered allmulticast mode
[   34.030606] pimreg: entered allmulticast mode
[   34.034967] pimreg (unregistering): left allmulticast mode
[   34.037872] pimreg (unregistering): left allmulticast mode
[   34.055021] pimreg: entered allmulticast mode
[   34.074993] pimreg (unregistering): left allmulticast mode
[   34.080536] pimreg: entered allmulticast mode
[   34.106254] pimreg: entered allmulticast mode
[   34.115118] pimreg (unregistering): left allmulticast mode
[   34.117922] pimreg (unregistering): left allmulticast mode
[   34.123512] pimreg: entered allmulticast mode
[   34.147377] pimreg: entered allmulticast mode
[   34.155720] pimreg (unregistering): left allmulticast mode
[   34.158575] pimreg (unregistering): left allmulticast mode
[   34.165691] pimreg: entered allmulticast mode
[   34.191866] pimreg: entered allmulticast mode
[   34.203826] pimreg (unregistering): left allmulticast mode
[   34.206528] pimreg (unregistering): left allmulticast mode
[   34.214153] pimreg: entered allmulticast mode
[   34.233909] pimreg: entered allmulticast mode
[   34.251137] pimreg (unregistering): left allmulticast mode
[   34.253753] pimreg (unregistering): left allmulticast mode
[   34.256270] pimreg (unregistering): left allmulticast mode
[   34.261107] pimreg: entered allmulticast mode
[   34.285957] pimreg: entered allmulticast mode
[   34.288329] pimreg (unregistering): left allmulticast mode
[   34.310042] pimreg: entered allmulticast mode
[   34.326425] pimreg (unregistering): left allmulticast mode
[   34.331440] pimreg: entered allmulticast mode
[   34.350153] pimreg: entered allmulticast mode
[   34.366694] pimreg (unregistering): left allmulticast mode
[   34.369277] pimreg (unregistering): left allmulticast mode
[   34.374441] pimreg: entered allmulticast mode
[   34.408025] pimreg: entered allmulticast mode
[   34.419586] pimreg (unregistering): left allmulticast mode
[   34.422555] pimreg (unregistering): left allmulticast mode
[   34.429338] pimreg: entered allmulticast mode
[   34.450743] pimreg (unregistering): left allmulticast mode
[   34.454258] pimreg (unregistering): left allmulticast mode
[   34.458708] pimreg: entered allmulticast mode
[   34.474164] pimreg: entered allmulticast mode
[   34.479102] pimreg (unregistering): left allmulticast mode
[   34.489124] pimreg: entered allmulticast mode
[   34.505773] pimreg: entered allmulticast mode
[   34.511702] pimreg (unregistering): left allmulticast mode
[   34.514697] pimreg (unregistering): left allmulticast mode
[   34.526455] pimreg: entered allmulticast mode
[   34.545266] pimreg: entered allmulticast mode
[   34.551675] pimreg (unregistering): left allmulticast mode
[   34.561245] pimreg: entered allmulticast mode
[   34.587348] pimreg: entered allmulticast mode
[   34.600253] pimreg (unregistering): left allmulticast mode
[   34.603326] pimreg (unregistering): left allmulticast mode
[   34.606581] pimreg (unregistering): left allmulticast mode
[   34.611573] pimreg: entered allmulticast mode
[   34.643471] pimreg: entered allmulticast mode
[   34.672092] pimreg (unregistering): left allmulticast mode
[   34.674979] pimreg (unregistering): left allmulticast mode
[   34.680980] pimreg: entered allmulticast mode
[   34.709153] pimreg: entered allmulticast mode
[   34.716039] pimreg (unregistering): left allmulticast mode
[   34.725391] pimreg: entered allmulticast mode
[   34.749544] pimreg: entered allmulticast mode
[   34.754911] pimreg (unregistering): left allmulticast mode
[   34.757680] pimreg (unregistering): left allmulticast mode
[   34.769460] pimreg: entered allmulticast mode
[   34.796255] pimreg (unregistering): left allmulticast mode
[   34.799162] pimreg (unregistering): left allmulticast mode
[   34.803506] pimreg: entered allmulticast mode
[   34.821067] pimreg: entered allmulticast mode
[   34.826767] pimreg (unregistering): left allmulticast mode
[   34.849818] pimreg: entered allmulticast mode
[   34.864077] pimreg (unregistering): left allmulticast mode
[   34.866998] pimreg (unregistering): left allmulticast mode
[   34.872913] pimreg: entered allmulticast mode
[   34.897138] pimreg: entered allmulticast mode
[   34.899350] pimreg (unregistering): left allmulticast mode
[   34.906878] pimreg: entered allmulticast mode
[   34.922180] pimreg: entered allmulticast mode
[   34.935805] pimreg (unregistering): left allmulticast mode
[   34.938977] pimreg (unregistering): left allmulticast mode
[   34.941590] pimreg (unregistering): left allmulticast mode
[   34.946836] pimreg: entered allmulticast mode
[   34.984662] pimreg: entered allmulticast mode
[   34.991252] pimreg (unregistering): left allmulticast mode
[   35.017257] pimreg: entered allmulticast mode
[   35.038490] pimreg (unregistering): left allmulticast mode
[   35.041522] pimreg (unregistering): left allmulticast mode
[   35.045937] pimreg: entered allmulticast mode
[   35.063446] pimreg: entered allmulticast mode
[   35.067411] pimreg (unregistering): left allmulticast mode
[   35.070189] pimreg (unregistering): left allmulticast mode
[   35.077240] pimreg: entered allmulticast mode
[   35.114464] pimreg (unregistering): left allmulticast mode
[   35.119633] pimreg: entered allmulticast mode
[   35.134079] pimreg: entered allmulticast mode
[   35.152027] pimreg (unregistering): left allmulticast mode
[   35.155091] pimreg (unregistering): left allmulticast mode
[   35.161067] pimreg: entered allmulticast mode
[   35.180825] pimreg: entered allmulticast mode
[   35.187338] pimreg (unregistering): left allmulticast mode
[   35.197620] pimreg: entered allmulticast mode
[   35.214197] pimreg: entered allmulticast mode
[   35.223083] pimreg (unregistering): left allmulticast mode
[   35.227022] pimreg (unregistering): left allmulticast mode
[   35.229570] pimreg (unregistering): left allmulticast mode
[   35.234251] pimreg: entered allmulticast mode
[   35.257253] pimreg: entered allmulticast mode
[   35.262522] pimreg (unregistering): left allmulticast mode
[   35.273830] pimreg: entered allmulticast mode
[   35.301915] pimreg: entered allmulticast mode
[   35.320452] pimreg (unregistering): left allmulticast mode
[   35.323756] pimreg (unregistering): left allmulticast mode
[   35.326641] pimreg (unregistering): left allmulticast mode
[   35.331236] pimreg: entered allmulticast mode
[   35.346504] pimreg: entered allmulticast mode
[   35.359776] pimreg (unregistering): left allmulticast mode
[   35.363497] pimreg (unregistering): left allmulticast mode
[   35.369617] pimreg: entered allmulticast mode
[   35.394801] pimreg: entered allmulticast mode
[   35.410723] pimreg (unregistering): left allmulticast mode
[   35.413382] pimreg (unregistering): left allmulticast mode
[   35.418102] pimreg: entered allmulticast mode
[   35.440770] pimreg: entered allmulticast mode
[   35.451278] pimreg (unregistering): left allmulticast mode
[   35.454050] pimreg (unregistering): left allmulticast mode
[   35.459463] pimreg: entered allmulticast mode
[   35.473555] pimreg: entered allmulticast mode
[   35.497309] pimreg: entered allmulticast mode
[   35.503179] pimreg (unregistering): left allmulticast mode
[   35.506249] pimreg (unregistering): left allmulticast mode
[   35.513898] pimreg: entered allmulticast mode
[   35.533239] pimreg: entered allmulticast mode
[   35.539905] pimreg (unregistering): left allmulticast mode
[   35.542608] pimreg (unregistering): left allmulticast mode
[   35.546181] pimreg (unregistering): left allmulticast mode
[   35.550950] pimreg: entered allmulticast mode
[   35.572894] pimreg: entered allmulticast mode
[   35.592719] pimreg (unregistering): left allmulticast mode
[   35.595669] pimreg (unregistering): left allmulticast mode
[   35.600995] pimreg: entered allmulticast mode
[   35.641049] pimreg: entered allmulticast mode
[   35.657934] pimreg: entered allmulticast mode
[   35.660683] pimreg (unregistering): left allmulticast mode
[   35.663662] pimreg (unregistering): left allmulticast mode
[   35.677992] pimreg: entered allmulticast mode
[   35.701258] pimreg: entered allmulticast mode
[   35.707423] pimreg (unregistering): left allmulticast mode
[   35.710271] pimreg (unregistering): left allmulticast mode
[   35.717638] pimreg: entered allmulticast mode
[   35.742040] pimreg: entered allmulticast mode
[   35.747429] pimreg (unregistering): left allmulticast mode
[   35.750417] pimreg (unregistering): left allmulticast mode
[   35.756944] pimreg: entered allmulticast mode
[   35.782897] pimreg: entered allmulticast mode
[   35.803387] pimreg (unregistering): left allmulticast mode
[   35.807411] pimreg (unregistering): left allmulticast mode
[   35.810318] pimreg (unregistering): left allmulticast mode
[   35.814800] pimreg: entered allmulticast mode
[   35.838079] pimreg: entered allmulticast mode
[   35.873283] pimreg: entered allmulticast mode
[   35.879219] pimreg (unregistering): left allmulticast mode
[   35.882246] pimreg (unregistering): left allmulticast mode
[   35.889740] pimreg: entered allmulticast mode
[   35.910345] pimreg: entered allmulticast mode
[   35.911682] pimreg (unregistering): left allmulticast mode
[   35.914330] pimreg (unregistering): left allmulticast mode
[   35.919989] pimreg: entered allmulticast mode
[   35.943228] pimreg: entered allmulticast mode
[   35.956245] pimreg (unregistering): left allmulticast mode
[   35.959129] pimreg (unregistering): left allmulticast mode
[   35.962092] pimreg (unregistering): left allmulticast mode
[   35.966949] pimreg: entered allmulticast mode
[   35.993131] pimreg: entered allmulticast mode
[   36.014267] pimreg: entered allmulticast mode
[   36.019600] pimreg (unregistering): left allmulticast mode
[   36.022788] pimreg (unregistering): left allmulticast mode
[   36.029957] pimreg: entered allmulticast mode
[   36.055129] pimreg: entered allmulticast mode
[   36.079178] pimreg (unregistering): left allmulticast mode
[   36.081821] pimreg (unregistering): left allmulticast mode
[   36.084823] pimreg (unregistering): left allmulticast mode
[   36.087927] pimreg (unregistering): left allmulticast mode
[   36.092814] pimreg: entered allmulticast mode
[   36.117907] pimreg: entered allmulticast mode
[   36.123449] pimreg (unregistering): left allmulticast mode
[   36.129931] pimreg: entered allmulticast mode
[   36.157285] pimreg: entered allmulticast mode
[   36.167984] pimreg (unregistering): left allmulticast mode
[   36.171220] pimreg (unregistering): left allmulticast mode
[   36.178328] pimreg: entered allmulticast mode
[   36.190490] pimreg: entered allmulticast mode
[   36.198999] pimreg (unregistering): left allmulticast mode
[   36.201676] pimreg (unregistering): left allmulticast mode
[   36.207493] pimreg: entered allmulticast mode
[   36.224800] pimreg: entered allmulticast mode
[   36.231195] pimreg (unregistering): left allmulticast mode
[   36.241685] pimreg: entered allmulticast mode
[   36.258051] pimreg: entered allmulticast mode
[   36.271901] pimreg (unregistering): left allmulticast mode
[   36.274532] pimreg (unregistering): left allmulticast mode
[   36.278671] pimreg (unregistering): left allmulticast mode
[   36.283173] pimreg: entered allmulticast mode
[   36.293708] pimreg: entered allmulticast mode
[   36.302757] pimreg (unregistering): left allmulticast mode
[   36.305452] pimreg (unregistering): left allmulticast mode
[   36.311371] pimreg: entered allmulticast mode
[   36.333367] pimreg: entered allmulticast mode
[   36.347942] pimreg (unregistering): left allmulticast mode
[   36.350747] pimreg (unregistering): left allmulticast mode
[   36.357294] pimreg: entered allmulticast mode
[   36.378346] pimreg: entered allmulticast mode
[   36.391877] pimreg (unregistering): left allmulticast mode
[   36.394705] pimreg (unregistering): left allmulticast mode
[   36.401747] pimreg: entered allmulticast mode
[   36.425996] pimreg: entered allmulticast mode
[   36.431622] pimreg (unregistering): left allmulticast mode
[   36.454393] pimreg: entered allmulticast mode
[   36.473709] pimreg: entered allmulticast mode
[   36.479013] pimreg (unregistering): left allmulticast mode
[   36.481973] pimreg (unregistering): left allmulticast mode
[   36.484870] pimreg (unregistering): left allmulticast mode
[   36.489909] pimreg: entered allmulticast mode
[   36.515712] pimreg: entered allmulticast mode
[   36.539445] pimreg (unregistering): left allmulticast mode
[   36.542237] pimreg (unregistering): left allmulticast mode
[   36.546674] pimreg: entered allmulticast mode
[   36.570127] pimreg: entered allmulticast mode
[   36.575637] pimreg (unregistering): left allmulticast mode
[   36.602362] pimreg: entered allmulticast mode
[   36.614520] pimreg (unregistering): left allmulticast mode
[   36.618321] pimreg (unregistering): left allmulticast mode
[   36.622959] pimreg: entered allmulticast mode
[   36.638461] pimreg: entered allmulticast mode
[   36.650744] pimreg (unregistering): left allmulticast mode
[   36.654272] pimreg (unregistering): left allmulticast mode
[   36.659103] pimreg: entered allmulticast mode
[   36.683464] pimreg: entered allmulticast mode
[   36.702499] pimreg (unregistering): left allmulticast mode
[   36.705760] pimreg (unregistering): left allmulticast mode
[   36.710176] pimreg: entered allmulticast mode
[   36.726418] pimreg: entered allmulticast mode
[   36.742593] pimreg (unregistering): left allmulticast mode
[   36.745151] pimreg (unregistering): left allmulticast mode
[   36.750313] pimreg: entered allmulticast mode
[   36.781988] pimreg: entered allmulticast mode
[   36.784604] pimreg (unregistering): left allmulticast mode
[   36.791735] pimreg: entered allmulticast mode
[   36.814247] pimreg: entered allmulticast mode
[   36.834595] pimreg (unregistering): left allmulticast mode
[   36.837748] pimreg (unregistering): left allmulticast mode
[   36.840238] pimreg (unregistering): left allmulticast mode
[   36.845245] pimreg: entered allmulticast mode
[   36.859710] pimreg: entered allmulticast mode
[   36.867873] pimreg (unregistering): left allmulticast mode
[   36.870743] pimreg (unregistering): left allmulticast mode
[   36.879460] pimreg: entered allmulticast mode
[   36.896927] pimreg: entered allmulticast mode
[   36.898976] pimreg (unregistering): left allmulticast mode
[   36.907727] pimreg: entered allmulticast mode
[   36.925195] pimreg: entered allmulticast mode
[   36.931332] pimreg (unregistering): left allmulticast mode
[   36.934236] pimreg (unregistering): left allmulticast mode
[   36.941902] pimreg: entered allmulticast mode
[   36.960570] pimreg: entered allmulticast mode
[   36.971157] pimreg (unregistering): left allmulticast mode
[   36.973937] pimreg (unregistering): left allmulticast mode
[   36.977361] pimreg (unregistering): left allmulticast mode
[   36.981898] pimreg: entered allmulticast mode
[   37.025743] pimreg: entered allmulticast mode
[   37.046922] pimreg: entered allmulticast mode
[   37.048302] pimreg (unregistering): left allmulticast mode
[   37.050981] pimreg (unregistering): left allmulticast mode
[   37.055951] pimreg: entered allmulticast mode
[   37.069856] pimreg: entered allmulticast mode
[   37.089286] pimreg: entered allmulticast mode
[   37.095217] pimreg (unregistering): left allmulticast mode
[   37.097973] pimreg (unregistering): left allmulticast mode
[   37.100516] pimreg (unregistering): left allmulticast mode
[   37.105663] pimreg: entered allmulticast mode
[   37.126158] pimreg: entered allmulticast mode
[   37.139696] pimreg (unregistering): left allmulticast mode
[   37.142896] pimreg (unregistering): left allmulticast mode
[   37.145663] pimreg (unregistering): left allmulticast mode
[   37.150352] pimreg: entered allmulticast mode
[   37.181934] pimreg: entered allmulticast mode
[   37.187616] pimreg (unregistering): left allmulticast mode
[   37.206349] pimreg: entered allmulticast mode
[   37.226747] pimreg (unregistering): left allmulticast mode
[   37.230219] pimreg (unregistering): left allmulticast mode
[   37.234946] pimreg: entered allmulticast mode
[   37.257705] pimreg: entered allmulticast mode
[   37.263677] pimreg (unregistering): left allmulticast mode
[   37.282445] pimreg: entered allmulticast mode
[   37.310853] pimreg (unregistering): left allmulticast mode
[   37.313482] pimreg (unregistering): left allmulticast mode
[   37.318444] pimreg: entered allmulticast mode
[   37.335559] pimreg: entered allmulticast mode
[   37.347724] pimreg (unregistering): left allmulticast mode
[   37.350721] pimreg (unregistering): left allmulticast mode
[   37.355290] pimreg: entered allmulticast mode
[   37.377696] pimreg: entered allmulticast mode
[   37.390618] pimreg (unregistering): left allmulticast mode
[   37.394771] pimreg (unregistering): left allmulticast mode
[   37.399642] pimreg: entered allmulticast mode
[   37.413249] pimreg: entered allmulticast mode
[   37.430572] pimreg: entered allmulticast mode
[   37.432099] pimreg (unregistering): left allmulticast mode
[   37.435011] pimreg (unregistering): left allmulticast mode
[   37.437997] pimreg (unregistering): left allmulticast mode
[   37.442916] pimreg: entered allmulticast mode
[   37.458243] pimreg: entered allmulticast mode
[   37.467320] pimreg (unregistering): left allmulticast mode
[   37.470253] pimreg (unregistering): left allmulticast mode
[   37.476070] pimreg: entered allmulticast mode
[   37.502714] pimreg: entered allmulticast mode
[   37.518812] pimreg (unregistering): left allmulticast mode
[   37.522327] pimreg (unregistering): left allmulticast mode
[   37.526709] pimreg: entered allmulticast mode
[   37.551027] pimreg: entered allmulticast mode
[   37.562881] pimreg (unregistering): left allmulticast mode
[   37.566522] pimreg (unregistering): left allmulticast mode
[   37.570977] pimreg: entered allmulticast mode
[   37.592151] pimreg: entered allmulticast mode
[   37.598924] pimreg (unregistering): left allmulticast mode
[   37.601659] pimreg (unregistering): left allmulticast mode
[   37.607315] pimreg: entered allmulticast mode
[   37.643473] pimreg: entered allmulticast mode
[   37.662606] pimreg (unregistering): left allmulticast mode
[   37.666397] pimreg (unregistering): left allmulticast mode
[   37.672906] pimreg: entered allmulticast mode
[   37.689439] pimreg: entered allmulticast mode
[   37.699702] pimreg (unregistering): left allmulticast mode
[   37.702307] pimreg (unregistering): left allmulticast mode
[   37.709277] pimreg: entered allmulticast mode
[   37.734179] pimreg: entered allmulticast mode
[   37.736545] pimreg (unregistering): left allmulticast mode
[   37.744086] pimreg: entered allmulticast mode
[   37.765761] pimreg: entered allmulticast mode
[   37.786578] pimreg (unregistering): left allmulticast mode
[   37.789119] pimreg (unregistering): left allmulticast mode
[   37.792641] pimreg (unregistering): left allmulticast mode
[   37.797519] pimreg: entered allmulticast mode
[   37.818894] pimreg: entered allmulticast mode
[   37.831802] pimreg (unregistering): left allmulticast mode
[   37.835111] pimreg (unregistering): left allmulticast mode
[   37.841478] pimreg: entered allmulticast mode
[   37.865370] pimreg: entered allmulticast mode
[   37.871198] pimreg (unregistering): left allmulticast mode
[   37.890273] pimreg: entered allmulticast mode
[   37.911074] pimreg (unregistering): left allmulticast mode
[   37.913814] pimreg (unregistering): left allmulticast mode
[   37.918259] pimreg: entered allmulticast mode
[   37.934930] pimreg: entered allmulticast mode
[   37.948023] pimreg (unregistering): left allmulticast mode
[   37.950795] pimreg (unregistering): left allmulticast mode
[   37.957851] pimreg: entered allmulticast mode
[   37.975035] pimreg: entered allmulticast mode
[   37.987322] pimreg (unregistering): left allmulticast mode
[   37.990900] pimreg (unregistering): left allmulticast mode
[   37.995985] pimreg: entered allmulticast mode
[   38.009543] pimreg: entered allmulticast mode
[   38.026321] pimreg: entered allmulticast mode
[   38.030993] pimreg (unregistering): left allmulticast mode
[   38.035039] pimreg (unregistering): left allmulticast mode
[   38.042259] pimreg: entered allmulticast mode
[   38.066045] pimreg: entered allmulticast mode
[   38.068537] pimreg (unregistering): left allmulticast mode
[   38.071930] pimreg (unregistering): left allmulticast mode
[   38.077075] pimreg: entered allmulticast mode
[   38.093753] pimreg: entered allmulticast mode
[   38.107788] pimreg (unregistering): left allmulticast mode
[   38.110574] pimreg (unregistering): left allmulticast mode
[   38.113134] pimreg (unregistering): left allmulticast mode
[   38.118877] pimreg: entered allmulticast mode
[   38.137766] pimreg: entered allmulticast mode
[   38.147339] pimreg (unregistering): left allmulticast mode
[   38.151581] pimreg (unregistering): left allmulticast mode
[   38.156317] pimreg: entered allmulticast mode
[   38.175288] pimreg: entered allmulticast mode
[   38.191082] pimreg (unregistering): left allmulticast mode
[   38.195698] pimreg (unregistering): left allmulticast mode
[   38.201399] pimreg: entered allmulticast mode
[   38.229898] pimreg: entered allmulticast mode
[   38.234688] pimreg (unregistering): left allmulticast mode
[   38.250262] pimreg: entered allmulticast mode
[   38.270474] pimreg (unregistering): left allmulticast mode
[   38.273732] pimreg (unregistering): left allmulticast mode
[   38.278184] pimreg: entered allmulticast mode
[   38.306055] pimreg: entered allmulticast mode
[   38.322661] pimreg (unregistering): left allmulticast mode
[   38.325360] pimreg (unregistering): left allmulticast mode
[   38.330095] pimreg: entered allmulticast mode
[   38.353969] pimreg: entered allmulticast mode
[   38.359604] pimreg (unregistering): left allmulticast mode
[   38.386377] pimreg: entered allmulticast mode
[   38.406488] pimreg (unregistering): left allmulticast mode
[   38.409962] pimreg (unregistering): left allmulticast mode
[   38.414735] pimreg: entered allmulticast mode
[   38.435631] pimreg: entered allmulticast mode
[   38.458488] pimreg (unregistering): left allmulticast mode
[   38.462641] pimreg (unregistering): left allmulticast mode
[   38.467244] pimreg: entered allmulticast mode
[   38.490585] pimreg: entered allmulticast mode
[   38.502451] pimreg (unregistering): left allmulticast mode
[   38.506270] pimreg (unregistering): left allmulticast mode
[   38.510916] pimreg: entered allmulticast mode
[   38.549768] pimreg: entered allmulticast mode
[   38.554657] pimreg (unregistering): left allmulticast mode
[   38.574280] pimreg: entered allmulticast mode
[   38.598884] pimreg (unregistering): left allmulticast mode
[   38.601745] pimreg (unregistering): left allmulticast mode
[   38.606384] pimreg: entered allmulticast mode
[   38.625998] pimreg: entered allmulticast mode
[   38.647394] pimreg (unregistering): left allmulticast mode
[   38.651289] pimreg (unregistering): left allmulticast mode
[   38.655645] pimreg: entered allmulticast mode
[   38.670631] pimreg: entered allmulticast mode
[   38.682497] pimreg (unregistering): left allmulticast mode
[   38.685665] pimreg (unregistering): left allmulticast mode
[   38.690216] pimreg: entered allmulticast mode
[   38.718473] pimreg: entered allmulticast mode
[   38.735219] pimreg (unregistering): left allmulticast mode
[   38.738256] pimreg (unregistering): left allmulticast mode
[   38.742918] pimreg: entered allmulticast mode
[   38.786530] pimreg: entered allmulticast mode
[   38.804760] pimreg (unregistering): left allmulticast mode
[   38.807638] pimreg (unregistering): left allmulticast mode
[   38.813287] pimreg: entered allmulticast mode
[   38.846490] pimreg: entered allmulticast mode
[   38.871511] pimreg (unregistering): left allmulticast mode
[   38.874847] pimreg (unregistering): left allmulticast mode
[   38.879844] pimreg: entered allmulticast mode
[   38.900905] pimreg: entered allmulticast mode
[   38.903681] pimreg (unregistering): left allmulticast mode
[   38.921272] pimreg: entered allmulticast mode
[   38.935408] pimreg (unregistering): left allmulticast mode
[   38.938221] pimreg (unregistering): left allmulticast mode
[   38.942642] pimreg: entered allmulticast mode
[   38.957888] pimreg: entered allmulticast mode
[   38.975354] pimreg (unregistering): left allmulticast mode
[   38.978714] pimreg (unregistering): left allmulticast mode
[   38.983040] pimreg: entered allmulticast mode
[   38.997098] pimreg: entered allmulticast mode
[   39.015303] pimreg (unregistering): left allmulticast mode
[   39.018076] pimreg (unregistering): left allmulticast mode
[   39.022508] pimreg: entered allmulticast mode
[   39.046396] pimreg: entered allmulticast mode
[   39.048029] pimreg (unregistering): left allmulticast mode
[   39.050807] pimreg (unregistering): left allmulticast mode
[   39.055919] pimreg: entered allmulticast mode
[   39.070235] pimreg: entered allmulticast mode
[   39.091834] pimreg (unregistering): left allmulticast mode
[   39.094720] pimreg (unregistering): left allmulticast mode
[   39.099273] pimreg: entered allmulticast mode
[   39.122403] pimreg: entered allmulticast mode
[   39.134699] pimreg (unregistering): left allmulticast mode
[   39.137646] pimreg (unregistering): left allmulticast mode
[   39.142093] pimreg: entered allmulticast mode
[   39.173396] pimreg: entered allmulticast mode
[   39.179468] pimreg (unregistering): left allmulticast mode
[   39.182370] pimreg (unregistering): left allmulticast mode
[   39.189081] pimreg: entered allmulticast mode
[   39.214202] pimreg: entered allmulticast mode
[   39.216455] pimreg (unregistering): left allmulticast mode
[   39.223691] pimreg: entered allmulticast mode
[   39.237805] pimreg: entered allmulticast mode
[   39.251678] pimreg (unregistering): left allmulticast mode
[   39.254578] pimreg (unregistering): left allmulticast mode
[   39.257625] pimreg (unregistering): left allmulticast mode
[   39.263824] pimreg: entered allmulticast mode
[   39.279933] pimreg: entered allmulticast mode
[   39.295247] pimreg (unregistering): left allmulticast mode
[   39.297824] pimreg (unregistering): left allmulticast mode
[   39.302275] pimreg: entered allmulticast mode
[   39.329763] pimreg: entered allmulticast mode
[   39.350562] pimreg (unregistering): left allmulticast mode
[   39.353091] pimreg (unregistering): left allmulticast mode
[   39.358238] pimreg: entered allmulticast mode
[   39.382102] pimreg: entered allmulticast mode
[   39.384631] pimreg (unregistering): left allmulticast mode
[   39.391720] pimreg: entered allmulticast mode
[   39.410137] pimreg: entered allmulticast mode
[   39.412655] pimreg (unregistering): left allmulticast mode
[   39.416251] pimreg (unregistering): left allmulticast mode
[   39.421163] pimreg: entered allmulticast mode
[   39.457721] pimreg: entered allmulticast mode
[   39.479818] pimreg (unregistering): left allmulticast mode
[   39.482687] pimreg (unregistering): left allmulticast mode
[   39.485650] pimreg (unregistering): left allmulticast mode
[   39.490175] pimreg: entered allmulticast mode
[   39.533525] pimreg: entered allmulticast mode
[   39.548137] pimreg (unregistering): left allmulticast mode
[   39.552480] pimreg (unregistering): left allmulticast mode
[   39.560243] pimreg: entered allmulticast mode
[   39.582774] pimreg: entered allmulticast mode
[   39.594523] pimreg (unregistering): left allmulticast mode
[   39.597578] pimreg (unregistering): left allmulticast mode
[   39.602127] pimreg: entered allmulticast mode
[   39.617444] pimreg: entered allmulticast mode
[   39.639792] pimreg (unregistering): left allmulticast mode
[   39.642882] pimreg (unregistering): left allmulticast mode
[   39.647410] pimreg: entered allmulticast mode
[   39.661671] pimreg: entered allmulticast mode
[   39.678807] pimreg (unregistering): left allmulticast mode
[   39.681783] pimreg (unregistering): left allmulticast mode
[   39.684676] pimreg (unregistering): left allmulticast mode
[   39.689407] pimreg: entered allmulticast mode
[   39.713564] pimreg: entered allmulticast mode
[   39.720110] pimreg (unregistering): left allmulticast mode
[   39.726109] pimreg: entered allmulticast mode
[   39.764619] pimreg: entered allmulticast mode
[   39.771495] pimreg (unregistering): left allmulticast mode
[   39.790035] pimreg: entered allmulticast mode
[   39.814845] pimreg (unregistering): left allmulticast mode
[   39.817775] pimreg (unregistering): left allmulticast mode
[   39.822258] pimreg: entered allmulticast mode
[   39.845077] pimreg: entered allmulticast mode
[   39.847706] pimreg (unregistering): left allmulticast mode
[   39.869988] pimreg: entered allmulticast mode
[   39.894872] pimreg (unregistering): left allmulticast mode
[   39.898450] pimreg (unregistering): left allmulticast mode
[   39.902841] pimreg: entered allmulticast mode
[   39.918073] pimreg: entered allmulticast mode
[   39.930470] pimreg (unregistering): left allmulticast mode
[   39.934226] pimreg (unregistering): left allmulticast mode
[   39.939335] pimreg: entered allmulticast mode
[   39.959287] pimreg: entered allmulticast mode
[   39.982472] pimreg (unregistering): left allmulticast mode
[   39.986158] pimreg (unregistering): left allmulticast mode
[   39.990874] pimreg: entered allmulticast mode
[   40.007322] pimreg: entered allmulticast mode
[   40.018542] pimreg (unregistering): left allmulticast mode
[   40.021659] pimreg (unregistering): left allmulticast mode
[   40.025823] pimreg: entered allmulticast mode
[   40.041943] pimreg: entered allmulticast mode
[   40.055500] pimreg (unregistering): left allmulticast mode
[   40.058447] pimreg (unregistering): left allmulticast mode
[   40.063706] pimreg: entered allmulticast mode
[   40.090272] pimreg: entered allmulticast mode
[   40.102464] pimreg (unregistering): left allmulticast mode
[   40.106237] pimreg (unregistering): left allmulticast mode
[   40.111097] pimreg: entered allmulticast mode
[   40.127962] pimreg: entered allmulticast mode
[   40.142716] pimreg (unregistering): left allmulticast mode
[   40.146328] pimreg (unregistering): left allmulticast mode
[   40.151290] pimreg: entered allmulticast mode
[   40.172943] pimreg: entered allmulticast mode
[   40.175692] pimreg (unregistering): left allmulticast mode
[   40.189377] pimreg: entered allmulticast mode
[   40.208982] pimreg: entered allmulticast mode
[   40.211860] pimreg (unregistering): left allmulticast mode
[   40.214771] pimreg (unregistering): left allmulticast mode
[   40.233396] pimreg: entered allmulticast mode
[   40.254862] pimreg (unregistering): left allmulticast mode
[   40.258116] pimreg (unregistering): left allmulticast mode
[   40.262713] pimreg: entered allmulticast mode
[   40.301144] pimreg: entered allmulticast mode
[   40.306730] pimreg (unregistering): left allmulticast mode
[   40.326671] pimreg: entered allmulticast mode
[   40.354550] pimreg (unregistering): left allmulticast mode
[   40.357118] pimreg (unregistering): left allmulticast mode
[   40.362803] pimreg: entered allmulticast mode
[   40.383545] pimreg: entered allmulticast mode
[   40.390846] pimreg (unregistering): left allmulticast mode
[   40.393461] pimreg (unregistering): left allmulticast mode
[   40.401712] pimreg: entered allmulticast mode
[   40.429087] pimreg: entered allmulticast mode
[   40.434911] pimreg (unregistering): left allmulticast mode
[   40.445496] pimreg: entered allmulticast mode
[   40.466012] pimreg: entered allmulticast mode
[   40.471265] pimreg (unregistering): left allmulticast mode
[   40.474314] pimreg (unregistering): left allmulticast mode
[   40.481689] pimreg: entered allmulticast mode
[   40.505043] pimreg: entered allmulticast mode
[   40.511032] pimreg (unregistering): left allmulticast mode
[   40.513872] pimreg (unregistering): left allmulticast mode
[   40.517333] pimreg (unregistering): left allmulticast mode
[   40.522068] pimreg: entered allmulticast mode
[   40.549822] pimreg: entered allmulticast mode
[   40.555312] pimreg (unregistering): left allmulticast mode
[   40.564907] pimreg: entered allmulticast mode
[   40.586601] pimreg: entered allmulticast mode
[   40.591761] pimreg (unregistering): left allmulticast mode
[   40.594792] pimreg (unregistering): left allmulticast mode
[   40.609454] pimreg: entered allmulticast mode
[   40.634521] pimreg (unregistering): left allmulticast mode
[   40.639799] pimreg (unregistering): left allmulticast mode
[   40.644469] pimreg: entered allmulticast mode
[   40.672799] pimreg: entered allmulticast mode
[   40.678964] pimreg (unregistering): left allmulticast mode
[   40.702558] pimreg: entered allmulticast mode
[   40.716931] pimreg: entered allmulticast mode
[   40.727775] pimreg (unregistering): left allmulticast mode
[   40.730546] pimreg (unregistering): left allmulticast mode
[   40.733825] pimreg (unregistering): left allmulticast mode
[   40.739419] pimreg: entered allmulticast mode
[   40.768849] pimreg: entered allmulticast mode
[   40.775554] pimreg (unregistering): left allmulticast mode
[   40.778204] pimreg (unregistering): left allmulticast mode
[   40.785400] pimreg: entered allmulticast mode
[   40.804761] pimreg: entered allmulticast mode
[   40.810861] pimreg (unregistering): left allmulticast mode
[   40.821934] pimreg: entered allmulticast mode
[   40.831869] pimreg: entered allmulticast mode
[   40.835545] pimreg (unregistering): left allmulticast mode
[   40.838709] pimreg (unregistering): left allmulticast mode
[   40.841890] pimreg (unregistering): left allmulticast mode
[   40.847167] pimreg: entered allmulticast mode
[   40.881779] pimreg: entered allmulticast mode
[   40.911938] pimreg (unregistering): left allmulticast mode
[   40.916079] pimreg (unregistering): left allmulticast mode
[   40.923588] pimreg: entered allmulticast mode
[   40.946033] pimreg: entered allmulticast mode
[   40.978645] pimreg (unregistering): left allmulticast mode
[   40.982398] pimreg (unregistering): left allmulticast mode
[   40.987021] pimreg: entered allmulticast mode
[   41.002305] pimreg: entered allmulticast mode
[   41.014448] pimreg (unregistering): left allmulticast mode
[   41.017971] pimreg (unregistering): left allmulticast mode
[   41.022854] pimreg: entered allmulticast mode
[   41.050462] pimreg: entered allmulticast mode
[   41.065249] pimreg: entered allmulticast mode
[   41.071612] pimreg (unregistering): left allmulticast mode
[   41.074413] pimreg (unregistering): left allmulticast mode
[   41.081148] pimreg: entered allmulticast mode
[   41.098923] pimreg: entered allmulticast mode
[   41.111464] pimreg (unregistering): left allmulticast mode
[   41.114763] pimreg (unregistering): left allmulticast mode
[   41.117514] pimreg (unregistering): left allmulticast mode
[   41.122950] pimreg: entered allmulticast mode
[   41.154259] pimreg: entered allmulticast mode
[   41.175390] pimreg (unregistering): left allmulticast mode
[   41.179838] pimreg (unregistering): left allmulticast mode
[   41.184649] pimreg: entered allmulticast mode
[   41.214535] pimreg: entered allmulticast mode
[   41.230174] pimreg: entered allmulticast mode
[   41.234790] pimreg (unregistering): left allmulticast mode
[   41.237511] pimreg (unregistering): left allmulticast mode
[   41.245139] pimreg: entered allmulticast mode
[   41.261481] pimreg: entered allmulticast mode
[   41.279234] pimreg (unregistering): left allmulticast mode
[   41.282200] pimreg (unregistering): left allmulticast mode
[   41.285794] pimreg (unregistering): left allmulticast mode
[   41.290450] pimreg: entered allmulticast mode
[   41.310431] pimreg: entered allmulticast mode
[   41.330960] pimreg (unregistering): left allmulticast mode
[   41.336693] pimreg (unregistering): left allmulticast mode
[   41.341648] pimreg: entered allmulticast mode
[   41.369470] pimreg: entered allmulticast mode
[   41.383177] pimreg (unregistering): left allmulticast mode
[   41.385879] pimreg (unregistering): left allmulticast mode
[   41.391273] pimreg: entered allmulticast mode
[   41.418382] pimreg: entered allmulticast mode
[   41.429052] pimreg: entered allmulticast mode
[   41.431339] pimreg (unregistering): left allmulticast mode
[   41.435173] pimreg (unregistering): left allmulticast mode
[   41.442778] pimreg: entered allmulticast mode
[   41.454361] pimreg: entered allmulticast mode
[   41.467655] pimreg (unregistering): left allmulticast mode
[   41.470850] pimreg (unregistering): left allmulticast mode
[   41.473973] pimreg (unregistering): left allmulticast mode
[   41.478794] pimreg: entered allmulticast mode
[   41.515683] pimreg: entered allmulticast mode
[   41.527835] pimreg (unregistering): left allmulticast mode
[   41.531507] pimreg (unregistering): left allmulticast mode
[   41.534495] pimreg (unregistering): left allmulticast mode
[   41.539032] pimreg: entered allmulticast mode
[   41.565560] pimreg: entered allmulticast mode
[   41.583017] pimreg (unregistering): left allmulticast mode
[   41.588485] pimreg: entered allmulticast mode
[   41.610390] pimreg (unregistering): left allmulticast mode
[   41.615499] pimreg: entered allmulticast mode
[   41.649607] pimreg: entered allmulticast mode
[   41.665675] pimreg: entered allmulticast mode
[   41.670858] pimreg (unregistering): left allmulticast mode
[   41.673806] pimreg (unregistering): left allmulticast mode
[   41.702629] pimreg: entered allmulticast mode
[   41.715560] pimreg (unregistering): left allmulticast mode
[   41.718576] pimreg (unregistering): left allmulticast mode
[   41.723117] pimreg: entered allmulticast mode
[   41.754148] pimreg: entered allmulticast mode
[   41.766524] pimreg (unregistering): left allmulticast mode
[   41.769581] pimreg (unregistering): left allmulticast mode
[   41.774293] pimreg: entered allmulticast mode
[   41.790422] pimreg: entered allmulticast mode
[   41.815887] pimreg (unregistering): left allmulticast mode
[   41.818925] pimreg (unregistering): left allmulticast mode
[   41.823411] pimreg: entered allmulticast mode
[   41.844683] pimreg: entered allmulticast mode
[   41.859478] pimreg (unregistering): left allmulticast mode
[   41.862564] pimreg (unregistering): left allmulticast mode
[   41.868955] pimreg: entered allmulticast mode
[   41.893491] pimreg: entered allmulticast mode
[   41.907963] pimreg (unregistering): left allmulticast mode
[   41.910861] pimreg (unregistering): left allmulticast mode
[   41.916569] pimreg: entered allmulticast mode
[   41.942573] pimreg: entered allmulticast mode
[   41.970682] pimreg (unregistering): left allmulticast mode
[   41.973815] pimreg (unregistering): left allmulticast mode
[   41.979468] pimreg: entered allmulticast mode
[   41.993971] pimreg: entered allmulticast mode
[   42.010733] pimreg (unregistering): left allmulticast mode
[   42.013333] pimreg (unregistering): left allmulticast mode
[   42.018172] pimreg: entered allmulticast mode
[   42.048529] pimreg: entered allmulticast mode
[   42.071567] pimreg (unregistering): left allmulticast mode
[   42.074311] pimreg (unregistering): left allmulticast mode
[   42.081828] pimreg: entered allmulticast mode
[   42.105043] pimreg: entered allmulticast mode
[   42.111144] pimreg (unregistering): left allmulticast mode
[   42.121357] pimreg: entered allmulticast mode
[   42.137316] pimreg: entered allmulticast mode
[   42.151101] pimreg (unregistering): left allmulticast mode
[   42.153739] pimreg (unregistering): left allmulticast mode
[   42.157745] pimreg (unregistering): left allmulticast mode
[   42.162342] pimreg: entered allmulticast mode
[   42.181700] pimreg: entered allmulticast mode
[   42.190939] pimreg (unregistering): left allmulticast mode
[   42.194477] pimreg (unregistering): left allmulticast mode
[   42.199451] pimreg: entered allmulticast mode
[   42.226125] pimreg: entered allmulticast mode
[   42.234881] pimreg (unregistering): left allmulticast mode
[   42.237579] pimreg (unregistering): left allmulticast mode
[   42.242491] pimreg: entered allmulticast mode
[   42.260431] pimreg: entered allmulticast mode
[   42.278819] pimreg (unregistering): left allmulticast mode
[   42.281475] pimreg (unregistering): left allmulticast mode
[   42.286912] pimreg: entered allmulticast mode
[   42.314278] pimreg: entered allmulticast mode
[   42.325605] pimreg: entered allmulticast mode
[   42.331217] pimreg (unregistering): left allmulticast mode
[   42.334288] pimreg (unregistering): left allmulticast mode
[   42.362345] pimreg: entered allmulticast mode
[   42.387903] pimreg (unregistering): left allmulticast mode
[   42.391422] pimreg (unregistering): left allmulticast mode
[   42.396122] pimreg: entered allmulticast mode
[   42.433771] pimreg: entered allmulticast mode
[   42.447634] pimreg (unregistering): left allmulticast mode
[   42.450872] pimreg (unregistering): left allmulticast mode
[   42.455353] pimreg: entered allmulticast mode
[   42.478201] pimreg: entered allmulticast mode
[   42.498716] pimreg (unregistering): left allmulticast mode
[   42.502112] pimreg (unregistering): left allmulticast mode
[   42.507064] pimreg: entered allmulticast mode
[   42.529997] pimreg: entered allmulticast mode
[   42.543040] pimreg (unregistering): left allmulticast mode
[   42.546058] pimreg (unregistering): left allmulticast mode
[   42.551459] pimreg: entered allmulticast mode
[   42.573757] pimreg: entered allmulticast mode
[   42.579548] pimreg (unregistering): left allmulticast mode
[   42.589933] pimreg: entered allmulticast mode
[   42.609164] pimreg: entered allmulticast mode
[   42.615054] pimreg (unregistering): left allmulticast mode
[   42.618225] pimreg (unregistering): left allmulticast mode
[   42.628660] pimreg: entered allmulticast mode
[   42.654886] pimreg (unregistering): left allmulticast mode
[   42.657550] pimreg (unregistering): left allmulticast mode
[   42.662847] pimreg: entered allmulticast mode
[   42.685984] pimreg: entered allmulticast mode
[   42.690726] pimreg (unregistering): left allmulticast mode
[   42.709939] pimreg: entered allmulticast mode
[   42.730557] pimreg (unregistering): left allmulticast mode
[   42.733909] pimreg (unregistering): left allmulticast mode
[   42.738323] pimreg: entered allmulticast mode
[   42.754053] pimreg: entered allmulticast mode
[   42.770791] pimreg (unregistering): left allmulticast mode
[   42.774424] pimreg (unregistering): left allmulticast mode
[   42.778956] pimreg: entered allmulticast mode
[   42.803572] pimreg: entered allmulticast mode
[   42.823464] pimreg (unregistering): left allmulticast mode
[   42.826380] pimreg (unregistering): left allmulticast mode
[   42.830882] pimreg: entered allmulticast mode
[   42.854248] pimreg: entered allmulticast mode
[   42.868569] pimreg (unregistering): left allmulticast mode
[   42.871557] pimreg (unregistering): left allmulticast mode
[   42.876470] pimreg: entered allmulticast mode
[   42.902609] pimreg: entered allmulticast mode
[   42.915737] pimreg (unregistering): left allmulticast mode
[   42.919055] pimreg (unregistering): left allmulticast mode
[   42.925656] pimreg: entered allmulticast mode
[   42.951265] pimreg (unregistering): left allmulticast mode
[   42.955990] pimreg: entered allmulticast mode
[   42.969872] pimreg: entered allmulticast mode
[   42.990412] pimreg (unregistering): left allmulticast mode
[   42.994310] pimreg (unregistering): left allmulticast mode
[   42.999227] pimreg: entered allmulticast mode
[   43.023358] pimreg: entered allmulticast mode
[   43.042504] pimreg (unregistering): left allmulticast mode
[   43.045752] pimreg (unregistering): left allmulticast mode
[   43.050153] pimreg: entered allmulticast mode
[   43.065560] pimreg: entered allmulticast mode
[   43.079675] pimreg (unregistering): left allmulticast mode
[   43.082477] pimreg (unregistering): left allmulticast mode
[   43.088917] pimreg: entered allmulticast mode
[   43.112741] pimreg: entered allmulticast mode
[   43.115184] pimreg (unregistering): left allmulticast mode
[   43.125121] pimreg: entered allmulticast mode
[   43.142176] pimreg: entered allmulticast mode
[   43.159697] pimreg (unregistering): left allmulticast mode
[   43.162806] pimreg (unregistering): left allmulticast mode
[   43.167837] pimreg: entered allmulticast mode
[   43.181408] pimreg: entered allmulticast mode
[   43.197961] pimreg: entered allmulticast mode
[   43.214882] pimreg (unregistering): left allmulticast mode
[   43.217594] pimreg (unregistering): left allmulticast mode
[   43.220414] pimreg (unregistering): left allmulticast mode
[   43.226063] pimreg: entered allmulticast mode
[   43.250366] pimreg: entered allmulticast mode
[   43.267011] pimreg (unregistering): left allmulticast mode
[   43.269727] pimreg (unregistering): left allmulticast mode
[   43.272282] pimreg (unregistering): left allmulticast mode
[   43.277034] pimreg: entered allmulticast mode
[   43.293727] pimreg: entered allmulticast mode
[   43.317956] pimreg: entered allmulticast mode
[   43.323182] pimreg (unregistering): left allmulticast mode
[   43.326123] pimreg (unregistering): left allmulticast mode
[   43.328667] pimreg (unregistering): left allmulticast mode
[   43.334112] pimreg: entered allmulticast mode
[   43.352252] pimreg: entered allmulticast mode
[   43.363820] pimreg (unregistering): left allmulticast mode
[   43.366784] pimreg (unregistering): left allmulticast mode
[   43.372510] pimreg: entered allmulticast mode
[   43.401948] pimreg: entered allmulticast mode
[   43.407560] pimreg (unregistering): left allmulticast mode
[   43.442508] pimreg: entered allmulticast mode
[   43.461975] pimreg: entered allmulticast mode
[   43.467562] pimreg (unregistering): left allmulticast mode
[   43.470533] pimreg (unregistering): left allmulticast mode
[   43.478942] pimreg: entered allmulticast mode
[   43.497913] pimreg: entered allmulticast mode
[   43.527231] pimreg (unregistering): left allmulticast mode
[   43.530639] pimreg (unregistering): left allmulticast mode
[   43.534241] pimreg (unregistering): left allmulticast mode
[   43.538946] pimreg: entered allmulticast mode
[   43.565545] pimreg: entered allmulticast mode
[   43.570909] pimreg (unregistering): left allmulticast mode
[   43.582622] pimreg: entered allmulticast mode
[   43.614871] pimreg (unregistering): left allmulticast mode
[   43.618609] pimreg (unregistering): left allmulticast mode
[   43.623558] pimreg: entered allmulticast mode
[   43.638107] pimreg: entered allmulticast mode
[   43.658462] pimreg: entered allmulticast mode
[   43.663391] pimreg (unregistering): left allmulticast mode
[   43.666301] pimreg (unregistering): left allmulticast mode
[   43.681488] pimreg: entered allmulticast mode
[   43.695520] pimreg (unregistering): left allmulticast mode
[   43.698242] pimreg (unregistering): left allmulticast mode
[   43.703184] pimreg: entered allmulticast mode
[   43.718290] pimreg: entered allmulticast mode
[   43.738667] pimreg (unregistering): left allmulticast mode
[   43.742215] pimreg (unregistering): left allmulticast mode
[   43.746863] pimreg: entered allmulticast mode
[   43.773472] pimreg: entered allmulticast mode
[   43.791519] pimreg (unregistering): left allmulticast mode
[   43.794714] pimreg (unregistering): left allmulticast mode
[   43.801393] pimreg: entered allmulticast mode
[   43.820514] pimreg: entered allmulticast mode
[   43.842931] pimreg (unregistering): left allmulticast mode
[   43.847751] pimreg (unregistering): left allmulticast mode
[   43.852459] pimreg: entered allmulticast mode
[   43.881653] pimreg: entered allmulticast mode
[   43.886708] pimreg (unregistering): left allmulticast mode
[   43.909778] pimreg: entered allmulticast mode
[   43.934838] pimreg (unregistering): left allmulticast mode
[   43.937594] pimreg (unregistering): left allmulticast mode
[   43.942016] pimreg: entered allmulticast mode
[   43.966429] pimreg: entered allmulticast mode
[   43.982648] pimreg (unregistering): left allmulticast mode
[   43.985916] pimreg (unregistering): left allmulticast mode
[   43.990548] pimreg: entered allmulticast mode
[   44.021577] pimreg: entered allmulticast mode
[   44.031543] pimreg (unregistering): left allmulticast mode
[   44.034894] pimreg (unregistering): left allmulticast mode
[   44.042330] pimreg: entered allmulticast mode
[   44.062588] pimreg (unregistering): left allmulticast mode
[   44.068512] pimreg: entered allmulticast mode
[   44.094512] pimreg: entered allmulticast mode
[   44.110526] pimreg (unregistering): left allmulticast mode
[   44.114297] pimreg (unregistering): left allmulticast mode
[   44.118917] pimreg: entered allmulticast mode
[   44.134732] pimreg: entered allmulticast mode
[   44.150489] pimreg (unregistering): left allmulticast mode
[   44.154435] pimreg (unregistering): left allmulticast mode
[   44.158875] pimreg: entered allmulticast mode
[   44.188477] pimreg: entered allmulticast mode
[   44.195095] pimreg (unregistering): left allmulticast mode
[   44.198332] pimreg (unregistering): left allmulticast mode
[   44.207995] pimreg: entered allmulticast mode
[   44.226122] pimreg: entered allmulticast mode
[   44.230973] pimreg (unregistering): left allmulticast mode
[   44.233691] pimreg (unregistering): left allmulticast mode
[   44.241563] pimreg: entered allmulticast mode
[   44.257275] pimreg: entered allmulticast mode
[   44.267551] pimreg (unregistering): left allmulticast mode
[   44.270454] pimreg (unregistering): left allmulticast mode
[   44.276664] pimreg: entered allmulticast mode
[   44.297173] pimreg: entered allmulticast mode
[   44.302735] pimreg (unregistering): left allmulticast mode
[   44.317923] pimreg: entered allmulticast mode
[   44.337132] pimreg: entered allmulticast mode
[   44.343661] pimreg (unregistering): left allmulticast mode
[   44.346779] pimreg (unregistering): left allmulticast mode
[   44.357715] pimreg: entered allmulticast mode
[   44.374640] pimreg (unregistering): left allmulticast mode
[   44.377189] pimreg (unregistering): left allmulticast mode
[   44.384087] pimreg: entered allmulticast mode
[   44.422562] pimreg: entered allmulticast mode
[   44.435445] pimreg (unregistering): left allmulticast mode
[   44.438211] pimreg (unregistering): left allmulticast mode
[   44.445462] pimreg: entered allmulticast mode
[   44.474123] pimreg: entered allmulticast mode
[   44.491042] pimreg (unregistering): left allmulticast mode
[   44.494163] pimreg (unregistering): left allmulticast mode
[   44.499057] pimreg: entered allmulticast mode
[   44.519294] pimreg: entered allmulticast mode
[   44.530913] pimreg (unregistering): left allmulticast mode
[   44.533935] pimreg (unregistering): left allmulticast mode
[   44.539414] pimreg: entered allmulticast mode
[   44.570415] pimreg: entered allmulticast mode
[   44.582708] pimreg (unregistering): left allmulticast mode
[   44.585718] pimreg (unregistering): left allmulticast mode
[   44.590447] pimreg: entered allmulticast mode
[   44.617476] pimreg: entered allmulticast mode
[   44.622855] pimreg (unregistering): left allmulticast mode
[   44.633311] pimreg: entered allmulticast mode
[   44.663597] pimreg (unregistering): left allmulticast mode
[   44.667018] pimreg (unregistering): left allmulticast mode
[   44.671731] pimreg: entered allmulticast mode
[   44.685546] pimreg: entered allmulticast mode
[   44.709504] pimreg: entered allmulticast mode
[   44.715446] pimreg (unregistering): left allmulticast mode
[   44.718159] pimreg (unregistering): left allmulticast mode
[   44.724854] pimreg: entered allmulticast mode
[   44.748837] pimreg: entered allmulticast mode
[   44.754933] pimreg (unregistering): left allmulticast mode
[   44.758052] pimreg (unregistering): left allmulticast mode
[   44.766152] pimreg: entered allmulticast mode
[   44.780894] pimreg: entered allmulticast mode
[   44.807084] pimreg (unregistering): left allmulticast mode
[   44.809800] pimreg (unregistering): left allmulticast mode
[   44.814697] pimreg: entered allmulticast mode
[   44.834967] pimreg: entered allmulticast mode
[   44.847302] pimreg (unregistering): left allmulticast mode
[   44.850033] pimreg (unregistering): left allmulticast mode
[   44.853747] pimreg (unregistering): left allmulticast mode
[   44.858216] pimreg: entered allmulticast mode
[   44.885790] pimreg: entered allmulticast mode
[   44.890726] pimreg (unregistering): left allmulticast mode
[   44.900944] pimreg: entered allmulticast mode
[   44.918767] pimreg (unregistering): left allmulticast mode
[   44.922696] pimreg (unregistering): left allmulticast mode
[   44.927479] pimreg: entered allmulticast mode
[   44.941126] pimreg: entered allmulticast mode
[   44.959088] pimreg (unregistering): left allmulticast mode
[   44.961781] pimreg (unregistering): left allmulticast mode
[   44.966153] pimreg: entered allmulticast mode
[   45.011089] pimreg: entered allmulticast mode
[   45.022690] pimreg (unregistering): left allmulticast mode
[   45.025600] pimreg (unregistering): left allmulticast mode
[   45.030512] pimreg: entered allmulticast mode
[   45.045447] pimreg: entered allmulticast mode
[   45.059793] pimreg (unregistering): left allmulticast mode
[   45.062606] pimreg (unregistering): left allmulticast mode
[   45.069108] pimreg: entered allmulticast mode
[   45.088414] pimreg: entered allmulticast mode
[   45.095157] pimreg (unregistering): left allmulticast mode
[   45.105263] pimreg: entered allmulticast mode
[   45.126155] pimreg: entered allmulticast mode
[   45.131115] pimreg (unregistering): left allmulticast mode
[   45.133866] pimreg (unregistering): left allmulticast mode
[   45.145962] pimreg: entered allmulticast mode
[   45.175454] pimreg (unregistering): left allmulticast mode
[   45.180438] pimreg (unregistering): left allmulticast mode
[   45.185117] pimreg: entered allmulticast mode
[   45.206292] pimreg: entered allmulticast mode
[   45.219513] pimreg (unregistering): left allmulticast mode
[   45.222214] pimreg (unregistering): left allmulticast mode
[   45.229592] pimreg: entered allmulticast mode
[   45.250643] pimreg (unregistering): left allmulticast mode
[   45.255749] pimreg: entered allmulticast mode
[   45.270372] pimreg: entered allmulticast mode
[   45.282977] pimreg (unregistering): left allmulticast mode
[   45.285694] pimreg (unregistering): left allmulticast mode
[   45.290408] pimreg: entered allmulticast mode
[   45.306078] pimreg: entered allmulticast mode
[   45.323570] pimreg (unregistering): left allmulticast mode
[   45.326314] pimreg (unregistering): left allmulticast mode
[   45.332854] pimreg: entered allmulticast mode
[   45.354566] pimreg: entered allmulticast mode
[   45.367600] pimreg (unregistering): left allmulticast mode
[   45.370361] pimreg (unregistering): left allmulticast mode
[   45.377057] pimreg: entered allmulticast mode
[   45.394800] pimreg: entered allmulticast mode
[   45.407804] pimreg (unregistering): left allmulticast mode
[   45.410625] pimreg (unregistering): left allmulticast mode
[   45.417172] pimreg: entered allmulticast mode
[   45.434420] pimreg: entered allmulticast mode
[   45.447528] pimreg (unregistering): left allmulticast mode
[   45.450136] pimreg (unregistering): left allmulticast mode
[   45.457023] pimreg: entered allmulticast mode
[   45.474891] pimreg: entered allmulticast mode
[   45.491629] pimreg (unregistering): left allmulticast mode
[   45.494386] pimreg (unregistering): left allmulticast mode
[   45.501355] pimreg: entered allmulticast mode
[   45.525951] pimreg: entered allmulticast mode
[   45.531534] pimreg (unregistering): left allmulticast mode
[   45.550442] pimreg: entered allmulticast mode
[   45.570700] pimreg (unregistering): left allmulticast mode
[   45.573397] pimreg (unregistering): left allmulticast mode
[   45.578192] pimreg: entered allmulticast mode
[   45.595460] pimreg: entered allmulticast mode
[   45.614471] pimreg (unregistering): left allmulticast mode
[   45.617271] pimreg (unregistering): left allmulticast mode
[   45.622077] pimreg: entered allmulticast mode
[   45.645347] pimreg: entered allmulticast mode
[   45.647692] pimreg (unregistering): left allmulticast mode
[   45.669166] pimreg: entered allmulticast mode
[   45.693343] pimreg: entered allmulticast mode
[   45.695989] pimreg (unregistering): left allmulticast mode
[   45.698922] pimreg (unregistering): left allmulticast mode
[   45.713061] pimreg: entered allmulticast mode
[   45.733686] pimreg: entered allmulticast mode
[   45.744042] pimreg (unregistering): left allmulticast mode
[   45.746941] pimreg (unregistering): left allmulticast mode
[   45.749839] pimreg (unregistering): left allmulticast mode
[   45.755395] pimreg: entered allmulticast mode
[   45.771678] pimreg: entered allmulticast mode
[   45.791258] pimreg (unregistering): left allmulticast mode
[   45.794055] pimreg (unregistering): left allmulticast mode
[   45.798499] pimreg: entered allmulticast mode
[   45.813953] pimreg: entered allmulticast mode
[   45.835457] pimreg (unregistering): left allmulticast mode
[   45.838960] pimreg (unregistering): left allmulticast mode
[   45.843436] pimreg: entered allmulticast mode
[   45.865124] pimreg: entered allmulticast mode
[   45.867318] pimreg (unregistering): left allmulticast mode
[   45.874185] pimreg: entered allmulticast mode
[   45.897854] pimreg: entered allmulticast mode
[   45.922560] pimreg (unregistering): left allmulticast mode
[   45.925508] pimreg (unregistering): left allmulticast mode
[   45.928059] pimreg (unregistering): left allmulticast mode
[   45.932759] pimreg: entered allmulticast mode
[   45.958394] pimreg: entered allmulticast mode
[   45.967716] pimreg (unregistering): left allmulticast mode
[   45.972427] pimreg (unregistering): left allmulticast mode
[   45.977970] pimreg: entered allmulticast mode
[   45.996895] pimreg: entered allmulticast mode
[   46.002858] pimreg (unregistering): left allmulticast mode
[   46.005530] pimreg (unregistering): left allmulticast mode
[   46.012720] pimreg: entered allmulticast mode
[   46.033427] pimreg: entered allmulticast mode
[   46.034935] pimreg (unregistering): left allmulticast mode
[   46.042922] pimreg: entered allmulticast mode
[   46.062516] pimreg (unregistering): left allmulticast mode
[   46.065777] pimreg (unregistering): left allmulticast mode
[   46.070202] pimreg: entered allmulticast mode
[   46.092872] pimreg: entered allmulticast mode
[   46.095715] pimreg (unregistering): left allmulticast mode
[   46.102426] pimreg: entered allmulticast mode
[   46.118710] pimreg: entered allmulticast mode
[   46.138673] pimreg (unregistering): left allmulticast mode
[   46.141299] pimreg (unregistering): left allmulticast mode
[   46.144184] pimreg (unregistering): left allmulticast mode
[   46.149069] pimreg: entered allmulticast mode
[   46.165773] pimreg: entered allmulticast mode
[   46.182837] pimreg (unregistering): left allmulticast mode
[   46.187264] pimreg (unregistering): left allmulticast mode
[   46.192139] pimreg: entered allmulticast mode
[   46.205182] pimreg: entered allmulticast mode
[   46.223685] pimreg (unregistering): left allmulticast mode
[   46.226596] pimreg (unregistering): left allmulticast mode
[   46.236216] pimreg: entered allmulticast mode
[   46.252585] pimreg: entered allmulticast mode
[   46.259273] pimreg (unregistering): left allmulticast mode
[   46.269997] pimreg: entered allmulticast mode
[   46.289062] pimreg: entered allmulticast mode
[   46.306973] pimreg (unregistering): left allmulticast mode
[   46.309676] pimreg (unregistering): left allmulticast mode
[   46.312710] pimreg (unregistering): left allmulticast mode
[   46.317777] pimreg: entered allmulticast mode
[   46.330081] pimreg: entered allmulticast mode
[   46.339929] pimreg (unregistering): left allmulticast mode
[   46.342659] pimreg (unregistering): left allmulticast mode
[   46.348786] pimreg: entered allmulticast mode
[   46.378123] pimreg: entered allmulticast mode
[   46.395601] pimreg (unregistering): left allmulticast mode
[   46.398681] pimreg (unregistering): left allmulticast mode
[   46.403389] pimreg: entered allmulticast mode
[   46.426054] pimreg: entered allmulticast mode
[   46.441920] pimreg: entered allmulticast mode
[   46.446998] pimreg (unregistering): left allmulticast mode
[   46.449959] pimreg (unregistering): left allmulticast mode
[   46.452801] pimreg (unregistering): left allmulticast mode
[   46.457914] pimreg: entered allmulticast mode
[   46.481672] pimreg: entered allmulticast mode
[   46.495313] pimreg (unregistering): left allmulticast mode
[   46.498390] pimreg (unregistering): left allmulticast mode
[   46.504683] pimreg: entered allmulticast mode
[   46.522834] pimreg: entered allmulticast mode
[   46.535632] pimreg (unregistering): left allmulticast mode
[   46.539606] pimreg (unregistering): left allmulticast mode
[   46.544345] pimreg: entered allmulticast mode
[   46.567783] pimreg: entered allmulticast mode
[   46.586504] pimreg (unregistering): left allmulticast mode
[   46.589983] pimreg (unregistering): left allmulticast mode
[   46.594627] pimreg: entered allmulticast mode
[   46.610554] pimreg: entered allmulticast mode
[   46.622817] pimreg (unregistering): left allmulticast mode
[   46.626441] pimreg (unregistering): left allmulticast mode
[   46.630935] pimreg: entered allmulticast mode
[   46.647826] pimreg: entered allmulticast mode
[   46.667116] pimreg (unregistering): left allmulticast mode
[   46.670086] pimreg (unregistering): left allmulticast mode
[   46.674861] pimreg: entered allmulticast mode
[   46.690706] pimreg: entered allmulticast mode
[   46.702444] pimreg (unregistering): left allmulticast mode
[   46.705274] pimreg (unregistering): left allmulticast mode
[   46.710206] pimreg: entered allmulticast mode
[   46.729742] pimreg: entered allmulticast mode
[   46.747035] pimreg (unregistering): left allmulticast mode
[   46.751036] pimreg (unregistering): left allmulticast mode
[   46.755508] pimreg: entered allmulticast mode
[   46.771020] pimreg: entered allmulticast mode
[   46.787588] pimreg (unregistering): left allmulticast mode
[   46.791094] pimreg (unregistering): left allmulticast mode
[   46.795519] pimreg: entered allmulticast mode
[   46.810554] pimreg: entered allmulticast mode
[   46.830671] pimreg (unregistering): left allmulticast mode
[   46.833736] pimreg (unregistering): left allmulticast mode
[   46.838326] pimreg: entered allmulticast mode
[   46.861021] pimreg: entered allmulticast mode
[   46.867403] pimreg (unregistering): left allmulticast mode
[   46.890015] pimreg: entered allmulticast mode
[   46.909109] pimreg: entered allmulticast mode
[   46.915375] pimreg (unregistering): left allmulticast mode
[   46.918034] pimreg (unregistering): left allmulticast mode
[   46.925266] pimreg: entered allmulticast mode
[   46.950310] pimreg: entered allmulticast mode
[   46.963731] pimreg (unregistering): left allmulticast mode
[   46.966492] pimreg (unregistering): left allmulticast mode
[   46.969368] pimreg (unregistering): left allmulticast mode
[   46.974162] pimreg: entered allmulticast mode
[   46.989591] pimreg: entered allmulticast mode
[   47.007771] pimreg (unregistering): left allmulticast mode
[   47.012450] pimreg (unregistering): left allmulticast mode
[   47.017157] pimreg: entered allmulticast mode
[   47.030784] pimreg: entered allmulticast mode
[   47.039567] pimreg (unregistering): left allmulticast mode
[   47.042366] pimreg (unregistering): left allmulticast mode
[   47.048695] pimreg: entered allmulticast mode
[   47.069968] pimreg: entered allmulticast mode
[   47.075440] pimreg (unregistering): left allmulticast mode
[   47.098594] pimreg: entered allmulticast mode
[   47.114654] pimreg (unregistering): left allmulticast mode
[   47.118359] pimreg (unregistering): left allmulticast mode
[   47.122767] pimreg: entered allmulticast mode
[   47.143114] pimreg: entered allmulticast mode
[   47.155344] pimreg (unregistering): left allmulticast mode
[   47.158468] pimreg (unregistering): left allmulticast mode
[   47.163446] pimreg: entered allmulticast mode
[   47.178160] pimreg: entered allmulticast mode
[   47.191193] pimreg (unregistering): left allmulticast mode
[   47.193830] pimreg (unregistering): left allmulticast mode
[   47.199309] pimreg: entered allmulticast mode
[   47.214979] pimreg: entered allmulticast mode
[   47.230683] pimreg (unregistering): left allmulticast mode
[   47.233726] pimreg (unregistering): left allmulticast mode
[   47.238854] pimreg: entered allmulticast mode
[   47.254629] pimreg: entered allmulticast mode
[   47.274889] pimreg (unregistering): left allmulticast mode
[   47.277505] pimreg (unregistering): left allmulticast mode
[   47.283333] pimreg: entered allmulticast mode
[   47.306172] pimreg: entered allmulticast mode
[   47.326668] pimreg (unregistering): left allmulticast mode
[   47.330184] pimreg (unregistering): left allmulticast mode
[   47.335291] pimreg: entered allmulticast mode
[   47.351217] pimreg: entered allmulticast mode
[   47.366652] pimreg (unregistering): left allmulticast mode
[   47.370952] pimreg (unregistering): left allmulticast mode
[   47.375487] pimreg: entered allmulticast mode
[   47.393087] pimreg: entered allmulticast mode
[   47.398861] pimreg (unregistering): left allmulticast mode
[   47.401470] pimreg (unregistering): left allmulticast mode
[   47.409078] pimreg: entered allmulticast mode
[   47.432883] pimreg: entered allmulticast mode
[   47.446897] pimreg (unregistering): left allmulticast mode
[   47.449609] pimreg (unregistering): left allmulticast mode
[   47.454899] pimreg: entered allmulticast mode
[   47.471571] pimreg: entered allmulticast mode
[   47.486590] pimreg (unregistering): left allmulticast mode
[   47.489569] pimreg (unregistering): left allmulticast mode
[   47.494663] pimreg: entered allmulticast mode
[   47.517851] pimreg: entered allmulticast mode
[   47.522649] pimreg (unregistering): left allmulticast mode
[   47.537773] pimreg: entered allmulticast mode
[   47.553081] pimreg: entered allmulticast mode
[   47.566972] pimreg (unregistering): left allmulticast mode
[   47.569891] pimreg (unregistering): left allmulticast mode
[   47.573506] pimreg (unregistering): left allmulticast mode
[   47.578228] pimreg: entered allmulticast mode
[   47.601915] pimreg: entered allmulticast mode
[   47.607186] pimreg (unregistering): left allmulticast mode
[   47.609923] pimreg (unregistering): left allmulticast mode
[   47.617244] pimreg: entered allmulticast mode
[   47.639236] pimreg: entered allmulticast mode
[   47.678670] pimreg (unregistering): left allmulticast mode
[   47.681919] pimreg (unregistering): left allmulticast mode
[   47.686336] pimreg: entered allmulticast mode
[   47.713092] pimreg: entered allmulticast mode
[   47.719016] pimreg (unregistering): left allmulticast mode
[   47.728743] pimreg: entered allmulticast mode
[   47.750107] pimreg: entered allmulticast mode
[   47.752032] pimreg (unregistering): left allmulticast mode
[   47.754622] pimreg (unregistering): left allmulticast mode
[   47.757189] pimreg (unregistering): left allmulticast mode
[   47.761874] pimreg: entered allmulticast mode
[   47.787019] pimreg: entered allmulticast mode
[   47.798599] pimreg (unregistering): left allmulticast mode
[   47.801344] pimreg (unregistering): left allmulticast mode
[   47.806672] pimreg: entered allmulticast mode
[   47.823741] pimreg: entered allmulticast mode
[   47.834458] pimreg (unregistering): left allmulticast mode
[   47.838656] pimreg (unregistering): left allmulticast mode
[   47.843664] pimreg: entered allmulticast mode
[   47.865808] pimreg: entered allmulticast mode
[   47.878710] pimreg (unregistering): left allmulticast mode
[   47.882278] pimreg (unregistering): left allmulticast mode
[   47.887472] pimreg: entered allmulticast mode
[   47.903188] pimreg: entered allmulticast mode
[   47.919110] pimreg (unregistering): left allmulticast mode
[   47.921712] pimreg (unregistering): left allmulticast mode
[   47.926398] pimreg: entered allmulticast mode
[   47.949620] pimreg: entered allmulticast mode
[   47.951578] pimreg (unregistering): left allmulticast mode
[   47.961276] pimreg: entered allmulticast mode
[   47.982058] pimreg: entered allmulticast mode
[   47.984533] pimreg (unregistering): left allmulticast mode
[   47.988108] pimreg (unregistering): left allmulticast mode
[   47.993350] pimreg: entered allmulticast mode
[   48.009010] pimreg: entered allmulticast mode
[   48.024030] pimreg (unregistering): left allmulticast mode
[   48.026689] pimreg (unregistering): left allmulticast mode
[   48.029529] pimreg (unregistering): left allmulticast mode
[   48.034984] pimreg: entered allmulticast mode
[   48.050831] pimreg: entered allmulticast mode
[   48.063456] pimreg (unregistering): left allmulticast mode
[   48.066755] pimreg (unregistering): left allmulticast mode
[   48.071789] pimreg: entered allmulticast mode
[   48.087110] pimreg: entered allmulticast mode
[   48.099019] pimreg (unregistering): left allmulticast mode
[   48.101682] pimreg (unregistering): left allmulticast mode
[   48.106924] pimreg: entered allmulticast mode
[   48.123749] pimreg: entered allmulticast mode
[   48.135576] pimreg (unregistering): left allmulticast mode
[   48.138432] pimreg (unregistering): left allmulticast mode
[   48.144786] pimreg: entered allmulticast mode
[   48.174219] pimreg: entered allmulticast mode
[   48.178665] pimreg (unregistering): left allmulticast mode
[   48.197326] pimreg: entered allmulticast mode
[   48.218415] pimreg (unregistering): left allmulticast mode
[   48.221431] pimreg (unregistering): left allmulticast mode
[   48.226150] pimreg: entered allmulticast mode
[   48.241853] pimreg: entered allmulticast mode
[   48.254695] pimreg (unregistering): left allmulticast mode
[   48.257346] pimreg (unregistering): left allmulticast mode
[   48.262595] pimreg: entered allmulticast mode
[   48.286776] pimreg: entered allmulticast mode
[   48.298631] pimreg (unregistering): left allmulticast mode
[   48.301687] pimreg (unregistering): left allmulticast mode
[   48.306135] pimreg: entered allmulticast mode
[   48.322388] pimreg: entered allmulticast mode
[   48.342735] pimreg (unregistering): left allmulticast mode
[   48.346370] pimreg (unregistering): left allmulticast mode
[   48.351064] pimreg: entered allmulticast mode
[   48.365791] pimreg: entered allmulticast mode
[   48.382596] pimreg (unregistering): left allmulticast mode
[   48.386659] pimreg (unregistering): left allmulticast mode
[   48.391154] pimreg: entered allmulticast mode
[   48.407330] pimreg: entered allmulticast mode
[   48.420120] pimreg (unregistering): left allmulticast mode
[   48.422986] pimreg (unregistering): left allmulticast mode
[   48.430412] pimreg: entered allmulticast mode
[   48.449912] pimreg: entered allmulticast mode
[   48.455382] pimreg (unregistering): left allmulticast mode
[   48.474349] pimreg: entered allmulticast mode
[   48.502571] pimreg (unregistering): left allmulticast mode
[   48.506390] pimreg (unregistering): left allmulticast mode
[   48.510903] pimreg: entered allmulticast mode
[   48.541464] pimreg: entered allmulticast mode
[   48.555620] pimreg (unregistering): left allmulticast mode
[   48.558977] pimreg (unregistering): left allmulticast mode
[   48.566005] pimreg: entered allmulticast mode
[   48.596631] pimreg: entered allmulticast mode
[   48.603449] pimreg (unregistering): left allmulticast mode
[   48.618058] pimreg: entered allmulticast mode
[   48.634085] pimreg: entered allmulticast mode
[   48.642918] pimreg (unregistering): left allmulticast mode
[   48.645716] pimreg (unregistering): left allmulticast mode
[   48.648466] pimreg (unregistering): left allmulticast mode
[   48.653670] pimreg: entered allmulticast mode
[   48.681585] pimreg: entered allmulticast mode
[   48.699007] pimreg (unregistering): left allmulticast mode
[   48.702528] pimreg (unregistering): left allmulticast mode
[   48.707546] pimreg: entered allmulticast mode
[   48.730089] pimreg: entered allmulticast mode
[   48.731523] pimreg (unregistering): left allmulticast mode
[   48.739649] pimreg: entered allmulticast mode
[   48.765514] pimreg: entered allmulticast mode
[   48.780276] pimreg (unregistering): left allmulticast mode
[   48.783150] pimreg (unregistering): left allmulticast mode
[   48.785881] pimreg (unregistering): left allmulticast mode
[   48.791931] pimreg: entered allmulticast mode
[   48.819483] pimreg: entered allmulticast mode
[   48.831936] pimreg (unregistering): left allmulticast mode
[   48.834865] pimreg (unregistering): left allmulticast mode
[   48.841080] pimreg: entered allmulticast mode
[   48.866013] pimreg: entered allmulticast mode
[   48.886766] pimreg (unregistering): left allmulticast mode
[   48.889594] pimreg (unregistering): left allmulticast mode
[   48.895091] pimreg: entered allmulticast mode
[   48.911262] pimreg: entered allmulticast mode
[   48.919409] pimreg (unregistering): left allmulticast mode
[   48.922188] pimreg (unregistering): left allmulticast mode
[   48.929433] pimreg: entered allmulticast mode
[   48.962606] pimreg: entered allmulticast mode
[   48.967505] pimreg (unregistering): left allmulticast mode
[   48.986079] pimreg: entered allmulticast mode
[   49.010783] pimreg (unregistering): left allmulticast mode
[   49.013383] pimreg (unregistering): left allmulticast mode
[   49.018398] pimreg: entered allmulticast mode
[   49.045612] pimreg: entered allmulticast mode
[   49.050702] pimreg (unregistering): left allmulticast mode
[   49.069355] pimreg: entered allmulticast mode
[   49.090504] pimreg (unregistering): left allmulticast mode
[   49.094612] pimreg (unregistering): left allmulticast mode
[   49.099266] pimreg: entered allmulticast mode
[   49.121409] pimreg: entered allmulticast mode
[   49.143598] pimreg (unregistering): left allmulticast mode
[   49.146632] pimreg (unregistering): left allmulticast mode
[   49.155108] pimreg: entered allmulticast mode
[   49.173868] pimreg: entered allmulticast mode
[   49.176305] pimreg (unregistering): left allmulticast mode
[   49.201884] pimreg: entered allmulticast mode
[   49.215524] pimreg (unregistering): left allmulticast mode
[   49.218861] pimreg (unregistering): left allmulticast mode
[   49.225481] pimreg: entered allmulticast mode
[   49.248938] pimreg: entered allmulticast mode
[   49.251309] pimreg (unregistering): left allmulticast mode
[   49.254804] pimreg (unregistering): left allmulticast mode
[   49.260046] pimreg: entered allmulticast mode
[   49.283401] pimreg: entered allmulticast mode
[   49.294418] pimreg (unregistering): left allmulticast mode
[   49.297145] pimreg (unregistering): left allmulticast mode
[   49.302006] pimreg: entered allmulticast mode
[   49.317619] pimreg: entered allmulticast mode
[   49.330484] pimreg (unregistering): left allmulticast mode
[   49.333048] pimreg (unregistering): left allmulticast mode
[   49.338189] pimreg: entered allmulticast mode
[   49.361831] pimreg: entered allmulticast mode
[   49.375596] pimreg (unregistering): left allmulticast mode
[   49.378422] pimreg (unregistering): left allmulticast mode
[   49.386164] pimreg: entered allmulticast mode
[   49.409784] pimreg: entered allmulticast mode
[   49.412180] pimreg (unregistering): left allmulticast mode
[   49.420448] pimreg: entered allmulticast mode
[   49.446146] pimreg: entered allmulticast mode
[   49.455305] pimreg (unregistering): left allmulticast mode
[   49.458394] pimreg (unregistering): left allmulticast mode
[   49.461020] pimreg (unregistering): left allmulticast mode
[   49.466643] pimreg: entered allmulticast mode
[   49.492150] pimreg: entered allmulticast mode
[   49.506542] pimreg (unregistering): left allmulticast mode
[   49.509704] pimreg (unregistering): left allmulticast mode
[   49.514365] pimreg: entered allmulticast mode
[   49.528838] pimreg: entered allmulticast mode
[   49.548283] pimreg (unregistering): left allmulticast mode
[   49.551408] pimreg (unregistering): left allmulticast mode
[   49.556969] pimreg: entered allmulticast mode
[   49.576534] pimreg: entered allmulticast mode
[   49.582770] pimreg (unregistering): left allmulticast mode
[   49.597244] pimreg: entered allmulticast mode
[   49.626948] pimreg (unregistering): left allmulticast mode
[   49.629655] pimreg (unregistering): left allmulticast mode
[   49.634402] pimreg: entered allmulticast mode
[   49.649304] pimreg: entered allmulticast mode
[   49.663778] pimreg (unregistering): left allmulticast mode
[   49.666750] pimreg (unregistering): left allmulticast mode
[   49.672524] pimreg: entered allmulticast mode
[   49.696177] pimreg (unregistering): left allmulticast mode
[   49.699182] pimreg (unregistering): left allmulticast mode
[   49.703777] pimreg: entered allmulticast mode
[   49.720172] pimreg: entered allmulticast mode
[   49.739097] pimreg (unregistering): left allmulticast mode
[   49.747960] pimreg: entered allmulticast mode
[   49.766649] pimreg: entered allmulticast mode
[   49.768286] pimreg (unregistering): left allmulticast mode
[   49.776374] pimreg: entered allmulticast mode
[   49.796903] pimreg: entered allmulticast mode
[   49.803537] pimreg (unregistering): left allmulticast mode
[   49.806512] pimreg (unregistering): left allmulticast mode
[   49.830088] pimreg: entered allmulticast mode
[   49.844369] pimreg (unregistering): left allmulticast mode
[   49.847366] pimreg (unregistering): left allmulticast mode
[   49.852246] pimreg: entered allmulticast mode
[   49.875803] pimreg: entered allmulticast mode
[   49.901251] pimreg: entered allmulticast mode
[   49.906760] pimreg (unregistering): left allmulticast mode
[   49.909433] pimreg (unregistering): left allmulticast mode
[   49.920798] pimreg: entered allmulticast mode
[   49.955478] pimreg (unregistering): left allmulticast mode
[   49.960042] pimreg (unregistering): left allmulticast mode
[   49.965075] pimreg: entered allmulticast mode
[   49.978423] pimreg: entered allmulticast mode
[   49.986707] pimreg (unregistering): left allmulticast mode
[   49.989655] pimreg (unregistering): left allmulticast mode
[   49.995178] pimreg: entered allmulticast mode
[   50.010100] pimreg: entered allmulticast mode
[   50.025802] pimreg: entered allmulticast mode
[   50.039106] pimreg (unregistering): left allmulticast mode
[   50.041819] pimreg (unregistering): left allmulticast mode
[   50.044342] pimreg (unregistering): left allmulticast mode
[   50.049493] pimreg: entered allmulticast mode
[   50.072986] pimreg: entered allmulticast mode
[   50.075501] pimreg (unregistering): left allmulticast mode
[   50.084727] pimreg: entered allmulticast mode
[   50.109096] pimreg: entered allmulticast mode
[   50.114967] pimreg (unregistering): left allmulticast mode
[   50.117775] pimreg (unregistering): left allmulticast mode
[   50.120628] pimreg (unregistering): left allmulticast mode
[   50.126086] pimreg: entered allmulticast mode
[   50.150190] pimreg: entered allmulticast mode
[   50.151850] pimreg (unregistering): left allmulticast mode
[   50.161186] pimreg: entered allmulticast mode
[   50.182372] pimreg: entered allmulticast mode
[   50.198897] pimreg (unregistering): left allmulticast mode
[   50.201513] pimreg (unregistering): left allmulticast mode
[   50.204016] pimreg (unregistering): left allmulticast mode
[   50.208948] pimreg: entered allmulticast mode
[   50.229861] pimreg: entered allmulticast mode
[   50.235099] pimreg (unregistering): left allmulticast mode
[   50.238201] pimreg (unregistering): left allmulticast mode
[   50.245122] pimreg: entered allmulticast mode
[   50.264325] pimreg: entered allmulticast mode
[   50.271361] pimreg (unregistering): left allmulticast mode
[   50.278957] pimreg: entered allmulticast mode
[   50.296977] pimreg: entered allmulticast mode
[   50.303054] pimreg (unregistering): left allmulticast mode
[   50.305797] pimreg (unregistering): left allmulticast mode
[   50.308443] pimreg (unregistering): left allmulticast mode
[   50.314188] pimreg: entered allmulticast mode
[   50.338180] pimreg: entered allmulticast mode
[   50.339815] pimreg (unregistering): left allmulticast mode
[   50.341680] systemd-journald[139]: Data hash table of /run/log/journal/938775788448454bb5b34822d5730c41/system.journal has a fill level at 75.0 (5425 of 7232 items, 4165632 file size, 767 bytes per hash table item), suggesting rotation.
[   50.343134] systemd-journald[139]: /run/log/journal/938775788448454bb5b34822d5730c41/system.journal: Journal header limits reached or header out-of-date, rotating.
[   50.350951] pimreg: entered allmulticast mode
[   50.370211] pimreg: entered allmulticast mode
[   50.388923] pimreg (unregistering): left allmulticast mode
[   50.391706] pimreg (unregistering): left allmulticast mode
[   50.394558] pimreg (unregistering): left allmulticast mode
[   50.399099] pimreg: entered allmulticast mode
[   50.421776] pimreg: entered allmulticast mode
[   50.443297] pimreg (unregistering): left allmulticast mode
[   50.445949] pimreg (unregistering): left allmulticast mode
[   50.453136] pimreg: entered allmulticast mode
[   50.469412] pimreg: entered allmulticast mode
[   50.487888] pimreg (unregistering): left allmulticast mode
[   50.490725] pimreg (unregistering): left allmulticast mode
[   50.498037] pimreg: entered allmulticast mode
[   50.518452] pimreg (unregistering): left allmulticast mode
[   50.523317] pimreg: entered allmulticast mode
[   50.558106] pimreg: entered allmulticast mode
[   50.563356] pimreg (unregistering): left allmulticast mode
[   50.586568] pimreg: entered allmulticast mode
[   50.613077] pimreg: entered allmulticast mode
[   50.618936] pimreg (unregistering): left allmulticast mode
[   50.622251] pimreg (unregistering): left allmulticast mode
[   50.632421] pimreg: entered allmulticast mode
[   50.653235] pimreg: entered allmulticast mode
[   50.658994] pimreg (unregistering): left allmulticast mode
[   50.662069] pimreg (unregistering): left allmulticast mode
[   50.670090] pimreg: entered allmulticast mode
[   50.689353] pimreg: entered allmulticast mode
[   50.695124] pimreg (unregistering): left allmulticast mode
[   50.698119] pimreg (unregistering): left allmulticast mode
[   50.710316] pimreg: entered allmulticast mode
[   50.726531] pimreg (unregistering): left allmulticast mode
[   50.730258] pimreg (unregistering): left allmulticast mode
[   50.734593] pimreg: entered allmulticast mode
[   50.757827] pimreg: entered allmulticast mode
[   50.763521] pimreg (unregistering): left allmulticast mode
[   50.782391] pimreg: entered allmulticast mode
[   50.802479] pimreg (unregistering): left allmulticast mode
[   50.805698] pimreg (unregistering): left allmulticast mode
[   50.810848] pimreg: entered allmulticast mode
[   50.825998] pimreg: entered allmulticast mode
[   50.842648] pimreg (unregistering): left allmulticast mode
[   50.846193] pimreg (unregistering): left allmulticast mode
[   50.850701] pimreg: entered allmulticast mode
[   50.881983] pimreg: entered allmulticast mode
[   50.884188] pimreg (unregistering): left allmulticast mode
[   50.890727] pimreg (unregistering): left allmulticast mode
[   50.895886] pimreg: entered allmulticast mode
[   50.915204] pimreg: entered allmulticast mode
[   50.937759] pimreg: entered allmulticast mode
[   50.940276] pimreg (unregistering): left allmulticast mode
[   50.943303] pimreg (unregistering): left allmulticast mode
[   50.950021] pimreg: entered allmulticast mode
[   50.970165] pimreg: entered allmulticast mode
[   50.974876] pimreg (unregistering): left allmulticast mode
[   50.978443] pimreg (unregistering): left allmulticast mode
[   50.988021] pimreg: entered allmulticast mode
[   51.001371] pimreg: entered allmulticast mode
[   51.031914] pimreg (unregistering): left allmulticast mode
[   51.035759] pimreg (unregistering): left allmulticast mode
[   51.038788] pimreg (unregistering): left allmulticast mode
[   51.043960] pimreg: entered allmulticast mode
[   51.060185] pimreg: entered allmulticast mode
[   51.078812] pimreg (unregistering): left allmulticast mode
[   51.081493] pimreg (unregistering): left allmulticast mode
[   51.085939] pimreg: entered allmulticast mode
[   51.102643] pimreg: entered allmulticast mode
[   51.124963] pimreg (unregistering): left allmulticast mode
[   51.127769] pimreg (unregistering): left allmulticast mode
[   51.132575] pimreg: entered allmulticast mode
[   51.158178] pimreg: entered allmulticast mode
[   51.170537] pimreg (unregistering): left allmulticast mode
[   51.173363] pimreg (unregistering): left allmulticast mode
[   51.178387] pimreg: entered allmulticast mode
[   51.195031] pimreg: entered allmulticast mode
[   51.214722] pimreg (unregistering): left allmulticast mode
[   51.218224] pimreg (unregistering): left allmulticast mode
[   51.222751] pimreg: entered allmulticast mode
[   51.258393] pimreg: entered allmulticast mode
[   51.290754] pimreg (unregistering): left allmulticast mode
[   51.294275] pimreg (unregistering): left allmulticast mode
[   51.298979] pimreg: entered allmulticast mode
[   51.316209] pimreg: entered allmulticast mode
[   51.338414] pimreg (unregistering): left allmulticast mode
[   51.341178] pimreg (unregistering): left allmulticast mode
[   51.346840] pimreg: entered allmulticast mode
[   51.370050] pimreg: entered allmulticast mode
[   51.375375] pimreg (unregistering): left allmulticast mode
[   51.394360] pimreg: entered allmulticast mode
[   51.403771] pimreg: entered allmulticast mode
[   51.406791] pimreg (unregistering): left allmulticast mode
[   51.409625] pimreg (unregistering): left allmulticast mode
[   51.412395] pimreg (unregistering): left allmulticast mode
[   51.420603] pimreg: entered allmulticast mode
[   51.445550] pimreg: entered allmulticast mode
[   51.459434] pimreg (unregistering): left allmulticast mode
[   51.462533] pimreg (unregistering): left allmulticast mode
[   51.467189] pimreg: entered allmulticast mode
[   51.494043] pimreg: entered allmulticast mode
[   51.499396] pimreg (unregistering): left allmulticast mode
[   51.519159] pimreg: entered allmulticast mode
[   51.543676] pimreg (unregistering): left allmulticast mode
[   51.547392] pimreg (unregistering): left allmulticast mode
[   51.552636] pimreg: entered allmulticast mode
[   51.572992] pimreg: entered allmulticast mode
[   51.578911] pimreg (unregistering): left allmulticast mode
[   51.581777] pimreg (unregistering): left allmulticast mode
[   51.591384] pimreg: entered allmulticast mode
[   51.617777] pimreg: entered allmulticast mode
[   51.623423] pimreg (unregistering): left allmulticast mode
[   51.646724] pimreg: entered allmulticast mode
[   51.670938] pimreg (unregistering): left allmulticast mode
[   51.673840] pimreg (unregistering): left allmulticast mode
[   51.678303] pimreg: entered allmulticast mode
[   51.706194] pimreg: entered allmulticast mode
[   51.710689] pimreg (unregistering): left allmulticast mode
[   51.729623] pimreg: entered allmulticast mode
[   51.750170] pimreg: entered allmulticast mode
[   51.751518] pimreg (unregistering): left allmulticast mode
[   51.754332] pimreg (unregistering): left allmulticast mode
[   51.760380] pimreg: entered allmulticast mode
[   51.783520] pimreg: entered allmulticast mode
[   51.802872] pimreg (unregistering): left allmulticast mode
[   51.806170] pimreg (unregistering): left allmulticast mode
[   51.809092] pimreg (unregistering): left allmulticast mode
[   51.813765] pimreg: entered allmulticast mode
[   51.841794] pimreg: entered allmulticast mode
[   51.846880] pimreg (unregistering): left allmulticast mode
[   51.862099] pimreg: entered allmulticast mode
[   51.882891] pimreg (unregistering): left allmulticast mode
[   51.886516] pimreg (unregistering): left allmulticast mode
[   51.891009] pimreg: entered allmulticast mode
[   51.907308] pimreg: entered allmulticast mode
[   51.918677] pimreg (unregistering): left allmulticast mode
[   51.921527] pimreg (unregistering): left allmulticast mode
[   51.926259] pimreg: entered allmulticast mode
[   51.950345] pimreg: entered allmulticast mode
[   51.989137] pimreg: entered allmulticast mode
[   51.995455] pimreg (unregistering): left allmulticast mode
[   51.998372] pimreg (unregistering): left allmulticast mode
[   52.006798] pimreg: entered allmulticast mode
[   52.021927] pimreg: entered allmulticast mode
[   52.035642] pimreg (unregistering): left allmulticast mode
[   52.038428] pimreg (unregistering): left allmulticast mode
[   52.041026] pimreg (unregistering): left allmulticast mode
[   52.045966] pimreg: entered allmulticast mode
[   52.077389] pimreg: entered allmulticast mode
[   52.094916] pimreg (unregistering): left allmulticast mode
[   52.098210] pimreg (unregistering): left allmulticast mode
[   52.102724] pimreg: entered allmulticast mode
[   52.130652] pimreg: entered allmulticast mode
[   52.151108] pimreg (unregistering): left allmulticast mode
[   52.153802] pimreg (unregistering): left allmulticast mode
[   52.158217] pimreg: entered allmulticast mode
[   52.181165] pimreg: entered allmulticast mode
[   52.183215] pimreg (unregistering): left allmulticast mode
[   52.192868] pimreg: entered allmulticast mode
[   52.209991] pimreg: entered allmulticast mode
[   52.222869] pimreg (unregistering): left allmulticast mode
[   52.225548] pimreg (unregistering): left allmulticast mode
[   52.228074] pimreg (unregistering): left allmulticast mode
[   52.233684] pimreg: entered allmulticast mode
[   52.256663] pimreg: entered allmulticast mode
[   52.263353] pimreg (unregistering): left allmulticast mode
[   52.274530] pimreg: entered allmulticast mode
[   52.293783] pimreg: entered allmulticast mode
[   52.299159] pimreg (unregistering): left allmulticast mode
[   52.302149] pimreg (unregistering): left allmulticast mode
[   52.313499] pimreg: entered allmulticast mode
[   52.346237] pimreg: entered allmulticast mode
[   52.355716] pimreg (unregistering): left allmulticast mode
[   52.358479] pimreg (unregistering): left allmulticast mode
[   52.361320] pimreg (unregistering): left allmulticast mode
[   52.365781] pimreg: entered allmulticast mode
[   52.397876] pimreg: entered allmulticast mode
[   52.418668] pimreg (unregistering): left allmulticast mode
[   52.421448] pimreg (unregistering): left allmulticast mode
[   52.426687] pimreg: entered allmulticast mode
[   52.443232] pimreg: entered allmulticast mode
[   52.459995] pimreg (unregistering): left allmulticast mode
[   52.462951] pimreg (unregistering): left allmulticast mode
[   52.467804] pimreg: entered allmulticast mode
[   52.485774] pimreg: entered allmulticast mode
[   52.500064] pimreg (unregistering): left allmulticast mode
[   52.502770] pimreg (unregistering): left allmulticast mode
[   52.509126] pimreg: entered allmulticast mode
[   52.527366] pimreg: entered allmulticast mode
[   52.539382] pimreg (unregistering): left allmulticast mode
[   52.542298] pimreg (unregistering): left allmulticast mode
[   52.548199] pimreg: entered allmulticast mode
[   52.574096] pimreg: entered allmulticast mode
[   52.594595] pimreg (unregistering): left allmulticast mode
[   52.597377] pimreg (unregistering): left allmulticast mode
[   52.602431] pimreg: entered allmulticast mode
[   52.618450] pimreg: entered allmulticast mode
[   52.630514] pimreg (unregistering): left allmulticast mode
[   52.634122] pimreg (unregistering): left allmulticast mode
[   52.638638] pimreg: entered allmulticast mode
[   52.660798] pimreg: entered allmulticast mode
[   52.663497] pimreg (unregistering): left allmulticast mode
[   52.679006] pimreg: entered allmulticast mode
[   52.702780] pimreg (unregistering): left allmulticast mode
[   52.706342] pimreg (unregistering): left allmulticast mode
[   52.710805] pimreg: entered allmulticast mode
[   52.747982] pimreg: entered allmulticast mode
[   52.767225] pimreg (unregistering): left allmulticast mode
[   52.770610] pimreg (unregistering): left allmulticast mode
[   52.775107] pimreg: entered allmulticast mode
[   52.796968] pimreg: entered allmulticast mode
[   52.802755] pimreg (unregistering): left allmulticast mode
[   52.821930] pimreg: entered allmulticast mode
[   52.841166] pimreg: entered allmulticast mode
[   52.846714] pimreg (unregistering): left allmulticast mode
[   52.849651] pimreg (unregistering): left allmulticast mode
[   52.859454] pimreg: entered allmulticast mode
[   52.881144] pimreg: entered allmulticast mode
[   52.887296] pimreg (unregistering): left allmulticast mode
[   52.890284] pimreg (unregistering): left allmulticast mode
[   52.893451] pimreg (unregistering): left allmulticast mode
[   52.899063] pimreg: entered allmulticast mode
[   52.937054] pimreg: entered allmulticast mode
[   52.940324] pimreg (unregistering): left allmulticast mode
[   52.943145] pimreg (unregistering): left allmulticast mode
[   52.952983] pimreg: entered allmulticast mode
[   52.966289] pimreg: entered allmulticast mode
[   52.974621] pimreg (unregistering): left allmulticast mode
[   52.977169] pimreg (unregistering): left allmulticast mode
[   52.982555] pimreg: entered allmulticast mode
[   53.014035] pimreg: entered allmulticast mode
[   53.034973] pimreg (unregistering): left allmulticast mode
[   53.038603] pimreg (unregistering): left allmulticast mode
[   53.041421] pimreg (unregistering): left allmulticast mode
[   53.045949] pimreg: entered allmulticast mode
[   53.068841] pimreg: entered allmulticast mode
[   53.074636] pimreg (unregistering): left allmulticast mode
[   53.081145] pimreg: entered allmulticast mode
[   53.100953] pimreg: entered allmulticast mode
[   53.107226] pimreg (unregistering): left allmulticast mode
[   53.114088] pimreg: entered allmulticast mode
[   53.131271] pimreg: entered allmulticast mode
[   53.144107] pimreg (unregistering): left allmulticast mode
[   53.146948] pimreg (unregistering): left allmulticast mode
[   53.149500] pimreg (unregistering): left allmulticast mode
[   53.154750] pimreg: entered allmulticast mode
[   53.199517] pimreg: entered allmulticast mode
[   53.234811] pimreg (unregistering): left allmulticast mode
[   53.237511] pimreg (unregistering): left allmulticast mode
[   53.242502] pimreg: entered allmulticast mode
[   53.260653] pimreg: entered allmulticast mode
[   53.270979] pimreg (unregistering): left allmulticast mode
[   53.273806] pimreg (unregistering): left allmulticast mode
[   53.279487] pimreg: entered allmulticast mode
[   53.301050] pimreg: entered allmulticast mode
[   53.307411] pimreg (unregistering): left allmulticast mode
[   53.317111] pimreg: entered allmulticast mode
[   53.334342] pimreg: entered allmulticast mode
[   53.347550] pimreg (unregistering): left allmulticast mode
[   53.350330] pimreg (unregistering): left allmulticast mode
[   53.353501] pimreg (unregistering): left allmulticast mode
[   53.358893] pimreg: entered allmulticast mode
[   53.382320] pimreg: entered allmulticast mode
[   53.394534] pimreg (unregistering): left allmulticast mode
[   53.397451] pimreg (unregistering): left allmulticast mode
[   53.402248] pimreg: entered allmulticast mode
[   53.419214] pimreg: entered allmulticast mode
[   53.431393] pimreg (unregistering): left allmulticast mode
[   53.434165] pimreg (unregistering): left allmulticast mode
[   53.441615] pimreg: entered allmulticast mode
[   53.466318] pimreg: entered allmulticast mode
[   53.467533] pimreg (unregistering): left allmulticast mode
[   53.475765] pimreg: entered allmulticast mode
[   53.498182] pimreg: entered allmulticast mode
[   53.510686] pimreg (unregistering): left allmulticast mode
[   53.513492] pimreg (unregistering): left allmulticast mode
[   53.516543] pimreg (unregistering): left allmulticast mode
[   53.521529] pimreg: entered allmulticast mode
[   53.538079] pimreg: entered allmulticast mode
[   53.551700] pimreg (unregistering): left allmulticast mode
[   53.554319] pimreg (unregistering): left allmulticast mode
[   53.560816] pimreg: entered allmulticast mode
[   53.584910] pimreg: entered allmulticast mode
[   53.590991] pimreg (unregistering): left allmulticast mode
[   53.594578] pimreg (unregistering): left allmulticast mode
[   53.601621] pimreg: entered allmulticast mode
[   53.626395] pimreg: entered allmulticast mode
[   53.631404] pimreg (unregistering): left allmulticast mode
[   53.654191] pimreg: entered allmulticast mode
[   53.674310] pimreg: entered allmulticast mode
[   53.679092] pimreg (unregistering): left allmulticast mode
[   53.682113] pimreg (unregistering): left allmulticast mode
[   53.689424] pimreg: entered allmulticast mode
[   53.714612] pimreg: entered allmulticast mode
[   53.727668] pimreg (unregistering): left allmulticast mode
[   53.730986] pimreg (unregistering): left allmulticast mode
[   53.734162] pimreg (unregistering): left allmulticast mode
[   53.738919] pimreg: entered allmulticast mode
[   53.755259] pimreg: entered allmulticast mode
[   53.770904] pimreg (unregistering): left allmulticast mode
[   53.774417] pimreg (unregistering): left allmulticast mode
[   53.779093] pimreg: entered allmulticast mode
[   53.798494] pimreg: entered allmulticast mode
[   53.810478] pimreg (unregistering): left allmulticast mode
[   53.813568] pimreg (unregistering): left allmulticast mode
[   53.818493] pimreg: entered allmulticast mode
[   53.857266] pimreg: entered allmulticast mode
[   53.862733] pimreg (unregistering): left allmulticast mode
[   53.888963] pimreg: entered allmulticast mode
[   53.905036] pimreg: entered allmulticast mode
[   53.930967] pimreg (unregistering): left allmulticast mode
[   53.933662] pimreg (unregistering): left allmulticast mode
[   53.939388] pimreg: entered allmulticast mode
[   53.955223] pimreg: entered allmulticast mode
[   53.967081] pimreg (unregistering): left allmulticast mode
[   53.969809] pimreg (unregistering): left allmulticast mode
[   53.972514] pimreg (unregistering): left allmulticast mode
[   53.977495] pimreg: entered allmulticast mode
[   53.994192] pimreg: entered allmulticast mode
[   54.014453] pimreg (unregistering): left allmulticast mode
[   54.018338] pimreg (unregistering): left allmulticast mode
[   54.023274] pimreg: entered allmulticast mode
[   54.038919] pimreg: entered allmulticast mode
[   54.053655] pimreg: entered allmulticast mode
[   54.084103] pimreg (unregistering): left allmulticast mode
[   54.086790] pimreg (unregistering): left allmulticast mode
[   54.089893] pimreg (unregistering): left allmulticast mode
[   54.094566] pimreg: entered allmulticast mode
[   54.114008] pimreg: entered allmulticast mode
[   54.143457] pimreg (unregistering): left allmulticast mode
[   54.146372] pimreg (unregistering): left allmulticast mode
[   54.150897] pimreg: entered allmulticast mode
[   54.169246] pimreg: entered allmulticast mode
[   54.191140] pimreg (unregistering): left allmulticast mode
[   54.194628] pimreg (unregistering): left allmulticast mode
[   54.199145] pimreg: entered allmulticast mode
[   54.221880] pimreg: entered allmulticast mode
[   54.226818] pimreg (unregistering): left allmulticast mode
[   54.241485] pimreg: entered allmulticast mode
[   54.262519] pimreg (unregistering): left allmulticast mode
[   54.265098] pimreg (unregistering): left allmulticast mode
[   54.269894] pimreg: entered allmulticast mode
[   54.288845] pimreg: entered allmulticast mode
[   54.291454] pimreg (unregistering): left allmulticast mode
[   54.309368] pimreg: entered allmulticast mode
[   54.330719] pimreg (unregistering): left allmulticast mode
[   54.333397] pimreg (unregistering): left allmulticast mode
[   54.338239] pimreg: entered allmulticast mode
[   54.361870] pimreg: entered allmulticast mode
[   54.367637] pimreg (unregistering): left allmulticast mode
[   54.386354] pimreg: entered allmulticast mode
[   54.414628] pimreg (unregistering): left allmulticast mode
[   54.417421] pimreg (unregistering): left allmulticast mode
[   54.422162] pimreg: entered allmulticast mode
[   54.445977] pimreg: entered allmulticast mode
[   54.447447] pimreg (unregistering): left allmulticast mode
[   54.456331] pimreg: entered allmulticast mode
[   54.470289] pimreg: entered allmulticast mode
[   54.483064] pimreg (unregistering): left allmulticast mode
[   54.485777] pimreg (unregistering): left allmulticast mode
[   54.488445] pimreg (unregistering): left allmulticast mode
[   54.494049] pimreg: entered allmulticast mode
[   54.516592] pimreg: entered allmulticast mode
[   54.523312] pimreg (unregistering): left allmulticast mode
[   54.533192] pimreg: entered allmulticast mode
[   54.559537] pimreg (unregistering): left allmulticast mode
[   54.562400] pimreg (unregistering): left allmulticast mode
[   54.566969] pimreg: entered allmulticast mode
[   54.601429] pimreg: entered allmulticast mode
[   54.614358] pimreg: entered allmulticast mode
[   54.619446] pimreg (unregistering): left allmulticast mode
[   54.622223] pimreg (unregistering): left allmulticast mode
[   54.637500] pimreg: entered allmulticast mode
[   54.668325] pimreg (unregistering): left allmulticast mode
[   54.671060] pimreg (unregistering): left allmulticast mode
[   54.675818] pimreg: entered allmulticast mode
[   54.693333] pimreg: entered allmulticast mode
[   54.699205] pimreg (unregistering): left allmulticast mode
[   54.721359] pimreg: entered allmulticast mode
[   54.735985] pimreg (unregistering): left allmulticast mode
[   54.738896] pimreg (unregistering): left allmulticast mode
[   54.745485] pimreg: entered allmulticast mode
[   54.778320] pimreg: entered allmulticast mode
[   54.787092] pimreg (unregistering): left allmulticast mode
[   54.789817] pimreg (unregistering): left allmulticast mode
[   54.796713] pimreg: entered allmulticast mode
[   54.821287] pimreg: entered allmulticast mode
[   54.826724] pimreg (unregistering): left allmulticast mode
[   54.836633] pimreg: entered allmulticast mode
[   54.859238] pimreg (unregistering): left allmulticast mode
[   54.862232] pimreg (unregistering): left allmulticast mode
[   54.866867] pimreg: entered allmulticast mode
[   54.893182] pimreg: entered allmulticast mode
[   54.898849] pimreg (unregistering): left allmulticast mode
[   54.917070] pimreg: entered allmulticast mode
[   54.942969] pimreg (unregistering): left allmulticast mode
[   54.946661] pimreg (unregistering): left allmulticast mode
[   54.951080] pimreg: entered allmulticast mode
[   54.977070] pimreg: entered allmulticast mode
[   54.983185] pimreg (unregistering): left allmulticast mode
[   54.993734] pimreg: entered allmulticast mode
[   55.009378] pimreg: entered allmulticast mode
[   55.022984] pimreg (unregistering): left allmulticast mode
[   55.025768] pimreg (unregistering): left allmulticast mode
[   55.028553] pimreg (unregistering): left allmulticast mode
[   55.033920] pimreg: entered allmulticast mode
[   55.057341] pimreg: entered allmulticast mode
[   55.063379] pimreg (unregistering): left allmulticast mode
[   55.074358] pimreg: entered allmulticast mode
[   55.094274] pimreg: entered allmulticast mode
[   55.099499] pimreg (unregistering): left allmulticast mode
[   55.102504] pimreg (unregistering): left allmulticast mode
[   55.108859] pimreg: entered allmulticast mode
[   55.134782] pimreg: entered allmulticast mode
[   55.154680] pimreg (unregistering): left allmulticast mode
[   55.158219] pimreg (unregistering): left allmulticast mode
[   55.160964] pimreg (unregistering): left allmulticast mode
[   55.166046] pimreg: entered allmulticast mode
[   55.182077] pimreg: entered allmulticast mode
[   55.195501] pimreg (unregistering): left allmulticast mode
[   55.198409] pimreg (unregistering): left allmulticast mode
[   55.205563] pimreg: entered allmulticast mode
[   55.230167] pimreg: entered allmulticast mode
[   55.231632] pimreg (unregistering): left allmulticast mode
[   55.240219] pimreg: entered allmulticast mode
[   55.259332] pimreg: entered allmulticast mode
[   55.270742] pimreg (unregistering): left allmulticast mode
[   55.274598] pimreg (unregistering): left allmulticast mode
[   55.277722] pimreg (unregistering): left allmulticast mode
[   55.282130] pimreg: entered allmulticast mode
[   55.314887] pimreg: entered allmulticast mode
[   55.327865] pimreg (unregistering): left allmulticast mode
[   55.331372] pimreg (unregistering): left allmulticast mode
[   55.336767] pimreg: entered allmulticast mode
[   55.357672] pimreg: entered allmulticast mode
[   55.363327] pimreg (unregistering): left allmulticast mode
[   55.374165] pimreg: entered allmulticast mode
[   55.394521] pimreg: entered allmulticast mode
[   55.414956] pimreg (unregistering): left allmulticast mode
[   55.417547] pimreg (unregistering): left allmulticast mode
[   55.420677] pimreg (unregistering): left allmulticast mode
[   55.425700] pimreg: entered allmulticast mode
[   55.451906] pimreg: entered allmulticast mode
[   55.478729] pimreg (unregistering): left allmulticast mode
[   55.482687] pimreg (unregistering): left allmulticast mode
[   55.487184] pimreg: entered allmulticast mode
[   55.513372] pimreg: entered allmulticast mode
[   55.518702] pimreg (unregistering): left allmulticast mode
[   55.529986] pimreg: entered allmulticast mode
[   55.546599] pimreg (unregistering): left allmulticast mode
[   55.549262] pimreg (unregistering): left allmulticast mode
[   55.555294] pimreg: entered allmulticast mode
[   55.579655] pimreg: entered allmulticast mode
[   55.602603] pimreg (unregistering): left allmulticast mode
[   55.605142] pimreg (unregistering): left allmulticast mode
[   55.610111] pimreg: entered allmulticast mode
[   55.627636] pimreg: entered allmulticast mode
[   55.639606] pimreg (unregistering): left allmulticast mode
[   55.642500] pimreg (unregistering): left allmulticast mode
[   55.649337] pimreg: entered allmulticast mode
[   55.668827] pimreg: entered allmulticast mode
[   55.675275] pimreg (unregistering): left allmulticast mode
[   55.693800] pimreg: entered allmulticast mode
[   55.706417] pimreg (unregistering): left allmulticast mode
[   55.709079] pimreg (unregistering): left allmulticast mode
[   55.714305] pimreg: entered allmulticast mode
[   55.737119] pimreg: entered allmulticast mode
[   55.742821] pimreg (unregistering): left allmulticast mode
[   55.761612] pimreg: entered allmulticast mode
[   55.786622] pimreg (unregistering): left allmulticast mode
[   55.789761] pimreg (unregistering): left allmulticast mode
[   55.794724] pimreg: entered allmulticast mode
[   55.820832] pimreg: entered allmulticast mode
[   55.827324] pimreg (unregistering): left allmulticast mode
[   55.846307] pimreg: entered allmulticast mode
[   55.866515] pimreg (unregistering): left allmulticast mode
[   55.870185] pimreg (unregistering): left allmulticast mode
[   55.875344] pimreg: entered allmulticast mode
[   55.898268] pimreg: entered allmulticast mode
[   55.918984] pimreg (unregistering): left allmulticast mode
[   55.922227] pimreg (unregistering): left allmulticast mode
[   55.926916] pimreg: entered allmulticast mode
[   55.942102] pimreg: entered allmulticast mode
[   55.963432] pimreg (unregistering): left allmulticast mode
[   55.966568] pimreg (unregistering): left allmulticast mode
[   55.971021] pimreg: entered allmulticast mode
[   55.993538] pimreg: entered allmulticast mode
[   55.996118] pimreg (unregistering): left allmulticast mode
[   56.003563] pimreg: entered allmulticast mode
[   56.026027] pimreg: entered allmulticast mode
[   56.031340] pimreg (unregistering): left allmulticast mode
[   56.034419] pimreg (unregistering): left allmulticast mode
[   56.045433] pimreg: entered allmulticast mode
[   56.067987] pimreg (unregistering): left allmulticast mode
[   56.070916] pimreg (unregistering): left allmulticast mode
[   56.075328] pimreg: entered allmulticast mode
[   56.091254] pimreg: entered allmulticast mode
[   56.110737] pimreg (unregistering): left allmulticast mode
[   56.113399] pimreg (unregistering): left allmulticast mode
[   56.118146] pimreg: entered allmulticast mode
[   56.150007] pimreg: entered allmulticast mode
[   56.174696] pimreg (unregistering): left allmulticast mode
[   56.177466] pimreg (unregistering): left allmulticast mode
[   56.182616] pimreg: entered allmulticast mode
[   56.214153] pimreg: entered allmulticast mode
[   56.226636] pimreg (unregistering): left allmulticast mode
[   56.229919] pimreg (unregistering): left allmulticast mode
[   56.234764] pimreg: entered allmulticast mode
[   56.250073] pimreg: entered allmulticast mode
[   56.262979] pimreg (unregistering): left allmulticast mode
[   56.265691] pimreg (unregistering): left allmulticast mode
[   56.271228] pimreg: entered allmulticast mode
[   56.286867] pimreg: entered allmulticast mode
[   56.310568] pimreg (unregistering): left allmulticast mode
[   56.313875] pimreg (unregistering): left allmulticast mode
[   56.318285] pimreg: entered allmulticast mode
[   56.345683] pimreg: entered allmulticast mode
[   56.350720] pimreg (unregistering): left allmulticast mode
[   56.366207] pimreg: entered allmulticast mode
[   56.382246] pimreg: entered allmulticast mode
[   56.410902] pimreg (unregistering): left allmulticast mode
[   56.414330] pimreg (unregistering): left allmulticast mode
[   56.417377] pimreg (unregistering): left allmulticast mode
[   56.422367] pimreg: entered allmulticast mode
[   56.445972] pimreg: entered allmulticast mode
[   56.450783] pimreg (unregistering): left allmulticast mode
[   56.469964] pimreg: entered allmulticast mode
[   56.494789] pimreg (unregistering): left allmulticast mode
[   56.498543] pimreg (unregistering): left allmulticast mode
[   56.503060] pimreg: entered allmulticast mode
[   56.541757] pimreg: entered allmulticast mode
[   56.546874] pimreg (unregistering): left allmulticast mode
[   56.558868] pimreg: entered allmulticast mode
[   56.586880] pimreg (unregistering): left allmulticast mode
[   56.589678] pimreg (unregistering): left allmulticast mode
[   56.594647] pimreg: entered allmulticast mode
[   56.610954] pimreg: entered allmulticast mode
[   56.623368] pimreg (unregistering): left allmulticast mode
[   56.626183] pimreg (unregistering): left allmulticast mode
[   56.633790] pimreg: entered allmulticast mode
[   56.656974] pimreg: entered allmulticast mode
[   56.663396] pimreg (unregistering): left allmulticast mode
[   56.681633] pimreg: entered allmulticast mode
[   56.702576] pimreg (unregistering): left allmulticast mode
[   56.705140] pimreg (unregistering): left allmulticast mode
[   56.710462] pimreg: entered allmulticast mode
[   56.734531] pimreg: entered allmulticast mode
[   56.747495] pimreg (unregistering): left allmulticast mode
[   56.750779] pimreg (unregistering): left allmulticast mode
[   56.757172] pimreg: entered allmulticast mode
[   56.782359] pimreg (unregistering): left allmulticast mode
[   56.787778] pimreg: entered allmulticast mode
[   56.802014] pimreg: entered allmulticast mode
[   56.814630] pimreg (unregistering): left allmulticast mode
[   56.817619] pimreg (unregistering): left allmulticast mode
[   56.822499] pimreg: entered allmulticast mode
[   56.844822] pimreg: entered allmulticast mode
[   56.847480] pimreg (unregistering): left allmulticast mode
[   56.861331] pimreg: entered allmulticast mode
[   56.885494] pimreg: entered allmulticast mode
[   56.887961] pimreg (unregistering): left allmulticast mode
[   56.890981] pimreg (unregistering): left allmulticast mode
[   56.900931] pimreg: entered allmulticast mode
[   56.928389] pimreg (unregistering): left allmulticast mode
[   56.931307] pimreg (unregistering): left allmulticast mode
[   56.935593] pimreg: entered allmulticast mode
[   56.966791] pimreg: entered allmulticast mode
[   56.975198] pimreg (unregistering): left allmulticast mode
[   56.977890] pimreg (unregistering): left allmulticast mode
[   56.983240] pimreg: entered allmulticast mode
[   57.007368] pimreg: entered allmulticast mode
[   57.026992] pimreg (unregistering): left allmulticast mode
[   57.029909] pimreg (unregistering): left allmulticast mode
[   57.035093] pimreg: entered allmulticast mode
[   57.061457] pimreg: entered allmulticast mode
[   57.067383] pimreg (unregistering): left allmulticast mode
[   57.082201] pimreg: entered allmulticast mode
[   57.101331] pimreg: entered allmulticast mode
[   57.103907] pimreg (unregistering): left allmulticast mode
[   57.107162] pimreg (unregistering): left allmulticast mode
[   57.126007] pimreg: entered allmulticast mode
[   57.138528] pimreg (unregistering): left allmulticast mode
[   57.141149] pimreg (unregistering): left allmulticast mode
[   57.146260] pimreg: entered allmulticast mode
[   57.168867] pimreg: entered allmulticast mode
[   57.171527] pimreg (unregistering): left allmulticast mode
[   57.185552] pimreg: entered allmulticast mode
[   57.204981] pimreg: entered allmulticast mode
[   57.223299] pimreg (unregistering): left allmulticast mode
[   57.227304] pimreg (unregistering): left allmulticast mode
[   57.230291] pimreg (unregistering): left allmulticast mode
[   57.234865] pimreg: entered allmulticast mode
[   57.257330] pimreg: entered allmulticast mode
[   57.287141] pimreg (unregistering): left allmulticast mode
[   57.289741] pimreg (unregistering): left allmulticast mode
[   57.294322] pimreg: entered allmulticast mode
[   57.309899] pimreg: entered allmulticast mode
[   57.330778] pimreg (unregistering): left allmulticast mode
[   57.334398] pimreg (unregistering): left allmulticast mode
[   57.339149] pimreg: entered allmulticast mode
[   57.354341] pimreg: entered allmulticast mode
[   57.386825] pimreg (unregistering): left allmulticast mode
[   57.389452] pimreg (unregistering): left allmulticast mode
[   57.394369] pimreg: entered allmulticast mode
[   57.410121] pimreg: entered allmulticast mode
[   57.435253] pimreg (unregistering): left allmulticast mode
[   57.439141] pimreg (unregistering): left allmulticast mode
[   57.444126] pimreg: entered allmulticast mode
[   57.458231] pimreg: entered allmulticast mode
[   57.470632] pimreg (unregistering): left allmulticast mode
[   57.474201] pimreg (unregistering): left allmulticast mode
[   57.478856] pimreg: entered allmulticast mode
[   57.505767] pimreg: entered allmulticast mode
[   57.522894] pimreg (unregistering): left allmulticast mode
[   57.525548] pimreg (unregistering): left allmulticast mode
[   57.530420] pimreg: entered allmulticast mode
[   57.552836] pimreg: entered allmulticast mode
[   57.575545] pimreg (unregistering): left allmulticast mode
[   57.578695] pimreg (unregistering): left allmulticast mode
[   57.583369] pimreg: entered allmulticast mode
[   57.620925] pimreg: entered allmulticast mode
[   57.627031] pimreg (unregistering): left allmulticast mode
[   57.637873] pimreg: entered allmulticast mode
[   57.667596] pimreg (unregistering): left allmulticast mode
[   57.671473] pimreg (unregistering): left allmulticast mode
[   57.676420] pimreg: entered allmulticast mode
[   57.700928] pimreg: entered allmulticast mode
[   57.707301] pimreg (unregistering): left allmulticast mode
[   57.725404] pimreg: entered allmulticast mode
[   57.740091] pimreg (unregistering): left allmulticast mode
[   57.743152] pimreg (unregistering): left allmulticast mode
[   57.747736] pimreg: entered allmulticast mode
[   57.777001] pimreg: entered allmulticast mode
[   57.787676] pimreg (unregistering): left allmulticast mode
[   57.790506] pimreg (unregistering): left allmulticast mode
[   57.797292] pimreg: entered allmulticast mode
[   57.821415] pimreg: entered allmulticast mode
[   57.823771] pimreg (unregistering): left allmulticast mode
[   57.830176] pimreg: entered allmulticast mode
[   57.845269] pimreg: entered allmulticast mode
[   57.859862] pimreg (unregistering): left allmulticast mode
[   57.862496] pimreg (unregistering): left allmulticast mode
[   57.866110] pimreg (unregistering): left allmulticast mode
[   57.870608] pimreg: entered allmulticast mode
[   57.890923] pimreg: entered allmulticast mode
[   57.910734] pimreg (unregistering): left allmulticast mode
[   57.913338] pimreg (unregistering): left allmulticast mode
[   57.918851] pimreg: entered allmulticast mode
[   57.940890] pimreg: entered allmulticast mode
[   57.955612] pimreg (unregistering): left allmulticast mode
[   57.958291] pimreg (unregistering): left allmulticast mode
[   57.964704] pimreg: entered allmulticast mode
[   57.996934] pimreg: entered allmulticast mode
[   58.002979] pimreg (unregistering): left allmulticast mode
[   58.021533] pimreg: entered allmulticast mode
[   58.035369] pimreg (unregistering): left allmulticast mode
[   58.038679] pimreg (unregistering): left allmulticast mode
[   58.043297] pimreg: entered allmulticast mode
[   58.065110] pimreg: entered allmulticast mode
[   58.071438] pimreg (unregistering): left allmulticast mode
[   58.097163] pimreg: entered allmulticast mode
[   58.126598] pimreg (unregistering): left allmulticast mode
[   58.129744] pimreg (unregistering): left allmulticast mode
[   58.134275] pimreg: entered allmulticast mode
[   58.150525] pimreg: entered allmulticast mode
[   58.162640] pimreg (unregistering): left allmulticast mode
[   58.165592] pimreg (unregistering): left allmulticast mode
[   58.170375] pimreg: entered allmulticast mode
[   58.196850] pimreg: entered allmulticast mode
[   58.207253] pimreg (unregistering): left allmulticast mode
[   58.210397] pimreg (unregistering): left allmulticast mode
[   58.216187] pimreg: entered allmulticast mode
[   58.229318] pimreg: entered allmulticast mode
[   58.253354] pimreg: entered allmulticast mode
[   58.263812] pimreg (unregistering): left allmulticast mode
[   58.266571] pimreg (unregistering): left allmulticast mode
[   58.269704] pimreg (unregistering): left allmulticast mode
[   58.274450] pimreg: entered allmulticast mode
[   58.295209] pimreg: entered allmulticast mode
[   58.307244] pimreg (unregistering): left allmulticast mode
[   58.310585] pimreg (unregistering): left allmulticast mode
[   58.316140] pimreg: entered allmulticast mode
[   58.335099] pimreg: entered allmulticast mode
[   58.344042] pimreg (unregistering): left allmulticast mode
[   58.346780] pimreg (unregistering): left allmulticast mode
[   58.351446] pimreg: entered allmulticast mode
[   58.373030] pimreg: entered allmulticast mode
[   58.378893] pimreg (unregistering): left allmulticast mode
[   58.381805] pimreg (unregistering): left allmulticast mode
[   58.390508] pimreg: entered allmulticast mode
[   58.413424] pimreg: entered allmulticast mode
[   58.419056] pimreg (unregistering): left allmulticast mode
[   58.437147] pimreg: entered allmulticast mode
[   58.452959] pimreg: entered allmulticast mode
[   58.463234] pimreg (unregistering): left allmulticast mode
[   58.465915] pimreg (unregistering): left allmulticast mode
[   58.468925] pimreg (unregistering): left allmulticast mode
[   58.473910] pimreg: entered allmulticast mode
[   58.497817] pimreg: entered allmulticast mode
[   58.513092] pimreg: entered allmulticast mode
[   58.519384] pimreg (unregistering): left allmulticast mode
[   58.522092] pimreg (unregistering): left allmulticast mode
[   58.524634] pimreg (unregistering): left allmulticast mode
[   58.530413] pimreg: entered allmulticast mode
[   58.551558] pimreg: entered allmulticast mode
[   58.563148] pimreg (unregistering): left allmulticast mode
[   58.565897] pimreg (unregistering): left allmulticast mode
[   58.571136] pimreg: entered allmulticast mode
[   58.593649] pimreg: entered allmulticast mode
[   58.607775] pimreg (unregistering): left allmulticast mode
[   58.610608] pimreg (unregistering): left allmulticast mode
[   58.617167] pimreg: entered allmulticast mode
[   58.645580] pimreg: entered allmulticast mode
[   58.651430] pimreg (unregistering): left allmulticast mode
[   58.673818] pimreg: entered allmulticast mode
[   58.682973] pimreg: entered allmulticast mode
[   58.690860] pimreg (unregistering): left allmulticast mode
[   58.694246] pimreg (unregistering): left allmulticast mode
[   58.698250] pimreg (unregistering): left allmulticast mode
[   58.703284] pimreg: entered allmulticast mode
[   58.720755] pimreg: entered allmulticast mode
[   58.734725] pimreg (unregistering): left allmulticast mode
[   58.738109] pimreg (unregistering): left allmulticast mode
[   58.743321] pimreg: entered allmulticast mode
[   58.766338] pimreg: entered allmulticast mode
[   58.778838] pimreg (unregistering): left allmulticast mode
[   58.781641] pimreg (unregistering): left allmulticast mode
[   58.788400] pimreg: entered allmulticast mode
[   58.805970] pimreg: entered allmulticast mode
[   58.823315] pimreg (unregistering): left allmulticast mode
[   58.826131] pimreg (unregistering): left allmulticast mode
[   58.830606] pimreg: entered allmulticast mode
[   58.854140] pimreg: entered allmulticast mode
[   58.863856] pimreg (unregistering): left allmulticast mode
[   58.866673] pimreg (unregistering): left allmulticast mode
[   58.873137] pimreg: entered allmulticast mode
[   58.896651] pimreg (unregistering): left allmulticast mode
[   58.901957] pimreg: entered allmulticast mode
[   58.924826] pimreg: entered allmulticast mode
[   58.939756] pimreg (unregistering): left allmulticast mode
[   58.942549] pimreg (unregistering): left allmulticast mode
[   58.949581] pimreg: entered allmulticast mode
[   58.973158] pimreg: entered allmulticast mode
[   58.979817] pimreg (unregistering): left allmulticast mode
[   58.997119] pimreg: entered allmulticast mode
[   59.018922] pimreg (unregistering): left allmulticast mode
[   59.021755] pimreg (unregistering): left allmulticast mode
[   59.024301] pimreg (unregistering): left allmulticast mode
[   59.029338] pimreg: entered allmulticast mode
[   59.052807] pimreg: entered allmulticast mode
[   59.066893] pimreg (unregistering): left allmulticast mode
[   59.073082] pimreg: entered allmulticast mode
[   59.093991] pimreg: entered allmulticast mode
[   59.107533] pimreg (unregistering): left allmulticast mode
[   59.110612] pimreg (unregistering): left allmulticast mode
[   59.116999] pimreg: entered allmulticast mode
[   59.137166] pimreg: entered allmulticast mode
[   59.143035] pimreg (unregistering): left allmulticast mode
[   59.152821] pimreg: entered allmulticast mode
[   59.177075] pimreg: entered allmulticast mode
[   59.182851] pimreg (unregistering): left allmulticast mode
[   59.185819] pimreg (unregistering): left allmulticast mode
[   59.192760] pimreg: entered allmulticast mode
[   59.214363] pimreg: entered allmulticast mode
[   59.235325] pimreg (unregistering): left allmulticast mode
[   59.238234] pimreg (unregistering): left allmulticast mode
[   59.241025] pimreg (unregistering): left allmulticast mode
[   59.245733] pimreg: entered allmulticast mode
[   59.261412] pimreg: entered allmulticast mode
[   59.282021] pimreg: entered allmulticast mode
[   59.287420] pimreg (unregistering): left allmulticast mode
[   59.290244] pimreg (unregistering): left allmulticast mode
[   59.293181] pimreg (unregistering): left allmulticast mode
[   59.299032] pimreg: entered allmulticast mode
[   59.322588] pimreg: entered allmulticast mode
[   59.334533] pimreg (unregistering): left allmulticast mode
[   59.337167] pimreg (unregistering): left allmulticast mode
[   59.342478] pimreg: entered allmulticast mode
[   59.358266] pimreg: entered allmulticast mode
[   59.374817] pimreg (unregistering): left allmulticast mode
[   59.377647] pimreg (unregistering): left allmulticast mode
[   59.382461] pimreg: entered allmulticast mode
[   59.406045] pimreg: entered allmulticast mode
[   59.407534] pimreg (unregistering): left allmulticast mode
[   59.410537] pimreg (unregistering): left allmulticast mode
[   59.416048] pimreg: entered allmulticast mode
[   59.429705] pimreg: entered allmulticast mode
[   59.447492] pimreg (unregistering): left allmulticast mode
[   59.450232] pimreg (unregistering): left allmulticast mode
[   59.454578] pimreg: entered allmulticast mode
[   59.476873] pimreg: entered allmulticast mode
[   59.491327] pimreg (unregistering): left allmulticast mode
[   59.494919] pimreg (unregistering): left allmulticast mode
[   59.499432] pimreg: entered allmulticast mode
[   59.518707] pimreg: entered allmulticast mode
[   59.534818] pimreg (unregistering): left allmulticast mode
[   59.537662] pimreg (unregistering): left allmulticast mode
[   59.542184] pimreg: entered allmulticast mode
[   59.564862] pimreg: entered allmulticast mode
[   59.567591] pimreg (unregistering): left allmulticast mode
[   59.586253] pimreg: entered allmulticast mode
[   59.605510] pimreg: entered allmulticast mode
[   59.607355] pimreg (unregistering): left allmulticast mode
[   59.610405] pimreg (unregistering): left allmulticast mode
[   59.615908] pimreg: entered allmulticast mode
[   59.633807] pimreg: entered allmulticast mode
[   59.636083] pimreg (unregistering): left allmulticast mode
[   59.639532] pimreg (unregistering): left allmulticast mode
[   59.644748] pimreg: entered allmulticast mode
[   59.661612] pimreg: entered allmulticast mode
[   59.667491] pimreg (unregistering): left allmulticast mode
[   59.670396] pimreg (unregistering): left allmulticast mode
[   59.687275] pimreg: entered allmulticast mode
[   59.702174] pimreg: entered allmulticast mode
[   59.707507] pimreg (unregistering): left allmulticast mode
[   59.710372] pimreg (unregistering): left allmulticast mode
[   59.726806] pimreg: entered allmulticast mode
[   59.746256] pimreg: entered allmulticast mode
[   59.751366] pimreg (unregistering): left allmulticast mode
[   59.754181] pimreg (unregistering): left allmulticast mode
[   59.760828] pimreg: entered allmulticast mode
[   59.782835] pimreg (unregistering): left allmulticast mode
[   59.786381] pimreg (unregistering): left allmulticast mode
[   59.790959] pimreg: entered allmulticast mode
[   59.808179] pimreg: entered allmulticast mode
[   59.826865] pimreg (unregistering): left allmulticast mode
[   59.830713] pimreg (unregistering): left allmulticast mode
[   59.835729] pimreg: entered allmulticast mode
[   59.857885] pimreg: entered allmulticast mode
[   59.863112] pimreg (unregistering): left allmulticast mode
[   59.881516] pimreg: entered allmulticast mode
[   59.902878] pimreg (unregistering): left allmulticast mode
[   59.905645] pimreg (unregistering): left allmulticast mode
[   59.910596] pimreg: entered allmulticast mode
[   59.926001] pimreg: entered allmulticast mode
[   59.939910] pimreg (unregistering): left allmulticast mode
[   59.943505] pimreg (unregistering): left allmulticast mode
[   59.949724] pimreg: entered allmulticast mode
[   59.966293] pimreg: entered allmulticast mode
[   59.975013] pimreg (unregistering): left allmulticast mode
[   59.977874] pimreg (unregistering): left allmulticast mode
[   59.983465] pimreg: entered allmulticast mode
[   60.006064] pimreg: entered allmulticast mode
[   60.011333] pimreg (unregistering): left allmulticast mode
[   60.029535] pimreg: entered allmulticast mode
[   60.051181] pimreg (unregistering): left allmulticast mode
[   60.054094] pimreg (unregistering): left allmulticast mode
[   60.059035] pimreg: entered allmulticast mode
[   60.084781] pimreg: entered allmulticast mode
[   60.087284] pimreg (unregistering): left allmulticast mode
[   60.101567] pimreg: entered allmulticast mode
[   60.117954] pimreg: entered allmulticast mode
[   60.134653] pimreg (unregistering): left allmulticast mode
[   60.137787] pimreg (unregistering): left allmulticast mode
[   60.140719] pimreg (unregistering): left allmulticast mode
[   60.145670] pimreg: entered allmulticast mode
[   60.171223] pimreg: entered allmulticast mode
[   60.187628] pimreg (unregistering): left allmulticast mode
[   60.190716] pimreg (unregistering): left allmulticast mode
[   60.195359] pimreg: entered allmulticast mode
[   60.210534] pimreg: entered allmulticast mode
[   60.222452] pimreg (unregistering): left allmulticast mode
[   60.225275] pimreg (unregistering): left allmulticast mode
[   60.230166] pimreg: entered allmulticast mode
[   60.254063] pimreg: entered allmulticast mode
[   60.266522] pimreg (unregistering): left allmulticast mode
[   60.270198] pimreg (unregistering): left allmulticast mode
[   60.274717] pimreg: entered allmulticast mode
[   60.290683] pimreg: entered allmulticast mode
[   60.310745] pimreg: entered allmulticast mode
[   60.323120] pimreg (unregistering): left allmulticast mode
[   60.326405] pimreg (unregistering): left allmulticast mode
[   60.330137] pimreg (unregistering): left allmulticast mode
[   60.334635] pimreg: entered allmulticast mode
[   60.358049] pimreg: entered allmulticast mode
[   60.379121] pimreg (unregistering): left allmulticast mode
[   60.381975] pimreg (unregistering): left allmulticast mode
[   60.386192] pimreg: entered allmulticast mode
[   60.402063] pimreg: entered allmulticast mode
[   60.415708] pimreg (unregistering): left allmulticast mode
[   60.418365] pimreg (unregistering): left allmulticast mode
[   60.425180] pimreg: entered allmulticast mode
[   60.448919] pimreg: entered allmulticast mode
[   60.454951] pimreg (unregistering): left allmulticast mode
[   60.464879] pimreg: entered allmulticast mode
[   60.484822] pimreg: entered allmulticast mode
[   60.491730] pimreg (unregistering): left allmulticast mode
[   60.494757] pimreg (unregistering): left allmulticast mode
[   60.501814] pimreg: entered allmulticast mode
[   60.519524] pimreg: entered allmulticast mode
[   60.530967] pimreg (unregistering): left allmulticast mode
[   60.533748] pimreg (unregistering): left allmulticast mode
[   60.537306] pimreg (unregistering): left allmulticast mode
[   60.542217] pimreg: entered allmulticast mode
[   60.560154] pimreg: entered allmulticast mode
[   60.578810] pimreg (unregistering): left allmulticast mode
[   60.582126] pimreg (unregistering): left allmulticast mode
[   60.586627] pimreg: entered allmulticast mode
[   60.613276] pimreg: entered allmulticast mode
[   60.618750] pimreg (unregistering): left allmulticast mode
[   60.633807] pimreg: entered allmulticast mode
[   60.663775] pimreg (unregistering): left allmulticast mode
[   60.667508] pimreg (unregistering): left allmulticast mode
[   60.671848] pimreg: entered allmulticast mode
[   60.686802] pimreg: entered allmulticast mode
[   60.706672] pimreg (unregistering): left allmulticast mode
[   60.709447] pimreg (unregistering): left allmulticast mode
[   60.714709] pimreg: entered allmulticast mode
[   60.738156] pimreg: entered allmulticast mode
[   60.742692] pimreg (unregistering): left allmulticast mode
[   60.761265] pimreg: entered allmulticast mode
[   60.782907] pimreg (unregistering): left allmulticast mode
[   60.785525] pimreg (unregistering): left allmulticast mode
[   60.790514] pimreg: entered allmulticast mode
[   60.806123] pimreg: entered allmulticast mode
[   60.820163] pimreg (unregistering): left allmulticast mode
[   60.823032] pimreg (unregistering): left allmulticast mode
[   60.828342] pimreg: entered allmulticast mode
[   60.849188] pimreg: entered allmulticast mode
[   60.859395] pimreg (unregistering): left allmulticast mode
[   60.862307] pimreg (unregistering): left allmulticast mode
[   60.871641] pimreg: entered allmulticast mode
[   60.890114] pimreg: entered allmulticast mode
[   60.899835] pimreg (unregistering): left allmulticast mode
[   60.902759] pimreg (unregistering): left allmulticast mode
[   60.909397] pimreg: entered allmulticast mode
[   60.935230] pimreg: entered allmulticast mode
[   60.942876] pimreg (unregistering): left allmulticast mode
[   60.946379] pimreg (unregistering): left allmulticast mode
[   60.951415] pimreg: entered allmulticast mode
[   60.973826] pimreg: entered allmulticast mode
[   60.986514] pimreg (unregistering): left allmulticast mode
[   60.989279] pimreg (unregistering): left allmulticast mode
[   60.994466] pimreg: entered allmulticast mode
[   61.014156] pimreg: entered allmulticast mode
[   61.031323] pimreg (unregistering): left allmulticast mode
[   61.034957] pimreg (unregistering): left allmulticast mode
[   61.039613] pimreg: entered allmulticast mode
[   61.061440] pimreg: entered allmulticast mode
[   61.066933] pimreg (unregistering): left allmulticast mode
[   61.069927] pimreg (unregistering): left allmulticast mode
[   61.077397] pimreg: entered allmulticast mode
[   61.101378] pimreg: entered allmulticast mode
[   61.103854] pimreg (unregistering): left allmulticast mode
[   61.110872] pimreg: entered allmulticast mode
[   61.141758] pimreg: entered allmulticast mode
[   61.162944] pimreg (unregistering): left allmulticast mode
[   61.165577] pimreg (unregistering): left allmulticast mode
[   61.168464] pimreg (unregistering): left allmulticast mode
[   61.173498] pimreg: entered allmulticast mode
[   61.190005] pimreg: entered allmulticast mode
[   61.204026] pimreg (unregistering): left allmulticast mode
[   61.206702] pimreg (unregistering): left allmulticast mode
[   61.213094] pimreg: entered allmulticast mode
[   61.236940] pimreg: entered allmulticast mode
[   61.242981] pimreg (unregistering): left allmulticast mode
[   61.252815] pimreg: entered allmulticast mode
[   61.270831] pimreg (unregistering): left allmulticast mode
[   61.273754] pimreg (unregistering): left allmulticast mode
[   61.278263] pimreg: entered allmulticast mode
[   61.317878] pimreg: entered allmulticast mode
[   61.323097] pimreg (unregistering): left allmulticast mode
[   61.334055] pimreg: entered allmulticast mode
[   61.358191] pimreg: entered allmulticast mode
[   61.362985] pimreg (unregistering): left allmulticast mode
[   61.366019] pimreg (unregistering): left allmulticast mode
[   61.368786] pimreg (unregistering): left allmulticast mode
[   61.381786] pimreg: entered allmulticast mode
[   61.407043] pimreg (unregistering): left allmulticast mode
[   61.411757] pimreg: entered allmulticast mode
[   61.434142] pimreg: entered allmulticast mode
[   61.447421] pimreg (unregistering): left allmulticast mode
[   61.450765] pimreg (unregistering): left allmulticast mode
[   61.457552] pimreg: entered allmulticast mode
[   61.475096] pimreg: entered allmulticast mode
[   61.487794] pimreg (unregistering): left allmulticast mode
[   61.490666] pimreg (unregistering): left allmulticast mode
[   61.496959] pimreg: entered allmulticast mode
[   61.518572] pimreg (unregistering): left allmulticast mode
[   61.522105] pimreg (unregistering): left allmulticast mode
[   61.526592] pimreg: entered allmulticast mode
[   61.546225] pimreg: entered allmulticast mode
[   61.559406] pimreg (unregistering): left allmulticast mode
[   61.569047] pimreg: entered allmulticast mode
[   61.590281] pimreg: entered allmulticast mode
[   61.591963] pimreg (unregistering): left allmulticast mode
[   61.600898] pimreg: entered allmulticast mode
[   61.614152] pimreg: entered allmulticast mode
[   61.623906] pimreg (unregistering): left allmulticast mode
[   61.626738] pimreg (unregistering): left allmulticast mode
[   61.629807] pimreg (unregistering): left allmulticast mode
[   61.634537] pimreg: entered allmulticast mode
[   61.650168] pimreg: entered allmulticast mode
[   61.671040] pimreg: entered allmulticast mode
[   61.672903] pimreg (unregistering): left allmulticast mode
[   61.675597] pimreg (unregistering): left allmulticast mode
[   61.678310] pimreg (unregistering): left allmulticast mode
[   61.682903] pimreg: entered allmulticast mode
[   61.697989] pimreg: entered allmulticast mode
[   61.733977] pimreg: entered allmulticast mode
[   61.739149] pimreg (unregistering): left allmulticast mode
[   61.742489] pimreg (unregistering): left allmulticast mode
[   61.748761] pimreg: entered allmulticast mode
[   61.768841] pimreg: entered allmulticast mode
[   61.775366] pimreg (unregistering): left allmulticast mode
[   61.778304] pimreg (unregistering): left allmulticast mode
[   61.786382] pimreg: entered allmulticast mode
[   61.817618] pimreg: entered allmulticast mode
[   61.819206] pimreg (unregistering): left allmulticast mode
[   61.821998] pimreg (unregistering): left allmulticast mode
[   61.827967] pimreg: entered allmulticast mode
[   61.842500] pimreg: entered allmulticast mode
[   61.851236] pimreg (unregistering): left allmulticast mode
[   61.854505] pimreg (unregistering): left allmulticast mode
[   61.857047] pimreg (unregistering): left allmulticast mode
[   61.861786] pimreg: entered allmulticast mode
[   61.886512] pimreg: entered allmulticast mode
[   61.888189] pimreg (unregistering): left allmulticast mode
[   61.891180] pimreg (unregistering): left allmulticast mode
[   61.896876] pimreg: entered allmulticast mode
[   61.924855] pimreg: entered allmulticast mode
[   61.931060] pimreg (unregistering): left allmulticast mode
[   61.950201] pimreg: entered allmulticast mode
[   61.974147] pimreg: entered allmulticast mode
[   61.979393] pimreg (unregistering): left allmulticast mode
[   61.982300] pimreg (unregistering): left allmulticast mode
[   61.992604] pimreg: entered allmulticast mode
[   62.013127] pimreg: entered allmulticast mode
[   62.032186] pimreg (unregistering): left allmulticast mode
[   62.035098] pimreg (unregistering): left allmulticast mode
[   62.038006] pimreg (unregistering): left allmulticast mode
[   62.042589] pimreg: entered allmulticast mode
[   62.069596] pimreg: entered allmulticast mode
[   62.083360] pimreg (unregistering): left allmulticast mode
[   62.086176] pimreg (unregistering): left allmulticast mode
[   62.091462] pimreg: entered allmulticast mode
[   62.114029] pimreg: entered allmulticast mode
[   62.126615] pimreg (unregistering): left allmulticast mode
[   62.129626] pimreg (unregistering): left allmulticast mode
[   62.134674] pimreg: entered allmulticast mode
[   62.165264] pimreg: entered allmulticast mode
[   62.171207] pimreg (unregistering): left allmulticast mode
[   62.174320] pimreg (unregistering): left allmulticast mode
[   62.185016] pimreg: entered allmulticast mode
[   62.202977] pimreg: entered allmulticast mode
[   62.211096] pimreg (unregistering): left allmulticast mode
[   62.214039] pimreg (unregistering): left allmulticast mode
[   62.221677] pimreg: entered allmulticast mode
[   62.243265] pimreg (unregistering): left allmulticast mode
[   62.248426] pimreg: entered allmulticast mode
[   62.270556] pimreg: entered allmulticast mode
[   62.283443] pimreg (unregistering): left allmulticast mode
[   62.286611] pimreg (unregistering): left allmulticast mode
[   62.293919] pimreg: entered allmulticast mode
[   62.311329] pimreg: entered allmulticast mode
[   62.323261] pimreg (unregistering): left allmulticast mode
[   62.326143] pimreg (unregistering): left allmulticast mode
[   62.331496] pimreg: entered allmulticast mode
