c[?7l[2J[0mSeaBIOS (version rel-1.16.3-0-ga6ed6b701f0a-prebuilt.qemu.org)


iPXE (http://ipxe.org) 00:03.0 CA00 PCI2.10 PnP PMM+7EFD0D60+7EF30D60 CA00
Press Ctrl-B to configure iPXE (PCI 00:03.0)...                                                                               


Booting from ROM...
c[?7l[2J[    0.000000] Linux version 7.1.0-rc2-next-20260505-next-2026050-b3b6babf4751-r-dirty (root@gnr-800442) (gcc (GCC) 11.5.0 20240719 (Red Hat 11.5.0-14), GNU ld version 2.35.2-66.el9) #1 SMP PREEMPT_DYNAMIC Wed May  6 11:43:41 CST 2026
[    0.000000] Command line: console=ttyS0 root=/dev/sda earlyprintk=serial net.ifnames=0 thunderbolt.dyndbg
[    0.000000] KERNEL supported cpus:
[    0.000000]   Intel GenuineIntel
[    0.000000]   AMD AuthenticAMD
[    0.000000]   Hygon HygonGenuine
[    0.000000]   Centaur CentaurHauls
[    0.000000]   zhaoxin   Shanghai  
[    0.000000] x86/CPU: Model not found in latest microcode list
[    0.000000] x86/split lock detection: #DB: warning on user-space bus_locks
[    0.000000] BIOS-provided physical RAM map:
[    0.000000] BIOS-e820: [mem 0x0000000000000000-0x000000000009fbff]  System RAM
[    0.000000] BIOS-e820: [mem 0x000000000009fc00-0x000000000009ffff]  device reserved
[    0.000000] BIOS-e820: [gap 0x00000000000a0000-0x00000000000effff]
[    0.000000] BIOS-e820: [mem 0x00000000000f0000-0x00000000000fffff]  device reserved
[    0.000000] BIOS-e820: [mem 0x0000000000100000-0x000000007ffdffff]  System RAM
[    0.000000] BIOS-e820: [mem 0x000000007ffe0000-0x000000007fffffff]  device reserved
[    0.000000] BIOS-e820: [gap 0x0000000080000000-0x00000000feffbfff]
[    0.000000] BIOS-e820: [mem 0x00000000feffc000-0x00000000feffffff]  device reserved
[    0.000000] BIOS-e820: [gap 0x00000000ff000000-0x00000000fffbffff]
[    0.000000] BIOS-e820: [mem 0x00000000fffc0000-0x00000000ffffffff]  device reserved
[    0.000000] printk: legacy bootconsole [earlyser0] enabled
[    0.000000] NX (Execute Disable) protection: active
[    0.000000] APIC: Static calls initialized
[    0.000000] DMI: SMBIOS 3.0.0 present.
[    0.000000] DMI: QEMU Standard PC (i440FX + PIIX, 1996), BIOS rel-1.16.3-0-ga6ed6b701f0a-prebuilt.qemu.org 04/01/2014
[    0.000000] DMI: Memory slots populated: 1/1
[    0.000000] Hypervisor detected: KVM
[    0.000000] last_pfn = 0x7ffe0 max_arch_pfn = 0x10000000000
[    0.000000] kvm-clock: Using msrs 4b564d01 and 4b564d00
[    0.000003] kvm-clock: using sched offset of 724991421 cycles
[    0.000544] clocksource: kvm-clock: mask: 0xffffffffffffffff max_cycles: 0x1cd42e4dffb, max_idle_ns: 881590591483 ns
[    0.002213] tsc: Detected 2500.000 MHz processor
[    0.010663] last_pfn = 0x7ffe0 max_arch_pfn = 0x10000000000
[    0.011231] MTRR map: 4 entries (3 fixed + 1 variable; max 19), built from 8 variable MTRRs
[    0.012095] x86/PAT: Configuration [0-7]: WB  WC  UC- UC  WB  WP  UC- WT  
[    0.017646] found SMP MP-table at [mem 0x000f5480-0x000f548f]
[    0.018268] Using GB pages for direct mapping
[    0.020842] ACPI: Early table checksum verification disabled
[    0.021421] ACPI: RSDP 0x00000000000F52A0 000014 (v00 BOCHS )
[    0.022019] ACPI: RSDT 0x000000007FFE1C9B 000034 (v01 BOCHS  BXPC     00000001 BXPC 00000001)
[    0.022892] ACPI: FACP 0x000000007FFE1B47 000074 (v01 BOCHS  BXPC     00000001 BXPC 00000001)
[    0.023780] ACPI: DSDT 0x000000007FFE0040 001B07 (v01 BOCHS  BXPC     00000001 BXPC 00000001)
[    0.024665] ACPI: FACS 0x000000007FFE0000 000040
[    0.025148] ACPI: APIC 0x000000007FFE1BBB 000080 (v03 BOCHS  BXPC     00000001 BXPC 00000001)
[    0.026028] ACPI: HPET 0x000000007FFE1C3B 000038 (v01 BOCHS  BXPC     00000001 BXPC 00000001)
[    0.026930] ACPI: WAET 0x000000007FFE1C73 000028 (v01 BOCHS  BXPC     00000001 BXPC 00000001)
[    0.027813] ACPI: Reserving FACP table memory at [mem 0x7ffe1b47-0x7ffe1bba]
[    0.028539] ACPI: Reserving DSDT table memory at [mem 0x7ffe0040-0x7ffe1b46]
[    0.029280] ACPI: Reserving FACS table memory at [mem 0x7ffe0000-0x7ffe003f]
[    0.030015] ACPI: Reserving APIC table memory at [mem 0x7ffe1bbb-0x7ffe1c3a]
[    0.030747] ACPI: Reserving HPET table memory at [mem 0x7ffe1c3b-0x7ffe1c72]
[    0.031483] ACPI: Reserving WAET table memory at [mem 0x7ffe1c73-0x7ffe1c9a]
[    0.032770] No NUMA configuration found
[    0.033163] Faking a node at [mem 0x0000000000000000-0x000000007ffdffff]
[    0.033875] NODE_DATA(0) allocated [mem 0x7ffb4bc0-0x7ffdfcbf]
[    0.104051] KernelAddressSanitizer initialized (generic)
[    0.104921] ACPI: PM-Timer IO Port: 0x608
[    0.105365] ACPI: LAPIC_NMI (acpi_id[0xff] dfl dfl lint[0x1])
[    0.106025] IOAPIC[0]: apic_id 0, version 17, address 0xfec00000, GSI 0-23
[    0.106745] ACPI: INT_SRC_OVR (bus 0 bus_irq 0 global_irq 2 dfl dfl)
[    0.107398] ACPI: INT_SRC_OVR (bus 0 bus_irq 5 global_irq 5 high level)
[    0.108088] ACPI: INT_SRC_OVR (bus 0 bus_irq 9 global_irq 9 high level)
[    0.108770] ACPI: INT_SRC_OVR (bus 0 bus_irq 10 global_irq 10 high level)
[    0.109464] ACPI: INT_SRC_OVR (bus 0 bus_irq 11 global_irq 11 high level)
[    0.110175] ACPI: Using ACPI (MADT) for SMP configuration information
[    0.110826] ACPI: HPET id: 0x8086a201 base: 0xfed00000
[    0.111363] TSC deadline timer available
[    0.111774] CPU topo: Max. logical packages:   1
[    0.112244] CPU topo: Max. logical nodes:      1
[    0.112718] CPU topo: Num. nodes per package:  1
[    0.113194] CPU topo: Max. logical dies:       1
[    0.113666] CPU topo: Max. dies per package:   1
[    0.114143] CPU topo: Max. threads per core:   1
[    0.114614] CPU topo: Num. cores per package:     2
[    0.115114] CPU topo: Num. threads per package:   2
[    0.115606] CPU topo: Allowing 2 present CPUs plus 0 hotplug CPUs
[    0.116284] kvm-guest: APIC: eoi() replaced with kvm_guest_apic_eoi_write()
[    0.117043] kvm-guest: KVM setup pv remote TLB flush
[    0.117540] kvm-guest: setup PV sched yield
[    0.118011] PM: hibernation: Registered nosave memory: [mem 0x00000000-0x00000fff]
[    0.118770] PM: hibernation: Registered nosave memory: [mem 0x0009f000-0x000fffff]
[    0.119516] [gap 0x80000000-0xfeffbfff] available for PCI devices
[    0.120121] Booting paravirtualized kernel on KVM
[    0.120585] clocksource: refined-jiffies: mask: 0xffffffff max_cycles: 0xffffffff, max_idle_ns: 7645519600211568 ns
[    0.122219] Zone ranges:
[    0.122509]   DMA      [mem 0x0000000000001000-0x0000000000ffffff]
[    0.123136]   DMA32    [mem 0x0000000001000000-0x000000007ffdffff]
[    0.123764]   Normal   empty
[    0.124058]   Device   empty
[    0.124349] Movable zone start for each node
[    0.124800] Early memory node ranges
[    0.125157]   node   0: [mem 0x0000000000001000-0x000000000009efff]
[    0.125791]   node   0: [mem 0x0000000000100000-0x000000007ffdffff]
[    0.126423] Initmem setup node 0 [mem 0x0000000000001000-0x000000007ffdffff]
[    0.127482] On node 0, zone DMA: 1 pages in unavailable ranges
[    0.128341] On node 0, zone DMA: 97 pages in unavailable ranges
[    0.159239] On node 0, zone DMA32: 32 pages in unavailable ranges
[    0.159884] setup_percpu: NR_CPUS:8192 nr_cpumask_bits:2 nr_cpu_ids:2 nr_node_ids:1
[    0.161195] percpu: Embedded 81 pages/cpu s294912 r8192 d28672 u1048576
[    0.162069] kvm-guest: PV spinlocks enabled
[    0.162496] PV qspinlock hash table entries: 256 (order: 0, 4096 bytes, linear)
[    0.163237] Kernel command line: net.ifnames=0 console=ttyS0 root=/dev/sda earlyprintk=serial net.ifnames=0 thunderbolt.dyndbg
[    0.164683] random: crng init done
[    0.165030] printk: log buffer data + meta data: 262144 + 1114112 = 1376256 bytes
[    0.166276] Dentry cache hash table entries: 262144 (order: 9, 2097152 bytes, linear)
[    0.167558] Inode-cache hash table entries: 131072 (order: 8, 1048576 bytes, linear)
[    0.168688] Fallback order for Node 0: 0 
[    0.168702] Built 1 zonelists, mobility grouping on.  Total pages: 524158
[    0.169804] Policy zone: DMA32
[    0.170116] mem auto-init: stack:off, heap alloc:off, heap free:off
[    0.170757] stackdepot: allocating hash table via alloc_large_system_hash
[    0.171441] stackdepot hash table entries: 1048576 (order: 12, 16777216 bytes, linear)
[    0.176288] stackdepot: allocating space for 8192 stack pools via memblock
[    0.223630] SLUB: HWalign=64, Order=0-3, MinObjects=0, CPUs=2, Nodes=1
[    0.224249] kmemleak: Kernel memory leak detector disabled
[    0.263900] ftrace: allocating 76409 entries in 300 pages
[    0.264419] ftrace: allocated 300 pages with 4 groups
[    0.267895] Dynamic Preempt: lazy
[    0.268849] Running RCU self tests
[    0.269180] Running RCU synchronous self tests
[    0.269610] rcu: Preemptible hierarchical RCU implementation.
[    0.270163] rcu: 	RCU lockdep checking is enabled.
[    0.270630] rcu: 	RCU restricting CPUs from NR_CPUS=8192 to nr_cpu_ids=2.
[    0.271285] 	Trampoline variant of Tasks RCU enabled.
[    0.271775] 	Rude variant of Tasks RCU enabled.
[    0.272211] 	Tracing variant of Tasks RCU enabled.
[    0.272674] rcu: RCU calculated value of scheduler-enlistment delay is 25 jiffies.
[    0.273394] rcu: Adjusting geometry for rcu_fanout_leaf=16, nr_cpu_ids=2
[    0.274130] Running RCU synchronous self tests
[    0.274561] RCU Tasks: Setting shift to 1 and lim to 1 rcu_task_cb_adjust=1 rcu_task_cpu_ids=2.
[    0.275402] RCU Tasks Rude: Setting shift to 1 and lim to 1 rcu_task_cb_adjust=1 rcu_task_cpu_ids=2.
[    0.352936] NR_IRQS: 524544, nr_irqs: 440, preallocated irqs: 16
[    0.354209] rcu: srcu_init: Setting srcu_struct sizes based on contention.
[    0.363282] Console: colour VGA+ 80x25
[    0.363714] printk: legacy console [ttyS0] enabled
[    0.363714] printk: legacy console [ttyS0] enabled
[    0.364688] printk: legacy bootconsole [earlyser0] disabled
[    0.364688] printk: legacy bootconsole [earlyser0] disabled
[    0.365817] Lock dependency validator: Copyright (c) 2006 Red Hat, Inc., Ingo Molnar
[    0.366567] ... MAX_LOCKDEP_SUBCLASSES:  8
[    0.366994] ... MAX_LOCK_DEPTH:          48
[    0.367415] ... MAX_LOCKDEP_KEYS:        8192
[    0.367868] ... CLASSHASH_SIZE:          4096
[    0.368306] ... MAX_LOCKDEP_ENTRIES:     32768
[    0.368767] ... MAX_LOCKDEP_CHAINS:      65536
[    0.369217] ... CHAINHASH_SIZE:          32768
[    0.369671]  memory used by lock dependency info: 6429 kB
[    0.370215]  memory used for stack traces: 16896 kB
[    0.370715]  per task-struct memory footprint: 1920 bytes
[    0.371374] ACPI: Core revision 20251212
[    0.372301] clocksource: hpet: mask: 0xffffffff max_cycles: 0xffffffff, max_idle_ns: 19112604467 ns
[    0.373426] APIC: Switch to symmetric I/O mode setup
[    0.374266] x2apic enabled
[    0.374959] APIC: Switched APIC routing to: physical x2apic
[    0.375516] kvm-guest: APIC: send_IPI_mask() replaced with kvm_send_ipi_mask()
[    0.376250] kvm-guest: APIC: send_IPI_mask_allbutself() replaced with kvm_send_ipi_mask_allbutself()
[    0.377155] kvm-guest: setup PV IPIs
[    0.378843] ..TIMER: vector=0x30 apic1=0 pin1=2 apic2=-1 pin2=-1
[    0.379488] clocksource: tsc-early: mask: 0xffffffffffffffff max_cycles: 0x240939f1bb2, max_idle_ns: 440795263295 ns
[    0.380574] Calibrating delay loop (skipped) preset value.. 5000.00 BogoMIPS (lpj=10000000)
[    0.384744] x86/cpu: User Mode Instruction Prevention (UMIP) activated
[    0.385524] Last level iTLB entries: 4KB 0, 2MB 0, 4MB 0
[    0.386078] Last level dTLB entries: 4KB 0, 2MB 0, 4MB 0, 1GB 0
[    0.386705] mitigations: Enabled attack vectors: user_kernel, user_user, guest_host, guest_guest, SMT mitigations: auto
[    0.387815] Speculative Store Bypass: Mitigation: Speculative Store Bypass disabled via prctl
[    0.388572] Spectre V2 : Mitigation: Enhanced / Automatic IBRS
[    0.389163] ITS: Mitigation: Aligned branch/return thunks
[    0.389707] Spectre V1 : Mitigation: usercopy/swapgs barriers and __user pointer sanitization
[    0.390516] Spectre V2 : WARNING: Unprivileged eBPF is enabled with eIBRS on, data leaks possible via Spectre v2 BHB attacks!
[    0.391604] Spectre V2 : Spectre v2 / PBRSB-eIBRS: Retire a single CALL on VMEXIT
[    0.392578] Spectre V2 : mitigation: Enabling conditional Indirect Branch Prediction Barrier
[    0.393406] active return thunk: its_return_thunk
[    0.393892] Spectre V2 : Spectre BHI mitigation: SW BHB clearing on syscall and VM exit
[    0.394729] x86/fpu: Supporting XSAVE feature 0x001: 'x87 floating point registers'
[    0.395468] x86/fpu: Supporting XSAVE feature 0x002: 'SSE registers'
[    0.396090] x86/fpu: Supporting XSAVE feature 0x004: 'AVX registers'
[    0.396570] x86/fpu: Supporting XSAVE feature 0x020: 'AVX-512 opmask'
[    0.397212] x86/fpu: Supporting XSAVE feature 0x040: 'AVX-512 Hi256'
[    0.397850] x86/fpu: Supporting XSAVE feature 0x080: 'AVX-512 ZMM_Hi256'
[    0.398511] x86/fpu: Supporting XSAVE feature 0x200: 'Protection Keys User registers'
[    0.399275] x86/fpu: Supporting XSAVE feature 0x20000: 'AMX Tile config'
[    0.399936] x86/fpu: Supporting XSAVE feature 0x40000: 'AMX Tile data'
[    0.400563] x86/fpu: xstate_offset[2]:  576, xstate_sizes[2]:  256
[    0.401179] x86/fpu: xstate_offset[5]:  832, xstate_sizes[5]:   64
[    0.401787] x86/fpu: xstate_offset[6]:  896, xstate_sizes[6]:  512
[    0.402394] x86/fpu: xstate_offset[7]: 1408, xstate_sizes[7]: 1024
[    0.403001] x86/fpu: xstate_offset[9]: 2432, xstate_sizes[9]:    8
[    0.403608] x86/fpu: xstate_offset[17]: 2496, xstate_sizes[17]:   64
[    0.404562] x86/fpu: xstate_offset[18]: 2560, xstate_sizes[18]: 8192
[    0.405175] x86/fpu: Enabled xstate features 0x602e7, context size is 10752 bytes, using 'compacted' format.
[    0.575453] pid_max: default: 32768 minimum: 301
[    0.576414] Yama: becoming mindful.
[    0.577071] Mount-cache hash table entries: 4096 (order: 3, 32768 bytes, linear)
[    0.577829] Mountpoint-cache hash table entries: 4096 (order: 3, 32768 bytes, linear)
[    0.579314] VFS: Finished mounting rootfs on nullfs
[    0.581388] Running RCU synchronous self tests
[    0.581847] Running RCU synchronous self tests
[    0.582682] smpboot: CPU0: Intel GENUINE INTEL(R) XEON(R) (family: 0x6, model: 0xad, stepping: 0x0)
[    0.584464] Performance Events: PEBS fmt0-, Granite Rapids events, 
[    0.584555] core: The event 0x400 is not supported as a normal event.
[    0.584558] core: The event 0x8000 is not supported as a normal event.
[    0.584558] core: The event 0x8100 is not supported as a normal event.
[    0.584577] core: The event 0x8200 is not supported as a normal event.
[    0.585218] core: The event 0x8300 is not supported as a normal event.
[    0.585854] core: The event 0x8400 is not supported as a normal event.
[    0.586508] core: The event 0x8500 is not supported as a normal event.
[    0.587156] core: The event 0x8600 is not supported as a normal event.
[    0.587801] core: The event 0x8700 is not supported as a normal event.
[    0.588477] full-width counters, Intel PMU driver.
[    0.588574] ... version:                   2
[    0.589004] ... bit width:                 48
[    0.589436] ... generic counters:          8
[    0.589878] ... generic bitmap:            00000000000000ff
[    0.590425] ... fixed-purpose counters:    3
[    0.590863] ... fixed-purpose bitmap:      0000000000000007
[    0.591412] ... value mask:                0000ffffffffffff
[    0.591950] ... max period:                00007fffffffffff
[    0.592495] ... global_ctrl mask:          00000007000000ff
[    0.593096] signal: max sigframe size: 11952
[    0.593694] rcu: Hierarchical SRCU implementation.
[    0.594187] rcu: 	Max phase no-delay instances is 1000.
[    0.594916] Timer migration: 1 hierarchy levels; 8 children per group; 1 crossnode level
[    0.618613] smp: Bringing up secondary CPUs ...
[    0.619665] smpboot: x86: Booting SMP configuration:
[    0.620171] .... node  #0, CPUs:      #1
[    0.620886] smp: Brought up 1 node, 2 CPUs
[    0.621571] smpboot: Total of 2 processors activated (10000.00 BogoMIPS)
[    0.622497] Memory: 1572568K/2096632K available (82058K kernel code, 15902K rwdata, 19588K rodata, 16724K init, 34544K bss, 511688K reserved, 0K cma-reserved)
[    0.625556] devtmpfs: initialized
[    0.625720] x86/mm: Memory block size: 128MB
[    0.638314] Running RCU synchronous self tests
[    0.638314] Running RCU synchronous self tests
[    0.640676] Running RCU Tasks wait API self tests
[    0.641117] Running RCU Tasks Rude wait API self tests
[    0.641117] Running RCU Tasks Trace wait API self tests
[    0.641693] clocksource: jiffies: mask: 0xffffffff max_cycles: 0xffffffff, max_idle_ns: 7645041785100000 ns
[    0.644639] posixtimers hash table entries: 1024 (order: 5, 73728 bytes, linear)
[    0.645427] futex hash table entries: 512 (65536 bytes on 1 NUMA nodes, total 64 KiB, linear).
[    0.648401] 
[    0.648601] *************************************************************
[    0.649299] **     NOTICE NOTICE NOTICE NOTICE NOTICE NOTICE NOTICE    **
[    0.649997] **                                                         **
[    0.650670] **  IOMMU DebugFS SUPPORT HAS BEEN ENABLED IN THIS KERNEL  **
[    0.651350] **                                                         **
[    0.652025] ** This means that this kernel is built to expose internal **
[    0.652564] ** IOMMU data structures, which may compromise security on **
[    0.653228] ** your system.                                            **
[    0.653907] **                                                         **
[    0.654582] ** If you see this message and you are not debugging the   **
[    0.655257] ** kernel, report this immediately to your vendor!         **
[    0.655927] **                                                         **
[    0.656587] **     NOTICE NOTICE NOTICE NOTICE NOTICE NOTICE NOTICE    **
[    0.657278] *************************************************************
[    0.658035] PM: RTC time: 03:45:03, date: 2026-05-06
[    0.661364] NET: Registered PF_NETLINK/PF_ROUTE protocol family
[    0.663785] DMA: preallocated 256 KiB GFP_KERNEL|GFP_DMA pool for atomic allocations
[    0.664615] DMA: preallocated 256 KiB GFP_KERNEL|GFP_DMA32 pool for atomic allocations
[    0.665515] audit: initializing netlink subsys (disabled)
[    0.666119] audit: type=2000 audit(1778039104.343:1): state=initialized audit_enabled=0 res=1
[    0.666119] thermal_sys: Registered thermal governor 'fair_share'
[    0.666119] thermal_sys: Registered thermal governor 'bang_bang'
[    0.666119] thermal_sys: Registered thermal governor 'step_wise'
[    0.666151] thermal_sys: Registered thermal governor 'user_space'
[    0.668590] cpuidle: using governor ladder
[    0.669716] cpuidle: using governor menu
[    0.672634] Callback from call_rcu_tasks_trace() invoked.
[    0.673279] Freeing SMP alternatives memory: 64K
[    0.674123] acpiphp: ACPI Hot Plug PCI Controller Driver version: 0.5
[    0.676684] PCI: Using configuration type 1 for base access
[    0.677498] virt/tdx: TDX not supported by the host platform
[    0.678256] kprobes: kprobe jump-optimization is enabled. All kprobes are optimized if possible.
[    0.688706] HugeTLB: registered 1.00 GiB page size, pre-allocated 0 pages
[    0.689383] HugeTLB: 16380 KiB vmemmap can be freed for a 1.00 GiB page
[    0.690059] HugeTLB: registered 2.00 MiB page size, pre-allocated 0 pages
[    0.690754] HugeTLB: 28 KiB vmemmap can be freed for a 2.00 MiB page
[    0.743335] ACPI: Added _OSI(Module Device)
[    0.743748] ACPI: Added _OSI(Processor Device)
[    0.744201] ACPI: Added _OSI(Processor Aggregator Device)
[    0.786670] ACPI: 1 ACPI AML tables successfully acquired and loaded
[    0.816789] ACPI: \_SB_: platform _OSC: OS support mask [002e7eff]
[    0.823464] ACPI: Interpreter enabled
[    0.823983] ACPI: PM: (supports S0 S3 S4 S5)
[    0.824405] ACPI: Using IOAPIC for interrupt routing
[    0.824681] PCI: Using host bridge windows from ACPI; if necessary, use "pci=nocrs" and report a bug
[    0.825573] PCI: Using E820 reservations for host bridge windows
[    0.827558] ACPI: Enabled 2 GPEs in block 00 to 0F
[    0.873724] ACPI: PCI Root Bridge [PCI0] (domain 0000 [bus 00-ff])
[    0.874362] acpi PNP0A03:00: _OSC: OS supports [ASPM ClockPM Segments MSI EDR HPX-Type3]
[    0.875159] acpi PNP0A03:00: _OSC: not requesting OS control; OS requires [ExtendedConfig ASPM ClockPM MSI]
[    0.876159] acpi PNP0A03:00: _OSC: platform retains control of PCIe features (AE_ERROR)
[    0.876677] acpi PNP0A03:00: fail to add MMCONFIG information, can't access extended configuration space under this bridge
[    0.883209] acpiphp: Slot [3] registered
[    0.883700] acpiphp: Slot [4] registered
[    0.884207] acpiphp: Slot [5] registered
[    0.884752] acpiphp: Slot [6] registered
[    0.885300] acpiphp: Slot [7] registered
[    0.885850] acpiphp: Slot [8] registered
[    0.886412] acpiphp: Slot [9] registered
[    0.886961] acpiphp: Slot [10] registered
[    0.887537] acpiphp: Slot [11] registered
[    0.888100] acpiphp: Slot [12] registered
[    0.888682] acpiphp: Slot [13] registered
[    0.889248] acpiphp: Slot [14] registered
[    0.889811] acpiphp: Slot [15] registered
[    0.890381] acpiphp: Slot [16] registered
[    0.890951] acpiphp: Slot [17] registered
[    0.891523] acpiphp: Slot [18] registered
[    0.892082] acpiphp: Slot [19] registered
[    0.892655] acpiphp: Slot [20] registered
[    0.893224] acpiphp: Slot [21] registered
[    0.893781] acpiphp: Slot [22] registered
[    0.894342] acpiphp: Slot [23] registered
[    0.894889] acpiphp: Slot [24] registered
[    0.895452] acpiphp: Slot [25] registered
[    0.896013] acpiphp: Slot [26] registered
[    0.896588] acpiphp: Slot [27] registered
[    0.897136] acpiphp: Slot [28] registered
[    0.897695] acpiphp: Slot [29] registered
[    0.898253] acpiphp: Slot [30] registered
[    0.898797] acpiphp: Slot [31] registered
[    0.899278] PCI host bridge to bus 0000:00
[    0.899754] pci_bus 0000:00: root bus resource [io  0x0000-0x0cf7 window]
[    0.900447] pci_bus 0000:00: root bus resource [io  0x0d00-0xffff window]
[    0.900567] pci_bus 0000:00: root bus resource [mem 0x000a0000-0x000bffff window]
[    0.901308] pci_bus 0000:00: root bus resource [mem 0x80000000-0xfebfffff window]
[    0.902047] pci_bus 0000:00: root bus resource [mem 0x100000000-0x17fffffff window]
[    0.902816] pci_bus 0000:00: root bus resource [bus 00-ff]
[    0.903465] pci 0000:00:00.0: [8086:1237] type 00 class 0x060000 conventional PCI endpoint
[    0.906022] pci 0000:00:01.0: [8086:7000] type 00 class 0x060100 conventional PCI endpoint
[    0.908299] pci 0000:00:01.1: [8086:7010] type 00 class 0x010180 conventional PCI endpoint
[    0.909172] pci 0000:00:01.1: BAR 4 [io  0xc040-0xc04f]
[    0.909726] pci 0000:00:01.1: BAR 0 [io  0x01f0-0x01f7]: legacy IDE quirk
[    0.910394] pci 0000:00:01.1: BAR 1 [io  0x03f6]: legacy IDE quirk
[    0.911003] pci 0000:00:01.1: BAR 2 [io  0x0170-0x0177]: legacy IDE quirk
[    0.911683] pci 0000:00:01.1: BAR 3 [io  0x0376]: legacy IDE quirk
[    0.913589] pci 0000:00:01.3: [8086:7113] type 00 class 0x068000 conventional PCI endpoint
[    0.914697] pci 0000:00:01.3: quirk: [io  0x0600-0x063f] claimed by PIIX4 ACPI
[    0.915424] pci 0000:00:01.3: quirk: [io  0x0700-0x070f] claimed by PIIX4 SMB
[    0.917351] pci 0000:00:02.0: [1234:1111] type 00 class 0x030000 conventional PCI endpoint
[    0.924422] pci 0000:00:02.0: BAR 0 [mem 0xfd000000-0xfdffffff pref]
[    0.924589] pci 0000:00:02.0: BAR 2 [mem 0xfebf0000-0xfebf0fff]
[    0.925248] pci 0000:00:02.0: ROM [mem 0xfebe0000-0xfebeffff pref]
[    0.926009] pci 0000:00:02.0: Video device with shadowed ROM at [mem 0x000c0000-0x000dffff]
[    0.928187] pci 0000:00:03.0: [8086:100e] type 00 class 0x020000 conventional PCI endpoint
[    0.933082] pci 0000:00:03.0: BAR 0 [mem 0xfebc0000-0xfebdffff]
[    0.933670] pci 0000:00:03.0: BAR 1 [io  0xc000-0xc03f]
[    0.934255] pci 0000:00:03.0: ROM [mem 0xfeb80000-0xfebbffff pref]
[    0.960817] ACPI: PCI: Interrupt link LNKA configured for IRQ 10
[    0.962520] ACPI: PCI: Interrupt link LNKB configured for IRQ 10
[    0.964145] ACPI: PCI: Interrupt link LNKC configured for IRQ 11
[    0.965584] ACPI: PCI: Interrupt link LNKD configured for IRQ 11
[    0.966627] ACPI: PCI: Interrupt link LNKS configured for IRQ 9
[    0.971410] iommu: Default domain type: Translated
[    0.971967] iommu: DMA domain TLB invalidation policy: lazy mode
[    0.983296] SCSI subsystem initialized
[    0.984262] ACPI: bus type USB registered
[    0.984805] usbcore: registered new interface driver usbfs
[    0.985484] usbcore: registered new interface driver hub
[    0.986087] usbcore: registered new device driver usb
[    0.986971] pps_core: LinuxPPS API ver. 1 registered
[    0.987489] pps_core: Software ver. 5.3.6 - Copyright 2005-2007 Rodolfo Giometti <giometti@linux.it>
[    0.988451] PTP clock support registered
[    0.988896] EDAC MC: Ver: 3.0.0
[    0.995658] NetLabel: Initializing
[    0.996045] NetLabel:  domain hash size = 128
[    0.996500] NetLabel:  protocols = UNLABELED CIPSOv4 CALIPSO
[    0.996725] NetLabel:  unlabeled traffic allowed by default
[    0.997598] PCI: Using ACPI for IRQ routing
[    0.997598] e820: register RAM buffer resource [mem 0x0009fc00-0x0009ffff]
[    1.000627] e820: register RAM buffer resource [mem 0x7ffe0000-0x7fffffff]
[    1.001756] pci 0000:00:02.0: vgaarb: setting as boot VGA device
[    1.002387] pci 0000:00:02.0: vgaarb: bridge control possible
[    1.002967] pci 0000:00:02.0: vgaarb: VGA device added: decodes=io+mem,owns=io+mem,locks=none
[    1.003805] vgaarb: loaded
[    1.004614] hpet0: at MMIO 0xfed00000, IRQs 2, 8, 0
[    1.005136] hpet0: 3 comparators, 64-bit 100.000000 MHz counter
[    1.008434] clocksource: Switched to clocksource kvm-clock
[    1.008558] VFS: Disk quotas dquot_6.6.0
[    1.008558] VFS: Dquot-cache hash table entries: 512 (order 0, 4096 bytes)
[    1.012812] pnp: PnP ACPI init
[    1.017383] pnp: PnP ACPI: found 5 devices
[    1.039223] clocksource: acpi_pm: mask: 0xffffff max_cycles: 0xffffff, max_idle_ns: 2085701024 ns
[    1.040678] NET: Registered PF_INET protocol family
[    1.041350] IP idents hash table entries: 32768 (order: 6, 262144 bytes, linear)
[    1.043775] tcp_listen_portaddr_hash hash table entries: 1024 (order: 5, 73728 bytes, linear)
[    1.044689] Table-perturb hash table entries: 65536 (order: 6, 262144 bytes, linear)
[    1.045577] TCP established hash table entries: 16384 (order: 5, 131072 bytes, linear)
[    1.046775] TCP bind hash table entries: 16384 (order: 10, 2359296 bytes, linear)
[    1.048903] TCP: Hash tables configured (established 16384 bind 16384)
[    1.049780] UDP hash table entries: 1024 (order: 6, 262144 bytes, linear)
[    1.050893] NET: Registered PF_UNIX/PF_LOCAL protocol family
[    1.054249] RPC: Registered named UNIX socket transport module.
[    1.054902] RPC: Registered udp transport module.
[    1.055443] RPC: Registered tcp transport module.
[    1.055930] RPC: Registered tcp-with-tls transport module.
[    1.056474] RPC: Registered tcp NFSv4.1 backchannel transport module.
[    1.057155] pci_bus 0000:00: resource 4 [io  0x0000-0x0cf7 window]
[    1.057786] pci_bus 0000:00: resource 5 [io  0x0d00-0xffff window]
[    1.058419] pci_bus 0000:00: resource 6 [mem 0x000a0000-0x000bffff window]
[    1.059111] pci_bus 0000:00: resource 7 [mem 0x80000000-0xfebfffff window]
[    1.059795] pci_bus 0000:00: resource 8 [mem 0x100000000-0x17fffffff window]
[    1.060892] pci 0000:00:01.0: PIIX3: Enabling Passive Release
[    1.061495] pci 0000:00:00.0: Limiting direct PCI/PCI transfers
[    1.062186] PCI: CLS 0 bytes, default 64
[    1.062689] ACPI: bus type thunderbolt registered
[    1.064008] clocksource: tsc: mask: 0xffffffffffffffff max_cycles: 0x240939f1bb2, max_idle_ns: 440795263295 ns
[    1.076891] Initialise system trusted keyrings
[    1.077475] Key type blacklist registered
[    1.078263] workingset: timestamp_bits=36 (anon: 32) max_order=19 bucket_order=0 (anon: 0)
[    1.081549] squashfs: version 4.0 (2009/01/31) Phillip Lougher
[    1.085466] NFS: Registering the id_resolver key type
[    1.086085] Key type id_resolver registered
[    1.086518] Key type id_legacy registered
[    1.087001] nfs4filelayout_init: NFSv4 File Layout Driver Registering...
[    1.087721] nfs4flexfilelayout_init: NFSv4 Flexfile Layout Driver Registering...
[    1.088823] fuse: init (API version 7.45)
[    1.089993] SGI XFS with ACLs, security attributes, realtime, quota, no debug enabled
[    1.093732] 9p: Installing v9fs 9p2000 file system support
[    1.107843] Key type asymmetric registered
[    1.108236] Asymmetric key parser 'x509' registered
[    1.108868] Block layer SCSI generic (bsg) driver version 0.4 loaded (major 241)
[    1.111170] io scheduler mq-deadline registered
[    1.111756] io scheduler bfq registered
[    1.113673] ledtrig-cpu: registered to indicate activity on CPUs
[    1.116342] IPMI message handler: version 39.2
[    1.116850] ipmi device interface
[    1.119401] input: Power Button as /devices/platform/LNXPWRBN:00/input/input0
[    1.120485] ACPI: button: Power Button [PWRF]
[    1.124291] ERST DBG: ERST support is disabled.
[    1.126468] Serial: 8250/16550 driver, 32 ports, IRQ sharing enabled
[    1.128885] 00:04: ttyS0 at I/O 0x3f8 (irq = 4, base_baud = 115200) is a 16550A
[    1.166711] ACPI: bus type drm_connector registered
[    1.193855] brd: module loaded
[    1.211594] loop: module loaded
[    1.227529] scsi host0: ata_piix
[    1.229887] scsi host1: ata_piix
[    1.230726] ata1: PATA max MWDMA2 cmd 0x1f0 ctl 0x3f6 bmdma 0xc040 irq 14 lpm-pol 0
[    1.231458] ata2: PATA max MWDMA2 cmd 0x170 ctl 0x376 bmdma 0xc048 irq 15 lpm-pol 0
[    1.235389] tun: Universal TUN/TAP device driver, 1.6
[    1.236383] e100: Intel(R) PRO/100 Network Driver
[    1.236841] e100: Copyright(c) 1999-2006 Intel Corporation
[    1.237513] e1000: Intel(R) PRO/1000 Network Driver
[    1.238013] e1000: Copyright (c) 1999-2006 Intel Corporation.
[    1.387137] ata1: found unknown device (class 0)
[    1.388139] ata1.00: Model 'QEMU HARDDISK', rev '2.5+', applying quirks: bridgeok
[    1.388883] ata1.00: ATA-7: QEMU HARDDISK, 2.5+, max UDMA/100
[    1.389429] ata1.00: 17196647 sectors, multi 16: LBA48 
[    1.391088] ata2: found unknown device (class 0)
[    1.392000] ata2.00: ATAPI: QEMU DVD-ROM, 2.5+, max UDMA/100
[    1.392590] scsi 0:0:0:0: Direct-Access     ATA      QEMU HARDDISK    2.5+ PQ: 0 ANSI: 5
[    1.396703] sd 0:0:0:0: [sda] 17196647 512-byte logical blocks: (8.80 GB/8.20 GiB)
[    1.397540] sd 0:0:0:0: Attached scsi generic sg0 type 0
[    1.399153] sd 0:0:0:0: [sda] Write Protect is off
[    1.399686] scsi 1:0:0:0: CD-ROM            QEMU     QEMU DVD-ROM     2.5+ PQ: 0 ANSI: 5
[    1.400678] sd 0:0:0:0: [sda] Write cache: enabled, read cache: enabled, doesn't support DPO or FUA
[    1.403243] sd 0:0:0:0: [sda] Preferred minimum I/O size 512 bytes
[    1.444465] scsi 1:0:0:0: Attached scsi generic sg1 type 5
[    1.451177] sd 0:0:0:0: [sda] Attached SCSI disk
[    2.150160] ACPI: \_SB_.LNKC: Enabled at IRQ 11
[    2.477438] e1000 0000:00:03.0 eth0: (PCI:33MHz:32-bit) 52:54:00:12:34:56
[    2.478280] e1000 0000:00:03.0 eth0: Intel(R) PRO/1000 Network Connection
[    2.479196] e1000e: Intel(R) PRO/1000 Network Driver
[    2.479690] e1000e: Copyright(c) 1999 - 2015 Intel Corporation.
[    2.480461] igb: Intel(R) Gigabit Ethernet Network Driver
[    2.480996] igb: Copyright (c) 2007-2014 Intel Corporation.
[    2.481968] PPP generic driver version 2.4.2
[    2.484213] VFIO - User Level meta-driver version: 0.3
[    2.487438] usbcore: registered new interface driver uas
[    2.488179] usbcore: registered new interface driver usb-storage
[    2.489102] i8042: PNP: PS/2 Controller [PNP0303:KBD,PNP0f13:MOU] at 0x60,0x64 irq 1,12
[    2.491165] serio: i8042 KBD port at 0x60,0x64 irq 1
[    2.491844] serio: i8042 AUX port at 0x60,0x64 irq 12
[    2.493911] mousedev: PS/2 mouse device common for all mice
[    2.496480] input: AT Translated Set 2 keyboard as /devices/platform/i8042/serio0/input/input1
[    2.498564] rtc_cmos PNP0B00:00: RTC can wake from S4
[    2.501746] rtc_cmos PNP0B00:00: registered as rtc0
[    2.502403] rtc_cmos PNP0B00:00: setting system clock to 2026-05-06T03:45:05 UTC (1778039105)
[    2.503965] rtc_cmos PNP0B00:00: alarms up to one day, y3k, 242 bytes nvram, hpet irqs
[    2.505462] input: VirtualPS/2 VMware VMMouse as /devices/platform/i8042/serio1/input/input4
[    2.507348] i2c_dev: i2c /dev entries driver
[    2.507967] device-mapper: core: CONFIG_IMA_DISABLE_HTABLE is disabled. Duplicate IMA measurements will not be recorded in the IMA log.
[    2.509314] device-mapper: uevent: version 1.0.3
[    2.510380] device-mapper: ioctl: 4.50.0-ioctl (2025-04-28) initialised: dm-devel@lists.linux.dev
[    2.511335] intel_pstate: CPU model not supported
[    2.513772] input: VirtualPS/2 VMware VMMouse as /devices/platform/i8042/serio1/input/input3
[    2.515837] drop_monitor: Initializing network drop monitor service
[    2.517248] NET: Registered PF_INET6 protocol family
[    2.519520] Segment Routing with IPv6
[    2.520038] In-situ OAM (IOAM) with IPv6
[    2.520509] NET: Registered PF_PACKET protocol family
[    2.521268] 9pnet: Installing 9P2000 support
[    2.521891] Key type dns_resolver registered
[    2.526094] IPI shorthand broadcast: enabled
[    2.598748] sched_clock: Marking stable (2580004860, 17624117)->(2622288858, -24659881)
[    2.602619] registered taskstats version 1
[    2.604777] Loading compiled-in X.509 certificates
[    2.694847] Demotion targets for Node 0: null
[    2.697159] Key type .fscrypt registered
[    2.697571] Key type fscrypt-provisioning registered
[    2.700726] Key type encrypted registered
[    2.701201] ima: No TPM chip found, activating TPM-bypass!
[    2.701766] ima: Allocated hash algorithm: sha1
[    2.702329] ima: No architecture policies found
[    2.703004] evm: Initialising EVM extended attributes:
[    2.703461] evm: security.selinux
[    2.703764] evm: security.SMACK64
[    2.704076] evm: security.SMACK64EXEC
[    2.704454] evm: security.SMACK64TRANSMUTE
[    2.704881] evm: security.SMACK64MMAP
[    2.705251] evm: security.apparmor
[    2.705593] evm: security.ima
[    2.705919] evm: security.capability
[    2.706278] evm: HMAC attrs: 0x1
[    2.709091] PM:   Magic number: 10:993:764
[    2.709648] event_source breakpoint: hash matches
[    2.711496] RAS: Correctable Errors collector initialized.
[    3.893837] clocksource: Watchdog remote CPU 1 read timed out
[    4.111465] clk: Disabling unused clocks
[    4.111979] PM: genpd: Disabling unused power domains
[    4.113251] md: Waiting for all devices to be available before autodetect
[    4.113869] md: If you don't use raid, use raid=noautodetect
[    4.114244] md: Autodetecting RAID arrays.
[    4.114538] md: autorun ...
[    4.114727] md: ... autorun DONE.
[    4.127176] EXT4-fs (sda): INFO: recovery required on readonly filesystem
[    4.127674] EXT4-fs (sda): write access will be enabled during recovery
[    4.180414] EXT4-fs (sda): recovery complete
[    4.183832] EXT4-fs (sda): mounted filesystem 088740a9-c8b4-422c-999d-a804eb68a4da ro with ordered data mode. Quota mode: none.
[    4.184649] VFS: Mounted root (ext4 filesystem) readonly on device 8:0.
[    4.187848] devtmpfs: mounted
[    4.188441] VFS: Pivoted into new rootfs
[    4.189922] Callback from call_rcu_tasks() invoked.
[    4.209034] Freeing unused decrypted memory: 2036K
[    4.215499] Freeing unused kernel image (initmem) memory: 16724K
[    4.216039] Write protecting the kernel read-only data: 104448k
[    4.220640] Freeing unused kernel image (text/rodata gap) memory: 1908K
[    4.222194] Freeing unused kernel image (rodata/data gap) memory: 892K
[    5.310411] x86/mm: Checked W+X mappings: passed, no W+X pages found.
[    5.311693] Run /sbin/init as init process
[    5.552244] systemd[1]: systemd 252-15.el9 running in system mode (+PAM +AUDIT +SELINUX -APPARMOR +IMA +SMACK +SECCOMP +GCRYPT +GNUTLS +OPENSSL +ACL +BLKID +CURL +ELFUTILS -FIDO2 +IDN2 -IDN -IPTC +KMOD +LIBCRYPTSETUP +LIBFDISK +PCRE2 -PWQUALITY +P11KIT -QRENCODE +TPM2 +BZIP2 +LZ4 +XZ +ZLIB +ZSTD -BPF_FRAMEWORK +XKBCOMMON +UTMP +SYSVINIT default-hierarchy=unified)
[    5.554437] systemd[1]: Detected virtualization kvm.
[    5.554795] systemd[1]: Detected architecture x86-64.

Welcome to [0;31mCentOS Stream 9[0m!

[    5.562354] systemd[1]: Hostname set to <test>.
[    5.821414] systemd-rc-local-generator[123]: /etc/rc.d/rc.local is not marked executable, skipping.
[    6.163098] systemd[1]: Queued start job for default target Multi-User System.
[    6.180764] systemd[1]: Created slice Virtual Machine and Container Slice.
[[0;32m  OK  [0m] Created slice [0;1;39mVirtual Machine and Container Slice[0m.
[    6.186484] systemd[1]: Created slice Slice /system/getty.
[[0;32m  OK  [0m] Created slice [0;1;39mSlice /system/getty[0m.
[    6.189989] systemd[1]: Created slice Slice /system/modprobe.
[[0;32m  OK  [0m] Created slice [0;1;39mSlice /system/modprobe[0m.
[    6.193450] systemd[1]: Created slice Slice /system/serial-getty.
[[0;32m  OK  [0m] Created slice [0;1;39mSlice /system/serial-getty[0m.
[    6.196945] systemd[1]: Created slice Slice /system/sshd-keygen.
[[0;32m  OK  [0m] Created slice [0;1;39mSlice /system/sshd-keygen[0m.
[    6.200628] systemd[1]: Created slice User and Session Slice.
[[0;32m  OK  [0m] Created slice [0;1;39mUser and Session Slice[0m.
[    6.202263] systemd[1]: Started Forward Password Requests to Wall Directory Watch.
[[0;32m  OK  [0m] Started [0;1;39mForward Password R…uests to Wall Directory Watch[0m.
[    6.204696] systemd[1]: Set up automount Arbitrary Executable File Formats File System Automount Point.
[[0;32m  OK  [0m] Set up automount [0;1;39mArbitrary…s File System Automount Point[0m.
[    6.206488] systemd[1]: Reached target Local Integrity Protected Volumes.
[[0;32m  OK  [0m] Reached target [0;1;39mLocal Integrity Protected Volumes[0m.
[    6.207783] systemd[1]: Reached target Slice Units.
[[0;32m  OK  [0m] Reached target [0;1;39mSlice Units[0m.
[    6.208749] systemd[1]: Reached target Swaps.
[[0;32m  OK  [0m] Reached target [0;1;39mSwaps[0m.
[    6.209664] systemd[1]: Reached target Local Verity Protected Volumes.
[[0;32m  OK  [0m] Reached target [0;1;39mLocal Verity Protected Volumes[0m.
[    6.211302] systemd[1]: Listening on Device-mapper event daemon FIFOs.
[[0;32m  OK  [0m] Listening on [0;1;39mDevice-mapper event daemon FIFOs[0m.
[    6.213168] systemd[1]: Listening on LVM2 poll daemon socket.
[[0;32m  OK  [0m] Listening on [0;1;39mLVM2 poll daemon socket[0m.
[    6.214522] systemd[1]: multipathd control socket was skipped because of an unmet condition check (ConditionPathExists=/etc/multipath.conf).
[    6.258797] systemd[1]: Listening on RPCbind Server Activation Socket.
[[0;32m  OK  [0m] Listening on [0;1;39mRPCbind Server Activation Socket[0m.
[    6.260573] systemd[1]: Reached target RPC Port Mapper.
[[0;32m  OK  [0m] Reached target [0;1;39mRPC Port Mapper[0m.
[    6.264261] systemd[1]: Listening on Process Core Dump Socket.
[[0;32m  OK  [0m] Listening on [0;1;39mProcess Core Dump Socket[0m.
[    6.266111] systemd[1]: Listening on initctl Compatibility Named Pipe.
[[0;32m  OK  [0m] Listening on [0;1;39minitctl Compatibility Named Pipe[0m.
[    6.268359] systemd[1]: Listening on Journal Socket (/dev/log).
[[0;32m  OK  [0m] Listening on [0;1;39mJournal Socket (/dev/log)[0m.
[    6.270344] systemd[1]: Listening on Journal Socket.
[[0;32m  OK  [0m] Listening on [0;1;39mJournal Socket[0m.
[    6.272287] systemd[1]: Listening on udev Control Socket.
[[0;32m  OK  [0m] Listening on [0;1;39mudev Control Socket[0m.
[    6.274079] systemd[1]: Listening on udev Kernel Socket.
[[0;32m  OK  [0m] Listening on [0;1;39mudev Kernel Socket[0m.
[    6.281139] systemd[1]: Mounting Huge Pages File System...
         Mounting [0;1;39mHuge Pages File System[0m...
[    6.288596] systemd[1]: Mounting POSIX Message Queue File System...
         Mounting [0;1;39mPOSIX Message Queue File System[0m...
[    6.297141] systemd[1]: Mounting Kernel Debug File System...
         Mounting [0;1;39mKernel Debug File System[0m...
[    6.308821] systemd[1]: Mounting Kernel Trace File System...
         Mounting [0;1;39mKernel Trace File System[0m...
[    6.310542] systemd[1]: Kernel Module supporting RPCSEC_GSS was skipped because of an unmet condition check (ConditionPathExists=/etc/krb5.keytab).
[    6.314237] systemd[1]: Create List of Static Device Nodes was skipped because of an unmet condition check (ConditionFileNotEmpty=/lib/modules/7.1.0-rc2-next-20260505-next-2026050-b3b6babf4751-r-dirty/modules.devname).
[    6.334769] systemd[1]: Starting Monitoring of LVM2 mirrors, snapshots etc. using dmeventd or progress polling...
         Starting [0;1;39mMonitoring of LVM…meventd or progress polling[0m...
[    6.343251] systemd[1]: Starting Load Kernel Module configfs...
         Starting [0;1;39mLoad Kernel Module configfs[0m...
[    6.354630] systemd[1]: Starting Load Kernel Module drm...
         Starting [0;1;39mLoad Kernel Module drm[0m...
[    6.371295] systemd[1]: Starting Load Kernel Module fuse...
         Starting [0;1;39mLoad Kernel Module fuse[0m...
[    6.386683] systemd[1]: Starting Read and set NIS domainname from /etc/sysconfig/network...
         Starting [0;1;39mRead and set NIS …from /etc/sysconfig/network[0m...
[    6.412003] systemd[1]: Starting Journal Service...
         Starting [0;1;39mJournal Service[0m...
[    6.428791] systemd[1]: Starting Load Kernel Modules...
         Starting [0;1;39mLoad Kernel Modules[0m...
[    6.447047] systemd[1]: Starting Generate network units from Kernel command line...
         Starting [0;1;39mGenerate network …ts from Kernel command line[0m...
[    6.467244] systemd[1]: Starting Remount Root and Kernel File Systems...
         Starting [0;1;39mRemount Root and Kernel File Systems[0m...
[    6.471108] systemd[1]: Repartition Root Disk was skipped because no trigger condition checks were met.
[    6.510531] systemd[1]: Starting Coldplug All udev Devices...
         Starting [0;1;39mColdplug All udev Devices[0m...
[    6.531274] systemd[1]: Mounted Huge Pages File System.
[[0;32m  OK  [0m] Mounted [0;1;39mHuge Pages File System[0m.
[    6.534774] systemd[1]: Mounted POSIX Message Queue File System.
[[0;32m  OK  [0m] Mounted [0;1;39mPOSIX Message Queue File System[0m.
[    6.541466] systemd[1]: Mounted Kernel Debug File System.
[[0;32m  OK  [0m] Mounted [0;1;39mKernel Debug File System[0m.
[    6.544743] systemd[1]: Mounted Kernel Trace File System.
[[0;32m  OK  [0m] Mounted [0;1;39mKernel Trace File System[0m.
[    6.552308] systemd[1]: Finished Monitoring of LVM2 mirrors, snapshots etc. using dmeventd or progress polling.
[[0;32m  OK  [0m] Finished [0;1;39mMonitoring of LVM… dmeventd or progress polling[0m.
[    6.563860] systemd[1]: modprobe@configfs.service: Deactivated successfully.
[    6.566072] systemd[1]: Finished Load Kernel Module configfs.
[[0;32m  OK  [0m] Finished [0;1;39mLoad Kernel Module configfs[0m.
[    6.568805] systemd[1]: modprobe@drm.service: Deactivated successfully.
[    6.571335] systemd[1]: Finished Load Kernel Module drm.
[[0;32m  OK  [0m] Finished [0;1;39mLoad Kernel Module drm[0m.
[    6.575832] EXT4-fs (sda): re-mounted 088740a9-c8b4-422c-999d-a804eb68a4da r/w.
[    6.588295] systemd[1]: modprobe@fuse.service: Deactivated successfully.
[    6.591035] systemd[1]: Finished Load Kernel Module fuse.
[[0;32m  OK  [0m] Finished [0;1;39mLoad Kernel Module fuse[0m.
[    6.594315] systemd[1]: Finished Read and set NIS domainname from /etc/sysconfig/network.
[[0;32m  OK  [0m] Finished [0;1;39mRead and set NIS …e from /etc/sysconfig/network[0m.
[    6.598675] systemd[1]: systemd-modules-load.service: Main process exited, code=exited, status=1/FAILURE
[    6.600600] systemd[1]: systemd-modules-load.service: Failed with result 'exit-code'.
[    6.603410] systemd[1]: Failed to start Load Kernel Modules.
[[0;1;31mFAILED[0m] Failed to start [0;1;39mLoad Kernel Modules[0m.
See 'systemctl status systemd-modules-load.service' for details.
[    6.610440] systemd[1]: Finished Generate network units from Kernel command line.
[[0;32m  OK  [0m] Finished [0;1;39mGenerate network units from Kernel command line[0m.
[    6.613872] systemd[1]: Finished Remount Root and Kernel File Systems.
[[0;32m  OK  [0m] Finished [0;1;39mRemount Root and Kernel File Systems[0m.
[    6.616369] systemd[1]: Reached target Preparation for Network.
[[0;32m  OK  [0m] Reached target [0;1;39mPreparation for Network[0m.
[    6.630344] systemd[1]: Mounting FUSE Control File System...
         Mounting [0;1;39mFUSE Control File System[0m...
[    6.640594] systemd[1]: Mounting Kernel Configuration File System...
         Mounting [0;1;39mKernel Configuration File System[0m...
[    6.645951] systemd[1]: Special handling of early boot iSCSI sessions was skipped because of an unmet condition check (ConditionDirectoryNotEmpty=/sys/class/iscsi_session).
[    6.647110] systemd[1]: First Boot Wizard was skipped because of an unmet condition check (ConditionFirstBoot=yes).
[    6.656329] systemd[1]: Rebuild Hardware Database was skipped because of an unmet condition check (ConditionNeedsUpdate=/etc).
[    6.683072] systemd[1]: Starting Load/Save Random Seed...
         Starting [0;1;39mLoad/Save Random Seed[0m...
[    6.691538] systemd[1]: Starting Apply Kernel Variables...
         Starting [0;1;39mApply Kernel Variables[0m...
[    6.694383] systemd[1]: Create System Users was skipped because no trigger condition checks were met.
[    6.716857] systemd[1]: Starting Create Static Device Nodes in /dev...
         Starting [0;1;39mCreate Static Device Nodes in /dev[0m...
[    6.751328] systemd[1]: Starting Setup Virtual Console...
         Starting [0;1;39mSetup Virtual Console[0m...
[    6.771723] systemd[1]: Started Journal Service.
[[0;32m  OK  [0m] Started [0;1;39mJournal Service[0m.
[[0;32m  OK  [0m] Mounted [0;1;39mFUSE Control File System[0m.
[[0;32m  OK  [0m] Mounted [0;1;39mKernel Configuration File System[0m.
[[0;32m  OK  [0m] Finished [0;1;39mLoad/Save Random Seed[0m.
[[0;32m  OK  [0m] Finished [0;1;39mApply Kernel Variables[0m.
         Starting [0;1;39mFlush Journal to Persistent Storage[0m...
[[0;32m  OK  [0m] Finished [0;1;39mCreate Static Device Nodes in /dev[0m.
         Starting [0;1;39mRule-based Manage…for Device Events and Files[0m...
[    6.883438] systemd-journald[145]: Received client request to flush runtime journal.
[[0;32m  OK  [0m] Finished [0;1;39mFlush Journal to Persistent Storage[0m.
[[0;32m  OK  [0m] Started [0;1;39mRule-based Manager for Device Events and Files[0m.
         Starting [0;1;39mAuto-connect to s…E devices found during boot[0m...
[[0;32m  OK  [0m] Finished [0;1;39mAuto-connect to s…VME devices found during boot[0m.
[[0;32m  OK  [0m] Finished [0;1;39mSetup Virtual Console[0m.
[[0;32m  OK  [0m] Finished [0;1;39mColdplug All udev Devices[0m.
         Starting [0;1;39mShow Plymouth Boot Screen[0m...
         Starting [0;1;39mWait for udev To …plete Device Initialization[0m...
[2J[3J[-1;-1f[[0;32m  OK  [0m] Started [0;1;39mShow Plymouth Boot Screen[0m.
[[0;32m  OK  [0m] Started [0;1;39mForward Password R…s to Plymouth Directory Watch[0m.
[[0;32m  OK  [0m] Reached target [0;1;39mLocal Encrypted Volumes[0m.
[[0;32m  OK  [0m] Reached target [0;1;39mPath Units[0m.
[[0;32m  OK  [0m] Found device [0;1;39m/dev/ttyS0[0m.
[[0;32m  OK  [0m] Listening on [0;1;39mLoad/Save RF …itch Status /dev/rfkill Watch[0m.
[[0;32m  OK  [0m] Finished [0;1;39mWait for udev To Complete Device Initialization[0m.
[[0;32m  OK  [0m] Reached target [0;1;39mPreparation for Local File Systems[0m.
[[0;32m  OK  [0m] Reached target [0;1;39mLocal File Systems[0m.
         Starting [0;1;39mTell Plymouth To Write Out Runtime Data[0m...
         Starting [0;1;39mAutomatic Boot Loader Update[0m...
         Starting [0;1;39mCreate Volatile Files and Directories[0m...
[[0;32m  OK  [0m] Finished [0;1;39mTell Plymouth To Write Out Runtime Data[0m.
[[0;32m  OK  [0m] Finished [0;1;39mAutomatic Boot Loader Update[0m.
[[0;32m  OK  [0m] Finished [0;1;39mCreate Volatile Files and Directories[0m.
         Mounting [0;1;39mRPC Pipe File System[0m...
         Starting [0;1;39mSecurity Auditing Service[0m...
         Starting [0;1;39mRPC Bind[0m...
[[0;32m  OK  [0m] Mounted [0;1;39mRPC Pipe File System[0m.
[[0;32m  OK  [0m] Reached target [0;1;39mrpc_pipefs.target[0m.
[[0;32m  OK  [0m] Started [0;1;39mRPC Bind[0m.
[[0;32m  OK  [0m] Started [0;1;39mSecurity Auditing Service[0m.
         Starting [0;1;39mRecord System Boot/Shutdown in UTMP[0m...
[[0;32m  OK  [0m] Finished [0;1;39mRecord System Boot/Shutdown in UTMP[0m.
[[0;32m  OK  [0m] Reached target [0;1;39mSystem Initialization[0m.
[[0;32m  OK  [0m] Started [0;1;39mDaily rotation of log files[0m.
[[0;32m  OK  [0m] Started [0;1;39mUpdates mlocate database every day[0m.
[[0;32m  OK  [0m] Started [0;1;39mDaily Cleanup of Temporary Directories[0m.
[[0;32m  OK  [0m] Started [0;1;39mdaily update of the root trust anchor for DNSSEC[0m.
[[0;32m  OK  [0m] Reached target [0;1;39mTimer Units[0m.
[[0;32m  OK  [0m] Listening on [0;1;39mD-Bus System Message Bus Socket[0m.
[[0;32m  OK  [0m] Listening on [0;1;39mOpen-iSCSI iscsid Socket[0m.
[[0;32m  OK  [0m] Listening on [0;1;39mOpen-iSCSI iscsiuio Socket[0m.
[[0;32m  OK  [0m] Listening on [0;1;39mSSSD Kerberos…ache Manager responder socket[0m.
[[0;32m  OK  [0m] Listening on [0;1;39mLibvirt interface local socket[0m.
[[0;32m  OK  [0m] Listening on [0;1;39mVirtual machine lock manager socket[0m.
[[0;32m  OK  [0m] Listening on [0;1;39mVirtual machine log manager socket[0m.
[[0;32m  OK  [0m] Listening on [0;1;39mLibvirt network local socket[0m.
[[0;32m  OK  [0m] Listening on [0;1;39mLibvirt nodedev local socket[0m.
[[0;32m  OK  [0m] Listening on [0;1;39mLibvirt nwfilter local socket[0m.
[[0;32m  OK  [0m] Listening on [0;1;39mLibvirt proxy local socket[0m.
[[0;32m  OK  [0m] Listening on [0;1;39mLibvirt qemu local socket[0m.
[[0;32m  OK  [0m] Listening on [0;1;39mLibvirt qemu admin socket[0m.
[[0;32m  OK  [0m] Listening on [0;1;39mLibvirt qemu local read-only socket[0m.
[[0;32m  OK  [0m] Listening on [0;1;39mLibvirt secret local socket[0m.
[[0;32m  OK  [0m] Listening on [0;1;39mLibvirt storage local socket[0m.
[[0;32m  OK  [0m] Reached target [0;1;39mSocket Units[0m.
         Starting [0;1;39mD-Bus System Message Bus[0m...
[[0;32m  OK  [0m] Started [0;1;39mD-Bus System Message Bus[0m.
[[0;32m  OK  [0m] Reached target [0;1;39mBasic System[0m.
         Starting [0;1;39mNetwork Manager[0m...
         Starting [0;1;39mNTP client/server[0m...
         Starting [0;1;39mRestore /run/initramfs on shutdown[0m...
[[0;32m  OK  [0m] Started [0;1;39mirqbalance daemon[0m.
[[0;32m  OK  [0m] Started [0;1;39mlibstoragemgmt plug-in server daemon[0m.
[[0;32m  OK  [0m] Started [0;1;39mMachine Check Exception Logging Daemon[0m.
[[0;32m  OK  [0m] Reached target [0;1;39msshd-keygen.target[0m.
[[0;32m  OK  [0m] Reached target [0;1;39mUser and Group Name Lookups[0m.
         Starting [0;1;39mUser Login Management[0m...
         Starting [0;1;39mVirtual Machine a…tainer Registration Service[0m...
[[0;32m  OK  [0m] Finished [0;1;39mRestore /run/initramfs on shutdown[0m.
[[0;32m  OK  [0m] Started [0;1;39mVirtual Machine an…ontainer Registration Service[0m.
         Starting [0;1;39mHostname Service[0m...
[[0;32m  OK  [0m] Started [0;1;39mNTP client/server[0m.
[[0;32m  OK  [0m] Started [0;1;39mUser Login Management[0m.
[[0;32m  OK  [0m] Started [0;1;39mHostname Service[0m.
         Starting [0;1;39mNetwork Manager Script Dispatcher Service[0m...
[[0;32m  OK  [0m] Started [0;1;39mNetwork Manager Script Dispatcher Service[0m.
[   10.451371] e1000: eth0 NIC Link is Up 1000 Mbps Full Duplex, Flow Control: RX
[[0;32m  OK  [0m] Started [0;1;39mNetwork Manager[0m.
[[0;32m  OK  [0m] Reached target [0;1;39mNetwork[0m.
[[0;32m  OK  [0m] Reached target [0;1;39mNetwork is Online[0m.
         Starting [0;1;39mGSSAPI Proxy Daemon[0m...
         Starting [0;1;39mNotify NFS peers of a restart[0m...
         Starting [0;1;39mSystem Logging Service[0m...
         Starting [0;1;39mOpenSSH server daemon[0m...
         Starting [0;1;39mDynamic System Tuning Daemon[0m...
[[0;32m  OK  [0m] Started [0;1;39mGSSAPI Proxy Daemon[0m.
[[0;32m  OK  [0m] Started [0;1;39mNotify NFS peers of a restart[0m.
[[0;32m  OK  [0m] Reached target [0;1;39mNFS client services[0m.
[[0;32m  OK  [0m] Reached target [0;1;39mPreparation for Remote File Systems[0m.
[[0;32m  OK  [0m] Reached target [0;1;39mRemote File Systems[0m.
         Starting [0;1;39mPermit User Sessions[0m...
         Starting [0;1;39mVirtualization qemu daemon[0m...
[[0;32m  OK  [0m] Started [0;1;39mOpenSSH server daemon[0m.
[[0;32m  OK  [0m] Finished [0;1;39mPermit User Sessions[0m.
[[0;32m  OK  [0m] Started [0;1;39mDeferred execution scheduler[0m.
[[0;32m  OK  [0m] Started [0;1;39mCommand Scheduler[0m.
         Starting [0;1;39mHold until boot process finishes up[0m...
         Starting [0;1;39mTerminate Plymouth Boot Screen[0m...

CentOS Stream 9
Kernel 7.1.0-rc2-next-20260505-next-2026050-b3b6babf4751-r-dirty on an x86_64

Activate the web console with: systemctl enable --now cockpit.socket

test login: [   17.691853] pimreg: entered allmulticast mode
[   17.704042] pimreg: left allmulticast mode
[   17.709341] pimreg: entered allmulticast mode
[   17.738034] pimreg: entered allmulticast mode
[   17.751538] pimreg: entered allmulticast mode
[   17.772517] pimreg: entered allmulticast mode
[   17.772915] pimreg: left allmulticast mode
[   17.773270] pimreg: left allmulticast mode
[   17.784342] pimreg: entered allmulticast mode
[   17.806961] pimreg: entered allmulticast mode
[   17.830384] pimreg: entered allmulticast mode
[   17.865969] pimreg: entered allmulticast mode
[   17.882174] pimreg: left allmulticast mode
[   17.882535] pimreg: left allmulticast mode
[   17.882805] pimreg: left allmulticast mode
[   17.883072] pimreg: left allmulticast mode
[   17.883395] pimreg: left allmulticast mode
[   17.894993] pimreg: entered allmulticast mode
[   17.929144] pimreg: entered allmulticast mode
[   17.947710] pimreg: entered allmulticast mode
[   17.970540] pimreg: entered allmulticast mode
[   17.986746] pimreg: entered allmulticast mode
[   18.008403] pimreg: entered allmulticast mode
[   18.026312] pimreg: left allmulticast mode
[   18.026650] pimreg: left allmulticast mode
[   18.026941] pimreg: left allmulticast mode
[   18.027249] pimreg: left allmulticast mode
[   18.027590] pimreg: left allmulticast mode
[   18.029083] pimreg: left allmulticast mode
[   18.039983] pimreg: entered allmulticast mode
[   18.056649] pimreg: entered allmulticast mode
[   18.078950] pimreg: entered allmulticast mode
[   18.102243] pimreg: entered allmulticast mode
[   18.126954] pimreg: entered allmulticast mode
[   18.146223] pimreg: entered allmulticast mode
[   18.165937] pimreg: entered allmulticast mode
[   18.179186] pimreg: left allmulticast mode
[   18.179653] pimreg: left allmulticast mode
[   18.179915] pimreg: left allmulticast mode
[   18.180234] pimreg: left allmulticast mode
[   18.180576] pimreg: left allmulticast mode
[   18.180880] pimreg: left allmulticast mode
[   18.181188] pimreg: left allmulticast mode
[   18.195083] pimreg: entered allmulticast mode
[   18.215901] pimreg: entered allmulticast mode
[   18.245677] pimreg: entered allmulticast mode
[   18.272602] pimreg: entered allmulticast mode
[   18.294934] pimreg: entered allmulticast mode
[   18.318284] pimreg: entered allmulticast mode
[   18.346056] pimreg: entered allmulticast mode
[   18.371344] pimreg: entered allmulticast mode
[   18.375297] pimreg: left allmulticast mode
[   18.375704] pimreg: left allmulticast mode
[   18.376027] pimreg: left allmulticast mode
[   18.376358] pimreg: left allmulticast mode
[   18.376668] pimreg: left allmulticast mode
[   18.376972] pimreg: left allmulticast mode
[   18.377267] pimreg: left allmulticast mode
[   18.398145] pimreg: entered allmulticast mode
[   18.422959] pimreg: entered allmulticast mode
[   18.443569] pimreg: entered allmulticast mode
[   18.466516] pimreg: entered allmulticast mode
[   18.490581] pimreg: entered allmulticast mode
[   18.510342] pimreg: entered allmulticast mode
[   18.532623] pimreg: entered allmulticast mode
[   18.532994] pimreg: left allmulticast mode
[   18.533361] pimreg: left allmulticast mode
[   18.533718] pimreg: left allmulticast mode
[   18.534052] pimreg: left allmulticast mode
[   18.534632] pimreg: left allmulticast mode
[   18.534997] pimreg: left allmulticast mode
[   18.536764] pimreg: left allmulticast mode
[   18.553810] pimreg: entered allmulticast mode
[   18.580349] pimreg: entered allmulticast mode
[   18.599988] pimreg: entered allmulticast mode
[   18.626024] pimreg: entered allmulticast mode
[   18.650254] pimreg: entered allmulticast mode
[   18.678770] pimreg: entered allmulticast mode
[   18.701933] pimreg: entered allmulticast mode
[   18.730486] pimreg: entered allmulticast mode
[   18.734858] pimreg: left allmulticast mode
[   18.735191] pimreg: left allmulticast mode
[   18.735518] pimreg: left allmulticast mode
[   18.736378] pimreg: left allmulticast mode
[   18.736796] pimreg: left allmulticast mode
[   18.737102] pimreg: left allmulticast mode
[   18.737410] pimreg: left allmulticast mode
[   18.738218] pimreg: left allmulticast mode
[   18.738552] pimreg: left allmulticast mode
[   18.753993] pimreg: entered allmulticast mode
[   18.785615] pimreg: entered allmulticast mode
[   18.818949] pimreg: entered allmulticast mode
[   18.831483] pimreg: entered allmulticast mode
[   18.854979] pimreg: entered allmulticast mode
[   18.866088] pimreg: entered allmulticast mode
[   18.871926] pimreg: left allmulticast mode
[   18.872252] pimreg: left allmulticast mode
[   18.872509] pimreg: left allmulticast mode
[   18.872819] pimreg: left allmulticast mode
[   18.873952] pimreg: left allmulticast mode
[   18.874285] pimreg: left allmulticast mode
[   18.886108] pimreg: entered allmulticast mode
[   18.918334] pimreg: entered allmulticast mode
[   18.944308] pimreg: entered allmulticast mode
[   18.962241] pimreg: entered allmulticast mode
[   18.982322] pimreg: entered allmulticast mode
[   18.998414] pimreg: entered allmulticast mode
[   19.017913] pimreg: entered allmulticast mode
[   19.039904] pimreg: left allmulticast mode
[   19.040391] pimreg: left allmulticast mode
[   19.040711] pimreg: left allmulticast mode
[   19.041002] pimreg: left allmulticast mode
[   19.041468] pimreg: left allmulticast mode
[   19.042067] pimreg: left allmulticast mode
[   19.042406] pimreg: left allmulticast mode
[   19.054918] pimreg: entered allmulticast mode
[   19.090075] pimreg: entered allmulticast mode
[   19.110834] pimreg: entered allmulticast mode
[   19.138145] pimreg: entered allmulticast mode
[   19.163379] pimreg: entered allmulticast mode
[   19.185762] pimreg: entered allmulticast mode
[   19.210540] pimreg: entered allmulticast mode
[   19.231012] pimreg: left allmulticast mode
[   19.231385] pimreg: left allmulticast mode
[   19.232287] pimreg: left allmulticast mode
[   19.232849] pimreg: left allmulticast mode
[   19.233186] pimreg: left allmulticast mode
[   19.233505] pimreg: left allmulticast mode
[   19.234161] pimreg: left allmulticast mode
[   19.246309] pimreg: entered allmulticast mode
[   19.278353] pimreg: entered allmulticast mode
[   19.302747] pimreg: entered allmulticast mode
[   19.325942] pimreg: entered allmulticast mode
[   19.362161] pimreg: entered allmulticast mode
[   19.397618] pimreg: entered allmulticast mode
[   19.426695] pimreg: entered allmulticast mode
[   19.454845] pimreg: left allmulticast mode
[   19.455260] pimreg: left allmulticast mode
[   19.455552] pimreg: left allmulticast mode
[   19.455823] pimreg: left allmulticast mode
[   19.456076] pimreg: left allmulticast mode
[   19.456360] pimreg: left allmulticast mode
[   19.456613] pimreg: left allmulticast mode
[   19.467814] pimreg: entered allmulticast mode
[   19.487004] pimreg: entered allmulticast mode
[   19.511525] pimreg: entered allmulticast mode
[   19.522412] pimreg: entered allmulticast mode
[   19.546894] pimreg: entered allmulticast mode
[   19.562245] pimreg: entered allmulticast mode
[   19.567209] pimreg: left allmulticast mode
[   19.567854] pimreg: left allmulticast mode
[   19.568137] pimreg: left allmulticast mode
[   19.568470] pimreg: left allmulticast mode
[   19.568777] pimreg: left allmulticast mode
[   19.582075] pimreg: entered allmulticast mode
[   19.608144] pimreg: entered allmulticast mode
[   19.620698] pimreg: entered allmulticast mode
[   19.650095] pimreg: entered allmulticast mode
[   19.674267] pimreg: entered allmulticast mode
[   19.714370] pimreg: entered allmulticast mode
[   19.738343] pimreg: left allmulticast mode
[   19.738680] pimreg: left allmulticast mode
[   19.738955] pimreg: left allmulticast mode
[   19.739275] pimreg: left allmulticast mode
[   19.739607] pimreg: left allmulticast mode
[   19.740950] pimreg: left allmulticast mode
[   19.741305] pimreg: left allmulticast mode
[   19.753051] pimreg: entered allmulticast mode
[   19.782425] pimreg: entered allmulticast mode
[   19.804521] pimreg: entered allmulticast mode
[   19.823489] pimreg: entered allmulticast mode
[   19.839508] pimreg: entered allmulticast mode
[   19.858062] pimreg: entered allmulticast mode
[   19.878233] pimreg: entered allmulticast mode
[   19.898028] pimreg: entered allmulticast mode
[   19.911265] pimreg: left allmulticast mode
[   19.911965] pimreg: left allmulticast mode
[   19.912260] pimreg: left allmulticast mode
[   19.912510] pimreg: left allmulticast mode
[   19.912820] pimreg: left allmulticast mode
[   19.913114] pimreg: left allmulticast mode
[   19.913431] pimreg: left allmulticast mode
[   19.913782] pimreg: left allmulticast mode
[   19.928041] pimreg: entered allmulticast mode
[   19.958657] pimreg: entered allmulticast mode
[   19.984911] pimreg: entered allmulticast mode
[   20.019126] pimreg: entered allmulticast mode
[   20.038146] pimreg: entered allmulticast mode
[   20.058165] pimreg: entered allmulticast mode
[   20.082417] pimreg: entered allmulticast mode
[   20.110696] pimreg: entered allmulticast mode
[   20.146545] pimreg: entered allmulticast mode
[   20.150858] pimreg: left allmulticast mode
[   20.151199] pimreg: left allmulticast mode
[   20.151546] pimreg: left allmulticast mode
[   20.151870] pimreg: left allmulticast mode
[   20.152158] pimreg: left allmulticast mode
[   20.152683] pimreg: left allmulticast mode
[   20.153141] pimreg: left allmulticast mode
[   20.153462] pimreg: left allmulticast mode
[   20.153813] pimreg: left allmulticast mode
[   20.169573] pimreg: entered allmulticast mode
[   20.191780] pimreg: entered allmulticast mode
[   20.221323] pimreg: entered allmulticast mode
[   20.243034] pimreg: entered allmulticast mode
[   20.258881] pimreg: entered allmulticast mode
[   20.282381] pimreg: entered allmulticast mode
[   20.306869] pimreg: entered allmulticast mode
[   20.322724] pimreg: entered allmulticast mode
[   20.342624] pimreg: entered allmulticast mode
[   20.374638] pimreg: left allmulticast mode
[   20.374996] pimreg: left allmulticast mode
[   20.375326] pimreg: left allmulticast mode
[   20.376148] pimreg: left allmulticast mode
[   20.376897] pimreg: left allmulticast mode
[   20.377177] pimreg: left allmulticast mode
[   20.377970] pimreg: left allmulticast mode
[   20.378277] pimreg: left allmulticast mode
[   20.378555] pimreg: left allmulticast mode
[   20.393046] pimreg: entered allmulticast mode
[   20.421063] pimreg: entered allmulticast mode
[   20.457513] pimreg: entered allmulticast mode
[   20.499040] pimreg: entered allmulticast mode
[   20.522516] pimreg: entered allmulticast mode
[   20.542642] pimreg: entered allmulticast mode
[   20.570826] pimreg: entered allmulticast mode
[   20.606382] pimreg: entered allmulticast mode
[   20.630562] pimreg: left allmulticast mode
[   20.630926] pimreg: left allmulticast mode
[   20.631265] pimreg: left allmulticast mode
[   20.631560] pimreg: left allmulticast mode
[   20.631885] pimreg: left allmulticast mode
[   20.632575] pimreg: left allmulticast mode
[   20.632895] pimreg: left allmulticast mode
[   20.633212] pimreg: left allmulticast mode
[   20.646156] pimreg: entered allmulticast mode
[   20.676404] pimreg: entered allmulticast mode
[   20.714311] pimreg: entered allmulticast mode
[   20.726875] pimreg: entered allmulticast mode
[   20.746159] pimreg: entered allmulticast mode
[   20.770618] pimreg: entered allmulticast mode
[   20.794111] pimreg: entered allmulticast mode
[   20.811226] pimreg: left allmulticast mode
[   20.811516] pimreg: left allmulticast mode
[   20.811783] pimreg: left allmulticast mode
[   20.812038] pimreg: left allmulticast mode
[   20.812353] pimreg: left allmulticast mode
[   20.812646] pimreg: left allmulticast mode
[   20.812949] pimreg: left allmulticast mode
[   20.824987] pimreg: entered allmulticast mode
[   20.850574] pimreg: entered allmulticast mode
[   20.874740] pimreg: entered allmulticast mode
[   20.886307] pimreg: entered allmulticast mode
[   20.910090] pimreg: entered allmulticast mode
[   20.934536] pimreg: entered allmulticast mode
[   20.958276] pimreg: entered allmulticast mode
[   20.984105] pimreg: entered allmulticast mode
[   20.984494] pimreg: left allmulticast mode
[   20.984815] pimreg: left allmulticast mode
[   20.985093] pimreg: left allmulticast mode
[   20.985515] pimreg: left allmulticast mode
[   20.986333] pimreg: left allmulticast mode
[   20.986662] pimreg: left allmulticast mode
[   20.986948] pimreg: left allmulticast mode
[   21.000948] pimreg: entered allmulticast mode
[   21.018507] pimreg: entered allmulticast mode
[   21.049672] pimreg: entered allmulticast mode
[   21.078288] pimreg: entered allmulticast mode
[   21.101661] pimreg: entered allmulticast mode
[   21.126445] pimreg: entered allmulticast mode
[   21.150587] pimreg: entered allmulticast mode
[   21.174477] pimreg: entered allmulticast mode
[   21.179410] pimreg: left allmulticast mode
[   21.179736] pimreg: left allmulticast mode
[   21.179997] pimreg: left allmulticast mode
[   21.180315] pimreg: left allmulticast mode
[   21.180615] pimreg: left allmulticast mode
[   21.180918] pimreg: left allmulticast mode
[   21.181223] pimreg: left allmulticast mode
[   21.181538] pimreg: left allmulticast mode
[   21.182334] pimreg: left allmulticast mode
[   21.198117] pimreg: entered allmulticast mode
[   21.221272] pimreg: entered allmulticast mode
[   21.250001] pimreg: entered allmulticast mode
[   21.271606] pimreg: entered allmulticast mode
[   21.290334] pimreg: entered allmulticast mode
[   21.309923] pimreg: entered allmulticast mode
[   21.334639] pimreg: entered allmulticast mode
[   21.358254] pimreg: entered allmulticast mode
[   21.379671] pimreg: left allmulticast mode
[   21.379970] pimreg: left allmulticast mode
[   21.380233] pimreg: left allmulticast mode
[   21.380483] pimreg: left allmulticast mode
[   21.380792] pimreg: left allmulticast mode
[   21.381207] pimreg: left allmulticast mode
[   21.381521] pimreg: left allmulticast mode
[   21.382864] pimreg: left allmulticast mode
[   21.395576] pimreg: entered allmulticast mode
[   21.416230] pimreg: entered allmulticast mode
[   21.440373] pimreg: entered allmulticast mode
[   21.462738] pimreg: entered allmulticast mode
[   21.490285] pimreg: entered allmulticast mode
[   21.513371] pimreg: entered allmulticast mode
[   21.541962] pimreg: entered allmulticast mode
[   21.582430] pimreg: entered allmulticast mode
[   21.610379] pimreg: entered allmulticast mode
[   21.615877] pimreg: left allmulticast mode
[   21.616506] pimreg: left allmulticast mode
[   21.616793] pimreg: left allmulticast mode
[   21.617053] pimreg: left allmulticast mode
[   21.617330] pimreg: left allmulticast mode
[   21.617581] pimreg: left allmulticast mode
[   21.617949] pimreg: left allmulticast mode
[   21.618330] pimreg: left allmulticast mode
[   21.638302] pimreg: entered allmulticast mode
[   21.659064] pimreg: entered allmulticast mode
[   21.695348] pimreg: entered allmulticast mode
[   21.711013] pimreg: entered allmulticast mode
[   21.735310] pimreg: entered allmulticast mode
[   21.755067] pimreg: left allmulticast mode
[   21.755410] pimreg: left allmulticast mode
[   21.755941] pimreg: left allmulticast mode
[   21.756308] pimreg: left allmulticast mode
[   21.757414] pimreg: left allmulticast mode
[   21.757921] pimreg: left allmulticast mode
[   21.770956] pimreg: entered allmulticast mode
[   21.781489] pimreg: entered allmulticast mode
[   21.802460] pimreg: entered allmulticast mode
[   21.826720] pimreg: entered allmulticast mode
[   21.850973] pimreg: entered allmulticast mode
[   21.855291] pimreg: left allmulticast mode
[   21.855619] pimreg: left allmulticast mode
[   21.855932] pimreg: left allmulticast mode
[   21.856263] pimreg: left allmulticast mode
[   21.856567] pimreg: left allmulticast mode
[   21.869893] pimreg: entered allmulticast mode
[   21.911442] pimreg: entered allmulticast mode
[   21.934364] pimreg: entered allmulticast mode
[   21.948947] pimreg: entered allmulticast mode
[   21.969889] pimreg: entered allmulticast mode
[   21.994321] pimreg: entered allmulticast mode
[   22.014026] pimreg: entered allmulticast mode
[   22.034333] pimreg: left allmulticast mode
[   22.034637] pimreg: left allmulticast mode
[   22.034889] pimreg: left allmulticast mode
[   22.035145] pimreg: left allmulticast mode
[   22.035466] pimreg: left allmulticast mode
[   22.035897] pimreg: left allmulticast mode
[   22.036215] pimreg: left allmulticast mode
[   22.047565] pimreg: entered allmulticast mode
[   22.067042] pimreg: entered allmulticast mode
[   22.094491] pimreg: entered allmulticast mode
[   22.118833] pimreg: entered allmulticast mode
[   22.134406] pimreg: entered allmulticast mode
[   22.154603] pimreg: entered allmulticast mode
[   22.194411] pimreg: entered allmulticast mode
[   22.234361] pimreg: entered allmulticast mode
[   22.247185] pimreg: left allmulticast mode
[   22.247525] pimreg: left allmulticast mode
[   22.247791] pimreg: left allmulticast mode
[   22.248050] pimreg: left allmulticast mode
[   22.248387] pimreg: left allmulticast mode
[   22.249025] pimreg: left allmulticast mode
[   22.249412] pimreg: left allmulticast mode
[   22.249792] pimreg: left allmulticast mode
[   22.263940] pimreg: entered allmulticast mode
[   22.283021] pimreg: entered allmulticast mode
[   22.309383] pimreg: entered allmulticast mode
[   22.330591] pimreg: entered allmulticast mode
[   22.342046] pimreg: entered allmulticast mode
[   22.365824] pimreg: entered allmulticast mode
[   22.385465] pimreg: entered allmulticast mode
[   22.413691] pimreg: entered allmulticast mode
[   22.418707] pimreg: left allmulticast mode
[   22.419015] pimreg: left allmulticast mode
[   22.419286] pimreg: left allmulticast mode
[   22.419537] pimreg: left allmulticast mode
[   22.419803] pimreg: left allmulticast mode
[   22.420056] pimreg: left allmulticast mode
[   22.420312] pimreg: left allmulticast mode
[   22.438037] pimreg: entered allmulticast mode
[   22.462761] pimreg: entered allmulticast mode
[   22.486766] pimreg: entered allmulticast mode
[   22.514404] pimreg: entered allmulticast mode
[   22.538477] pimreg: entered allmulticast mode
[   22.558574] pimreg: entered allmulticast mode
[   22.582641] pimreg: entered allmulticast mode
[   22.602417] pimreg: left allmulticast mode
[   22.602773] pimreg: left allmulticast mode
[   22.603116] pimreg: left allmulticast mode
[   22.603440] pimreg: left allmulticast mode
[   22.603933] pimreg: left allmulticast mode
[   22.604264] pimreg: left allmulticast mode
[   22.604580] pimreg: left allmulticast mode
[   22.604903] pimreg: left allmulticast mode
[   22.618279] pimreg: entered allmulticast mode
[   22.635321] pimreg: entered allmulticast mode
[   22.664858] pimreg: entered allmulticast mode
[   22.690074] pimreg: entered allmulticast mode
[   22.710161] pimreg: entered allmulticast mode
[   22.734372] pimreg: entered allmulticast mode
[   22.758669] pimreg: entered allmulticast mode
[   22.782336] pimreg: entered allmulticast mode
[   22.788023] pimreg: left allmulticast mode
[   22.788367] pimreg: left allmulticast mode
[   22.788862] pimreg: left allmulticast mode
[   22.789245] pimreg: left allmulticast mode
[   22.790257] pimreg: left allmulticast mode
[   22.790580] pimreg: left allmulticast mode
[   22.790875] pimreg: left allmulticast mode
[   22.791181] pimreg: left allmulticast mode
[   22.804622] pimreg: entered allmulticast mode
[   22.822301] pimreg: entered allmulticast mode
[   22.841151] pimreg: entered allmulticast mode
[   22.868295] pimreg: entered allmulticast mode
[   22.893363] pimreg: entered allmulticast mode
[   22.913695] pimreg: entered allmulticast mode
[   22.934704] pimreg: entered allmulticast mode
[   22.954016] pimreg: entered allmulticast mode
[   22.967429] pimreg: left allmulticast mode
[   22.968053] pimreg: left allmulticast mode
[   22.968357] pimreg: left allmulticast mode
[   22.968651] pimreg: left allmulticast mode
[   22.968962] pimreg: left allmulticast mode
[   22.969287] pimreg: left allmulticast mode
[   22.969590] pimreg: left allmulticast mode
[   22.969964] pimreg: left allmulticast mode
[   22.985824] pimreg: entered allmulticast mode
[   23.016634] pimreg: entered allmulticast mode
[   23.040840] pimreg: entered allmulticast mode
[   23.055211] pimreg: entered allmulticast mode
[   23.083024] pimreg: entered allmulticast mode
[   23.106172] pimreg: entered allmulticast mode
[   23.130320] pimreg: entered allmulticast mode
[   23.134752] pimreg: left allmulticast mode
[   23.135111] pimreg: left allmulticast mode
[   23.135394] pimreg: left allmulticast mode
[   23.135650] pimreg: left allmulticast mode
[   23.135901] pimreg: left allmulticast mode
[   23.136733] pimreg: left allmulticast mode
[   23.137028] pimreg: left allmulticast mode
[   23.150755] pimreg: entered allmulticast mode
[   23.183171] pimreg: entered allmulticast mode
[   23.196967] pimreg: entered allmulticast mode
[   23.218465] pimreg: entered allmulticast mode
[   23.234258] pimreg: entered allmulticast mode
[   23.262505] pimreg: entered allmulticast mode
[   23.282345] pimreg: entered allmulticast mode
[   23.302778] pimreg: left allmulticast mode
[   23.303153] pimreg: left allmulticast mode
[   23.303425] pimreg: left allmulticast mode
[   23.303679] pimreg: left allmulticast mode
[   23.304521] pimreg: left allmulticast mode
[   23.304955] pimreg: left allmulticast mode
[   23.305310] pimreg: left allmulticast mode
[   23.317387] pimreg: entered allmulticast mode
[   23.343497] pimreg: entered allmulticast mode
[   23.367677] pimreg: entered allmulticast mode
[   23.386444] pimreg: entered allmulticast mode
[   23.410409] pimreg: entered allmulticast mode
[   23.433946] pimreg: entered allmulticast mode
[   23.462218] pimreg: entered allmulticast mode
[   23.486502] pimreg: entered allmulticast mode
[   23.490641] pimreg: left allmulticast mode
[   23.490971] pimreg: left allmulticast mode
[   23.491238] pimreg: left allmulticast mode
[   23.491504] pimreg: left allmulticast mode
[   23.491798] pimreg: left allmulticast mode
[   23.492377] pimreg: left allmulticast mode
[   23.492790] pimreg: left allmulticast mode
[   23.493118] pimreg: left allmulticast mode
[   23.507436] pimreg: entered allmulticast mode
[   23.531917] pimreg: entered allmulticast mode
[   23.556085] pimreg: entered allmulticast mode
[   23.580042] pimreg: entered allmulticast mode
[   23.599107] pimreg: entered allmulticast mode
[   23.606482] pimreg: left allmulticast mode
[   23.606808] pimreg: left allmulticast mode
[   23.607085] pimreg: left allmulticast mode
[   23.607346] pimreg: left allmulticast mode
[   23.607606] pimreg: left allmulticast mode
[   23.618480] pimreg: entered allmulticast mode
[   23.647295] pimreg: entered allmulticast mode
[   23.668830] pimreg: entered allmulticast mode
[   23.702650] pimreg: entered allmulticast mode
[   23.734500] pimreg: entered allmulticast mode
[   23.758348] pimreg: entered allmulticast mode
[   23.774473] pimreg: left allmulticast mode
[   23.774832] pimreg: left allmulticast mode
[   23.775179] pimreg: left allmulticast mode
[   23.776039] pimreg: left allmulticast mode
[   23.776394] pimreg: left allmulticast mode
[   23.776710] pimreg: left allmulticast mode
[   23.787629] pimreg: entered allmulticast mode
[   23.825256] pimreg: entered allmulticast mode
[   23.847912] pimreg: entered allmulticast mode
[   23.870339] pimreg: entered allmulticast mode
[   23.894708] pimreg: entered allmulticast mode
[   23.914714] pimreg: entered allmulticast mode
[   23.935059] pimreg: entered allmulticast mode
[   23.950548] pimreg: left allmulticast mode
[   23.950900] pimreg: left allmulticast mode
[   23.951177] pimreg: left allmulticast mode
[   23.951449] pimreg: left allmulticast mode
[   23.952274] pimreg: left allmulticast mode
[   23.952622] pimreg: left allmulticast mode
[   23.952927] pimreg: left allmulticast mode
[   23.964806] pimreg: entered allmulticast mode
[   23.991090] pimreg: entered allmulticast mode
[   24.014459] pimreg: entered allmulticast mode
[   24.030461] pimreg: entered allmulticast mode
[   24.054378] pimreg: entered allmulticast mode
[   24.074913] pimreg: entered allmulticast mode
[   24.094604] pimreg: entered allmulticast mode
[   24.122667] pimreg: entered allmulticast mode
[   24.150517] pimreg: left allmulticast mode
[   24.150868] pimreg: left allmulticast mode
[   24.151144] pimreg: left allmulticast mode
[   24.151405] pimreg: left allmulticast mode
[   24.151722] pimreg: left allmulticast mode
[   24.152451] pimreg: left allmulticast mode
[   24.152766] pimreg: left allmulticast mode
[   24.153020] pimreg: left allmulticast mode
[   24.167472] pimreg: entered allmulticast mode
[   24.202903] pimreg: entered allmulticast mode
[   24.230687] pimreg: entered allmulticast mode
[   24.251105] pimreg: entered allmulticast mode
[   24.274573] pimreg: entered allmulticast mode
[   24.290434] pimreg: entered allmulticast mode
[   24.318367] pimreg: entered allmulticast mode
[   24.346259] pimreg: entered allmulticast mode
[   24.350584] pimreg: left allmulticast mode
[   24.351012] pimreg: left allmulticast mode
[   24.351360] pimreg: left allmulticast mode
[   24.351664] pimreg: left allmulticast mode
[   24.351962] pimreg: left allmulticast mode
[   24.352326] pimreg: left allmulticast mode
[   24.352628] pimreg: left allmulticast mode
[   24.353308] pimreg: left allmulticast mode
[   24.368289] pimreg: entered allmulticast mode
[   24.411111] pimreg: entered allmulticast mode
[   24.438556] pimreg: entered allmulticast mode
[   24.462957] pimreg: entered allmulticast mode
[   24.478238] pimreg: entered allmulticast mode
[   24.498894] pimreg: entered allmulticast mode
[   24.522455] pimreg: entered allmulticast mode
[   24.546127] pimreg: entered allmulticast mode
[   24.571740] pimreg: entered allmulticast mode
[   24.572429] pimreg: left allmulticast mode
[   24.572873] pimreg: left allmulticast mode
[   24.573233] pimreg: left allmulticast mode
[   24.573546] pimreg: left allmulticast mode
[   24.573930] pimreg: left allmulticast mode
[   24.574588] pimreg: left allmulticast mode
[   24.574922] pimreg: left allmulticast mode
[   24.575259] pimreg: left allmulticast mode
[   24.588843] pimreg: entered allmulticast mode
[   24.615420] pimreg: entered allmulticast mode
[   24.640824] pimreg: entered allmulticast mode
[   24.662760] pimreg: entered allmulticast mode
[   24.690075] pimreg: entered allmulticast mode
[   24.710204] pimreg: entered allmulticast mode
[   24.721347] pimreg: entered allmulticast mode
[   24.747335] pimreg: entered allmulticast mode
[   24.758705] pimreg: left allmulticast mode
[   24.759034] pimreg: left allmulticast mode
[   24.759331] pimreg: left allmulticast mode
[   24.759607] pimreg: left allmulticast mode
[   24.759884] pimreg: left allmulticast mode
[   24.760320] pimreg: left allmulticast mode
[   24.760905] pimreg: left allmulticast mode
[   24.761249] pimreg: left allmulticast mode
[   24.762025] pimreg: left allmulticast mode
[   24.777122] pimreg: entered allmulticast mode
[   24.820019] pimreg: entered allmulticast mode
[   24.843004] pimreg: entered allmulticast mode
[   24.878824] pimreg: entered allmulticast mode
[   24.910140] pimreg: entered allmulticast mode
[   24.941976] pimreg: entered allmulticast mode
[   24.966158] pimreg: entered allmulticast mode
[   24.986526] pimreg: entered allmulticast mode
[   25.014820] pimreg: entered allmulticast mode
[   25.030944] pimreg: left allmulticast mode
[   25.031824] pimreg: left allmulticast mode
[   25.032189] pimreg: left allmulticast mode
[   25.032940] pimreg: left allmulticast mode
[   25.033310] pimreg: left allmulticast mode
[   25.033915] pimreg: left allmulticast mode
[   25.034279] pimreg: left allmulticast mode
[   25.034588] pimreg: left allmulticast mode
[   25.034893] pimreg: left allmulticast mode
[   25.049050] pimreg: entered allmulticast mode
[   25.078921] pimreg: entered allmulticast mode
[   25.105723] pimreg: entered allmulticast mode
[   25.119412] pimreg: entered allmulticast mode
[   25.134745] pimreg: entered allmulticast mode
[   25.154194] pimreg: entered allmulticast mode
[   25.158856] pimreg: left allmulticast mode
[   25.159218] pimreg: left allmulticast mode
[   25.159548] pimreg: left allmulticast mode
[   25.159854] pimreg: left allmulticast mode
[   25.160390] pimreg: left allmulticast mode
[   25.160700] pimreg: left allmulticast mode
[   25.172074] pimreg: entered allmulticast mode
[   25.207827] pimreg: entered allmulticast mode
[   25.221042] pimreg: entered allmulticast mode
[   25.247592] pimreg: entered allmulticast mode
[   25.261985] pimreg: entered allmulticast mode
[   25.285781] pimreg: entered allmulticast mode
[   25.309816] pimreg: entered allmulticast mode
[   25.330718] pimreg: left allmulticast mode
[   25.331097] pimreg: left allmulticast mode
[   25.331361] pimreg: left allmulticast mode
[   25.331613] pimreg: left allmulticast mode
[   25.332256] pimreg: left allmulticast mode
[   25.332615] pimreg: left allmulticast mode
[   25.332924] pimreg: left allmulticast mode
[   25.346168] pimreg: entered allmulticast mode
[   25.370278] pimreg: entered allmulticast mode
[   25.396677] pimreg: entered allmulticast mode
[   25.422543] pimreg: entered allmulticast mode
[   25.454067] pimreg: entered allmulticast mode
[   25.478449] pimreg: entered allmulticast mode
[   25.494434] pimreg: left allmulticast mode
[   25.494746] pimreg: left allmulticast mode
[   25.495012] pimreg: left allmulticast mode
[   25.495266] pimreg: left allmulticast mode
[   25.495566] pimreg: left allmulticast mode
[   25.497152] pimreg: left allmulticast mode
[   25.507789] pimreg: entered allmulticast mode
[   25.540717] pimreg: entered allmulticast mode
[   25.567510] pimreg: entered allmulticast mode
[   25.605783] pimreg: entered allmulticast mode
[   25.630524] pimreg: entered allmulticast mode
[   25.658457] pimreg: entered allmulticast mode
[   25.682628] pimreg: entered allmulticast mode
[   25.706460] pimreg: left allmulticast mode
[   25.706788] pimreg: left allmulticast mode
[   25.707120] pimreg: left allmulticast mode
[   25.707966] pimreg: left allmulticast mode
[   25.708398] pimreg: left allmulticast mode
[   25.708703] pimreg: left allmulticast mode
[   25.709022] pimreg: left allmulticast mode
[   25.720397] pimreg: entered allmulticast mode
[   25.734182] pimreg: entered allmulticast mode
[   25.751214] pimreg: entered allmulticast mode
[   25.775629] pimreg: entered allmulticast mode
[   25.797701] pimreg: entered allmulticast mode
[   25.829161] pimreg: entered allmulticast mode
[   25.863516] pimreg: entered allmulticast mode
[   25.886239] pimreg: entered allmulticast mode
[   25.907544] pimreg: entered allmulticast mode
[   25.915266] pimreg: left allmulticast mode
[   25.915622] pimreg: left allmulticast mode
[   25.915889] pimreg: left allmulticast mode
[   25.916164] pimreg: left allmulticast mode
[   25.916434] pimreg: left allmulticast mode
[   25.916701] pimreg: left allmulticast mode
[   25.917004] pimreg: left allmulticast mode
[   25.917304] pimreg: left allmulticast mode
[   25.918598] pimreg: left allmulticast mode
[   25.933347] pimreg: entered allmulticast mode
[   25.964613] pimreg: entered allmulticast mode
[   25.994871] pimreg: entered allmulticast mode
[   26.018361] pimreg: entered allmulticast mode
[   26.038564] pimreg: entered allmulticast mode
[   26.061977] pimreg: entered allmulticast mode
[   26.090790] pimreg: entered allmulticast mode
[   26.113546] pimreg: entered allmulticast mode
[   26.126885] pimreg: left allmulticast mode
[   26.127538] pimreg: left allmulticast mode
[   26.128132] pimreg: left allmulticast mode
[   26.128449] pimreg: left allmulticast mode
[   26.128750] pimreg: left allmulticast mode
[   26.129061] pimreg: left allmulticast mode
[   26.129354] pimreg: left allmulticast mode
[   26.129669] pimreg: left allmulticast mode
[   26.144552] pimreg: entered allmulticast mode
[   26.166182] pimreg: entered allmulticast mode
[   26.190196] pimreg: entered allmulticast mode
[   26.210324] pimreg: entered allmulticast mode
[   26.234307] pimreg: entered allmulticast mode
[   26.254589] pimreg: entered allmulticast mode
[   26.282307] pimreg: entered allmulticast mode
[   26.310375] pimreg: entered allmulticast mode
[   26.338256] pimreg: entered allmulticast mode
[   26.342957] pimreg: left allmulticast mode
[   26.343316] pimreg: left allmulticast mode
[   26.343579] pimreg: left allmulticast mode
[   26.343838] pimreg: left allmulticast mode
[   26.344124] pimreg: left allmulticast mode
[   26.344382] pimreg: left allmulticast mode
[   26.344639] pimreg: left allmulticast mode
[   26.345315] pimreg: left allmulticast mode
[   26.345606] pimreg: left allmulticast mode
[   26.360973] pimreg: entered allmulticast mode
[   26.392057] pimreg: entered allmulticast mode
[   26.423017] pimreg: entered allmulticast mode
[   26.445691] pimreg: entered allmulticast mode
[   26.474584] pimreg: entered allmulticast mode
[   26.490500] pimreg: entered allmulticast mode
[   26.510442] pimreg: entered allmulticast mode
[   26.534237] pimreg: entered allmulticast mode
[   26.561604] pimreg: entered allmulticast mode
[   26.574871] pimreg: left allmulticast mode
[   26.575349] pimreg: left allmulticast mode
[   26.575611] pimreg: left allmulticast mode
[   26.575869] pimreg: left allmulticast mode
[   26.576184] pimreg: left allmulticast mode
[   26.576483] pimreg: left allmulticast mode
[   26.576784] pimreg: left allmulticast mode
[   26.577085] pimreg: left allmulticast mode
[   26.577369] pimreg: left allmulticast mode
[   26.592025] pimreg: entered allmulticast mode
[   26.611621] pimreg: entered allmulticast mode
[   26.646184] pimreg: entered allmulticast mode
[   26.666467] pimreg: entered allmulticast mode
[   26.690516] pimreg: entered allmulticast mode
[   26.722697] pimreg: entered allmulticast mode
[   26.750162] pimreg: entered allmulticast mode
[   26.778423] pimreg: entered allmulticast mode
[   26.806329] pimreg: entered allmulticast mode
[   26.830534] pimreg: left allmulticast mode
[   26.831374] pimreg: left allmulticast mode
[   26.831774] pimreg: left allmulticast mode
[   26.832074] pimreg: left allmulticast mode
[   26.832383] pimreg: left allmulticast mode
[   26.832692] pimreg: left allmulticast mode
[   26.833015] pimreg: left allmulticast mode
[   26.833318] pimreg: left allmulticast mode
[   26.833615] pimreg: left allmulticast mode
[   26.847970] pimreg: entered allmulticast mode
[   26.879143] pimreg: entered allmulticast mode
[   26.897209] pimreg: entered allmulticast mode
[   26.921973] pimreg: entered allmulticast mode
[   26.954061] pimreg: entered allmulticast mode
[   26.986351] pimreg: entered allmulticast mode
[   27.017353] pimreg: entered allmulticast mode
[   27.042390] pimreg: entered allmulticast mode
[   27.086337] pimreg: entered allmulticast mode
[   27.130797] pimreg: entered allmulticast mode
[   27.135578] pimreg: left allmulticast mode
[   27.136315] pimreg: left allmulticast mode
[   27.136661] pimreg: left allmulticast mode
[   27.136980] pimreg: left allmulticast mode
[   27.137285] pimreg: left allmulticast mode
[   27.137585] pimreg: left allmulticast mode
[   27.137966] pimreg: left allmulticast mode
[   27.138280] pimreg: left allmulticast mode
[   27.138588] pimreg: left allmulticast mode
[   27.154339] pimreg: entered allmulticast mode
[   27.187509] pimreg: entered allmulticast mode
[   27.212691] pimreg: entered allmulticast mode
[   27.242697] pimreg: entered allmulticast mode
[   27.273684] pimreg: entered allmulticast mode
[   27.298249] pimreg: entered allmulticast mode
[   27.317945] pimreg: entered allmulticast mode
[   27.342519] pimreg: entered allmulticast mode
[   27.365888] pimreg: entered allmulticast mode
[   27.378971] pimreg: left allmulticast mode
[   27.379307] pimreg: left allmulticast mode
[   27.379564] pimreg: left allmulticast mode
[   27.379815] pimreg: left allmulticast mode
[   27.380139] pimreg: left allmulticast mode
[   27.380452] pimreg: left allmulticast mode
[   27.380767] pimreg: left allmulticast mode
[   27.381094] pimreg: left allmulticast mode
[   27.381409] pimreg: left allmulticast mode
[   27.381728] pimreg: left allmulticast mode
[   27.398961] pimreg: entered allmulticast mode
[   27.432081] pimreg: entered allmulticast mode
[   27.457271] pimreg: entered allmulticast mode
[   27.482635] pimreg: entered allmulticast mode
[   27.505732] pimreg: entered allmulticast mode
[   27.530409] pimreg: entered allmulticast mode
[   27.558338] pimreg: entered allmulticast mode
[   27.586442] pimreg: entered allmulticast mode
[   27.610362] pimreg: entered allmulticast mode
[   27.634515] pimreg: entered allmulticast mode
[   27.639617] pimreg: left allmulticast mode
[   27.640271] pimreg: left allmulticast mode
[   27.640550] pimreg: left allmulticast mode
[   27.640803] pimreg: left allmulticast mode
[   27.641124] pimreg: left allmulticast mode
[   27.641435] pimreg: left allmulticast mode
[   27.641796] pimreg: left allmulticast mode
[   27.642110] pimreg: left allmulticast mode
[   27.642401] pimreg: left allmulticast mode
[   27.666299] pimreg: entered allmulticast mode
[   27.690198] pimreg: entered allmulticast mode
[   27.719298] pimreg: entered allmulticast mode
[   27.738387] pimreg: entered allmulticast mode
[   27.761239] pimreg: entered allmulticast mode
[   27.786098] pimreg: entered allmulticast mode
[   27.806313] pimreg: entered allmulticast mode
[   27.826424] pimreg: entered allmulticast mode
[   27.854649] pimreg: entered allmulticast mode
[   27.858809] pimreg: left allmulticast mode
[   27.859205] pimreg: left allmulticast mode
[   27.859538] pimreg: left allmulticast mode
[   27.859839] pimreg: left allmulticast mode
[   27.860156] pimreg: left allmulticast mode
[   27.861136] pimreg: left allmulticast mode
[   27.861479] pimreg: left allmulticast mode
[   27.861842] pimreg: left allmulticast mode
[   27.862162] pimreg: left allmulticast mode
[   27.862447] pimreg: left allmulticast mode
[   27.879049] pimreg: entered allmulticast mode
[   27.901945] pimreg: entered allmulticast mode
[   27.929674] pimreg: entered allmulticast mode
[   27.944045] pimreg: entered allmulticast mode
[   27.970267] pimreg: entered allmulticast mode
[   27.994270] pimreg: entered allmulticast mode
[   28.018389] pimreg: entered allmulticast mode
[   28.054755] pimreg: entered allmulticast mode
[   28.074794] pimreg: left allmulticast mode
[   28.075160] pimreg: left allmulticast mode
[   28.075704] pimreg: left allmulticast mode
[   28.076040] pimreg: left allmulticast mode
[   28.076688] pimreg: left allmulticast mode
[   28.076971] pimreg: left allmulticast mode
[   28.077233] pimreg: left allmulticast mode
[   28.077486] pimreg: left allmulticast mode
[   28.091321] pimreg: entered allmulticast mode
[   28.118844] pimreg: entered allmulticast mode
[   28.146758] pimreg: entered allmulticast mode
[   28.163707] pimreg: entered allmulticast mode
[   28.174945] pimreg: entered allmulticast mode
[   28.199013] pimreg: entered allmulticast mode
[   28.218413] pimreg: entered allmulticast mode
[   28.223502] pimreg: left allmulticast mode
[   28.223870] pimreg: left allmulticast mode
[   28.224244] pimreg: left allmulticast mode
[   28.224554] pimreg: left allmulticast mode
[   28.224849] pimreg: left allmulticast mode
[   28.225156] pimreg: left allmulticast mode
[   28.242083] pimreg: entered allmulticast mode
[   28.257161] pimreg: entered allmulticast mode
[   28.284399] pimreg: entered allmulticast mode
[   28.303140] pimreg: entered allmulticast mode
[   28.326360] pimreg: entered allmulticast mode
[   28.347546] pimreg: entered allmulticast mode
[   28.350908] pimreg: left allmulticast mode
[   28.351408] pimreg: left allmulticast mode
[   28.351745] pimreg: left allmulticast mode
[   28.352041] pimreg: left allmulticast mode
[   28.352347] pimreg: left allmulticast mode
[   28.352666] pimreg: left allmulticast mode
[   28.352966] pimreg: left allmulticast mode
[   28.365917] pimreg: entered allmulticast mode
[   28.397922] pimreg: entered allmulticast mode
[   28.422556] pimreg: entered allmulticast mode
[   28.435031] pimreg: entered allmulticast mode
[   28.458155] pimreg: entered allmulticast mode
[   28.479540] pimreg: left allmulticast mode
[   28.479834] pimreg: left allmulticast mode
[   28.480101] pimreg: left allmulticast mode
[   28.480352] pimreg: left allmulticast mode
[   28.480600] pimreg: left allmulticast mode
[   28.490466] pimreg: entered allmulticast mode
[   28.520765] pimreg: entered allmulticast mode
[   28.547553] pimreg: entered allmulticast mode
[   28.570716] pimreg: entered allmulticast mode
[   28.594677] pimreg: entered allmulticast mode
[   28.610248] pimreg: entered allmulticast mode
[   28.614518] pimreg: left allmulticast mode
[   28.614891] pimreg: left allmulticast mode
[   28.615200] pimreg: left allmulticast mode
[   28.615525] pimreg: left allmulticast mode
[   28.615814] pimreg: left allmulticast mode
[   28.616127] pimreg: left allmulticast mode
[   28.629615] pimreg: entered allmulticast mode
[   28.651960] pimreg: entered allmulticast mode
[   28.664430] pimreg: entered allmulticast mode
[   28.682229] pimreg: entered allmulticast mode
[   28.706638] pimreg: entered allmulticast mode
[   28.722260] pimreg: entered allmulticast mode
[   28.742247] pimreg: entered allmulticast mode
[   28.762439] pimreg: left allmulticast mode
[   28.762798] pimreg: left allmulticast mode
[   28.763120] pimreg: left allmulticast mode
[   28.763704] pimreg: left allmulticast mode
[   28.764181] pimreg: left allmulticast mode
[   28.764502] pimreg: left allmulticast mode
[   28.764815] pimreg: left allmulticast mode
[   28.776903] pimreg: entered allmulticast mode
[   28.802631] pimreg: entered allmulticast mode
[   28.823996] pimreg: entered allmulticast mode
[   28.843313] pimreg: entered allmulticast mode
[   28.858131] pimreg: entered allmulticast mode
[   28.878676] pimreg: entered allmulticast mode
[   28.902524] pimreg: entered allmulticast mode
[   28.926197] pimreg: entered allmulticast mode
[   28.930711] pimreg: left allmulticast mode
[   28.931111] pimreg: left allmulticast mode
[   28.931433] pimreg: left allmulticast mode
[   28.931737] pimreg: left allmulticast mode
[   28.932050] pimreg: left allmulticast mode
[   28.932370] pimreg: left allmulticast mode
[   28.933059] pimreg: left allmulticast mode
[   28.933409] pimreg: left allmulticast mode
[   28.947434] pimreg: entered allmulticast mode
[   28.972447] pimreg: entered allmulticast mode
[   28.996801] pimreg: entered allmulticast mode
[   29.019267] pimreg: entered allmulticast mode
[   29.038019] pimreg: entered allmulticast mode
[   29.058738] pimreg: entered allmulticast mode
[   29.078482] pimreg: entered allmulticast mode
[   29.099571] pimreg: entered allmulticast mode
[   29.114669] pimreg: left allmulticast mode
[   29.115019] pimreg: left allmulticast mode
[   29.115278] pimreg: left allmulticast mode
[   29.115539] pimreg: left allmulticast mode
[   29.115792] pimreg: left allmulticast mode
[   29.116278] pimreg: left allmulticast mode
[   29.116998] pimreg: left allmulticast mode
[   29.117280] pimreg: left allmulticast mode
[   29.130216] pimreg: entered allmulticast mode
[   29.157342] pimreg: entered allmulticast mode
[   29.187592] pimreg: entered allmulticast mode
[   29.211034] pimreg: entered allmulticast mode
[   29.237820] pimreg: entered allmulticast mode
[   29.262062] pimreg: entered allmulticast mode
[   29.286564] pimreg: entered allmulticast mode
[   29.310100] pimreg: entered allmulticast mode
[   29.322504] pimreg: left allmulticast mode
[   29.322819] pimreg: left allmulticast mode
[   29.323083] pimreg: left allmulticast mode
[   29.323341] pimreg: left allmulticast mode
[   29.323646] pimreg: left allmulticast mode
[   29.323966] pimreg: left allmulticast mode
[   29.324265] pimreg: left allmulticast mode
[   29.324552] pimreg: left allmulticast mode
[   29.338626] pimreg: entered allmulticast mode
[   29.370861] pimreg: entered allmulticast mode
[   29.398261] pimreg: entered allmulticast mode
[   29.422773] pimreg: entered allmulticast mode
[   29.450145] pimreg: entered allmulticast mode
[   29.474502] pimreg: entered allmulticast mode
[   29.505712] pimreg: entered allmulticast mode
[   29.533654] pimreg: entered allmulticast mode
[   29.538728] pimreg: left allmulticast mode
[   29.539069] pimreg: left allmulticast mode
[   29.539363] pimreg: left allmulticast mode
[   29.539638] pimreg: left allmulticast mode
[   29.539955] pimreg: left allmulticast mode
[   29.540414] pimreg: left allmulticast mode
[   29.541015] pimreg: left allmulticast mode
[   29.541350] pimreg: left allmulticast mode
[   29.554733] pimreg: entered allmulticast mode
[   29.579249] pimreg: entered allmulticast mode
[   29.607918] pimreg: entered allmulticast mode
[   29.631027] pimreg: entered allmulticast mode
[   29.646404] pimreg: entered allmulticast mode
[   29.666853] pimreg: entered allmulticast mode
[   29.686044] pimreg: entered allmulticast mode
[   29.706231] pimreg: entered allmulticast mode
[   29.733834] pimreg: entered allmulticast mode
[   29.734821] pimreg: left allmulticast mode
[   29.735203] pimreg: left allmulticast mode
[   29.735492] pimreg: left allmulticast mode
[   29.735802] pimreg: left allmulticast mode
[   29.736119] pimreg: left allmulticast mode
[   29.736650] pimreg: left allmulticast mode
[   29.736984] pimreg: left allmulticast mode
[   29.737286] pimreg: left allmulticast mode
[   29.753447] pimreg: entered allmulticast mode
[   29.782970] pimreg: entered allmulticast mode
[   29.809542] pimreg: entered allmulticast mode
[   29.822118] pimreg: entered allmulticast mode
[   29.846090] pimreg: entered allmulticast mode
[   29.861946] pimreg: entered allmulticast mode
[   29.882288] pimreg: entered allmulticast mode
[   29.906427] pimreg: entered allmulticast mode
[   29.934514] pimreg: entered allmulticast mode
[   29.967204] pimreg: left allmulticast mode
[   29.967928] pimreg: left allmulticast mode
[   29.968626] pimreg: left allmulticast mode
[   29.968950] pimreg: left allmulticast mode
[   29.969271] pimreg: left allmulticast mode
[   29.969570] pimreg: left allmulticast mode
[   29.969936] pimreg: left allmulticast mode
[   29.970262] pimreg: left allmulticast mode
[   29.970585] pimreg: left allmulticast mode
[   29.970886] pimreg: left allmulticast mode
[   29.985769] pimreg: entered allmulticast mode
[   30.010073] pimreg: entered allmulticast mode
[   30.038798] pimreg: entered allmulticast mode
[   30.057855] pimreg: entered allmulticast mode
[   30.089923] pimreg: entered allmulticast mode
[   30.117851] pimreg: entered allmulticast mode
[   30.150704] pimreg: entered allmulticast mode
[   30.170481] pimreg: entered allmulticast mode
[   30.189946] pimreg: entered allmulticast mode
[   30.207935] pimreg: entered allmulticast mode
[   30.242654] pimreg: left allmulticast mode
[   30.243017] pimreg: left allmulticast mode
[   30.243293] pimreg: left allmulticast mode
[   30.243560] pimreg: left allmulticast mode
[   30.243848] pimreg: left allmulticast mode
[   30.244118] pimreg: left allmulticast mode
[   30.244381] pimreg: left allmulticast mode
[   30.245174] pimreg: left allmulticast mode
[   30.246199] pimreg: left allmulticast mode
[   30.246561] pimreg: left allmulticast mode
[   30.262238] pimreg: entered allmulticast mode
[   30.286793] pimreg: entered allmulticast mode
[   30.314644] pimreg: entered allmulticast mode
[   30.326337] pimreg: entered allmulticast mode
[   30.354568] pimreg: entered allmulticast mode
[   30.373669] pimreg: entered allmulticast mode
[   30.387136] pimreg: left allmulticast mode
[   30.387499] pimreg: left allmulticast mode
[   30.387777] pimreg: left allmulticast mode
[   30.388072] pimreg: left allmulticast mode
[   30.388330] pimreg: left allmulticast mode
[   30.388632] pimreg: left allmulticast mode
[   30.399871] pimreg: entered allmulticast mode
[   30.428599] pimreg: entered allmulticast mode
[   30.464496] pimreg: entered allmulticast mode
[   30.498731] pimreg: entered allmulticast mode
[   30.522672] pimreg: entered allmulticast mode
[   30.550135] pimreg: entered allmulticast mode
[   30.578648] pimreg: entered allmulticast mode
[   30.598492] pimreg: left allmulticast mode
[   30.598881] pimreg: left allmulticast mode
[   30.599530] pimreg: left allmulticast mode
[   30.599866] pimreg: left allmulticast mode
[   30.600263] pimreg: left allmulticast mode
[   30.600545] pimreg: left allmulticast mode
[   30.600828] pimreg: left allmulticast mode
[   30.612193] pimreg: entered allmulticast mode
[   30.626399] pimreg: entered allmulticast mode
[   30.643021] pimreg: entered allmulticast mode
[   30.670836] pimreg: entered allmulticast mode
[   30.683626] pimreg: entered allmulticast mode
[   30.698376] pimreg: entered allmulticast mode
[   30.718188] pimreg: entered allmulticast mode
[   30.738733] pimreg: left allmulticast mode
[   30.739049] pimreg: left allmulticast mode
[   30.739338] pimreg: left allmulticast mode
[   30.739622] pimreg: left allmulticast mode
[   30.739927] pimreg: left allmulticast mode
[   30.740236] pimreg: left allmulticast mode
[   30.740549] pimreg: left allmulticast mode
[   30.751973] pimreg: entered allmulticast mode
[   30.771373] pimreg: entered allmulticast mode
[   30.796311] pimreg: entered allmulticast mode
[   30.826175] pimreg: entered allmulticast mode
[   30.858083] pimreg: entered allmulticast mode
[   30.898440] pimreg: entered allmulticast mode
[   30.925949] pimreg: entered allmulticast mode
[   30.949684] pimreg: entered allmulticast mode
[   30.955339] pimreg: left allmulticast mode
[   30.955697] pimreg: left allmulticast mode
[   30.956020] pimreg: left allmulticast mode
[   30.956315] pimreg: left allmulticast mode
[   30.956603] pimreg: left allmulticast mode
[   30.956909] pimreg: left allmulticast mode
[   30.957227] pimreg: left allmulticast mode
[   30.957520] pimreg: left allmulticast mode
[   30.971929] pimreg: entered allmulticast mode
[   31.007033] pimreg: entered allmulticast mode
[   31.031296] pimreg: entered allmulticast mode
[   31.062536] pimreg: entered allmulticast mode
[   31.090660] pimreg: entered allmulticast mode
[   31.130068] pimreg: entered allmulticast mode
[   31.158689] pimreg: entered allmulticast mode
[   31.185956] pimreg: entered allmulticast mode
[   31.202577] pimreg: left allmulticast mode
[   31.202945] pimreg: left allmulticast mode
[   31.203214] pimreg: left allmulticast mode
[   31.203473] pimreg: left allmulticast mode
[   31.203736] pimreg: left allmulticast mode
[   31.204072] pimreg: left allmulticast mode
[   31.204363] pimreg: left allmulticast mode
[   31.205241] pimreg: left allmulticast mode
[   31.218797] pimreg: entered allmulticast mode
[   31.238896] pimreg: entered allmulticast mode
[   31.263622] pimreg: entered allmulticast mode
[   31.289723] pimreg: entered allmulticast mode
[   31.314431] pimreg: entered allmulticast mode
[   31.342321] pimreg: entered allmulticast mode
[   31.382075] pimreg: entered allmulticast mode
[   31.410544] pimreg: entered allmulticast mode
[   31.430489] pimreg: left allmulticast mode
[   31.430863] pimreg: left allmulticast mode
[   31.431136] pimreg: left allmulticast mode
[   31.431401] pimreg: left allmulticast mode
[   31.431668] pimreg: left allmulticast mode
[   31.432417] pimreg: left allmulticast mode
[   31.432750] pimreg: left allmulticast mode
[   31.433101] pimreg: left allmulticast mode
[   31.447075] pimreg: entered allmulticast mode
[   31.469750] pimreg: entered allmulticast mode
[   31.496717] pimreg: entered allmulticast mode
[   31.522657] pimreg: entered allmulticast mode
[   31.554241] pimreg: entered allmulticast mode
[   31.582052] pimreg: entered allmulticast mode
[   31.610240] pimreg: entered allmulticast mode
[   31.638113] pimreg: entered allmulticast mode
[   31.666650] pimreg: entered allmulticast mode
[   31.671359] pimreg: left allmulticast mode
[   31.671748] pimreg: left allmulticast mode
[   31.672087] pimreg: left allmulticast mode
[   31.672401] pimreg: left allmulticast mode
[   31.672705] pimreg: left allmulticast mode
[   31.673029] pimreg: left allmulticast mode
[   31.673337] pimreg: left allmulticast mode
[   31.673689] pimreg: left allmulticast mode
[   31.694217] pimreg: entered allmulticast mode
[   31.722695] pimreg: entered allmulticast mode
[   31.747343] pimreg: entered allmulticast mode
[   31.782523] pimreg: entered allmulticast mode
[   31.802167] pimreg: entered allmulticast mode
[   31.822769] pimreg: entered allmulticast mode
[   31.837487] pimreg: entered allmulticast mode
[   31.866482] pimreg: left allmulticast mode
[   31.866847] pimreg: left allmulticast mode
[   31.867160] pimreg: left allmulticast mode
[   31.867513] pimreg: left allmulticast mode
[   31.867852] pimreg: left allmulticast mode
[   31.868981] pimreg: left allmulticast mode
[   31.869351] pimreg: left allmulticast mode
[   31.870270] pimreg: left allmulticast mode
[   31.883054] pimreg: entered allmulticast mode
[   31.910433] pimreg: entered allmulticast mode
[   31.940675] pimreg: entered allmulticast mode
[   31.966801] pimreg: entered allmulticast mode
[   31.981937] pimreg: entered allmulticast mode
[   32.002961] pimreg: entered allmulticast mode
[   32.022270] pimreg: entered allmulticast mode
[   32.042042] pimreg: entered allmulticast mode
[   32.062176] pimreg: entered allmulticast mode
[   32.063132] pimreg: left allmulticast mode
[   32.063552] pimreg: left allmulticast mode
[   32.063902] pimreg: left allmulticast mode
[   32.064225] pimreg: left allmulticast mode
[   32.064564] pimreg: left allmulticast mode
[   32.064888] pimreg: left allmulticast mode
[   32.065203] pimreg: left allmulticast mode
[   32.065514] pimreg: left allmulticast mode
[   32.079994] pimreg: entered allmulticast mode
[   32.115278] pimreg: entered allmulticast mode
[   32.139465] pimreg: entered allmulticast mode
[   32.155044] pimreg: entered allmulticast mode
[   32.177825] pimreg: entered allmulticast mode
[   32.198254] pimreg: entered allmulticast mode
[   32.203477] pimreg: left allmulticast mode
[   32.204144] pimreg: left allmulticast mode
[   32.204441] pimreg: left allmulticast mode
[   32.204749] pimreg: left allmulticast mode
[   32.205059] pimreg: left allmulticast mode
[   32.205369] pimreg: left allmulticast mode
[   32.218054] pimreg: entered allmulticast mode
[   32.253242] pimreg: entered allmulticast mode
[   32.275770] pimreg: entered allmulticast mode
[   32.293723] pimreg: entered allmulticast mode
[   32.313497] pimreg: entered allmulticast mode
[   32.334222] pimreg: entered allmulticast mode
[   32.352652] pimreg: left allmulticast mode
[   32.353035] pimreg: left allmulticast mode
[   32.353318] pimreg: left allmulticast mode
[   32.353599] pimreg: left allmulticast mode
[   32.353935] pimreg: left allmulticast mode
[   32.354436] pimreg: left allmulticast mode
[   32.354699] pimreg: left allmulticast mode
[   32.354975] pimreg: left allmulticast mode
[   32.366213] pimreg: entered allmulticast mode
[   32.392709] pimreg: entered allmulticast mode
[   32.427318] pimreg: entered allmulticast mode
[   32.447440] pimreg: entered allmulticast mode
[   32.466198] pimreg: entered allmulticast mode
[   32.486096] pimreg: entered allmulticast mode
[   32.506482] pimreg: entered allmulticast mode
[   32.522574] pimreg: left allmulticast mode
[   32.522936] pimreg: left allmulticast mode
[   32.523213] pimreg: left allmulticast mode
[   32.523889] pimreg: left allmulticast mode
[   32.524358] pimreg: left allmulticast mode
[   32.524645] pimreg: left allmulticast mode
[   32.535188] pimreg: entered allmulticast mode
[   32.583062] pimreg: entered allmulticast mode
[   32.600668] pimreg: entered allmulticast mode
[   32.626447] pimreg: entered allmulticast mode
[   32.650495] pimreg: entered allmulticast mode
[   32.670306] pimreg: entered allmulticast mode
[   32.689886] pimreg: entered allmulticast mode
[   32.718981] pimreg: left allmulticast mode
[   32.719299] pimreg: left allmulticast mode
[   32.719604] pimreg: left allmulticast mode
[   32.719902] pimreg: left allmulticast mode
[   32.720211] pimreg: left allmulticast mode
[   32.721405] pimreg: left allmulticast mode
[   32.721763] pimreg: left allmulticast mode
[   32.732575] pimreg: entered allmulticast mode
[   32.761274] pimreg: entered allmulticast mode
[   32.791343] pimreg: entered allmulticast mode
[   32.845394] pimreg: entered allmulticast mode
[   32.870385] pimreg: entered allmulticast mode
[   32.914364] pimreg: entered allmulticast mode
[   32.934570] pimreg: entered allmulticast mode
[   32.954436] pimreg: left allmulticast mode
[   32.954796] pimreg: left allmulticast mode
[   32.955125] pimreg: left allmulticast mode
[   32.956071] pimreg: left allmulticast mode
[   32.956806] pimreg: left allmulticast mode
[   32.957176] pimreg: left allmulticast mode
[   32.957513] pimreg: left allmulticast mode
[   32.970986] pimreg: entered allmulticast mode
[   33.001956] pimreg: entered allmulticast mode
[   33.020723] pimreg: entered allmulticast mode
[   33.042317] pimreg: entered allmulticast mode
[   33.070278] pimreg: entered allmulticast mode
[   33.094460] pimreg: entered allmulticast mode
[   33.117943] pimreg: entered allmulticast mode
[   33.142163] pimreg: entered allmulticast mode
[   33.146619] pimreg: left allmulticast mode
[   33.146998] pimreg: left allmulticast mode
[   33.147354] pimreg: left allmulticast mode
[   33.147667] pimreg: left allmulticast mode
[   33.148000] pimreg: left allmulticast mode
[   33.148307] pimreg: left allmulticast mode
[   33.148608] pimreg: left allmulticast mode
[   33.149452] pimreg: left allmulticast mode
[   33.163930] pimreg: entered allmulticast mode
[   33.207232] pimreg: entered allmulticast mode
[   33.229071] pimreg: entered allmulticast mode
[   33.255048] pimreg: entered allmulticast mode
[   33.278337] pimreg: entered allmulticast mode
[   33.306453] pimreg: entered allmulticast mode
[   33.330772] pimreg: entered allmulticast mode
[   33.363818] pimreg: entered allmulticast mode
[   33.375333] pimreg: left allmulticast mode
[   33.375666] pimreg: left allmulticast mode
[   33.375940] pimreg: left allmulticast mode
[   33.376206] pimreg: left allmulticast mode
[   33.376456] pimreg: left allmulticast mode
[   33.376741] pimreg: left allmulticast mode
[   33.377032] pimreg: left allmulticast mode
[   33.377586] pimreg: left allmulticast mode
[   33.391913] pimreg: entered allmulticast mode
[   33.431789] pimreg: entered allmulticast mode
[   33.460994] pimreg: entered allmulticast mode
[   33.498550] pimreg: entered allmulticast mode
[   33.522189] pimreg: entered allmulticast mode
[   33.545602] pimreg: entered allmulticast mode
[   33.566606] pimreg: entered allmulticast mode
[   33.594668] pimreg: entered allmulticast mode
[   33.610615] pimreg: left allmulticast mode
[   33.610979] pimreg: left allmulticast mode
[   33.611253] pimreg: left allmulticast mode
[   33.612740] pimreg: left allmulticast mode
[   33.613062] pimreg: left allmulticast mode
[   33.613322] pimreg: left allmulticast mode
[   33.613801] pimreg: left allmulticast mode
[   33.614122] pimreg: left allmulticast mode
[   33.626731] pimreg: entered allmulticast mode
[   33.649088] pimreg: entered allmulticast mode
[   33.672829] pimreg: entered allmulticast mode
[   33.698072] pimreg: entered allmulticast mode
[   33.726242] pimreg: entered allmulticast mode
[   33.766278] pimreg: entered allmulticast mode
[   33.806548] pimreg: entered allmulticast mode
[   33.849551] pimreg: entered allmulticast mode
[   33.870549] pimreg: left allmulticast mode
[   33.870931] pimreg: left allmulticast mode
[   33.871453] pimreg: left allmulticast mode
[   33.871834] pimreg: left allmulticast mode
[   33.872497] pimreg: left allmulticast mode
[   33.872852] pimreg: left allmulticast mode
[   33.873175] pimreg: left allmulticast mode
[   33.873497] pimreg: left allmulticast mode
[   33.886739] pimreg: entered allmulticast mode
[   33.911973] pimreg: entered allmulticast mode
[   33.934307] pimreg: entered allmulticast mode
[   33.958624] pimreg: entered allmulticast mode
[   33.970266] pimreg: entered allmulticast mode
[   33.989445] pimreg: entered allmulticast mode
[   34.009912] pimreg: entered allmulticast mode
[   34.038352] pimreg: entered allmulticast mode
[   34.066809] pimreg: left allmulticast mode
[   34.067142] pimreg: left allmulticast mode
[   34.067458] pimreg: left allmulticast mode
[   34.068370] pimreg: left allmulticast mode
[   34.068760] pimreg: left allmulticast mode
[   34.069057] pimreg: left allmulticast mode
[   34.069359] pimreg: left allmulticast mode
[   34.070075] pimreg: left allmulticast mode
[   34.082969] pimreg: entered allmulticast mode
[   34.103600] pimreg: entered allmulticast mode
[   34.131989] pimreg: entered allmulticast mode
[   34.154806] pimreg: entered allmulticast mode
[   34.182113] pimreg: entered allmulticast mode
[   34.209937] pimreg: entered allmulticast mode
[   34.235016] pimreg: entered allmulticast mode
[   34.258740] pimreg: entered allmulticast mode
[   34.278472] pimreg: left allmulticast mode
[   34.278847] pimreg: left allmulticast mode
[   34.279111] pimreg: left allmulticast mode
[   34.279369] pimreg: left allmulticast mode
[   34.279636] pimreg: left allmulticast mode
[   34.281197] pimreg: left allmulticast mode
[   34.281552] pimreg: left allmulticast mode
[   34.281929] pimreg: left allmulticast mode
[   34.295069] pimreg: entered allmulticast mode
[   34.330191] pimreg: entered allmulticast mode
[   34.355174] pimreg: entered allmulticast mode
[   34.378736] pimreg: entered allmulticast mode
[   34.398324] pimreg: entered allmulticast mode
[   34.418216] pimreg: entered allmulticast mode
[   34.445936] pimreg: entered allmulticast mode
[   34.474454] pimreg: entered allmulticast mode
[   34.487075] pimreg: left allmulticast mode
[   34.487454] pimreg: left allmulticast mode
[   34.487787] pimreg: left allmulticast mode
[   34.488104] pimreg: left allmulticast mode
[   34.488420] pimreg: left allmulticast mode
[   34.489178] pimreg: left allmulticast mode
[   34.489521] pimreg: left allmulticast mode
[   34.489908] pimreg: left allmulticast mode
[   34.503810] pimreg: entered allmulticast mode
[   34.528118] pimreg: entered allmulticast mode
[   34.546894] pimreg: entered allmulticast mode
[   34.569866] pimreg: entered allmulticast mode
[   34.590172] pimreg: entered allmulticast mode
[   34.618336] pimreg: entered allmulticast mode
[   34.638039] pimreg: entered allmulticast mode
[   34.658129] pimreg: entered allmulticast mode
[   34.677978] pimreg: entered allmulticast mode
[   34.679214] pimreg: left allmulticast mode
[   34.679881] pimreg: left allmulticast mode
[   34.680213] pimreg: left allmulticast mode
[   34.680535] pimreg: left allmulticast mode
[   34.680865] pimreg: left allmulticast mode
[   34.681159] pimreg: left allmulticast mode
[   34.681461] pimreg: left allmulticast mode
[   34.681827] pimreg: left allmulticast mode
[   34.695632] pimreg: entered allmulticast mode
[   34.722975] pimreg: entered allmulticast mode
[   34.745300] pimreg: entered allmulticast mode
[   34.769841] pimreg: entered allmulticast mode
[   34.810355] pimreg: entered allmulticast mode
[   34.850473] pimreg: entered allmulticast mode
[   34.908656] pimreg: entered allmulticast mode
[   34.936323] pimreg: entered allmulticast mode
[   34.950271] pimreg: left allmulticast mode
[   34.950619] pimreg: left allmulticast mode
[   34.950904] pimreg: left allmulticast mode
[   34.951170] pimreg: left allmulticast mode
[   34.951440] pimreg: left allmulticast mode
[   34.952145] pimreg: left allmulticast mode
[   34.952429] pimreg: left allmulticast mode
[   34.952702] pimreg: left allmulticast mode
[   34.953015] pimreg: left allmulticast mode
[   34.967318] pimreg: entered allmulticast mode
[   34.999974] pimreg: entered allmulticast mode
[   35.025914] pimreg: entered allmulticast mode
[   35.070129] pimreg: entered allmulticast mode
[   35.098372] pimreg: entered allmulticast mode
[   35.130395] pimreg: entered allmulticast mode
[   35.154375] pimreg: entered allmulticast mode
[   35.189519] pimreg: entered allmulticast mode
[   35.222410] pimreg: entered allmulticast mode
[   35.226574] pimreg: left allmulticast mode
[   35.226947] pimreg: left allmulticast mode
[   35.227282] pimreg: left allmulticast mode
[   35.227592] pimreg: left allmulticast mode
[   35.227910] pimreg: left allmulticast mode
[   35.228243] pimreg: left allmulticast mode
[   35.228544] pimreg: left allmulticast mode
[   35.229287] pimreg: left allmulticast mode
[   35.229614] pimreg: left allmulticast mode
[   35.245443] pimreg: entered allmulticast mode
[   35.287170] pimreg: entered allmulticast mode
[   35.317410] pimreg: entered allmulticast mode
[   35.346190] pimreg: entered allmulticast mode
[   35.374505] pimreg: entered allmulticast mode
[   35.410511] pimreg: entered allmulticast mode
[   35.434314] pimreg: entered allmulticast mode
[   35.461701] pimreg: entered allmulticast mode
[   35.489954] pimreg: entered allmulticast mode
[   35.503164] pimreg: left allmulticast mode
[   35.503538] pimreg: left allmulticast mode
[   35.503872] pimreg: left allmulticast mode
[   35.504197] pimreg: left allmulticast mode
[   35.504482] pimreg: left allmulticast mode
[   35.504808] pimreg: left allmulticast mode
[   35.505123] pimreg: left allmulticast mode
[   35.505424] pimreg: left allmulticast mode
[   35.505767] pimreg: left allmulticast mode
[   35.521037] pimreg: entered allmulticast mode
[   35.560217] pimreg: entered allmulticast mode
[   35.585868] pimreg: entered allmulticast mode
[   35.615571] pimreg: entered allmulticast mode
[   35.642204] pimreg: entered allmulticast mode
[   35.662507] pimreg: entered allmulticast mode
[   35.685944] pimreg: entered allmulticast mode
[   35.691633] pimreg: left allmulticast mode
[   35.692164] pimreg: left allmulticast mode
[   35.692455] pimreg: left allmulticast mode
[   35.692788] pimreg: left allmulticast mode
[   35.693092] pimreg: left allmulticast mode
[   35.693389] pimreg: left allmulticast mode
[   35.709920] pimreg: entered allmulticast mode
[   35.735785] pimreg: entered allmulticast mode
[   35.757452] pimreg: entered allmulticast mode
[   35.782693] pimreg: entered allmulticast mode
[   35.798243] pimreg: entered allmulticast mode
[   35.817752] pimreg: entered allmulticast mode
[   35.854336] pimreg: left allmulticast mode
[   35.854695] pimreg: left allmulticast mode
[   35.854953] pimreg: left allmulticast mode
[   35.855257] pimreg: left allmulticast mode
[   35.855575] pimreg: left allmulticast mode
[   35.855923] pimreg: left allmulticast mode
[   35.856235] pimreg: left allmulticast mode
[   35.867822] pimreg: entered allmulticast mode
[   35.886116] pimreg: entered allmulticast mode
[   35.900508] pimreg: entered allmulticast mode
[   35.922431] pimreg: entered allmulticast mode
[   35.941945] pimreg: entered allmulticast mode
[   35.961964] pimreg: entered allmulticast mode
[   35.982364] pimreg: entered allmulticast mode
[   36.002771] pimreg: entered allmulticast mode
[   36.003147] pimreg: left allmulticast mode
[   36.003537] pimreg: left allmulticast mode
[   36.003872] pimreg: left allmulticast mode
[   36.004205] pimreg: left allmulticast mode
[   36.004527] pimreg: left allmulticast mode
[   36.004845] pimreg: left allmulticast mode
[   36.005163] pimreg: left allmulticast mode
[   36.017218] pimreg: entered allmulticast mode
[   36.038577] pimreg: entered allmulticast mode
[   36.057455] pimreg: entered allmulticast mode
[   36.079662] pimreg: entered allmulticast mode
[   36.101802] pimreg: entered allmulticast mode
[   36.130441] pimreg: entered allmulticast mode
[   36.170369] pimreg: entered allmulticast mode
[   36.197805] pimreg: entered allmulticast mode
[   36.222587] pimreg: entered allmulticast mode
[   36.263736] pimreg: left allmulticast mode
[   36.264032] pimreg: left allmulticast mode
[   36.264292] pimreg: left allmulticast mode
[   36.264543] pimreg: left allmulticast mode
[   36.264807] pimreg: left allmulticast mode
[   36.265123] pimreg: left allmulticast mode
[   36.265449] pimreg: left allmulticast mode
[   36.266051] pimreg: left allmulticast mode
[   36.266360] pimreg: left allmulticast mode
[   36.266670] pimreg: left allmulticast mode
[   36.281589] pimreg: entered allmulticast mode
[   36.306921] pimreg: entered allmulticast mode
[   36.332474] pimreg: entered allmulticast mode
[   36.354882] pimreg: entered allmulticast mode
[   36.378474] pimreg: entered allmulticast mode
[   36.406217] pimreg: entered allmulticast mode
[   36.434286] pimreg: entered allmulticast mode
[   36.457888] pimreg: entered allmulticast mode
[   36.463594] pimreg: left allmulticast mode
[   36.463935] pimreg: left allmulticast mode
[   36.464202] pimreg: left allmulticast mode
[   36.464508] pimreg: left allmulticast mode
[   36.464843] pimreg: left allmulticast mode
[   36.467655] pimreg: left allmulticast mode
[   36.467973] pimreg: left allmulticast mode
[   36.468288] pimreg: left allmulticast mode
[   36.482682] pimreg: entered allmulticast mode
[   36.511800] pimreg: entered allmulticast mode
[   36.535219] pimreg: entered allmulticast mode
[   36.546843] pimreg: entered allmulticast mode
[   36.570137] pimreg: entered allmulticast mode
[   36.598830] pimreg: left allmulticast mode
[   36.599138] pimreg: left allmulticast mode
[   36.599400] pimreg: left allmulticast mode
[   36.599673] pimreg: left allmulticast mode
[   36.599976] pimreg: left allmulticast mode
[   36.610299] pimreg: entered allmulticast mode
[   36.621808] pimreg: entered allmulticast mode
[   36.659149] pimreg: entered allmulticast mode
[   36.687551] pimreg: entered allmulticast mode
[   36.714187] pimreg: entered allmulticast mode
[   36.742035] pimreg: entered allmulticast mode
[   36.770446] pimreg: entered allmulticast mode
[   36.794448] pimreg: left allmulticast mode
[   36.794826] pimreg: left allmulticast mode
[   36.795141] pimreg: left allmulticast mode
[   36.796081] pimreg: left allmulticast mode
[   36.796901] pimreg: left allmulticast mode
[   36.797245] pimreg: left allmulticast mode
[   36.797598] pimreg: left allmulticast mode
[   36.809485] pimreg: entered allmulticast mode
[   36.841531] pimreg: entered allmulticast mode
[   36.862590] pimreg: entered allmulticast mode
[   36.890448] pimreg: entered allmulticast mode
[   36.910046] pimreg: entered allmulticast mode
[   36.929547] pimreg: entered allmulticast mode
[   36.962498] pimreg: entered allmulticast mode
[   36.982823] pimreg: left allmulticast mode
[   36.983121] pimreg: left allmulticast mode
[   36.983384] pimreg: left allmulticast mode
[   36.983656] pimreg: left allmulticast mode
[   36.983932] pimreg: left allmulticast mode
[   36.984191] pimreg: left allmulticast mode
[   36.984451] pimreg: left allmulticast mode
[   36.995726] pimreg: entered allmulticast mode
[   37.013524] pimreg: entered allmulticast mode
[   37.040592] pimreg: entered allmulticast mode
[   37.062258] pimreg: entered allmulticast mode
[   37.085887] pimreg: entered allmulticast mode
[   37.106103] pimreg: entered allmulticast mode
[   37.130584] pimreg: entered allmulticast mode
[   37.149974] pimreg: entered allmulticast mode
[   37.158767] pimreg: left allmulticast mode
[   37.159101] pimreg: left allmulticast mode
[   37.159431] pimreg: left allmulticast mode
[   37.159760] pimreg: left allmulticast mode
[   37.160067] pimreg: left allmulticast mode
[   37.160396] pimreg: left allmulticast mode
[   37.160868] pimreg: left allmulticast mode
[   37.161204] pimreg: left allmulticast mode
[   37.174483] pimreg: entered allmulticast mode
[   37.210829] pimreg: entered allmulticast mode
[   37.236326] pimreg: entered allmulticast mode
[   37.262668] pimreg: entered allmulticast mode
[   37.286023] pimreg: entered allmulticast mode
[   37.314209] pimreg: entered allmulticast mode
[   37.342346] pimreg: entered allmulticast mode
[   37.369997] pimreg: entered allmulticast mode
[   37.398733] pimreg: entered allmulticast mode
[   37.403594] pimreg: left allmulticast mode
[   37.403915] pimreg: left allmulticast mode
[   37.404244] pimreg: left allmulticast mode
[   37.404560] pimreg: left allmulticast mode
[   37.404864] pimreg: left allmulticast mode
[   37.405161] pimreg: left allmulticast mode
[   37.405457] pimreg: left allmulticast mode
[   37.406126] pimreg: left allmulticast mode
[   37.406458] pimreg: left allmulticast mode
[   37.421039] pimreg: entered allmulticast mode
[   37.460100] pimreg: entered allmulticast mode
[   37.474890] pimreg: entered allmulticast mode
[   37.498573] pimreg: entered allmulticast mode
[   37.521977] pimreg: entered allmulticast mode
[   37.545611] pimreg: entered allmulticast mode
[   37.558797] pimreg: left allmulticast mode
[   37.559108] pimreg: left allmulticast mode
[   37.559397] pimreg: left allmulticast mode
[   37.559695] pimreg: left allmulticast mode
[   37.559983] pimreg: left allmulticast mode
[   37.560272] pimreg: left allmulticast mode
[   37.571421] pimreg: entered allmulticast mode
[   37.594159] pimreg: entered allmulticast mode
[   37.619255] pimreg: entered allmulticast mode
[   37.641610] pimreg: entered allmulticast mode
[   37.665990] pimreg: entered allmulticast mode
[   37.686248] pimreg: entered allmulticast mode
[   37.705094] pimreg: entered allmulticast mode
[   37.718651] pimreg: left allmulticast mode
[   37.718990] pimreg: left allmulticast mode
[   37.719634] pimreg: left allmulticast mode
[   37.719928] pimreg: left allmulticast mode
[   37.720201] pimreg: left allmulticast mode
[   37.720456] pimreg: left allmulticast mode
[   37.720754] pimreg: left allmulticast mode
[   37.732218] pimreg: entered allmulticast mode
[   37.755853] pimreg: entered allmulticast mode
[   37.778168] pimreg: entered allmulticast mode
[   37.813509] pimreg: entered allmulticast mode
[   37.853359] pimreg: entered allmulticast mode
[   37.878379] pimreg: entered allmulticast mode
[   37.906232] pimreg: entered allmulticast mode
[   37.937887] pimreg: entered allmulticast mode
[   37.943121] pimreg: left allmulticast mode
[   37.943751] pimreg: left allmulticast mode
[   37.944098] pimreg: left allmulticast mode
[   37.944410] pimreg: left allmulticast mode
[   37.944736] pimreg: left allmulticast mode
[   37.945051] pimreg: left allmulticast mode
[   37.945360] pimreg: left allmulticast mode
[   37.965975] pimreg: entered allmulticast mode
[   37.990412] pimreg: entered allmulticast mode
[   38.010704] pimreg: entered allmulticast mode
[   38.034587] pimreg: entered allmulticast mode
[   38.074347] pimreg: entered allmulticast mode
[   38.110132] pimreg: entered allmulticast mode
[   38.141571] pimreg: entered allmulticast mode
[   38.154827] pimreg: left allmulticast mode
[   38.155181] pimreg: left allmulticast mode
[   38.155464] pimreg: left allmulticast mode
[   38.155800] pimreg: left allmulticast mode
[   38.156107] pimreg: left allmulticast mode
[   38.156401] pimreg: left allmulticast mode
[   38.156709] pimreg: left allmulticast mode
[   38.156995] pimreg: left allmulticast mode
[   38.171356] pimreg: entered allmulticast mode
[   38.200050] pimreg: entered allmulticast mode
[   38.219187] pimreg: entered allmulticast mode
[   38.243520] pimreg: entered allmulticast mode
[   38.257971] pimreg: entered allmulticast mode
[   38.282137] pimreg: entered allmulticast mode
[   38.318396] pimreg: entered allmulticast mode
[   38.357796] pimreg: entered allmulticast mode
[   38.370664] pimreg: left allmulticast mode
[   38.371008] pimreg: left allmulticast mode
[   38.371281] pimreg: left allmulticast mode
[   38.371595] pimreg: left allmulticast mode
[   38.371928] pimreg: left allmulticast mode
[   38.372245] pimreg: left allmulticast mode
[   38.373105] pimreg: left allmulticast mode
[   38.374250] pimreg: left allmulticast mode
[   38.388304] pimreg: entered allmulticast mode
[   38.419674] pimreg: entered allmulticast mode
[   38.443086] pimreg: entered allmulticast mode
[   38.455891] pimreg: entered allmulticast mode
[   38.473818] pimreg: entered allmulticast mode
[   38.502036] pimreg: entered allmulticast mode
[   38.530311] pimreg: entered allmulticast mode
[   38.553566] pimreg: entered allmulticast mode
[   38.566930] pimreg: left allmulticast mode
[   38.567570] pimreg: left allmulticast mode
[   38.567861] pimreg: left allmulticast mode
[   38.568134] pimreg: left allmulticast mode
[   38.568399] pimreg: left allmulticast mode
[   38.568684] pimreg: left allmulticast mode
[   38.568936] pimreg: left allmulticast mode
[   38.569246] pimreg: left allmulticast mode
[   38.583300] pimreg: entered allmulticast mode
[   38.606009] pimreg: entered allmulticast mode
[   38.630120] pimreg: entered allmulticast mode
[   38.653591] pimreg: entered allmulticast mode
[   38.678470] pimreg: entered allmulticast mode
[   38.706209] pimreg: entered allmulticast mode
[   38.745426] pimreg: entered allmulticast mode
[   38.770414] pimreg: entered allmulticast mode
[   38.798153] pimreg: entered allmulticast mode
[   38.811218] pimreg: left allmulticast mode
[   38.811607] pimreg: left allmulticast mode
[   38.811895] pimreg: left allmulticast mode
[   38.812222] pimreg: left allmulticast mode
[   38.812547] pimreg: left allmulticast mode
[   38.812868] pimreg: left allmulticast mode
[   38.813161] pimreg: left allmulticast mode
[   38.813456] pimreg: left allmulticast mode
[   38.813824] pimreg: left allmulticast mode
[   38.829512] pimreg: entered allmulticast mode
[   38.852657] pimreg: entered allmulticast mode
[   38.881167] pimreg: entered allmulticast mode
[   38.906617] pimreg: entered allmulticast mode
[   38.937976] pimreg: entered allmulticast mode
[   38.970043] pimreg: entered allmulticast mode
[   39.006679] pimreg: entered allmulticast mode
[   39.026109] pimreg: entered allmulticast mode
[   39.053788] pimreg: entered allmulticast mode
[   39.067095] pimreg: left allmulticast mode
[   39.067650] pimreg: left allmulticast mode
[   39.067998] pimreg: left allmulticast mode
[   39.068307] pimreg: left allmulticast mode
[   39.068628] pimreg: left allmulticast mode
[   39.068935] pimreg: left allmulticast mode
[   39.069242] pimreg: left allmulticast mode
[   39.069545] pimreg: left allmulticast mode
[   39.069901] pimreg: left allmulticast mode
[   39.085289] pimreg: entered allmulticast mode
[   39.127788] pimreg: entered allmulticast mode
[   39.142809] pimreg: entered allmulticast mode
[   39.154697] pimreg: entered allmulticast mode
[   39.177797] pimreg: entered allmulticast mode
[   39.202516] pimreg: entered allmulticast mode
[   39.222031] pimreg: entered allmulticast mode
[   39.249954] pimreg: entered allmulticast mode
[   39.273794] pimreg: entered allmulticast mode
[   39.286850] pimreg: left allmulticast mode
[   39.287183] pimreg: left allmulticast mode
[   39.287452] pimreg: left allmulticast mode
[   39.287741] pimreg: left allmulticast mode
[   39.287993] pimreg: left allmulticast mode
[   39.288292] pimreg: left allmulticast mode
[   39.288615] pimreg: left allmulticast mode
[   39.288916] pimreg: left allmulticast mode
[   39.289204] pimreg: left allmulticast mode
[   39.304005] pimreg: entered allmulticast mode
[   39.331103] pimreg: entered allmulticast mode
[   39.343314] pimreg: entered allmulticast mode
[   39.382715] pimreg: entered allmulticast mode
[   39.414254] pimreg: entered allmulticast mode
[   39.454174] pimreg: entered allmulticast mode
[   39.490371] pimreg: entered allmulticast mode
[   39.514301] pimreg: entered allmulticast mode
[   39.565583] pimreg: entered allmulticast mode
[   39.590653] pimreg: left allmulticast mode
[   39.591012] pimreg: left allmulticast mode
[   39.591857] pimreg: left allmulticast mode
[   39.592581] pimreg: left allmulticast mode
[   39.592863] pimreg: left allmulticast mode
[   39.593191] pimreg: left allmulticast mode
[   39.593519] pimreg: left allmulticast mode
[   39.594224] pimreg: left allmulticast mode
[   39.594562] pimreg: left allmulticast mode
[   39.608614] pimreg: entered allmulticast mode
[   39.635755] pimreg: entered allmulticast mode
[   39.648832] pimreg: entered allmulticast mode
[   39.674434] pimreg: entered allmulticast mode
[   39.698608] pimreg: entered allmulticast mode
[   39.722027] pimreg: entered allmulticast mode
[   39.746322] pimreg: entered allmulticast mode
[   39.774585] pimreg: entered allmulticast mode
[   39.801762] pimreg: entered allmulticast mode
[   39.814973] pimreg: left allmulticast mode
[   39.815326] pimreg: left allmulticast mode
[   39.815616] pimreg: left allmulticast mode
[   39.815888] pimreg: left allmulticast mode
[   39.816143] pimreg: left allmulticast mode
[   39.816436] pimreg: left allmulticast mode
[   39.816765] pimreg: left allmulticast mode
[   39.817063] pimreg: left allmulticast mode
[   39.817357] pimreg: left allmulticast mode
[   39.831940] pimreg: entered allmulticast mode
[   39.851604] pimreg: entered allmulticast mode
[   39.880102] pimreg: entered allmulticast mode
[   39.901587] pimreg: entered allmulticast mode
[   39.934543] pimreg: entered allmulticast mode
[   39.958017] pimreg: entered allmulticast mode
[   39.986026] pimreg: entered allmulticast mode
[   40.014091] pimreg: entered allmulticast mode
[   40.038429] pimreg: entered allmulticast mode
[   40.066632] pimreg: left allmulticast mode
[   40.066966] pimreg: left allmulticast mode
[   40.067566] pimreg: left allmulticast mode
[   40.067957] pimreg: left allmulticast mode
[   40.068273] pimreg: left allmulticast mode
[   40.068601] pimreg: left allmulticast mode
[   40.068922] pimreg: left allmulticast mode
[   40.069223] pimreg: left allmulticast mode
[   40.069548] pimreg: left allmulticast mode
[   40.084301] pimreg: entered allmulticast mode
[   40.116587] pimreg: entered allmulticast mode
[   40.143071] pimreg: entered allmulticast mode
[   40.165792] pimreg: entered allmulticast mode
[   40.198932] pimreg: entered allmulticast mode
[   40.222023] pimreg: entered allmulticast mode
[   40.241988] pimreg: entered allmulticast mode
[   40.261881] pimreg: entered allmulticast mode
[   40.290529] pimreg: entered allmulticast mode
[   40.318940] pimreg: left allmulticast mode
[   40.319230] pimreg: left allmulticast mode
[   40.319501] pimreg: left allmulticast mode
[   40.319769] pimreg: left allmulticast mode
[   40.320041] pimreg: left allmulticast mode
[   40.320302] pimreg: left allmulticast mode
[   40.320578] pimreg: left allmulticast mode
[   40.320834] pimreg: left allmulticast mode
[   40.321144] pimreg: left allmulticast mode
[   40.335586] pimreg: entered allmulticast mode
[   40.384807] pimreg: entered allmulticast mode
[   40.407817] pimreg: entered allmulticast mode
[   40.422023] pimreg: entered allmulticast mode
[   40.442624] pimreg: entered allmulticast mode
[   40.474846] pimreg: entered allmulticast mode
[   40.498184] pimreg: entered allmulticast mode
[   40.517780] pimreg: entered allmulticast mode
[   40.547447] pimreg: left allmulticast mode
[   40.547805] pimreg: left allmulticast mode
[   40.548088] pimreg: left allmulticast mode
[   40.548361] pimreg: left allmulticast mode
[   40.548634] pimreg: left allmulticast mode
[   40.549934] pimreg: left allmulticast mode
[   40.550308] pimreg: left allmulticast mode
[   40.550645] pimreg: left allmulticast mode
[   40.550953] pimreg: left allmulticast mode
[   40.565056] pimreg: entered allmulticast mode
[   40.601477] pimreg: entered allmulticast mode
[   40.639095] pimreg: entered allmulticast mode
[   40.666234] pimreg: entered allmulticast mode
[   40.693889] pimreg: entered allmulticast mode
[   40.706560] pimreg: entered allmulticast mode
[   40.747318] pimreg: entered allmulticast mode
[   40.762182] pimreg: entered allmulticast mode
[   40.782077] pimreg: entered allmulticast mode
[   40.788553] pimreg: left allmulticast mode
[   40.788869] pimreg: left allmulticast mode
[   40.789177] pimreg: left allmulticast mode
[   40.789488] pimreg: left allmulticast mode
[   40.789865] pimreg: left allmulticast mode
[   40.790231] pimreg: left allmulticast mode
[   40.790563] pimreg: left allmulticast mode
[   40.791012] pimreg: left allmulticast mode
[   40.804457] pimreg: entered allmulticast mode
[   40.831285] pimreg: entered allmulticast mode
[   40.859239] pimreg: entered allmulticast mode
[   40.878419] pimreg: entered allmulticast mode
[   40.902188] pimreg: entered allmulticast mode
[   40.933945] pimreg: entered allmulticast mode
[   40.962368] pimreg: entered allmulticast mode
[   41.001452] pimreg: entered allmulticast mode
[   41.036200] pimreg: entered allmulticast mode
[   41.042885] pimreg: left allmulticast mode
[   41.043255] pimreg: left allmulticast mode
[   41.043623] pimreg: left allmulticast mode
[   41.043949] pimreg: left allmulticast mode
[   41.044255] pimreg: left allmulticast mode
[   41.044568] pimreg: left allmulticast mode
[   41.044867] pimreg: left allmulticast mode
[   41.045167] pimreg: left allmulticast mode
[   41.045475] pimreg: left allmulticast mode
[   41.061819] pimreg: entered allmulticast mode
[   41.084844] pimreg: entered allmulticast mode
[   41.108712] pimreg: entered allmulticast mode
[   41.134269] pimreg: entered allmulticast mode
[   41.161599] pimreg: entered allmulticast mode
[   41.186605] pimreg: entered allmulticast mode
[   41.213975] pimreg: entered allmulticast mode
[   41.242164] pimreg: entered allmulticast mode
[   41.274714] pimreg: entered allmulticast mode
[   41.290644] pimreg: left allmulticast mode
[   41.290993] pimreg: left allmulticast mode
[   41.291256] pimreg: left allmulticast mode
[   41.291661] pimreg: left allmulticast mode
[   41.291968] pimreg: left allmulticast mode
[   41.293295] pimreg: left allmulticast mode
[   41.293748] pimreg: left allmulticast mode
[   41.294059] pimreg: left allmulticast mode
[   41.294366] pimreg: left allmulticast mode
[   41.308162] pimreg: entered allmulticast mode
[   41.339721] pimreg: entered allmulticast mode
[   41.356565] pimreg: entered allmulticast mode
[   41.378546] pimreg: entered allmulticast mode
[   41.398182] pimreg: entered allmulticast mode
[   41.417840] pimreg: entered allmulticast mode
[   41.449945] pimreg: entered allmulticast mode
[   41.478220] pimreg: entered allmulticast mode
[   41.494236] pimreg: entered allmulticast mode
[   41.503528] pimreg: left allmulticast mode
[   41.503905] pimreg: left allmulticast mode
[   41.504245] pimreg: left allmulticast mode
[   41.504591] pimreg: left allmulticast mode
[   41.504907] pimreg: left allmulticast mode
[   41.505221] pimreg: left allmulticast mode
[   41.505549] pimreg: left allmulticast mode
[   41.505907] pimreg: left allmulticast mode
[   41.506235] pimreg: left allmulticast mode
[   41.520415] pimreg: entered allmulticast mode
[   41.529837] pimreg: entered allmulticast mode
[   41.543269] pimreg: entered allmulticast mode
[   41.559899] pimreg: entered allmulticast mode
[   41.578661] pimreg: entered allmulticast mode
[   41.610092] pimreg: entered allmulticast mode
[   41.634343] pimreg: entered allmulticast mode
[   41.658732] pimreg: entered allmulticast mode
[   41.682584] pimreg: entered allmulticast mode
[   41.710156] pimreg: entered allmulticast mode
[   41.714950] pimreg: left allmulticast mode
[   41.715746] pimreg: left allmulticast mode
[   41.716034] pimreg: left allmulticast mode
[   41.716295] pimreg: left allmulticast mode
[   41.716653] pimreg: left allmulticast mode
[   41.716987] pimreg: left allmulticast mode
[   41.717312] pimreg: left allmulticast mode
[   41.718057] pimreg: left allmulticast mode
[   41.718411] pimreg: left allmulticast mode
[   41.718723] pimreg: left allmulticast mode
[   41.734703] pimreg: entered allmulticast mode
[   41.769172] pimreg: entered allmulticast mode
[   41.799403] pimreg: entered allmulticast mode
[   41.822723] pimreg: entered allmulticast mode
[   41.850345] pimreg: entered allmulticast mode
[   41.878139] pimreg: entered allmulticast mode
[   41.906519] pimreg: entered allmulticast mode
[   41.934219] pimreg: entered allmulticast mode
[   41.958386] pimreg: entered allmulticast mode
[   41.979505] pimreg: entered allmulticast mode
[   41.979881] pimreg: left allmulticast mode
[   41.980222] pimreg: left allmulticast mode
[   41.980485] pimreg: left allmulticast mode
[   41.980805] pimreg: left allmulticast mode
[   41.981123] pimreg: left allmulticast mode
[   41.981437] pimreg: left allmulticast mode
[   41.981790] pimreg: left allmulticast mode
[   41.982087] pimreg: left allmulticast mode
[   41.982763] pimreg: left allmulticast mode
[   41.999720] pimreg: entered allmulticast mode
[   42.028715] pimreg: entered allmulticast mode
[   42.042258] pimreg: entered allmulticast mode
[   42.058249] pimreg: entered allmulticast mode
[   42.075163] pimreg: left allmulticast mode
[   42.075921] pimreg: left allmulticast mode
[   42.076592] pimreg: left allmulticast mode
[   42.076878] pimreg: left allmulticast mode
[   42.077208] pimreg: left allmulticast mode
[   42.087030] pimreg: entered allmulticast mode
[   42.119681] pimreg: entered allmulticast mode
[   42.140998] pimreg: entered allmulticast mode
[   42.158698] pimreg: entered allmulticast mode
[   42.194377] pimreg: entered allmulticast mode
[   42.198316] pimreg: left allmulticast mode
[   42.198715] pimreg: left allmulticast mode
[   42.199043] pimreg: left allmulticast mode
[   42.199372] pimreg: left allmulticast mode
[   42.210432] pimreg: entered allmulticast mode
[   42.235857] pimreg: entered allmulticast mode
[   42.259869] pimreg: entered allmulticast mode
[   42.287016] pimreg: entered allmulticast mode
[   42.299085] pimreg: entered allmulticast mode
[   42.302230] pimreg: left allmulticast mode
[   42.302580] pimreg: left allmulticast mode
[   42.302841] pimreg: left allmulticast mode
[   42.303100] pimreg: left allmulticast mode
[   42.303428] pimreg: left allmulticast mode
[   42.303747] pimreg: left allmulticast mode
[   42.323311] pimreg: entered allmulticast mode
[   42.338185] pimreg: entered allmulticast mode
[   42.355337] pimreg: entered allmulticast mode
[   42.374306] pimreg: entered allmulticast mode
[   42.402614] pimreg: entered allmulticast mode
[   42.426684] pimreg: entered allmulticast mode
[   42.446952] pimreg: entered allmulticast mode
[   42.459280] pimreg: left allmulticast mode
[   42.459636] pimreg: left allmulticast mode
[   42.459915] pimreg: left allmulticast mode
[   42.460216] pimreg: left allmulticast mode
[   42.460536] pimreg: left allmulticast mode
[   42.460839] pimreg: left allmulticast mode
[   42.461147] pimreg: left allmulticast mode
[   42.474129] pimreg: entered allmulticast mode
[   42.490085] pimreg: entered allmulticast mode
[   42.504349] pimreg: entered allmulticast mode
[   42.522148] pimreg: entered allmulticast mode
[   42.546671] pimreg: entered allmulticast mode
[   42.562520] pimreg: entered allmulticast mode
[   42.581813] pimreg: entered allmulticast mode
[   42.609798] pimreg: entered allmulticast mode
[   42.614729] pimreg: left allmulticast mode
[   42.615071] pimreg: left allmulticast mode
[   42.615367] pimreg: left allmulticast mode
[   42.615624] pimreg: left allmulticast mode
[   42.615930] pimreg: left allmulticast mode
[   42.616240] pimreg: left allmulticast mode
[   42.616913] pimreg: left allmulticast mode
[   42.617272] pimreg: left allmulticast mode
[   42.632255] pimreg: entered allmulticast mode
[   42.667143] pimreg: entered allmulticast mode
[   42.695037] pimreg: entered allmulticast mode
[   42.722624] pimreg: entered allmulticast mode
[   42.751276] pimreg: entered allmulticast mode
[   42.774915] pimreg: entered allmulticast mode
[   42.798604] pimreg: left allmulticast mode
[   42.798952] pimreg: left allmulticast mode
[   42.799214] pimreg: left allmulticast mode
[   42.800962] pimreg: left allmulticast mode
[   42.801297] pimreg: left allmulticast mode
[   42.801610] pimreg: left allmulticast mode
[   42.801951] pimreg: left allmulticast mode
[   42.813492] pimreg: entered allmulticast mode
[   42.834240] pimreg: entered allmulticast mode
[   42.865364] pimreg: entered allmulticast mode
[   42.886585] pimreg: entered allmulticast mode
[   42.910424] pimreg: entered allmulticast mode
[   42.934214] pimreg: entered allmulticast mode
[   42.954206] pimreg: entered allmulticast mode
[   42.981732] pimreg: entered allmulticast mode
[   42.994667] pimreg: left allmulticast mode
[   42.995017] pimreg: left allmulticast mode
[   42.995288] pimreg: left allmulticast mode
[   42.995606] pimreg: left allmulticast mode
[   42.995917] pimreg: left allmulticast mode
[   42.996222] pimreg: left allmulticast mode
[   42.996534] pimreg: left allmulticast mode
[   43.009817] pimreg: entered allmulticast mode
[   43.053719] pimreg: entered allmulticast mode
[   43.084279] pimreg: entered allmulticast mode
[   43.104591] pimreg: entered allmulticast mode
[   43.122940] pimreg: left allmulticast mode
[   43.123286] pimreg: left allmulticast mode
[   43.123570] pimreg: left allmulticast mode
[   43.123819] pimreg: left allmulticast mode
[   43.133120] pimreg: entered allmulticast mode
[   43.158861] pimreg: entered allmulticast mode
[   43.182392] pimreg: entered allmulticast mode
[   43.207058] pimreg: entered allmulticast mode
[   43.234692] pimreg: entered allmulticast mode
[   43.238300] pimreg: left allmulticast mode
[   43.238673] pimreg: left allmulticast mode
[   43.238935] pimreg: left allmulticast mode
[   43.239256] pimreg: left allmulticast mode
[   43.254330] pimreg: entered allmulticast mode
[   43.271159] pimreg: entered allmulticast mode
[   43.297077] pimreg: entered allmulticast mode
[   43.326646] pimreg: entered allmulticast mode
[   43.346598] pimreg: entered allmulticast mode
[   43.367536] pimreg: entered allmulticast mode
[   43.386545] pimreg: left allmulticast mode
[   43.386879] pimreg: left allmulticast mode
[   43.387208] pimreg: left allmulticast mode
[   43.387527] pimreg: left allmulticast mode
[   43.387844] pimreg: left allmulticast mode
[   43.388161] pimreg: left allmulticast mode
[   43.388875] pimreg: left allmulticast mode
[   43.401486] pimreg: entered allmulticast mode
[   43.429391] pimreg: entered allmulticast mode
[   43.457352] pimreg: entered allmulticast mode
[   43.469971] pimreg: entered allmulticast mode
[   43.494202] pimreg: entered allmulticast mode
[   43.522184] pimreg: entered allmulticast mode
[   43.546577] pimreg: entered allmulticast mode
[   43.570488] pimreg: left allmulticast mode
[   43.570826] pimreg: left allmulticast mode
[   43.571099] pimreg: left allmulticast mode
[   43.572117] pimreg: left allmulticast mode
[   43.572491] pimreg: left allmulticast mode
[   43.572796] pimreg: left allmulticast mode
[   43.573109] pimreg: left allmulticast mode
[   43.585774] pimreg: entered allmulticast mode
[   43.614807] pimreg: entered allmulticast mode
[   43.644539] pimreg: entered allmulticast mode
[   43.665942] pimreg: entered allmulticast mode
[   43.690807] pimreg: entered allmulticast mode
[   43.714195] pimreg: entered allmulticast mode
[   43.734106] pimreg: entered allmulticast mode
[   43.762723] pimreg: entered allmulticast mode
[   43.766968] pimreg: left allmulticast mode
[   43.767433] pimreg: left allmulticast mode
[   43.767697] pimreg: left allmulticast mode
[   43.767947] pimreg: left allmulticast mode
[   43.768218] pimreg: left allmulticast mode
[   43.768479] pimreg: left allmulticast mode
[   43.768780] pimreg: left allmulticast mode
[   43.769065] pimreg: left allmulticast mode
[   43.783104] pimreg: entered allmulticast mode
[   43.827417] pimreg: entered allmulticast mode
[   43.847338] pimreg: entered allmulticast mode
[   43.874375] pimreg: entered allmulticast mode
[   43.898403] pimreg: entered allmulticast mode
[   43.925917] pimreg: entered allmulticast mode
[   43.966084] pimreg: entered allmulticast mode
[   43.990751] pimreg: entered allmulticast mode
[   44.011339] pimreg: left allmulticast mode
[   44.011687] pimreg: left allmulticast mode
[   44.011965] pimreg: left allmulticast mode
[   44.012224] pimreg: left allmulticast mode
[   44.012520] pimreg: left allmulticast mode
[   44.012808] pimreg: left allmulticast mode
[   44.013066] pimreg: left allmulticast mode
[   44.013325] pimreg: left allmulticast mode
[   44.027303] pimreg: entered allmulticast mode
[   44.050048] pimreg: entered allmulticast mode
[   44.072970] pimreg: entered allmulticast mode
[   44.094008] pimreg: entered allmulticast mode
[   44.114190] pimreg: entered allmulticast mode
[   44.134652] pimreg: entered allmulticast mode
[   44.154656] pimreg: entered allmulticast mode
[   44.174852] pimreg: entered allmulticast mode
[   44.194595] pimreg: left allmulticast mode
[   44.195342] pimreg: left allmulticast mode
[   44.195648] pimreg: left allmulticast mode
[   44.195928] pimreg: left allmulticast mode
[   44.196214] pimreg: left allmulticast mode
[   44.196495] pimreg: left allmulticast mode
[   44.196747] pimreg: left allmulticast mode
[   44.197061] pimreg: left allmulticast mode
[   44.210266] pimreg: entered allmulticast mode
[   44.232387] pimreg: entered allmulticast mode
[   44.263103] pimreg: entered allmulticast mode
[   44.291444] pimreg: entered allmulticast mode
[   44.322623] pimreg: entered allmulticast mode
[   44.346289] pimreg: entered allmulticast mode
[   44.367736] pimreg: left allmulticast mode
[   44.368387] pimreg: left allmulticast mode
[   44.368697] pimreg: left allmulticast mode
[   44.368966] pimreg: left allmulticast mode
[   44.369224] pimreg: left allmulticast mode
[   44.369492] pimreg: left allmulticast mode
[   44.382056] pimreg: entered allmulticast mode
[   44.412904] pimreg: entered allmulticast mode
[   44.435429] pimreg: entered allmulticast mode
[   44.454445] pimreg: entered allmulticast mode
[   44.474282] pimreg: entered allmulticast mode
[   44.479014] pimreg: left allmulticast mode
[   44.479418] pimreg: left allmulticast mode
[   44.479734] pimreg: left allmulticast mode
[   44.480050] pimreg: left allmulticast mode
[   44.498482] pimreg: entered allmulticast mode
[   44.538342] pimreg: entered allmulticast mode
[   44.562604] pimreg: entered allmulticast mode
[   44.598386] pimreg: entered allmulticast mode
[   44.626230] pimreg: entered allmulticast mode
[   44.630946] pimreg: left allmulticast mode
[   44.631703] pimreg: left allmulticast mode
[   44.632046] pimreg: left allmulticast mode
[   44.632357] pimreg: left allmulticast mode
[   44.632658] pimreg: left allmulticast mode
[   44.650214] pimreg: entered allmulticast mode
[   44.675916] pimreg: entered allmulticast mode
[   44.689453] pimreg: entered allmulticast mode
[   44.702941] pimreg: entered allmulticast mode
[   44.726404] pimreg: entered allmulticast mode
[   44.750486] pimreg: entered allmulticast mode
[   44.770498] pimreg: left allmulticast mode
[   44.770848] pimreg: left allmulticast mode
[   44.771112] pimreg: left allmulticast mode
[   44.771380] pimreg: left allmulticast mode
[   44.771647] pimreg: left allmulticast mode
[   44.772314] pimreg: left allmulticast mode
[   44.772917] pimreg: left allmulticast mode
[   44.785245] pimreg: entered allmulticast mode
[   44.812721] pimreg: entered allmulticast mode
[   44.841461] pimreg: entered allmulticast mode
[   44.875196] pimreg: entered allmulticast mode
[   44.905572] pimreg: entered allmulticast mode
[   44.934265] pimreg: entered allmulticast mode
[   44.962153] pimreg: entered allmulticast mode
[   44.990152] pimreg: entered allmulticast mode
[   44.994608] pimreg: left allmulticast mode
[   44.994990] pimreg: left allmulticast mode
[   44.995337] pimreg: left allmulticast mode
[   44.995662] pimreg: left allmulticast mode
[   44.995953] pimreg: left allmulticast mode
[   44.996272] pimreg: left allmulticast mode
[   44.996571] pimreg: left allmulticast mode
[   44.997128] pimreg: left allmulticast mode
[   45.011477] pimreg: entered allmulticast mode
[   45.034903] pimreg: entered allmulticast mode
[   45.061982] pimreg: entered allmulticast mode
[   45.082913] pimreg: entered allmulticast mode
[   45.102537] pimreg: entered allmulticast mode
[   45.122031] pimreg: entered allmulticast mode
[   45.146277] pimreg: entered allmulticast mode
[   45.166514] pimreg: entered allmulticast mode
[   45.175188] pimreg: left allmulticast mode
[   45.175845] pimreg: left allmulticast mode
[   45.176140] pimreg: left allmulticast mode
[   45.176429] pimreg: left allmulticast mode
[   45.176717] pimreg: left allmulticast mode
[   45.177038] pimreg: left allmulticast mode
[   45.177361] pimreg: left allmulticast mode
[   45.177723] pimreg: left allmulticast mode
[   45.191707] pimreg: entered allmulticast mode
[   45.226910] pimreg: entered allmulticast mode
[   45.250779] pimreg: entered allmulticast mode
[   45.275107] pimreg: entered allmulticast mode
[   45.297987] pimreg: entered allmulticast mode
[   45.326381] pimreg: entered allmulticast mode
[   45.350305] pimreg: entered allmulticast mode
[   45.390336] pimreg: entered allmulticast mode
[   45.414602] pimreg: left allmulticast mode
[   45.414954] pimreg: left allmulticast mode
[   45.415242] pimreg: left allmulticast mode
[   45.415508] pimreg: left allmulticast mode
[   45.415799] pimreg: left allmulticast mode
[   45.416698] pimreg: left allmulticast mode
[   45.416979] pimreg: left allmulticast mode
[   45.417250] pimreg: left allmulticast mode
[   45.430710] pimreg: entered allmulticast mode
[   45.459410] pimreg: entered allmulticast mode
[   45.488721] pimreg: entered allmulticast mode
[   45.510920] pimreg: entered allmulticast mode
[   45.521977] pimreg: entered allmulticast mode
[   45.546829] pimreg: entered allmulticast mode
[   45.561840] pimreg: entered allmulticast mode
[   45.586293] pimreg: entered allmulticast mode
[   45.610601] pimreg: left allmulticast mode
[   45.610947] pimreg: left allmulticast mode
[   45.611273] pimreg: left allmulticast mode
[   45.611570] pimreg: left allmulticast mode
[   45.611892] pimreg: left allmulticast mode
[   45.612321] pimreg: left allmulticast mode
[   45.612633] pimreg: left allmulticast mode
[   45.613263] pimreg: left allmulticast mode
[   45.626707] pimreg: entered allmulticast mode
[   45.658612] pimreg: entered allmulticast mode
[   45.685365] pimreg: entered allmulticast mode
[   45.706913] pimreg: entered allmulticast mode
[   45.730163] pimreg: entered allmulticast mode
[   45.758266] pimreg: entered allmulticast mode
[   45.786104] pimreg: entered allmulticast mode
[   45.814673] pimreg: entered allmulticast mode
[   45.842685] pimreg: left allmulticast mode
[   45.843043] pimreg: left allmulticast mode
[   45.843340] pimreg: left allmulticast mode
[   45.844007] pimreg: left allmulticast mode
[   45.845602] pimreg: left allmulticast mode
[   45.846006] pimreg: left allmulticast mode
[   45.846284] pimreg: left allmulticast mode
[   45.846542] pimreg: left allmulticast mode
[   45.859113] pimreg: entered allmulticast mode
[   45.886784] pimreg: entered allmulticast mode
[   45.913560] pimreg: entered allmulticast mode
[   45.934146] pimreg: entered allmulticast mode
[   45.962203] pimreg: entered allmulticast mode
[   45.986626] pimreg: entered allmulticast mode
[   46.014545] pimreg: entered allmulticast mode
[   46.037876] pimreg: entered allmulticast mode
[   46.063498] pimreg: entered allmulticast mode
[   46.063846] pimreg: left allmulticast mode
[   46.064218] pimreg: left allmulticast mode
[   46.064488] pimreg: left allmulticast mode
[   46.064774] pimreg: left allmulticast mode
[   46.065098] pimreg: left allmulticast mode
[   46.065410] pimreg: left allmulticast mode
[   46.065797] pimreg: left allmulticast mode
[   46.066108] pimreg: left allmulticast mode
[   46.079790] pimreg: entered allmulticast mode
[   46.111972] pimreg: entered allmulticast mode
[   46.136442] pimreg: entered allmulticast mode
[   46.154400] pimreg: entered allmulticast mode
[   46.182346] pimreg: entered allmulticast mode
[   46.210163] pimreg: entered allmulticast mode
[   46.238084] pimreg: entered allmulticast mode
[   46.266448] pimreg: entered allmulticast mode
[   46.286588] pimreg: left allmulticast mode
[   46.286939] pimreg: left allmulticast mode
[   46.287220] pimreg: left allmulticast mode
[   46.287480] pimreg: left allmulticast mode
[   46.287743] pimreg: left allmulticast mode
[   46.288625] pimreg: left allmulticast mode
[   46.288956] pimreg: left allmulticast mode
[   46.289287] pimreg: left allmulticast mode
[   46.289599] pimreg: left allmulticast mode
[   46.304152] pimreg: entered allmulticast mode
[   46.340027] pimreg: entered allmulticast mode
[   46.350593] pimreg: entered allmulticast mode
[   46.374702] pimreg: entered allmulticast mode
[   46.398744] pimreg: entered allmulticast mode
[   46.426008] pimreg: entered allmulticast mode
[   46.454501] pimreg: entered allmulticast mode
[   46.481877] pimreg: entered allmulticast mode
[   46.522184] pimreg: entered allmulticast mode
[   46.542703] pimreg: left allmulticast mode
[   46.543060] pimreg: left allmulticast mode
[   46.544781] pimreg: left allmulticast mode
[   46.545107] pimreg: left allmulticast mode
[   46.545433] pimreg: left allmulticast mode
[   46.545802] pimreg: left allmulticast mode
[   46.546129] pimreg: left allmulticast mode
[   46.546451] pimreg: left allmulticast mode
[   46.546760] pimreg: left allmulticast mode
[   46.561283] pimreg: entered allmulticast mode
[   46.595347] pimreg: entered allmulticast mode
[   46.616086] pimreg: entered allmulticast mode
[   46.635018] pimreg: entered allmulticast mode
[   46.662212] pimreg: entered allmulticast mode
[   46.682428] pimreg: entered allmulticast mode
[   46.706055] pimreg: entered allmulticast mode
[   46.734825] pimreg: entered allmulticast mode
[   46.762605] pimreg: entered allmulticast mode
[   46.783068] pimreg: left allmulticast mode
[   46.783449] pimreg: left allmulticast mode
[   46.783761] pimreg: left allmulticast mode
[   46.784068] pimreg: left allmulticast mode
[   46.784407] pimreg: left allmulticast mode
[   46.784942] pimreg: left allmulticast mode
[   46.785369] pimreg: left allmulticast mode
[   46.785721] pimreg: left allmulticast mode
[   46.786015] pimreg: left allmulticast mode
[   46.801220] pimreg: entered allmulticast mode
[   46.839282] pimreg: entered allmulticast mode
[   46.867540] pimreg: entered allmulticast mode
[   46.890692] pimreg: entered allmulticast mode
[   46.922455] pimreg: entered allmulticast mode
[   46.950416] pimreg: entered allmulticast mode
[   46.990257] pimreg: entered allmulticast mode
[   47.029869] pimreg: entered allmulticast mode
[   47.050960] pimreg: left allmulticast mode
[   47.051860] pimreg: left allmulticast mode
[   47.052232] pimreg: left allmulticast mode
[   47.052556] pimreg: left allmulticast mode
[   47.052865] pimreg: left allmulticast mode
[   47.053180] pimreg: left allmulticast mode
[   47.053491] pimreg: left allmulticast mode
[   47.054176] pimreg: left allmulticast mode
[   47.067306] pimreg: entered allmulticast mode
[   47.087613] pimreg: entered allmulticast mode
[   47.129830] pimreg: entered allmulticast mode
[   47.154796] pimreg: entered allmulticast mode
[   47.182444] pimreg: entered allmulticast mode
[   47.210144] pimreg: entered allmulticast mode
[   47.230462] pimreg: entered allmulticast mode
[   47.258196] pimreg: entered allmulticast mode
[   47.282601] pimreg: left allmulticast mode
[   47.282945] pimreg: left allmulticast mode
[   47.284027] pimreg: left allmulticast mode
[   47.284386] pimreg: left allmulticast mode
[   47.284659] pimreg: left allmulticast mode
[   47.284921] pimreg: left allmulticast mode
[   47.285248] pimreg: left allmulticast mode
[   47.285561] pimreg: left allmulticast mode
[   47.299956] pimreg: entered allmulticast mode
[   47.331496] pimreg: entered allmulticast mode
[   47.358966] pimreg: entered allmulticast mode
[   47.390583] pimreg: entered allmulticast mode
[   47.414602] pimreg: entered allmulticast mode
[   47.438658] pimreg: entered allmulticast mode
[   47.490507] pimreg: entered allmulticast mode
[   47.533618] pimreg: entered allmulticast mode
[   47.550817] pimreg: left allmulticast mode
[   47.551449] pimreg: left allmulticast mode
[   47.551737] pimreg: left allmulticast mode
[   47.552017] pimreg: left allmulticast mode
[   47.552339] pimreg: left allmulticast mode
[   47.552644] pimreg: left allmulticast mode
[   47.552965] pimreg: left allmulticast mode
[   47.553286] pimreg: left allmulticast mode
[   47.566826] pimreg: entered allmulticast mode
[   47.599347] pimreg: entered allmulticast mode
[   47.625114] pimreg: entered allmulticast mode
[   47.648136] pimreg: entered allmulticast mode
[   47.662581] pimreg: entered allmulticast mode
[   47.685576] pimreg: entered allmulticast mode
[   47.698597] pimreg: left allmulticast mode
[   47.698936] pimreg: left allmulticast mode
[   47.699215] pimreg: left allmulticast mode
[   47.699470] pimreg: left allmulticast mode
[   47.699736] pimreg: left allmulticast mode
[   47.700050] pimreg: left allmulticast mode
[   47.712685] pimreg: entered allmulticast mode
[   47.734150] pimreg: entered allmulticast mode
[   47.754665] pimreg: entered allmulticast mode
[   47.791128] pimreg: entered allmulticast mode
[   47.807102] pimreg: entered allmulticast mode
[   47.835309] pimreg: entered allmulticast mode
[   47.850537] pimreg: left allmulticast mode
[   47.850897] pimreg: left allmulticast mode
[   47.851170] pimreg: left allmulticast mode
[   47.851487] pimreg: left allmulticast mode
[   47.851790] pimreg: left allmulticast mode
[   47.852103] pimreg: left allmulticast mode
[   47.862998] pimreg: entered allmulticast mode
[   47.881862] pimreg: entered allmulticast mode
[   47.902792] pimreg: entered allmulticast mode
[   47.937714] pimreg: entered allmulticast mode
[   47.974437] pimreg: entered allmulticast mode
[   48.001965] pimreg: entered allmulticast mode
[   48.030316] pimreg: entered allmulticast mode
[   48.034605] pimreg: left allmulticast mode
[   48.034943] pimreg: left allmulticast mode
[   48.035269] pimreg: left allmulticast mode
[   48.035594] pimreg: left allmulticast mode
[   48.035900] pimreg: left allmulticast mode
[   48.036223] pimreg: left allmulticast mode
[   48.036907] pimreg: left allmulticast mode
[   48.050093] pimreg: entered allmulticast mode
[   48.080901] pimreg: entered allmulticast mode
[   48.105765] pimreg: entered allmulticast mode
[   48.120086] pimreg: entered allmulticast mode
[   48.134318] pimreg: entered allmulticast mode
[   48.161949] pimreg: entered allmulticast mode
[   48.186916] pimreg: entered allmulticast mode
[   48.191376] pimreg: left allmulticast mode
[   48.191703] pimreg: left allmulticast mode
[   48.191968] pimreg: left allmulticast mode
[   48.192237] pimreg: left allmulticast mode
[   48.192502] pimreg: left allmulticast mode
[   48.192794] pimreg: left allmulticast mode
[   48.193095] pimreg: left allmulticast mode
[   48.206363] pimreg: entered allmulticast mode
[   48.237447] pimreg: entered allmulticast mode
[   48.251712] pimreg: entered allmulticast mode
[   48.274629] pimreg: entered allmulticast mode
[   48.293257] pimreg: entered allmulticast mode
[   48.318291] pimreg: entered allmulticast mode
[   48.342422] pimreg: entered allmulticast mode
[   48.370807] pimreg: entered allmulticast mode
[   48.376068] pimreg: left allmulticast mode
[   48.376493] pimreg: left allmulticast mode
[   48.376882] pimreg: left allmulticast mode
[   48.377302] pimreg: left allmulticast mode
[   48.377976] pimreg: left allmulticast mode
[   48.378309] pimreg: left allmulticast mode
[   48.378622] pimreg: left allmulticast mode
[   48.378928] pimreg: left allmulticast mode
[   48.392997] pimreg: entered allmulticast mode
[   48.414666] pimreg: entered allmulticast mode
[   48.430702] pimreg: entered allmulticast mode
[   48.452263] pimreg: entered allmulticast mode
[   48.474584] pimreg: entered allmulticast mode
[   48.498120] pimreg: entered allmulticast mode
[   48.522422] pimreg: entered allmulticast mode
[   48.546652] pimreg: entered allmulticast mode
[   48.590221] pimreg: entered allmulticast mode
[   48.595615] pimreg: left allmulticast mode
[   48.596245] pimreg: left allmulticast mode
[   48.596534] pimreg: left allmulticast mode
[   48.596911] pimreg: left allmulticast mode
[   48.597269] pimreg: left allmulticast mode
[   48.597600] pimreg: left allmulticast mode
[   48.598005] pimreg: left allmulticast mode
[   48.598397] pimreg: left allmulticast mode
[   48.618422] pimreg: entered allmulticast mode
[   48.646076] pimreg: entered allmulticast mode
[   48.671043] pimreg: entered allmulticast mode
[   48.694300] pimreg: entered allmulticast mode
[   48.714116] pimreg: entered allmulticast mode
[   48.733735] pimreg: entered allmulticast mode
[   48.759166] pimreg: entered allmulticast mode
[   48.782663] pimreg: entered allmulticast mode
[   48.802739] pimreg: left allmulticast mode
[   48.803098] pimreg: left allmulticast mode
[   48.803376] pimreg: left allmulticast mode
[   48.803691] pimreg: left allmulticast mode
[   48.804295] pimreg: left allmulticast mode
[   48.804964] pimreg: left allmulticast mode
[   48.805327] pimreg: left allmulticast mode
[   48.806342] pimreg: left allmulticast mode
[   48.806675] pimreg: left allmulticast mode
[   48.820206] pimreg: entered allmulticast mode
[   48.840612] pimreg: entered allmulticast mode
[   48.869346] pimreg: entered allmulticast mode
[   48.884658] pimreg: entered allmulticast mode
[   48.902498] pimreg: entered allmulticast mode
[   48.930676] pimreg: entered allmulticast mode
[   48.954733] pimreg: entered allmulticast mode
[   48.975035] pimreg: left allmulticast mode
[   48.975375] pimreg: left allmulticast mode
[   48.975633] pimreg: left allmulticast mode
[   48.975946] pimreg: left allmulticast mode
[   48.976284] pimreg: left allmulticast mode
[   48.976606] pimreg: left allmulticast mode
[   48.976910] pimreg: left allmulticast mode
[   48.989001] pimreg: entered allmulticast mode
[   49.015136] pimreg: entered allmulticast mode
[   49.029508] pimreg: entered allmulticast mode
[   49.043128] pimreg: entered allmulticast mode
[   49.061973] pimreg: entered allmulticast mode
[   49.074553] pimreg: left allmulticast mode
[   49.074901] pimreg: left allmulticast mode
[   49.075198] pimreg: left allmulticast mode
[   49.075453] pimreg: left allmulticast mode
[   49.075773] pimreg: left allmulticast mode
[   49.086134] pimreg: entered allmulticast mode
[   49.115855] pimreg: entered allmulticast mode
[   49.139864] pimreg: entered allmulticast mode
[   49.158455] pimreg: entered allmulticast mode
[   49.182323] pimreg: entered allmulticast mode
[   49.202760] pimreg: entered allmulticast mode
[   49.214421] pimreg: left allmulticast mode
[   49.214807] pimreg: left allmulticast mode
[   49.215101] pimreg: left allmulticast mode
[   49.215386] pimreg: left allmulticast mode
[   49.215657] pimreg: left allmulticast mode
[   49.216144] pimreg: left allmulticast mode
[   49.216560] pimreg: left allmulticast mode
[   49.229513] pimreg: entered allmulticast mode
[   49.249127] pimreg: entered allmulticast mode
[   49.272959] pimreg: entered allmulticast mode
[   49.294917] pimreg: entered allmulticast mode
[   49.314675] pimreg: entered allmulticast mode
[   49.334032] pimreg: entered allmulticast mode
[   49.359076] pimreg: entered allmulticast mode
[   49.382757] pimreg: entered allmulticast mode
[   49.383137] pimreg: left allmulticast mode
[   49.383503] pimreg: left allmulticast mode
[   49.383790] pimreg: left allmulticast mode
[   49.384073] pimreg: left allmulticast mode
[   49.384355] pimreg: left allmulticast mode
[   49.384628] pimreg: left allmulticast mode
[   49.396285] pimreg: entered allmulticast mode
[   49.415186] pimreg: entered allmulticast mode
[   49.448868] pimreg: entered allmulticast mode
[   49.474266] pimreg: entered allmulticast mode
[   49.499051] pimreg: entered allmulticast mode
[   49.518461] pimreg: entered allmulticast mode
[   49.538654] pimreg: entered allmulticast mode
[   49.558767] pimreg: left allmulticast mode
[   49.559129] pimreg: left allmulticast mode
[   49.559462] pimreg: left allmulticast mode
[   49.560028] pimreg: left allmulticast mode
[   49.560371] pimreg: left allmulticast mode
[   49.560670] pimreg: left allmulticast mode
[   49.560975] pimreg: left allmulticast mode
[   49.561297] pimreg: left allmulticast mode
[   49.574664] pimreg: entered allmulticast mode
[   49.600202] pimreg: entered allmulticast mode
[   49.618604] pimreg: entered allmulticast mode
[   49.639792] pimreg: entered allmulticast mode
[   49.650099] pimreg: entered allmulticast mode
[   49.687027] pimreg: entered allmulticast mode
[   49.710689] pimreg: entered allmulticast mode
[   49.734564] pimreg: entered allmulticast mode
[   49.757953] pimreg: entered allmulticast mode
[   49.770679] pimreg: left allmulticast mode
[   49.771318] pimreg: left allmulticast mode
[   49.771584] pimreg: left allmulticast mode
[   49.771866] pimreg: left allmulticast mode
[   49.772131] pimreg: left allmulticast mode
[   49.772389] pimreg: left allmulticast mode
[   49.772646] pimreg: left allmulticast mode
[   49.772948] pimreg: left allmulticast mode
[   49.773270] pimreg: left allmulticast mode
[   49.788023] pimreg: entered allmulticast mode
[   49.815577] pimreg: entered allmulticast mode
[   49.839376] pimreg: entered allmulticast mode
[   49.857147] pimreg: entered allmulticast mode
[   49.878863] pimreg: entered allmulticast mode
[   49.895366] pimreg: entered allmulticast mode
[   49.930515] pimreg: entered allmulticast mode
[   49.954714] pimreg: entered allmulticast mode
[   49.978516] pimreg: entered allmulticast mode
[   50.011115] pimreg: left allmulticast mode
[   50.011462] pimreg: left allmulticast mode
[   50.011782] pimreg: left allmulticast mode
[   50.012113] pimreg: left allmulticast mode
[   50.012428] pimreg: left allmulticast mode
[   50.012729] pimreg: left allmulticast mode
[   50.013033] pimreg: left allmulticast mode
[   50.013342] pimreg: left allmulticast mode
[   50.013716] pimreg: left allmulticast mode
[   50.028635] pimreg: entered allmulticast mode
[   50.057301] pimreg: entered allmulticast mode
[   50.085489] pimreg: entered allmulticast mode
[   50.099591] pimreg: entered allmulticast mode
[   50.122739] pimreg: entered allmulticast mode
[   50.146971] pimreg: entered allmulticast mode
[   50.182392] pimreg: entered allmulticast mode
[   50.210811] pimreg: entered allmulticast mode
[   50.215699] pimreg: left allmulticast mode
[   50.216027] pimreg: left allmulticast mode
[   50.216299] pimreg: left allmulticast mode
[   50.216605] pimreg: left allmulticast mode
[   50.216921] pimreg: left allmulticast mode
[   50.217238] pimreg: left allmulticast mode
[   50.217532] pimreg: left allmulticast mode
[   50.218306] pimreg: left allmulticast mode
[   50.232240] pimreg: entered allmulticast mode
[   50.263468] pimreg: entered allmulticast mode
[   50.277330] pimreg: entered allmulticast mode
[   50.298532] pimreg: entered allmulticast mode
[   50.310901] pimreg: entered allmulticast mode
[   50.334934] pimreg: entered allmulticast mode
[   50.362512] pimreg: entered allmulticast mode
[   50.386626] pimreg: entered allmulticast mode
[   50.406562] pimreg: left allmulticast mode
[   50.407272] pimreg: left allmulticast mode
[   50.407587] pimreg: left allmulticast mode
[   50.407894] pimreg: left allmulticast mode
[   50.408646] pimreg: left allmulticast mode
[   50.408941] pimreg: left allmulticast mode
[   50.409227] pimreg: left allmulticast mode
[   50.409484] pimreg: left allmulticast mode
[   50.423688] pimreg: entered allmulticast mode
[   50.443705] pimreg: entered allmulticast mode
[   50.468883] pimreg: entered allmulticast mode
[   50.487809] pimreg: entered allmulticast mode
[   50.502218] pimreg: entered allmulticast mode
[   50.522570] pimreg: entered allmulticast mode
[   50.541861] pimreg: entered allmulticast mode
[   50.566114] pimreg: entered allmulticast mode
[   50.586745] pimreg: entered allmulticast mode
[   50.599702] pimreg: left allmulticast mode
[   50.600469] pimreg: left allmulticast mode
[   50.600785] pimreg: left allmulticast mode
[   50.601066] pimreg: left allmulticast mode
[   50.601327] pimreg: left allmulticast mode
[   50.601737] pimreg: left allmulticast mode
[   50.602108] pimreg: left allmulticast mode
[   50.602452] pimreg: left allmulticast mode
[   50.602814] pimreg: left allmulticast mode
[   50.618397] pimreg: entered allmulticast mode
[   50.651523] pimreg: entered allmulticast mode
[   50.679294] pimreg: entered allmulticast mode
[   50.702557] pimreg: entered allmulticast mode
[   50.726095] pimreg: entered allmulticast mode
[   50.750018] pimreg: entered allmulticast mode
[   50.770580] pimreg: entered allmulticast mode
[   50.794287] pimreg: entered allmulticast mode
[   50.818612] pimreg: entered allmulticast mode
[   50.839061] pimreg: left allmulticast mode
[   50.839384] pimreg: left allmulticast mode
[   50.839645] pimreg: left allmulticast mode
[   50.839904] pimreg: left allmulticast mode
[   50.840243] pimreg: left allmulticast mode
[   50.840570] pimreg: left allmulticast mode
[   50.840872] pimreg: left allmulticast mode
[   50.841182] pimreg: left allmulticast mode
[   50.841500] pimreg: left allmulticast mode
[   50.842214] pimreg: left allmulticast mode
[   50.858286] pimreg: entered allmulticast mode
[   50.884866] pimreg: entered allmulticast mode
[   50.909727] pimreg: entered allmulticast mode
[   50.930989] pimreg: entered allmulticast mode
[   50.954726] pimreg: entered allmulticast mode
[   50.982771] pimreg: entered allmulticast mode
[   51.006698] pimreg: entered allmulticast mode
[   51.034211] pimreg: entered allmulticast mode
[   51.059095] pimreg: entered allmulticast mode
[   51.074299] pimreg: entered allmulticast mode
[   51.078961] pimreg: left allmulticast mode
[   51.079335] pimreg: left allmulticast mode
[   51.079610] pimreg: left allmulticast mode
[   51.079864] pimreg: left allmulticast mode
[   51.080680] pimreg: left allmulticast mode
[   51.081084] pimreg: left allmulticast mode
[   51.081387] pimreg: left allmulticast mode
[   51.081750] pimreg: left allmulticast mode
[   51.082465] pimreg: left allmulticast mode
[   51.097886] pimreg: entered allmulticast mode
[   51.127317] pimreg: entered allmulticast mode
[   51.141690] pimreg: entered allmulticast mode
[   51.164340] pimreg: entered allmulticast mode
[   51.186656] pimreg: entered allmulticast mode
[   51.210273] pimreg: entered allmulticast mode
[   51.232301] pimreg: entered allmulticast mode
[   51.238884] pimreg: left allmulticast mode
[   51.239247] pimreg: left allmulticast mode
[   51.239582] pimreg: left allmulticast mode
[   51.239892] pimreg: left allmulticast mode
[   51.240206] pimreg: left allmulticast mode
[   51.240505] pimreg: left allmulticast mode
[   51.240806] pimreg: left allmulticast mode
[   51.255347] pimreg: entered allmulticast mode
[   51.289581] pimreg: entered allmulticast mode
[   51.310898] pimreg: entered allmulticast mode
[   51.334794] pimreg: entered allmulticast mode
[   51.362728] pimreg: entered allmulticast mode
[   51.386514] pimreg: entered allmulticast mode
[   51.389985] systemd-journald[145]: Data hash table of /run/log/journal/938775788448454bb5b34822d5730c41/system.journal has a fill level at 75.0 (5360 of 7146 items, 4116480 file size, 768 bytes per hash table item), suggesting rotation.
[   51.391388] systemd-journald[145]: /run/log/journal/938775788448454bb5b34822d5730c41/system.journal: Journal header limits reached or header out-of-date, rotating.
[   51.414541] pimreg: entered allmulticast mode
[   51.425993] pimreg: left allmulticast mode
[   51.426322] pimreg: left allmulticast mode
[   51.426579] pimreg: left allmulticast mode
[   51.427537] pimreg: left allmulticast mode
[   51.427891] pimreg: left allmulticast mode
[   51.428211] pimreg: left allmulticast mode
[   51.428506] pimreg: left allmulticast mode
[   51.440041] pimreg: entered allmulticast mode
[   51.462509] pimreg: entered allmulticast mode
[   51.494330] pimreg: entered allmulticast mode
[   51.519636] pimreg: entered allmulticast mode
[   51.538114] pimreg: entered allmulticast mode
[   51.558343] pimreg: entered allmulticast mode
[   51.579202] pimreg: entered allmulticast mode
[   51.598584] pimreg: entered allmulticast mode
[   51.619789] pimreg: left allmulticast mode
[   51.620112] pimreg: left allmulticast mode
[   51.620412] pimreg: left allmulticast mode
[   51.620739] pimreg: left allmulticast mode
[   51.621069] pimreg: left allmulticast mode
[   51.621389] pimreg: left allmulticast mode
[   51.622760] pimreg: left allmulticast mode
[   51.623116] pimreg: left allmulticast mode
[   51.635626] pimreg: entered allmulticast mode
[   51.656110] pimreg: entered allmulticast mode
[   51.680661] pimreg: entered allmulticast mode
[   51.702509] pimreg: entered allmulticast mode
[   51.734587] pimreg: entered allmulticast mode
[   51.770767] pimreg: entered allmulticast mode
[   51.802647] pimreg: entered allmulticast mode
[   51.826687] pimreg: entered allmulticast mode
[   51.851183] pimreg: entered allmulticast mode
[   51.855336] pimreg: left allmulticast mode
[   51.855751] pimreg: left allmulticast mode
[   51.856113] pimreg: left allmulticast mode
[   51.856415] pimreg: left allmulticast mode
[   51.856718] pimreg: left allmulticast mode
[   51.857035] pimreg: left allmulticast mode
[   51.857342] pimreg: left allmulticast mode
[   51.857699] pimreg: left allmulticast mode
[   51.874317] pimreg: entered allmulticast mode
[   51.907017] pimreg: entered allmulticast mode
[   51.947206] pimreg: entered allmulticast mode
[   51.970596] pimreg: entered allmulticast mode
[   51.994550] pimreg: entered allmulticast mode
[   52.018945] pimreg: entered allmulticast mode
[   52.043041] pimreg: entered allmulticast mode
[   52.066512] pimreg: entered allmulticast mode
[   52.086616] pimreg: left allmulticast mode
[   52.086950] pimreg: left allmulticast mode
[   52.087685] pimreg: left allmulticast mode
[   52.089385] pimreg: left allmulticast mode
[   52.089757] pimreg: left allmulticast mode
[   52.090050] pimreg: left allmulticast mode
[   52.090307] pimreg: left allmulticast mode
[   52.090617] pimreg: left allmulticast mode
[   52.090945] pimreg: left allmulticast mode
[   52.105270] pimreg: entered allmulticast mode
[   52.137828] pimreg: entered allmulticast mode
[   52.164222] pimreg: entered allmulticast mode
[   52.186263] pimreg: entered allmulticast mode
[   52.206663] pimreg: entered allmulticast mode
[   52.230965] pimreg: entered allmulticast mode
[   52.254854] pimreg: entered allmulticast mode
[   52.274460] pimreg: entered allmulticast mode
[   52.294313] pimreg: entered allmulticast mode
[   52.303439] pimreg: left allmulticast mode
[   52.303808] pimreg: left allmulticast mode
[   52.304116] pimreg: left allmulticast mode
[   52.304398] pimreg: left allmulticast mode
[   52.304657] pimreg: left allmulticast mode
[   52.304914] pimreg: left allmulticast mode
[   52.305185] pimreg: left allmulticast mode
[   52.305504] pimreg: left allmulticast mode
[   52.305864] pimreg: left allmulticast mode
[   52.321750] pimreg: entered allmulticast mode
[   52.352020] pimreg: entered allmulticast mode
[   52.377349] pimreg: entered allmulticast mode
[   52.398561] pimreg: entered allmulticast mode
[   52.422960] pimreg: entered allmulticast mode
[   52.450479] pimreg: entered allmulticast mode
[   52.474477] pimreg: entered allmulticast mode
[   52.502766] pimreg: entered allmulticast mode
[   52.527262] pimreg: entered allmulticast mode
[   52.546709] pimreg: left allmulticast mode
[   52.547545] pimreg: left allmulticast mode
[   52.548642] pimreg: left allmulticast mode
[   52.548955] pimreg: left allmulticast mode
[   52.549232] pimreg: left allmulticast mode
[   52.549550] pimreg: left allmulticast mode
[   52.549930] pimreg: left allmulticast mode
[   52.550256] pimreg: left allmulticast mode
[   52.550561] pimreg: left allmulticast mode
[   52.565853] pimreg: entered allmulticast mode
[   52.599980] pimreg: entered allmulticast mode
[   52.624047] pimreg: entered allmulticast mode
[   52.647070] pimreg: entered allmulticast mode
[   52.666849] pimreg: entered allmulticast mode
[   52.686505] pimreg: entered allmulticast mode
[   52.706530] pimreg: entered allmulticast mode
[   52.726593] pimreg: entered allmulticast mode
[   52.746347] pimreg: entered allmulticast mode
[   52.759563] pimreg: left allmulticast mode
[   52.760214] pimreg: left allmulticast mode
[   52.760529] pimreg: left allmulticast mode
[   52.760860] pimreg: left allmulticast mode
[   52.761182] pimreg: left allmulticast mode
[   52.761485] pimreg: left allmulticast mode
[   52.761846] pimreg: left allmulticast mode
[   52.762174] pimreg: left allmulticast mode
[   52.762496] pimreg: left allmulticast mode
[   52.778008] pimreg: entered allmulticast mode
[   52.811905] pimreg: entered allmulticast mode
[   52.837187] pimreg: entered allmulticast mode
[   52.859009] pimreg: entered allmulticast mode
[   52.878587] pimreg: entered allmulticast mode
[   52.902765] pimreg: entered allmulticast mode
[   52.930488] pimreg: entered allmulticast mode
[   52.954554] pimreg: entered allmulticast mode
[   52.970569] pimreg: entered allmulticast mode
[   52.987007] pimreg: left allmulticast mode
[   52.987299] pimreg: left allmulticast mode
[   52.987611] pimreg: left allmulticast mode
[   52.987917] pimreg: left allmulticast mode
[   52.988578] pimreg: left allmulticast mode
[   52.988865] pimreg: left allmulticast mode
[   52.989182] pimreg: left allmulticast mode
[   52.989482] pimreg: left allmulticast mode
[   52.989837] pimreg: left allmulticast mode
[   53.004537] pimreg: entered allmulticast mode
[   53.029001] pimreg: entered allmulticast mode
[   53.059727] pimreg: entered allmulticast mode
[   53.070535] pimreg: entered allmulticast mode
[   53.099101] pimreg: entered allmulticast mode
[   53.122396] pimreg: entered allmulticast mode
[   53.127439] pimreg: left allmulticast mode
[   53.128144] pimreg: left allmulticast mode
[   53.128485] pimreg: left allmulticast mode
[   53.128808] pimreg: left allmulticast mode
[   53.129131] pimreg: left allmulticast mode
[   53.142220] pimreg: entered allmulticast mode
[   53.167985] pimreg: entered allmulticast mode
[   53.193849] pimreg: entered allmulticast mode
[   53.238814] pimreg: entered allmulticast mode
[   53.258948] pimreg: entered allmulticast mode
[   53.277779] pimreg: entered allmulticast mode
[   53.302960] pimreg: left allmulticast mode
[   53.303304] pimreg: left allmulticast mode
[   53.303575] pimreg: left allmulticast mode
[   53.303851] pimreg: left allmulticast mode
[   53.304156] pimreg: left allmulticast mode
[   53.304643] pimreg: left allmulticast mode
[   53.305081] pimreg: left allmulticast mode
[   53.317812] pimreg: entered allmulticast mode
[   53.343616] pimreg: entered allmulticast mode
[   53.377056] pimreg: entered allmulticast mode
[   53.402869] pimreg: entered allmulticast mode
[   53.418689] pimreg: entered allmulticast mode
[   53.442852] pimreg: entered allmulticast mode
[   53.474965] pimreg: entered allmulticast mode
[   53.498806] pimreg: entered allmulticast mode
[   53.502527] pimreg: left allmulticast mode
[   53.502906] pimreg: left allmulticast mode
[   53.503633] pimreg: left allmulticast mode
[   53.503981] pimreg: left allmulticast mode
[   53.504308] pimreg: left allmulticast mode
[   53.504962] pimreg: left allmulticast mode
[   53.505294] pimreg: left allmulticast mode
[   53.518894] pimreg: entered allmulticast mode
[   53.543324] pimreg: entered allmulticast mode
[   53.577846] pimreg: entered allmulticast mode
[   53.598498] pimreg: entered allmulticast mode
[   53.622799] pimreg: entered allmulticast mode
[   53.646485] pimreg: entered allmulticast mode
[   53.670787] pimreg: entered allmulticast mode
[   53.698351] pimreg: entered allmulticast mode
[   53.702717] pimreg: left allmulticast mode
[   53.703087] pimreg: left allmulticast mode
[   53.703420] pimreg: left allmulticast mode
[   53.703736] pimreg: left allmulticast mode
[   53.704055] pimreg: left allmulticast mode
[   53.704393] pimreg: left allmulticast mode
[   53.704689] pimreg: left allmulticast mode
[   53.705537] pimreg: left allmulticast mode
[   53.706051] pimreg: left allmulticast mode
[   53.722232] pimreg: entered allmulticast mode
[   53.755136] pimreg: entered allmulticast mode
[   53.770322] pimreg: entered allmulticast mode
[   53.790899] pimreg: entered allmulticast mode
[   53.802853] pimreg: entered allmulticast mode
[   53.830626] pimreg: entered allmulticast mode
[   53.854208] pimreg: entered allmulticast mode
[   53.879065] pimreg: entered allmulticast mode
[   53.883564] pimreg: left allmulticast mode
[   53.883940] pimreg: left allmulticast mode
[   53.884237] pimreg: left allmulticast mode
[   53.884500] pimreg: left allmulticast mode
[   53.884825] pimreg: left allmulticast mode
[   53.885145] pimreg: left allmulticast mode
[   53.885462] pimreg: left allmulticast mode
[   53.902311] pimreg: entered allmulticast mode
[   53.926556] pimreg: entered allmulticast mode
[   53.951550] pimreg: entered allmulticast mode
[   53.978616] pimreg: entered allmulticast mode
[   54.010409] pimreg: entered allmulticast mode
[   54.042631] pimreg: entered allmulticast mode
[   54.070408] pimreg: entered allmulticast mode
[   54.098552] pimreg: entered allmulticast mode
[   54.103482] pimreg: left allmulticast mode
[   54.103859] pimreg: left allmulticast mode
[   54.104212] pimreg: left allmulticast mode
[   54.104521] pimreg: left allmulticast mode
[   54.104827] pimreg: left allmulticast mode
[   54.105144] pimreg: left allmulticast mode
[   54.105442] pimreg: left allmulticast mode
[   54.105802] pimreg: left allmulticast mode
[   54.126460] pimreg: entered allmulticast mode
[   54.154826] pimreg: entered allmulticast mode
[   54.171937] pimreg: entered allmulticast mode
[   54.190774] pimreg: entered allmulticast mode
[   54.214724] pimreg: entered allmulticast mode
[   54.234338] pimreg: entered allmulticast mode
[   54.258292] pimreg: entered allmulticast mode
[   54.286999] pimreg: entered allmulticast mode
[   54.306597] pimreg: left allmulticast mode
[   54.306966] pimreg: left allmulticast mode
[   54.307233] pimreg: left allmulticast mode
[   54.307853] pimreg: left allmulticast mode
[   54.308601] pimreg: left allmulticast mode
[   54.308971] pimreg: left allmulticast mode
[   54.309287] pimreg: left allmulticast mode
[   54.309599] pimreg: left allmulticast mode
[   54.309990] pimreg: left allmulticast mode
[   54.324772] pimreg: entered allmulticast mode
[   54.346209] pimreg: entered allmulticast mode
[   54.361699] pimreg: entered allmulticast mode
[   54.386541] pimreg: entered allmulticast mode
[   54.402624] pimreg: entered allmulticast mode
[   54.434635] pimreg: entered allmulticast mode
[   54.454385] pimreg: entered allmulticast mode
[   54.474640] pimreg: left allmulticast mode
[   54.475009] pimreg: left allmulticast mode
[   54.475799] pimreg: left allmulticast mode
[   54.476972] pimreg: left allmulticast mode
[   54.477298] pimreg: left allmulticast mode
[   54.477612] pimreg: left allmulticast mode
[   54.478254] pimreg: left allmulticast mode
[   54.491018] pimreg: entered allmulticast mode
[   54.522062] pimreg: entered allmulticast mode
[   54.540970] pimreg: entered allmulticast mode
[   54.572008] pimreg: entered allmulticast mode
[   54.595040] pimreg: entered allmulticast mode
[   54.622335] pimreg: entered allmulticast mode
[   54.646396] pimreg: entered allmulticast mode
[   54.670950] pimreg: entered allmulticast mode
[   54.674744] pimreg: left allmulticast mode
[   54.675115] pimreg: left allmulticast mode
[   54.675386] pimreg: left allmulticast mode
[   54.675675] pimreg: left allmulticast mode
[   54.675985] pimreg: left allmulticast mode
[   54.676723] pimreg: left allmulticast mode
[   54.677103] pimreg: left allmulticast mode
[   54.677418] pimreg: left allmulticast mode
[   54.691812] pimreg: entered allmulticast mode
[   54.727191] pimreg: entered allmulticast mode
[   54.746546] pimreg: entered allmulticast mode
[   54.770441] pimreg: entered allmulticast mode
[   54.782648] pimreg: entered allmulticast mode
[   54.818621] pimreg: entered allmulticast mode
[   54.842745] pimreg: entered allmulticast mode
[   54.866516] pimreg: left allmulticast mode
[   54.866867] pimreg: left allmulticast mode
[   54.867157] pimreg: left allmulticast mode
[   54.868944] pimreg: left allmulticast mode
[   54.869267] pimreg: left allmulticast mode
[   54.869586] pimreg: left allmulticast mode
[   54.869945] pimreg: left allmulticast mode
[   54.881897] pimreg: entered allmulticast mode
[   54.912983] pimreg: entered allmulticast mode
[   54.942890] pimreg: entered allmulticast mode
[   54.970572] pimreg: entered allmulticast mode
[   55.010485] pimreg: entered allmulticast mode
[   55.038005] pimreg: entered allmulticast mode
[   55.070734] pimreg: entered allmulticast mode
[   55.075293] pimreg: left allmulticast mode
[   55.075665] pimreg: left allmulticast mode
[   55.076034] pimreg: left allmulticast mode
[   55.076378] pimreg: left allmulticast mode
[   55.076679] pimreg: left allmulticast mode
[   55.076999] pimreg: left allmulticast mode
[   55.090929] pimreg: entered allmulticast mode
[   55.119672] pimreg: entered allmulticast mode
[   55.146191] pimreg: entered allmulticast mode
[   55.178914] pimreg: entered allmulticast mode
[   55.194569] pimreg: entered allmulticast mode
[   55.215156] pimreg: entered allmulticast mode
[   55.222748] pimreg: left allmulticast mode
[   55.223124] pimreg: left allmulticast mode
[   55.223386] pimreg: left allmulticast mode
[   55.223639] pimreg: left allmulticast mode
[   55.224535] pimreg: left allmulticast mode
[   55.224907] pimreg: left allmulticast mode
[   55.225215] pimreg: left allmulticast mode
[   55.238702] pimreg: entered allmulticast mode
[   55.257990] pimreg: entered allmulticast mode
[   55.273153] pimreg: entered allmulticast mode
[   55.295354] pimreg: entered allmulticast mode
[   55.334315] pimreg: entered allmulticast mode
[   55.358512] pimreg: entered allmulticast mode
[   55.378567] pimreg: entered allmulticast mode
[   55.406415] pimreg: entered allmulticast mode
[   55.410979] pimreg: left allmulticast mode
[   55.411328] pimreg: left allmulticast mode
[   55.411653] pimreg: left allmulticast mode
[   55.411973] pimreg: left allmulticast mode
[   55.412343] pimreg: left allmulticast mode
[   55.413291] pimreg: left allmulticast mode
[   55.413692] pimreg: left allmulticast mode
[   55.414027] pimreg: left allmulticast mode
[   55.429229] pimreg: entered allmulticast mode
[   55.460000] pimreg: entered allmulticast mode
[   55.473233] pimreg: entered allmulticast mode
[   55.498196] pimreg: entered allmulticast mode
[   55.518753] pimreg: entered allmulticast mode
[   55.542483] pimreg: entered allmulticast mode
[   55.574192] pimreg: entered allmulticast mode
[   55.594679] pimreg: entered allmulticast mode
[   55.614466] pimreg: left allmulticast mode
[   55.614810] pimreg: left allmulticast mode
[   55.615085] pimreg: left allmulticast mode
[   55.615765] pimreg: left allmulticast mode
[   55.616130] pimreg: left allmulticast mode
[   55.616460] pimreg: left allmulticast mode
[   55.616777] pimreg: left allmulticast mode
[   55.617103] pimreg: left allmulticast mode
[   55.631008] pimreg: entered allmulticast mode
[   55.660222] pimreg: entered allmulticast mode
[   55.686716] pimreg: entered allmulticast mode
[   55.699787] pimreg: entered allmulticast mode
[   55.726096] pimreg: entered allmulticast mode
[   55.730599] pimreg: left allmulticast mode
[   55.730956] pimreg: left allmulticast mode
[   55.731231] pimreg: left allmulticast mode
[   55.731489] pimreg: left allmulticast mode
[   55.731757] pimreg: left allmulticast mode
[   55.743357] pimreg: entered allmulticast mode
[   55.779952] pimreg: entered allmulticast mode
[   55.808007] pimreg: entered allmulticast mode
[   55.842935] pimreg: entered allmulticast mode
[   55.870642] pimreg: entered allmulticast mode
[   55.894646] pimreg: entered allmulticast mode
[   55.914416] pimreg: left allmulticast mode
[   55.914752] pimreg: left allmulticast mode
[   55.915035] pimreg: left allmulticast mode
[   55.915871] pimreg: left allmulticast mode
[   55.916165] pimreg: left allmulticast mode
[   55.916430] pimreg: left allmulticast mode
[   55.927132] pimreg: entered allmulticast mode
[   55.946020] pimreg: entered allmulticast mode
[   55.977854] pimreg: entered allmulticast mode
[   56.006239] pimreg: entered allmulticast mode
[   56.026281] pimreg: entered allmulticast mode
[   56.046733] pimreg: entered allmulticast mode
[   56.073763] pimreg: entered allmulticast mode
[   56.086473] pimreg: left allmulticast mode
[   56.086809] pimreg: left allmulticast mode
[   56.087078] pimreg: left allmulticast mode
[   56.087332] pimreg: left allmulticast mode
[   56.087632] pimreg: left allmulticast mode
[   56.087953] pimreg: left allmulticast mode
[   56.088263] pimreg: left allmulticast mode
[   56.102759] pimreg: entered allmulticast mode
[   56.134915] pimreg: entered allmulticast mode
[   56.161023] pimreg: entered allmulticast mode
[   56.199652] pimreg: entered allmulticast mode
[   56.214124] pimreg: entered allmulticast mode
[   56.234383] pimreg: entered allmulticast mode
[   56.254295] pimreg: entered allmulticast mode
[   56.274263] pimreg: entered allmulticast mode
[   56.278770] pimreg: left allmulticast mode
[   56.279133] pimreg: left allmulticast mode
[   56.279434] pimreg: left allmulticast mode
[   56.279767] pimreg: left allmulticast mode
[   56.280586] pimreg: left allmulticast mode
[   56.280936] pimreg: left allmulticast mode
[   56.281236] pimreg: left allmulticast mode
[   56.297964] pimreg: entered allmulticast mode
[   56.338390] pimreg: entered allmulticast mode
[   56.373838] pimreg: entered allmulticast mode
[   56.398328] pimreg: entered allmulticast mode
[   56.415088] pimreg: entered allmulticast mode
[   56.434430] pimreg: entered allmulticast mode
[   56.462932] pimreg: entered allmulticast mode
[   56.495190] pimreg: entered allmulticast mode
[   56.498646] pimreg: left allmulticast mode
[   56.498970] pimreg: left allmulticast mode
[   56.499236] pimreg: left allmulticast mode
[   56.499488] pimreg: left allmulticast mode
[   56.499796] pimreg: left allmulticast mode
[   56.500588] pimreg: left allmulticast mode
[   56.500947] pimreg: left allmulticast mode
[   56.501260] pimreg: left allmulticast mode
[   56.501570] pimreg: left allmulticast mode
[   56.515974] pimreg: entered allmulticast mode
[   56.543752] pimreg: entered allmulticast mode
[   56.558229] pimreg: entered allmulticast mode
[   56.586531] pimreg: entered allmulticast mode
[   56.626733] pimreg: entered allmulticast mode
[   56.658307] pimreg: entered allmulticast mode
[   56.690737] pimreg: entered allmulticast mode
[   56.718552] pimreg: entered allmulticast mode
[   56.745990] pimreg: entered allmulticast mode
[   56.759154] pimreg: left allmulticast mode
[   56.760027] pimreg: left allmulticast mode
[   56.760340] pimreg: left allmulticast mode
[   56.760647] pimreg: left allmulticast mode
[   56.760967] pimreg: left allmulticast mode
[   56.761268] pimreg: left allmulticast mode
[   56.761587] pimreg: left allmulticast mode
[   56.761952] pimreg: left allmulticast mode
[   56.762254] pimreg: left allmulticast mode
[   56.777374] pimreg: entered allmulticast mode
[   56.800817] pimreg: entered allmulticast mode
[   56.825479] pimreg: entered allmulticast mode
[   56.846642] pimreg: entered allmulticast mode
[   56.857988] pimreg: entered allmulticast mode
[   56.882381] pimreg: entered allmulticast mode
[   56.906463] pimreg: entered allmulticast mode
[   56.930140] pimreg: entered allmulticast mode
[   56.970389] pimreg: entered allmulticast mode
[   56.975101] pimreg: left allmulticast mode
[   56.975457] pimreg: left allmulticast mode
[   56.975733] pimreg: left allmulticast mode
[   56.976011] pimreg: left allmulticast mode
[   56.976313] pimreg: left allmulticast mode
[   56.976612] pimreg: left allmulticast mode
[   56.976910] pimreg: left allmulticast mode
[   56.977204] pimreg: left allmulticast mode
[   56.993608] pimreg: entered allmulticast mode
[   57.034986] pimreg: entered allmulticast mode
[   57.059448] pimreg: entered allmulticast mode
[   57.083045] pimreg: entered allmulticast mode
[   57.110774] pimreg: entered allmulticast mode
[   57.138497] pimreg: entered allmulticast mode
[   57.166843] pimreg: entered allmulticast mode
[   57.194480] pimreg: entered allmulticast mode
[   57.211021] pimreg: left allmulticast mode
[   57.211311] pimreg: left allmulticast mode
[   57.211603] pimreg: left allmulticast mode
[   57.211924] pimreg: left allmulticast mode
[   57.212264] pimreg: left allmulticast mode
[   57.212572] pimreg: left allmulticast mode
[   57.212874] pimreg: left allmulticast mode
[   57.213188] pimreg: left allmulticast mode
[   57.213494] pimreg: left allmulticast mode
[   57.214213] pimreg: left allmulticast mode
[   57.229125] pimreg: entered allmulticast mode
[   57.262790] pimreg: entered allmulticast mode
[   57.293800] pimreg: entered allmulticast mode
[   57.306826] pimreg: entered allmulticast mode
[   57.336417] pimreg: entered allmulticast mode
[   57.343326] pimreg: left allmulticast mode
[   57.343679] pimreg: left allmulticast mode
[   57.343948] pimreg: left allmulticast mode
[   57.344257] pimreg: left allmulticast mode
[   57.353918] pimreg: entered allmulticast mode
[   57.385621] pimreg: entered allmulticast mode
[   57.414445] pimreg: entered allmulticast mode
[   57.434710] pimreg: entered allmulticast mode
[   57.454953] pimreg: entered allmulticast mode
[   57.482486] pimreg: entered allmulticast mode
[   57.514293] pimreg: left allmulticast mode
[   57.514628] pimreg: left allmulticast mode
[   57.514910] pimreg: left allmulticast mode
[   57.515165] pimreg: left allmulticast mode
[   57.515428] pimreg: left allmulticast mode
[   57.517333] pimreg: left allmulticast mode
[   57.528363] pimreg: entered allmulticast mode
[   57.553135] pimreg: entered allmulticast mode
[   57.581898] pimreg: entered allmulticast mode
[   57.606572] pimreg: entered allmulticast mode
[   57.638782] pimreg: entered allmulticast mode
[   57.666674] pimreg: entered allmulticast mode
[   57.698454] pimreg: entered allmulticast mode
[   57.714282] pimreg: left allmulticast mode
[   57.714614] pimreg: left allmulticast mode
[   57.714895] pimreg: left allmulticast mode
[   57.715154] pimreg: left allmulticast mode
[   57.715459] pimreg: left allmulticast mode
[   57.716200] pimreg: left allmulticast mode
[   57.716538] pimreg: left allmulticast mode
[   57.729273] pimreg: entered allmulticast mode
[   57.762275] pimreg: entered allmulticast mode
[   57.788439] pimreg: entered allmulticast mode
[   57.815198] pimreg: entered allmulticast mode
[   57.834562] pimreg: entered allmulticast mode
[   57.854837] pimreg: entered allmulticast mode
[   57.874543] pimreg: entered allmulticast mode
[   57.894324] pimreg: entered allmulticast mode
[   57.903460] pimreg: left allmulticast mode
[   57.903846] pimreg: left allmulticast mode
[   57.904171] pimreg: left allmulticast mode
[   57.904481] pimreg: left allmulticast mode
[   57.904808] pimreg: left allmulticast mode
[   57.905122] pimreg: left allmulticast mode
[   57.905428] pimreg: left allmulticast mode
[   57.905804] pimreg: left allmulticast mode
[   57.919241] pimreg: entered allmulticast mode
[   57.951016] pimreg: entered allmulticast mode
[   57.973171] pimreg: entered allmulticast mode
[   57.994441] pimreg: entered allmulticast mode
[   58.018344] pimreg: entered allmulticast mode
[   58.054323] pimreg: entered allmulticast mode
[   58.082337] pimreg: entered allmulticast mode
[   58.114698] pimreg: entered allmulticast mode
[   58.138401] pimreg: entered allmulticast mode
[   58.142868] pimreg: left allmulticast mode
[   58.143250] pimreg: left allmulticast mode
[   58.144169] pimreg: left allmulticast mode
[   58.144519] pimreg: left allmulticast mode
[   58.144843] pimreg: left allmulticast mode
[   58.145144] pimreg: left allmulticast mode
[   58.145439] pimreg: left allmulticast mode
[   58.146182] pimreg: left allmulticast mode
[   58.146513] pimreg: left allmulticast mode
[   58.162262] pimreg: entered allmulticast mode
[   58.183975] pimreg: entered allmulticast mode
[   58.210538] pimreg: entered allmulticast mode
[   58.223483] pimreg: entered allmulticast mode
[   58.238105] pimreg: entered allmulticast mode
[   58.258438] pimreg: entered allmulticast mode
[   58.285721] pimreg: entered allmulticast mode
[   58.298646] pimreg: left allmulticast mode
[   58.298985] pimreg: left allmulticast mode
[   58.299246] pimreg: left allmulticast mode
[   58.299502] pimreg: left allmulticast mode
[   58.299832] pimreg: left allmulticast mode
[   58.300158] pimreg: left allmulticast mode
[   58.300477] pimreg: left allmulticast mode
[   58.313362] pimreg: entered allmulticast mode
[   58.354784] pimreg: entered allmulticast mode
[   58.384010] pimreg: entered allmulticast mode
[   58.411491] pimreg: entered allmulticast mode
[   58.435379] pimreg: entered allmulticast mode
[   58.466716] pimreg: entered allmulticast mode
[   58.490559] pimreg: left allmulticast mode
[   58.490932] pimreg: left allmulticast mode
[   58.491202] pimreg: left allmulticast mode
[   58.491467] pimreg: left allmulticast mode
[   58.492333] pimreg: left allmulticast mode
[   58.492724] pimreg: left allmulticast mode
[   58.503632] pimreg: entered allmulticast mode
[   58.530880] pimreg: entered allmulticast mode
[   58.553948] pimreg: entered allmulticast mode
[   58.567192] pimreg: entered allmulticast mode
[   58.598340] pimreg: entered allmulticast mode
[   58.623288] pimreg: left allmulticast mode
[   58.624179] pimreg: left allmulticast mode
[   58.624572] pimreg: left allmulticast mode
[   58.624929] pimreg: left allmulticast mode
[   58.625252] pimreg: left allmulticast mode
[   58.636948] pimreg: entered allmulticast mode
[   58.678621] pimreg: entered allmulticast mode
[   58.698011] pimreg: entered allmulticast mode
[   58.722481] pimreg: entered allmulticast mode
[   58.754246] pimreg: entered allmulticast mode
[   58.778378] pimreg: entered allmulticast mode
[   58.802626] pimreg: left allmulticast mode
[   58.802999] pimreg: left allmulticast mode
[   58.803316] pimreg: left allmulticast mode
[   58.803637] pimreg: left allmulticast mode
[   58.803964] pimreg: left allmulticast mode
[   58.804274] pimreg: left allmulticast mode
[   58.816384] pimreg: entered allmulticast mode
[   58.849729] pimreg: entered allmulticast mode
[   58.875896] pimreg: entered allmulticast mode
[   58.906331] pimreg: entered allmulticast mode
[   58.918590] pimreg: entered allmulticast mode
[   58.938583] pimreg: left allmulticast mode
[   58.938939] pimreg: left allmulticast mode
[   58.939200] pimreg: left allmulticast mode
[   58.939456] pimreg: left allmulticast mode
[   58.940229] pimreg: left allmulticast mode
[   58.951285] pimreg: entered allmulticast mode
[   58.987287] pimreg: entered allmulticast mode
[   59.011519] pimreg: entered allmulticast mode
[   59.038133] pimreg: entered allmulticast mode
[   59.061963] pimreg: entered allmulticast mode
[   59.086646] pimreg: left allmulticast mode
[   59.087023] pimreg: left allmulticast mode
[   59.088135] pimreg: left allmulticast mode
[   59.088489] pimreg: left allmulticast mode
[   59.088835] pimreg: left allmulticast mode
[   59.098987] pimreg: entered allmulticast mode
[   59.134168] pimreg: entered allmulticast mode
[   59.159341] pimreg: entered allmulticast mode
[   59.178818] pimreg: entered allmulticast mode
[   59.199093] pimreg: entered allmulticast mode
[   59.218772] pimreg: entered allmulticast mode
[   59.242586] pimreg: left allmulticast mode
[   59.243023] pimreg: left allmulticast mode
[   59.243364] pimreg: left allmulticast mode
[   59.243689] pimreg: left allmulticast mode
[   59.244976] pimreg: left allmulticast mode
[   59.245344] pimreg: left allmulticast mode
[   59.257086] pimreg: entered allmulticast mode
[   59.295911] pimreg: entered allmulticast mode
[   59.311675] pimreg: entered allmulticast mode
[   59.330599] pimreg: entered allmulticast mode
[   59.359007] pimreg: entered allmulticast mode
[   59.382771] pimreg: entered allmulticast mode
[   59.402636] pimreg: entered allmulticast mode
[   59.438819] pimreg: left allmulticast mode
[   59.439182] pimreg: left allmulticast mode
[   59.439504] pimreg: left allmulticast mode
[   59.439825] pimreg: left allmulticast mode
[   59.440137] pimreg: left allmulticast mode
[   59.441044] pimreg: left allmulticast mode
[   59.441385] pimreg: left allmulticast mode
[   59.455277] pimreg: entered allmulticast mode
[   59.474320] pimreg: entered allmulticast mode
[   59.502151] pimreg: entered allmulticast mode
[   59.522122] pimreg: entered allmulticast mode
[   59.546765] pimreg: entered allmulticast mode
[   59.562829] pimreg: entered allmulticast mode
[   59.586281] pimreg: entered allmulticast mode
[   59.610958] pimreg: entered allmulticast mode
[   59.618981] pimreg: left allmulticast mode
[   59.619292] pimreg: left allmulticast mode
[   59.619562] pimreg: left allmulticast mode
[   59.619877] pimreg: left allmulticast mode
[   59.620198] pimreg: left allmulticast mode
[   59.620525] pimreg: left allmulticast mode
[   59.620844] pimreg: left allmulticast mode
[   59.621150] pimreg: left allmulticast mode
[   59.621468] pimreg: left allmulticast mode
[   59.636438] pimreg: entered allmulticast mode
[   59.657177] pimreg: entered allmulticast mode
[   59.680447] pimreg: entered allmulticast mode
[   59.698982] pimreg: entered allmulticast mode
[   59.738254] pimreg: entered allmulticast mode
[   59.766601] pimreg: entered allmulticast mode
[   59.798284] pimreg: entered allmulticast mode
[   59.826691] pimreg: entered allmulticast mode
[   59.866460] pimreg: entered allmulticast mode
[   59.887211] pimreg: entered allmulticast mode
[   59.890593] pimreg: left allmulticast mode
[   59.890967] pimreg: left allmulticast mode
[   59.891225] pimreg: left allmulticast mode
[   59.891483] pimreg: left allmulticast mode
[   59.891798] pimreg: left allmulticast mode
[   59.892124] pimreg: left allmulticast mode
[   59.892425] pimreg: left allmulticast mode
[   59.892758] pimreg: left allmulticast mode
[   59.907256] pimreg: entered allmulticast mode
[   59.934397] pimreg: entered allmulticast mode
[   59.956935] pimreg: entered allmulticast mode
[   59.979735] pimreg: entered allmulticast mode
[   60.002662] pimreg: entered allmulticast mode
[   60.018591] pimreg: entered allmulticast mode
[   60.038380] pimreg: entered allmulticast mode
[   60.059272] pimreg: entered allmulticast mode
[   60.074618] pimreg: left allmulticast mode
[   60.075002] pimreg: left allmulticast mode
[   60.075279] pimreg: left allmulticast mode
[   60.075540] pimreg: left allmulticast mode
[   60.075920] pimreg: left allmulticast mode
[   60.077345] pimreg: left allmulticast mode
[   60.077763] pimreg: left allmulticast mode
[   60.078110] pimreg: left allmulticast mode
[   60.078410] pimreg: left allmulticast mode
[   60.093994] pimreg: entered allmulticast mode
[   60.129273] pimreg: entered allmulticast mode
[   60.152702] pimreg: entered allmulticast mode
[   60.176368] pimreg: entered allmulticast mode
[   60.211015] pimreg: entered allmulticast mode
[   60.234708] pimreg: entered allmulticast mode
[   60.254260] pimreg: entered allmulticast mode
[   60.279092] pimreg: entered allmulticast mode
[   60.302626] pimreg: left allmulticast mode
[   60.302991] pimreg: left allmulticast mode
[   60.303860] pimreg: left allmulticast mode
[   60.304166] pimreg: left allmulticast mode
[   60.304428] pimreg: left allmulticast mode
[   60.304693] pimreg: left allmulticast mode
[   60.304997] pimreg: left allmulticast mode
[   60.305308] pimreg: left allmulticast mode
[   60.320188] pimreg: entered allmulticast mode
[   60.335914] pimreg: entered allmulticast mode
[   60.358885] pimreg: entered allmulticast mode
